age,job,marital,education,default,balance,housing,loan,contact,campaign,previous,poutcome,y
36,admin.,married,secondary,no,3567,yes,no,unknown,1,0,unknown,0
58,retired,married,unknown,no,2285,no,no,unknown,2,0,other,0
34,blue-collar,married,tertiary,no,4391,yes,no,cellular,6,2,failure,0
47,admin.,divorced,unknown,yes,856,no,no,cellular,3,0,unknown,0
42,self-employed,married,secondary,no,-553,yes,no,unknown,2,0,unknown,1
33,management,single,tertiary,no,694,yes,no,cellular,8,0,unknown,0
59,technician,married,unknown,no,1787,no,no,cellular,3,1,unknown,0
48,retired,married,primary,no,5512,no,no,cellular,1,0,unknown,0
36,admin.,married,tertiary,no,15,yes,no,unknown,2,0,unknown,0
39,blue-collar,married,tertiary,no,828,no,no,cellular,3,0,success,0
41,technician,married,secondary,no,228,no,no,cellular,2,0,unknown,0
38,technician,married,secondary,no,88,no,no,cellular,1,0,unknown,0
52,technician,single,tertiary,no,2177,no,no,cellular,6,0,unknown,0
46,blue-collar,married,tertiary,no,780,no,no,telephone,2,0,unknown,0
34,blue-collar,single,secondary,no,351,no,no,unknown,2,0,unknown,0
42,services,divorced,secondary,no,451,yes,no,cellular,1,0,failure,0
34,student,married,secondary,no,751,no,no,cellular,4,0,unknown,0
44,management,single,secondary,no,2285,yes,no,unknown,4,0,unknown,0
39,entrepreneur,married,secondary,no,1767,no,no,cellular,4,1,unknown,1
31,management,single,tertiary,no,623,yes,no,unknown,2,0,unknown,0
43,blue-collar,divorced,primary,no,64,yes,no,unknown,4,0,other,0
27,services,single,tertiary,no,10205,yes,no,cellular,2,0,unknown,0
59,admin.,married,tertiary,no,2231,yes,no,cellular,2,2,other,0
35,management,married,primary,no,203,no,no,unknown,4,2,failure,0
38,blue-collar,married,secondary,no,846,yes,yes,cellular,3,0,unknown,0
42,blue-collar,married,secondary,no,15036,no,no,cellular,1,0,unknown,0
49,entrepreneur,married,tertiary,no,400,no,no,unknown,13,1,failure,0
49,management,single,primary,no,3695,no,yes,cellular,3,0,unknown,0
46,management,married,tertiary,no,641,no,no,unknown,3,0,unknown,0
50,admin.,married,secondary,no,5435,no,no,cellular,1,0,unknown,0
42,retired,married,tertiary,no,55,yes,no,cellular,2,0,unknown,0
57,blue-collar,divorced,secondary,no,369,yes,no,cellular,9,2,failure,0
44,blue-collar,married,secondary,no,2443,no,no,cellular,5,0,unknown,0
33,technician,married,tertiary,no,705,no,no,cellular,1,0,unknown,0
41,management,single,tertiary,no,220,no,no,cellular,2,1,failure,1
46,technician,married,secondary,no,8897,yes,no,cellular,3,0,unknown,0
57,blue-collar,divorced,primary,no,3564,yes,yes,unknown,2,2,unknown,0
43,technician,single,tertiary,no,475,yes,no,cellular,3,0,unknown,1
48,retired,married,secondary,no,1553,yes,no,cellular,1,0,unknown,0
36,retired,single,secondary,no,197,no,no,cellular,3,0,unknown,0
52,blue-collar,married,secondary,no,518,no,no,cellular,3,0,unknown,0
27,blue-collar,married,tertiary,yes,3989,yes,no,cellular,2,0,unknown,0
28,technician,single,secondary,no,148,yes,no,cellular,6,0,unknown,0
32,unemployed,married,tertiary,no,60,yes,no,unknown,2,1,failure,0
49,admin.,divorced,secondary,no,0,yes,no,unknown,7,0,unknown,0
55,retired,single,tertiary,no,3336,no,no,cellular,1,0,unknown,1
44,entrepreneur,married,secondary,no,-27,yes,no,cellular,1,2,unknown,0
54,retired,married,tertiary,no,665,yes,no,cellular,1,2,unknown,0
45,services,single,primary,no,0,yes,no,cellular,1,1,unknown,0
53,student,married,secondary,no,1924,no,no,cellular,1,0,unknown,0
44,unemployed,divorced,primary,no,12563,yes,no,unknown,3,0,unknown,0
48,blue-collar,divorced,secondary,no,6997,yes,yes,unknown,7,0,unknown,0
34,technician,married,secondary,no,106,no,no,unknown,5,0,unknown,0
54,technician,divorced,primary,no,1489,yes,yes,unknown,2,0,unknown,0
36,technician,single,unknown,no,1840,no,no,telephone,2,0,unknown,0
37,management,single,secondary,yes,445,no,yes,telephone,3,0,unknown,1
70,management,married,secondary,no,6639,yes,no,unknown,10,0,unknown,0
54,blue-collar,divorced,secondary,no,132,no,no,cellular,8,0,unknown,0
34,management,married,secondary,no,6101,yes,no,unknown,4,0,unknown,0
47,management,married,secondary,no,260,no,yes,cellular,2,0,unknown,0
27,admin.,single,primary,no,3170,yes,yes,cellular,1,0,unknown,1
48,management,married,secondary,no,485,yes,no,cellular,2,0,unknown,0
34,management,married,primary,no,-402,yes,no,cellular,3,0,unknown,0
30,management,single,primary,no,991,no,no,unknown,3,0,unknown,0
58,technician,married,secondary,no,27100,yes,yes,cellular,1,0,unknown,0
26,blue-collar,married,primary,no,43,yes,no,cellular,2,0,unknown,0
40,management,married,primary,no,-224,yes,yes,unknown,2,0,unknown,0
57,housemaid,single,tertiary,no,9144,yes,no,unknown,1,0,unknown,0
29,management,married,secondary,no,174,no,no,cellular,1,0,unknown,0
32,management,married,secondary,yes,2,no,no,cellular,1,0,unknown,0
59,management,married,secondary,no,0,yes,no,cellular,3,0,unknown,0
46,technician,married,tertiary,no,809,no,no,unknown,2,0,unknown,0
30,management,married,secondary,no,838,no,no,cellular,2,0,unknown,0
38,blue-collar,single,primary,no,11355,yes,no,cellular,1,0,unknown,0
57,management,married,tertiary,no,1429,no,no,unknown,2,0,unknown,0
30,admin.,single,secondary,no,-28,yes,yes,cellular,3,0,unknown,0
42,entrepreneur,single,secondary,no,4287,yes,no,cellular,2,0,unknown,0
60,blue-collar,married,secondary,no,2142,no,yes,telephone,1,0,unknown,0
33,admin.,married,secondary,no,1831,yes,no,unknown,1,0,unknown,1
55,retired,married,secondary,no,-530,yes,yes,cellular,12,0,unknown,0
51,blue-collar,married,tertiary,no,3177,no,no,unknown,4,0,failure,0
36,technician,married,tertiary,no,1160,no,no,cellular,6,0,unknown,0
25,services,single,secondary,no,2,yes,no,cellular,1,0,unknown,1
36,management,married,primary,no,37,no,no,cellular,1,0,other,0
44,self-employed,married,secondary,no,127,yes,no,unknown,3,0,unknown,0
29,management,single,tertiary,no,1328,yes,no,cellular,1,0,unknown,0
44,technician,single,tertiary,no,7187,no,yes,cellular,4,0,unknown,0
33,management,married,tertiary,no,1458,no,no,unknown,3,0,unknown,1
34,technician,divorced,tertiary,no,518,yes,no,unknown,1,0,unknown,1
59,blue-collar,married,secondary,no,21379,yes,no,unknown,1,0,unknown,0
33,blue-collar,single,secondary,no,7163,yes,no,cellular,2,0,unknown,0
37,technician,married,secondary,no,588,no,no,unknown,6,0,unknown,0
23,blue-collar,married,secondary,no,213,no,no,unknown,3,0,other,0
37,technician,married,secondary,no,6884,yes,no,cellular,2,4,failure,0
40,entrepreneur,married,primary,no,4,no,no,cellular,3,0,unknown,1
32,unknown,single,secondary,no,4541,yes,no,unknown,2,0,unknown,0
57,admin.,married,primary,no,-406,yes,no,unknown,3,0,unknown,0
30,technician,single,tertiary,yes,321,yes,no,cellular,1,0,unknown,0
41,management,married,secondary,no,3846,yes,no,telephone,1,0,unknown,0
32,admin.,single,secondary,yes,206,yes,no,cellular,1,0,unknown,0
56,blue-collar,married,secondary,no,832,yes,no,cellular,3,0,unknown,0
59,blue-collar,married,secondary,no,1101,no,yes,unknown,3,0,unknown,0
52,admin.,divorced,tertiary,no,985,no,no,cellular,2,0,unknown,0
40,services,married,tertiary,no,990,yes,yes,cellular,1,1,unknown,0
40,blue-collar,married,tertiary,no,92,no,yes,cellular,8,0,unknown,1
45,management,married,secondary,no,4107,no,no,cellular,1,0,unknown,1
31,management,married,secondary,no,1910,no,no,cellular,12,0,unknown,0
36,blue-collar,married,secondary,no,-241,no,no,unknown,2,0,unknown,0
38,technician,married,secondary,no,3,no,no,cellular,2,0,unknown,0
38,management,married,tertiary,yes,10,no,no,cellular,2,0,unknown,0
52,technician,married,tertiary,no,1910,no,no,cellular,1,0,unknown,0
34,management,single,secondary,no,340,no,no,cellular,2,0,unknown,0
66,blue-collar,married,tertiary,no,556,no,no,cellular,11,0,other,0
34,admin.,single,primary,no,0,yes,yes,cellular,1,0,unknown,0
44,blue-collar,single,secondary,no,-123,yes,no,cellular,2,0,unknown,0
55,blue-collar,divorced,secondary,no,51,no,no,unknown,1,0,unknown,0
26,technician,single,tertiary,no,-330,no,no,cellular,3,0,unknown,0
30,housemaid,single,secondary,no,914,no,no,unknown,2,0,unknown,0
58,management,divorced,secondary,no,2003,no,no,cellular,7,0,unknown,0
57,admin.,divorced,tertiary,no,-27,yes,yes,unknown,1,0,unknown,0
33,technician,married,unknown,no,3401,yes,no,cellular,1,0,unknown,0
36,unemployed,single,secondary,no,3058,no,yes,unknown,3,0,unknown,0
44,blue-collar,divorced,primary,no,4838,no,yes,cellular,1,0,unknown,0
49,management,single,secondary,no,480,yes,no,unknown,3,0,unknown,0
44,technician,married,tertiary,no,-110,no,no,cellular,2,0,unknown,0
52,management,single,tertiary,no,196,no,no,unknown,1,0,unknown,0
50,technician,married,secondary,no,3726,yes,yes,telephone,2,0,unknown,0
52,housemaid,married,secondary,no,2146,yes,no,cellular,1,0,unknown,0
39,unemployed,married,tertiary,no,622,no,yes,cellular,2,0,unknown,0
43,management,divorced,secondary,no,810,yes,no,unknown,3,0,unknown,1
37,blue-collar,married,tertiary,no,22,yes,no,unknown,2,0,unknown,1
31,blue-collar,single,secondary,no,641,yes,yes,cellular,2,0,unknown,0
35,unknown,single,secondary,no,119,no,no,cellular,2,0,unknown,0
35,management,single,secondary,no,4,yes,no,cellular,4,0,unknown,0
38,unknown,married,tertiary,no,101,yes,no,unknown,6,0,unknown,0
42,technician,married,tertiary,no,1883,yes,no,cellular,1,4,unknown,0
45,technician,married,unknown,no,4416,yes,no,cellular,5,0,unknown,0
41,management,divorced,secondary,no,0,yes,no,unknown,2,0,unknown,0
28,blue-collar,single,unknown,no,3549,no,no,cellular,1,0,unknown,0
54,blue-collar,married,primary,no,1783,yes,no,cellular,2,0,unknown,0
25,management,married,primary,no,2269,yes,no,cellular,1,0,other,0
54,technician,married,unknown,no,3294,yes,no,unknown,2,0,other,0
52,entrepreneur,married,secondary,no,399,yes,yes,cellular,1,2,other,1
41,management,single,secondary,no,-138,no,yes,unknown,2,0,unknown,0
46,admin.,married,primary,no,2339,no,no,cellular,1,0,unknown,0
46,entrepreneur,single,unknown,no,2519,no,yes,cellular,1,1,failure,0
40,management,married,secondary,no,3,no,no,cellular,2,2,failure,0
38,admin.,married,secondary,no,0,yes,no,telephone,1,0,failure,1
30,management,married,secondary,no,2618,yes,yes,unknown,4,0,unknown,1
49,management,married,tertiary,no,22,no,no,cellular,3,0,unknown,0
40,management,single,secondary,no,1841,yes,no,cellular,1,0,unknown,0
30,blue-collar,married,secondary,no,0,yes,no,cellular,2,0,unknown,1
30,management,married,primary,no,-37,no,no,unknown,3,0,unknown,0
28,technician,single,secondary,no,0,yes,no,unknown,2,0,unknown,0
44,admin.,married,secondary,no,998,no,yes,cellular,1,0,unknown,0
48,management,single,secondary,no,301,no,no,unknown,3,0,unknown,0
52,blue-collar,divorced,primary,no,1788,no,no,unknown,2,0,unknown,0
43,management,married,tertiary,yes,625,yes,no,cellular,2,0,unknown,0
37,technician,married,secondary,no,1,yes,no,cellular,1,0,unknown,0
37,blue-collar,single,secondary,no,0,no,no,cellular,2,0,unknown,0
47,housemaid,married,secondary,no,114,yes,no,unknown,2,0,unknown,0
52,technician,married,primary,no,420,yes,yes,cellular,3,0,unknown,0
34,admin.,single,secondary,no,2248,no,no,cellular,3,0,unknown,0
33,management,married,secondary,no,5055,yes,no,unknown,1,0,unknown,0
27,housemaid,single,tertiary,no,7522,no,no,cellular,2,0,unknown,0
53,management,married,primary,no,475,yes,yes,cellular,1,0,unknown,0
41,admin.,married,secondary,no,1,yes,no,cellular,2,0,unknown,0
53,management,married,secondary,no,3706,yes,yes,unknown,2,0,unknown,0
59,technician,married,unknown,no,1179,no,no,cellular,7,0,failure,1
35,management,single,tertiary,no,2358,yes,yes,cellular,1,0,unknown,0
52,blue-collar,divorced,tertiary,no,9,yes,no,cellular,1,0,unknown,0
36,admin.,divorced,secondary,no,5239,no,no,cellular,1,0,unknown,0
34,technician,single,primary,no,50,no,no,telephone,1,3,unknown,0
38,technician,married,secondary,no,1244,yes,no,cellular,3,0,unknown,0
57,unemployed,married,unknown,no,852,no,no,cellular,2,0,unknown,0
56,management,married,secondary,no,522,yes,no,cellular,3,0,unknown,0
26,management,single,tertiary,no,177,no,no,cellular,2,0,unknown,0
36,blue-collar,divorced,tertiary,no,666,yes,no,cellular,3,0,unknown,0
31,management,married,secondary,no,5092,no,no,cellular,1,2,failure,0
40,management,married,secondary,no,102,yes,no,unknown,1,0,unknown,0
26,technician,married,secondary,no,0,no,no,cellular,2,0,unknown,0
42,student,married,primary,no,10811,yes,no,unknown,2,0,unknown,0
31,housemaid,married,secondary,no,-191,yes,no,cellular,1,0,unknown,0
37,technician,single,secondary,no,0,no,no,cellular,2,0,unknown,0
38,management,single,secondary,no,8023,yes,no,cellular,1,0,unknown,0
33,admin.,married,secondary,no,299,yes,no,cellular,1,1,success,0
33,admin.,married,secondary,no,149,yes,yes,unknown,2,0,unknown,0
60,admin.,married,secondary,no,3333,no,no,cellular,2,0,unknown,0
36,technician,married,tertiary,yes,33,no,no,unknown,3,0,unknown,1
49,blue-collar,married,secondary,no,4852,yes,no,cellular,1,1,success,0
46,services,married,tertiary,no,64,no,no,cellular,2,0,unknown,0
32,admin.,married,secondary,no,301,yes,no,unknown,2,0,unknown,0
42,management,divorced,secondary,no,5959,yes,no,unknown,1,0,unknown,0
50,technician,married,tertiary,no,0,yes,no,cellular,2,2,unknown,0
34,admin.,single,secondary,no,42,no,no,cellular,2,0,success,0
32,management,married,tertiary,no,40591,no,no,cellular,1,0,unknown,0
52,management,married,tertiary,no,1698,yes,no,cellular,2,0,unknown,1
28,services,single,secondary,no,2205,no,no,cellular,1,0,failure,0
32,technician,married,primary,no,817,yes,yes,cellular,2,2,unknown,0
32,technician,divorced,tertiary,no,1935,yes,no,cellular,7,0,unknown,0
51,blue-collar,married,secondary,no,39,yes,no,cellular,7,0,unknown,1
57,services,divorced,tertiary,no,1948,no,no,cellular,1,0,unknown,1
48,admin.,single,primary,no,287,no,no,unknown,2,0,unknown,0
42,technician,married,primary,no,-331,yes,yes,cellular,2,0,unknown,1
51,management,married,secondary,no,98,no,no,cellular,8,1,unknown,0
59,blue-collar,married,secondary,no,851,yes,no,cellular,2,0,unknown,0
38,management,married,secondary,no,0,yes,no,unknown,4,0,unknown,0
59,blue-collar,divorced,tertiary,no,0,no,no,cellular,1,0,unknown,0
31,retired,single,secondary,no,855,yes,no,cellular,2,0,unknown,0
53,blue-collar,married,primary,no,440,yes,no,cellular,1,0,unknown,0
25,technician,single,secondary,no,10670,yes,yes,unknown,1,0,unknown,0
52,blue-collar,divorced,tertiary,no,0,yes,no,telephone,3,0,unknown,1
46,blue-collar,single,tertiary,no,959,yes,no,cellular,3,0,unknown,0
50,retired,married,secondary,no,751,yes,no,cellular,1,0,unknown,0
47,unemployed,single,tertiary,no,1765,no,yes,cellular,1,0,unknown,0
64,admin.,married,primary,no,691,no,no,unknown,6,0,unknown,0
35,admin.,single,secondary,no,334,yes,yes,telephone,4,0,unknown,0
56,services,married,secondary,no,-3,yes,no,unknown,2,0,unknown,0
47,management,single,tertiary,no,255,no,no,cellular,2,0,unknown,1
33,technician,married,tertiary,no,-256,no,no,telephone,1,0,unknown,0
38,blue-collar,married,primary,no,630,yes,no,unknown,2,0,unknown,0
32,technician,single,unknown,no,0,no,yes,cellular,1,0,unknown,0
39,self-employed,single,tertiary,no,7289,no,no,cellular,2,0,unknown,0
43,technician,married,tertiary,no,353,yes,yes,unknown,6,0,unknown,0
35,technician,married,unknown,no,174,yes,no,cellular,4,0,unknown,0
42,entrepreneur,married,tertiary,no,2,no,yes,cellular,2,0,unknown,0
38,technician,married,secondary,no,22368,no,no,telephone,4,0,unknown,0
23,admin.,married,tertiary,no,832,yes,no,cellular,1,0,failure,0
30,blue-collar,married,tertiary,no,2122,no,no,cellular,2,1,unknown,0
32,management,married,secondary,no,305,no,no,unknown,2,0,unknown,0
35,services,married,unknown,no,79,no,no,cellular,1,0,unknown,0
50,services,married,secondary,no,0,no,no,unknown,8,0,unknown,1
25,self-employed,single,tertiary,no,14,no,no,cellular,7,0,unknown,0
50,housemaid,married,tertiary,no,0,yes,no,unknown,1,0,unknown,0
48,blue-collar,married,secondary,no,508,yes,no,telephone,5,1,unknown,0
40,technician,single,secondary,no,667,no,no,unknown,3,0,unknown,0
42,self-employed,married,secondary,no,1438,no,no,cellular,4,0,unknown,0
51,management,divorced,tertiary,no,493,no,no,cellular,1,0,unknown,0
30,management,married,tertiary,no,-402,no,yes,cellular,1,0,unknown,1
53,retired,married,tertiary,no,579,yes,no,telephone,2,3,failure,0
35,technician,married,tertiary,no,1146,yes,no,cellular,2,0,unknown,0
38,unemployed,divorced,tertiary,no,150,no,yes,unknown,4,0,unknown,0
42,technician,divorced,secondary,no,94,no,no,cellular,1,0,unknown,0
29,student,single,secondary,no,-286,yes,no,cellular,1,0,unknown,0
33,management,married,tertiary,no,1589,no,no,cellular,2,0,unknown,0
25,blue-collar,married,secondary,no,-495,yes,no,cellular,1,0,unknown,0
54,self-employed,divorced,primary,no,100,yes,no,unknown,2,0,unknown,0
56,technician,married,secondary,no,106,no,no,cellular,11,0,other,0
32,technician,married,tertiary,no,1099,no,no,cellular,1,0,failure,0
37,management,married,tertiary,no,222,no,no,telephone,1,0,unknown,0
27,unemployed,single,tertiary,no,7694,yes,no,cellular,5,0,unknown,0
50,housemaid,married,tertiary,no,168,yes,no,cellular,1,1,failure,0
48,technician,single,secondary,no,164,yes,yes,cellular,3,0,unknown,0
40,admin.,married,secondary,no,431,yes,no,unknown,3,0,unknown,1
33,blue-collar,single,secondary,no,10,yes,no,cellular,1,0,unknown,0
32,management,married,secondary,no,-107,yes,no,unknown,14,0,unknown,0
36,blue-collar,single,tertiary,no,-305,yes,no,cellular,2,1,failure,0
53,housemaid,married,tertiary,no,680,no,no,cellular,1,0,unknown,1
52,blue-collar,married,tertiary,no,5067,yes,no,cellular,1,0,unknown,1
32,management,married,primary,no,1309,yes,no,cellular,1,0,unknown,0
46,blue-collar,married,tertiary,yes,1859,no,no,cellular,1,0,unknown,0
43,technician,married,unknown,no,1,yes,no,cellular,2,0,unknown,0
45,technician,divorced,secondary,no,1667,yes,no,cellular,2,0,unknown,0
43,admin.,divorced,tertiary,no,5071,yes,no,unknown,2,0,unknown,0
66,blue-collar,married,tertiary,no,9146,yes,no,cellular,2,0,other,0
56,admin.,single,tertiary,no,0,no,no,unknown,1,0,unknown,0
51,management,divorced,secondary,no,2880,yes,no,telephone,1,0,unknown,1
31,technician,married,secondary,no,291,no,yes,cellular,2,0,unknown,0
48,entrepreneur,married,secondary,no,1352,yes,no,cellular,1,0,unknown,0
51,management,married,tertiary,no,1427,no,no,cellular,6,0,unknown,0
46,management,single,primary,no,1412,no,no,unknown,1,0,unknown,1
30,unknown,single,tertiary,no,12,no,yes,telephone,2,0,unknown,0
33,management,single,secondary,no,72,no,no,unknown,1,0,failure,0
44,services,married,primary,no,2380,no,no,cellular,11,0,unknown,0
43,management,married,secondary,no,94,yes,yes,cellular,3,0,unknown,0
33,entrepreneur,married,secondary,no,2,no,yes,telephone,1,0,unknown,0
64,admin.,married,primary,no,695,yes,yes,unknown,2,0,unknown,0
72,management,married,tertiary,no,1527,yes,no,cellular,2,0,unknown,1
36,blue-collar,single,tertiary,no,2197,yes,no,cellular,3,1,failure,0
36,unemployed,married,secondary,no,0,no,no,cellular,1,0,unknown,0
29,technician,single,secondary,no,179,no,no,cellular,1,0,success,0
34,blue-collar,single,secondary,no,-140,yes,no,cellular,1,0,unknown,0
51,management,married,secondary,no,442,no,no,unknown,4,0,unknown,0
48,admin.,married,secondary,no,0,yes,no,unknown,1,0,unknown,0
27,management,single,tertiary,no,897,yes,no,unknown,2,0,unknown,1
49,blue-collar,married,primary,no,61,no,no,cellular,2,0,unknown,0
51,blue-collar,married,secondary,yes,3103,yes,no,cellular,4,0,unknown,0
36,services,married,secondary,no,681,no,no,cellular,2,0,other,1
53,management,married,tertiary,no,0,no,no,cellular,2,0,failure,0
58,self-employed,married,primary,no,-162,yes,yes,cellular,7,0,unknown,0
56,retired,married,tertiary,no,4195,no,no,cellular,1,0,unknown,0
55,blue-collar,single,secondary,no,204,yes,no,cellular,1,1,failure,0
34,blue-collar,married,secondary,no,-251,yes,no,cellular,1,0,unknown,0
40,blue-collar,married,tertiary,no,1881,yes,no,cellular,4,0,unknown,1
36,management,married,secondary,no,1945,yes,no,cellular,2,0,unknown,0
37,blue-collar,married,tertiary,no,302,no,no,cellular,1,0,unknown,0
25,management,single,tertiary,no,292,no,no,cellular,3,4,failure,0
35,admin.,divorced,secondary,no,151,yes,no,telephone,2,0,failure,0
35,blue-collar,single,secondary,no,7814,yes,no,unknown,2,0,failure,1
42,blue-collar,single,secondary,no,445,no,no,cellular,1,1,failure,1
27,technician,married,tertiary,no,12,yes,no,cellular,5,0,failure,0
56,retired,married,secondary,no,1959,yes,yes,cellular,4,1,unknown,0
48,management,married,secondary,no,2008,yes,no,unknown,6,0,failure,0
57,management,married,tertiary,no,-559,yes,no,cellular,32,0,unknown,0
32,management,single,unknown,no,1983,yes,no,cellular,2,0,other,1
38,blue-collar,married,primary,no,5281,yes,no,unknown,2,0,failure,0
59,admin.,married,primary,no,4613,no,no,cellular,3,0,unknown,0
27,entrepreneur,married,primary,no,71,yes,no,cellular,3,0,unknown,0
30,retired,married,secondary,no,1702,no,no,cellular,3,0,unknown,0
52,technician,married,secondary,no,0,no,no,cellular,6,0,unknown,0
40,management,divorced,tertiary,no,-103,yes,no,cellular,8,0,unknown,0
44,management,single,primary,no,188,yes,no,cellular,3,1,unknown,0
51,student,married,secondary,no,16,yes,no,cellular,4,0,unknown,0
48,management,married,primary,no,0,no,no,cellular,1,3,unknown,0
34,management,married,primary,no,146,no,no,cellular,2,0,unknown,0
51,retired,married,tertiary,no,43,yes,no,cellular,2,0,unknown,0
37,management,married,secondary,no,667,no,no,cellular,1,0,unknown,0
52,blue-collar,single,primary,no,117,yes,no,cellular,1,4,success,0
34,management,married,secondary,no,206,no,no,cellular,1,1,unknown,1
25,blue-collar,married,secondary,no,210,yes,no,unknown,3,0,failure,0
31,blue-collar,single,tertiary,no,344,yes,no,cellular,2,0,unknown,0
54,blue-collar,divorced,tertiary,no,134,no,no,unknown,1,0,unknown,0
28,management,single,secondary,no,1295,yes,yes,cellular,2,0,unknown,0
40,blue-collar,single,secondary,no,1532,no,no,unknown,3,1,unknown,0
52,housemaid,married,tertiary,no,-435,yes,yes,cellular,3,0,unknown,0
30,management,single,tertiary,no,1788,yes,no,cellular,2,0,other,1
43,admin.,married,secondary,no,552,no,no,unknown,6,0,unknown,0
40,retired,married,secondary,no,426,no,no,cellular,2,5,failure,1
42,self-employed,married,secondary,no,44,no,no,cellular,2,4,unknown,0
44,management,divorced,primary,no,9793,no,no,cellular,2,0,unknown,0
43,blue-collar,married,tertiary,no,198,yes,no,cellular,2,0,unknown,0
36,management,single,tertiary,no,0,yes,no,cellular,1,0,unknown,0
20,self-employed,single,tertiary,no,226,no,yes,cellular,12,0,unknown,1
32,blue-collar,single,tertiary,no,57,no,no,cellular,1,0,unknown,0
56,blue-collar,married,secondary,no,3163,yes,no,telephone,2,0,unknown,0
31,blue-collar,married,secondary,no,1160,yes,no,cellular,1,0,failure,0
44,blue-collar,single,tertiary,no,-242,no,no,cellular,1,0,success,0
36,management,married,tertiary,no,0,no,no,cellular,1,0,other,0
38,management,married,secondary,no,868,no,no,cellular,4,0,failure,0
72,technician,married,tertiary,no,749,no,no,cellular,3,0,unknown,0
32,management,single,secondary,no,0,no,yes,cellular,3,0,unknown,0
36,management,single,tertiary,no,1176,no,yes,cellular,1,0,unknown,0
46,management,married,secondary,no,0,yes,no,cellular,1,0,unknown,1
37,blue-collar,single,secondary,no,903,yes,no,cellular,6,0,unknown,0
55,management,married,secondary,no,187,no,yes,cellular,1,0,unknown,0
32,technician,single,tertiary,no,5677,yes,no,cellular,1,0,unknown,1
57,blue-collar,married,tertiary,no,1026,yes,no,unknown,1,0,failure,0
31,management,married,secondary,no,499,yes,no,cellular,2,0,unknown,0
35,self-employed,married,secondary,no,4287,yes,no,unknown,1,0,unknown,1
50,management,married,primary,no,0,yes,no,unknown,1,0,unknown,0
37,blue-collar,single,secondary,no,839,yes,no,unknown,2,0,failure,0
42,services,married,tertiary,no,3434,yes,no,unknown,1,2,success,0
34,management,single,tertiary,no,304,yes,no,unknown,4,0,other,0
45,admin.,married,secondary,no,1,yes,no,cellular,6,0,unknown,0
41,retired,married,secondary,no,133,yes,no,cellular,3,3,unknown,0
44,admin.,married,primary,no,407,no,yes,cellular,1,0,other,0
38,management,single,secondary,no,1116,yes,no,telephone,1,0,unknown,0
37,retired,married,secondary,no,1071,yes,no,cellular,2,0,failure,0
57,management,married,secondary,no,5042,no,no,unknown,1,0,failure,0
44,unemployed,married,tertiary,no,0,no,no,cellular,1,0,unknown,0
59,self-employed,divorced,tertiary,no,488,no,no,cellular,5,0,failure,0
75,management,married,secondary,no,-470,no,no,unknown,2,0,success,0
55,blue-collar,married,secondary,no,-331,yes,no,cellular,2,0,success,0
37,management,divorced,primary,no,0,yes,no,cellular,4,0,unknown,0
57,blue-collar,married,secondary,no,1145,yes,no,unknown,1,0,unknown,0
28,technician,married,secondary,no,0,yes,yes,cellular,3,1,unknown,0
47,management,married,tertiary,no,925,no,no,cellular,3,0,failure,0
60,management,married,primary,no,1188,yes,no,unknown,1,0,unknown,0
42,entrepreneur,married,tertiary,no,26,yes,no,cellular,1,2,unknown,0
57,admin.,divorced,primary,no,214,yes,no,telephone,4,0,unknown,1
56,blue-collar,married,tertiary,no,50,yes,no,cellular,2,0,unknown,0
28,services,married,tertiary,no,92,yes,no,telephone,2,0,unknown,0
47,management,married,secondary,no,664,no,no,cellular,4,2,unknown,0
33,blue-collar,single,secondary,no,-320,yes,no,cellular,3,0,other,0
41,blue-collar,married,primary,no,343,yes,no,cellular,3,0,unknown,0
59,blue-collar,married,secondary,no,260,yes,no,cellular,1,0,unknown,1
44,management,divorced,secondary,no,-353,yes,no,cellular,1,0,unknown,0
58,admin.,married,tertiary,no,889,yes,no,unknown,7,2,failure,0
39,management,divorced,secondary,no,727,yes,no,cellular,6,0,unknown,0
47,technician,married,tertiary,no,230,no,yes,cellular,2,0,unknown,0
28,admin.,married,secondary,no,-229,yes,no,unknown,3,0,unknown,0
33,blue-collar,single,secondary,no,0,yes,no,cellular,1,0,failure,0
49,blue-collar,married,secondary,no,1478,yes,no,cellular,4,0,unknown,0
44,technician,married,primary,no,592,no,no,cellular,10,0,unknown,0
56,admin.,single,tertiary,no,0,yes,no,cellular,2,0,unknown,0
39,admin.,married,secondary,no,123,no,no,cellular,4,0,unknown,0
40,management,single,secondary,no,1007,no,no,cellular,1,2,unknown,0
58,blue-collar,married,secondary,no,1752,no,yes,cellular,2,0,unknown,0
29,unemployed,single,tertiary,no,8263,yes,no,cellular,1,0,unknown,0
31,retired,married,secondary,no,808,no,no,unknown,2,0,unknown,0
31,management,married,tertiary,no,530,no,no,cellular,1,0,unknown,0
31,blue-collar,married,primary,no,83,yes,no,cellular,7,0,unknown,0
56,blue-collar,married,secondary,no,8636,yes,no,cellular,2,2,failure,0
32,management,single,primary,no,2926,yes,no,cellular,2,0,unknown,0
59,management,divorced,secondary,no,1049,no,no,unknown,1,0,unknown,0
47,management,married,secondary,no,1239,yes,no,unknown,2,0,unknown,0
48,blue-collar,married,tertiary,no,2424,no,no,cellular,1,1,unknown,1
53,technician,married,secondary,no,1257,no,no,cellular,2,0,unknown,0
33,housemaid,married,secondary,no,212,yes,no,unknown,3,0,unknown,1
31,blue-collar,married,secondary,no,261,no,no,unknown,2,0,unknown,0
34,services,married,tertiary,no,3250,no,no,unknown,1,0,unknown,0
41,entrepreneur,married,secondary,no,322,no,no,cellular,2,0,unknown,0
51,management,married,secondary,no,0,no,yes,unknown,5,0,unknown,0
48,blue-collar,married,primary,no,5,yes,no,cellular,2,0,other,0
38,blue-collar,married,tertiary,no,5778,yes,no,cellular,1,2,failure,0
37,unknown,married,tertiary,no,765,no,no,cellular,3,0,unknown,0
49,self-employed,divorced,primary,no,-297,yes,no,unknown,5,0,unknown,0
54,management,married,secondary,no,388,yes,no,unknown,4,0,unknown,0
26,blue-collar,single,primary,no,-280,yes,no,cellular,1,0,unknown,0
35,management,single,tertiary,no,4906,no,no,cellular,1,0,unknown,0
42,blue-collar,married,secondary,no,156,no,no,cellular,1,0,unknown,0
40,management,single,tertiary,no,1010,yes,no,cellular,4,2,failure,0
55,technician,divorced,secondary,no,1021,no,no,unknown,1,0,unknown,0
45,blue-collar,married,primary,no,220,yes,no,cellular,3,0,unknown,0
59,services,divorced,unknown,no,4380,yes,no,cellular,4,0,unknown,0
49,admin.,divorced,tertiary,no,1904,yes,no,cellular,1,3,failure,0
51,technician,married,tertiary,no,361,no,no,cellular,1,0,unknown,0
34,blue-collar,single,secondary,no,599,yes,no,cellular,1,0,unknown,0
52,admin.,married,primary,no,317,no,no,unknown,1,0,unknown,0
30,blue-collar,married,secondary,no,320,yes,no,cellular,4,0,success,0
50,management,married,tertiary,no,1406,yes,no,unknown,2,0,unknown,0
50,blue-collar,single,secondary,no,198,yes,no,cellular,2,0,unknown,0
40,blue-collar,single,secondary,no,1492,no,no,cellular,2,0,unknown,0
33,retired,married,secondary,no,2158,no,no,unknown,6,0,unknown,0
31,admin.,single,secondary,no,0,no,no,unknown,4,0,unknown,0
47,admin.,married,secondary,no,-31,no,no,cellular,1,0,unknown,0
28,blue-collar,single,secondary,no,21997,yes,no,cellular,8,0,unknown,0
59,technician,married,tertiary,no,1011,no,yes,cellular,1,0,unknown,0
37,student,married,primary,no,828,no,yes,cellular,3,0,unknown,0
37,student,married,secondary,no,235,yes,no,cellular,1,0,unknown,1
29,management,married,secondary,no,-6,yes,no,unknown,1,0,unknown,0
36,admin.,divorced,secondary,no,1905,no,no,unknown,2,0,unknown,0
38,management,married,tertiary,no,0,yes,no,unknown,1,0,unknown,0
50,management,married,secondary,no,-35,yes,no,unknown,7,0,unknown,0
48,management,married,secondary,no,3553,yes,no,cellular,2,0,unknown,0
51,services,divorced,secondary,no,642,yes,no,telephone,2,0,other,0
39,blue-collar,single,secondary,no,26969,yes,no,cellular,4,3,failure,0
59,services,married,secondary,no,199,yes,no,cellular,7,0,unknown,0
35,blue-collar,married,secondary,no,54,no,no,cellular,13,2,failure,0
30,services,married,secondary,no,-521,no,no,cellular,6,0,unknown,0
37,management,married,tertiary,no,221,no,no,cellular,3,1,unknown,0
36,management,married,secondary,no,-422,no,no,cellular,1,0,unknown,0
34,blue-collar,married,tertiary,no,-958,yes,no,telephone,2,0,unknown,0
35,blue-collar,married,tertiary,no,319,yes,yes,cellular,3,0,unknown,1
36,technician,single,secondary,no,1588,no,no,unknown,3,0,unknown,1
33,management,single,tertiary,no,0,no,yes,unknown,1,0,unknown,0
61,services,married,primary,no,3491,yes,no,cellular,1,0,unknown,0
47,blue-collar,married,primary,no,2,yes,no,unknown,3,0,unknown,0
57,management,divorced,tertiary,no,67,no,no,unknown,1,0,unknown,0
45,blue-collar,divorced,secondary,no,-28,yes,yes,unknown,2,0,unknown,0
34,management,married,primary,yes,0,no,no,cellular,3,0,unknown,0
41,technician,married,secondary,no,1479,yes,no,cellular,2,0,unknown,0
34,management,single,primary,no,477,no,yes,cellular,9,0,unknown,0
37,management,married,tertiary,no,-617,yes,no,cellular,1,0,unknown,0
35,blue-collar,married,secondary,no,483,no,no,telephone,2,0,unknown,0
62,services,married,secondary,no,6371,yes,no,unknown,2,0,unknown,1
35,management,married,secondary,no,969,yes,yes,cellular,1,0,failure,0
47,management,married,tertiary,no,37,no,yes,cellular,1,0,unknown,0
34,admin.,single,tertiary,no,2819,yes,no,telephone,2,0,unknown,1
32,management,married,unknown,no,1904,yes,no,cellular,1,1,other,0
32,self-employed,married,tertiary,no,61,yes,no,cellular,1,3,failure,0
34,management,married,secondary,no,0,yes,yes,unknown,1,0,failure,0
32,technician,married,secondary,no,25,yes,yes,cellular,3,0,unknown,0
26,housemaid,single,secondary,no,1321,no,no,cellular,2,2,other,0
32,technician,married,secondary,no,16,no,no,unknown,4,0,unknown,0
50,technician,single,secondary,no,2246,no,no,cellular,4,0,other,0
50,admin.,married,secondary,no,0,yes,no,unknown,3,0,unknown,0
50,blue-collar,married,secondary,no,1,yes,no,cellular,1,0,failure,0
47,services,married,secondary,no,6204,yes,no,unknown,2,0,unknown,0
40,self-employed,married,tertiary,no,119,yes,yes,cellular,3,0,unknown,0
49,services,married,secondary,no,666,yes,no,unknown,1,0,unknown,0
33,services,divorced,tertiary,no,4184,no,no,unknown,4,0,unknown,0
37,technician,married,tertiary,no,5522,yes,yes,cellular,1,0,failure,0
33,services,single,tertiary,no,475,no,no,cellular,2,0,unknown,0
31,housemaid,married,tertiary,no,1179,no,no,cellular,2,0,unknown,0
34,unknown,married,tertiary,no,78,no,no,cellular,5,0,unknown,1
50,management,married,tertiary,no,1129,yes,no,unknown,3,0,unknown,0
57,retired,married,tertiary,no,452,yes,yes,cellular,2,0,unknown,0
44,blue-collar,married,tertiary,no,279,yes,yes,unknown,2,0,unknown,1
43,admin.,single,tertiary,no,1164,yes,no,unknown,1,0,unknown,0
39,management,married,secondary,no,5,no,no,cellular,6,0,unknown,1
68,admin.,married,primary,no,353,yes,no,telephone,2,0,unknown,0
39,admin.,married,tertiary,no,304,yes,no,telephone,4,0,unknown,0
40,housemaid,divorced,secondary,no,-119,yes,no,unknown,1,0,unknown,0
43,management,married,secondary,no,781,no,no,cellular,1,1,failure,0
48,blue-collar,married,secondary,no,1326,yes,no,cellular,3,0,failure,1
28,management,married,secondary,no,37,yes,no,cellular,9,0,success,0
39,management,single,tertiary,no,942,yes,no,cellular,6,2,other,0
49,technician,married,tertiary,no,7734,yes,no,cellular,2,0,unknown,1
38,management,married,secondary,no,876,yes,no,cellular,2,0,unknown,0
38,entrepreneur,married,secondary,no,31,no,no,cellular,2,0,unknown,0
32,admin.,married,tertiary,yes,-605,yes,no,cellular,2,0,unknown,0
34,services,married,tertiary,no,209,no,yes,unknown,2,0,unknown,0
37,admin.,married,secondary,no,362,no,no,cellular,1,0,unknown,0
35,blue-collar,single,secondary,no,505,no,no,cellular,1,1,unknown,1
30,technician,single,secondary,yes,176,yes,no,cellular,2,0,unknown,0
32,management,single,secondary,yes,188,yes,no,cellular,11,0,unknown,0
35,technician,married,tertiary,no,117,yes,no,cellular,1,0,unknown,0
45,unemployed,married,unknown,no,2651,yes,no,telephone,1,0,unknown,0
31,services,single,tertiary,no,0,yes,no,cellular,2,0,unknown,0
31,management,married,primary,no,320,yes,no,telephone,1,2,unknown,1
33,technician,married,secondary,no,181,yes,no,unknown,1,0,unknown,0
58,services,married,secondary,no,273,no,no,unknown,2,0,unknown,0
35,technician,married,tertiary,no,0,no,no,unknown,2,0,unknown,0
52,admin.,married,secondary,no,-11,no,no,cellular,4,0,unknown,0
42,management,married,primary,no,-131,yes,no,cellular,3,0,unknown,1
32,retired,single,unknown,no,2488,yes,no,cellular,3,0,unknown,0
41,management,single,unknown,no,27,no,no,cellular,5,1,unknown,0
75,technician,married,secondary,no,10081,yes,no,unknown,1,0,unknown,0
53,retired,married,secondary,no,687,yes,no,cellular,1,0,unknown,0
34,blue-collar,divorced,primary,no,1660,yes,no,cellular,1,1,other,0
58,services,single,secondary,no,-402,yes,no,unknown,3,0,failure,0
58,blue-collar,married,primary,no,0,no,no,cellular,7,0,unknown,0
39,housemaid,divorced,secondary,no,-140,yes,no,unknown,3,0,unknown,0
38,self-employed,married,secondary,no,0,yes,no,unknown,2,0,unknown,0
44,management,single,secondary,no,1425,no,no,cellular,1,0,unknown,1
56,blue-collar,divorced,secondary,no,46,no,no,cellular,1,0,unknown,0
35,admin.,married,secondary,no,174,no,no,cellular,3,0,unknown,0
27,management,single,secondary,no,769,yes,no,unknown,3,0,unknown,0
46,technician,married,secondary,no,6268,no,no,telephone,1,0,unknown,0
26,blue-collar,married,tertiary,no,-98,yes,yes,unknown,1,0,unknown,0
32,technician,married,tertiary,no,0,yes,no,cellular,1,0,unknown,0
26,technician,married,secondary,no,57,yes,no,unknown,1,0,unknown,0
41,blue-collar,married,tertiary,no,-204,yes,no,telephone,3,0,unknown,0
40,management,married,tertiary,no,655,no,yes,cellular,1,0,unknown,0
32,services,single,secondary,no,0,yes,yes,cellular,4,0,unknown,0
29,technician,married,tertiary,no,1213,no,no,cellular,2,0,unknown,0
40,management,divorced,tertiary,no,9227,yes,no,cellular,3,0,unknown,0
30,blue-collar,married,secondary,no,428,yes,no,cellular,8,0,unknown,0
58,management,married,secondary,no,4635,no,no,telephone,1,0,unknown,0
46,retired,married,unknown,no,2,yes,no,unknown,1,0,unknown,0
27,management,single,primary,no,-601,yes,no,cellular,1,0,unknown,0
42,retired,divorced,tertiary,no,871,yes,no,unknown,1,0,unknown,0
41,management,single,secondary,no,9329,no,no,cellular,1,0,unknown,0
50,admin.,divorced,primary,no,350,yes,yes,cellular,2,0,unknown,0
51,blue-collar,married,secondary,no,1042,yes,no,cellular,2,0,unknown,0
44,technician,married,primary,no,-315,yes,yes,cellular,3,0,unknown,0
53,management,single,tertiary,no,1670,yes,no,cellular,3,0,unknown,0
39,management,married,secondary,no,0,no,yes,cellular,1,0,failure,0
37,technician,single,secondary,no,593,yes,yes,cellular,4,0,unknown,0
36,technician,single,secondary,no,4900,yes,no,telephone,2,1,failure,0
58,unemployed,divorced,secondary,no,542,yes,no,cellular,2,0,unknown,0
31,admin.,single,secondary,no,289,no,no,cellular,3,0,unknown,1
30,blue-collar,married,secondary,no,349,no,no,unknown,2,0,unknown,0
49,blue-collar,single,tertiary,no,2639,yes,no,cellular,4,0,unknown,0
39,management,single,primary,no,742,yes,no,cellular,1,0,unknown,0
27,services,married,tertiary,no,802,yes,no,cellular,1,1,success,0
47,housemaid,married,secondary,no,575,no,no,cellular,2,0,unknown,0
34,blue-collar,single,tertiary,no,4618,yes,no,unknown,3,0,unknown,0
36,entrepreneur,married,secondary,no,678,yes,yes,cellular,13,0,unknown,0
47,admin.,married,tertiary,no,3146,no,no,cellular,3,0,unknown,0
28,management,single,primary,no,35,yes,yes,telephone,4,0,unknown,0
50,technician,divorced,tertiary,no,2485,yes,no,cellular,1,1,unknown,0
40,retired,married,secondary,no,743,no,no,cellular,2,0,unknown,0
52,services,divorced,primary,no,1160,yes,yes,unknown,2,1,other,0
28,blue-collar,single,secondary,no,1007,yes,no,cellular,4,0,unknown,0
36,entrepreneur,married,secondary,no,606,yes,no,unknown,2,0,unknown,0
56,self-employed,married,secondary,no,4813,yes,no,cellular,1,1,failure,0
57,admin.,married,tertiary,yes,9815,yes,yes,cellular,20,0,unknown,0
32,blue-collar,married,secondary,no,73,yes,no,unknown,6,0,unknown,0
37,technician,single,primary,no,3294,yes,no,cellular,2,0,unknown,0
60,technician,married,tertiary,no,4211,yes,no,cellular,2,0,unknown,0
30,admin.,single,secondary,no,1832,yes,no,cellular,1,0,unknown,0
34,blue-collar,divorced,tertiary,no,817,no,no,unknown,4,0,unknown,0
44,entrepreneur,married,tertiary,no,980,yes,no,cellular,2,0,unknown,0
52,management,single,secondary,no,37,yes,no,unknown,1,0,unknown,0
51,student,single,tertiary,no,3386,no,no,cellular,1,0,unknown,0
25,entrepreneur,single,primary,no,21,yes,no,cellular,1,0,unknown,1
55,blue-collar,married,secondary,no,34,yes,no,unknown,8,0,unknown,1
49,unemployed,married,secondary,no,264,no,no,unknown,5,0,unknown,0
60,services,married,primary,no,0,yes,no,cellular,1,0,failure,0
54,services,married,secondary,no,2143,no,no,telephone,1,3,unknown,1
32,technician,married,secondary,no,130,yes,no,cellular,1,0,unknown,0
37,management,single,secondary,no,1131,yes,no,unknown,3,1,failure,0
39,blue-collar,married,secondary,no,1699,no,no,unknown,1,0,unknown,0
35,management,married,secondary,no,1429,yes,no,telephone,2,0,unknown,1
36,services,married,primary,no,2638,yes,no,cellular,2,0,unknown,0
57,management,married,secondary,no,453,no,no,cellular,8,0,unknown,0
46,management,married,secondary,no,874,no,no,cellular,1,0,unknown,0
34,blue-collar,married,tertiary,no,0,no,no,unknown,7,0,unknown,1
40,services,married,secondary,no,4620,no,no,cellular,1,0,unknown,0
42,admin.,single,secondary,no,92,yes,no,unknown,3,0,unknown,0
31,management,single,secondary,no,376,no,no,unknown,4,0,unknown,0
43,unknown,married,tertiary,no,6039,no,no,telephone,1,0,unknown,0
38,services,single,primary,no,475,yes,no,unknown,1,0,unknown,0
58,housemaid,divorced,primary,no,70,no,no,telephone,6,0,unknown,0
36,management,single,secondary,no,603,no,no,cellular,2,0,unknown,0
59,technician,married,primary,no,189,no,no,cellular,2,0,unknown,1
45,blue-collar,married,tertiary,no,19,yes,no,cellular,2,0,unknown,0
51,admin.,single,primary,no,3529,yes,no,cellular,2,1,unknown,1
34,management,single,secondary,no,277,yes,no,cellular,4,0,unknown,0
33,admin.,married,secondary,no,1246,yes,no,telephone,2,0,unknown,0
35,blue-collar,married,tertiary,no,795,yes,yes,cellular,2,0,other,0
47,student,single,secondary,no,26,no,no,cellular,7,0,unknown,0
45,blue-collar,single,secondary,no,4592,no,no,cellular,2,0,failure,0
41,management,married,secondary,no,3166,yes,no,cellular,2,0,unknown,0
57,technician,married,secondary,no,423,no,no,unknown,2,0,unknown,0
33,technician,married,secondary,no,388,no,no,unknown,11,0,unknown,0
40,retired,married,secondary,no,3706,no,no,unknown,4,0,unknown,0
31,management,married,secondary,no,348,yes,no,unknown,1,0,unknown,0
43,blue-collar,married,secondary,no,260,no,no,cellular,2,2,failure,0
42,admin.,married,tertiary,no,4392,yes,yes,cellular,2,0,unknown,0
44,blue-collar,divorced,tertiary,no,846,yes,no,cellular,2,0,unknown,0
52,technician,married,tertiary,no,1,no,no,cellular,6,0,unknown,0
28,management,single,tertiary,no,889,no,no,cellular,2,0,unknown,0
42,blue-collar,single,secondary,no,751,yes,no,unknown,2,0,unknown,0
48,management,married,tertiary,no,417,no,no,cellular,1,0,unknown,0
32,management,married,secondary,no,3417,no,no,unknown,1,0,other,0
70,management,single,secondary,no,3246,no,no,unknown,4,0,unknown,0
50,blue-collar,single,secondary,no,1146,yes,yes,cellular,3,0,unknown,0
37,unemployed,married,tertiary,no,35,no,no,unknown,2,0,unknown,1
43,management,married,secondary,no,10993,yes,no,cellular,1,1,unknown,0
39,management,married,secondary,no,66,yes,no,cellular,4,0,failure,0
30,blue-collar,married,secondary,no,619,yes,no,cellular,1,0,unknown,0
37,blue-collar,married,secondary,no,5936,no,no,cellular,1,0,unknown,0
38,management,married,secondary,no,1211,no,no,cellular,2,0,unknown,0
46,blue-collar,single,secondary,no,134,no,no,telephone,1,0,unknown,0
37,retired,single,secondary,no,2380,no,yes,cellular,1,0,unknown,1
29,technician,divorced,tertiary,no,259,yes,no,cellular,3,0,unknown,0
31,entrepreneur,married,tertiary,no,415,no,no,unknown,3,0,unknown,0
32,admin.,married,secondary,no,3073,no,no,cellular,1,0,other,0
45,technician,married,unknown,no,27252,yes,no,unknown,1,2,failure,1
42,management,married,secondary,no,281,no,no,cellular,2,0,unknown,0
28,admin.,single,unknown,no,-401,yes,no,cellular,2,0,unknown,0
59,management,single,primary,no,663,no,no,cellular,5,0,unknown,0
59,management,married,tertiary,no,75,no,no,unknown,4,0,unknown,0
30,technician,single,tertiary,no,-315,no,no,cellular,1,0,unknown,0
34,admin.,married,secondary,no,950,no,no,cellular,2,0,unknown,0
33,management,single,primary,no,1534,yes,no,cellular,1,0,failure,0
35,technician,married,unknown,no,92,yes,no,unknown,6,0,unknown,0
64,admin.,divorced,secondary,no,619,no,no,cellular,2,0,unknown,1
32,technician,single,secondary,no,2381,yes,no,unknown,3,1,unknown,0
57,student,married,secondary,no,163,yes,no,unknown,1,0,unknown,0
46,blue-collar,married,secondary,no,-769,yes,no,unknown,2,0,unknown,1
48,technician,married,tertiary,no,109,yes,no,cellular,2,0,unknown,1
46,technician,married,secondary,no,2,yes,yes,cellular,5,0,other,0
48,management,married,secondary,no,203,yes,no,unknown,6,0,failure,1
49,housemaid,divorced,secondary,no,1629,no,no,cellular,1,0,unknown,0
34,admin.,married,secondary,no,334,yes,no,unknown,5,0,unknown,0
47,technician,married,tertiary,no,13059,yes,no,cellular,1,0,unknown,0
46,unemployed,single,secondary,no,2893,no,no,cellular,2,0,unknown,0
44,admin.,married,tertiary,no,889,yes,no,cellular,1,0,unknown,0
35,retired,single,primary,no,522,yes,yes,unknown,1,0,unknown,0
33,student,single,secondary,no,6,no,no,cellular,4,0,unknown,0
55,management,married,secondary,no,2380,no,no,unknown,3,0,other,0
47,management,married,tertiary,yes,1291,yes,no,unknown,2,0,unknown,0
46,technician,single,tertiary,no,769,yes,no,unknown,1,0,unknown,0
31,admin.,single,tertiary,no,2331,yes,no,cellular,2,0,unknown,0
39,technician,single,secondary,no,-702,no,no,cellular,1,0,unknown,0
57,blue-collar,married,secondary,no,-215,no,no,unknown,4,0,failure,0
36,blue-collar,single,tertiary,no,2366,no,no,cellular,1,0,unknown,1
27,technician,married,secondary,no,1369,yes,no,cellular,1,0,unknown,0
51,management,divorced,tertiary,no,517,no,yes,telephone,1,1,failure,0
59,self-employed,married,secondary,no,4043,no,no,unknown,1,0,unknown,0
44,blue-collar,married,primary,no,1088,yes,no,telephone,3,0,unknown,0
34,management,married,secondary,no,22,no,yes,unknown,5,0,unknown,0
32,technician,single,primary,no,6058,yes,no,cellular,2,0,success,0
35,management,single,tertiary,no,666,no,yes,cellular,2,0,unknown,0
43,services,married,secondary,no,5320,no,yes,unknown,2,0,unknown,0
51,self-employed,married,tertiary,no,4562,no,no,unknown,1,0,unknown,0
28,management,married,tertiary,no,2262,yes,no,cellular,2,0,unknown,0
39,technician,single,tertiary,no,-257,no,no,telephone,2,0,other,0
31,blue-collar,married,secondary,no,-405,yes,no,cellular,7,0,other,1
31,admin.,married,primary,no,1352,no,no,cellular,1,0,unknown,0
55,blue-collar,married,secondary,no,967,no,no,unknown,3,1,failure,0
33,blue-collar,married,secondary,no,753,yes,no,cellular,1,0,other,0
34,retired,single,secondary,no,48161,yes,no,cellular,1,0,other,0
42,blue-collar,married,primary,no,415,yes,yes,unknown,3,0,unknown,0
40,technician,married,secondary,no,-40,no,no,cellular,3,0,unknown,1
39,unemployed,divorced,secondary,no,2146,no,no,unknown,1,0,unknown,0
55,technician,married,secondary,no,9719,no,no,cellular,1,0,unknown,0
32,retired,single,unknown,no,1429,yes,no,cellular,1,0,unknown,0
57,services,married,primary,no,133,no,no,unknown,2,0,unknown,0
36,entrepreneur,married,secondary,no,427,yes,yes,cellular,1,0,other,1
58,admin.,married,tertiary,no,-295,no,no,unknown,2,0,unknown,0
41,blue-collar,married,secondary,no,173,no,no,cellular,1,0,unknown,0
35,housemaid,single,secondary,no,-308,yes,no,cellular,2,0,unknown,0
48,technician,married,tertiary,no,25,no,no,cellular,1,0,unknown,1
60,student,married,secondary,no,86,yes,yes,telephone,3,0,failure,0
34,blue-collar,single,primary,no,979,yes,no,cellular,1,0,failure,0
41,admin.,married,secondary,no,308,no,no,unknown,3,1,failure,0
39,technician,single,secondary,no,1060,yes,no,cellular,2,0,other,0
27,technician,single,tertiary,no,1,no,no,unknown,1,0,unknown,0
49,technician,married,secondary,no,773,no,yes,cellular,6,0,failure,0
36,unemployed,married,tertiary,no,334,no,no,cellular,4,0,unknown,0
48,entrepreneur,married,primary,no,5176,no,no,cellular,8,4,failure,0
40,management,divorced,secondary,no,4945,yes,no,cellular,1,0,unknown,1
48,technician,married,tertiary,no,1210,yes,no,unknown,1,0,unknown,0
47,services,single,primary,no,83,yes,no,unknown,3,0,unknown,0
30,services,married,tertiary,no,0,yes,yes,cellular,6,1,unknown,0
34,admin.,married,secondary,no,493,yes,no,cellular,28,0,unknown,0
42,management,married,secondary,no,539,yes,no,cellular,2,1,unknown,0
45,services,married,primary,no,112,yes,yes,unknown,1,0,unknown,0
32,services,married,unknown,no,-22,no,no,unknown,2,0,unknown,1
26,admin.,single,secondary,no,1297,yes,no,unknown,1,0,unknown,0
34,technician,single,primary,no,2640,no,no,unknown,1,0,unknown,0
31,blue-collar,married,secondary,no,5,yes,yes,cellular,1,0,unknown,1
38,blue-collar,divorced,tertiary,no,593,no,no,unknown,1,0,unknown,0
66,management,married,secondary,no,228,yes,no,unknown,2,0,unknown,0
25,retired,single,unknown,no,0,yes,no,cellular,1,0,failure,1
52,entrepreneur,married,tertiary,no,0,yes,no,telephone,1,0,unknown,0
42,admin.,married,secondary,no,3672,no,no,unknown,1,1,unknown,0
56,blue-collar,married,tertiary,no,3284,no,no,cellular,3,0,unknown,0
46,management,married,unknown,no,468,yes,no,cellular,3,0,failure,1
28,student,single,secondary,no,1400,yes,yes,unknown,1,0,unknown,1
38,technician,married,tertiary,no,940,no,no,unknown,2,0,unknown,0
33,technician,married,secondary,no,1216,yes,no,cellular,4,0,unknown,1
40,technician,single,tertiary,no,641,no,no,telephone,1,0,unknown,0
48,services,married,primary,no,790,no,no,cellular,5,0,unknown,0
44,blue-collar,married,secondary,no,136,yes,no,cellular,1,0,unknown,0
33,unknown,married,unknown,no,158,yes,no,cellular,1,0,unknown,0
36,technician,married,secondary,no,-56,no,no,unknown,3,0,unknown,0
55,technician,married,secondary,no,92,no,no,unknown,3,0,unknown,0
49,admin.,divorced,secondary,no,1625,no,no,cellular,5,0,failure,0
52,management,married,secondary,no,-79,yes,no,cellular,1,3,failure,0
47,blue-collar,married,primary,no,841,no,no,cellular,3,0,unknown,0
38,management,divorced,secondary,no,15326,yes,no,unknown,2,0,unknown,0
29,self-employed,single,tertiary,yes,-453,yes,no,unknown,1,0,unknown,0
34,retired,single,secondary,no,168,yes,no,cellular,2,4,failure,0
37,services,married,secondary,no,43,no,no,unknown,2,1,other,0
47,entrepreneur,divorced,secondary,no,-94,yes,no,cellular,1,0,unknown,0
34,admin.,married,primary,no,8024,no,no,unknown,4,0,success,0
28,management,single,tertiary,no,321,no,no,cellular,2,0,unknown,0
31,blue-collar,single,tertiary,no,-495,no,no,cellular,2,4,unknown,1
55,services,single,secondary,no,781,no,yes,cellular,6,0,unknown,0
34,management,married,unknown,no,1323,yes,no,telephone,2,0,other,0
29,student,married,primary,no,3163,yes,no,unknown,1,0,unknown,0
33,technician,married,secondary,no,-306,no,no,unknown,1,0,unknown,0
56,entrepreneur,married,tertiary,no,0,no,no,cellular,1,0,unknown,0
33,blue-collar,married,secondary,no,846,no,no,telephone,2,0,unknown,0
35,technician,divorced,secondary,no,169,yes,no,cellular,2,0,unknown,1
33,unknown,single,tertiary,no,3173,no,no,cellular,1,1,unknown,0
34,retired,married,primary,no,168,no,no,telephone,5,0,unknown,0
40,management,single,tertiary,no,11395,no,yes,unknown,6,0,unknown,0
26,technician,single,tertiary,no,4287,yes,no,cellular,2,0,other,0
49,self-employed,married,tertiary,no,475,yes,no,telephone,4,0,unknown,1
55,technician,married,secondary,no,181,yes,no,cellular,2,0,other,0
41,management,single,unknown,no,3070,no,no,cellular,1,0,unknown,0
33,admin.,single,primary,no,0,yes,no,cellular,5,0,unknown,0
49,technician,divorced,secondary,no,-428,no,yes,cellular,3,0,unknown,0
44,management,married,tertiary,no,3656,yes,no,cellular,7,0,failure,0
31,management,single,tertiary,no,158,yes,no,cellular,2,0,unknown,0
41,technician,married,tertiary,no,6838,no,no,cellular,1,3,unknown,1
51,admin.,married,secondary,no,-500,yes,yes,unknown,1,0,unknown,0
48,blue-collar,married,tertiary,no,616,no,yes,unknown,3,1,unknown,0
34,management,single,tertiary,yes,3000,yes,no,cellular,1,0,failure,0
52,technician,married,tertiary,no,3268,no,no,cellular,2,1,unknown,0
32,entrepreneur,married,tertiary,no,-936,yes,no,unknown,2,0,unknown,0
46,technician,married,secondary,no,9,yes,no,cellular,1,1,other,0
31,services,single,tertiary,no,112,yes,no,cellular,1,0,unknown,0
60,technician,married,unknown,no,1048,no,no,cellular,1,2,unknown,0
45,admin.,married,secondary,no,3940,no,no,telephone,1,0,unknown,0
53,management,single,tertiary,no,897,no,no,cellular,2,0,unknown,0
45,technician,divorced,tertiary,no,864,yes,no,cellular,1,0,unknown,0
39,blue-collar,married,secondary,no,293,no,no,cellular,1,0,unknown,0
41,retired,married,unknown,no,3466,no,no,unknown,1,0,unknown,0
29,management,married,secondary,no,11130,no,no,cellular,2,0,unknown,0
39,management,single,secondary,no,816,yes,yes,cellular,1,0,unknown,0
54,admin.,married,tertiary,no,16,no,no,telephone,2,0,unknown,0
41,management,married,secondary,no,2962,yes,no,cellular,5,0,unknown,0
32,housemaid,married,tertiary,no,1905,yes,no,unknown,2,0,unknown,0
53,unemployed,married,tertiary,no,0,yes,no,cellular,7,2,unknown,0
40,management,married,tertiary,no,15,no,no,cellular,1,0,unknown,0
51,admin.,married,tertiary,no,101,no,no,cellular,8,0,unknown,0
50,management,married,tertiary,no,1268,yes,no,unknown,2,0,unknown,0
38,blue-collar,single,primary,no,168,yes,no,cellular,2,0,failure,0
37,blue-collar,single,tertiary,no,199,yes,no,cellular,2,0,unknown,0
39,blue-collar,married,secondary,no,2380,yes,no,cellular,1,0,failure,0
45,self-employed,single,secondary,no,0,no,no,cellular,2,0,unknown,0
34,retired,married,tertiary,no,0,no,no,unknown,4,0,unknown,0
52,technician,divorced,secondary,no,776,yes,no,unknown,1,0,unknown,0
27,management,single,tertiary,no,0,no,no,cellular,17,0,unknown,0
55,admin.,married,secondary,no,27,yes,no,unknown,4,0,unknown,0
46,self-employed,single,secondary,no,42,no,no,cellular,2,0,unknown,1
29,services,married,tertiary,no,0,no,no,cellular,2,0,unknown,0
36,self-employed,married,tertiary,no,74,no,no,cellular,1,0,unknown,0
40,technician,married,unknown,no,694,no,no,unknown,1,0,unknown,0
36,technician,single,tertiary,no,0,no,yes,cellular,4,0,unknown,0
60,technician,divorced,unknown,no,695,no,yes,cellular,2,0,unknown,0
57,blue-collar,single,secondary,no,2171,no,yes,cellular,1,0,unknown,1
37,blue-collar,married,secondary,no,34,yes,no,cellular,3,1,unknown,1
36,management,married,secondary,no,265,no,no,cellular,2,0,unknown,1
54,technician,married,tertiary,no,839,no,no,cellular,2,0,unknown,0
41,services,married,tertiary,no,517,yes,no,cellular,1,0,unknown,0
68,admin.,married,primary,no,704,yes,no,cellular,2,2,unknown,0
40,admin.,married,tertiary,no,5874,yes,no,cellular,1,0,failure,1
31,management,married,secondary,no,2895,no,no,cellular,2,0,unknown,0
32,unemployed,married,secondary,no,3110,yes,yes,telephone,5,0,unknown,0
35,management,married,primary,no,111,no,no,cellular,1,0,unknown,0
32,student,single,secondary,no,1468,yes,no,unknown,2,0,unknown,0
27,admin.,married,tertiary,no,-2018,yes,no,cellular,4,0,other,0
54,services,married,tertiary,no,603,yes,no,cellular,1,0,unknown,0
30,blue-collar,married,tertiary,no,1020,yes,no,unknown,2,0,unknown,0
30,management,married,tertiary,no,1336,yes,no,cellular,1,0,unknown,0
49,unemployed,married,primary,no,15414,yes,no,cellular,1,0,unknown,0
39,blue-collar,married,secondary,no,23,no,no,unknown,1,0,unknown,0
40,management,married,tertiary,no,1694,no,no,unknown,1,0,unknown,0
33,housemaid,single,primary,no,4379,yes,yes,cellular,1,0,unknown,0
24,management,single,tertiary,no,365,no,yes,cellular,3,0,unknown,1
52,admin.,divorced,secondary,no,1784,no,no,cellular,2,0,unknown,0
44,blue-collar,married,secondary,no,823,no,no,cellular,4,0,unknown,0
36,services,married,secondary,no,50,yes,yes,unknown,5,0,unknown,0
59,blue-collar,divorced,primary,no,87,yes,no,unknown,1,0,unknown,0
26,technician,married,secondary,no,-96,yes,no,unknown,11,0,unknown,0
60,self-employed,married,primary,no,211,no,no,cellular,2,0,unknown,0
40,admin.,married,primary,no,0,yes,no,cellular,1,0,unknown,0
36,technician,single,unknown,no,24,no,no,cellular,3,1,failure,0
36,admin.,divorced,secondary,no,0,yes,yes,cellular,4,0,unknown,0
33,management,married,tertiary,yes,3278,no,no,cellular,2,0,unknown,1
55,self-employed,married,tertiary,no,1188,no,no,unknown,14,0,unknown,0
47,entrepreneur,married,unknown,no,1667,no,no,cellular,1,0,unknown,0
37,retired,married,secondary,no,376,no,no,unknown,3,0,failure,0
28,management,single,secondary,no,2883,no,no,cellular,2,0,unknown,1
48,technician,divorced,secondary,no,3799,no,yes,cellular,3,0,unknown,0
47,blue-collar,married,secondary,no,2987,no,no,cellular,2,2,other,0
50,blue-collar,married,secondary,no,351,no,no,telephone,13,0,unknown,0
33,admin.,married,secondary,no,0,yes,no,telephone,1,0,unknown,0
38,technician,married,tertiary,no,37,yes,no,cellular,2,0,unknown,0
59,blue-collar,married,primary,no,218,yes,no,unknown,3,0,unknown,0
34,self-employed,married,tertiary,no,479,no,no,cellular,1,1,other,1
43,technician,married,secondary,no,3408,yes,no,unknown,4,0,unknown,0
27,management,married,secondary,no,1011,yes,no,unknown,1,0,unknown,0
42,housemaid,married,secondary,no,1415,yes,no,cellular,1,0,unknown,0
38,management,married,secondary,no,0,yes,no,cellular,4,0,unknown,0
51,technician,married,secondary,no,97,yes,no,unknown,2,0,success,0
40,technician,married,tertiary,no,0,yes,no,cellular,4,0,unknown,0
52,services,married,unknown,no,13673,yes,yes,unknown,2,0,unknown,0
53,retired,single,tertiary,no,278,no,no,cellular,1,1,failure,1
47,self-employed,married,secondary,no,25,yes,yes,cellular,2,0,unknown,0
25,blue-collar,married,secondary,no,1802,yes,no,cellular,2,0,unknown,0
52,self-employed,married,primary,no,1789,yes,no,cellular,1,0,unknown,0
21,admin.,single,tertiary,no,0,yes,no,cellular,6,0,unknown,0
48,blue-collar,married,secondary,no,4,yes,no,cellular,1,0,unknown,0
33,services,married,unknown,no,280,yes,no,cellular,14,0,unknown,0
30,entrepreneur,single,secondary,no,4295,yes,no,cellular,4,0,unknown,0
34,technician,married,secondary,no,1533,yes,no,unknown,6,3,unknown,0
42,retired,married,secondary,yes,0,yes,no,unknown,1,4,failure,0
49,admin.,married,primary,no,215,no,yes,cellular,1,0,failure,1
31,technician,married,tertiary,no,-703,yes,no,cellular,1,0,unknown,0
31,management,married,tertiary,no,142,yes,yes,cellular,1,0,unknown,0
26,management,single,tertiary,no,2488,yes,no,cellular,2,0,unknown,0
55,management,single,secondary,no,180,no,no,cellular,2,0,success,0
47,management,married,tertiary,no,411,no,no,cellular,12,0,unknown,0
41,entrepreneur,single,secondary,no,2679,yes,yes,unknown,1,0,unknown,0
38,blue-collar,single,primary,no,776,yes,no,cellular,1,0,unknown,0
26,self-employed,single,primary,no,431,yes,yes,unknown,2,0,unknown,0
47,blue-collar,married,secondary,no,819,yes,yes,cellular,2,0,unknown,0
52,blue-collar,single,secondary,no,44,yes,no,cellular,15,0,success,0
45,services,single,primary,no,-966,yes,no,cellular,16,0,unknown,0
48,admin.,married,primary,no,425,yes,no,telephone,1,0,unknown,0
54,blue-collar,married,tertiary,no,4286,yes,no,cellular,1,0,failure,0
55,management,single,tertiary,no,470,no,no,cellular,1,0,unknown,0
25,unemployed,single,unknown,no,-120,no,no,cellular,1,0,unknown,0
54,blue-collar,single,tertiary,no,920,yes,no,unknown,2,0,unknown,0
40,blue-collar,married,secondary,no,1471,no,no,unknown,2,0,unknown,0
42,technician,married,secondary,no,1370,no,no,unknown,2,0,unknown,0
28,blue-collar,married,secondary,no,342,yes,no,telephone,1,0,failure,0
31,management,single,tertiary,no,267,yes,no,cellular,4,0,other,0
58,technician,divorced,tertiary,no,299,no,yes,unknown,3,0,unknown,0
28,blue-collar,married,secondary,no,0,yes,no,telephone,2,0,unknown,1
22,blue-collar,single,secondary,no,-400,no,no,unknown,1,0,unknown,0
70,blue-collar,divorced,secondary,yes,-204,yes,no,unknown,7,1,unknown,0
47,management,divorced,secondary,no,1012,yes,no,cellular,4,0,unknown,0
80,management,married,primary,no,424,yes,no,unknown,3,0,unknown,0
43,student,married,tertiary,no,7958,yes,no,cellular,4,3,failure,0
34,services,married,tertiary,no,660,yes,no,cellular,3,0,unknown,0
50,technician,married,secondary,no,574,yes,yes,unknown,1,0,unknown,0
55,retired,divorced,primary,no,706,no,no,cellular,1,0,unknown,0
48,technician,married,unknown,no,2396,no,no,cellular,4,1,failure,0
37,technician,married,secondary,no,3450,yes,yes,unknown,2,0,unknown,0
34,management,single,secondary,no,105,yes,no,cellular,3,1,failure,0
35,management,married,secondary,no,757,yes,no,cellular,1,0,unknown,0
36,services,single,tertiary,no,579,no,no,unknown,7,0,unknown,0
32,technician,single,primary,no,126,no,no,unknown,4,0,unknown,0
43,admin.,married,secondary,no,302,yes,no,cellular,2,0,unknown,0
33,services,single,secondary,no,2299,no,no,cellular,2,0,unknown,0
47,technician,single,tertiary,no,926,no,yes,cellular,1,0,unknown,0
36,management,married,primary,no,1043,yes,no,cellular,1,0,success,0
27,management,single,tertiary,no,4566,yes,no,cellular,1,0,unknown,0
41,blue-collar,married,tertiary,no,350,yes,no,cellular,1,0,failure,0
43,management,single,tertiary,no,139,yes,no,cellular,1,0,unknown,0
39,services,married,tertiary,no,876,yes,no,cellular,1,0,unknown,0
40,blue-collar,married,tertiary,no,-4,yes,no,cellular,1,2,other,0
52,unemployed,married,primary,no,1815,no,no,cellular,2,0,unknown,0
57,services,divorced,secondary,no,4376,yes,yes,cellular,1,0,unknown,0
34,blue-collar,married,tertiary,no,2171,yes,no,cellular,3,0,unknown,0
57,retired,married,tertiary,no,2979,no,no,cellular,1,0,unknown,0
50,services,single,primary,no,427,no,yes,unknown,1,0,unknown,0
26,self-employed,married,secondary,no,-148,yes,no,unknown,3,0,unknown,0
45,management,divorced,secondary,no,0,yes,no,unknown,2,0,unknown,0
57,self-employed,married,secondary,no,146,yes,yes,cellular,6,0,success,0
26,management,single,secondary,no,5,yes,yes,cellular,7,0,unknown,1
50,technician,divorced,secondary,no,168,no,no,cellular,1,0,success,0
33,services,married,tertiary,no,452,yes,yes,cellular,1,0,unknown,0
26,blue-collar,married,secondary,no,1320,yes,no,cellular,6,0,unknown,0
26,technician,married,secondary,no,80,yes,no,cellular,1,0,unknown,0
38,blue-collar,married,secondary,no,2474,yes,no,unknown,1,0,unknown,0
47,services,married,secondary,no,22,yes,no,unknown,4,0,unknown,1
43,technician,single,tertiary,no,747,no,no,cellular,2,0,unknown,0
29,management,single,tertiary,no,179,no,no,cellular,1,1,other,0
45,blue-collar,single,secondary,no,2555,no,no,cellular,1,0,unknown,0
47,management,single,secondary,no,150,yes,no,cellular,1,0,unknown,1
57,admin.,married,secondary,no,77,no,yes,telephone,1,0,failure,1
34,services,married,secondary,no,94,no,no,cellular,5,0,unknown,0
59,management,divorced,secondary,no,247,yes,no,unknown,3,0,unknown,0
43,technician,single,secondary,no,876,no,no,cellular,3,0,failure,0
37,management,single,secondary,no,79,yes,no,unknown,2,0,unknown,0
56,management,single,secondary,no,0,no,no,cellular,2,0,unknown,0
35,self-employed,married,secondary,no,1238,yes,no,unknown,2,0,unknown,0
34,services,single,tertiary,no,1614,no,no,cellular,1,0,unknown,0
37,admin.,single,primary,no,1329,yes,no,unknown,1,0,unknown,0
57,management,married,secondary,no,295,yes,no,cellular,1,0,unknown,0
31,technician,married,primary,no,54,yes,yes,cellular,1,0,failure,1
36,admin.,married,unknown,no,0,no,no,cellular,2,0,unknown,0
25,technician,married,unknown,no,772,no,no,unknown,1,0,success,0
58,unemployed,married,tertiary,no,0,no,no,unknown,2,0,unknown,0
50,blue-collar,divorced,secondary,no,851,yes,no,cellular,6,0,unknown,0
42,blue-collar,married,tertiary,no,838,yes,no,unknown,8,0,unknown,0
36,admin.,married,tertiary,no,157,no,no,cellular,3,0,unknown,0
31,entrepreneur,married,secondary,no,0,yes,yes,cellular,1,0,failure,0
51,student,single,secondary,no,9384,no,no,cellular,29,1,failure,0
22,management,single,tertiary,no,1007,yes,no,unknown,2,0,unknown,0
55,self-employed,married,secondary,no,5806,yes,no,unknown,5,0,unknown,0
57,blue-collar,married,secondary,no,26963,yes,no,cellular,2,1,failure,0
35,blue-collar,divorced,primary,no,859,yes,no,unknown,1,0,unknown,0
45,admin.,married,secondary,no,562,no,yes,cellular,1,0,unknown,0
33,technician,single,secondary,no,1337,no,no,cellular,1,0,unknown,0
59,blue-collar,divorced,secondary,no,157,no,no,telephone,1,0,unknown,0
36,retired,married,secondary,no,7,no,no,cellular,1,0,unknown,0
38,admin.,married,tertiary,no,204,yes,no,cellular,1,0,unknown,1
54,admin.,married,tertiary,no,634,no,no,cellular,2,1,failure,0
39,management,married,secondary,no,763,yes,no,unknown,1,0,unknown,0
53,retired,single,tertiary,no,1520,yes,yes,cellular,5,0,unknown,0
37,entrepreneur,married,secondary,no,3774,yes,yes,cellular,11,0,unknown,0
37,blue-collar,married,secondary,no,1287,yes,no,unknown,1,0,unknown,0
33,technician,married,secondary,no,942,no,no,cellular,2,6,failure,0
73,management,married,secondary,no,-402,yes,no,unknown,1,0,unknown,0
26,blue-collar,single,primary,no,1071,yes,no,unknown,3,0,unknown,0
44,management,married,primary,no,360,yes,no,cellular,1,0,unknown,0
28,blue-collar,married,tertiary,no,417,yes,no,unknown,2,0,unknown,0
37,management,married,secondary,no,93,no,yes,unknown,1,0,unknown,0
49,technician,single,secondary,no,950,no,no,unknown,1,1,unknown,0
35,housemaid,married,tertiary,no,0,yes,no,cellular,1,0,failure,0
31,blue-collar,single,secondary,no,340,yes,no,cellular,1,0,unknown,0
48,admin.,married,secondary,no,104,no,no,cellular,2,0,unknown,0
32,blue-collar,married,tertiary,no,1026,no,no,unknown,2,0,unknown,0
43,retired,married,secondary,no,2140,yes,no,cellular,6,0,unknown,0
41,management,single,tertiary,no,0,no,no,cellular,4,0,unknown,0
53,services,married,tertiary,no,1670,yes,no,unknown,2,0,unknown,0
54,student,married,primary,no,859,no,no,cellular,1,0,unknown,0
53,management,married,secondary,no,668,no,no,cellular,1,3,unknown,0
37,admin.,married,secondary,no,179,no,no,telephone,1,0,unknown,0
28,services,married,secondary,no,1489,yes,no,cellular,1,0,failure,0
49,management,divorced,tertiary,no,0,yes,no,cellular,6,0,unknown,0
38,housemaid,divorced,secondary,yes,16643,no,no,unknown,1,0,unknown,1
42,admin.,married,primary,no,-553,yes,yes,cellular,6,0,unknown,0
49,services,married,tertiary,no,2402,no,no,cellular,1,0,unknown,1
33,technician,married,secondary,no,2146,no,no,cellular,2,0,unknown,0
35,management,married,secondary,no,-337,no,no,unknown,1,0,unknown,0
31,blue-collar,single,secondary,no,83,yes,no,cellular,4,0,unknown,0
53,housemaid,married,primary,no,11,yes,no,cellular,1,0,unknown,1
33,technician,married,primary,no,190,yes,no,unknown,4,0,unknown,0
33,blue-collar,married,secondary,no,1831,yes,yes,cellular,2,0,unknown,0
32,technician,married,tertiary,no,-54,no,no,cellular,2,0,unknown,0
33,self-employed,single,secondary,no,-252,yes,no,cellular,3,0,unknown,0
52,unemployed,married,primary,no,436,yes,no,telephone,7,1,unknown,0
40,self-employed,married,secondary,no,255,yes,no,cellular,1,1,other,0
26,management,married,unknown,no,131,no,no,telephone,2,0,unknown,0
35,technician,married,primary,no,4,yes,no,cellular,2,1,failure,0
29,services,married,tertiary,no,125,no,no,cellular,5,0,unknown,0
50,management,married,secondary,no,2145,no,no,unknown,3,0,unknown,0
57,technician,married,secondary,no,411,no,no,cellular,3,0,unknown,0
56,blue-collar,divorced,unknown,no,36,no,no,cellular,1,0,unknown,0
60,housemaid,married,primary,no,344,no,no,cellular,4,0,unknown,0
55,management,married,secondary,no,4287,yes,no,unknown,1,0,unknown,0
35,entrepreneur,single,secondary,no,3938,yes,no,unknown,2,0,unknown,0
40,unemployed,married,unknown,no,4202,no,no,telephone,2,0,unknown,0
46,self-employed,married,tertiary,no,2987,yes,no,cellular,3,0,unknown,0
32,retired,single,secondary,no,8311,no,no,cellular,5,0,unknown,0
60,admin.,divorced,primary,no,249,no,no,unknown,4,0,unknown,0
55,admin.,married,secondary,no,4336,yes,no,cellular,1,3,failure,1
37,services,single,secondary,no,41,yes,no,cellular,1,0,unknown,0
54,blue-collar,married,secondary,no,624,yes,yes,unknown,1,0,unknown,0
49,management,single,secondary,no,920,yes,no,unknown,1,0,unknown,0
32,blue-collar,single,secondary,no,2768,yes,yes,cellular,3,0,unknown,0
32,technician,single,secondary,no,118,yes,yes,unknown,3,0,unknown,0
45,blue-collar,married,secondary,no,-79,yes,no,cellular,3,0,unknown,0
59,retired,divorced,primary,no,616,yes,no,unknown,1,0,unknown,0
53,technician,married,tertiary,no,233,yes,yes,cellular,1,0,unknown,1
32,technician,married,tertiary,no,3463,yes,no,unknown,2,0,unknown,0
50,services,married,primary,no,751,yes,no,cellular,2,0,unknown,0
30,entrepreneur,married,tertiary,no,0,yes,yes,cellular,1,0,unknown,0
56,services,married,primary,no,344,no,no,cellular,2,0,unknown,0
37,management,married,unknown,no,318,no,no,cellular,4,0,unknown,1
36,services,married,primary,no,35,yes,no,unknown,1,0,unknown,0
33,management,married,unknown,no,0,yes,no,cellular,2,0,unknown,0
44,blue-collar,married,secondary,yes,0,no,no,cellular,1,0,unknown,0
32,blue-collar,single,secondary,no,1504,no,no,unknown,1,0,unknown,1
42,retired,single,secondary,no,80,yes,no,telephone,1,0,unknown,0
31,technician,divorced,secondary,no,2706,yes,no,cellular,5,0,unknown,0
43,blue-collar,married,tertiary,no,0,no,no,cellular,1,0,unknown,0
42,admin.,divorced,primary,no,1206,yes,no,telephone,1,0,unknown,0
39,management,single,secondary,no,852,yes,no,cellular,2,0,unknown,1
31,entrepreneur,married,secondary,yes,2,no,no,unknown,2,0,unknown,0
31,services,single,secondary,no,1787,yes,yes,cellular,4,0,unknown,0
51,student,married,secondary,no,0,yes,no,cellular,2,0,other,0
52,technician,married,secondary,no,46,yes,no,cellular,1,0,unknown,1
39,self-employed,married,tertiary,no,64,no,no,cellular,9,0,unknown,0
32,blue-collar,married,secondary,no,302,no,no,cellular,1,0,unknown,0
49,services,married,secondary,no,751,yes,no,cellular,1,2,failure,0
33,management,single,tertiary,no,1523,yes,no,cellular,4,0,unknown,0
40,retired,married,secondary,no,3097,no,no,unknown,1,0,unknown,0
46,services,married,secondary,no,228,no,no,telephone,3,0,other,0
24,technician,single,tertiary,no,176,yes,no,cellular,2,0,unknown,0
55,admin.,single,secondary,no,196,no,no,unknown,1,0,unknown,0
52,blue-collar,single,secondary,no,816,no,no,unknown,1,0,unknown,0
42,management,married,primary,no,1491,no,no,unknown,2,0,unknown,1
47,services,married,unknown,no,362,yes,no,cellular,2,0,unknown,0
50,blue-collar,single,secondary,no,998,no,no,cellular,2,0,unknown,0
36,blue-collar,married,tertiary,no,17,no,no,cellular,2,0,unknown,0
43,self-employed,divorced,secondary,no,1808,yes,yes,unknown,6,0,unknown,0
33,technician,married,unknown,no,1276,no,yes,cellular,2,0,unknown,0
31,services,single,tertiary,no,6,no,no,cellular,2,0,unknown,0
40,technician,divorced,unknown,no,2540,yes,no,cellular,2,1,failure,0
41,blue-collar,married,tertiary,no,11,yes,no,cellular,3,0,failure,0
36,admin.,single,tertiary,no,1218,no,no,cellular,2,0,unknown,0
32,services,married,secondary,no,0,yes,no,cellular,2,0,unknown,0
34,management,married,secondary,no,72,yes,no,unknown,2,0,unknown,0
37,management,married,unknown,no,278,yes,no,cellular,1,0,unknown,0
34,technician,married,unknown,no,4415,yes,yes,cellular,2,0,unknown,1
31,admin.,single,secondary,no,0,yes,no,unknown,1,0,failure,0
30,blue-collar,single,secondary,no,865,no,no,cellular,2,3,other,1
30,blue-collar,married,secondary,no,868,no,no,telephone,1,0,unknown,0
52,services,married,primary,no,-98,yes,no,unknown,3,0,unknown,1
31,management,married,secondary,no,2097,yes,no,cellular,3,0,unknown,0
36,admin.,single,secondary,no,87,yes,no,unknown,2,0,unknown,0
34,admin.,divorced,tertiary,no,255,yes,no,unknown,2,0,other,0
47,management,single,tertiary,no,1196,yes,yes,unknown,2,0,unknown,0
23,student,single,secondary,no,0,yes,no,cellular,5,0,unknown,0
35,technician,single,primary,no,0,no,no,cellular,8,0,unknown,0
36,management,single,tertiary,no,3329,no,yes,cellular,7,0,unknown,1
77,blue-collar,married,secondary,no,-146,no,yes,cellular,2,0,unknown,0
36,services,single,tertiary,no,395,yes,no,unknown,2,0,unknown,0
33,blue-collar,married,tertiary,no,1820,yes,no,cellular,2,0,unknown,0
26,management,married,tertiary,no,700,no,yes,cellular,3,0,unknown,0
65,admin.,married,tertiary,no,838,yes,no,unknown,1,0,unknown,0
34,retired,single,tertiary,no,52,yes,no,cellular,5,0,unknown,0
30,admin.,single,primary,no,0,yes,no,unknown,1,0,unknown,0
27,blue-collar,single,tertiary,no,697,yes,yes,cellular,3,0,unknown,0
39,management,married,secondary,no,15,yes,no,cellular,2,0,unknown,0
55,blue-collar,divorced,secondary,yes,5,yes,yes,unknown,3,0,unknown,0
59,blue-collar,divorced,tertiary,no,60,yes,no,unknown,2,0,unknown,0
43,blue-collar,married,tertiary,no,70,yes,no,cellular,1,0,unknown,0
52,retired,single,tertiary,no,214,yes,no,cellular,2,0,success,0
48,blue-collar,married,secondary,no,6072,yes,no,unknown,2,0,unknown,0
38,management,married,tertiary,no,4789,yes,no,cellular,4,1,unknown,0
44,admin.,married,secondary,no,592,yes,no,telephone,1,1,other,0
32,management,married,secondary,no,142,no,no,cellular,2,0,unknown,0
63,technician,married,primary,yes,4,no,no,cellular,1,0,unknown,0
27,admin.,single,secondary,no,6837,yes,no,unknown,2,0,unknown,0
55,admin.,married,secondary,no,902,yes,no,unknown,6,0,unknown,0
39,management,married,secondary,no,3251,yes,no,cellular,5,0,unknown,0
36,technician,single,secondary,no,-867,yes,yes,cellular,1,0,other,0
26,technician,single,tertiary,no,192,no,no,unknown,3,0,unknown,0
53,management,married,secondary,no,0,yes,yes,cellular,1,0,unknown,0
46,blue-collar,divorced,secondary,no,434,no,no,cellular,3,0,unknown,0
38,services,single,unknown,no,0,no,no,cellular,1,0,unknown,0
31,unemployed,single,tertiary,no,360,no,no,unknown,2,0,unknown,0
46,services,married,secondary,no,34,no,no,cellular,1,0,unknown,0
42,technician,married,secondary,no,3501,yes,no,cellular,2,0,unknown,0
30,blue-collar,divorced,tertiary,no,-291,yes,no,unknown,2,0,unknown,0
37,services,married,unknown,no,425,yes,yes,cellular,2,0,unknown,0
39,management,married,tertiary,no,3978,yes,yes,unknown,1,0,unknown,0
27,technician,single,secondary,no,1280,no,no,cellular,2,0,unknown,0
84,technician,married,secondary,no,3096,yes,yes,cellular,2,0,failure,0
32,admin.,married,primary,no,1454,yes,no,cellular,2,0,unknown,0
37,housemaid,single,secondary,no,361,no,yes,cellular,7,0,unknown,0
34,technician,single,tertiary,no,220,no,no,cellular,13,0,unknown,0
39,admin.,married,secondary,no,1161,no,no,cellular,3,0,unknown,0
32,admin.,single,tertiary,no,-8,no,no,cellular,2,0,failure,0
50,management,single,secondary,no,17481,no,no,cellular,2,0,unknown,0
31,technician,single,secondary,no,205,yes,no,unknown,2,0,unknown,0
41,blue-collar,single,primary,no,396,no,no,unknown,2,0,unknown,0
36,management,married,secondary,no,205,no,no,cellular,1,0,unknown,0
57,services,divorced,secondary,no,81,no,no,cellular,3,0,unknown,0
56,services,divorced,tertiary,no,1411,yes,no,cellular,1,1,success,0
35,blue-collar,married,tertiary,no,1625,yes,no,cellular,3,0,unknown,0
57,technician,divorced,tertiary,no,174,yes,no,cellular,2,0,unknown,0
56,services,divorced,tertiary,no,2185,yes,no,unknown,1,0,unknown,0
27,technician,single,tertiary,no,60,no,no,cellular,5,0,unknown,0
56,services,married,secondary,no,3438,yes,no,unknown,2,0,other,0
32,services,married,secondary,no,627,yes,yes,unknown,2,0,unknown,1
48,entrepreneur,divorced,tertiary,no,235,yes,no,cellular,4,0,other,0
47,housemaid,single,tertiary,no,1866,yes,no,telephone,3,2,unknown,0
39,blue-collar,single,primary,no,1433,no,no,cellular,2,0,failure,1
32,technician,married,tertiary,no,421,yes,no,unknown,2,0,unknown,0
40,blue-collar,married,secondary,no,0,yes,no,telephone,1,0,unknown,0
47,management,married,tertiary,no,385,no,no,cellular,1,0,failure,0
36,housemaid,divorced,primary,no,0,no,no,cellular,5,0,unknown,0
44,services,divorced,tertiary,no,5089,yes,no,cellular,1,0,unknown,0
30,management,married,tertiary,no,2364,no,no,cellular,3,0,unknown,0
47,services,divorced,secondary,no,413,no,no,cellular,2,0,unknown,0
48,technician,married,secondary,no,229,no,no,cellular,28,0,unknown,0
33,services,married,secondary,no,4106,yes,no,cellular,1,0,unknown,0
48,blue-collar,married,secondary,no,1066,yes,no,cellular,1,0,unknown,0
51,management,married,secondary,no,4103,yes,no,unknown,5,0,success,0
33,management,single,tertiary,no,125,yes,no,cellular,1,0,other,0
51,retired,married,tertiary,no,8242,yes,yes,cellular,1,0,unknown,0
28,management,married,primary,no,419,yes,no,unknown,1,0,unknown,0
42,blue-collar,married,primary,no,2910,no,no,cellular,2,0,unknown,1
55,blue-collar,married,tertiary,no,204,no,no,cellular,2,0,unknown,0
59,blue-collar,married,tertiary,no,1020,yes,no,cellular,5,0,unknown,0
51,entrepreneur,single,tertiary,no,1568,yes,no,cellular,2,0,failure,0
41,technician,married,tertiary,no,2818,yes,no,cellular,2,0,unknown,0
44,technician,married,secondary,no,817,no,yes,cellular,4,0,unknown,0
62,management,divorced,secondary,no,711,yes,no,cellular,1,0,unknown,0
50,technician,married,primary,no,1159,yes,no,unknown,1,0,unknown,0
35,blue-collar,married,secondary,no,85,yes,no,cellular,4,1,unknown,0
35,blue-collar,married,secondary,no,808,yes,no,cellular,1,0,unknown,0
48,services,married,secondary,no,23,no,no,cellular,2,0,unknown,0
28,blue-collar,married,tertiary,no,1061,no,no,unknown,2,0,unknown,0
49,blue-collar,married,secondary,no,802,no,no,cellular,3,0,unknown,0
34,blue-collar,single,primary,no,1783,yes,no,cellular,5,0,unknown,0
38,technician,married,tertiary,no,148,yes,no,unknown,2,0,unknown,0
50,services,married,tertiary,no,13046,no,yes,unknown,1,0,unknown,0
31,blue-collar,married,tertiary,no,759,no,no,cellular,1,0,unknown,0
47,services,single,secondary,no,1201,yes,no,cellular,1,3,failure,0
43,management,married,primary,no,800,no,no,unknown,13,0,unknown,0
56,entrepreneur,married,secondary,no,7933,no,no,cellular,8,0,unknown,0
38,technician,single,primary,no,606,yes,no,cellular,1,0,unknown,0
53,technician,married,secondary,no,23,no,no,cellular,1,0,unknown,0
51,housemaid,divorced,unknown,no,3194,no,no,unknown,1,0,unknown,0
31,technician,married,tertiary,no,0,no,no,cellular,4,0,unknown,0
32,entrepreneur,single,secondary,no,197,yes,no,cellular,1,0,unknown,0
51,management,married,unknown,no,841,no,no,cellular,1,0,unknown,0
53,admin.,married,secondary,no,541,no,no,cellular,1,1,unknown,0
32,housemaid,single,tertiary,no,405,yes,no,cellular,1,4,failure,0
43,self-employed,single,tertiary,no,1258,yes,no,cellular,3,0,unknown,0
45,unemployed,married,secondary,no,132,no,no,cellular,3,0,unknown,1
57,admin.,married,secondary,no,0,yes,no,cellular,7,1,unknown,0
34,blue-collar,married,primary,no,6,yes,no,cellular,1,1,other,0
37,admin.,married,tertiary,no,133,yes,no,cellular,1,0,unknown,0
57,entrepreneur,married,secondary,no,271,no,no,telephone,4,0,unknown,0
36,technician,married,tertiary,no,283,no,no,cellular,1,0,unknown,0
24,admin.,single,tertiary,no,4633,yes,yes,cellular,2,0,other,0
36,admin.,single,primary,no,266,no,yes,cellular,9,0,unknown,0
32,blue-collar,married,secondary,yes,44,yes,no,unknown,1,0,unknown,0
37,technician,single,tertiary,no,502,no,no,cellular,6,0,unknown,0
47,services,married,tertiary,no,81,yes,no,cellular,2,0,unknown,0
54,management,married,secondary,no,4029,no,yes,unknown,7,0,failure,0
56,blue-collar,married,primary,no,3934,yes,no,unknown,1,0,unknown,0
34,blue-collar,married,tertiary,no,829,yes,no,cellular,2,1,unknown,0
50,admin.,married,secondary,no,7,no,no,cellular,1,0,unknown,0
31,technician,single,unknown,yes,476,no,no,telephone,2,0,unknown,0
34,services,single,tertiary,no,353,yes,no,cellular,4,0,failure,0
38,management,single,secondary,no,2884,no,no,cellular,1,0,unknown,0
42,management,single,unknown,no,0,yes,no,cellular,2,2,other,0
32,blue-collar,married,secondary,no,-94,yes,no,cellular,6,0,unknown,0
45,management,single,secondary,no,3676,yes,no,cellular,3,0,unknown,0
34,retired,single,unknown,no,11356,no,no,cellular,1,0,unknown,0
49,technician,divorced,tertiary,no,1523,yes,no,unknown,1,0,unknown,1
36,unemployed,married,secondary,no,-433,yes,yes,cellular,1,4,failure,0
38,services,single,secondary,no,563,yes,no,unknown,1,0,unknown,0
36,blue-collar,married,secondary,no,-868,yes,no,unknown,3,0,unknown,0
54,management,married,unknown,no,3165,no,no,cellular,4,0,other,0
26,technician,single,tertiary,no,874,yes,no,cellular,2,0,unknown,0
46,services,single,secondary,no,4383,no,no,cellular,4,1,unknown,0
32,management,single,tertiary,no,47,no,no,cellular,8,0,success,0
35,admin.,divorced,tertiary,no,365,yes,yes,unknown,2,0,unknown,0
26,management,single,unknown,yes,0,no,yes,cellular,2,0,success,0
30,services,divorced,secondary,no,176,no,no,cellular,3,0,unknown,0
33,self-employed,married,tertiary,no,1797,no,yes,cellular,2,0,unknown,0
32,housemaid,married,secondary,no,-97,yes,yes,unknown,4,0,unknown,0
31,admin.,single,primary,no,80,yes,no,unknown,1,1,unknown,0
31,technician,single,secondary,no,289,yes,no,cellular,2,0,unknown,0
57,retired,married,tertiary,no,43,no,no,cellular,1,0,failure,0
35,retired,married,primary,no,230,yes,no,unknown,12,0,unknown,0
33,management,married,tertiary,no,2370,yes,no,cellular,2,0,unknown,0
51,management,single,secondary,no,253,yes,no,cellular,1,0,unknown,1
41,housemaid,divorced,secondary,no,0,no,no,cellular,2,0,unknown,0
24,admin.,single,secondary,no,1518,no,yes,telephone,3,0,unknown,0
35,technician,single,secondary,no,689,no,no,cellular,3,0,unknown,0
33,management,divorced,secondary,no,0,yes,no,cellular,2,0,unknown,0
51,blue-collar,married,secondary,no,163,yes,no,cellular,4,0,unknown,0
32,technician,divorced,secondary,no,0,no,no,cellular,2,4,failure,1
36,management,single,secondary,no,103,no,no,cellular,6,0,unknown,0
40,blue-collar,married,secondary,no,199,yes,yes,cellular,12,0,unknown,0
31,management,single,primary,no,10700,no,no,unknown,1,0,unknown,0
27,services,married,secondary,no,52,yes,yes,unknown,5,0,unknown,0
43,services,divorced,primary,no,238,yes,no,unknown,2,0,unknown,0
35,entrepreneur,married,secondary,no,1710,yes,no,unknown,1,1,unknown,0
53,technician,married,secondary,no,105,no,no,unknown,11,0,unknown,0
28,technician,single,secondary,no,2273,no,no,cellular,3,0,unknown,0
30,admin.,married,secondary,no,775,yes,no,cellular,3,0,unknown,0
36,admin.,married,tertiary,no,931,no,no,cellular,5,0,unknown,0
32,management,married,tertiary,no,-435,yes,yes,unknown,2,0,failure,0
47,technician,single,secondary,no,747,no,no,unknown,3,0,unknown,0
29,management,married,primary,no,348,yes,no,cellular,5,0,unknown,0
35,blue-collar,married,tertiary,no,1666,yes,no,cellular,1,0,unknown,0
46,blue-collar,single,secondary,no,1327,no,no,cellular,2,0,unknown,0
55,technician,married,unknown,no,36,yes,no,cellular,3,0,success,0
39,management,married,tertiary,no,-7,no,no,unknown,2,0,unknown,0
30,self-employed,single,primary,no,251,no,no,cellular,9,0,unknown,0
52,entrepreneur,married,tertiary,no,1159,no,no,unknown,1,0,unknown,0
49,management,married,primary,no,2145,no,no,unknown,1,0,unknown,0
31,services,single,tertiary,no,199,no,no,telephone,1,1,unknown,0
36,services,married,secondary,no,244,yes,no,unknown,1,0,unknown,0
29,housemaid,single,primary,no,3,yes,no,unknown,2,1,failure,0
37,management,single,tertiary,no,344,no,no,cellular,2,0,unknown,0
26,student,married,tertiary,no,0,yes,no,cellular,4,0,unknown,0
37,student,divorced,secondary,yes,0,no,no,cellular,2,0,unknown,0
36,blue-collar,married,primary,no,662,yes,no,cellular,2,0,success,0
65,services,divorced,tertiary,no,239,yes,no,cellular,1,3,failure,0
26,blue-collar,single,secondary,no,5179,yes,no,unknown,1,0,unknown,1
51,retired,married,primary,no,1489,yes,yes,cellular,4,0,unknown,0
39,admin.,single,secondary,no,1819,yes,no,cellular,4,0,unknown,0
38,blue-collar,married,secondary,no,10,yes,no,unknown,1,0,unknown,0
47,technician,married,primary,no,12,no,yes,cellular,14,0,unknown,0
73,entrepreneur,married,secondary,no,3868,no,no,unknown,2,0,unknown,0
28,technician,single,tertiary,no,792,no,no,cellular,4,0,unknown,0
25,blue-collar,single,secondary,yes,250,yes,yes,cellular,2,0,unknown,1
27,blue-collar,single,tertiary,no,3533,yes,yes,unknown,2,0,unknown,0
42,management,married,primary,no,6,no,yes,cellular,1,0,unknown,0
34,entrepreneur,single,tertiary,no,407,no,no,cellular,4,0,unknown,0
41,management,married,secondary,no,864,yes,no,unknown,1,0,unknown,1
41,technician,divorced,secondary,no,-1429,yes,no,unknown,3,0,unknown,1
47,entrepreneur,married,primary,no,986,no,no,cellular,2,0,unknown,0
32,management,married,secondary,no,98,yes,yes,cellular,2,0,unknown,0
30,technician,married,tertiary,no,1415,yes,no,unknown,2,0,unknown,0
56,admin.,married,tertiary,no,439,yes,no,unknown,5,0,unknown,0
52,management,married,tertiary,no,2096,yes,no,unknown,2,0,unknown,0
56,blue-collar,married,tertiary,no,108,yes,no,cellular,1,0,unknown,0
38,self-employed,divorced,secondary,no,-6,yes,no,cellular,1,0,failure,0
47,blue-collar,married,secondary,no,581,yes,no,telephone,1,0,unknown,1
38,unemployed,single,secondary,no,71,yes,no,unknown,4,0,unknown,0
23,technician,single,secondary,no,337,no,no,cellular,3,1,unknown,0
33,admin.,married,tertiary,no,0,no,no,unknown,2,0,unknown,0
43,blue-collar,married,secondary,no,2928,yes,no,telephone,1,0,unknown,0
34,technician,single,secondary,no,7339,no,no,cellular,1,0,unknown,1
75,blue-collar,married,primary,no,0,yes,no,unknown,4,0,unknown,0
46,management,married,primary,no,865,yes,no,cellular,2,0,failure,0
41,admin.,married,secondary,no,562,yes,no,unknown,2,0,unknown,0
33,management,married,tertiary,no,1946,yes,no,cellular,1,0,unknown,0
33,retired,single,tertiary,no,8505,yes,yes,cellular,1,0,other,0
46,services,married,tertiary,no,2291,no,yes,unknown,6,0,unknown,0
39,blue-collar,married,primary,no,1438,yes,no,unknown,1,0,unknown,0
63,blue-collar,married,tertiary,no,1537,no,no,unknown,2,0,unknown,1
45,housemaid,single,secondary,no,11553,yes,no,cellular,5,0,unknown,0
37,student,divorced,tertiary,no,766,no,no,cellular,3,0,unknown,0
41,unknown,married,primary,no,103,yes,no,unknown,1,0,unknown,0
35,management,single,tertiary,no,-254,yes,no,unknown,2,0,unknown,0
35,unemployed,married,tertiary,no,122,no,no,cellular,2,0,unknown,0
61,technician,married,secondary,no,627,no,no,cellular,2,0,unknown,0
43,admin.,married,secondary,no,4369,yes,no,cellular,6,0,unknown,0
44,retired,single,secondary,no,560,yes,yes,unknown,2,0,unknown,0
86,management,divorced,tertiary,no,484,yes,no,telephone,4,0,unknown,0
35,admin.,married,tertiary,no,393,no,no,cellular,2,0,unknown,0
34,management,single,secondary,no,2026,yes,no,unknown,1,0,unknown,0
38,management,married,secondary,no,12874,no,no,cellular,2,0,unknown,0
36,services,married,secondary,yes,1259,yes,no,cellular,3,0,unknown,0
56,management,single,tertiary,no,4019,yes,no,cellular,1,0,unknown,0
51,retired,single,tertiary,no,358,yes,no,cellular,4,0,unknown,0
36,technician,married,primary,no,1073,yes,no,cellular,3,0,unknown,1
32,entrepreneur,married,primary,no,204,yes,yes,unknown,1,0,unknown,0
36,management,married,secondary,no,389,yes,no,unknown,2,0,unknown,0
26,technician,single,secondary,no,836,yes,yes,cellular,6,0,unknown,0
47,blue-collar,married,tertiary,no,1985,no,no,cellular,2,0,unknown,0
42,technician,married,tertiary,no,18639,no,no,cellular,1,0,unknown,0
52,admin.,single,tertiary,yes,-94,yes,no,cellular,1,0,unknown,0
49,services,single,secondary,no,723,no,no,cellular,5,0,success,1
23,retired,single,tertiary,no,2883,yes,no,unknown,2,0,success,0
38,management,married,secondary,no,1910,no,no,unknown,3,0,unknown,0
32,management,single,secondary,no,39,no,yes,cellular,1,3,failure,0
50,management,single,secondary,no,17479,yes,no,cellular,1,0,unknown,0
48,blue-collar,married,primary,no,347,no,yes,cellular,1,0,unknown,1
35,management,divorced,tertiary,no,2926,no,no,cellular,1,0,unknown,0
42,management,married,secondary,no,94,yes,no,cellular,3,0,unknown,0
28,services,single,primary,no,4343,yes,no,cellular,2,0,unknown,0
36,blue-collar,married,tertiary,no,13536,no,no,cellular,1,0,unknown,0
45,admin.,married,secondary,no,393,yes,no,cellular,1,0,failure,0
47,management,divorced,secondary,no,3730,yes,no,cellular,2,0,failure,0
33,blue-collar,married,secondary,no,235,yes,no,cellular,2,0,unknown,0
48,services,married,tertiary,no,1576,yes,no,unknown,5,0,unknown,0
35,retired,divorced,secondary,no,6069,no,no,cellular,1,0,unknown,0
41,self-employed,married,tertiary,no,2651,no,no,cellular,1,0,unknown,0
56,admin.,divorced,secondary,no,2305,yes,no,cellular,6,0,failure,0
31,entrepreneur,married,unknown,no,1291,yes,no,unknown,3,0,unknown,1
34,admin.,married,secondary,no,8878,yes,no,unknown,2,0,unknown,0
33,admin.,married,secondary,no,1579,yes,no,unknown,1,0,unknown,0
60,blue-collar,married,secondary,no,-11,yes,no,cellular,4,0,unknown,1
33,technician,married,tertiary,no,747,yes,no,telephone,9,0,unknown,0
34,technician,single,unknown,no,520,no,no,unknown,12,0,unknown,0
31,unemployed,married,tertiary,no,3232,no,no,cellular,2,0,unknown,0
38,services,married,secondary,no,58,no,no,cellular,1,0,unknown,0
56,unemployed,married,tertiary,no,0,yes,yes,cellular,2,0,unknown,0
53,technician,married,secondary,no,2992,no,no,cellular,1,0,unknown,0
40,management,married,secondary,no,439,no,no,unknown,3,0,unknown,0
37,management,married,secondary,no,195,yes,no,cellular,1,0,other,0
35,blue-collar,single,primary,no,5831,yes,no,cellular,3,0,failure,1
37,retired,married,primary,no,1965,no,no,cellular,4,1,failure,0
22,admin.,single,secondary,no,-349,yes,no,cellular,1,0,unknown,0
43,entrepreneur,divorced,secondary,no,4081,yes,no,unknown,2,0,failure,0
48,retired,married,tertiary,no,244,yes,no,unknown,1,0,unknown,0
35,management,single,tertiary,no,293,yes,no,cellular,1,0,unknown,0
42,management,single,tertiary,no,179,no,no,cellular,5,2,unknown,0
22,management,single,secondary,no,1415,yes,yes,unknown,4,0,other,0
29,technician,married,secondary,no,6,no,no,cellular,2,0,unknown,0
43,management,married,tertiary,no,4397,yes,no,unknown,2,0,unknown,0
53,entrepreneur,married,tertiary,no,1585,no,no,telephone,2,0,unknown,0
42,housemaid,divorced,secondary,no,0,yes,no,cellular,5,0,unknown,0
36,technician,married,primary,no,4886,no,yes,cellular,1,2,other,0
36,blue-collar,single,tertiary,no,691,yes,no,cellular,2,0,other,1
42,entrepreneur,married,secondary,no,490,yes,no,telephone,1,0,unknown,1
27,blue-collar,single,tertiary,no,323,yes,no,unknown,2,0,unknown,0
51,admin.,married,tertiary,no,23,no,no,cellular,4,2,failure,1
38,services,married,tertiary,no,3310,yes,no,cellular,2,0,unknown,0
42,management,divorced,secondary,no,872,no,no,unknown,2,0,unknown,1
37,technician,single,tertiary,no,0,yes,no,cellular,2,0,unknown,0
32,admin.,single,unknown,no,585,yes,no,unknown,2,0,failure,0
36,technician,married,tertiary,no,1927,yes,no,telephone,2,0,unknown,0
55,technician,married,tertiary,no,3726,no,no,cellular,2,2,other,0
31,retired,divorced,secondary,no,4335,yes,no,unknown,1,0,unknown,0
42,management,married,secondary,no,1158,no,no,cellular,4,0,unknown,0
39,blue-collar,married,tertiary,no,1763,yes,no,cellular,1,0,unknown,1
40,blue-collar,single,tertiary,no,664,yes,no,unknown,1,0,unknown,0
63,management,married,secondary,no,2547,no,no,cellular,1,0,failure,0
45,management,married,secondary,yes,353,yes,no,cellular,2,1,unknown,0
30,admin.,married,unknown,no,105,yes,no,unknown,2,0,unknown,0
42,management,married,secondary,no,2345,yes,no,cellular,2,0,failure,0
44,blue-collar,married,secondary,no,242,no,no,cellular,1,0,unknown,0
26,blue-collar,married,unknown,no,0,no,no,cellular,2,0,unknown,0
48,self-employed,married,primary,no,-59,yes,no,unknown,1,0,unknown,0
56,technician,single,secondary,no,300,yes,no,unknown,2,0,unknown,0
37,services,married,tertiary,no,818,yes,no,unknown,1,0,unknown,0
50,admin.,married,primary,no,770,yes,no,cellular,2,0,unknown,0
58,unemployed,married,primary,no,238,no,no,cellular,2,2,failure,0
40,management,married,secondary,no,135,no,no,cellular,5,2,unknown,0
63,technician,married,tertiary,no,1406,yes,no,cellular,3,0,unknown,0
43,management,married,tertiary,no,4341,no,no,cellular,2,0,unknown,0
32,blue-collar,married,tertiary,no,230,yes,yes,cellular,5,1,unknown,0
47,blue-collar,married,secondary,no,0,yes,no,cellular,2,0,unknown,0
46,blue-collar,married,primary,no,37,yes,no,cellular,1,1,unknown,0
32,blue-collar,married,primary,no,23,yes,no,unknown,1,0,unknown,1
56,blue-collar,married,primary,no,168,yes,no,telephone,2,0,unknown,0
27,management,married,secondary,no,7336,yes,yes,unknown,1,0,unknown,1
66,technician,married,primary,no,85,no,no,unknown,1,0,failure,0
28,self-employed,single,secondary,no,2993,yes,no,cellular,8,0,unknown,0
38,unknown,single,secondary,no,0,yes,no,cellular,1,0,unknown,0
34,management,single,unknown,no,344,yes,no,cellular,1,0,unknown,0
34,entrepreneur,single,secondary,no,6699,no,no,unknown,3,0,unknown,1
45,admin.,divorced,secondary,no,66,yes,no,cellular,1,0,unknown,0
31,blue-collar,married,secondary,no,628,yes,no,cellular,2,0,unknown,0
50,admin.,divorced,tertiary,no,1989,yes,no,unknown,1,0,unknown,1
23,unknown,single,tertiary,no,5,no,no,cellular,1,0,unknown,0
41,management,married,primary,no,639,yes,no,cellular,2,0,success,0
37,unemployed,single,primary,no,-179,yes,no,cellular,6,1,unknown,0
60,retired,married,tertiary,no,167,yes,no,unknown,2,0,unknown,0
36,retired,married,tertiary,no,64,no,no,cellular,1,2,failure,0
36,entrepreneur,single,tertiary,no,747,yes,yes,cellular,1,0,unknown,0
45,blue-collar,married,secondary,no,2051,yes,no,telephone,1,0,unknown,0
40,technician,married,primary,yes,308,no,no,unknown,2,0,unknown,0
37,admin.,married,primary,no,142,no,yes,cellular,2,0,unknown,0
38,blue-collar,married,secondary,yes,397,yes,yes,unknown,1,0,unknown,0
30,housemaid,single,secondary,no,241,yes,no,cellular,1,0,unknown,0
49,technician,single,tertiary,no,36,no,no,cellular,3,0,unknown,0
43,technician,married,tertiary,no,1058,yes,no,cellular,4,0,unknown,0
44,admin.,single,secondary,no,1297,no,no,cellular,3,0,unknown,0
31,management,married,secondary,no,2974,yes,yes,cellular,2,0,unknown,0
40,services,single,secondary,no,2951,yes,no,unknown,7,0,failure,0
55,blue-collar,married,secondary,no,311,yes,no,cellular,1,0,unknown,0
45,blue-collar,single,secondary,no,4225,no,no,unknown,1,0,unknown,0
42,blue-collar,married,primary,no,-19,yes,no,cellular,3,0,unknown,0
37,technician,married,secondary,no,2236,no,no,cellular,4,0,unknown,0
30,technician,single,tertiary,no,8179,no,no,cellular,2,0,unknown,0
53,technician,married,unknown,no,34,yes,no,unknown,2,0,unknown,0
34,housemaid,single,secondary,no,279,yes,no,cellular,1,0,failure,0
33,retired,married,secondary,no,1519,no,no,cellular,1,0,unknown,0
33,admin.,single,tertiary,no,3334,no,no,cellular,1,0,unknown,1
35,blue-collar,single,secondary,no,5417,yes,no,cellular,2,0,unknown,0
44,admin.,divorced,secondary,no,2240,no,no,unknown,1,0,unknown,0
37,management,single,tertiary,no,994,yes,no,cellular,1,0,unknown,0
35,management,married,tertiary,no,204,yes,no,telephone,1,0,unknown,0
47,technician,married,tertiary,no,-129,no,no,unknown,3,0,unknown,0
44,technician,married,secondary,no,0,no,yes,cellular,1,0,unknown,1
33,services,married,secondary,no,690,yes,no,unknown,2,0,unknown,0
26,services,single,tertiary,no,1166,no,no,cellular,1,0,success,0
51,management,married,secondary,no,-51,yes,no,cellular,3,0,unknown,0
39,blue-collar,divorced,tertiary,no,3106,yes,no,unknown,1,0,unknown,0
36,technician,single,secondary,no,244,no,no,cellular,2,0,unknown,0
53,self-employed,divorced,tertiary,no,114,no,yes,cellular,1,0,unknown,0
29,blue-collar,married,secondary,no,0,yes,no,unknown,2,0,unknown,0
50,self-employed,married,tertiary,no,879,yes,no,unknown,2,0,unknown,1
31,unemployed,single,tertiary,no,4838,yes,yes,cellular,1,0,unknown,1
37,admin.,married,secondary,no,3780,yes,no,cellular,1,0,unknown,0
45,retired,divorced,primary,no,451,yes,yes,cellular,10,0,unknown,1
84,blue-collar,married,secondary,no,399,no,no,cellular,3,0,unknown,0
54,retired,married,primary,no,299,yes,no,cellular,5,0,unknown,0
34,blue-collar,single,secondary,no,7,yes,no,cellular,1,0,unknown,1
48,management,married,primary,no,744,yes,no,cellular,1,1,failure,0
38,self-employed,married,tertiary,no,436,yes,no,cellular,2,1,unknown,0
27,management,married,secondary,no,-196,yes,no,telephone,1,1,unknown,0
31,technician,single,tertiary,no,7496,yes,yes,cellular,4,0,unknown,0
49,admin.,single,secondary,no,1040,yes,no,unknown,1,0,unknown,0
42,management,divorced,tertiary,no,5779,no,no,cellular,2,0,unknown,0
34,blue-collar,married,secondary,no,176,yes,yes,cellular,6,0,unknown,0
48,technician,married,secondary,no,367,yes,no,cellular,2,0,unknown,0
19,retired,single,tertiary,no,2324,yes,no,cellular,2,1,unknown,0
55,admin.,married,primary,no,800,no,no,unknown,4,0,other,0
53,services,divorced,secondary,no,60,yes,yes,unknown,1,0,unknown,1
36,management,married,secondary,no,-551,no,no,telephone,2,0,unknown,1
40,management,single,secondary,no,516,no,no,cellular,3,0,unknown,0
35,management,single,secondary,no,172,yes,no,unknown,2,0,unknown,0
46,services,married,secondary,no,1,yes,no,unknown,9,0,unknown,0
40,management,married,tertiary,no,471,no,no,cellular,5,0,unknown,0
31,technician,married,tertiary,no,13,no,no,cellular,2,0,unknown,0
54,blue-collar,married,secondary,no,0,yes,yes,cellular,2,0,unknown,0
37,self-employed,single,secondary,no,13,yes,no,cellular,3,0,unknown,0
30,management,married,secondary,no,168,yes,no,telephone,3,0,unknown,0
25,management,married,secondary,no,60,yes,no,cellular,1,2,success,1
46,entrepreneur,married,secondary,no,0,no,yes,unknown,2,0,other,0
58,blue-collar,married,primary,no,993,yes,no,cellular,1,0,unknown,0
56,admin.,married,secondary,no,1239,no,yes,cellular,5,0,success,0
37,admin.,married,primary,no,1340,yes,yes,unknown,4,0,unknown,0
55,blue-collar,married,secondary,no,791,yes,no,cellular,1,0,unknown,0
41,management,married,secondary,no,316,no,no,unknown,1,0,unknown,0
45,housemaid,married,tertiary,no,2,no,no,cellular,3,2,other,0
43,management,married,tertiary,no,332,yes,no,unknown,2,0,unknown,0
37,management,single,primary,no,259,no,no,cellular,1,1,unknown,0
27,management,married,secondary,no,386,yes,no,unknown,2,2,success,0
33,unknown,married,tertiary,no,838,yes,yes,cellular,4,0,unknown,0
52,management,married,secondary,no,1351,no,yes,cellular,1,0,unknown,0
30,management,married,tertiary,no,133,yes,no,cellular,6,0,unknown,0
51,technician,married,primary,no,0,yes,no,cellular,3,0,unknown,0
53,blue-collar,married,secondary,no,371,yes,no,telephone,1,0,unknown,1
34,management,married,secondary,no,4833,yes,no,unknown,7,0,unknown,0
48,technician,single,secondary,no,1976,yes,yes,cellular,2,0,success,0
36,management,single,primary,no,511,no,no,cellular,1,0,unknown,0
55,management,married,secondary,no,949,yes,yes,cellular,2,0,failure,0
52,services,married,primary,no,3357,no,no,cellular,2,0,unknown,0
57,self-employed,married,tertiary,no,12288,no,no,unknown,4,0,unknown,0
38,blue-collar,single,tertiary,no,1518,no,yes,cellular,1,0,unknown,0
42,blue-collar,single,primary,no,0,no,yes,cellular,1,4,unknown,0
39,blue-collar,married,secondary,no,79,yes,no,unknown,4,0,unknown,0
35,retired,married,tertiary,no,1495,no,no,cellular,1,3,other,0
39,management,married,secondary,no,5038,yes,no,unknown,1,0,unknown,0
35,management,married,secondary,no,14,yes,no,unknown,4,0,unknown,0
31,management,single,secondary,no,97,yes,no,unknown,1,0,unknown,0
33,management,married,secondary,no,0,no,yes,cellular,2,3,unknown,1
40,admin.,married,tertiary,no,9729,no,no,unknown,1,0,unknown,0
42,blue-collar,single,secondary,no,3571,yes,no,cellular,3,0,unknown,0
41,blue-collar,married,secondary,no,-1,yes,no,cellular,2,0,failure,0
30,blue-collar,married,secondary,no,466,yes,no,cellular,1,0,unknown,0
48,services,single,tertiary,no,10,yes,no,cellular,1,0,unknown,0
56,services,single,primary,no,6,no,no,cellular,2,0,other,1
46,entrepreneur,married,secondary,no,2487,yes,no,cellular,1,0,unknown,0
41,entrepreneur,married,tertiary,no,338,no,yes,unknown,2,0,unknown,0
36,technician,single,tertiary,no,0,no,no,unknown,6,0,unknown,0
42,services,married,tertiary,no,3571,no,no,cellular,2,0,unknown,0
47,blue-collar,married,secondary,no,645,no,no,cellular,2,0,unknown,0
36,management,single,tertiary,no,1403,no,no,cellular,3,0,unknown,0
32,management,married,secondary,no,750,no,no,cellular,3,0,unknown,0
33,services,married,tertiary,no,0,yes,no,cellular,1,0,unknown,0
47,admin.,divorced,secondary,no,4549,yes,no,unknown,1,0,unknown,1
56,management,married,secondary,no,1064,no,no,cellular,2,0,unknown,0
42,services,single,tertiary,no,71,no,no,cellular,2,0,unknown,0
36,management,married,secondary,no,424,no,no,cellular,1,0,unknown,0
26,admin.,single,secondary,no,16,yes,no,cellular,2,0,unknown,0
37,blue-collar,single,tertiary,no,-112,yes,no,cellular,2,0,unknown,0
25,blue-collar,married,tertiary,no,169,no,no,telephone,1,0,unknown,0
49,technician,married,secondary,no,197,no,yes,cellular,2,0,failure,0
56,management,married,tertiary,no,1149,yes,yes,cellular,1,0,unknown,0
55,services,divorced,tertiary,no,2527,no,no,unknown,1,0,unknown,0
34,blue-collar,single,secondary,no,61,yes,no,cellular,4,1,other,0
37,retired,married,secondary,no,2,yes,no,unknown,4,0,unknown,0
40,technician,single,tertiary,no,-4,no,no,unknown,3,0,unknown,0
46,blue-collar,married,secondary,no,72,yes,no,unknown,2,0,unknown,0
22,management,married,secondary,no,1517,yes,no,cellular,1,0,success,1
38,retired,single,primary,no,-629,yes,yes,cellular,1,0,unknown,0
50,management,married,tertiary,no,94,yes,no,cellular,2,2,unknown,0
27,blue-collar,married,tertiary,no,-70,yes,no,unknown,1,0,unknown,0
58,blue-collar,married,secondary,no,101,yes,no,cellular,6,0,unknown,0
46,management,single,secondary,no,326,no,no,cellular,1,0,success,0
28,blue-collar,married,tertiary,no,1541,no,no,unknown,1,1,unknown,1
39,blue-collar,married,tertiary,no,2296,yes,no,cellular,1,0,unknown,0
49,entrepreneur,divorced,primary,no,1043,yes,no,unknown,2,0,unknown,0
37,blue-collar,single,tertiary,no,123,yes,no,cellular,7,0,unknown,1
33,management,married,secondary,no,581,no,no,cellular,2,0,unknown,1
30,blue-collar,divorced,secondary,no,-862,no,no,cellular,6,0,unknown,0
33,management,single,secondary,no,34,no,yes,cellular,2,0,unknown,0
50,retired,divorced,primary,no,2225,no,no,unknown,1,0,unknown,0
41,blue-collar,married,tertiary,no,616,yes,no,cellular,4,0,unknown,0
56,retired,married,tertiary,no,13076,no,no,cellular,2,0,unknown,0
61,services,married,secondary,no,65,yes,no,cellular,5,0,unknown,0
38,retired,married,secondary,no,-97,yes,yes,cellular,2,0,other,1
56,retired,married,secondary,no,-735,yes,no,unknown,1,0,unknown,0
47,retired,single,secondary,no,4994,no,no,cellular,2,0,unknown,0
33,housemaid,married,secondary,no,902,yes,no,telephone,1,3,other,0
59,admin.,divorced,secondary,no,-760,no,no,telephone,2,0,unknown,0
48,management,divorced,secondary,no,148,yes,no,unknown,3,0,unknown,0
53,self-employed,divorced,secondary,no,-3,yes,no,unknown,1,0,unknown,0
30,technician,married,tertiary,yes,1059,yes,yes,cellular,22,0,unknown,0
50,retired,single,secondary,no,4590,no,no,cellular,1,2,other,0
32,retired,single,tertiary,no,2852,yes,no,cellular,2,0,failure,0
39,management,married,secondary,no,10,yes,no,cellular,3,0,unknown,0
26,entrepreneur,single,primary,no,693,no,yes,cellular,2,0,failure,0
62,services,married,secondary,no,2968,no,no,cellular,1,0,unknown,0
27,management,married,secondary,no,779,yes,no,cellular,1,0,unknown,0
34,management,married,tertiary,no,442,yes,no,cellular,2,0,unknown,0
40,blue-collar,single,secondary,no,0,no,no,cellular,1,0,unknown,0
57,technician,married,secondary,no,434,no,no,cellular,1,0,other,0
70,services,married,secondary,no,2361,no,no,unknown,2,0,unknown,0
42,management,single,secondary,no,1058,yes,no,unknown,2,0,unknown,0
37,unemployed,single,primary,no,-4,yes,no,cellular,2,0,unknown,0
30,blue-collar,married,unknown,no,998,no,yes,unknown,5,0,unknown,0
39,management,married,tertiary,no,244,yes,no,cellular,2,0,unknown,0
58,blue-collar,married,tertiary,no,512,no,no,cellular,4,0,unknown,0
37,blue-collar,married,secondary,yes,0,yes,yes,cellular,7,0,unknown,0
34,blue-collar,single,tertiary,no,0,no,no,cellular,2,0,unknown,0
38,management,married,tertiary,no,5191,yes,no,unknown,1,0,unknown,0
56,management,divorced,primary,no,13,no,no,cellular,2,1,failure,1
33,management,married,tertiary,no,1975,yes,no,unknown,3,0,unknown,0
34,management,single,secondary,no,288,no,no,cellular,1,0,unknown,0
38,technician,married,tertiary,no,340,yes,yes,cellular,5,0,unknown,0
55,management,married,tertiary,no,8023,no,no,unknown,2,0,unknown,0
41,blue-collar,single,secondary,no,50,yes,no,telephone,3,0,unknown,0
38,services,single,tertiary,no,189,no,yes,cellular,8,0,unknown,0
53,housemaid,married,secondary,no,1117,no,no,unknown,6,0,unknown,0
38,management,single,primary,no,5841,no,no,cellular,1,4,failure,1
34,management,single,secondary,yes,0,yes,no,cellular,3,0,unknown,0
55,management,married,primary,no,127,yes,no,unknown,2,0,unknown,0
25,blue-collar,married,primary,no,246,yes,no,telephone,1,1,unknown,0
40,management,married,secondary,no,308,no,no,cellular,5,0,unknown,0
26,technician,married,tertiary,no,548,yes,no,unknown,3,0,unknown,0
40,blue-collar,married,tertiary,no,1666,yes,yes,unknown,3,0,unknown,0
42,blue-collar,married,tertiary,no,469,yes,no,cellular,5,0,unknown,0
41,self-employed,married,secondary,no,10819,no,no,cellular,6,0,unknown,1
39,management,married,secondary,no,1533,yes,no,cellular,1,0,failure,0
34,technician,married,tertiary,no,75,no,no,unknown,1,0,unknown,0
39,technician,single,secondary,no,883,no,no,cellular,1,0,unknown,0
49,blue-collar,married,tertiary,no,1560,yes,no,cellular,1,0,unknown,0
44,admin.,married,secondary,no,733,no,no,unknown,1,0,unknown,0
34,unemployed,single,secondary,no,624,no,no,cellular,2,1,unknown,0
44,self-employed,single,primary,no,86,no,no,unknown,3,0,unknown,0
57,admin.,married,secondary,no,879,yes,no,cellular,1,0,unknown,0
30,self-employed,single,secondary,no,-516,no,yes,cellular,3,0,unknown,0
32,blue-collar,divorced,tertiary,no,2927,no,no,cellular,3,0,unknown,0
60,admin.,married,secondary,no,447,no,no,unknown,2,0,unknown,0
29,technician,married,secondary,no,-313,no,no,cellular,2,0,unknown,0
31,management,single,primary,no,39,yes,yes,cellular,3,0,unknown,0
42,blue-collar,married,primary,no,-140,no,no,cellular,1,0,other,0
48,services,single,secondary,no,4169,yes,no,unknown,1,0,unknown,0
58,technician,married,secondary,no,882,yes,no,unknown,2,0,unknown,1
28,admin.,single,secondary,no,0,yes,no,unknown,2,0,unknown,0
34,admin.,divorced,secondary,no,5230,yes,no,unknown,1,0,unknown,0
30,management,single,secondary,no,565,no,yes,telephone,1,0,success,0
35,management,married,tertiary,no,13265,yes,no,cellular,1,0,unknown,0
49,blue-collar,married,tertiary,no,1438,yes,no,cellular,12,0,unknown,0
27,blue-collar,single,secondary,no,6706,yes,no,cellular,6,0,unknown,0
30,self-employed,married,tertiary,no,411,yes,yes,cellular,2,0,failure,0
48,retired,married,secondary,no,1012,no,no,unknown,2,0,unknown,0
41,management,divorced,secondary,no,-295,yes,no,cellular,3,0,unknown,0
61,technician,married,primary,no,795,no,no,cellular,3,0,unknown,0
51,management,divorced,tertiary,no,644,no,no,telephone,1,0,unknown,0
45,admin.,married,tertiary,no,-703,yes,no,telephone,6,1,unknown,0
52,blue-collar,married,secondary,no,321,yes,no,unknown,1,0,unknown,0
37,unemployed,married,tertiary,no,2039,yes,no,cellular,3,1,other,0
29,blue-collar,married,secondary,no,1556,no,no,cellular,2,2,failure,1
39,blue-collar,married,secondary,no,802,yes,yes,unknown,2,0,unknown,0
54,technician,married,tertiary,no,27038,yes,no,cellular,1,0,unknown,0
41,self-employed,single,primary,no,1497,no,yes,telephone,4,0,unknown,0
24,student,single,unknown,no,1496,yes,no,cellular,1,0,unknown,0
31,services,married,tertiary,no,0,yes,no,cellular,2,0,unknown,0
30,blue-collar,married,secondary,no,72,yes,no,cellular,7,0,unknown,0
55,student,married,tertiary,no,1111,no,no,telephone,2,0,unknown,1
51,technician,married,secondary,no,9347,no,no,cellular,4,1,unknown,0
42,blue-collar,married,tertiary,no,1652,no,no,telephone,2,0,unknown,0
62,blue-collar,divorced,primary,no,27,no,no,unknown,2,0,unknown,1
36,blue-collar,single,secondary,no,273,no,no,cellular,4,0,unknown,0
32,management,single,secondary,no,582,yes,no,cellular,1,1,success,0
31,blue-collar,married,primary,no,19,yes,no,cellular,3,0,unknown,0
40,technician,single,secondary,no,14,yes,yes,cellular,1,0,unknown,1
49,technician,married,primary,no,0,yes,no,unknown,21,0,unknown,0
34,management,married,secondary,no,22175,yes,no,cellular,5,0,unknown,0
43,technician,married,tertiary,no,22356,no,no,cellular,3,0,unknown,0
37,management,single,tertiary,no,660,no,no,unknown,4,0,unknown,1
51,blue-collar,divorced,secondary,no,864,yes,no,cellular,2,0,failure,0
51,management,single,tertiary,no,746,yes,no,cellular,4,0,unknown,0
41,technician,single,secondary,no,672,yes,no,unknown,1,0,unknown,0
40,management,married,tertiary,no,823,no,no,cellular,2,0,unknown,0
27,management,married,primary,no,361,no,no,cellular,2,0,unknown,1
34,technician,divorced,secondary,no,290,yes,yes,unknown,2,0,unknown,0
50,blue-collar,married,primary,no,1022,yes,no,unknown,2,0,unknown,0
53,blue-collar,divorced,secondary,no,2660,no,no,unknown,1,0,unknown,0
48,blue-collar,married,secondary,no,944,yes,no,telephone,4,0,unknown,1
26,blue-collar,single,tertiary,no,143,no,no,cellular,2,0,unknown,0
36,admin.,single,tertiary,no,440,yes,no,cellular,1,0,unknown,1
49,admin.,married,secondary,no,0,no,no,cellular,2,0,failure,0
43,admin.,married,tertiary,no,188,no,no,unknown,2,0,unknown,0
30,retired,married,tertiary,no,51,no,no,cellular,1,0,unknown,0
52,technician,married,tertiary,no,1664,no,yes,cellular,2,0,unknown,0
51,technician,married,secondary,no,507,yes,no,unknown,1,0,unknown,0
46,technician,married,primary,no,2235,yes,yes,telephone,2,0,unknown,0
36,management,divorced,secondary,no,-445,yes,yes,cellular,2,0,unknown,0
55,technician,divorced,tertiary,no,3355,no,no,unknown,1,0,unknown,0
55,unemployed,married,primary,no,78,no,no,unknown,8,0,unknown,0
31,technician,married,primary,no,0,no,no,cellular,3,0,unknown,0
44,admin.,married,secondary,no,376,no,yes,unknown,2,0,unknown,0
42,entrepreneur,married,primary,no,-3,yes,yes,cellular,2,0,unknown,0
38,blue-collar,single,tertiary,no,1175,no,no,unknown,1,0,other,1
37,admin.,single,tertiary,no,3321,no,yes,telephone,1,0,unknown,1
31,technician,married,tertiary,no,221,no,no,telephone,5,0,unknown,0
32,housemaid,single,secondary,no,401,yes,no,cellular,1,0,unknown,0
33,management,married,tertiary,no,1415,no,no,cellular,3,0,unknown,0
60,services,married,tertiary,no,236,no,no,cellular,2,0,unknown,1
47,blue-collar,divorced,secondary,no,1660,no,no,unknown,1,0,unknown,0
34,management,single,secondary,no,2643,no,no,cellular,3,0,success,0
36,technician,single,tertiary,no,157,yes,no,cellular,6,0,unknown,0
34,management,divorced,tertiary,no,-205,no,no,telephone,3,0,unknown,0
38,retired,married,primary,no,6211,no,no,cellular,1,0,unknown,0
36,services,married,primary,no,180,no,no,cellular,16,0,unknown,0
52,blue-collar,married,secondary,no,1126,no,yes,unknown,7,0,unknown,0
59,services,single,primary,no,712,no,no,cellular,2,0,unknown,0
52,services,married,primary,no,338,no,no,unknown,3,0,success,0
27,blue-collar,married,tertiary,no,246,yes,no,unknown,3,0,unknown,0
35,management,married,tertiary,no,2814,no,no,cellular,2,0,unknown,1
38,retired,married,secondary,no,2,yes,yes,cellular,3,0,unknown,0
31,management,married,primary,no,494,no,no,unknown,4,0,unknown,0
56,services,single,tertiary,no,21526,no,no,cellular,11,0,unknown,0
30,blue-collar,married,secondary,no,0,no,no,unknown,2,0,unknown,0
39,unemployed,married,primary,no,7002,yes,yes,cellular,7,2,failure,0
30,blue-collar,single,secondary,no,3235,no,no,unknown,2,0,unknown,0
50,unemployed,married,secondary,no,300,no,no,cellular,2,0,unknown,0
31,management,single,tertiary,no,1211,no,no,cellular,4,0,unknown,0
30,admin.,married,primary,no,0,yes,no,cellular,2,2,failure,0
43,student,single,secondary,no,0,yes,no,unknown,1,0,unknown,0
37,blue-collar,married,secondary,no,605,no,yes,cellular,2,0,unknown,0
46,blue-collar,married,secondary,no,1575,yes,no,cellular,2,0,unknown,0
31,technician,single,secondary,no,63,yes,yes,unknown,1,0,failure,0
52,management,divorced,secondary,no,64,no,no,cellular,5,0,unknown,0
26,blue-collar,single,primary,no,622,yes,no,cellular,3,0,unknown,0
51,management,married,primary,no,230,no,no,telephone,4,0,unknown,0
36,blue-collar,single,secondary,no,3018,yes,no,cellular,2,0,unknown,0
25,management,single,secondary,no,1471,no,no,cellular,2,0,success,0
26,management,single,secondary,no,518,yes,no,cellular,1,0,failure,0
55,management,married,primary,no,2695,yes,no,unknown,7,0,failure,0
45,blue-collar,married,tertiary,no,0,no,no,cellular,4,0,unknown,0
39,blue-collar,married,secondary,no,4743,yes,no,cellular,2,0,unknown,0
41,blue-collar,married,primary,no,242,no,no,cellular,1,0,other,1
29,blue-collar,single,tertiary,no,-185,yes,no,telephone,5,0,unknown,0
36,blue-collar,single,secondary,no,548,yes,no,unknown,1,0,unknown,0
34,technician,married,secondary,no,-380,no,no,unknown,1,0,unknown,0
60,admin.,married,primary,no,-94,yes,no,unknown,3,0,unknown,0
50,student,married,secondary,no,680,no,no,cellular,2,0,unknown,0
30,technician,divorced,tertiary,no,6901,no,yes,cellular,2,0,unknown,1
49,admin.,married,secondary,no,5,yes,no,cellular,3,0,unknown,0
37,management,married,secondary,no,757,yes,no,cellular,1,0,success,0
36,blue-collar,married,unknown,no,3777,yes,no,unknown,2,0,success,0
38,unknown,single,secondary,no,856,no,no,cellular,3,0,unknown,1
48,technician,married,unknown,no,8311,no,no,cellular,2,0,failure,1
32,retired,single,primary,no,0,yes,no,cellular,4,0,unknown,0
52,housemaid,single,secondary,no,21764,no,no,telephone,2,0,unknown,1
35,admin.,married,secondary,no,0,yes,no,cellular,2,0,unknown,1
43,blue-collar,married,secondary,no,808,no,no,telephone,1,0,unknown,0
44,housemaid,married,secondary,no,2538,yes,no,telephone,2,0,unknown,1
62,management,married,secondary,no,228,no,no,cellular,1,1,other,1
58,services,married,tertiary,no,397,no,no,cellular,5,0,unknown,0
42,management,married,tertiary,no,480,no,no,unknown,1,0,unknown,0
33,admin.,married,secondary,no,273,yes,no,cellular,2,0,other,0
37,management,married,secondary,no,4553,yes,no,cellular,2,0,failure,0
35,technician,single,unknown,no,493,no,no,cellular,2,0,unknown,0
29,unknown,divorced,tertiary,no,3226,yes,no,unknown,2,0,unknown,0
34,self-employed,single,secondary,no,466,yes,yes,unknown,1,0,unknown,0
44,admin.,single,secondary,no,100,yes,no,cellular,2,0,unknown,1
41,entrepreneur,married,secondary,no,70,yes,no,cellular,2,0,unknown,0
57,services,married,secondary,no,-346,yes,no,cellular,2,0,unknown,0
29,admin.,divorced,tertiary,no,3060,yes,yes,cellular,2,0,unknown,0
51,services,married,primary,no,73,yes,no,telephone,1,0,success,0
38,management,single,secondary,no,263,yes,no,cellular,2,0,unknown,0
48,technician,married,secondary,no,5899,no,no,unknown,7,0,unknown,1
77,technician,married,secondary,no,11421,no,no,cellular,3,0,unknown,1
48,blue-collar,single,secondary,no,81,yes,no,unknown,2,0,unknown,0
59,blue-collar,married,primary,no,1017,yes,no,unknown,1,0,unknown,0
41,blue-collar,married,secondary,no,109,yes,no,cellular,1,0,unknown,0
28,unemployed,married,unknown,no,1237,yes,no,cellular,3,0,unknown,0
49,blue-collar,married,primary,no,857,no,yes,unknown,4,0,unknown,0
29,blue-collar,single,secondary,no,666,yes,no,cellular,3,0,unknown,0
30,self-employed,married,secondary,no,452,no,yes,unknown,1,0,unknown,0
42,technician,married,secondary,no,0,no,no,cellular,2,0,unknown,0
36,retired,married,tertiary,no,751,yes,yes,cellular,2,0,unknown,0
31,blue-collar,married,tertiary,no,0,yes,no,unknown,2,0,unknown,0
30,admin.,married,secondary,no,0,yes,yes,cellular,6,1,failure,0
37,technician,married,tertiary,yes,15,no,no,cellular,1,1,failure,1
52,management,married,tertiary,no,27699,no,no,unknown,2,0,unknown,0
32,services,married,secondary,no,43,no,yes,unknown,2,0,unknown,0
33,blue-collar,married,secondary,no,235,yes,no,cellular,2,0,unknown,0
34,management,single,tertiary,no,-20,yes,yes,cellular,2,0,unknown,0
27,self-employed,single,secondary,no,1,yes,no,unknown,2,0,unknown,0
57,technician,married,secondary,no,725,no,no,unknown,1,0,unknown,0
32,technician,single,tertiary,no,0,no,yes,telephone,5,0,unknown,0
24,technician,single,tertiary,yes,666,no,no,cellular,1,0,unknown,0
27,management,married,primary,no,9,no,no,cellular,1,0,success,0
33,technician,married,tertiary,no,1472,no,yes,unknown,8,0,unknown,1
26,management,single,secondary,no,0,yes,no,cellular,1,0,failure,0
58,admin.,married,secondary,no,6509,no,no,cellular,2,0,failure,0
32,entrepreneur,married,secondary,no,340,yes,no,cellular,2,2,failure,0
41,retired,divorced,secondary,no,-675,yes,no,unknown,1,2,failure,0
37,technician,married,primary,no,3733,yes,yes,unknown,2,0,unknown,0
31,management,single,secondary,no,1322,no,yes,cellular,5,5,unknown,1
30,admin.,married,secondary,no,-11,yes,no,unknown,5,0,unknown,0
49,blue-collar,married,primary,no,0,yes,yes,cellular,1,0,unknown,0
41,management,married,unknown,no,4217,no,no,cellular,1,1,other,0
36,technician,single,tertiary,no,575,no,yes,cellular,3,0,failure,0
58,blue-collar,married,primary,no,1093,yes,yes,unknown,1,2,other,0
32,retired,married,secondary,no,3,no,no,cellular,2,0,unknown,0
40,admin.,single,secondary,no,0,yes,yes,cellular,6,0,unknown,0
50,blue-collar,single,tertiary,no,215,no,no,cellular,1,0,unknown,0
42,management,single,secondary,no,66,no,no,cellular,1,0,unknown,0
32,management,married,secondary,no,897,no,yes,cellular,1,0,other,0
51,technician,married,primary,no,1598,no,no,cellular,2,0,unknown,0
60,admin.,married,secondary,no,13660,no,no,cellular,2,0,unknown,0
49,services,married,secondary,no,472,yes,no,cellular,7,0,unknown,0
58,blue-collar,married,secondary,no,1299,no,no,cellular,19,0,unknown,1
36,admin.,married,secondary,no,0,yes,yes,cellular,3,0,unknown,0
44,services,married,secondary,no,104,no,no,cellular,4,0,unknown,0
31,management,married,tertiary,no,10200,no,no,cellular,2,0,unknown,0
31,self-employed,single,secondary,no,0,yes,no,cellular,2,0,unknown,0
50,technician,divorced,tertiary,no,427,yes,no,cellular,2,0,unknown,0
57,services,married,secondary,no,1329,yes,no,cellular,2,0,unknown,0
29,management,married,tertiary,no,0,yes,no,cellular,2,0,unknown,0
35,technician,divorced,secondary,no,8084,yes,no,unknown,2,0,unknown,1
36,management,married,unknown,no,81,no,yes,cellular,2,0,unknown,0
34,retired,married,tertiary,no,0,no,no,cellular,1,0,unknown,0
34,housemaid,married,secondary,no,0,yes,no,cellular,1,0,unknown,0
31,management,single,tertiary,no,2,yes,yes,cellular,2,0,unknown,0
53,management,married,secondary,no,553,yes,no,cellular,4,0,unknown,0
52,retired,married,primary,no,1466,no,no,telephone,2,0,unknown,0
45,technician,married,tertiary,no,174,no,no,cellular,2,0,unknown,0
34,blue-collar,single,secondary,no,819,yes,no,cellular,1,2,failure,0
47,technician,married,secondary,no,-284,yes,no,cellular,1,0,unknown,0
33,student,married,secondary,no,872,yes,no,unknown,1,0,unknown,1
56,self-employed,divorced,tertiary,no,179,yes,yes,unknown,2,0,unknown,0
41,retired,married,secondary,no,3107,yes,no,cellular,12,0,unknown,0
38,admin.,married,secondary,no,6,no,yes,cellular,1,0,unknown,0
30,student,married,primary,no,-152,yes,no,telephone,2,0,unknown,0
52,unemployed,single,secondary,no,936,no,no,cellular,3,0,unknown,1
29,management,single,unknown,no,280,yes,no,cellular,1,0,unknown,0
54,retired,married,secondary,no,455,yes,yes,cellular,1,0,unknown,0
52,technician,married,tertiary,no,344,no,no,cellular,2,0,unknown,1
32,blue-collar,married,tertiary,no,569,no,no,cellular,1,0,unknown,0
34,technician,married,tertiary,no,452,no,no,cellular,1,0,unknown,0
34,technician,married,secondary,no,799,no,no,cellular,2,2,failure,0
52,services,married,primary,no,349,yes,no,cellular,3,0,unknown,0
35,management,single,secondary,no,2261,yes,no,cellular,1,0,unknown,0
37,housemaid,married,secondary,no,5359,no,no,cellular,2,0,unknown,0
33,admin.,married,primary,no,74,no,yes,unknown,2,0,unknown,0
34,management,single,secondary,no,412,yes,no,cellular,1,0,unknown,0
41,blue-collar,single,secondary,no,10,yes,no,cellular,4,0,unknown,0
33,services,single,tertiary,no,219,no,yes,cellular,1,0,unknown,0
51,blue-collar,single,primary,no,20,yes,no,cellular,1,0,unknown,0
40,blue-collar,married,secondary,no,50,no,no,cellular,2,1,unknown,0
42,technician,divorced,secondary,no,102,no,no,cellular,3,0,unknown,1
47,blue-collar,married,primary,no,599,yes,no,cellular,2,1,failure,0
33,management,married,primary,no,994,no,no,unknown,12,0,unknown,0
31,admin.,divorced,secondary,no,246,yes,no,unknown,1,0,unknown,0
34,blue-collar,married,secondary,no,3888,yes,no,unknown,1,0,unknown,0
37,blue-collar,single,secondary,no,1831,yes,no,unknown,1,0,success,0
34,self-employed,single,secondary,no,1470,yes,no,cellular,2,3,success,0
44,blue-collar,single,secondary,no,1425,no,yes,cellular,2,0,unknown,0
36,blue-collar,married,secondary,no,599,no,yes,cellular,1,0,unknown,0
28,blue-collar,single,secondary,no,333,yes,no,unknown,5,0,unknown,0
42,technician,divorced,tertiary,no,700,no,no,cellular,2,0,unknown,1
53,blue-collar,married,secondary,no,1143,no,no,cellular,2,2,failure,0
41,management,married,secondary,no,0,no,no,cellular,3,0,unknown,0
35,unknown,married,secondary,no,2039,yes,no,cellular,1,0,unknown,0
55,management,married,secondary,no,148,yes,no,cellular,1,0,unknown,0
58,admin.,divorced,secondary,no,1,yes,no,unknown,1,0,unknown,0
49,blue-collar,single,secondary,no,25,yes,no,cellular,1,0,unknown,0
35,management,married,secondary,no,964,yes,no,unknown,3,0,unknown,0
42,self-employed,married,tertiary,no,9208,no,no,unknown,1,3,unknown,0
32,management,single,tertiary,no,79,no,no,unknown,2,0,success,0
32,technician,single,secondary,no,0,no,yes,cellular,2,0,unknown,0
38,technician,single,secondary,no,1463,yes,no,unknown,1,0,unknown,0
41,self-employed,married,secondary,no,2302,yes,no,cellular,3,0,unknown,0
48,blue-collar,married,primary,no,351,yes,no,unknown,3,0,failure,0
30,management,married,tertiary,no,5118,no,no,cellular,1,0,unknown,0
50,retired,married,tertiary,no,556,no,no,cellular,2,0,unknown,0
24,admin.,single,secondary,no,980,yes,yes,unknown,3,0,success,0
51,management,married,tertiary,no,835,no,no,cellular,1,0,unknown,0
43,management,married,secondary,no,-540,yes,no,cellular,4,0,unknown,0
56,admin.,married,secondary,no,906,no,no,unknown,2,0,unknown,0
41,retired,married,secondary,no,5146,yes,no,cellular,1,0,unknown,0
52,blue-collar,divorced,secondary,no,6478,no,no,cellular,6,2,unknown,0
50,blue-collar,married,primary,no,741,yes,no,unknown,6,0,unknown,0
34,management,married,secondary,no,50,no,no,unknown,1,0,unknown,0
32,entrepreneur,divorced,tertiary,no,0,yes,no,cellular,2,0,unknown,0
41,blue-collar,married,tertiary,no,8901,no,no,cellular,2,0,failure,0
34,services,married,secondary,no,1325,no,no,cellular,1,0,unknown,0
39,blue-collar,single,secondary,no,518,no,no,unknown,8,1,failure,0
25,technician,single,secondary,no,0,yes,no,cellular,1,0,success,0
60,management,married,tertiary,yes,-19,no,yes,cellular,1,0,unknown,0
35,technician,married,secondary,no,196,yes,no,cellular,2,0,unknown,0
49,retired,single,secondary,no,474,yes,no,cellular,1,0,success,0
40,unemployed,single,secondary,no,75,no,yes,cellular,1,0,unknown,0
32,blue-collar,married,primary,no,360,yes,yes,cellular,1,1,unknown,0
44,services,married,secondary,no,189,no,no,cellular,24,0,unknown,0
26,technician,married,secondary,no,795,yes,no,telephone,1,0,unknown,0
52,unknown,married,tertiary,no,427,no,no,cellular,1,0,unknown,0
37,management,married,tertiary,no,1517,no,no,unknown,3,0,unknown,0
49,management,married,secondary,no,444,yes,yes,cellular,2,0,unknown,1
37,entrepreneur,single,tertiary,no,925,yes,no,cellular,7,8,failure,1
41,management,married,secondary,no,100,yes,no,cellular,1,2,unknown,0
41,management,single,tertiary,no,45,no,no,cellular,2,0,unknown,1
31,technician,single,secondary,no,131,yes,no,cellular,5,0,unknown,0
45,services,divorced,tertiary,yes,1168,no,no,telephone,4,0,unknown,0
31,blue-collar,single,secondary,no,1242,yes,yes,unknown,2,0,unknown,0
34,admin.,married,tertiary,no,865,no,no,cellular,4,0,unknown,0
54,retired,married,secondary,no,747,no,no,unknown,2,0,unknown,0
53,blue-collar,married,tertiary,no,581,no,no,cellular,2,2,other,0
27,management,single,secondary,no,508,no,no,cellular,1,0,unknown,0
34,retired,married,tertiary,no,307,yes,no,unknown,3,3,failure,0
34,admin.,married,primary,no,209,yes,no,cellular,2,0,unknown,0
30,technician,single,secondary,no,188,yes,no,cellular,1,0,unknown,0
59,management,married,secondary,no,-119,no,no,telephone,5,0,unknown,0
39,entrepreneur,married,primary,no,913,no,yes,cellular,1,0,failure,0
51,management,married,primary,no,63,no,no,cellular,3,0,success,0
46,services,married,secondary,no,0,no,no,cellular,2,0,unknown,0
30,technician,married,tertiary,no,111,yes,no,unknown,2,0,unknown,0
39,admin.,married,secondary,no,386,no,no,unknown,4,0,unknown,0
26,admin.,single,tertiary,no,574,yes,no,unknown,2,0,unknown,0
32,services,divorced,primary,no,249,no,no,cellular,2,0,unknown,0
51,management,single,tertiary,no,-205,no,no,unknown,1,0,unknown,0
30,retired,married,secondary,no,1848,yes,no,unknown,1,0,unknown,0
64,management,single,secondary,no,360,no,no,cellular,4,0,unknown,1
28,management,married,secondary,no,2196,yes,no,telephone,1,0,unknown,0
32,blue-collar,married,secondary,no,1158,no,no,cellular,2,0,unknown,0
59,technician,divorced,secondary,no,174,yes,no,unknown,1,0,success,1
39,services,married,secondary,no,4798,yes,no,unknown,5,0,unknown,0
32,self-employed,single,tertiary,no,188,yes,yes,unknown,6,0,unknown,0
54,technician,married,secondary,no,484,no,no,unknown,4,0,unknown,0
30,technician,married,primary,no,1588,yes,no,cellular,8,0,unknown,0
29,blue-collar,divorced,unknown,no,1841,no,no,cellular,7,0,unknown,0
36,services,married,tertiary,no,55,yes,no,cellular,2,0,unknown,0
51,management,married,secondary,no,3823,no,no,cellular,2,1,unknown,0
36,self-employed,single,secondary,no,108,no,no,cellular,3,0,unknown,0
25,management,single,secondary,no,0,no,no,unknown,4,0,unknown,0
51,admin.,married,tertiary,no,3230,no,no,cellular,4,0,unknown,0
34,management,single,secondary,no,900,no,no,cellular,2,0,unknown,0
50,self-employed,married,secondary,no,2525,no,no,unknown,1,0,unknown,0
26,management,married,tertiary,no,33,yes,no,unknown,2,0,unknown,0
31,services,married,secondary,no,360,yes,no,cellular,2,0,unknown,0
61,management,married,secondary,no,459,no,no,cellular,1,0,unknown,0
33,technician,married,tertiary,no,17449,no,no,unknown,1,0,unknown,0
37,self-employed,married,tertiary,no,103,yes,no,unknown,2,0,other,1
56,services,married,secondary,no,226,yes,no,cellular,5,0,unknown,0
48,admin.,married,secondary,no,362,no,no,telephone,1,0,unknown,0
37,housemaid,married,primary,no,1,no,yes,unknown,1,0,unknown,0
57,blue-collar,married,primary,no,46,yes,yes,cellular,2,0,unknown,0
55,self-employed,single,secondary,no,179,no,no,telephone,3,0,unknown,0
54,management,married,tertiary,no,282,no,no,cellular,10,0,unknown,0
47,technician,married,secondary,no,644,no,no,cellular,1,0,unknown,0
50,management,married,secondary,no,326,yes,no,cellular,1,2,other,0
45,blue-collar,married,secondary,no,751,yes,no,cellular,2,0,failure,0
27,blue-collar,married,secondary,no,146,yes,no,unknown,2,0,unknown,0
40,blue-collar,single,secondary,no,3102,yes,no,cellular,1,0,unknown,1
30,services,married,unknown,no,3726,no,yes,cellular,3,0,unknown,0
32,services,married,secondary,no,2697,no,no,cellular,2,0,unknown,0
44,technician,married,secondary,no,-124,yes,no,cellular,1,0,unknown,0
55,self-employed,single,tertiary,no,36,no,no,cellular,1,0,unknown,0
47,technician,married,tertiary,no,308,yes,no,cellular,3,0,unknown,0
31,blue-collar,married,secondary,no,1243,no,no,cellular,1,1,unknown,0
32,blue-collar,married,tertiary,no,1041,no,no,unknown,1,0,failure,0
29,services,single,primary,no,314,yes,no,unknown,2,0,unknown,0
32,technician,single,secondary,no,431,no,no,unknown,1,0,unknown,0
43,management,single,secondary,no,-3,yes,no,cellular,1,0,unknown,0
44,admin.,divorced,primary,no,225,yes,no,unknown,1,0,unknown,0
49,technician,married,tertiary,no,6055,no,no,cellular,2,0,unknown,0
27,management,married,secondary,no,452,yes,no,cellular,1,0,unknown,0
36,management,married,unknown,no,-41,no,no,cellular,1,0,unknown,0
49,admin.,married,tertiary,no,12,no,no,unknown,1,0,unknown,0
42,blue-collar,married,tertiary,no,468,no,no,cellular,6,0,unknown,0
49,services,married,secondary,no,0,yes,no,cellular,5,0,unknown,0
36,retired,single,unknown,no,-204,yes,no,cellular,2,0,unknown,0
26,services,married,tertiary,no,902,no,no,cellular,1,0,unknown,0
34,services,married,secondary,no,78,no,no,cellular,1,0,unknown,0
67,student,married,tertiary,no,0,no,no,cellular,2,0,unknown,0
31,blue-collar,divorced,tertiary,no,-149,yes,no,unknown,2,0,unknown,0
63,technician,divorced,secondary,no,3279,yes,no,cellular,3,0,unknown,1
34,technician,single,secondary,no,-59,no,yes,telephone,2,0,other,0
31,blue-collar,married,secondary,no,784,no,no,cellular,6,0,unknown,0
58,services,married,primary,no,-22,no,no,cellular,1,0,unknown,0
59,blue-collar,married,secondary,no,556,no,no,cellular,1,0,unknown,0
44,retired,married,secondary,no,471,yes,no,telephone,2,0,unknown,0
49,management,married,primary,no,187,no,no,telephone,17,0,unknown,0
27,services,divorced,secondary,no,340,yes,no,cellular,1,0,unknown,0
57,blue-collar,married,primary,no,7065,yes,no,cellular,2,0,unknown,0
48,management,single,tertiary,no,251,yes,no,cellular,2,0,unknown,0
32,management,married,secondary,no,1553,no,no,unknown,1,0,failure,0
28,management,single,tertiary,no,13147,yes,no,cellular,2,0,unknown,0
57,technician,single,primary,no,784,no,no,unknown,2,0,unknown,1
33,blue-collar,married,secondary,no,688,yes,no,cellular,2,0,unknown,0
41,admin.,married,secondary,no,7,yes,no,cellular,1,0,unknown,1
41,services,married,primary,no,568,yes,no,cellular,3,0,unknown,0
59,technician,married,primary,no,1032,yes,no,unknown,3,0,unknown,0
49,technician,married,secondary,no,557,yes,yes,unknown,1,0,unknown,0
53,management,single,tertiary,no,4010,yes,no,cellular,2,0,unknown,1
51,blue-collar,married,secondary,no,235,no,no,cellular,2,0,unknown,0
51,services,married,secondary,no,0,no,no,cellular,9,0,unknown,0
55,technician,divorced,secondary,no,4023,yes,no,cellular,1,0,unknown,0
42,retired,married,secondary,no,1172,no,no,cellular,2,0,unknown,0
49,admin.,single,secondary,no,29,no,no,telephone,3,0,failure,0
49,blue-collar,married,secondary,no,0,yes,no,unknown,2,0,unknown,0
27,student,single,secondary,no,0,yes,no,cellular,2,0,unknown,0
23,management,single,tertiary,no,8304,no,no,cellular,4,0,unknown,0
44,unemployed,married,primary,no,2880,no,no,cellular,2,0,unknown,0
35,management,married,secondary,no,125,yes,no,unknown,6,1,unknown,1
44,technician,married,primary,no,1957,yes,no,cellular,2,0,unknown,0
51,technician,married,secondary,no,579,no,no,cellular,1,0,unknown,0
43,management,single,tertiary,no,828,yes,no,unknown,3,0,unknown,0
37,technician,married,primary,no,1693,no,no,cellular,7,0,failure,0
32,management,single,primary,no,239,yes,no,cellular,2,0,unknown,0
33,blue-collar,married,secondary,no,866,no,yes,cellular,2,0,success,0
31,admin.,married,primary,no,266,no,yes,unknown,1,0,unknown,0
33,management,single,secondary,no,2530,no,no,unknown,2,0,unknown,0
28,management,single,tertiary,no,0,yes,no,cellular,2,0,unknown,0
42,blue-collar,married,tertiary,no,641,yes,no,cellular,2,0,unknown,0
58,self-employed,divorced,secondary,no,12245,yes,no,cellular,4,0,unknown,1
34,services,married,tertiary,no,669,no,no,cellular,1,0,unknown,0
39,blue-collar,married,secondary,no,1209,yes,no,unknown,2,0,unknown,0
61,management,married,primary,no,13149,yes,no,cellular,1,0,unknown,1
30,blue-collar,married,secondary,no,133,yes,yes,cellular,1,0,unknown,0
33,blue-collar,single,tertiary,no,75,no,no,cellular,1,0,other,0
53,technician,divorced,secondary,no,76,yes,no,unknown,1,0,unknown,0
29,management,single,tertiary,no,201,no,no,unknown,2,0,unknown,0
57,retired,married,primary,no,199,yes,no,cellular,1,0,unknown,0
40,technician,married,unknown,no,1283,yes,no,cellular,2,1,failure,0
36,services,married,primary,no,877,yes,no,cellular,1,0,unknown,0
40,management,single,tertiary,no,1430,yes,no,unknown,1,0,unknown,0
48,technician,single,tertiary,no,14415,yes,no,unknown,2,0,unknown,0
34,retired,married,secondary,no,1592,no,no,unknown,4,0,unknown,0
39,services,married,secondary,no,230,no,yes,cellular,1,0,unknown,0
34,unemployed,married,secondary,no,421,no,yes,cellular,3,0,unknown,0
37,management,married,tertiary,no,479,yes,no,cellular,2,0,unknown,1
34,management,single,secondary,no,41,yes,yes,cellular,2,1,unknown,0
26,housemaid,divorced,tertiary,no,778,no,no,unknown,3,0,unknown,1
34,services,married,secondary,no,6766,no,no,cellular,1,0,unknown,1
57,services,married,tertiary,no,168,yes,no,cellular,1,0,unknown,0
31,services,married,secondary,no,2500,no,no,cellular,3,0,unknown,0
72,services,divorced,tertiary,yes,638,no,no,unknown,1,0,unknown,0
54,blue-collar,married,primary,no,39,no,no,unknown,2,0,unknown,1
36,services,single,secondary,no,1101,yes,yes,cellular,3,0,unknown,0
37,self-employed,married,secondary,no,316,yes,no,unknown,1,0,unknown,1
54,management,married,tertiary,no,5853,no,no,cellular,2,0,unknown,1
47,management,married,secondary,no,20,no,yes,cellular,1,1,other,0
51,services,married,secondary,no,1902,yes,yes,telephone,6,0,unknown,0
40,management,married,tertiary,no,540,yes,no,unknown,3,1,success,0
47,management,married,tertiary,no,3385,no,no,cellular,1,0,unknown,0
41,management,married,secondary,no,756,no,no,unknown,2,0,unknown,0
33,management,married,primary,no,109,yes,no,cellular,4,0,unknown,1
30,blue-collar,married,tertiary,no,0,yes,no,cellular,1,0,unknown,1
51,management,married,secondary,no,350,no,yes,cellular,1,0,unknown,0
31,retired,married,secondary,no,1179,no,no,unknown,2,0,unknown,1
59,management,married,primary,no,3058,yes,no,cellular,3,0,unknown,1
68,management,divorced,secondary,no,770,yes,no,cellular,2,0,unknown,0
48,management,single,secondary,no,-384,yes,yes,telephone,2,0,failure,0
52,management,married,secondary,no,1144,no,no,cellular,2,0,unknown,0
44,self-employed,married,secondary,no,903,yes,no,cellular,2,0,unknown,1
33,blue-collar,married,secondary,no,13567,no,no,cellular,1,0,unknown,0
27,technician,single,tertiary,no,260,no,yes,cellular,2,0,unknown,0
40,technician,single,secondary,no,3180,no,no,cellular,2,0,unknown,0
34,technician,married,tertiary,no,246,yes,no,cellular,1,0,unknown,0
28,blue-collar,single,primary,no,1548,yes,no,cellular,1,0,other,0
32,management,married,secondary,no,1290,yes,no,cellular,1,0,unknown,0
28,management,married,secondary,no,313,yes,no,cellular,1,0,unknown,0
52,management,single,secondary,no,0,no,no,cellular,3,0,failure,0
28,management,married,primary,no,-625,yes,no,unknown,6,0,unknown,0
47,blue-collar,divorced,secondary,no,779,yes,yes,unknown,1,0,unknown,0
33,services,married,secondary,no,-319,yes,yes,cellular,3,0,unknown,0
45,admin.,single,secondary,no,-11,yes,no,unknown,1,0,unknown,0
56,services,married,tertiary,no,799,no,no,cellular,1,0,unknown,1
33,technician,married,secondary,no,3385,yes,no,unknown,7,0,unknown,0
34,technician,married,secondary,no,2155,yes,no,unknown,1,0,unknown,1
34,admin.,single,tertiary,no,1514,yes,no,cellular,2,0,unknown,0
56,unemployed,married,secondary,no,1466,no,no,cellular,1,0,unknown,0
33,retired,married,tertiary,no,6901,yes,no,cellular,2,1,unknown,0
32,retired,single,secondary,no,2,yes,no,telephone,3,0,unknown,0
51,admin.,married,secondary,no,-146,no,no,telephone,6,0,unknown,0
45,technician,married,secondary,no,0,yes,no,unknown,1,0,unknown,0
40,management,married,secondary,no,2684,no,no,cellular,4,0,failure,1
27,unemployed,married,primary,no,2977,yes,no,telephone,1,0,unknown,0
38,technician,single,secondary,no,317,yes,no,cellular,2,0,unknown,0
28,technician,married,tertiary,no,151,no,no,cellular,2,0,success,0
32,management,married,tertiary,no,309,yes,yes,cellular,1,0,unknown,1
32,services,married,tertiary,no,0,no,yes,cellular,1,0,unknown,0
53,retired,married,secondary,no,212,no,yes,cellular,2,0,unknown,0
48,student,married,secondary,no,1854,yes,no,cellular,3,0,unknown,0
26,services,married,secondary,no,668,no,no,cellular,1,0,unknown,0
54,blue-collar,married,tertiary,no,3275,no,no,cellular,1,0,other,1
28,entrepreneur,single,secondary,no,-344,no,yes,cellular,1,0,failure,0
45,management,single,secondary,yes,52,no,no,cellular,1,1,unknown,0
36,blue-collar,single,tertiary,no,61,no,no,cellular,8,0,unknown,0
48,admin.,married,secondary,no,1527,no,no,telephone,1,0,unknown,0
28,retired,married,secondary,no,3463,yes,no,cellular,1,0,unknown,1
32,services,married,tertiary,no,1841,yes,no,cellular,2,0,unknown,0
31,blue-collar,married,tertiary,no,2488,yes,no,cellular,2,0,unknown,0
36,retired,married,primary,no,6767,yes,no,unknown,1,0,unknown,0
31,retired,married,tertiary,no,440,yes,no,cellular,1,0,unknown,0
55,self-employed,married,secondary,no,379,no,no,cellular,2,0,unknown,0
37,housemaid,married,tertiary,no,8231,no,no,cellular,1,0,unknown,0
38,blue-collar,married,primary,no,-471,yes,no,cellular,2,0,unknown,0
31,blue-collar,single,secondary,no,-13,no,no,cellular,4,0,unknown,0
41,services,married,tertiary,no,-422,yes,no,cellular,3,0,unknown,1
47,housemaid,married,tertiary,no,622,no,yes,cellular,5,0,unknown,0
50,technician,married,tertiary,no,750,no,yes,cellular,2,0,unknown,0
34,admin.,married,secondary,no,1210,yes,no,unknown,1,0,unknown,1
41,technician,married,secondary,no,410,yes,no,unknown,3,0,unknown,0
47,self-employed,single,tertiary,yes,1905,no,no,unknown,1,0,unknown,0
28,technician,single,tertiary,no,7,no,no,cellular,6,0,unknown,0
31,technician,single,secondary,no,67,yes,no,cellular,2,0,unknown,0
55,self-employed,married,primary,no,131,yes,no,telephone,1,0,unknown,0
50,unknown,married,secondary,no,2121,no,no,unknown,2,0,failure,0
55,technician,divorced,tertiary,no,2024,no,no,cellular,1,0,unknown,0
32,blue-collar,divorced,primary,no,484,yes,no,cellular,2,1,failure,0
48,management,married,secondary,no,378,no,no,cellular,2,0,unknown,0
53,blue-collar,divorced,secondary,no,2217,no,no,unknown,3,0,unknown,1
58,services,single,tertiary,no,1367,no,no,cellular,1,0,failure,0
34,housemaid,married,secondary,no,1584,yes,no,cellular,2,0,unknown,0
34,management,single,primary,no,2,yes,no,unknown,1,0,unknown,0
41,management,married,secondary,no,4415,no,no,unknown,2,0,unknown,0
51,services,married,secondary,no,142,no,no,cellular,1,2,failure,0
55,services,married,tertiary,no,0,no,no,cellular,1,0,unknown,0
49,management,married,tertiary,no,2241,no,no,cellular,1,0,unknown,0
49,technician,single,secondary,no,543,yes,no,unknown,2,0,unknown,0
34,retired,single,tertiary,no,174,yes,no,cellular,9,0,unknown,0
32,entrepreneur,married,secondary,no,473,yes,no,unknown,1,0,unknown,0
36,management,divorced,secondary,no,264,yes,no,cellular,1,2,failure,0
28,unknown,married,tertiary,no,-98,yes,no,cellular,4,0,unknown,0
53,technician,married,unknown,no,-966,yes,no,unknown,1,1,unknown,1
47,blue-collar,married,secondary,no,35,no,no,cellular,2,0,unknown,0
57,retired,married,secondary,no,251,no,yes,unknown,2,0,unknown,0
55,admin.,married,tertiary,no,4903,no,no,cellular,1,6,failure,1
60,blue-collar,married,secondary,no,1136,yes,no,unknown,3,0,failure,0
59,unemployed,married,secondary,no,115,no,no,unknown,3,0,unknown,0
53,management,married,primary,no,918,yes,yes,unknown,2,0,failure,0
20,management,married,secondary,no,-929,yes,no,cellular,2,0,unknown,0
54,management,married,tertiary,no,1285,no,no,cellular,2,0,unknown,0
51,management,married,secondary,no,133,yes,no,unknown,2,0,unknown,1
34,self-employed,married,secondary,no,296,yes,no,cellular,2,0,unknown,0
46,management,married,secondary,no,999,no,no,unknown,5,0,unknown,0
53,services,married,primary,no,1784,no,yes,cellular,11,0,unknown,0
57,blue-collar,married,secondary,no,108,yes,no,cellular,4,0,unknown,0
58,management,married,secondary,no,689,no,no,cellular,3,0,unknown,0
27,housemaid,married,secondary,no,897,yes,no,cellular,1,0,unknown,0
54,management,married,secondary,no,3386,no,no,cellular,1,0,unknown,0
35,blue-collar,single,secondary,no,33,no,no,telephone,2,0,other,0
35,technician,married,secondary,no,1939,yes,no,unknown,1,0,unknown,0
55,blue-collar,married,tertiary,no,1048,no,no,cellular,2,0,unknown,0
33,technician,divorced,tertiary,no,-67,no,no,cellular,2,0,unknown,1
58,blue-collar,divorced,primary,no,245,yes,no,cellular,3,0,unknown,0
46,technician,married,secondary,no,616,no,no,cellular,2,0,unknown,0
30,management,married,secondary,no,182,yes,yes,unknown,3,0,failure,0
31,admin.,married,secondary,no,1490,yes,no,cellular,1,0,unknown,1
29,entrepreneur,married,secondary,no,1847,yes,no,unknown,4,0,other,0
49,technician,married,secondary,yes,606,no,no,cellular,2,0,unknown,0
27,self-employed,married,secondary,no,3873,yes,no,cellular,3,0,unknown,0
59,management,divorced,tertiary,no,4395,no,no,cellular,1,0,unknown,0
26,technician,married,tertiary,no,-632,yes,no,unknown,3,0,unknown,0
32,technician,married,tertiary,no,745,yes,yes,cellular,2,2,other,0
24,services,single,tertiary,no,-632,yes,no,unknown,6,0,unknown,0
51,admin.,divorced,secondary,no,131,no,no,cellular,2,4,failure,0
34,blue-collar,single,primary,no,1745,yes,no,cellular,1,0,unknown,0
33,technician,married,tertiary,no,198,yes,no,cellular,2,0,unknown,0
31,blue-collar,single,secondary,no,0,no,no,cellular,2,0,unknown,0
27,management,single,tertiary,no,170,yes,no,unknown,6,0,unknown,0
35,retired,married,tertiary,no,897,no,no,unknown,1,0,unknown,0
52,blue-collar,married,primary,no,323,yes,yes,unknown,3,0,unknown,0
53,retired,divorced,secondary,no,206,no,no,telephone,3,0,unknown,0
51,blue-collar,divorced,unknown,no,118,no,no,cellular,6,0,unknown,0
35,technician,married,tertiary,no,0,no,yes,unknown,1,3,failure,0
49,entrepreneur,married,tertiary,no,1383,no,no,cellular,2,0,unknown,0
38,technician,married,secondary,no,451,yes,no,unknown,8,0,unknown,0
54,retired,married,tertiary,no,97,no,no,cellular,5,0,unknown,0
60,blue-collar,married,secondary,no,4915,no,no,cellular,3,0,unknown,0
34,blue-collar,married,secondary,no,123,yes,yes,cellular,3,0,unknown,0
34,management,married,secondary,no,490,yes,no,cellular,3,0,unknown,1
35,services,married,secondary,no,3875,no,no,unknown,3,0,unknown,0
44,blue-collar,married,primary,no,2251,no,no,cellular,6,0,unknown,0
41,retired,married,secondary,no,582,yes,yes,unknown,1,0,unknown,1
41,admin.,divorced,secondary,no,3274,yes,no,cellular,1,0,unknown,0
45,retired,married,primary,no,108,yes,no,unknown,2,0,unknown,0
36,entrepreneur,single,tertiary,no,1943,yes,no,unknown,9,0,other,0
39,blue-collar,married,secondary,no,-7,yes,no,cellular,2,0,unknown,1
26,self-employed,single,secondary,no,989,no,no,telephone,2,0,unknown,0
36,retired,married,secondary,no,1805,no,no,unknown,2,0,unknown,0
57,unemployed,married,tertiary,no,0,yes,no,unknown,1,0,unknown,0
37,retired,married,secondary,no,21,no,yes,cellular,1,1,failure,1
58,unemployed,married,secondary,no,481,yes,no,unknown,4,0,unknown,0
32,technician,single,secondary,no,3249,yes,no,unknown,3,0,unknown,0
27,admin.,single,secondary,no,10,yes,no,cellular,4,0,failure,0
49,technician,married,primary,no,46,yes,yes,cellular,2,0,unknown,0
48,blue-collar,married,secondary,no,286,yes,no,cellular,4,0,unknown,0
50,technician,married,primary,no,6233,no,no,unknown,3,0,unknown,1
36,management,married,tertiary,no,385,yes,no,unknown,1,0,unknown,0
33,blue-collar,married,secondary,no,187,yes,no,unknown,6,0,unknown,0
30,management,married,secondary,no,47,yes,no,unknown,2,0,failure,0
42,management,married,secondary,no,1477,yes,yes,cellular,2,2,failure,0
37,technician,married,secondary,no,282,yes,no,cellular,1,0,success,0
48,blue-collar,married,secondary,no,3684,no,no,cellular,4,0,unknown,0
41,management,married,secondary,no,3121,no,no,unknown,1,0,unknown,0
36,technician,married,tertiary,no,4283,no,yes,unknown,1,0,unknown,0
35,management,married,tertiary,no,731,yes,no,cellular,4,0,unknown,0
29,blue-collar,married,secondary,no,20997,yes,yes,unknown,6,0,unknown,0
45,unknown,married,tertiary,no,2853,no,no,unknown,1,0,unknown,0
50,services,married,tertiary,no,978,no,no,cellular,24,0,unknown,0
43,self-employed,married,secondary,no,137,no,no,cellular,1,0,unknown,0
33,blue-collar,married,secondary,no,228,yes,yes,unknown,2,0,unknown,0
43,technician,married,tertiary,no,775,no,yes,cellular,3,0,unknown,0
43,blue-collar,married,secondary,no,219,no,no,cellular,1,0,unknown,0
55,management,single,secondary,no,1554,yes,no,cellular,2,0,unknown,0
47,self-employed,married,tertiary,no,0,no,no,cellular,3,0,unknown,0
36,unemployed,single,tertiary,no,1088,yes,no,cellular,1,0,other,0
45,management,married,secondary,no,902,no,no,telephone,2,0,unknown,1
43,blue-collar,divorced,tertiary,no,64,no,no,unknown,5,0,unknown,0
46,technician,divorced,unknown,no,825,yes,no,cellular,4,0,unknown,0
30,technician,single,tertiary,no,2923,yes,no,cellular,3,0,unknown,0
56,technician,married,tertiary,yes,57,no,no,unknown,4,0,unknown,1
43,housemaid,married,tertiary,no,1342,no,no,cellular,5,0,other,0
48,blue-collar,married,secondary,no,316,no,no,cellular,3,0,unknown,0
32,unemployed,single,secondary,no,1269,yes,no,unknown,5,0,failure,0
53,blue-collar,married,tertiary,no,-91,no,no,telephone,1,0,unknown,0
31,technician,married,secondary,no,8,yes,no,unknown,1,0,unknown,0
59,technician,married,tertiary,no,244,no,no,unknown,5,0,other,0
55,management,divorced,secondary,no,181,yes,no,cellular,1,0,unknown,1
48,self-employed,divorced,secondary,no,3941,yes,yes,cellular,5,0,unknown,0
38,technician,married,secondary,no,1488,yes,no,unknown,5,0,unknown,0
43,retired,married,secondary,no,103,yes,yes,cellular,2,0,unknown,0
42,management,married,secondary,no,449,yes,yes,unknown,2,0,unknown,0
37,admin.,single,primary,no,-72,yes,yes,cellular,2,0,unknown,0
49,services,single,secondary,no,468,no,no,unknown,2,0,unknown,0
60,retired,married,primary,no,77,yes,no,cellular,4,0,unknown,0
41,admin.,married,primary,no,318,yes,no,cellular,2,0,unknown,0
35,management,married,tertiary,no,9123,no,no,cellular,4,0,unknown,0
35,admin.,married,primary,no,71,no,no,unknown,3,0,unknown,0
47,management,divorced,secondary,no,67,yes,no,cellular,3,0,unknown,0
30,admin.,single,tertiary,no,201,yes,no,cellular,1,2,unknown,0
33,technician,married,unknown,no,0,no,no,cellular,3,2,unknown,0
78,technician,married,secondary,yes,100,no,no,cellular,2,0,unknown,0
43,technician,single,secondary,yes,0,no,no,cellular,1,0,unknown,1
48,management,married,secondary,no,2185,yes,no,unknown,1,0,unknown,0
30,admin.,single,primary,no,269,no,no,unknown,3,0,unknown,1
44,technician,married,secondary,no,231,no,no,unknown,1,0,unknown,0
34,housemaid,married,secondary,no,481,yes,no,cellular,2,0,failure,0
30,services,single,unknown,no,101,no,no,cellular,2,1,unknown,0
42,blue-collar,married,tertiary,no,394,no,no,unknown,2,0,unknown,0
42,blue-collar,divorced,secondary,no,-41,yes,no,cellular,2,2,success,0
33,technician,married,tertiary,no,112,no,no,cellular,4,0,unknown,1
37,services,married,tertiary,no,2097,yes,no,cellular,3,0,unknown,0
45,admin.,divorced,secondary,yes,176,yes,no,cellular,1,1,failure,0
59,blue-collar,single,secondary,no,1147,yes,no,cellular,1,0,unknown,0
38,management,married,secondary,no,157,yes,yes,cellular,1,1,unknown,1
44,self-employed,divorced,tertiary,no,1287,no,no,cellular,1,0,unknown,0
51,blue-collar,divorced,secondary,no,1066,yes,no,cellular,2,0,unknown,0
53,management,single,tertiary,no,415,no,no,cellular,1,0,failure,0
33,technician,single,unknown,no,108,no,yes,unknown,2,0,other,0
32,management,single,secondary,no,6294,no,no,unknown,2,1,unknown,0
47,blue-collar,married,unknown,no,1126,no,no,cellular,1,0,unknown,1
45,management,married,tertiary,no,624,no,no,cellular,3,0,unknown,0
54,self-employed,married,secondary,no,5,no,yes,cellular,3,0,unknown,0
33,blue-collar,married,tertiary,no,263,yes,no,cellular,3,0,failure,0
29,admin.,single,secondary,no,433,no,no,cellular,5,0,unknown,0
53,blue-collar,married,tertiary,no,369,no,no,cellular,3,0,unknown,0
45,management,married,secondary,no,25,no,no,unknown,1,0,unknown,0
29,management,married,tertiary,no,518,no,no,cellular,2,1,failure,0
42,housemaid,married,tertiary,no,-41,no,no,cellular,12,0,unknown,0
34,retired,married,secondary,no,16948,yes,no,unknown,2,0,unknown,0
39,services,single,unknown,no,319,no,no,cellular,2,0,unknown,0
39,management,married,secondary,no,0,yes,yes,cellular,1,2,unknown,0
42,technician,single,secondary,no,769,yes,no,unknown,2,0,unknown,0
28,retired,single,tertiary,no,1678,no,no,cellular,9,0,unknown,1
31,blue-collar,single,tertiary,no,130,no,no,unknown,1,0,unknown,0
55,management,single,tertiary,no,23,no,yes,cellular,3,0,unknown,0
37,technician,married,secondary,no,-876,yes,no,cellular,2,0,unknown,0
54,technician,married,primary,no,1064,no,no,cellular,2,0,unknown,1
32,management,married,tertiary,no,-75,no,no,unknown,2,0,failure,0
38,management,married,primary,no,68,no,no,cellular,1,0,unknown,0
57,services,divorced,secondary,no,1490,yes,yes,cellular,2,0,unknown,0
44,student,married,unknown,no,777,no,no,cellular,3,0,unknown,0
36,management,divorced,tertiary,no,11414,yes,no,unknown,1,0,unknown,0
33,technician,single,secondary,no,3016,yes,no,cellular,2,0,other,0
50,management,married,secondary,no,2004,yes,no,unknown,2,0,unknown,0
31,retired,married,secondary,no,1965,yes,no,cellular,3,0,unknown,0
58,management,divorced,tertiary,no,835,no,no,cellular,1,0,other,0
33,management,married,secondary,no,65,yes,yes,cellular,2,1,unknown,0
28,retired,single,tertiary,no,1033,yes,no,cellular,16,0,unknown,0
59,technician,married,secondary,no,694,no,no,unknown,2,0,unknown,0
51,technician,married,secondary,no,1680,no,no,cellular,1,0,unknown,0
36,admin.,married,secondary,no,23850,yes,no,cellular,4,1,unknown,0
51,technician,married,primary,no,2,no,yes,cellular,2,0,unknown,0
36,blue-collar,single,tertiary,no,66,no,no,cellular,1,0,success,0
42,management,married,secondary,no,46,no,no,cellular,12,0,unknown,0
56,technician,married,secondary,no,258,yes,yes,unknown,1,0,unknown,0
58,technician,married,secondary,no,2396,yes,yes,unknown,1,0,unknown,0
28,blue-collar,married,primary,no,3696,yes,no,unknown,2,0,unknown,0
32,management,married,primary,no,6837,yes,no,unknown,2,0,unknown,1
59,blue-collar,married,secondary,no,4945,no,no,telephone,1,0,unknown,0
32,blue-collar,single,tertiary,no,226,yes,no,unknown,2,1,unknown,0
42,retired,married,secondary,no,342,no,no,telephone,1,0,unknown,0
68,technician,divorced,primary,no,60,yes,no,unknown,2,0,unknown,1
26,blue-collar,married,secondary,no,1206,yes,no,unknown,2,0,unknown,0
42,management,married,secondary,no,171,yes,no,telephone,2,0,unknown,0
41,student,married,secondary,no,0,yes,no,cellular,2,0,unknown,0
34,management,married,secondary,no,694,no,no,unknown,2,0,unknown,0
40,technician,married,tertiary,no,416,no,no,cellular,2,0,unknown,0
31,blue-collar,married,secondary,no,302,yes,no,cellular,3,0,unknown,0
34,entrepreneur,married,tertiary,no,112,yes,no,cellular,1,0,failure,0
37,services,married,secondary,no,303,no,yes,cellular,3,0,unknown,1
45,blue-collar,married,primary,no,146,no,yes,cellular,6,0,unknown,0
33,blue-collar,single,tertiary,no,477,yes,no,cellular,1,0,unknown,1
32,technician,married,secondary,no,138,yes,yes,unknown,2,0,unknown,0
33,admin.,married,secondary,no,-78,yes,no,telephone,14,0,unknown,0
33,technician,married,secondary,no,459,no,no,cellular,1,0,unknown,1
51,self-employed,married,tertiary,no,2,yes,no,cellular,4,0,unknown,0
39,blue-collar,married,unknown,no,0,yes,no,unknown,3,0,unknown,0
55,blue-collar,single,secondary,no,99,yes,no,cellular,1,0,unknown,0
52,admin.,married,primary,no,665,yes,no,cellular,2,0,unknown,0
53,technician,divorced,primary,no,3668,yes,no,unknown,2,0,unknown,0
32,management,married,tertiary,no,-3,no,no,unknown,1,0,unknown,0
33,retired,married,secondary,no,35,yes,no,cellular,1,0,unknown,0
57,technician,single,secondary,no,1210,no,no,cellular,2,4,other,0
28,technician,married,tertiary,no,1471,no,yes,cellular,1,1,failure,0
43,management,married,secondary,no,0,yes,no,cellular,2,0,unknown,1
48,services,married,tertiary,no,-136,yes,no,unknown,2,0,unknown,0
57,management,married,secondary,no,1705,yes,no,unknown,2,0,unknown,0
26,services,single,tertiary,no,539,no,no,cellular,1,0,failure,1
58,management,married,secondary,no,3492,no,no,cellular,1,0,unknown,0
58,services,divorced,secondary,no,2577,yes,no,telephone,3,0,unknown,0
36,services,married,secondary,no,808,yes,yes,unknown,3,0,other,0
34,blue-collar,married,secondary,yes,6467,yes,no,unknown,1,0,unknown,0
24,blue-collar,single,secondary,no,2487,yes,no,unknown,1,0,unknown,0
42,admin.,married,primary,no,84,no,no,cellular,1,0,unknown,0
48,technician,married,secondary,no,556,yes,yes,cellular,1,0,unknown,1
32,management,divorced,tertiary,no,482,yes,yes,unknown,1,0,unknown,0
28,admin.,single,tertiary,no,-401,yes,no,cellular,2,0,unknown,0
46,technician,divorced,secondary,no,615,yes,no,cellular,2,0,unknown,0
30,blue-collar,married,tertiary,no,2580,no,no,unknown,2,0,unknown,0
51,blue-collar,married,secondary,no,0,no,no,telephone,2,0,unknown,0
37,blue-collar,single,secondary,no,1114,yes,no,cellular,2,0,unknown,0
50,services,married,secondary,no,440,yes,yes,cellular,1,1,unknown,0
47,management,married,secondary,no,2627,no,no,cellular,1,0,unknown,1
51,management,married,secondary,no,86,no,no,cellular,1,0,unknown,0
40,technician,married,secondary,no,293,no,no,unknown,2,0,unknown,1
50,management,married,secondary,no,0,no,no,unknown,2,0,unknown,0
32,entrepreneur,married,secondary,no,5107,yes,no,cellular,1,0,unknown,0
31,retired,married,secondary,no,3726,no,no,cellular,4,0,unknown,1
40,blue-collar,married,primary,no,1569,yes,no,unknown,4,0,unknown,0
32,blue-collar,single,secondary,no,157,yes,no,unknown,2,0,success,0
41,management,married,secondary,no,121,no,no,cellular,6,0,unknown,0
42,retired,divorced,secondary,no,1532,no,no,unknown,2,0,unknown,0
29,services,divorced,tertiary,no,260,yes,no,cellular,2,0,unknown,0
33,entrepreneur,married,secondary,no,0,yes,no,cellular,3,0,unknown,0
37,management,married,secondary,no,2892,no,yes,cellular,1,0,unknown,0
46,management,divorced,tertiary,no,277,no,yes,unknown,3,0,unknown,0
34,student,married,tertiary,no,518,yes,no,unknown,28,0,unknown,0
52,management,married,secondary,no,284,yes,no,cellular,1,0,unknown,0
28,self-employed,single,primary,no,1088,no,no,cellular,6,0,unknown,0
66,retired,divorced,secondary,no,435,no,no,cellular,1,0,unknown,0
41,management,married,secondary,no,2476,yes,no,unknown,1,0,unknown,0
36,admin.,married,secondary,no,40,yes,yes,cellular,1,0,failure,0
43,blue-collar,divorced,tertiary,no,9160,no,no,cellular,6,0,unknown,0
39,management,married,tertiary,no,1783,no,no,telephone,2,0,unknown,0
31,admin.,married,primary,no,253,no,yes,cellular,3,0,unknown,0
46,retired,married,primary,no,0,yes,no,unknown,2,0,unknown,0
36,blue-collar,single,secondary,no,6,yes,no,unknown,1,0,unknown,0
42,management,divorced,secondary,no,132,yes,yes,unknown,3,0,unknown,1
31,blue-collar,married,secondary,no,1796,no,no,cellular,2,1,unknown,0
34,management,divorced,tertiary,no,655,yes,no,unknown,3,0,unknown,0
50,blue-collar,married,tertiary,no,933,yes,no,telephone,1,0,unknown,0
42,management,married,secondary,no,1578,no,no,cellular,1,0,unknown,0
33,unemployed,single,secondary,no,4565,no,no,cellular,1,0,failure,0
40,services,married,secondary,no,978,no,yes,cellular,1,0,unknown,0
42,technician,married,primary,no,111,no,no,cellular,7,0,unknown,0
30,blue-collar,single,tertiary,no,0,no,no,unknown,2,0,unknown,0
28,management,single,secondary,no,2546,yes,yes,unknown,4,0,unknown,0
43,retired,single,secondary,no,1629,yes,no,unknown,2,4,failure,0
39,self-employed,single,tertiary,no,-92,no,yes,cellular,4,0,unknown,0
48,blue-collar,married,primary,no,1012,yes,no,cellular,2,0,unknown,0
51,management,single,tertiary,yes,622,no,no,cellular,2,0,unknown,0
59,services,married,tertiary,no,25,no,yes,cellular,1,0,unknown,0
51,retired,married,secondary,no,-55,yes,yes,cellular,1,0,unknown,0
38,technician,married,secondary,no,542,no,no,cellular,3,0,unknown,0
36,services,single,tertiary,no,687,yes,yes,cellular,1,0,unknown,1
27,blue-collar,married,secondary,no,32,yes,no,cellular,2,0,unknown,0
24,retired,married,secondary,no,2,no,no,cellular,3,0,unknown,1
51,unemployed,divorced,primary,no,-622,yes,no,cellular,2,0,unknown,0
76,blue-collar,married,secondary,no,1048,yes,no,unknown,4,0,unknown,0
22,admin.,single,secondary,no,47,yes,no,cellular,1,0,unknown,0
48,services,married,secondary,no,485,no,no,cellular,2,0,unknown,0
37,blue-collar,married,secondary,no,2644,no,no,cellular,4,0,success,0
34,management,married,tertiary,no,0,no,no,cellular,11,0,unknown,0
51,blue-collar,married,tertiary,no,1052,no,no,cellular,1,0,unknown,0
38,blue-collar,married,primary,no,-335,no,yes,unknown,2,0,unknown,0
40,services,married,primary,no,877,yes,no,unknown,2,0,unknown,0
34,blue-collar,married,secondary,no,1758,yes,no,telephone,1,0,unknown,0
33,technician,married,tertiary,no,669,yes,no,telephone,1,0,unknown,0
38,entrepreneur,single,tertiary,no,620,no,no,unknown,1,1,unknown,0
31,management,married,tertiary,no,353,yes,no,unknown,2,0,unknown,0
52,student,married,tertiary,no,1630,yes,yes,unknown,2,0,unknown,0
44,services,married,secondary,no,-611,no,no,cellular,1,0,unknown,0
57,management,divorced,secondary,no,162,yes,no,cellular,6,0,unknown,0
41,blue-collar,married,tertiary,no,33,yes,no,cellular,1,0,unknown,0
46,admin.,single,secondary,no,286,no,yes,cellular,3,0,unknown,0
43,admin.,single,tertiary,no,262,yes,yes,cellular,3,0,unknown,0
70,technician,divorced,secondary,no,2156,no,no,cellular,1,0,unknown,0
47,admin.,married,secondary,no,280,yes,no,unknown,2,0,unknown,0
48,technician,married,tertiary,no,453,yes,no,cellular,1,0,unknown,0
39,blue-collar,married,tertiary,no,759,yes,no,cellular,4,0,unknown,0
40,technician,single,secondary,no,18924,yes,no,unknown,2,0,unknown,0
59,housemaid,married,tertiary,no,1143,no,no,unknown,3,0,unknown,0
45,admin.,married,secondary,no,795,yes,no,cellular,3,0,unknown,0
34,admin.,married,tertiary,no,81,yes,no,unknown,4,0,unknown,0
37,services,married,tertiary,no,249,yes,yes,cellular,2,0,unknown,0
38,retired,married,tertiary,no,-313,no,no,cellular,1,0,unknown,0
33,unemployed,married,primary,no,388,no,no,cellular,1,0,unknown,1
41,technician,married,secondary,no,-183,no,no,unknown,3,0,unknown,0
40,self-employed,married,unknown,no,1286,no,no,telephone,1,0,unknown,0
36,admin.,married,primary,no,2376,no,no,cellular,1,0,unknown,0
58,technician,single,secondary,no,-379,yes,no,cellular,6,0,unknown,0
52,entrepreneur,married,secondary,no,2378,no,no,cellular,3,0,unknown,0
53,management,divorced,tertiary,no,1130,yes,no,cellular,1,0,unknown,0
35,management,single,tertiary,no,0,no,no,cellular,14,0,unknown,0
44,admin.,single,unknown,no,-189,no,yes,unknown,6,0,unknown,0
40,blue-collar,divorced,secondary,no,390,yes,no,unknown,1,0,unknown,0
36,technician,married,secondary,no,490,no,no,cellular,7,0,unknown,0
44,retired,divorced,tertiary,no,3618,yes,no,telephone,1,0,failure,1
37,admin.,married,tertiary,no,-977,no,no,unknown,3,1,unknown,0
37,technician,married,tertiary,no,2,yes,no,unknown,1,0,failure,0
54,technician,divorced,secondary,no,821,yes,yes,cellular,5,0,unknown,0
36,retired,married,secondary,no,-116,no,no,unknown,4,0,unknown,0
43,management,married,secondary,no,94,yes,no,cellular,1,0,failure,0
42,management,married,secondary,no,9,no,yes,unknown,11,0,unknown,0
51,self-employed,married,primary,no,3409,no,no,cellular,1,0,unknown,0
33,admin.,divorced,secondary,no,0,yes,no,cellular,2,0,failure,0
49,services,married,tertiary,no,2952,yes,no,unknown,1,0,unknown,0
34,blue-collar,married,tertiary,no,262,yes,no,unknown,3,0,unknown,0
39,blue-collar,single,secondary,no,103,yes,no,cellular,2,0,other,0
35,management,married,secondary,no,0,no,no,cellular,2,0,other,1
41,management,divorced,secondary,no,4357,yes,yes,telephone,5,0,unknown,0
42,services,married,tertiary,no,517,no,no,cellular,4,0,unknown,0
53,entrepreneur,married,tertiary,no,3725,yes,no,cellular,2,0,unknown,1
45,management,divorced,unknown,no,1053,yes,no,unknown,2,0,unknown,0
49,admin.,married,primary,no,0,yes,no,unknown,6,0,unknown,0
44,blue-collar,married,secondary,no,-256,no,no,cellular,2,0,unknown,1
35,self-employed,married,primary,no,2703,yes,yes,unknown,1,0,unknown,0
48,services,single,primary,no,1727,no,no,cellular,2,0,unknown,0
32,services,single,secondary,no,332,no,no,cellular,3,0,unknown,0
35,services,married,secondary,no,-191,no,no,cellular,2,0,unknown,0
55,services,divorced,tertiary,no,0,yes,yes,unknown,1,0,unknown,0
37,blue-collar,married,tertiary,no,1509,yes,no,unknown,1,0,unknown,0
37,blue-collar,married,secondary,no,0,yes,no,telephone,3,0,failure,0
25,blue-collar,married,tertiary,no,1665,yes,no,cellular,1,1,unknown,0
37,technician,single,secondary,no,31,no,no,cellular,3,0,unknown,0
36,management,married,primary,no,-550,yes,no,cellular,4,0,unknown,0
36,admin.,married,secondary,no,75,no,no,unknown,8,0,unknown,0
66,retired,married,secondary,no,3529,no,no,unknown,4,0,unknown,0
27,student,married,primary,no,519,no,yes,cellular,4,0,unknown,0
36,blue-collar,married,secondary,no,1469,no,no,unknown,2,0,unknown,0
28,entrepreneur,single,tertiary,yes,207,yes,no,unknown,1,0,unknown,1
32,management,married,tertiary,no,237,yes,no,cellular,3,0,unknown,0
33,self-employed,married,tertiary,no,119,yes,no,cellular,2,0,unknown,0
36,unknown,single,tertiary,no,2379,yes,no,cellular,4,0,unknown,0
34,blue-collar,married,primary,no,-36,no,no,cellular,2,0,unknown,0
27,management,single,tertiary,no,16,no,no,cellular,7,0,unknown,0
30,unknown,married,tertiary,no,2720,yes,no,cellular,4,0,unknown,0
59,management,divorced,secondary,no,92,yes,no,cellular,6,0,unknown,1
29,blue-collar,married,tertiary,no,0,no,yes,cellular,2,0,unknown,0
21,services,divorced,tertiary,no,492,yes,no,cellular,5,0,unknown,0
33,housemaid,married,primary,no,484,yes,no,unknown,1,2,failure,0
56,blue-collar,divorced,secondary,no,769,yes,no,unknown,6,0,unknown,0
45,retired,divorced,primary,yes,2817,yes,yes,cellular,5,0,unknown,0
33,services,married,tertiary,no,606,no,no,cellular,2,0,unknown,0
37,technician,married,secondary,no,170,yes,yes,cellular,2,1,failure,0
31,blue-collar,single,primary,no,8073,yes,no,unknown,1,0,unknown,0
40,blue-collar,married,tertiary,no,0,yes,yes,unknown,3,0,other,0
31,technician,single,primary,no,167,yes,no,cellular,6,0,unknown,0
60,admin.,married,secondary,no,1159,no,no,cellular,2,3,unknown,1
47,technician,married,tertiary,no,0,yes,no,cellular,3,0,unknown,0
47,blue-collar,married,tertiary,no,3921,yes,no,cellular,3,0,unknown,1
27,entrepreneur,married,secondary,no,77,yes,no,cellular,1,0,unknown,0
30,blue-collar,single,unknown,no,0,no,no,cellular,2,3,failure,1
34,admin.,single,secondary,no,420,yes,no,cellular,1,0,failure,0
38,services,single,secondary,no,50,no,yes,cellular,3,2,success,0
36,management,single,secondary,no,864,yes,yes,cellular,2,0,unknown,0
36,housemaid,married,unknown,no,101,yes,no,unknown,2,0,unknown,0
50,technician,married,primary,no,367,no,no,cellular,3,0,unknown,0
44,blue-collar,married,secondary,yes,98,no,no,unknown,1,1,unknown,0
41,self-employed,married,secondary,no,0,no,yes,unknown,1,0,unknown,0
60,entrepreneur,single,secondary,no,1588,no,yes,cellular,1,0,unknown,1
42,management,married,tertiary,no,-1737,no,no,cellular,3,0,unknown,0
39,services,married,primary,no,634,yes,yes,cellular,6,1,unknown,0
66,technician,single,secondary,no,3865,no,no,cellular,2,0,unknown,0
34,retired,divorced,tertiary,no,4,yes,no,cellular,8,0,unknown,1
35,blue-collar,married,secondary,no,1810,yes,no,unknown,8,0,unknown,0
31,blue-collar,divorced,secondary,no,232,yes,no,cellular,1,0,unknown,0
27,management,married,primary,no,102,yes,no,cellular,1,1,unknown,0
29,admin.,married,secondary,no,0,yes,no,cellular,3,0,unknown,0
40,student,married,primary,no,-289,yes,no,unknown,1,0,unknown,0
33,blue-collar,married,secondary,no,883,yes,no,cellular,1,0,unknown,0
46,admin.,married,primary,no,1415,yes,no,cellular,2,2,failure,0
60,housemaid,married,secondary,no,1020,no,no,cellular,1,0,unknown,0
25,blue-collar,single,secondary,no,34,no,yes,cellular,3,0,unknown,0
32,blue-collar,married,primary,no,0,yes,no,cellular,1,0,unknown,1
48,entrepreneur,married,secondary,no,282,yes,yes,unknown,2,0,unknown,0
60,technician,married,secondary,no,839,no,no,unknown,1,0,unknown,0
46,admin.,divorced,secondary,no,1767,yes,no,cellular,3,0,unknown,1
31,admin.,married,secondary,no,172,no,no,cellular,3,1,failure,0
31,housemaid,married,primary,no,2381,yes,yes,unknown,2,0,unknown,0
30,services,single,secondary,no,0,yes,no,cellular,7,0,unknown,0
46,services,married,secondary,no,3663,yes,no,unknown,7,0,unknown,0
32,self-employed,single,tertiary,no,9193,no,no,unknown,4,0,unknown,1
52,management,married,tertiary,no,1840,yes,no,unknown,1,0,unknown,0
38,management,single,unknown,no,3771,yes,no,cellular,2,3,unknown,0
26,management,single,secondary,no,1,yes,no,unknown,7,0,unknown,0
42,services,married,primary,no,0,no,no,cellular,4,0,unknown,0
40,unemployed,single,primary,no,9,yes,no,cellular,1,0,unknown,0
55,blue-collar,divorced,primary,no,189,yes,yes,cellular,2,1,unknown,0
20,admin.,single,primary,no,0,yes,no,unknown,1,0,unknown,0
46,blue-collar,married,secondary,no,117,yes,no,unknown,3,0,unknown,0
29,admin.,single,primary,no,1317,yes,no,cellular,6,0,unknown,0
45,blue-collar,married,secondary,no,214,no,no,cellular,1,1,other,0
32,housemaid,married,secondary,no,731,yes,no,cellular,4,0,unknown,0
45,services,single,secondary,no,0,yes,yes,cellular,5,0,unknown,0
26,unknown,single,tertiary,no,1335,yes,no,unknown,1,0,unknown,0
50,management,married,secondary,no,3097,yes,no,cellular,1,0,unknown,0
39,technician,divorced,secondary,no,591,yes,no,unknown,2,0,unknown,0
41,management,divorced,tertiary,no,663,yes,no,unknown,1,0,unknown,0
40,retired,single,tertiary,no,4352,no,no,cellular,2,0,success,1
46,technician,married,secondary,no,822,no,no,cellular,2,0,unknown,0
35,management,married,tertiary,no,89,yes,yes,unknown,1,0,unknown,0
48,blue-collar,married,primary,no,1130,no,yes,unknown,3,0,unknown,0
34,self-employed,married,secondary,no,0,no,no,cellular,2,0,unknown,0
48,technician,married,primary,no,0,yes,no,unknown,2,0,unknown,0
39,management,married,tertiary,no,312,no,no,cellular,2,0,unknown,1
36,blue-collar,married,tertiary,no,139,yes,no,unknown,2,0,unknown,0
31,technician,married,tertiary,no,4261,yes,no,cellular,1,0,unknown,0
37,management,married,tertiary,no,613,no,no,cellular,1,0,other,0
37,blue-collar,married,tertiary,no,89,no,no,cellular,1,0,failure,0
53,technician,single,unknown,no,5044,yes,yes,unknown,2,0,unknown,0
46,services,married,secondary,no,174,yes,no,cellular,1,0,unknown,0
36,retired,married,tertiary,no,-676,no,yes,cellular,2,0,unknown,0
58,blue-collar,married,primary,no,1259,no,no,unknown,2,0,unknown,0
39,technician,married,primary,no,0,no,no,cellular,4,0,unknown,0
37,management,married,primary,no,1048,no,no,cellular,3,0,unknown,0
25,blue-collar,divorced,unknown,no,781,yes,no,unknown,2,0,unknown,0
28,technician,married,unknown,no,0,yes,no,cellular,7,0,unknown,0
32,unemployed,married,secondary,no,110,yes,no,cellular,1,0,unknown,0
54,blue-collar,married,secondary,no,1820,no,no,cellular,1,0,failure,0
32,management,single,tertiary,no,0,yes,yes,cellular,2,0,unknown,0
50,self-employed,married,secondary,no,59,yes,no,unknown,1,2,other,0
52,technician,divorced,secondary,no,5,yes,no,cellular,1,0,unknown,0
35,blue-collar,married,secondary,no,23,no,no,unknown,2,0,failure,0
54,blue-collar,married,tertiary,no,231,no,no,cellular,2,0,unknown,0
28,technician,married,secondary,no,0,yes,no,cellular,2,0,unknown,0
47,blue-collar,married,tertiary,no,164,yes,no,cellular,2,0,unknown,0
72,management,married,primary,no,611,yes,yes,cellular,1,2,failure,0
52,retired,married,secondary,no,1159,no,no,cellular,1,0,unknown,0
28,self-employed,married,tertiary,no,0,no,no,cellular,2,0,failure,0
36,management,married,secondary,no,11368,yes,no,cellular,3,0,other,0
36,admin.,married,secondary,no,832,no,no,cellular,2,0,unknown,0
31,technician,single,tertiary,no,5,no,no,unknown,1,0,unknown,0
54,blue-collar,married,secondary,no,1022,yes,no,unknown,2,2,failure,0
44,services,married,secondary,no,0,yes,no,cellular,2,0,unknown,0
61,technician,single,secondary,no,117,yes,no,telephone,2,0,unknown,0
35,management,married,primary,no,-406,yes,no,telephone,4,0,success,0
44,management,divorced,secondary,no,-97,yes,no,unknown,1,0,unknown,0
24,technician,single,tertiary,no,6650,no,no,telephone,2,3,failure,1
35,management,married,tertiary,no,887,yes,no,unknown,4,0,unknown,0
53,unemployed,married,tertiary,no,6852,no,no,unknown,3,0,unknown,0
47,admin.,married,secondary,no,191,yes,no,cellular,2,0,unknown,0
33,admin.,single,secondary,no,0,yes,no,unknown,1,0,failure,0
24,admin.,single,primary,no,169,yes,no,cellular,2,0,unknown,0
40,retired,married,secondary,no,0,yes,no,unknown,2,0,unknown,1
34,management,married,primary,no,136,no,yes,telephone,3,0,unknown,0
41,blue-collar,married,secondary,no,1565,yes,no,cellular,2,0,unknown,0
32,management,single,primary,no,-146,yes,no,cellular,1,2,unknown,1
37,admin.,married,tertiary,no,1,yes,no,unknown,3,0,failure,0
28,student,married,secondary,no,585,yes,no,unknown,6,0,unknown,0
33,admin.,married,secondary,no,221,yes,no,cellular,3,0,unknown,0
39,management,married,secondary,no,1054,yes,no,cellular,1,0,unknown,0
32,housemaid,divorced,unknown,no,425,no,no,cellular,6,0,unknown,0
37,management,married,secondary,no,574,no,yes,cellular,2,1,failure,0
54,blue-collar,married,secondary,no,998,no,no,cellular,8,0,unknown,0
30,technician,married,primary,no,204,yes,yes,unknown,1,0,unknown,0
59,blue-collar,divorced,tertiary,no,542,yes,no,cellular,5,0,failure,0
57,management,married,primary,no,8,no,no,cellular,8,0,unknown,0
34,management,married,tertiary,no,2653,yes,no,cellular,1,0,unknown,0
60,management,divorced,primary,no,3933,no,no,cellular,1,1,failure,0
27,retired,married,secondary,no,574,yes,no,cellular,5,0,unknown,0
28,unemployed,married,secondary,no,0,no,no,cellular,2,2,failure,1
26,blue-collar,married,secondary,no,0,yes,yes,cellular,3,0,unknown,0
43,self-employed,single,secondary,no,179,no,no,telephone,3,0,unknown,0
28,management,married,unknown,no,452,yes,no,telephone,1,0,unknown,0
37,student,married,secondary,no,0,no,no,unknown,2,0,unknown,0
36,management,divorced,secondary,no,358,yes,no,unknown,1,0,unknown,0
37,blue-collar,married,primary,no,36,yes,no,cellular,8,0,unknown,0
27,entrepreneur,married,secondary,no,251,no,yes,unknown,1,0,unknown,0
51,blue-collar,single,unknown,no,79,no,no,unknown,4,0,unknown,0
30,unemployed,single,secondary,no,883,yes,no,cellular,4,0,unknown,0
42,self-employed,married,tertiary,no,42,no,yes,telephone,2,0,unknown,0
35,management,married,secondary,no,555,no,no,cellular,2,2,failure,0
34,entrepreneur,single,primary,no,6102,no,no,unknown,2,0,unknown,0
60,blue-collar,divorced,tertiary,no,-53,yes,yes,telephone,2,0,unknown,0
69,blue-collar,divorced,primary,no,144,yes,no,unknown,5,0,unknown,0
54,management,married,secondary,no,77,no,no,cellular,3,0,unknown,0
33,management,married,secondary,no,313,no,no,cellular,1,0,unknown,0
33,blue-collar,divorced,secondary,no,1924,yes,no,telephone,2,1,success,0
46,blue-collar,married,secondary,no,-378,no,no,cellular,3,0,unknown,0
40,student,married,primary,no,178,yes,no,cellular,1,0,unknown,0
33,admin.,married,secondary,no,183,yes,no,cellular,1,0,unknown,0
39,technician,married,tertiary,no,-3,no,no,cellular,2,0,unknown,0
41,admin.,married,secondary,no,1466,yes,no,cellular,1,0,unknown,0
36,services,married,secondary,no,302,no,no,cellular,5,0,unknown,0
29,entrepreneur,married,tertiary,no,156,yes,no,cellular,2,0,unknown,0
59,technician,married,secondary,no,255,no,no,cellular,4,0,unknown,0
50,unemployed,married,secondary,no,15313,no,no,cellular,7,0,unknown,0
35,services,married,secondary,no,0,no,no,cellular,2,0,unknown,0
27,management,married,secondary,no,483,no,no,cellular,1,0,unknown,1
55,housemaid,married,primary,no,57,yes,yes,cellular,4,0,failure,0
32,technician,single,secondary,no,-380,yes,no,cellular,1,0,unknown,0
53,management,married,secondary,no,477,no,no,telephone,1,0,unknown,0
45,services,married,secondary,no,280,no,no,unknown,2,0,unknown,0
29,technician,single,tertiary,no,691,no,no,unknown,5,0,unknown,0
47,self-employed,married,primary,no,174,yes,no,unknown,2,0,unknown,0
49,technician,married,secondary,no,8,yes,yes,cellular,2,0,unknown,0
34,entrepreneur,single,secondary,no,344,yes,no,unknown,2,1,unknown,0
28,blue-collar,single,tertiary,yes,756,no,no,cellular,1,0,unknown,0
39,admin.,single,secondary,no,1526,yes,no,cellular,1,0,unknown,0
41,student,married,tertiary,no,361,yes,no,unknown,2,0,unknown,0
59,blue-collar,divorced,primary,no,223,no,no,telephone,1,0,unknown,0
49,admin.,married,secondary,no,-60,yes,no,cellular,5,0,unknown,0
50,retired,married,tertiary,no,894,no,yes,cellular,2,0,unknown,1
36,management,married,tertiary,no,255,yes,yes,telephone,1,4,unknown,0
40,blue-collar,divorced,tertiary,no,353,no,no,cellular,1,0,unknown,0
52,management,divorced,secondary,no,0,no,no,unknown,1,0,unknown,0
28,retired,single,secondary,no,200,yes,no,cellular,2,0,unknown,0
43,services,divorced,secondary,no,608,no,no,cellular,1,0,unknown,0
43,management,married,secondary,no,0,yes,no,cellular,2,0,other,1
60,technician,married,tertiary,no,0,yes,no,telephone,3,0,unknown,1
38,technician,married,secondary,no,1265,yes,no,telephone,1,0,unknown,1
28,management,single,unknown,no,6635,no,no,cellular,4,0,unknown,0
47,management,married,tertiary,no,1,yes,yes,unknown,5,0,unknown,0
55,management,married,secondary,no,7353,no,no,cellular,4,0,unknown,0
37,technician,married,secondary,no,-384,yes,no,cellular,1,0,unknown,0
58,technician,divorced,secondary,no,867,no,no,unknown,15,0,success,1
43,management,divorced,secondary,no,98,yes,no,unknown,2,0,unknown,0
52,admin.,divorced,secondary,no,544,yes,no,unknown,3,0,unknown,0
59,technician,married,secondary,no,1326,no,no,cellular,6,0,unknown,0
37,blue-collar,divorced,secondary,no,1109,yes,no,unknown,1,0,unknown,0
35,technician,single,primary,no,704,yes,no,cellular,4,0,unknown,0
37,self-employed,married,tertiary,no,23,no,no,cellular,3,0,unknown,0
33,admin.,single,primary,no,1859,no,no,unknown,2,0,unknown,0
52,services,married,secondary,no,386,no,no,cellular,2,0,unknown,0
31,blue-collar,married,secondary,no,424,no,yes,cellular,2,3,unknown,0
36,technician,divorced,primary,no,92,no,yes,unknown,3,0,unknown,0
42,admin.,divorced,secondary,no,3941,yes,yes,cellular,1,0,unknown,0
57,technician,married,tertiary,no,3,no,no,cellular,1,0,unknown,0
45,blue-collar,married,secondary,no,4445,yes,no,cellular,2,0,other,0
32,management,married,tertiary,no,3301,no,no,cellular,2,0,unknown,0
37,management,single,primary,no,921,yes,no,cellular,1,0,unknown,0
29,blue-collar,married,secondary,no,-827,yes,no,unknown,4,0,unknown,0
48,blue-collar,married,secondary,no,339,yes,no,cellular,2,0,unknown,0
27,retired,married,secondary,no,1110,no,no,cellular,4,0,unknown,0
32,technician,married,primary,no,282,yes,no,cellular,4,0,success,0
30,technician,married,secondary,no,856,yes,no,cellular,1,0,unknown,0
58,housemaid,married,primary,no,8,no,yes,unknown,1,0,unknown,0
50,technician,single,tertiary,no,3774,no,yes,cellular,1,0,unknown,0
56,services,married,secondary,no,642,yes,no,unknown,3,1,failure,0
41,unemployed,married,secondary,no,31,yes,yes,cellular,5,0,unknown,0
32,unknown,single,tertiary,no,14,yes,no,cellular,2,0,unknown,0
43,student,divorced,secondary,no,162,no,yes,unknown,4,0,other,0
28,management,single,tertiary,no,1415,yes,no,cellular,1,0,unknown,0
42,management,married,unknown,no,60,yes,no,unknown,2,0,unknown,0
33,management,single,secondary,no,-200,no,no,unknown,1,0,unknown,0
39,management,single,secondary,no,261,no,yes,unknown,4,0,unknown,0
33,technician,married,tertiary,no,8878,no,no,cellular,3,0,other,0
39,technician,divorced,primary,no,1401,yes,no,cellular,8,0,unknown,0
27,technician,single,secondary,no,51,no,no,cellular,2,0,unknown,0
26,entrepreneur,single,primary,no,658,no,no,cellular,2,0,unknown,1
60,housemaid,divorced,tertiary,no,0,yes,no,cellular,1,0,unknown,1
60,services,divorced,tertiary,no,14,yes,no,cellular,6,0,failure,0
37,blue-collar,married,secondary,no,889,yes,no,unknown,1,0,unknown,0
35,management,single,secondary,no,784,yes,no,cellular,4,0,unknown,0
45,management,divorced,primary,no,3772,yes,no,unknown,3,3,failure,0
36,admin.,married,tertiary,no,7337,yes,no,unknown,3,0,unknown,1
27,entrepreneur,married,tertiary,no,0,no,no,cellular,1,0,failure,0
32,technician,single,secondary,no,0,yes,no,cellular,2,0,unknown,0
34,services,single,tertiary,no,2124,no,yes,cellular,2,0,unknown,0
67,technician,single,tertiary,no,800,no,no,cellular,14,0,unknown,1
25,blue-collar,single,tertiary,no,321,yes,no,cellular,2,0,unknown,0
34,blue-collar,single,tertiary,no,2354,yes,no,cellular,3,0,unknown,0
44,blue-collar,single,tertiary,no,518,no,no,unknown,3,0,unknown,0
32,admin.,married,tertiary,no,2118,yes,no,cellular,2,0,unknown,0
49,technician,single,tertiary,no,5237,no,no,unknown,2,0,unknown,0
50,technician,married,tertiary,no,751,no,no,unknown,2,2,failure,0
32,housemaid,married,secondary,no,442,yes,no,telephone,3,0,unknown,0
57,technician,married,tertiary,no,-338,yes,no,cellular,6,0,unknown,0
58,blue-collar,married,secondary,no,490,yes,no,cellular,1,0,unknown,0
38,management,married,secondary,no,4659,yes,no,cellular,2,0,unknown,0
56,services,married,secondary,no,429,yes,no,unknown,3,0,other,0
49,management,divorced,secondary,no,1535,yes,no,unknown,2,0,unknown,0
27,technician,single,primary,no,1033,yes,no,unknown,1,0,unknown,0
75,management,married,tertiary,no,-9,no,no,telephone,1,0,unknown,1
35,management,married,secondary,no,-316,no,no,unknown,2,0,unknown,0
33,management,married,secondary,no,475,yes,no,cellular,6,0,unknown,0
34,blue-collar,married,primary,no,-319,no,yes,cellular,1,0,unknown,0
38,blue-collar,married,tertiary,no,694,no,no,telephone,1,0,unknown,0
58,unemployed,divorced,secondary,no,311,yes,no,unknown,4,0,unknown,0
53,blue-collar,married,secondary,no,6969,yes,no,unknown,1,2,other,0
28,technician,single,primary,no,142,yes,no,cellular,1,3,other,0
34,management,single,secondary,no,1490,no,yes,cellular,5,0,unknown,0
43,blue-collar,divorced,primary,no,452,yes,yes,cellular,1,0,unknown,0
31,self-employed,married,tertiary,no,0,no,yes,cellular,1,1,other,0
27,self-employed,single,tertiary,no,139,yes,no,unknown,2,0,unknown,0
43,technician,married,tertiary,no,44,no,yes,cellular,2,0,unknown,1
30,management,married,secondary,no,2506,no,no,cellular,2,0,unknown,0
80,admin.,married,tertiary,no,40,no,no,cellular,2,0,unknown,0
42,services,married,tertiary,no,6366,no,no,cellular,5,1,unknown,0
43,management,married,unknown,no,451,yes,no,unknown,1,0,unknown,0
31,admin.,single,tertiary,no,2,yes,no,cellular,1,0,unknown,1
39,admin.,married,secondary,no,63,no,yes,telephone,2,0,failure,0
31,services,married,primary,no,2357,yes,no,cellular,6,0,unknown,0
36,management,married,secondary,no,3706,yes,no,telephone,8,0,unknown,1
42,services,married,secondary,no,9761,no,no,cellular,3,0,unknown,0
59,technician,married,primary,no,0,no,no,unknown,3,0,unknown,1
44,technician,single,tertiary,no,19353,no,no,cellular,3,0,failure,0
35,housemaid,divorced,tertiary,no,2681,yes,yes,unknown,1,0,unknown,0
40,technician,divorced,secondary,no,0,yes,yes,cellular,1,2,other,0
53,services,single,primary,no,215,no,no,cellular,4,0,unknown,0
44,retired,married,tertiary,yes,10286,yes,no,cellular,1,0,other,1
50,technician,single,secondary,no,244,yes,no,cellular,2,0,unknown,0
34,management,married,tertiary,no,0,no,no,unknown,2,0,unknown,0
45,technician,married,primary,no,358,no,no,cellular,2,0,unknown,0
28,entrepreneur,married,tertiary,no,367,yes,no,cellular,4,1,unknown,0
35,admin.,single,tertiary,no,13138,no,no,unknown,2,0,unknown,0
53,retired,married,secondary,no,-669,no,no,cellular,2,0,unknown,0
38,management,single,tertiary,no,1654,no,no,cellular,2,0,unknown,0
26,management,single,tertiary,no,351,yes,no,cellular,2,0,unknown,0
31,technician,married,secondary,no,473,no,no,cellular,4,0,unknown,0
53,services,divorced,secondary,no,639,no,no,cellular,2,0,unknown,0
36,blue-collar,married,secondary,no,102,yes,no,unknown,1,0,unknown,0
36,retired,divorced,secondary,no,0,yes,no,unknown,2,0,unknown,0
55,admin.,married,tertiary,no,295,no,no,cellular,2,1,unknown,0
44,blue-collar,single,secondary,no,-529,no,no,cellular,2,0,other,0
43,management,divorced,secondary,no,3301,no,no,cellular,4,0,unknown,0
41,entrepreneur,single,secondary,no,5308,yes,no,cellular,1,0,unknown,1
31,services,married,secondary,no,94,yes,no,unknown,2,0,unknown,0
46,blue-collar,married,secondary,no,78,yes,yes,cellular,2,4,failure,0
50,technician,married,tertiary,no,1626,yes,no,cellular,2,0,unknown,0
27,admin.,single,secondary,no,8,no,no,cellular,1,0,unknown,0
26,self-employed,married,tertiary,no,52,yes,yes,cellular,1,0,unknown,0
57,self-employed,married,tertiary,no,-31,yes,no,unknown,11,0,unknown,0
34,blue-collar,married,secondary,no,0,yes,no,cellular,24,0,unknown,0
32,management,married,secondary,no,188,no,no,cellular,2,0,unknown,0
39,blue-collar,married,primary,no,923,yes,no,cellular,1,0,unknown,0
58,services,divorced,secondary,no,594,yes,yes,cellular,2,0,unknown,0
52,management,married,secondary,no,66,no,no,unknown,1,0,unknown,0
70,admin.,divorced,secondary,no,6901,no,no,cellular,5,0,unknown,1
50,self-employed,married,secondary,no,1332,no,no,unknown,2,0,unknown,0
44,management,married,secondary,no,251,no,yes,cellular,4,0,unknown,0
52,self-employed,single,primary,no,864,no,no,cellular,2,0,success,0
30,management,married,secondary,no,44,no,no,cellular,2,0,failure,0
27,admin.,single,tertiary,no,3134,yes,no,telephone,3,0,unknown,0
56,services,single,tertiary,no,176,no,no,cellular,3,0,unknown,0
34,management,married,primary,no,0,yes,no,cellular,7,0,failure,0
40,technician,single,secondary,no,-305,yes,no,cellular,2,1,unknown,1
35,technician,married,secondary,no,4652,no,no,unknown,5,0,unknown,0
38,technician,single,tertiary,no,1278,no,no,cellular,1,0,unknown,0
44,blue-collar,married,primary,no,-320,yes,yes,cellular,4,0,unknown,0
58,entrepreneur,married,tertiary,no,371,no,no,unknown,1,0,unknown,0
34,management,married,secondary,no,0,yes,no,cellular,3,0,unknown,1
34,blue-collar,married,primary,no,475,yes,no,telephone,1,0,unknown,0
34,admin.,single,tertiary,no,49,yes,no,cellular,1,0,unknown,1
42,services,married,tertiary,no,1172,no,no,telephone,1,1,failure,0
55,admin.,married,secondary,no,0,yes,no,unknown,6,0,unknown,0
31,blue-collar,single,secondary,no,490,no,no,unknown,3,0,unknown,0
32,housemaid,single,tertiary,no,0,yes,no,cellular,8,0,unknown,0
35,admin.,married,primary,no,17,yes,yes,cellular,4,0,unknown,0
24,technician,single,tertiary,no,0,yes,no,cellular,2,0,unknown,0
33,admin.,married,secondary,no,-242,no,no,unknown,4,0,unknown,0
33,entrepreneur,single,secondary,yes,3933,yes,no,unknown,2,0,other,0
29,technician,married,tertiary,no,42,yes,no,cellular,1,0,failure,0
37,services,married,tertiary,no,386,yes,no,cellular,1,0,unknown,0
42,admin.,married,tertiary,no,504,yes,no,unknown,1,0,other,0
56,management,married,secondary,no,772,yes,no,cellular,1,0,unknown,0
41,self-employed,single,secondary,no,429,no,yes,unknown,2,0,unknown,0
46,technician,single,tertiary,no,1426,yes,no,cellular,2,0,unknown,1
27,retired,single,tertiary,no,598,yes,no,cellular,1,0,unknown,0
33,management,married,tertiary,no,7132,no,no,unknown,2,0,unknown,1
34,technician,single,tertiary,no,475,no,yes,cellular,1,0,unknown,0
30,admin.,married,secondary,no,10,yes,no,unknown,2,0,unknown,0
31,blue-collar,married,secondary,no,390,yes,no,unknown,1,0,unknown,0
46,management,married,secondary,no,0,yes,no,cellular,2,0,unknown,0
33,management,single,tertiary,no,1134,yes,no,cellular,1,0,unknown,0
35,admin.,divorced,primary,no,1581,yes,no,cellular,1,0,unknown,0
49,management,married,tertiary,no,1910,no,no,cellular,4,0,unknown,0
28,blue-collar,married,primary,no,0,yes,no,cellular,2,0,unknown,0
48,management,divorced,primary,no,460,yes,no,unknown,2,0,unknown,0
39,blue-collar,married,unknown,no,2,no,no,cellular,3,0,unknown,1
38,admin.,married,primary,no,-977,yes,no,unknown,2,0,unknown,0
52,management,married,tertiary,no,0,yes,yes,unknown,5,0,unknown,0
42,blue-collar,divorced,primary,no,205,yes,no,cellular,1,0,unknown,0
32,management,married,primary,no,-195,yes,no,cellular,1,0,unknown,0
33,admin.,single,secondary,no,2096,yes,no,cellular,7,0,unknown,0
42,services,single,unknown,no,-339,yes,no,cellular,2,0,failure,0
28,services,married,tertiary,no,2358,yes,no,cellular,7,0,success,0
50,technician,married,tertiary,no,23567,yes,no,unknown,2,0,unknown,0
28,technician,single,primary,no,4567,yes,no,cellular,1,0,unknown,0
34,blue-collar,married,tertiary,no,569,yes,no,unknown,2,0,unknown,0
34,blue-collar,divorced,tertiary,no,228,yes,no,unknown,2,0,unknown,1
48,technician,married,unknown,no,0,no,no,cellular,2,0,unknown,0
32,management,married,secondary,no,6927,no,yes,unknown,5,0,unknown,0
41,admin.,married,secondary,no,67,no,no,cellular,3,0,unknown,0
46,services,married,secondary,no,7739,no,no,cellular,1,0,unknown,0
67,management,divorced,primary,yes,1116,yes,no,telephone,2,0,unknown,0
52,blue-collar,single,tertiary,no,25,yes,no,cellular,3,0,other,0
59,services,married,tertiary,no,4381,no,no,cellular,9,0,unknown,0
34,blue-collar,single,unknown,no,887,no,no,cellular,5,0,unknown,0
30,services,married,secondary,no,-380,yes,yes,cellular,1,1,unknown,0
46,self-employed,married,secondary,no,214,no,no,cellular,1,0,unknown,0
38,housemaid,divorced,secondary,no,1372,yes,no,cellular,3,0,unknown,0
33,unemployed,single,secondary,no,303,no,yes,unknown,6,0,unknown,0
39,management,married,secondary,no,223,no,yes,cellular,3,1,unknown,0
24,blue-collar,single,secondary,no,874,yes,no,cellular,1,0,unknown,1
37,housemaid,married,primary,no,88,yes,no,cellular,4,0,unknown,0
45,management,married,primary,yes,1517,no,no,telephone,1,0,unknown,0
40,technician,married,tertiary,no,71,yes,no,unknown,1,0,unknown,0
36,blue-collar,married,tertiary,no,3661,no,no,unknown,2,0,unknown,0
53,services,divorced,tertiary,no,543,no,no,cellular,1,0,success,0
31,services,married,tertiary,no,4994,no,no,cellular,2,0,unknown,0
49,management,married,unknown,no,3864,no,no,cellular,2,0,unknown,0
33,technician,married,secondary,no,25,no,no,unknown,3,0,unknown,0
50,unemployed,divorced,tertiary,no,1604,no,no,cellular,5,0,unknown,0
58,blue-collar,married,primary,no,-11,yes,no,cellular,1,0,unknown,1
25,management,married,secondary,no,0,no,no,cellular,4,0,unknown,0
36,services,married,secondary,no,1336,no,no,cellular,2,0,unknown,0
31,management,single,unknown,no,878,no,no,cellular,2,0,unknown,0
44,admin.,single,tertiary,no,1147,yes,no,cellular,2,2,failure,0
39,admin.,divorced,secondary,no,21,no,no,telephone,1,0,unknown,0
30,technician,married,secondary,no,1297,no,no,unknown,1,0,unknown,0
53,blue-collar,divorced,secondary,no,334,no,no,cellular,1,0,unknown,0
34,technician,married,primary,no,3357,yes,no,telephone,5,0,unknown,1
36,management,divorced,tertiary,no,1932,yes,no,cellular,2,0,unknown,1
35,admin.,single,secondary,no,-35,no,yes,cellular,6,0,unknown,0
32,blue-collar,single,primary,no,76,no,no,cellular,1,1,failure,0
42,services,married,secondary,no,1523,yes,yes,cellular,1,0,unknown,0
41,blue-collar,married,tertiary,no,38,yes,no,cellular,2,0,failure,0
52,retired,married,secondary,no,748,no,no,unknown,2,0,unknown,0
42,technician,single,tertiary,no,971,no,no,telephone,1,0,unknown,0
28,technician,single,secondary,no,714,no,no,unknown,2,0,unknown,0
33,management,single,tertiary,no,323,no,no,cellular,1,0,unknown,1
49,management,married,tertiary,no,1012,no,no,cellular,2,0,unknown,0
38,management,married,primary,no,73,yes,no,cellular,1,0,unknown,0
56,services,married,tertiary,no,1490,no,no,unknown,2,0,unknown,0
40,services,single,tertiary,yes,8425,yes,no,cellular,5,0,unknown,1
40,blue-collar,single,tertiary,no,-30,no,no,cellular,2,0,failure,0
37,technician,married,secondary,no,40,yes,no,cellular,2,0,unknown,0
42,blue-collar,married,secondary,no,604,yes,no,cellular,1,1,other,0
28,unemployed,single,tertiary,no,103,no,yes,unknown,7,0,unknown,0
24,retired,married,secondary,no,-70,no,no,cellular,1,0,unknown,0
53,blue-collar,married,tertiary,no,739,no,no,unknown,2,0,unknown,0
33,blue-collar,married,secondary,no,2580,yes,no,cellular,3,1,unknown,0
49,retired,divorced,secondary,no,2545,yes,no,cellular,4,0,unknown,1
72,services,married,secondary,no,31,yes,no,cellular,3,0,unknown,0
83,management,married,secondary,no,7018,no,yes,cellular,4,2,unknown,1
26,technician,married,tertiary,no,3616,no,no,cellular,2,0,unknown,0
36,technician,single,secondary,no,192,yes,no,unknown,1,0,unknown,0
31,self-employed,single,tertiary,no,258,yes,no,cellular,1,0,unknown,0
59,admin.,divorced,primary,no,1990,yes,no,cellular,4,0,unknown,0
35,blue-collar,single,unknown,no,862,yes,no,unknown,11,0,unknown,0
32,technician,married,primary,no,33,no,no,unknown,1,0,unknown,0
37,management,married,secondary,no,-324,yes,yes,unknown,2,2,unknown,0
49,retired,single,secondary,no,1313,yes,no,cellular,2,0,unknown,0
37,management,single,secondary,no,6,no,no,cellular,2,0,unknown,0
43,blue-collar,married,tertiary,yes,-961,yes,no,cellular,2,0,unknown,0
36,unknown,married,secondary,no,353,no,yes,cellular,2,0,unknown,0
34,management,divorced,secondary,no,-495,no,no,cellular,1,0,unknown,0
35,blue-collar,married,tertiary,no,151,no,no,cellular,1,0,unknown,0
24,management,single,unknown,no,444,yes,no,cellular,1,0,failure,0
32,management,married,secondary,no,448,yes,no,cellular,2,0,failure,0
41,technician,married,tertiary,no,3277,yes,no,cellular,2,0,unknown,0
41,entrepreneur,divorced,primary,no,2881,no,no,telephone,3,0,unknown,0
54,admin.,married,tertiary,no,1070,no,no,cellular,2,0,failure,0
40,blue-collar,divorced,secondary,no,43,no,no,unknown,2,0,unknown,0
37,blue-collar,single,tertiary,no,0,yes,no,unknown,4,1,unknown,0
34,management,married,secondary,no,730,yes,no,unknown,2,0,unknown,0
33,blue-collar,divorced,secondary,no,872,yes,yes,cellular,3,0,success,0
34,technician,single,unknown,no,866,yes,no,cellular,4,0,unknown,0
60,technician,married,tertiary,no,419,yes,no,cellular,1,1,unknown,1
36,entrepreneur,married,primary,no,0,yes,no,cellular,2,0,failure,0
50,services,married,primary,no,4862,yes,no,cellular,4,0,unknown,0
49,admin.,divorced,secondary,no,-731,yes,no,cellular,4,0,unknown,0
58,management,divorced,tertiary,no,-244,no,no,unknown,3,0,unknown,0
51,blue-collar,divorced,tertiary,no,-471,yes,no,cellular,3,0,unknown,0
60,management,married,secondary,no,4415,yes,no,cellular,2,0,unknown,0
37,management,single,secondary,no,978,yes,no,unknown,2,0,unknown,0
44,management,single,tertiary,no,378,no,no,cellular,2,2,failure,0
39,blue-collar,single,primary,no,16935,yes,no,cellular,4,0,failure,0
51,unknown,married,tertiary,no,2415,no,no,cellular,1,0,unknown,0
47,technician,married,secondary,no,2858,no,no,cellular,1,0,failure,0
59,technician,single,primary,no,1067,yes,no,cellular,2,0,unknown,0
31,entrepreneur,married,tertiary,no,2397,yes,no,unknown,4,0,unknown,0
43,management,divorced,secondary,no,286,yes,no,cellular,2,0,unknown,0
51,technician,married,secondary,no,23,no,no,cellular,2,0,unknown,0
50,management,married,secondary,no,0,yes,no,unknown,6,0,unknown,0
49,management,single,primary,no,1956,yes,no,cellular,1,3,failure,0
31,blue-collar,single,primary,no,0,yes,no,unknown,1,0,unknown,0
36,services,married,tertiary,no,-170,no,no,unknown,4,0,unknown,0
50,blue-collar,divorced,tertiary,no,0,yes,no,unknown,2,0,unknown,0
53,admin.,married,primary,no,0,no,no,telephone,3,0,unknown,0
40,blue-collar,single,primary,no,0,yes,no,cellular,4,0,unknown,0
45,technician,single,tertiary,no,0,no,yes,cellular,3,0,failure,0
58,retired,married,primary,no,1438,yes,no,cellular,1,0,unknown,0
30,management,single,secondary,no,26431,yes,no,cellular,2,0,unknown,0
42,technician,married,secondary,no,3099,no,no,unknown,1,0,unknown,0
54,admin.,married,secondary,no,-118,yes,no,unknown,1,0,other,0
51,technician,single,primary,no,697,no,no,cellular,3,0,unknown,0
41,technician,divorced,primary,no,22,yes,no,unknown,2,0,unknown,0
55,management,divorced,secondary,no,502,yes,no,unknown,2,0,unknown,1
41,technician,married,tertiary,no,2927,no,no,cellular,3,0,unknown,0
45,self-employed,married,primary,no,2234,yes,no,unknown,2,0,unknown,0
30,blue-collar,married,primary,no,386,yes,no,cellular,2,0,unknown,0
47,admin.,married,tertiary,no,23,yes,no,cellular,2,0,unknown,0
54,blue-collar,single,tertiary,no,1142,no,yes,unknown,1,0,unknown,0
43,entrepreneur,married,secondary,no,516,yes,no,cellular,3,0,unknown,0
57,retired,single,secondary,no,142,yes,no,cellular,2,0,unknown,1
45,student,married,secondary,no,0,no,no,cellular,2,0,unknown,0
37,blue-collar,married,secondary,no,-243,yes,no,unknown,2,0,success,0
34,technician,married,secondary,no,7703,yes,no,telephone,1,0,unknown,0
35,technician,divorced,secondary,no,10,no,yes,cellular,1,0,unknown,1
35,services,married,secondary,no,361,yes,yes,cellular,4,0,unknown,0
59,retired,married,secondary,no,-831,yes,yes,cellular,2,0,unknown,0
55,management,married,primary,no,13594,no,no,cellular,2,0,failure,0
38,management,married,tertiary,no,1339,no,no,cellular,2,5,failure,0
36,housemaid,married,secondary,no,3071,yes,no,cellular,1,0,unknown,0
30,admin.,single,secondary,no,3096,no,no,cellular,2,0,unknown,1
39,self-employed,single,secondary,no,2210,no,no,cellular,1,0,unknown,0
38,blue-collar,married,secondary,no,294,yes,no,cellular,2,0,unknown,0
37,technician,single,tertiary,no,895,yes,no,telephone,2,0,unknown,1
36,management,single,tertiary,no,4664,yes,no,unknown,1,0,unknown,0
27,admin.,single,primary,no,195,yes,yes,unknown,5,0,failure,0
25,technician,single,unknown,no,678,yes,no,cellular,5,2,unknown,0
52,management,divorced,secondary,no,142,no,no,unknown,3,0,unknown,0
37,admin.,single,primary,no,728,yes,no,cellular,2,0,unknown,0
34,technician,married,unknown,no,0,no,yes,cellular,2,0,failure,0
36,self-employed,married,tertiary,no,54,yes,no,cellular,2,0,other,1
52,management,single,secondary,no,701,no,no,unknown,1,0,unknown,0
36,technician,married,primary,no,217,no,no,cellular,2,0,unknown,0
45,management,single,secondary,no,1716,yes,no,cellular,3,0,unknown,0
53,management,divorced,primary,no,705,yes,no,cellular,2,0,unknown,0
40,technician,single,unknown,no,46,no,no,cellular,2,0,unknown,0
47,retired,married,tertiary,no,271,no,no,unknown,2,0,unknown,0
32,blue-collar,single,primary,no,441,yes,no,cellular,4,2,failure,0
33,admin.,divorced,secondary,no,1528,no,no,unknown,2,0,failure,0
51,technician,married,tertiary,no,0,yes,yes,cellular,3,0,unknown,0
49,blue-collar,single,primary,no,35,yes,no,unknown,1,1,failure,0
46,management,single,tertiary,no,864,yes,no,cellular,2,0,unknown,0
55,admin.,married,secondary,no,97,no,no,cellular,1,0,failure,0
46,entrepreneur,married,secondary,no,7832,no,no,telephone,4,0,unknown,0
47,blue-collar,married,tertiary,no,9816,no,no,cellular,2,0,unknown,0
37,admin.,single,secondary,no,-928,yes,no,telephone,2,0,unknown,0
60,technician,single,tertiary,no,142,no,no,cellular,1,0,unknown,0
39,management,single,tertiary,no,2506,yes,no,cellular,1,0,unknown,0
34,technician,married,secondary,no,71,yes,no,cellular,7,1,unknown,0
41,management,single,primary,no,4649,no,no,cellular,2,0,unknown,0
73,entrepreneur,married,tertiary,no,4650,no,yes,cellular,2,0,unknown,0
28,management,single,secondary,no,0,no,yes,cellular,24,0,unknown,0
31,admin.,single,tertiary,no,71,yes,no,cellular,5,0,unknown,0
41,management,divorced,unknown,no,261,yes,yes,unknown,5,0,unknown,0
45,management,married,primary,no,866,yes,no,unknown,2,0,unknown,0
58,admin.,married,secondary,no,881,yes,no,cellular,2,0,unknown,0
34,management,divorced,tertiary,no,5202,no,no,telephone,1,0,unknown,0
36,management,married,tertiary,no,113,yes,no,cellular,2,0,unknown,0
45,admin.,married,secondary,no,1313,yes,no,unknown,6,2,failure,0
43,self-employed,married,tertiary,no,749,no,no,cellular,1,0,unknown,1
30,technician,married,secondary,no,2612,no,no,cellular,2,0,unknown,0
44,management,married,tertiary,no,475,yes,no,unknown,2,0,unknown,0
25,blue-collar,married,primary,no,-18,yes,no,cellular,3,0,unknown,0
32,management,married,primary,no,0,yes,no,cellular,1,0,failure,0
30,management,single,tertiary,no,162,yes,yes,cellular,3,0,unknown,0
58,retired,married,primary,no,-337,yes,no,cellular,3,0,unknown,0
46,entrepreneur,married,secondary,no,1584,yes,no,cellular,2,3,failure,0
32,management,divorced,tertiary,no,311,yes,no,cellular,2,0,unknown,0
47,management,married,secondary,no,334,no,no,cellular,1,2,other,0
36,technician,married,tertiary,no,582,yes,no,cellular,2,0,unknown,0
46,housemaid,married,tertiary,no,927,yes,no,cellular,2,0,unknown,0
57,admin.,married,unknown,no,725,no,no,cellular,3,0,unknown,1
41,technician,single,secondary,no,748,yes,no,cellular,5,0,unknown,1
36,management,married,tertiary,no,593,yes,no,cellular,1,0,success,0
33,management,married,unknown,no,13660,yes,no,unknown,2,0,unknown,0
50,management,married,primary,no,3159,no,no,cellular,2,0,unknown,0
36,blue-collar,married,primary,no,157,no,no,cellular,2,0,unknown,0
37,management,married,secondary,no,664,no,no,telephone,2,0,unknown,0
35,technician,married,tertiary,no,-17,yes,no,unknown,2,0,unknown,0
36,technician,married,secondary,no,0,no,no,telephone,4,0,unknown,1
55,retired,single,tertiary,no,783,no,no,telephone,6,0,unknown,0
43,management,divorced,secondary,no,-402,yes,no,unknown,2,0,unknown,0
34,blue-collar,married,secondary,no,0,yes,no,unknown,3,0,unknown,0
37,self-employed,married,secondary,no,20,no,no,unknown,3,0,success,0
34,housemaid,married,secondary,no,2558,yes,yes,unknown,6,0,unknown,0
34,admin.,married,tertiary,no,4557,no,no,cellular,2,0,unknown,0
52,entrepreneur,married,tertiary,no,72,yes,no,unknown,2,0,failure,0
40,management,married,tertiary,yes,52,yes,no,unknown,1,0,failure,0
50,management,divorced,secondary,no,-58,no,no,cellular,1,0,unknown,0
48,student,married,tertiary,no,878,yes,no,unknown,1,1,success,0
31,blue-collar,single,secondary,no,1221,yes,no,cellular,1,1,unknown,0
33,management,married,tertiary,no,4967,no,no,unknown,1,0,unknown,0
54,blue-collar,single,primary,no,93,no,yes,cellular,2,0,unknown,0
23,management,married,unknown,no,-90,no,no,cellular,1,1,failure,0
58,entrepreneur,divorced,tertiary,no,3799,no,no,unknown,2,0,unknown,0
29,blue-collar,married,secondary,no,443,no,yes,cellular,1,0,unknown,0
34,technician,married,tertiary,no,318,yes,no,cellular,2,0,unknown,0
35,blue-collar,married,unknown,no,2880,no,no,cellular,1,0,other,0
39,blue-collar,divorced,tertiary,no,0,yes,no,cellular,2,0,failure,0
36,management,married,tertiary,no,3705,no,no,cellular,1,0,unknown,0
35,blue-collar,married,primary,no,104,yes,no,unknown,2,0,unknown,0
56,services,married,secondary,no,2240,yes,yes,unknown,1,0,unknown,0
43,technician,married,primary,no,23,yes,yes,telephone,5,0,unknown,0
32,blue-collar,married,unknown,no,0,yes,no,cellular,2,0,unknown,0
53,services,married,secondary,no,362,no,yes,unknown,3,0,unknown,0
52,management,married,secondary,no,925,no,no,cellular,2,0,failure,0
32,blue-collar,married,secondary,no,4994,no,no,cellular,1,0,unknown,1
27,services,single,unknown,yes,144,no,no,cellular,3,4,unknown,0
36,housemaid,married,tertiary,no,881,yes,no,unknown,1,0,unknown,0
48,management,married,secondary,no,68,yes,yes,unknown,1,0,unknown,0
43,services,married,secondary,no,900,no,no,cellular,6,0,unknown,0
32,blue-collar,single,secondary,no,1007,yes,no,unknown,4,0,unknown,0
27,blue-collar,married,secondary,no,-22,yes,yes,unknown,5,0,unknown,0
43,blue-collar,divorced,secondary,no,2552,no,no,cellular,5,0,unknown,0
44,blue-collar,married,secondary,no,-589,yes,no,unknown,3,1,unknown,0
39,blue-collar,married,primary,no,318,no,no,cellular,3,0,unknown,1
43,blue-collar,married,unknown,no,456,no,no,cellular,6,0,unknown,0
48,technician,married,tertiary,no,57,yes,yes,telephone,2,0,unknown,0
53,management,married,secondary,no,4,no,yes,cellular,4,0,failure,0
57,technician,married,tertiary,no,240,no,no,cellular,7,0,unknown,0
46,services,married,secondary,no,142,yes,no,cellular,1,0,unknown,1
32,blue-collar,divorced,primary,no,0,no,yes,telephone,1,0,unknown,0
32,retired,divorced,tertiary,no,42,no,no,cellular,2,1,other,0
39,blue-collar,divorced,primary,no,0,yes,no,cellular,3,0,failure,0
51,blue-collar,married,secondary,no,1895,no,yes,cellular,1,0,unknown,0
43,management,married,tertiary,no,7696,no,no,cellular,1,2,success,0
31,technician,married,primary,no,-138,no,yes,cellular,2,0,unknown,0
30,admin.,married,secondary,no,1937,yes,no,cellular,2,0,unknown,0
27,unemployed,married,secondary,no,148,yes,no,cellular,1,0,unknown,0
42,unemployed,married,secondary,no,321,yes,no,telephone,2,0,unknown,0
33,blue-collar,single,unknown,no,3338,yes,yes,cellular,2,2,failure,0
22,management,single,tertiary,no,2804,no,no,telephone,1,0,unknown,0
46,blue-collar,single,primary,no,214,yes,no,unknown,2,0,unknown,0
41,blue-collar,married,secondary,no,705,yes,no,cellular,2,0,unknown,1
29,management,single,tertiary,no,410,no,no,cellular,7,0,unknown,1
31,housemaid,married,tertiary,no,8627,yes,no,cellular,5,0,unknown,0
37,blue-collar,married,tertiary,no,112,yes,no,unknown,3,0,unknown,0
45,self-employed,single,tertiary,no,-1698,no,no,cellular,2,0,unknown,0
34,entrepreneur,married,primary,no,9021,yes,no,cellular,1,1,unknown,0
35,services,married,primary,no,0,no,no,cellular,2,0,unknown,1
52,retired,married,secondary,no,255,no,no,cellular,2,0,unknown,0
30,technician,single,secondary,no,376,yes,no,cellular,2,0,unknown,0
50,blue-collar,married,secondary,no,1012,yes,yes,unknown,1,0,unknown,0
53,technician,married,secondary,no,199,yes,no,cellular,2,0,unknown,0
48,blue-collar,married,secondary,no,19,yes,no,unknown,3,0,unknown,1
53,technician,married,tertiary,no,192,yes,no,cellular,1,0,unknown,1
53,blue-collar,married,tertiary,no,2417,yes,no,cellular,3,0,unknown,0
55,management,married,primary,no,28,yes,no,cellular,2,0,unknown,0
43,student,married,tertiary,no,27088,no,yes,telephone,2,2,unknown,1
39,blue-collar,single,secondary,no,907,yes,no,telephone,2,0,unknown,0
43,management,single,tertiary,no,68,no,no,cellular,2,0,other,0
50,services,divorced,tertiary,no,81,yes,no,cellular,1,0,unknown,0
44,self-employed,divorced,tertiary,no,334,no,yes,cellular,2,2,failure,0
40,technician,married,secondary,no,3167,yes,yes,cellular,3,1,unknown,0
31,management,married,secondary,no,883,no,no,cellular,2,0,unknown,0
57,blue-collar,divorced,primary,no,518,no,yes,cellular,3,0,unknown,0
59,blue-collar,married,secondary,no,9225,yes,no,cellular,1,0,unknown,1
32,blue-collar,single,secondary,no,4503,no,no,unknown,1,0,unknown,0
21,management,single,secondary,no,68,yes,yes,unknown,4,0,unknown,0
36,blue-collar,married,tertiary,no,383,yes,no,cellular,14,0,other,0
26,blue-collar,single,tertiary,no,-615,yes,no,cellular,3,0,unknown,0
59,technician,married,secondary,no,635,yes,no,cellular,1,0,unknown,0
33,blue-collar,divorced,secondary,yes,2690,no,no,cellular,1,3,failure,1
39,admin.,married,secondary,no,96,yes,no,unknown,2,0,unknown,0
31,management,married,secondary,no,378,yes,yes,unknown,4,0,unknown,0
57,technician,divorced,secondary,no,1069,yes,no,cellular,15,0,unknown,0
41,blue-collar,married,tertiary,no,263,no,no,cellular,1,0,unknown,0
25,admin.,single,tertiary,no,59,no,no,unknown,2,0,unknown,0
36,services,married,tertiary,no,623,yes,no,unknown,3,0,unknown,0
33,management,married,primary,no,782,yes,no,cellular,1,0,unknown,0
32,technician,single,unknown,no,1116,no,no,cellular,2,0,unknown,0
59,entrepreneur,married,secondary,no,655,yes,no,unknown,3,0,unknown,0
42,blue-collar,married,secondary,no,274,yes,no,cellular,1,3,failure,1
50,self-employed,married,primary,no,105,yes,no,unknown,3,0,unknown,0
40,management,married,secondary,no,246,no,no,cellular,4,0,unknown,0
38,unemployed,single,unknown,no,1725,yes,no,cellular,3,0,unknown,0
37,blue-collar,married,secondary,no,1760,yes,no,unknown,1,0,unknown,0
42,admin.,divorced,secondary,no,125,yes,yes,cellular,2,0,success,0
30,blue-collar,married,tertiary,no,827,yes,no,unknown,1,0,failure,0
75,technician,divorced,tertiary,no,60,no,yes,unknown,10,0,unknown,0
48,blue-collar,married,secondary,no,0,no,no,cellular,2,3,failure,0
32,services,married,secondary,no,152,no,no,unknown,2,0,unknown,0
29,blue-collar,married,primary,no,218,yes,no,unknown,1,1,failure,0
36,blue-collar,single,secondary,no,1673,no,yes,cellular,4,0,unknown,0
33,blue-collar,married,primary,no,1490,no,no,unknown,3,0,unknown,0
47,admin.,married,secondary,no,365,yes,no,telephone,1,0,unknown,0
39,blue-collar,married,tertiary,no,4436,yes,no,cellular,1,0,unknown,0
32,admin.,married,secondary,no,289,yes,no,unknown,11,0,unknown,0
39,admin.,married,tertiary,no,1072,yes,no,cellular,1,0,unknown,0
46,services,divorced,unknown,no,40,no,no,cellular,2,0,unknown,0
47,blue-collar,married,primary,yes,143,yes,no,cellular,2,0,other,0
43,management,married,tertiary,no,119,no,no,unknown,2,0,unknown,0
56,technician,single,secondary,no,-240,no,no,cellular,1,0,unknown,1
53,entrepreneur,married,tertiary,no,514,no,no,cellular,2,0,unknown,0
53,retired,divorced,secondary,no,191,no,no,cellular,3,0,unknown,0
37,management,single,secondary,no,459,no,no,cellular,2,0,unknown,0
51,services,married,secondary,no,-398,no,no,cellular,2,0,unknown,0
49,technician,married,primary,yes,8548,no,no,cellular,3,0,unknown,0
43,student,married,secondary,no,75,no,no,cellular,12,0,unknown,0
27,admin.,married,tertiary,no,410,yes,no,cellular,1,0,failure,0
39,management,married,secondary,no,126,yes,yes,telephone,4,0,unknown,1
49,services,married,secondary,no,61,no,no,unknown,3,0,unknown,0
34,technician,single,secondary,no,2,no,yes,cellular,2,0,unknown,1
47,admin.,married,secondary,no,1661,yes,yes,cellular,3,0,unknown,0
33,management,single,tertiary,no,2226,yes,no,cellular,3,0,unknown,1
26,management,married,primary,no,1048,yes,no,cellular,2,0,unknown,0
30,management,single,tertiary,no,211,yes,no,cellular,1,0,unknown,0
32,blue-collar,married,secondary,no,2059,yes,yes,unknown,1,0,unknown,1
22,management,single,unknown,no,666,no,no,cellular,2,0,unknown,1
37,entrepreneur,divorced,secondary,no,3058,no,no,telephone,2,0,unknown,1
33,management,married,secondary,no,517,yes,no,unknown,6,0,unknown,0
32,technician,married,tertiary,no,334,no,yes,unknown,5,0,unknown,0
56,blue-collar,divorced,secondary,no,877,yes,no,cellular,1,2,failure,0
33,housemaid,married,primary,no,2881,yes,no,unknown,1,0,unknown,0
52,management,married,secondary,no,1240,no,no,cellular,4,0,unknown,0
44,housemaid,married,secondary,no,498,no,no,unknown,12,0,unknown,0
59,blue-collar,single,tertiary,no,865,no,no,cellular,3,0,unknown,0
43,technician,single,secondary,no,228,no,no,cellular,1,2,failure,0
55,services,divorced,unknown,no,0,no,no,cellular,4,0,unknown,0
50,management,married,secondary,no,8258,no,no,unknown,2,2,failure,0
30,technician,married,secondary,no,307,no,no,unknown,1,0,unknown,0
39,technician,married,secondary,no,2925,yes,no,cellular,1,0,success,0
43,technician,single,tertiary,no,167,yes,no,cellular,1,0,unknown,0
50,student,married,tertiary,no,46,yes,yes,cellular,12,0,unknown,1
53,management,married,secondary,no,0,yes,no,cellular,1,0,other,0
28,technician,married,tertiary,no,-52,yes,no,cellular,6,0,other,0
33,technician,married,secondary,no,497,no,no,cellular,1,0,other,0
44,services,single,primary,no,846,yes,yes,cellular,2,0,unknown,0
35,services,married,secondary,yes,2412,yes,no,unknown,2,0,unknown,0
51,self-employed,married,tertiary,no,1579,no,no,cellular,3,0,success,0
43,management,single,tertiary,no,5671,no,no,cellular,3,0,unknown,0
39,management,married,secondary,no,329,no,no,cellular,1,0,unknown,0
31,housemaid,married,unknown,no,995,no,yes,cellular,1,0,unknown,0
78,blue-collar,divorced,secondary,no,-98,yes,no,unknown,3,0,failure,0
34,technician,married,primary,no,-425,yes,no,cellular,2,0,unknown,1
33,services,married,tertiary,no,481,no,yes,cellular,2,0,unknown,0
29,management,single,secondary,no,2581,yes,no,cellular,1,0,unknown,0
33,technician,divorced,secondary,no,4,yes,no,telephone,1,0,unknown,0
45,self-employed,divorced,unknown,no,-407,yes,no,cellular,3,0,unknown,0
55,management,married,tertiary,no,949,no,yes,cellular,3,0,unknown,0
36,services,married,secondary,no,470,yes,no,unknown,2,0,unknown,0
34,services,single,secondary,no,295,no,no,cellular,2,0,unknown,0
35,technician,married,tertiary,no,0,yes,no,cellular,1,0,unknown,0
51,services,married,secondary,no,1303,no,no,unknown,1,0,unknown,0
38,services,married,secondary,no,876,no,no,cellular,1,0,unknown,0
33,admin.,married,secondary,no,16,yes,yes,cellular,4,0,unknown,0
33,blue-collar,single,primary,no,-17,yes,yes,unknown,24,0,unknown,0
42,housemaid,married,unknown,no,22276,no,no,cellular,3,0,unknown,0
28,management,married,tertiary,no,1158,no,no,cellular,7,0,unknown,0
40,admin.,married,secondary,no,4125,yes,no,unknown,1,0,failure,0
29,management,married,secondary,no,1571,no,no,telephone,1,0,unknown,0
54,technician,married,tertiary,no,2626,yes,yes,cellular,2,4,failure,0
30,technician,married,tertiary,no,746,no,no,cellular,4,0,unknown,0
51,self-employed,married,secondary,no,96,yes,yes,unknown,2,0,unknown,0
52,admin.,divorced,secondary,yes,-306,yes,no,cellular,2,0,unknown,0
51,management,divorced,unknown,no,5,yes,no,unknown,1,0,other,0
35,unemployed,married,secondary,no,3973,no,no,cellular,1,0,failure,0
46,management,married,primary,no,7713,yes,no,unknown,3,0,unknown,0
53,admin.,married,primary,no,7228,no,no,cellular,7,0,other,0
36,retired,single,secondary,no,638,yes,no,cellular,3,0,unknown,1
38,technician,single,tertiary,no,545,yes,no,unknown,1,0,unknown,0
40,management,married,secondary,no,1739,no,no,cellular,1,0,unknown,0
45,technician,married,secondary,no,18,yes,yes,cellular,4,0,unknown,0
49,services,married,secondary,no,65,yes,no,cellular,2,0,unknown,0
22,admin.,married,tertiary,no,123,yes,no,cellular,1,0,unknown,0
27,blue-collar,single,secondary,no,9,no,no,cellular,2,0,unknown,0
45,unknown,divorced,tertiary,no,260,no,no,cellular,6,0,unknown,0
55,management,married,tertiary,no,34,yes,no,telephone,1,1,unknown,0
30,management,single,tertiary,no,215,yes,no,unknown,2,0,unknown,1
48,blue-collar,single,tertiary,no,1319,no,yes,cellular,1,0,unknown,0
42,technician,married,secondary,no,-168,no,no,cellular,1,2,success,0
30,technician,single,tertiary,no,-578,yes,no,unknown,1,0,unknown,0
50,housemaid,single,secondary,no,-742,no,no,cellular,1,0,unknown,0
35,management,married,secondary,no,791,no,no,cellular,2,0,unknown,0
46,blue-collar,married,secondary,no,-238,yes,no,cellular,2,0,other,0
43,blue-collar,married,tertiary,no,103,no,no,cellular,2,0,unknown,0
33,blue-collar,married,tertiary,no,0,yes,no,cellular,6,2,unknown,0
28,technician,married,secondary,no,322,yes,no,unknown,2,0,unknown,0
54,student,married,secondary,no,4534,no,no,unknown,1,0,failure,0
33,technician,single,primary,no,4664,no,no,cellular,2,0,unknown,0
29,blue-collar,married,secondary,no,225,no,no,unknown,2,0,unknown,0
41,blue-collar,married,secondary,no,1,no,no,unknown,1,0,unknown,0
59,management,divorced,secondary,no,-473,yes,yes,cellular,2,0,unknown,0
36,management,married,tertiary,no,199,yes,no,cellular,1,0,unknown,0
22,technician,married,tertiary,no,18780,no,no,cellular,3,0,unknown,0
52,management,married,secondary,no,17068,yes,yes,cellular,1,0,unknown,0
46,admin.,divorced,tertiary,no,94,yes,no,unknown,3,0,unknown,0
32,blue-collar,single,primary,no,66,yes,yes,cellular,2,0,unknown,1
45,management,married,primary,no,777,yes,no,unknown,1,0,unknown,1
44,technician,single,secondary,no,2,yes,yes,unknown,1,0,unknown,0
38,blue-collar,married,primary,no,1,yes,no,unknown,2,0,unknown,0
38,admin.,married,primary,no,136,yes,no,cellular,2,0,unknown,0
55,technician,single,secondary,no,782,no,no,cellular,7,0,unknown,0
40,technician,married,tertiary,no,2026,no,no,cellular,3,0,failure,0
27,blue-collar,single,tertiary,no,0,yes,no,cellular,1,0,unknown,0
31,blue-collar,single,secondary,no,1487,no,yes,unknown,3,0,unknown,0
50,management,married,tertiary,no,70,yes,no,cellular,4,0,unknown,0
42,retired,divorced,tertiary,no,1981,no,no,cellular,3,0,unknown,0
40,blue-collar,single,secondary,no,850,no,no,telephone,1,0,unknown,0
34,admin.,married,tertiary,no,139,no,no,cellular,5,0,unknown,0
40,self-employed,married,secondary,no,670,no,no,cellular,4,0,success,0
39,management,married,tertiary,no,340,no,no,cellular,1,0,unknown,0
47,services,single,tertiary,no,626,yes,no,unknown,3,1,unknown,0
41,entrepreneur,married,secondary,no,-27,yes,no,cellular,4,0,unknown,0
44,management,married,primary,no,4897,no,no,cellular,1,0,unknown,0
29,services,single,primary,no,639,yes,yes,telephone,4,0,failure,0
41,management,single,secondary,no,3941,yes,no,cellular,4,0,unknown,0
36,technician,divorced,unknown,no,61,yes,no,cellular,2,0,unknown,0
49,blue-collar,married,secondary,no,0,yes,no,unknown,2,0,unknown,0
40,self-employed,married,secondary,no,0,no,no,cellular,4,0,unknown,0
51,admin.,married,secondary,no,8430,no,no,cellular,4,0,unknown,0
33,retired,married,unknown,no,508,no,no,cellular,1,0,unknown,1
34,blue-collar,single,tertiary,no,6023,yes,no,cellular,1,2,unknown,0
39,admin.,married,secondary,yes,13300,yes,no,cellular,1,0,unknown,0
28,management,married,tertiary,no,726,yes,no,unknown,2,0,unknown,0
50,management,married,secondary,yes,77,no,no,unknown,2,0,failure,0
39,technician,divorced,tertiary,no,-1311,yes,no,cellular,1,0,unknown,0
28,management,married,tertiary,no,3268,yes,no,cellular,1,0,unknown,0
23,management,married,secondary,no,1589,yes,no,unknown,4,0,unknown,0
55,admin.,married,secondary,no,320,yes,no,cellular,3,1,failure,0
48,technician,single,secondary,no,452,yes,no,telephone,6,0,other,0
34,technician,married,unknown,no,1159,yes,no,cellular,1,0,unknown,0
32,technician,married,primary,no,6907,yes,no,unknown,2,1,unknown,0
56,technician,married,secondary,no,-18,no,yes,cellular,3,0,unknown,0
26,blue-collar,married,secondary,no,314,yes,yes,cellular,2,0,unknown,0
26,blue-collar,married,tertiary,no,1367,yes,no,cellular,2,0,unknown,0
36,unknown,married,secondary,no,42,no,no,unknown,5,0,unknown,0
34,services,married,primary,no,271,yes,no,cellular,3,0,unknown,0
41,admin.,single,tertiary,no,1555,no,no,unknown,5,0,unknown,0
40,blue-collar,married,secondary,no,105,no,no,cellular,2,0,unknown,0
33,blue-collar,married,tertiary,no,363,no,no,cellular,3,0,unknown,0
59,blue-collar,married,secondary,no,669,no,no,cellular,1,0,unknown,1
43,technician,married,primary,no,0,no,no,cellular,1,0,unknown,1
42,technician,married,secondary,no,639,yes,no,cellular,8,0,unknown,0
32,unemployed,single,tertiary,no,2923,no,no,cellular,2,0,unknown,0
35,admin.,single,secondary,no,3298,yes,no,unknown,1,0,unknown,0
30,management,married,secondary,no,153,yes,no,cellular,1,0,unknown,1
33,management,married,secondary,no,5115,yes,no,cellular,5,0,unknown,0
56,blue-collar,married,tertiary,no,7123,yes,no,cellular,2,0,unknown,0
30,technician,married,tertiary,no,2728,no,no,cellular,2,0,unknown,0
40,technician,single,primary,no,-651,no,no,cellular,1,0,unknown,0
41,blue-collar,single,tertiary,no,1165,yes,no,telephone,1,0,unknown,0
47,unemployed,married,primary,no,501,no,no,unknown,2,0,unknown,0
28,entrepreneur,single,unknown,no,2767,yes,no,cellular,4,0,unknown,0
44,technician,divorced,tertiary,no,0,yes,no,cellular,3,0,unknown,0
54,blue-collar,married,tertiary,no,-495,no,no,telephone,1,0,unknown,0
45,blue-collar,married,secondary,no,344,yes,yes,cellular,7,0,unknown,0
38,management,married,tertiary,no,667,no,no,unknown,4,0,unknown,0
47,blue-collar,single,tertiary,no,2358,yes,no,unknown,2,0,unknown,0
26,management,married,secondary,no,-551,no,no,unknown,5,0,unknown,0
48,management,married,secondary,no,1622,no,no,unknown,6,0,unknown,0
47,admin.,married,primary,no,287,yes,yes,cellular,4,0,unknown,0
32,services,married,tertiary,no,308,yes,no,cellular,2,3,other,0
51,technician,married,tertiary,no,1326,no,no,cellular,3,0,unknown,0
40,services,married,secondary,no,493,yes,no,cellular,4,0,unknown,0
38,blue-collar,single,primary,no,4094,no,yes,unknown,5,0,unknown,0
43,retired,divorced,secondary,no,3303,yes,yes,cellular,1,0,unknown,0
77,retired,divorced,secondary,no,170,no,no,cellular,2,0,unknown,0
58,retired,single,tertiary,no,316,no,no,cellular,3,0,success,0
19,retired,single,tertiary,no,467,no,no,cellular,2,0,unknown,0
35,blue-collar,married,tertiary,no,1049,yes,no,cellular,1,1,failure,0
49,entrepreneur,married,secondary,no,293,no,no,cellular,2,0,other,0
54,technician,married,secondary,no,-181,no,no,telephone,3,0,unknown,0
30,retired,married,tertiary,no,11,yes,no,unknown,2,0,unknown,0
34,management,married,tertiary,no,1068,yes,no,unknown,2,0,unknown,0
43,entrepreneur,married,secondary,no,592,no,no,unknown,1,0,unknown,0
55,management,single,secondary,no,236,no,no,cellular,3,0,unknown,0
23,unemployed,single,unknown,no,4115,no,no,unknown,3,0,unknown,0
34,admin.,single,secondary,no,30,yes,no,unknown,1,0,unknown,0
46,technician,married,secondary,no,273,yes,no,cellular,1,2,unknown,0
56,technician,married,secondary,no,829,yes,no,unknown,2,0,unknown,0
41,services,married,secondary,no,8297,yes,no,cellular,2,0,unknown,0
55,blue-collar,divorced,secondary,no,2702,yes,no,cellular,1,0,failure,0
37,admin.,married,primary,no,387,no,no,cellular,1,1,failure,0
28,management,single,secondary,no,1415,yes,no,unknown,14,0,unknown,0
29,management,married,tertiary,no,137,no,no,cellular,2,2,other,1
37,services,married,tertiary,no,4543,yes,no,unknown,1,0,unknown,0
27,management,divorced,secondary,no,176,no,yes,cellular,4,0,unknown,0
32,admin.,married,unknown,no,-2,yes,no,cellular,1,0,unknown,0
57,self-employed,divorced,secondary,no,9286,no,yes,cellular,1,0,unknown,1
31,management,married,secondary,no,0,yes,no,unknown,1,0,unknown,0
32,technician,single,secondary,no,1665,no,no,unknown,1,0,unknown,0
29,management,divorced,tertiary,no,38,no,no,cellular,1,0,unknown,0
55,blue-collar,married,primary,no,1238,yes,no,cellular,2,0,unknown,0
32,blue-collar,married,secondary,no,338,yes,no,cellular,4,1,unknown,0
60,technician,divorced,tertiary,no,4366,no,no,cellular,1,0,unknown,0
59,blue-collar,married,primary,no,4394,yes,no,unknown,3,0,unknown,0
28,student,married,secondary,no,0,yes,no,cellular,15,0,unknown,0
38,admin.,married,tertiary,no,449,no,no,cellular,1,0,unknown,1
58,admin.,divorced,secondary,no,423,no,no,cellular,1,0,unknown,0
45,services,married,tertiary,no,603,yes,no,cellular,1,0,failure,0
27,technician,single,tertiary,no,1831,no,no,cellular,3,0,unknown,0
33,blue-collar,divorced,primary,no,-220,yes,no,cellular,2,0,unknown,0
58,technician,married,tertiary,no,2519,no,yes,cellular,5,0,success,0
37,admin.,married,secondary,no,1648,yes,no,cellular,1,0,other,0
34,blue-collar,married,secondary,no,150,yes,no,unknown,1,0,unknown,0
27,entrepreneur,single,secondary,no,0,yes,no,cellular,2,0,unknown,0
54,management,married,secondary,no,883,no,no,cellular,1,0,unknown,1
40,blue-collar,single,tertiary,no,43315,no,no,cellular,1,0,unknown,0
40,services,single,secondary,no,569,yes,no,cellular,6,0,unknown,0
56,entrepreneur,married,primary,no,35,no,no,cellular,6,0,unknown,0
41,blue-collar,married,primary,no,817,yes,no,cellular,1,0,failure,0
30,services,single,tertiary,no,480,yes,no,cellular,3,3,unknown,0
33,management,married,secondary,no,81,yes,no,unknown,2,0,unknown,0
49,services,married,secondary,no,1322,no,no,unknown,8,0,unknown,0
36,management,single,tertiary,no,1784,no,no,cellular,1,0,unknown,0
32,blue-collar,single,tertiary,no,-374,no,no,cellular,9,0,unknown,0
46,management,married,secondary,no,0,no,yes,unknown,1,0,unknown,0
27,blue-collar,single,primary,no,1043,no,no,cellular,4,0,unknown,0
56,blue-collar,married,secondary,no,3614,no,no,cellular,1,0,unknown,0
51,self-employed,single,tertiary,no,1731,no,no,cellular,2,0,unknown,0
58,services,married,secondary,no,6034,no,no,cellular,3,0,unknown,0
52,blue-collar,married,secondary,no,-11,no,no,unknown,1,1,failure,0
33,unemployed,married,tertiary,no,13077,yes,no,cellular,2,0,unknown,0
47,retired,married,tertiary,no,140,yes,no,cellular,11,0,unknown,0
32,unemployed,married,secondary,no,-70,no,no,cellular,1,0,unknown,0
24,services,single,unknown,no,0,yes,no,cellular,4,0,failure,1
36,blue-collar,married,unknown,no,2390,yes,no,cellular,4,0,unknown,0
47,management,married,tertiary,no,15,no,no,unknown,8,0,unknown,0
58,technician,divorced,tertiary,no,481,no,no,cellular,4,0,unknown,1
35,technician,single,tertiary,no,4,no,no,cellular,3,0,unknown,0
58,entrepreneur,married,secondary,no,9290,no,no,cellular,2,0,unknown,1
48,blue-collar,married,secondary,no,7232,yes,no,cellular,1,0,unknown,1
43,technician,single,secondary,no,972,no,no,cellular,5,0,unknown,0
37,blue-collar,married,tertiary,no,5115,no,no,unknown,2,0,unknown,0
77,technician,married,primary,no,925,no,no,unknown,2,0,unknown,1
33,management,single,primary,no,0,yes,no,cellular,1,0,unknown,0
55,technician,divorced,tertiary,no,3532,no,yes,cellular,2,1,failure,0
32,blue-collar,married,secondary,no,-132,yes,yes,cellular,2,0,unknown,0
36,retired,married,secondary,no,4791,yes,no,cellular,3,0,unknown,0
37,self-employed,married,secondary,no,1509,yes,no,cellular,2,0,unknown,0
34,admin.,married,primary,no,64,no,no,cellular,2,0,unknown,0
25,management,married,secondary,no,273,yes,no,cellular,3,0,other,0
34,services,single,unknown,no,15,no,no,unknown,2,0,unknown,0
56,services,married,secondary,no,1424,yes,no,cellular,2,0,unknown,0
38,technician,single,tertiary,no,455,no,no,cellular,2,0,unknown,0
49,blue-collar,divorced,primary,no,757,yes,yes,cellular,6,0,failure,0
33,technician,married,unknown,no,0,no,no,cellular,2,0,failure,0
27,blue-collar,married,tertiary,no,622,yes,no,cellular,1,0,unknown,0
53,technician,single,secondary,no,1360,no,yes,cellular,3,0,unknown,1
31,technician,married,primary,no,13,yes,no,unknown,4,0,unknown,0
35,blue-collar,single,primary,no,0,yes,no,cellular,2,0,unknown,0
35,admin.,divorced,secondary,no,45,no,no,cellular,22,0,unknown,0
43,management,married,secondary,no,15412,no,no,cellular,3,0,unknown,0
34,blue-collar,married,unknown,no,517,yes,no,cellular,4,2,failure,0
31,admin.,married,secondary,no,296,yes,no,unknown,6,1,unknown,0
47,technician,married,tertiary,no,4889,no,no,cellular,2,0,unknown,1
40,unknown,married,secondary,no,399,yes,no,cellular,1,0,unknown,0
33,blue-collar,married,secondary,no,751,no,no,cellular,3,0,unknown,1
28,student,single,tertiary,no,10084,no,no,unknown,1,0,unknown,0
32,admin.,married,secondary,no,334,yes,no,unknown,4,0,unknown,0
31,management,married,tertiary,no,2,no,no,cellular,3,0,failure,0
43,technician,married,secondary,no,2506,yes,no,unknown,4,0,unknown,0
42,admin.,married,secondary,no,36,yes,yes,unknown,5,0,failure,0
37,services,married,tertiary,no,1924,no,no,telephone,1,0,unknown,0
32,housemaid,single,secondary,no,-183,yes,yes,unknown,2,2,unknown,0
37,admin.,married,primary,no,455,yes,yes,cellular,3,0,unknown,0
34,retired,married,secondary,no,1885,yes,no,cellular,3,0,unknown,0
57,admin.,divorced,secondary,no,0,no,no,unknown,6,0,unknown,0
49,blue-collar,married,tertiary,no,1370,yes,no,cellular,1,0,unknown,0
44,blue-collar,single,tertiary,no,14501,yes,no,cellular,3,3,unknown,0
56,housemaid,divorced,secondary,no,257,no,no,cellular,2,0,unknown,0
49,technician,married,tertiary,no,1482,yes,no,telephone,2,0,unknown,0
33,technician,single,unknown,no,1338,no,no,cellular,1,0,unknown,0
24,retired,single,secondary,no,-256,yes,no,cellular,1,0,success,0
34,management,married,unknown,no,876,yes,yes,cellular,2,0,unknown,0
40,self-employed,divorced,secondary,no,613,no,no,telephone,2,0,unknown,0
45,technician,single,tertiary,no,322,no,yes,telephone,3,0,unknown,0
28,management,married,tertiary,no,1466,yes,no,cellular,5,0,unknown,1
60,technician,divorced,secondary,no,2097,yes,yes,cellular,1,0,unknown,0
53,blue-collar,married,primary,no,2240,yes,no,cellular,2,1,other,0
34,management,married,primary,no,273,yes,no,cellular,2,1,failure,0
46,admin.,divorced,secondary,no,-400,yes,no,cellular,3,0,unknown,0
37,entrepreneur,single,secondary,no,0,yes,yes,telephone,1,0,unknown,0
44,management,divorced,secondary,no,1744,yes,no,unknown,3,0,unknown,0
46,admin.,married,secondary,no,8162,no,no,cellular,2,0,unknown,0
49,blue-collar,single,secondary,no,0,no,no,cellular,1,0,unknown,1
32,self-employed,married,tertiary,no,7928,yes,no,unknown,2,1,unknown,0
43,management,married,tertiary,no,480,yes,no,cellular,2,0,unknown,0
36,technician,married,primary,no,4540,yes,no,cellular,2,0,unknown,0
42,management,married,secondary,no,98,no,yes,unknown,3,0,unknown,0
27,technician,married,secondary,no,36,yes,no,cellular,25,0,unknown,0
44,blue-collar,divorced,secondary,no,8232,yes,no,cellular,3,0,unknown,0
37,admin.,married,secondary,no,2323,no,no,cellular,1,0,unknown,0
36,blue-collar,married,primary,no,9633,no,no,cellular,1,0,unknown,1
58,technician,married,tertiary,no,508,yes,no,cellular,3,0,unknown,0
34,retired,married,primary,no,0,yes,no,cellular,6,0,unknown,1
32,blue-collar,married,primary,no,319,no,no,cellular,3,3,other,0
32,technician,married,primary,no,2233,yes,no,cellular,3,0,unknown,0
77,management,married,secondary,no,7341,no,no,cellular,1,0,unknown,0
31,management,married,secondary,no,1309,yes,yes,cellular,2,0,unknown,0
26,retired,married,secondary,no,386,no,no,cellular,1,0,unknown,0
58,management,married,secondary,yes,137,yes,no,cellular,1,0,unknown,0
29,self-employed,married,tertiary,no,2678,yes,no,unknown,1,0,unknown,0
26,management,married,secondary,no,11158,no,no,cellular,2,0,unknown,0
35,admin.,married,secondary,no,125,no,yes,unknown,1,0,unknown,1
46,entrepreneur,single,tertiary,no,0,yes,no,cellular,1,0,unknown,0
41,entrepreneur,divorced,secondary,no,4015,yes,yes,unknown,3,0,unknown,0
37,technician,married,secondary,no,920,yes,no,telephone,1,0,unknown,0
48,services,married,secondary,no,451,no,no,cellular,4,0,success,1
50,admin.,single,tertiary,no,41,no,no,telephone,6,0,unknown,0
30,technician,single,secondary,no,3553,yes,no,unknown,1,0,unknown,0
35,blue-collar,single,secondary,no,502,yes,no,unknown,1,0,unknown,0
33,blue-collar,married,tertiary,no,386,yes,yes,cellular,2,0,unknown,0
33,admin.,married,secondary,no,15,no,no,cellular,3,0,unknown,0
58,technician,married,tertiary,no,19,no,yes,cellular,1,0,unknown,0
30,blue-collar,single,tertiary,no,3,no,no,cellular,1,0,failure,0
36,admin.,married,secondary,no,-300,yes,yes,unknown,3,0,other,0
39,unemployed,married,secondary,no,428,yes,no,cellular,1,0,unknown,0
49,admin.,married,tertiary,no,117,no,yes,unknown,4,0,unknown,1
55,retired,single,secondary,no,758,no,yes,cellular,3,0,unknown,0
57,unemployed,married,secondary,no,0,no,no,cellular,7,1,unknown,0
29,blue-collar,single,secondary,no,3226,yes,no,unknown,6,0,unknown,0
47,blue-collar,divorced,secondary,no,474,yes,no,cellular,2,0,other,0
35,unemployed,married,unknown,no,438,yes,no,unknown,3,0,unknown,0
32,entrepreneur,married,unknown,no,383,yes,no,cellular,5,0,unknown,0
36,management,single,secondary,no,1464,yes,no,unknown,1,0,unknown,0
50,admin.,married,primary,no,226,yes,no,unknown,2,0,unknown,0
47,self-employed,married,tertiary,no,455,yes,no,cellular,1,1,failure,0
30,management,single,secondary,no,0,no,no,unknown,1,0,other,0
39,blue-collar,married,primary,no,133,no,no,telephone,4,0,unknown,0
59,blue-collar,married,secondary,no,9237,yes,no,cellular,1,0,unknown,0
50,management,married,secondary,no,501,no,no,cellular,3,0,unknown,0
38,blue-collar,married,primary,no,105,yes,yes,unknown,1,0,unknown,0
55,admin.,divorced,secondary,no,518,no,no,unknown,1,0,unknown,1
45,admin.,married,tertiary,no,353,no,no,cellular,4,0,unknown,0
46,admin.,divorced,tertiary,no,189,yes,no,cellular,3,0,unknown,0
33,technician,married,tertiary,no,474,no,no,cellular,1,0,unknown,0
31,services,married,secondary,no,1517,no,no,unknown,2,0,unknown,0
56,blue-collar,married,primary,no,705,yes,no,cellular,1,1,unknown,0
36,admin.,single,primary,no,541,no,no,cellular,1,2,failure,0
34,technician,single,secondary,no,0,no,no,unknown,8,0,unknown,0
30,management,single,secondary,no,190,no,no,unknown,2,0,unknown,0
54,management,married,secondary,no,-82,no,yes,cellular,3,0,unknown,0
42,blue-collar,single,secondary,no,606,yes,no,cellular,6,0,success,0
55,blue-collar,divorced,secondary,no,14437,yes,no,unknown,6,0,unknown,0
26,management,married,primary,no,4020,no,yes,cellular,1,0,unknown,0
34,unknown,single,secondary,no,2627,no,no,cellular,3,0,unknown,1
58,unemployed,married,secondary,no,4424,no,no,cellular,1,0,unknown,1
44,admin.,single,secondary,no,641,no,no,cellular,3,2,unknown,0
51,self-employed,divorced,tertiary,no,781,yes,no,cellular,8,0,unknown,0
44,management,married,secondary,no,308,no,no,cellular,1,2,unknown,0
30,management,married,secondary,no,-266,no,no,cellular,2,0,unknown,0
50,blue-collar,married,primary,no,1831,yes,no,cellular,3,0,unknown,0
32,self-employed,married,secondary,no,-875,yes,no,cellular,2,0,unknown,0
38,management,single,primary,no,-308,no,no,unknown,8,0,unknown,0
49,management,married,tertiary,no,478,no,no,unknown,1,0,unknown,0
29,blue-collar,divorced,tertiary,no,801,no,yes,telephone,2,0,unknown,0
25,unemployed,married,secondary,no,272,yes,no,unknown,1,0,unknown,0
45,admin.,single,tertiary,no,605,no,no,unknown,3,0,unknown,0
58,admin.,single,secondary,no,102,no,no,telephone,2,0,unknown,1
31,blue-collar,married,secondary,no,0,yes,no,unknown,2,0,unknown,0
44,technician,single,secondary,no,490,yes,no,cellular,3,0,unknown,0
41,housemaid,divorced,secondary,no,2678,no,no,cellular,2,0,unknown,1
33,technician,single,secondary,no,1,no,no,cellular,2,0,unknown,0
44,management,single,secondary,no,1831,no,yes,cellular,2,0,unknown,0
48,housemaid,divorced,secondary,no,0,no,no,cellular,2,0,unknown,0
43,management,married,tertiary,no,205,yes,no,cellular,2,0,unknown,0
58,housemaid,divorced,primary,no,219,no,no,unknown,2,0,unknown,0
50,retired,divorced,secondary,no,651,no,no,cellular,2,0,unknown,0
27,management,married,tertiary,no,-115,yes,yes,telephone,2,0,unknown,0
41,management,single,tertiary,no,1909,yes,yes,unknown,3,2,failure,0
27,management,single,tertiary,no,5541,yes,no,cellular,2,0,unknown,0
54,management,married,secondary,no,20,no,no,cellular,2,0,unknown,1
54,technician,married,tertiary,no,254,no,no,unknown,6,0,success,0
25,entrepreneur,single,tertiary,no,6102,yes,no,cellular,1,0,failure,0
