fixed acidity,volatile acidity,citric acid,residual sugar,chlorides,free sulfur dioxide,total sulfur dioxide,density,pH,sulphates,alcohol,quality
6.326665099930997,0.6708480700977985,0.03845730249051638,2.0738289695087664,0.04073111063972721,10.620318412262424,21.380622358247866,0.994215961563458,3.4526532779356223,0.397523174215045,11.763715427879564,6
5.3269450724101555,0.5507677391627325,0.018274407339928127,2.9360029518813353,0.018582507971899493,12.521134150286983,78.20006792301206,0.9920742264067183,3.8713928001203537,0.7468546898501731,12.830416448679344,8
6.855115854106576,0.48727485471463805,0.13849691868555108,3.7040703901707834,0.12725776681838674,15.926778777976375,39.97379217400751,0.995805763965265,3.359202135886153,0.4199046016368247,10.729144587598023,7
7.461528078511745,0.3862681090425099,0.24508197905626436,1.6065797647608262,0.10082472966783118,24.554321547407568,61.64794916184594,0.9974137495359867,3.475980690297811,0.6076820461543901,9.342262702467313,6
8.628782225829744,0.5959115712545562,0.26121739642731107,1.4810572319925241,0.023993960193423716,40.48078185326337,65.35607625695728,0.9958192548378442,3.0998256182939388,0.7037726487646825,9.630712816492013,6
7.597871008311884,0.31967113676594383,0.5409471836080485,1.6004642488657435,0.1013465863592389,26.641157671885686,47.48875225831694,0.9958237307189165,3.3514521685818606,0.534373260128375,10.427687364239123,5
4.906819585117462,0.6494681057960784,0.0027706567084788245,1.4217312934833184,0.06023350254090645,25.593058840912988,50.52051870891621,0.9920277993950085,3.5916905487961386,0.69155559264073,11.819865771832005,7
7.513337675726821,0.5153741003421934,0.21317938655468496,3.8194621787358836,0.0882768989422408,8.36396055713108,29.277946095942117,0.9956813054612057,3.235517074898686,0.37132096618849336,9.872449228365904,7
12.125468646642817,0.7843348524876093,0.5978780894101198,3.8876779836738984,0.10709474170788652,4.828670353065029,40.48401394007033,0.9999468617098435,3.1142893607647837,0.5792931946083997,10.189658764427284,6
8.948134097222347,0.5933790884431552,0.4385689040700158,2.9434714598866076,0.07738397693004312,21.343742403735348,64.96317845627175,0.9992223311054245,3.2374111682636055,0.7569260586518659,10.600538141091965,6
9.285418270976724,1.1106764600944743,0.10530981764701308,5.395974672919418,0.026458266083084617,10.029022715175223,71.81186266526728,0.9970184387891817,3.28825535051378,0.6899544871660412,9.07198673339058,5
7.279809414139468,0.9447231755495998,0.011972951347306072,1.8897557681171337,0.023224663803113207,16.67869194393166,37.64849911685437,0.9953087583870501,3.4491000523204494,0.42495690457859786,11.213580621900936,7
7.041551001990859,0.3359589634492043,0.0751152825630866,5.4999679135406945,0.102176729816353,19.60876223367228,40.24168277449048,0.9988023615083786,3.3780632068846606,0.5774911736655807,9.73662800759336,5
8.966801878491239,0.7714944323843111,0.29741362480958344,2.577744972337201,0.11309140001384116,16.847629281040632,19.301511411448633,0.9985309074796905,3.2796231267838376,0.7700886972237593,9.126140696715646,6
6.596651100446188,0.6421647616737659,0.06365434827564258,2.978085593158259,0.08551817911160213,30.12455113615514,79.0278276116745,0.9952082475715655,3.322512764120193,0.6320925128355057,11.262363553626326,5
8.106905976734227,0.4774937498787409,0.48171668973205684,1.7790235241961874,0.11315688716099248,15.727102771728436,8.869905631564402,0.9973927650658614,3.299176919221965,0.6720045556805331,10.938507258402614,6
5.800056631294632,0.4537184320680597,0.06194230233385343,3.4748703048845266,0.04710387675433522,5.4366766616964695,10.726681083763417,0.9919323135224556,3.6371167723701814,0.48095861197178796,13.819474666412983,8
6.900528714860634,0.7154038204831871,0.01726061323209387,1.548968548391637,0.05697448634249991,42.76152391600298,100.41458624122592,0.9941573665621652,3.3481492927802794,0.5432394821497186,9.437647855367763,5
6.552393237557901,0.7232391867767908,0.17374179743998797,2.790842462284794,0.13153817028126613,6.477300555888717,20.173287067234043,0.9957610582887367,3.326722950033629,0.5152656138276664,10.015610354481124,6
6.509430229127999,0.6805298674580867,0.1212627393548869,1.4370830944208368,0.03196943124196998,12.286768032348512,10.785298267675858,0.9954326525666464,3.328369536654634,0.6771639155655873,11.323843537046931,4
7.1163933865569815,0.7090417962637114,0.04817661371968429,2.1969854658191386,0.1315835889465198,7.210528594290085,23.956969534151295,0.9975530358602679,3.420515031372839,0.38676684106084613,11.538959259775318,6
8.076800825383556,0.3618391734516813,0.24654380073312784,2.6713238342376475,0.09916690103449012,28.323454179178302,48.557307008290046,0.9974725255213632,3.20982967461383,0.5020086897638607,9.168282064772164,5
8.651787018110936,0.7003465851642616,0.37642602230622435,0.9166298359986021,0.0425282909702627,10.006345537858964,113.79442128979342,0.9963211943855476,3.159896288901162,0.6781716655727854,9.790281738580573,5
8.126697237789116,0.19149265413157568,0.44101306293386117,3.6532669960443345,0.08253972469828572,10.80528095291152,59.14769518831566,0.9956399338204945,3.387367511557077,0.8274033603944123,9.196547903557812,5
9.39303325433368,0.5500204265256463,0.4660512659079421,1.605090470073502,0.017086244430460074,22.114451958814527,23.071712962780747,0.9943622448303762,3.1656876774924783,0.6809550180596821,11.880687934574478,6
7.210976175305039,0.3824860749201506,0.30999092377071896,1.0931316184774569,0.05065993143367399,28.9918032140837,35.60618547394221,0.9953303207689835,3.371624583071844,0.5804556739668361,11.186051652333855,5
8.093692499931763,0.28828485629102013,0.37045297448062925,1.0986114751214917,0.0780705902906633,33.94983622407625,47.40063366745591,0.997739617283775,3.256855129066045,0.7944536441650316,9.19530944443195,5
9.699606596570078,0.3159959561511073,0.34475762459342346,2.1999846512118753,0.07398338784106714,12.572808516776853,40.57905768923335,0.9973144394761266,3.488346889127319,0.6563293632850611,10.47916682188816,5
6.313394850655455,1.2665147551778992,0.07513094322546211,3.4537231444658465,0.017041932898855527,10.531533645185586,13.582466750042617,0.9939687270220477,3.407055959302441,0.8259940754251457,12.691892976384095,7
7.883518383940754,0.46157902673831996,0.05676662210185339,0.9940365408882141,0.1043958413061868,1.6440646909960341,8.060179524546552,0.9959146586240043,3.331589972849308,0.6281453874822243,9.2844149691669,6
7.521419008535765,0.6623377759588955,0.18097976302391955,3.345668201491087,0.08363771119553637,10.438501819578576,51.99901158200929,0.9961260086768682,3.3508980065801324,0.5123703539496347,10.109444858644585,5
12.137126712869478,0.29503843790555306,0.5417514637680703,5.592208253338908,0.08767337706400277,16.838996970349754,51.055681288472,0.9993110657990697,3.1467783692708697,0.6373096648797273,11.116989206359314,5
9.739745930471607,0.30208187440072815,0.37342337865066877,1.5510123277261973,0.11784812493382138,19.68628430791574,95.07244124457193,0.9980404905519457,3.022799813487968,0.592629467059437,9.271868410167981,5
15.521943475717212,0.47863814499528395,0.7319129177609364,3.2433637391951042,0.09863697214824066,19.853391546426113,12.275467240498624,0.9972621681727892,3.045350706091031,0.5223481482410326,9.177392906585156,4
7.452209467391504,0.6284959840580617,0.17768668554189176,0.9743247247539398,0.08071951274341296,12.571098097654577,87.3945175577474,0.998217632167399,3.1351602029617056,0.597084418262874,10.888122771471592,6
8.37154244762355,0.34811653027255707,0.3966061610924231,3.7258334972783076,0.11259691975933056,7.468785014444779,21.0345200383992,0.9998901079405476,3.3163083559661946,0.5478293396210734,9.876916493246714,5
9.177374944518654,0.3108940631940174,0.5954394865427758,2.8493919051395453,0.13148679051109669,15.20470543398139,52.16598754463098,1.001328434540094,3.2296215010551514,0.6779914854346227,9.896029648371657,7
10.295174638654943,0.7131078078441726,0.25703173415924463,2.570117336959986,0.109160829154442,9.561847328025596,39.88802887887571,0.9962182778126549,3.4259435104561993,0.4297797495236327,9.781782533314429,5
7.881041415432004,0.4177933744290845,0.33914991824799356,2.0391199309359718,0.038658278045555716,8.808756255139693,58.83119596677491,0.9962833895063052,3.206931552961855,0.49789067320159774,11.366989232401743,6
11.092746776077702,0.3584101725523295,0.4939765208609599,1.0593409269085654,0.10413798809048663,3.625740038029359,25.54604579087403,0.9976156722810879,3.2985330479466204,0.6737267676398297,10.527606668735942,7
5.0531104830574165,0.4946226769559333,0.16839290212651248,8.254279110764479,0.05409336488638736,14.587222904149993,19.843245139005404,0.9934305995051216,3.4467780469314713,0.6568249380456175,10.79264263358187,6
7.1972258098008535,0.3851422679779888,0.27530466660845754,3.3118915291516253,0.06220766266999353,4.3209691056531705,36.244945506753254,0.9965797162375478,3.2381637314415808,0.4809783695999803,9.305453917458218,5
7.263724740991906,0.5925163268557473,0.17953675634630822,1.586307301718072,0.059059001751907064,27.97478992754505,72.27306652486499,0.9931365583287698,3.368848258608754,0.5832897381961283,12.690183833388406,6
7.018650319507117,0.7324206997200267,0.022518825469136743,2.214861827074463,0.026869070898254452,9.399403401738144,6.674986578042964,0.9961105464587259,3.4246307327794394,0.6127382124139948,11.341678550618576,7
7.798242432779655,0.7135887284320407,0.2589292879367695,2.0543925344543683,0.05872658293766714,39.016405116364645,66.11513651344788,0.9937143967284117,3.3352226255028214,0.5944173549999131,12.251234745238751,6
7.3884477815087095,0.2037144722793837,0.5142272538395358,2.6614670912148197,0.07811102727005245,6.671357366415724,27.262058871512544,0.9967311754195631,3.263567128634996,0.6611752459888136,12.461212705997665,6
7.888173656506919,0.9407753492171929,0.0690314311443523,0.9659452971101036,0.07958563484652294,3.081276514276683,9.024561555406272,0.9972265929153534,3.525938570887363,0.42052573972431345,9.604175148645009,5
9.612895155510646,0.29261894665871646,0.48664827409335454,6.160956495408686,0.1022986619073938,13.285189913909846,38.78759775832672,0.9987255550753137,3.146128232197541,0.6017906962368396,11.122182289928087,6
10.253007469318192,0.7247736230512581,0.38390940800316614,3.0467956419464217,0.023055814213195698,12.355187564171182,15.288927841725105,0.9975200971056694,3.288070257645702,0.6557748097181483,9.409943769428754,3
9.00898694609914,0.511114985710231,0.5415241794164576,1.3396520721019685,0.04562071032787622,12.754298642510673,32.32133992131244,0.9972447764009913,3.4349045511159977,0.710248005983359,9.494080043437,6
8.060610329502238,0.6153241578249817,0.36414227076662736,3.69862263061208,0.08890936197088617,15.406291696237698,37.67532081383294,0.9975776837559983,3.297300772134669,0.6577776105417562,9.063635723699601,5
7.1748835044971635,0.4859394660739521,0.27995927373482077,1.2043599563143523,0.12841055426461134,31.95723603844562,44.521585157399024,0.9967983793314968,3.3487651098407905,0.7811780139902086,9.249767103256962,6
6.839504559476683,0.7170161613549153,0.057979454702576344,1.8391623547545954,0.09785370886049655,22.190526140504577,74.88436047557309,0.9944740010870534,3.4724261645149177,0.4791552288478607,11.915419834414642,4
9.706385749135306,0.7133452324447969,0.2792297303175956,1.0073309878412815,0.0608554882349365,10.76499059378316,7.239809126892098,0.9966497968063706,3.3831172449161055,0.962568603122318,11.751099819454412,6
6.918002014115206,0.6137616501216184,0.052136261370150545,3.708419543725296,0.12849344737267993,24.277756017142426,75.71562231573807,0.9980907428085128,3.176288696710948,0.5702128311815704,9.538367420613053,5
7.385115314648794,0.8469842519462344,0.07262205499075323,2.285169724437688,0.15890721010036196,15.195362530457164,62.30421754465112,0.9934599649918967,3.202779967573314,1.1571147377593194,11.722742215555513,6
4.781802945093742,0.3522898697533071,0.14024161161063536,1.8023523624518711,0.05803824129247791,5.188184840324852,14.694834338724528,0.9919102757937197,3.877485705576604,0.630854590385347,11.924063897126103,6
7.644989501702106,0.3690935394933611,0.41552842763221914,2.8277267499887144,0.1612848937449856,27.243191122899827,14.770515840731875,0.9970406872060323,3.4097636846480537,0.5884651956364888,9.174220845546174,5
8.931932161717848,0.32640774242746606,0.39929219434963564,1.9569759549829464,0.09582196185813659,25.734760877594614,114.72099567204702,0.9962661966514723,3.2751097198788264,0.5481396174373772,10.810451161671311,7
8.362148657272158,0.4269198930047806,0.3899952745707021,3.679086641807343,0.07934385036280153,12.52560681590331,17.914546018179376,0.9980303764037846,3.171829676993406,0.7251212558867369,9.501604863684847,5
7.03760150215443,0.7273473788313258,0.265651815388307,3.5205746460141194,0.1113490064737149,10.867520429116155,41.33768229997645,0.9974000363018858,3.420213073993814,0.5366318558640177,9.56407072301358,4
7.3124959005189485,0.8986854689843935,0.22019535758242365,0.9594868786046095,0.12711168363269137,10.051490189651762,14.955832283868764,0.9985891010525867,3.412012561016334,0.7388407158270653,10.692072826127287,7
8.019765362585014,0.8177999758835348,0.018440819457174715,1.6359611501422207,0.05319981985312461,10.167762252742484,41.36301896705237,0.99664673977627,3.3397331331876186,0.5530471309002826,10.743716410424636,7
6.66900537903301,0.32919413313883067,0.11477377772487801,2.5643001840452584,0.09088429646492521,38.11397347715738,92.00657864172102,0.9957323724371119,3.5759923226015937,0.6968614048221204,10.938274877914695,6
7.072150680949896,0.42698406839840447,0.26626769779105175,1.697673086612119,0.10335512693046059,20.129827440042064,123.39501829720118,0.9976473350897624,3.4817737528829844,0.7004932724669459,9.320244406572218,5
7.2159545027603045,0.5931003144854027,0.05760937331674263,3.7470523218658416,0.09325197163850044,8.72278641758583,24.811780167335733,0.9979239043087196,3.4309120296428026,0.38650162562545676,11.615943438265797,7
8.173171866031508,0.3170663241704055,0.4695467717466166,3.622796633943432,0.09533848764236731,30.231391587858486,69.98989327296209,0.997574885378143,3.126127998615666,0.5660350618394964,9.238709363236179,5
7.007080611294005,0.5470604671397221,0.039945989254021035,1.263258958832989,0.11818888894252072,4.599985464886948,12.239659727722461,0.9972790381607493,3.413550174995193,0.546349917897311,9.319117629779944,5
10.072664093265251,0.20444428405547707,0.4397155366346529,3.165807171276242,0.07230110016672397,22.228003764933426,88.64300739681185,0.997695171834028,3.238879016347977,0.5806166545631861,9.624796939829196,5
10.498999503582171,0.5718434958524458,0.26455202944544387,1.3634655034323582,0.1007455030014416,20.747680579471727,54.62151196075761,1.0000623728245763,3.286413449142596,0.5481421302677792,9.759300634210891,6
9.806410558603643,0.42548127040036743,0.5713427756276234,1.1459194465627371,0.10256168350473888,5.748675446902254,14.112184809953119,0.996429004276713,3.305281353158875,0.39539809731235864,11.939274385933148,7
7.441115862801143,0.5452665320695644,0.07503985728653367,3.445856617117795,0.08070985949372556,20.465411752328485,40.56068803713538,0.9979637694515197,3.663768128143522,0.4635446752626494,10.168284209017804,5
9.39356654512521,0.8891529326853207,0.3247103763029934,3.468634645000192,0.11575671686551559,16.66572151364025,29.066980842249563,1.0006962733360711,3.270712483229169,0.5914663136148498,12.03150871038859,7
8.879721521600072,0.6848250197163714,0.39029884356411426,1.3915943099902497,0.0870894136226432,25.924042162943962,59.561035569055804,0.9965718625309368,3.388537954029129,0.6410874033565006,9.066988800165303,6
5.966683133762614,0.8611684955403762,0.051914537919159585,1.5135071916005751,0.03616229236389351,1.1244251256055753,20.975869944037974,0.9970487742721754,3.5693581958779803,0.40720765127646946,9.294882006100247,5
7.6609609385565065,0.7912120774012377,0.16367143449100838,1.9168483420308293,0.086745098130641,4.6926208899681185,35.085906016518976,0.9958854573214561,3.5328353579358085,0.47486336632504467,12.187109499810337,5
7.07048894615647,0.31321651740412326,0.38723670068540617,1.9622643381872464,0.10768511456170299,8.328903961857606,55.94022401265522,0.9964278088824537,3.229320619836601,0.4152883768504333,9.984970347451275,6
6.291246291315991,0.6176996771867416,0.008058423010586036,1.5767867990689135,0.03780317835064487,1.8202748145150591,26.747969318556493,0.9936603901947236,3.334514714046521,0.6000027715095844,13.162863277196479,7
4.93840955377018,0.48761716941843475,0.04466910303330416,1.072614837614538,0.052960145789581456,16.05719277265849,60.872594561373454,0.9926484088874585,3.5340281561486653,0.571739458978059,13.11199595421691,6
11.72217037445347,0.5448961004774496,0.48345801231584457,1.039635691474359,0.15726747507649622,3.4530102573283146,13.826378332812862,0.9974796736209697,3.1501049354495656,0.5456661368386739,12.136678039746583,7
6.907440542964934,0.6138980536326085,0.15711701400597594,1.1475527406888326,0.11883951160898161,4.374216855702505,28.713062411569183,0.9956003105940875,3.488081788937287,0.6917095903069138,11.67960516564514,6
10.079820883451921,0.46970426720574876,0.2614362533534738,2.1065150214345945,0.10491075112060078,16.74968415207819,46.140386597441264,0.9969806073331784,3.111978312521792,0.5725733608478248,9.543384882898556,6
9.520642567855509,0.3354332466364115,0.46389712990169807,1.624593033609698,0.07818955447053547,15.75009051499757,38.002358067172516,0.9969463753619898,3.3111742652858323,0.3704256108172012,11.834022716238781,6
7.931048926278846,0.3963720005300316,0.3208532077445597,6.220926780025185,0.10137489356115036,1.8629643295108496,32.78908368802449,0.9962509875590182,3.398964805890093,0.6301813256948883,10.013561637683159,6
7.175995448006572,0.5562495815516145,0.13164209533868168,1.4322465293834754,0.08705317751433059,14.844798487441093,66.17309541073828,0.9959588206427032,3.419414726973094,0.5400632558109305,10.890242531743452,7
6.261587593520701,0.4968972515175305,0.08436240802792876,1.4386468904656171,0.029845884148054783,29.292828581113078,38.108323164567466,0.9942068626969494,3.3648785599104434,0.7084738414906379,12.170887552690662,7
10.136902129905378,0.3960052458678631,0.3973440797526413,1.1569975296330373,0.12868897045761118,21.687454495520168,52.08812988496739,0.9981172716681945,3.145304661391719,0.5676082836217242,10.849969455873179,5
9.898855935381317,0.7115905559244594,0.28210296539437196,3.7829318805454504,0.10064844871088925,9.069524720464395,32.84253432332295,0.99833031549112,3.148823490307783,0.5635916675528057,9.162616971050674,5
7.052372682445949,0.5277658590023191,0.15664209279610578,1.7840713352101631,0.056257163209294345,23.73222194035289,106.83444480820467,0.9973541810093133,3.215572311566585,0.591098481146265,9.141037935918838,5
9.168017901211392,0.47651729566419937,0.37012569260570455,2.5478066066741576,0.14114379974257193,28.540416995724936,33.73903609478452,0.999297240058667,3.2072527912347595,0.7459730534611677,11.566792827713426,6
7.178832572806825,0.7707326366093643,0.2255699667855833,1.9258895365753235,0.049711880697553945,50.810099881731084,88.15415100374088,0.9978115965754563,3.3883605141462243,0.5806864509265602,10.065460219072042,5
6.109270864805015,1.5695983473929767,0.06200087748960062,3.2329573976814094,0.07898464331988427,2.0562831372493227,11.834496461647692,0.9971777376350026,3.476201801384707,0.8172205749204737,9.235614991453625,5
7.805412452545561,0.680718754202762,0.041173810987507546,1.7953731658241705,0.0851721888710027,12.707992251943752,51.287319258200654,0.995466547277067,3.531836852686017,0.5923924892944867,11.26168697959867,7
7.3084300766134564,0.9093105450333749,0.0060982354395480295,6.404060679463209,0.07953288235373905,22.046543630527868,86.49187506920498,0.9974891871845719,3.4077551996662176,0.6758809192382973,9.301216713204573,5
7.271883734110819,0.25087008749565265,0.2786328440358991,1.7882296594837865,0.07338576969116668,14.670723520145085,63.54079996250428,0.9966386674346391,3.396891793892534,0.6439903706869143,9.59631352819483,5
7.022206379795034,0.45677766603012754,0.33058107475041554,5.09965253876276,0.06635296195437161,21.195686704899202,51.380286516642,0.996092780165524,3.50109619920625,0.6733887926420801,9.545473608752594,6
7.0409312337173615,0.5835899732025578,0.3576096680825521,2.3157343549367875,0.1296757920020732,24.55494712796353,105.96387901175835,0.9963992329023158,3.2327496357986063,0.6005636024696945,9.333699363279813,5
9.83266297394766,0.7905287778544221,0.18598448126308187,4.413819139786669,0.09393631054616941,27.50837857183101,61.20202505226283,0.9981820271593829,2.9269256280977354,0.5852689200254128,9.537300884483622,5
7.21217447055407,0.5190183147376874,0.19742061132265204,1.8465897493807568,0.07265832700592474,21.850244433054158,57.75466415908913,0.9969604208787028,3.1666054160946677,0.6244270884469034,9.571974833721288,5
10.973437904811771,0.23537536882497495,0.4106037999726172,1.4465670169163785,0.11586495905664432,14.487836046812694,14.526743392137893,0.9976531834041373,3.119583740013989,0.6917925899332165,9.229044804091357,5
7.356308532184415,0.5924385235681449,0.1346992413404383,1.499445038001963,0.11160409249985456,14.991892828274938,16.18192260730248,0.9963224971080779,3.258500855297031,0.7047466501790665,10.474925200592484,7
7.44759307729071,0.24515735355982007,0.34896475248054815,1.4345637603107173,0.014725410246407687,13.511233905944412,54.75293285067984,0.9954735729475578,3.3280082489378047,0.6407245768202356,11.336215185441288,6
6.89423083318579,0.7684046357891722,0.03838575340985484,4.765016347806315,0.11782016661063592,6.586004515228719,20.776800640294727,0.9990610856294774,3.3974082684477747,0.6638154570316744,10.38714199286412,6
7.48177147725405,0.6216282628337262,0.16421682117719608,1.4146574550851634,0.07594321956786508,13.084082986037064,23.031061387406556,0.9958745409645992,3.484733892079994,0.6199021469733692,10.17252051496757,5
7.58351979488154,0.41605739984464585,0.3544690937797275,1.4139019787234912,0.02596152903198983,11.102493754412505,34.77037000356003,0.9957065879047429,3.230080591445966,0.3899637059880024,9.274043326645579,5
9.03050874793849,0.4563774743330543,0.20204826681506105,2.1363043754677884,0.05864513982472441,40.56858321342123,158.92812948202013,0.9949099894508776,3.2866698325962727,0.6916955918966721,9.319196313268991,5
10.504767041672128,0.4844918277736393,0.3928307228087305,2.067615177519696,0.05795665184458654,28.900909289191734,64.45914755453599,0.9957429097765605,3.296823193762277,0.7446776870837246,10.275477807742178,6
7.112631557197187,0.977306752017975,0.044354736998936134,9.187290599827872,0.026023194428700845,19.25979423870271,28.409941767677562,0.9946337281293575,3.3450526845244553,0.6794145782189618,9.848982995571063,3
7.95743457865558,0.7629175967236218,0.24765664465764373,2.131688393650725,0.1023448661964089,8.280566669191964,27.058163484307993,0.9968237463074489,3.2058286183205227,0.6074390068790928,10.428408465997192,6
8.975938183394806,0.48363248761187944,0.10271706330946773,1.4636538831522543,0.11984353516717973,4.176629512940092,50.8507622264879,0.9971287979226631,3.1571528487242477,0.5500005641510347,9.622876695362988,6
11.699438394400758,0.3798308710909899,0.5795147506768525,3.2982775406927285,0.10805736159157556,56.884395899042055,105.14372300188631,0.9998829514511008,3.4294735828733045,0.777893663887892,9.707325132606035,5
9.392576745878852,0.6124631073045128,0.29246475073343386,1.2668063034217008,0.10335889883091334,6.033965602434403,32.557880463093426,0.9977919549316933,3.215053001674054,0.5785131794738205,12.243855467081742,6
10.00815531659465,0.42937846271253927,0.5481721778656524,4.280439870286393,0.08297609031793304,32.82586022675761,55.755661045229914,0.9962040912358622,3.5272902278432565,1.0637382964648148,11.3749107504464,6
9.113253483626268,0.7262586348466633,0.07710599181619478,2.5069396194471105,0.07597265564503816,7.632366438801618,25.476353619639237,0.998117183625187,2.929674282324775,0.6744547781867506,9.733445703831173,6
8.280180570851346,0.44877281338208624,0.15404568280970582,2.065802661431038,0.0831559777060043,34.76915351593401,42.990821277711106,0.9973260306948057,3.1710559298622063,0.6760324389444001,9.555898025867577,5
8.004152154585682,0.5095517870644496,0.0731018445359456,2.2450861769191155,0.10331355010658974,2.5924500363259195,33.54105803871848,0.9979127911710949,3.2064700578968077,0.6236631165702895,10.523453931728254,6
7.928052524778381,0.5505839906711518,0.22583224360484838,1.341971112666869,0.10760075150080971,13.080387025832195,87.59883596733215,0.9960825732946809,3.2505701153795608,0.47564918513853244,10.579372671552077,6
7.615958320557455,0.49862887063903766,0.07386216774382497,2.9123488292760213,0.09947130601848289,7.175938289703438,7.743237368654938,0.9995961339689451,3.3249475723431847,0.6380152270587796,9.64011686163963,5
7.4120320908210395,0.71795545001776,0.0015945277519969485,2.5308722955112213,0.11000097118016156,8.147251635309598,88.77247741989568,0.9967693034782968,3.4289570935506806,0.6033243621084303,9.10622199311092,5
7.056300443128741,0.6569858474325455,0.5916855327028091,1.1076161342212572,0.1056819768381334,14.752795956273502,22.18066128061135,0.995782034529399,3.4336146823475273,0.4935918167836341,9.272452917887346,5
9.223340048297036,0.3275450994006681,0.36266126580332914,1.8317605839311049,0.11056982768078483,4.066222191262289,60.19044179470286,0.9960240871438197,3.2868991133792815,0.6287417530754694,9.65329167287452,6
12.498203292830288,0.522952756466724,0.6861719006757581,2.2023565958384146,0.09651968245909155,28.320742221295042,45.31068242854472,0.9988877551889718,3.0433297045778436,0.690793446504699,10.01485901168447,6
8.327016055797099,0.6775852087674712,0.12740659081167843,1.0225837330511627,0.062437619904403927,1.0881441205525253,11.689378163040121,0.9975205683353419,3.2940613205258975,0.6602235609677873,10.724510383786374,5
7.7291289958253815,0.35306643142963906,0.44343809977160054,1.2717354738350106,0.04383827184982041,31.671276640475146,60.92141936735454,0.9963236108524381,3.450080191046898,0.6737776517715672,10.37685786778501,6
7.227819166118748,0.537473353614331,0.5477267614855783,2.0082817920659957,0.12463497346247443,3.1569062290007115,10.387828649297823,0.9964588081496351,3.3182169100186565,0.5369778736563569,11.645728673041441,8
8.982563988368234,0.41318534934921103,0.32282558297194475,1.2297893653650187,0.07105713939439073,2.5448061173171173,15.859661535723532,0.9970833409627112,3.2494240549629176,0.6062023740852817,9.463711300817426,6
8.728042263313528,0.6593763822867384,0.041020451518991655,2.1814184407768265,0.18138614811548698,34.069835649360165,69.89005725782455,0.996402497508364,3.2542854796880754,0.5554258789093612,10.260686920415079,5
9.508647588062905,0.3737993732649365,0.5497985004792567,1.4150908637139672,0.11815105943044454,6.6507917210693615,13.316919360987931,0.9980015038024623,3.0913436540108883,0.5802079067852223,10.422340917276816,5
11.61648540437776,0.28004641424218135,0.476516009603614,3.0511921465098757,0.11323175940013655,12.713426665960158,29.90427998129886,1.0001637341457628,3.214290090733889,0.542761768864049,8.494215962701082,6
9.986795726824102,0.8251649744037068,0.32482724950116476,2.6544146341735835,0.10498058824700585,35.860504240512675,60.38244797818176,0.9986090641892467,3.426532876361918,0.8318459343752631,9.874355328709312,6
11.497029259067535,0.37591405685022283,0.7006548297983615,1.3244851176563006,0.08673137349994162,23.10868198984996,168.61317933621962,0.9985858142779963,2.99749501963004,0.60435921106903,10.20693932780632,5
9.43580389780414,0.5791172915361723,0.6286158091947303,1.5198283190787891,0.018133605013444257,24.335981409463535,38.5343867721715,0.9949833717199147,3.377851985961184,0.620670547321698,10.386025174493787,6
7.5664903039628895,0.3266969926679877,0.15990097418965463,2.766189125821044,0.11149450297298019,10.948860092524534,52.16052235913516,0.9970440252636946,3.4034545159933356,0.503097181745498,11.605947621305189,6
7.894687860382906,0.5547108968460202,0.0025249698220213205,1.96449177608112,0.08676616493486898,6.628931523261511,10.460429285653873,0.9958057871265481,3.4039549166589214,0.6548764713721524,10.926517202129522,6
8.748019377611852,0.4674548646950703,0.22354994945022755,2.404073353452907,0.1085810308608032,6.241230506317916,18.572085648097225,0.9986521894017093,3.140782923076219,0.6707183831087575,9.287675378029634,6
7.253845719679357,0.3883472260523646,0.1333893686217928,1.8326308230438724,0.10480569036636087,15.13480474533701,19.608997124172518,0.996456024023118,3.5145139418246463,0.3758468529769325,11.905582578409648,7
9.087443399911685,0.33541888999133074,0.5150615376821291,3.5317440287551443,0.1082704038937218,28.495265547377308,41.77468616658217,0.9992532257205005,3.3009652613568097,0.5472895045052343,10.104260069641239,5
7.168456344894046,0.5065415250941426,0.20382597808962147,1.376136625445316,0.037713398319078065,11.865253377578526,54.525687950319096,0.9962584404820121,3.4583818329915785,0.7683783485930231,11.372425185977152,7
6.958563768248653,0.5537701446590974,0.05983268734810604,1.179607405642968,0.0862427190342425,13.3505443161825,11.973457502195112,0.9957199651750723,3.479292602512346,0.6252798710507059,9.163157707248118,6
11.721497199392301,0.27169215540355357,0.61681674822093,2.535063527168451,0.09008861571800625,6.809943224809494,27.832878525431685,1.000085802708775,3.3862711716138234,0.6895607837949156,8.678526342036552,6
7.439190182380018,0.6983407208656018,0.15805378081148233,2.473033891624322,0.05373899663616262,18.89396288240212,54.03502190995576,0.996962380288128,3.3996319409915445,0.42653598186828323,10.422638767098444,6
12.607710245044453,0.6195032583689281,0.7163647717214848,2.056544955768365,0.12495601511062687,20.02294887589556,77.50940868564017,0.9995993341300626,3.155319913171435,0.5532309757710262,9.692533869052188,6
8.257404228417554,0.5134547198807491,0.4577391940733667,1.7804336992570748,0.09099676702244067,7.059744578199757,8.071100224815702,0.9961453537785434,3.2086509326359813,0.5704385837601453,10.485592647649915,7
5.113039614816935,0.4754154713531886,0.0770566002967833,0.9220840349314463,0.03079333104961426,28.2058344432599,90.90367243648512,0.9952973090416746,3.5780348730156115,0.5511952982820514,11.558315370337953,5
8.70082975365097,0.6683728643929114,0.22383734494694124,1.561811379360891,0.03882310819023136,2.116521934705775,27.928724953516735,0.9972152503459009,3.2460958095782435,0.8122947398350251,10.035006044439662,5
7.087367943102532,0.5148526148580748,0.3482024108893841,4.694081122519406,0.09760947974935785,8.312628759355592,32.074147119258015,0.9958938914928555,3.4196049252831484,0.7798020012778164,10.665265728695209,6
6.225602575503419,0.5910173348989789,0.026507871756901075,1.3662874503818765,0.10977849138059187,6.020031309891372,12.513433432949839,0.9957134611654747,3.3909041694201982,0.7322338170654692,11.244407613908917,5
7.937853057566189,0.5287496085899317,0.2643923213181326,2.410861329538221,0.11717936123366113,6.792279278068955,51.32874314266222,0.9946842630453209,3.2361881822837684,1.9407984380998415,12.214235780076434,7
8.038152631898825,0.687490178104172,0.08018112114059124,1.5146567904945745,0.11788566458262434,9.445771400771907,53.81497814428175,0.9950898291678019,3.3851610198846416,0.59262758993977,10.629444613350442,6
9.915763892090721,0.525314925161525,0.29784587188887535,2.8762354695531154,0.12036229228327602,14.1412390292354,29.6358742191119,0.9989933937639279,3.239098817418061,0.7236966258812326,9.798886624582275,6
12.19416818219849,0.5679489393312637,0.5737188199965455,3.779513163675402,0.11535419695812973,20.573788931938786,64.10179024413668,1.0000439714803087,3.201196298462959,0.7036206619381244,11.255204619973826,4
10.954573100361799,0.32756527751801745,0.5202652622551147,2.885220912905924,0.13010830798510759,30.567059256476256,120.37230785898596,0.9997789376074238,3.1698652744831386,0.8171771464349651,10.404674204928824,5
7.097188849603091,0.4655571123836839,0.12056304306616689,2.2468980004271955,0.09877433851281807,16.30018874972892,89.30844687252379,0.9958890072040976,3.7661374989225846,0.5035811781466155,11.199784243428287,6
6.979290201026334,0.5885259929777278,0.18449507703758983,2.1673474293846535,0.038756140824353795,5.670619468821257,52.05359726242222,0.9938420886031669,3.364953072937513,0.9673620606505346,11.167570632552225,4
6.960041500715673,0.6564468379056209,0.13231717870980284,1.7385533501223103,0.11092096839079038,26.7235412417635,42.94061910952815,0.99712066884245,3.220059160709827,0.5244522313675065,10.97169137740273,5
7.959437946679953,0.6477183649802756,0.035937274921491465,2.54391102372865,0.030801436877807294,9.235407900043874,24.98631113118084,0.9982306188426039,3.4106722508737093,0.686177590571574,9.34941166144218,5
15.565086420992175,0.3647175883701866,0.6505165331628177,2.0794031958211683,0.061679837016546404,35.8462408005534,92.081756655691,0.9980208495199908,2.88080068699291,0.5318623455257117,9.540700718737714,5
8.018303535264483,0.4813382644478042,0.1486675278896212,1.0316357300977195,0.037028238780277695,2.530004406826924,23.363634088060767,0.9930242957736307,3.3030078067997026,0.8745699080567085,11.664139723293369,6
5.8438102795941935,0.6993897488742498,0.013880449733614523,1.7135302379583792,0.10525807260944361,35.31703500211038,67.81647180770015,0.9941598188281185,3.6383030447111717,0.611965050057371,9.906768646681396,5
9.892526664166255,0.31230009083620464,0.32784740665334017,2.5020173339225504,0.10303262793645901,7.714007378678523,17.92583774892627,0.9980028603020739,3.189359083577136,0.45312180411143055,10.21699885772619,7
6.360104009474389,0.5728374755479887,0.02002064135415205,1.0351787974011244,0.03381264597653599,1.857623656332612,22.05373319815497,0.9928525494841522,3.5008004770583696,0.7488984177554694,13.352071839397817,7
12.238157738658714,0.3827834045057056,0.5118408054743298,4.4194094874013725,0.0725318261885222,20.17608313103431,86.25694923499591,0.9991537786322504,3.1640162059895607,0.4048345888383363,10.975294452491735,6
8.417173029132176,0.5211398123524159,0.2989090353442859,2.588205292648226,0.08856756810830874,33.302976081081574,92.80835122188411,1.0016506436923136,3.323308965874523,0.5737749565691034,9.956785802362527,5
8.059280541547565,0.6984082889151082,0.026297768910237287,2.3482483491508783,0.10042267091771089,21.698594010233506,54.49771608300641,0.9960795216465574,3.237133328469687,0.6880372174472813,10.917268724376747,5
7.024294448103469,0.33579252490771994,0.5718218259183313,1.7438086468884904,0.06897807914150261,4.151149010479163,7.3688644235548235,0.9935863587791373,3.103815697115147,0.6103908495917351,11.107775722248494,4
9.791626802175559,0.32276484693337254,0.5256937808410024,2.209840855972134,0.08011129324138694,3.9257282963633515,10.814962726903541,0.9996277388792412,3.0972539712036795,0.5988081344428756,8.75347899583866,3
7.765446154250209,0.630163350003966,0.020559286706492142,2.2965120738321496,0.1259811127655302,16.855383072571485,106.55188518587721,0.9979017327503926,3.3812539127508385,0.6501587229010979,10.03424666317232,5
7.948219386999304,0.5920092458038172,0.12029779519413863,4.926573773787906,0.13016326396101366,21.21093461857957,8.259328131268076,0.9966632435207079,3.3271694419220745,0.6488731988832609,10.642684048442161,5
7.765538710546546,0.48863841522030715,0.02013932236505671,1.8428035628219779,0.059389037127077035,17.47329056175801,56.075833142510334,0.9955692894816031,3.2618930827302806,0.659763204556349,9.644004338443235,5
12.20813349355079,0.3902101028178794,0.6222835542020616,5.970555609568093,0.08864160630725652,21.669199318155414,57.370849413312044,0.9986258334895586,3.1079935306000137,0.8181711898855217,9.014076275764907,6
6.7084586772247015,0.5186148411844708,0.17257725842711696,2.0355051050817887,0.07305040412998051,50.944667741588994,147.96765466733814,0.996661868127017,3.341653748300329,0.41962511822975257,11.387331257797724,5
6.844802889098284,0.9075907338758705,0.018345114113363578,1.8772770838030088,0.06474251573962096,35.70982364947229,79.62347440562874,0.9930617094099676,3.2971072332756224,0.7314138654562191,10.961048220400292,6
8.454054188244923,0.3855946562645211,0.10281781929930534,1.130681734963261,0.07599763411523945,1.1353134837957775,23.65192698112965,0.9970769944015682,3.318473819913613,0.9338360028139455,8.592213466193217,6
7.707363469973741,0.4565637284242332,0.18403707424111934,1.6738669317373798,0.08976808836688231,6.1368133657808155,32.59414667522141,0.9966139800128252,3.2776873129436535,0.8109577471282606,12.522629205267128,7
9.068936252050024,0.8445200179107419,0.13638889648128927,4.423733836386667,0.12813641598034073,7.743881631217734,46.67490461159842,0.9982282790708397,3.2756720112064723,0.5741491138531436,9.685691255552111,6
12.395633410216652,0.32636718334107395,0.6852560922780773,1.652581538763762,0.112252278574872,10.382625922804063,16.011789560115012,1.0009497768382107,3.1105928352191192,0.8379817421742441,13.15514102121869,7
7.407211519014448,0.9061865874918987,0.062435006570685785,3.401181107814972,0.12124168965674179,5.196523161546043,29.889725367039404,0.995782077934941,3.1388273932272557,0.711510891160085,10.340672272504328,6
8.945395840659007,0.608693081770507,0.04266663110490583,4.825993519184789,0.061936062101531325,11.03816149971837,13.261047407198255,0.9956983497320949,3.4223779116942956,0.5684743377895844,9.743847434994365,5
5.667089394926405,1.110074706715189,0.08520734889874892,1.7318537348458216,0.022674308875931547,8.56296256747852,30.842211361526,0.9928080552413729,3.673292441153607,0.5930474871807748,11.839667441344607,7
9.821544398190651,0.41999140179615985,0.37631410863837234,2.051678729034004,0.22191606498002217,6.957623802065024,15.857140916260457,0.9984031510101526,3.24854021353822,0.7205530144540301,13.359573200567798,6
8.759955812258548,0.5557120822261572,0.1773111573076788,3.5648092990327447,0.07756017309030201,11.60498267827241,17.077276810495626,0.9932411641282161,3.2329259984833896,0.552208306913667,11.568436122359362,5
10.72821355063228,0.310682175627672,0.5702092206071967,2.4948645542148444,0.09459587841397091,6.692157749269567,28.72600394472339,1.0009117745329337,3.2306580707019332,0.5812241374351176,11.012727194982995,6
7.59260035882846,0.6443094312421381,0.19073469532290488,4.031807203206591,0.10159876667375836,15.45354519992937,80.98033026414973,0.9979090004759267,3.337293338903144,0.5323410661980956,9.180156972209357,5
10.981930928833178,0.49574775136417654,0.23619444071431867,2.428875505908668,0.0609497102743802,9.257827002369654,11.011996884028777,0.9984882872951198,3.174302786693765,0.6278229154670057,9.715575938798352,6
7.029826272290395,0.4747210824037685,0.18728806634180745,2.5942304417860034,0.08922476149765948,9.732889736483727,23.92044666645037,0.9974203110166503,3.358948470467351,0.4583190096512809,9.168542472792229,5
7.656132830153777,0.723816132202175,0.26516036869229115,2.3001075146800947,0.05191888898489397,6.795979672956124,32.89014578007904,0.9949033633870583,3.548330071013284,0.7150687295873434,11.987589201388026,6
11.412520850658918,0.3079805982130414,0.5459692965729519,1.3519598868954115,0.02044601907194499,8.26534140890559,16.884766475133333,0.9943709498142634,3.2420042938496554,0.650272278199476,11.15350577728268,6
11.28536684860435,0.22951441782167264,0.5522457878738042,3.000943780575657,0.027367422497585513,1.1589031692188845,21.175336753141636,0.9996825589687133,3.2864015043887846,0.4363259214167973,8.475643108061801,6
7.7555919257534125,0.41009958122153867,0.2675863712876902,1.5794018239277245,0.07541015612142876,10.782139810207791,78.24338601409254,0.9957781468933969,3.4768940643136164,0.6191609889890621,10.138206639244146,6
7.375048691677761,0.868038453080541,0.16870894288352978,3.1840339194103113,0.10669222739820125,3.7447480112866582,25.578921788051698,0.9972882760728455,3.408603273931954,0.512409317737443,9.1415939801158,6
6.643242729734296,0.7485299745033216,0.062379869512965175,1.3080354372970535,0.10701484673292358,7.0097946959561,43.8224162497121,0.9942070146268736,3.3268932686395187,0.6115575247635984,12.280966911327996,6
6.470667224173892,0.9346554713255123,0.14080195640301912,3.496876195746051,0.11460719623734156,28.39741273427868,70.75214457439031,0.9968454509450738,3.663131820112611,0.3875107843991291,9.608776883698885,5
7.433385194824165,0.5497816447165677,0.026714411679007878,2.8442410201667427,0.03714254218207942,9.80233039683376,38.015189794294656,0.9982060684512296,3.348502971978652,1.0677136414672346,10.281142274448717,5
7.878974432693436,0.3075696501916277,0.22044408328345028,3.594581934274215,0.06811559897238693,13.368912307831348,23.028190267900538,0.9961610980590881,3.4050704184148732,0.5556863952185288,11.59866881566024,4
7.033836088932609,0.6201679645642608,0.029978412327392463,3.5330969245089996,0.05527620788527447,10.636823503656096,42.17942452350459,0.9974707500811001,3.472154899413511,0.6739371120139434,9.644255113124082,5
13.38023539853301,0.570392255251353,0.7336783195094548,0.9016679818843175,0.1059450124426046,13.540747957327955,27.396217619968557,0.9989961923895484,3.0919973910344303,0.4082599791515358,9.619535750150416,5
5.853364609684521,0.606099771700668,0.2838705645767716,1.6996537562623073,0.12422152514198018,19.882949792359533,34.397893123103195,0.9966543962691001,3.26693976717399,0.542470837860212,11.824903780352683,7
7.613439496295601,0.6417947065157064,0.05857882534999672,2.4959118090649537,0.022767149922622534,15.69866648821298,53.85660657722923,0.9960771866337514,3.2194863446455506,0.9256153947768488,9.055538637469832,5
8.598671633191149,0.20232559116936316,0.4325925179345533,2.190582441605768,0.029501178992317717,4.335222296679101,10.360858872047265,0.9940472913989172,3.4099707058898137,0.7460104755743519,12.359119706174495,6
6.077848240973676,0.3622703355465114,0.30164864597497343,2.461263780505199,0.10493292072137028,46.606538469799574,84.02735101268499,0.9968211695494391,3.459699989257139,1.1400231846461508,9.052314351975179,5
6.602134841430419,0.4548611959067958,0.08009330861352514,1.2901506568948107,0.04790285310048732,11.361794275352166,28.382118099631096,0.9931714252814525,3.5557217867817963,0.856567807583055,11.880562731316353,7
10.856920646976974,0.44886603862448987,0.4344188055738753,2.0223836072843606,0.06922845867760634,12.042805471980081,15.688128030643645,0.9976677100880311,3.1519573136525003,0.40591856612816785,9.330542315897667,5
9.868243653322365,0.4434493917809188,0.26705157187866546,1.7626556107961837,0.11258151456423121,20.103697177386827,90.29950063308944,0.9981819781134409,3.2723244913855214,0.4207061146662718,10.162581583337651,5
12.450919986252881,0.4103855690851967,0.40014340991946556,1.8737621038073693,0.07468819359903094,3.855789371042216,11.724986385976665,0.9972942602950926,3.0487909196656218,0.5483926199398547,11.909065453170667,6
8.346529846519147,0.40623682490712637,0.3092479043567281,1.5030573922356427,0.06856325170266576,11.788763151058037,11.65013233017353,0.9982307336876439,3.517060709169729,0.6136411711527568,9.105816920922333,4
6.95266406962354,0.6186421506255091,0.011333949084162236,3.11999727111505,0.03999504290477397,28.174036025451105,87.02098038379212,0.9975619935375993,3.3257974579281617,0.8360144389457794,9.313405368913374,6
8.397156558039834,0.19595567633864253,0.41124127418270345,2.656779365426913,0.08421333752537154,5.833712541756001,27.936483626100227,0.9991559603183168,3.3090701433248646,0.6795652807430622,9.490330576566238,5
8.819513416626819,0.6643679207821287,0.46437252839604753,1.575068001007867,0.11755971638132214,30.771977163198613,33.849066955168325,0.9956481398390181,3.412881216139048,0.6253643032249241,9.44153430675175,6
11.646883343015624,0.1943188836530172,0.6288787109767117,2.7356050754101005,0.10952943054962214,9.079128845086485,6.234521779261881,0.9987803364491709,3.175898669287247,0.5327498462834539,11.016646329201835,4
7.129960011573313,0.7935412529126881,0.31058693768201173,1.886255293191122,0.12309176473053318,17.12807737453777,75.60555137638269,0.996412024167712,3.435677644235975,0.6336394038466353,8.673427158956057,4
10.19440819191655,0.43440833245417265,0.34301118709851713,1.0558205290128275,0.04502318321546307,21.953784865635917,18.363991884164825,0.9944351896432639,3.123425301230081,0.5550712876335825,12.117608361653406,6
7.679188805236946,0.6376878670293815,0.07352785137865825,1.1008173991048236,0.08720652885232173,10.849097111749025,75.42482524066699,0.9954777860408193,3.3435689706152094,0.6172630265363898,11.112968408547397,5
8.554964378462047,0.2078605199336309,0.4851988461649609,1.1884248644696642,0.10008055441381082,7.24313030980157,28.88142348148147,0.9974203854031475,3.191453930822296,0.6309109389760025,9.28039436427406,5
6.818734150755865,0.7253374114713753,0.05644758048830602,1.67803875675321,0.03992543545124643,22.04976046180758,28.780562766694576,0.9949284702147336,3.236007004588057,0.8443786331620231,11.512548059623256,6
10.666195893088936,0.38874690090866454,0.6277025568290089,3.2092603325471014,0.1528822045105722,5.9626816866897006,9.666592937186232,0.9979402493548893,3.2506431108847496,0.9444007154161135,9.598256053787841,4
12.16580695003771,0.30763375563009304,0.48922047771324917,2.364354706580079,0.10668346486294018,3.619139338543752,32.347684279076546,0.9986677895474625,3.114028685322781,0.5718420125816843,11.185112889214388,7
8.282326472329153,0.6432331585221177,0.32672016875020893,5.26123336547584,0.08083739629929562,20.489606752012733,72.88595425758471,0.9978359369048557,3.4040781877875337,0.5448235544748412,11.048426278922934,7
6.302602716238494,0.6782704143617515,0.13257871003241553,2.119664285858313,0.08705857335202273,11.66366747945035,18.78577460473879,0.9951540905288387,3.3339047287582573,0.652112192463194,9.200532064065078,6
10.082707007267961,0.3103096297734625,0.30671984843224354,1.4545508971427954,0.07899584251268828,7.762636406704481,10.109323184456088,0.9979364719173022,3.2585497258245772,0.5879743954330869,9.550070615428066,4
9.083927742722086,0.49273469128140296,0.21539105585191778,1.1318923845520288,0.07352335926914229,11.660271047287969,12.495497219545065,0.9959510902624724,3.176682231829681,0.4203814835230007,10.1865092008149,6
7.92590118825355,0.6846450356953119,0.2329917343467137,2.105782216071951,0.10336560430471475,12.618341805633527,38.265533008066974,0.9987039885146681,3.3616067657786006,0.6183406973643224,9.143300101634512,6
6.250548924847891,0.5667481874494819,0.03584625487790095,2.3263429650856917,0.0561789613455118,20.061250474093235,40.8376679982439,0.9949503267540172,3.4610104832119886,0.639102838245968,10.567214385102378,5
8.713080050284413,0.9538735440611485,0.34541276217563616,1.1600576474244035,0.0960163543303719,12.572269896904693,20.8015726844675,0.9947648993070788,3.3789309618902745,0.9504150920241298,11.27341916400943,8
9.534465265833434,0.42786499240378806,0.4044912896005611,4.923798959060493,0.12594094630325667,9.364569432333413,40.21440918884386,0.9961617093229331,3.2268452323247456,0.5329429321590755,10.018414514650875,5
9.332517485549294,0.5096885682650969,0.25856732337600685,6.474256492867992,0.04844386052305763,12.135240115015991,13.323344707055282,0.9962894246554729,3.2886476447288975,0.8267313536222619,11.224759882960058,5
6.3760430865946,0.4997962727310671,0.15317145667066373,2.2683355930086715,0.05144045000727536,46.640823653655595,63.408643326019515,0.9951889492979962,3.4135858568886004,0.7985011074392823,9.078394181247276,6
7.877547091567003,0.847712780090358,0.24266071773838316,1.204591957650815,0.029142993480545623,20.029513102323776,89.48281269756146,0.9957130172192277,3.2320328097241617,0.670994244513779,9.303712884861532,5
7.890566741566666,0.6401206374300972,0.17260193025552487,1.0758986733381797,0.12574450197243991,13.5975049842999,57.97595424051029,0.9971691052425836,3.3257958835925727,0.6386485163053183,10.053885773681598,6
6.61656389289972,0.8389510157778374,0.027454634364183977,1.1402091186063623,0.032840589112543075,23.764928080767792,45.12719136979488,0.9956898741501158,3.707888192706343,0.7978706008701617,9.645947564062658,5
8.004000170066975,0.4745857005523262,0.16189073765074713,1.2376369472604616,0.12252440908147041,10.7256713151719,45.50100821190114,0.9934999503943168,3.206294358494047,0.574588136139714,11.001488601722293,7
7.25001151651502,0.49333251450211946,0.024249829719818164,2.214089479987549,0.026620662070123684,17.019336159509862,91.15922289323906,0.9957988732775703,3.532645707216584,0.5867963938813725,9.572703887294757,7
8.249424379813439,0.47007253933433785,0.25144445782165414,2.22848257934751,0.12892263209253424,14.926585171623397,32.75907322173291,0.9967851118034474,3.1996334071741486,0.5203172499205815,11.267328940970891,6
8.564727385401083,0.3800361384912553,0.2466997804689173,1.5917178065351545,0.11281395027244824,25.78179029862297,60.745521516950674,0.9957985930048362,3.158179848924375,0.5816284786667802,9.183560292834391,5
7.248182361698297,0.32526935950060726,0.5156254823746977,1.0861447850302817,0.022686944315849528,11.29459355984504,27.334937158240855,0.9934035509636192,3.1501650704067234,0.5166622469206982,12.170041041225629,6
7.179770022411671,0.6149175044956169,0.2006851505225243,1.414712666963021,0.115722571915844,7.849684257158189,7.180626091412258,0.9965635637215833,3.272676564976031,0.5729068634908118,11.004126939331263,6
13.00366297683458,0.3324524266893565,0.5188486168157613,2.7120827982997664,0.08121624569034971,42.05646863854765,68.24260921237317,0.9999893704256235,3.016606761708657,0.6045497211151816,11.136139280297748,4
8.760821585225852,0.368415002181106,0.4552197986876641,1.8466215547654161,0.03508590405712374,21.298753565353582,19.221881041647354,0.998350726252804,3.152139507700805,0.847271089713767,9.344699165654458,6
14.213140411025321,0.4878128119044344,0.6736122829592509,3.4112043117354403,0.09457405128285937,4.572160674339527,18.385237229035315,0.9999189391337004,2.9306765325828406,0.7950505393431695,9.25359430630102,7
7.293216242806834,0.2234896285951925,0.4698230082935002,3.493103516012558,0.09195043107898718,16.099895452192303,25.156297864657194,0.9978400811933938,3.417497912128508,0.6147881908680636,9.538079622707663,6
7.879812621943132,0.7270511110200338,0.0064372873874960195,1.5380763562158632,0.09357407075206271,53.34219797583254,75.9117471945424,0.995993778919539,3.3540096495050786,0.5325409461565858,11.019821828576505,6
11.399880886523047,0.5404458121045467,0.49161236932355645,1.567009462861805,0.08152110885118126,8.695475870151025,52.28748007856851,1.000891503414932,2.9919168736761375,0.594516049952371,8.736902986201887,6
7.446774618914631,0.8505068866250571,0.006058714455452505,3.0431121882394265,0.03597040946830916,18.040151123682257,62.21728724108082,0.995729545229351,3.371109905533218,0.5521148774212008,11.064996137711985,6
11.503640722991335,0.4730508897805673,0.5774432068025077,5.820477378956775,0.017596789469457016,4.201550666054442,13.974694537689993,0.99729300096984,2.980627121540456,0.6221384811948987,9.717387959072154,5
8.095264068778592,0.9243804176563272,0.2180936026334505,3.024452020811276,0.11956235976094763,18.604730356087607,67.86274519863616,0.9975535436985952,3.240847045778035,0.527471882507523,9.188948774913472,5
7.917568540874577,0.17033521260840512,0.3100109362117239,1.9004888207384698,0.09309302572084903,7.945790506820106,19.09479272808244,0.995973192168809,3.378667635258518,0.5728928127148882,9.76665450101573,3
5.866467007097939,0.5421724268590087,0.03979983731873293,1.938487676373684,0.11455849914457727,11.882077182401154,44.59510252759693,0.9959208184116793,3.6483476305278866,0.5196501222666563,12.379579348485372,6
6.613666640481344,0.6375200558209342,0.09166627343927133,1.3765242300826455,0.09753314069959063,9.277492371196423,8.936748414307186,0.995658793966453,3.617648606825751,0.679832966673733,9.292949491706903,5
10.93905179557741,0.19898172354830526,0.4211029268757846,3.187600244869799,0.190176186043724,2.269782897583541,9.496454608484541,0.9975685820336059,3.203515376176097,0.3977952555109288,9.697808030707684,5
6.166113993579154,0.44663630553844735,0.3609064926600597,2.571755962110646,0.12458416734526992,20.026181888874035,34.853385021668736,0.9965379214977512,3.410276761532704,0.673557989397268,10.98796148767384,6
10.066495144305556,0.3278509141751349,0.4182598951474409,2.426012267825617,0.11416120721770887,11.762887673199943,61.89164727822122,0.9960209341628663,3.4332615413161265,0.8064750662740485,8.56449172107739,6
6.96140769658911,0.19725176555456575,0.536630853984957,2.924978749315395,0.12227311471530161,18.10837236067254,50.80156617517659,0.9968584796299093,3.5364226019148264,0.5579250733474154,11.156656710567418,7
7.092186897797969,0.4998001837027595,0.07683359262508069,1.4245324355046607,0.1266235528751442,32.90481753334697,59.41468545133604,0.9963652763585794,3.3578219653044377,0.3931295493808855,9.305939651117031,4
9.689412303363596,0.5751459165083102,0.5103204018002265,5.327457335911995,0.12762668067092378,18.10950829892805,103.74437414443778,0.9987356788645252,3.2256381808665058,0.4688355386825028,9.17455079486833,5
8.087693689327825,0.26155733159848066,0.5216451914965466,5.396058203180543,0.03674533700045407,27.112453488114536,38.57553846138681,0.9973784628976168,3.4002458055285363,0.6712091298422854,10.1837749881847,6
5.629228646594152,0.7661443320116706,0.06683448182484747,1.5216246309594887,0.047515035580627515,12.308593119683225,22.614706044585372,0.9918107904171745,3.8650153301363277,0.5795938054008734,13.261072631664867,7
7.205898089951014,0.7792758661816195,0.19473861958147393,6.65573786651875,0.07603888784098232,8.445017184680763,46.665666626859576,0.9970095103992628,3.3668423935690246,0.8160091769353448,10.102234648669276,6
8.217779468986905,0.6077996750875306,0.25207253291192233,13.802770049513017,0.09372644538387896,18.71936191485741,13.70212458795341,0.9961611084657176,3.2993720583468016,0.6341471890552346,11.280418539365991,6
9.232575677499876,0.43500164959069243,0.23258119096650304,5.324089527423635,0.4509475626622022,2.7757421660997004,27.868568793441714,0.9976077172158294,3.279151519001507,1.195447209983845,10.49064110419862,5
7.644681942233006,0.6370827654262394,0.07725476303398497,2.8224271296472163,0.10916873746613748,12.236404074704751,13.151055522195058,0.9966015767665676,3.414158160519701,0.9665448406685254,9.790064919991318,5
6.320058458761145,0.41072762461159096,0.08093009851629503,1.4382865295305907,0.07234699356293856,25.587101293555964,41.522157879532216,0.9956245419751183,3.5502150585029897,0.4165986291073388,9.154183422721706,4
11.005559944805789,0.6887304454087086,0.376253466830916,8.654243056525502,0.11707498854438039,20.602242321519434,7.237346483416514,0.9982828569736407,3.0715256581701023,0.71932760597756,9.952887014902348,5
6.5536482053749685,0.8568040686319223,0.031642066560129696,1.1001440327314598,0.016457938067756618,22.048039345944538,39.78343932011763,0.9953922180161243,3.536079310455389,0.6047300923092227,12.613959856023623,6
7.844271100259758,0.5888964184352322,0.0040994014535776,3.2219372260747683,0.03732607507323725,6.268263292965048,31.094643945514846,0.9960089641206561,3.3468932230529074,0.6976480989541701,10.371847148883443,6
8.01347593014929,0.6317358075314201,0.012863697369356653,2.1250576420348075,0.3405508170181237,12.486240610416793,46.235269467458,0.9965051819879306,3.301592819795057,0.8327259025464329,9.323531482444045,6
9.946631875498715,0.3565863137684073,0.3296696589566334,2.9172779051304403,0.1223325113247027,4.603624852495667,25.83098834948588,0.9994367818307195,3.0053050208444168,0.3758097648769722,11.150806874999573,8
6.04326239319666,0.5978098420899063,0.05817454577971384,2.6174747621201715,0.049877568534310454,1.803303460858183,19.32512968958966,0.9945377387122596,3.4176957155631413,0.6894926355389026,10.147590530288527,5
7.472159378280991,0.7112988884311534,0.01671600194226382,3.9737067760390907,0.020846041311366664,6.185704415640941,13.219220080810492,0.995759972315398,3.4158390418263673,0.689816602280932,10.959811616864254,6
9.380128426551295,0.3481854621499111,0.47554926026549665,0.9221325414504603,0.05191805772057334,2.3977826916133447,15.644109489683178,0.9965809885998042,3.415474407918602,0.5133460250112589,9.980846225059759,5
8.072058668476767,0.6954413402436096,0.17535922743008736,2.017377253013919,0.32558291657914384,3.695236696549987,19.84821948085726,0.9972920000304115,3.215938586195445,1.1099415244114104,10.391152295553145,6
6.34886344402306,0.6597406629698673,0.22113373267618686,2.6969659393433885,0.1088641829826463,19.346619576487853,14.390046572253581,0.9948399995642317,3.457414665155832,0.689969223654874,12.022328874454038,6
7.739871470037966,0.16779673740951564,0.2764349246126673,7.797019742681077,0.09666444864983872,2.880029937645885,20.012315138254813,0.9968813233919858,3.268045177168841,0.5381572034077725,9.43431329831258,5
9.380590666038032,0.35794408945980816,0.6045710906534513,2.054518121154087,0.129156871884999,7.128963797390785,6.680135485650028,0.9976737764529476,3.347454002958517,0.4297007378186054,9.970118117811035,5
6.125037528812989,0.33583863375601575,0.11574236245412678,1.0217970217154944,0.03889764000057542,11.978640743282211,70.93943488803907,0.996118235650145,3.4787173296041396,0.7683983551514815,10.066172079502149,6
9.567228276464729,0.3077969462771515,0.5674225513191479,1.175851713064871,0.08817746348017796,7.906181825530646,36.340219818066295,0.9958031286092899,3.3153366851986776,0.5571106891037445,9.592920336007749,5
6.600988961014427,0.4654234182162102,0.08019949078664337,1.3604696310036868,0.09047446935820505,1.1582209721736672,19.014588895790347,0.9957805349919423,3.5398657250201904,0.8026211951477311,9.204730287717148,5
9.762873700264588,0.3865456477263929,0.5770405171720758,3.482581382038198,0.06935824151426193,4.29653663262218,20.425154422573968,0.9995041811128874,3.2236985507967617,0.8237159179800466,9.935999264337294,5
9.868181388351514,0.3065119525612176,0.47728200839900703,15.115782333227727,0.09277066126894509,10.39176298453022,112.37936929837983,1.0035523584772281,3.3393038722557926,0.602894679229446,9.535256909303676,5
6.666951679127629,0.7723437624448319,0.09958572304983748,1.3421787539442902,0.0265445218499758,5.0820056328919225,29.73332784968542,0.9945791085212571,3.1795717681412117,0.3789110320534547,11.043233601585122,7
6.260738156963983,0.22021560668918833,0.44388190355444024,1.5597809096724355,0.10394985264553708,19.801530599141238,84.70121758951768,0.9945883012382701,3.5003993485141365,0.745304850759569,14.046461226317623,8
12.306964106438798,0.5212461439412099,0.5031806011075619,1.4184356103099436,0.11203442406494964,5.195364607781143,18.10067935113011,0.9973419659109635,2.976018918373555,0.8301275789281648,9.162306483126164,5
11.314985423764536,0.7473129886940749,0.590361687278819,3.048695812719896,0.12824027308715916,14.77232047600763,14.02153227110812,0.9973502796199493,3.2004291538067253,0.5289325466013977,11.184180367600542,4
8.157674819080084,0.4023381330805773,0.6812888258821267,3.518636659490711,0.07667533490771386,18.32978407991823,110.65099888646445,0.9974021393520563,3.226049370656624,0.5928895138235224,9.573927452407514,6
6.8645162871462615,0.48097556738978875,0.18305107341067964,1.2821123874452385,0.09163055213552727,39.1300181166143,36.43907329080339,0.9968255289724557,3.329809997976514,0.37222913617155395,10.201736792942604,6
7.749062437672382,0.8310182098756758,0.10716941839717116,2.0833099795394507,0.11520917161204768,6.3232977394764385,16.326450564441284,0.9941785434833692,3.3067582660972104,0.5100040078572039,11.919527073257047,7
4.845499111596967,0.6805967647547504,0.06982706571941565,2.243195023797269,0.1614692751710225,4.93442879951202,7.680024990159548,0.9932886864156604,3.530023472993412,0.8055013245258513,11.481576525367675,6
7.447960492823286,0.606901149801737,0.045896761360593535,1.777454711356019,0.1132983694027623,17.10897690136315,109.70543905488364,0.9962650426092384,3.331571169501745,0.8595831192850116,11.11425714718709,6
9.880613956703282,0.6150824264326172,0.26994002044156146,3.7603823408111516,0.11230182714863335,7.542836502961351,26.267745635647593,0.997711898526041,3.5013093589906683,0.6116417227584425,10.09409579271255,5
6.839161201771599,0.6258087970015871,0.04266955436292287,3.7294864095684783,0.07743451523460806,9.702082468101656,58.39500649612583,0.9986958603176416,3.543440524697952,0.5894769416511568,9.41528999997431,5
7.362019101202597,0.5452129395142999,0.5103668908123259,2.609863267423561,0.0150110446652693,1.5321053101967108,11.055193279967302,0.9937761824861836,3.434533537679062,0.6904668157093057,10.306055992330847,6
6.457071729384323,0.5015539764121886,0.1052622764408775,2.3475356544584747,0.02261924719406507,54.519807567071965,164.75507718263813,0.994739454302911,3.5394504753462166,0.6229701341968465,12.859761903501017,6
10.164839325569336,0.21488398566387332,0.46718261808774253,2.652812698465604,0.15000944911885966,14.564724550284218,52.167458983038834,0.9970846770331037,2.9565058040850047,0.6806364114881319,10.689507800979962,6
6.712379309816539,0.7089679541773893,0.018434024822227578,2.074789189147576,0.14271480127955502,7.068602782070098,20.816122024391955,0.9981207324007823,3.6577248301632292,0.9201901537216357,10.506475240934835,6
7.997568967821219,0.33409826280604876,0.3109323847750434,1.0769947806753242,0.02918456493360245,28.09582024735451,45.26425335171038,0.9944382220762567,3.3658890338811225,0.425789398366275,11.113569840038231,5
7.459352660519206,0.9114745267078714,0.3043853218585012,1.3419265603984512,0.01884491161482219,5.3357963029734945,27.910571134225293,0.9951151911167899,3.171696064208284,0.6162125312798123,9.667598642349075,5
7.6694812737421225,0.4929838377297354,0.0696768154873474,1.5455220157664527,0.013564536062033703,4.628550788703004,18.85858016163877,0.9940600885534067,3.3033772229185536,0.7063169294251694,11.717631809538853,6
10.529481688371602,0.33263725256862625,0.40784671662748334,3.585228347758646,0.10331701597813062,17.264232346958,113.33224511155984,0.9971109238158276,3.2993290121361745,0.596226656246293,9.227271591789528,5
8.868567929343113,0.5917780503514837,0.3561993022512774,1.8938658906948214,0.0573965314449222,2.171326753030491,31.168458690514857,0.996547777932168,3.158689577489871,0.5816299730354634,10.066224258332669,5
7.856547002301387,0.5894826271987609,0.07777933335031018,1.197605142650814,0.08145348457643363,4.144939430278594,15.99244787337335,0.9965778337065673,3.4165282347631023,0.5594654567209681,11.032608196094884,5
6.538610263430611,0.675515943829422,0.02280362992325584,2.210850506474891,0.07754289327057587,14.01521895767312,20.652691632272198,0.9973519523128307,3.40711181730643,0.6657721132473331,10.957089419538779,5
7.743781390028462,0.6663632768959818,0.2505059684051062,2.163506886975846,0.11552139357728845,26.233610003101546,99.28606219195203,0.9954042923388767,3.426079403214058,0.4623499029593193,10.79941578658359,5
6.0588921686363735,0.8428450087320238,0.13614806077456465,1.644431227513397,0.016756508936161433,22.168299329257543,57.71744237871705,0.9957066174086637,3.539252848087157,0.4858454047240135,10.257768170440835,6
6.827981785215804,0.724535380181024,0.09757427655041886,3.8939228319509693,0.08029067522288369,6.679374336766622,29.228261334642863,0.9948626006994222,3.420434897127702,0.6284329349359302,12.594258645018993,7
6.918152329462643,0.48632925198808025,0.283106771065963,1.3170623243774346,0.041386192376632325,4.8587414587322595,16.897228352634244,0.9941271572403183,3.4563439464083,0.4061488715132975,12.733237171045166,5
8.034641545020344,0.6812096811644786,0.012451409894698912,1.3269754798529827,0.029797762956063636,5.196939579055698,16.000809109539244,0.9975953394742283,3.5890845144632912,0.5758715621939843,11.655542911244538,7
8.661391392752218,0.5745082347327388,0.31185036460935533,1.5114334009732695,0.1189197501134136,3.965589929800928,14.628914464047455,0.9980730189372927,3.3768470728322733,0.3997803836529752,10.236863209211112,4
8.945681585700378,0.4747011710200691,0.4174393984859796,2.276182279381738,0.04232339266640718,7.439729648495057,24.069660460320925,0.9960649865280479,3.320444481809561,0.9542509604191451,10.256568797675964,6
7.298842093745686,0.6838679639263379,0.165657833904583,1.7688356978447297,0.1032480756118955,6.913026894206179,24.0935265600037,0.9964005943138154,3.2375855029154144,0.5803123490989778,9.371148185186275,6
7.959188486370893,0.25465632254882536,0.44929707113841977,2.0966283849388794,0.03441095231771309,9.36697639065741,22.887433553497203,0.997541561870711,3.6502549166404195,0.8739217348838204,9.478211899791738,4
7.89847747815792,0.5796303095967443,0.18542129853277006,1.0040917822816358,0.013659478415326914,21.60241799821621,47.375403119131434,0.9937608648347355,3.4321669900715657,0.8242080558886703,12.4420980436802,6
8.450327888170522,0.7093092434639867,0.5181872114453759,1.2584219523476436,0.12106683216842655,12.907854610114736,51.46655186896545,0.9965186451898037,3.1464293941006267,0.5519362000236622,9.239234421204458,6
8.152705293011598,0.4773132558556631,0.19728068490977338,1.967661451644644,0.0952304948762385,31.9570549395145,60.56513009452451,0.9992207156469025,3.4944372816511033,0.6881525945138027,10.609000175533973,5
11.913809335701915,0.67581775107131,0.7048825700003059,4.317061035029446,0.12143702102719867,20.48789699219394,73.41368837555095,1.00063870086409,3.217847617018892,0.5838444170211051,13.446175314656596,6
7.5563381587861995,0.4567645886654878,0.04062212249932696,1.2320942769186862,0.07824553356254348,3.9923436643990926,24.863053280759342,0.9930849415107154,3.3817545021522886,0.6394731050926716,12.925210330487602,7
5.560421514423845,0.362733997605838,0.029936452375081704,3.912028285796974,0.037886453708539075,34.3258296758956,80.24393142245955,0.9909591530352851,3.8872450728015773,0.6895638664643059,13.718442330788507,8
9.725941191242107,0.21572636289890254,0.39513006065306816,2.4342512342981046,0.10422405135843375,4.583041825098677,28.165520198531205,0.9979617074278254,3.2404822013957144,0.40920354573260664,14.864368887183705,5
8.091819605264735,0.3105350961503944,0.27622348731511465,1.5020294676335797,0.021264521334424726,33.879187015800376,39.337343425796085,0.9965343835871459,3.3954704045136634,0.5114936890650593,10.136478313507556,6
12.326236978856137,0.35643656215187797,0.5742570599863032,3.1575764888990716,0.016448370802300043,7.538591894234644,85.60161323596546,0.9971226253855521,3.4139073331724905,0.5844314476792151,9.141549026581579,5
9.251743685010123,0.4906020544052737,0.12436220814958841,2.943840484251373,0.0680338295215436,7.3224023306529125,32.357751685714064,0.9976288577718749,3.3723427591644115,0.9392017493720806,9.562996347769873,6
10.075843050772823,0.37259018066431415,0.36591907304469223,1.7249350834354713,0.12811606276589357,11.510048836075939,22.877703117269363,0.9955378585639824,3.3696822395690185,0.6039960100133872,9.240300626923874,5
7.133643864073578,0.34173353179895105,0.510518212217484,1.3247382716753804,0.0718993138008063,10.849251072821184,28.326642934706268,0.9982024315293336,3.2870581978985207,0.6180848167953856,10.37204039433124,5
7.315204846627812,0.6085204226629409,0.007105169275703429,2.3845629899638983,0.10450870759182135,6.076308994736596,11.356075502767197,0.9977628529869457,2.9954028912782067,0.6410842873694717,11.263798298287105,6
5.582454625859321,0.6431478709777618,0.11830265183370942,1.8845939802100764,0.055895653276302415,12.836676439550711,11.109531776350831,0.9917665566148111,3.7039303640263714,0.9765232483490727,12.368570808594228,6
7.097360222690026,0.5114815490029587,0.1170615117615305,1.3901344474336428,0.04802039345713756,15.875905390669862,93.51466358193184,0.9963381192067731,3.3465807057738144,0.7530741589054241,9.63332031212214,5
8.22651661991926,0.3256739635899813,0.52466247408315,3.0775014595890537,0.040604289537226265,11.717224983533178,74.91557257914721,0.998667902037706,3.0973686745987377,0.642801624993253,10.474711395835742,5
9.758507907752955,0.5384590380128322,0.3136399042244855,2.9114526083725316,0.08219239239853288,17.18350572112079,57.49854295705782,0.9976389674539454,3.1180092414016722,0.6719654128094862,9.857396245744686,6
8.870394353422506,0.47805282233583224,0.10112964573161062,2.754155793107592,0.11035644313970569,12.700702102577349,69.9220892810838,0.9979514211847353,3.3006305541528285,0.7740781624973031,9.748787283591668,6
9.000773615533356,0.3152127573748987,0.42997612635770505,0.9755715406763414,0.09844494243575927,16.386165775468605,58.5873716741725,0.9980486220036104,3.1761022259583664,0.6066969216618128,10.663885808562997,6
7.712096129752567,0.6345405243550754,0.006685365610860463,1.3330063973899802,0.11255185907188897,17.315641823886107,137.39426624259835,0.9982177325701672,3.3663615550672117,0.6056363669368099,9.380417422444117,5
9.119237084578955,0.6459672731622723,0.22119502969081395,4.2550869423852165,0.07441589525238833,16.989268805442638,88.8069233339577,0.9964158304324288,3.103133375139096,0.5605219730451334,11.149805994763508,6
7.491691052976438,0.46541263098954805,0.018523725599610803,1.067778576217117,0.08950977014118273,10.091052576322728,34.00200893959304,0.9962507145641962,3.3790085594873713,0.6288217992062979,10.162666047705926,5
8.003052899627018,0.38473454590510325,0.46049593648679094,2.4031186112290484,0.018757284145003456,12.116006817004738,60.34324699639386,0.997582293090008,3.3529160695183013,0.41233661460307725,9.653180580064948,5
7.036346328621952,0.40159504779515126,0.3790381553493102,1.601783446138731,0.05770137256598941,14.229133753803094,155.59664721361847,0.9970864878428761,3.392422250420066,0.4300089144311869,9.152808879908566,5
7.187983867020552,0.38055291160799665,0.33611715503333117,0.9285476464889378,0.10059798861984204,12.651648055579956,54.38451629758286,0.9955635919054072,3.418496413398779,0.6807010341550177,10.51997176618443,6
6.409863012923508,0.5434261208613788,0.07132348068819673,2.1832602666439502,0.029143073616008302,12.690189006885536,56.633509446799266,0.995366977900939,3.2465156349365616,0.4164685559504248,11.129107439259952,4
6.144990038654945,0.44727240096151444,0.11881213068280357,1.4260015332026996,0.11870938598212934,13.507316915206088,14.261801330003957,0.9968444584636454,3.4726009572150796,0.42360973162656684,10.622243485259736,4
8.876304385579488,0.3575747546783712,0.27066928125839157,1.5478709396908026,0.10308594498126981,17.97502555267381,33.613761903053266,0.9966478851561025,3.1851171864516803,0.6369262814492859,9.330850163552467,5
7.6555356790428775,0.6377296960590463,0.35985869722512454,1.6674594040013435,0.08929819387254875,11.138443417566064,56.772347199709316,0.9944128946038653,3.188535410217227,0.6281812903796553,11.878542950911832,6
7.525516651391392,0.5949372367826378,0.15372481459919088,6.775143959015434,0.0954064777694642,5.624886416779007,31.336059143553534,0.9977323503636785,3.284731491812507,0.6677475426298928,9.410033756473677,6
10.124858206928355,0.3594193683909209,0.3547001923090946,2.508108068158414,0.07201291326215037,16.667564743485677,16.86131956512623,0.998508212081954,3.3585694287708385,0.7123020357987497,9.640113140910827,6
7.56716761922311,0.5937559395697635,0.11709426776295007,3.506600156411465,0.07552113665955296,6.3475691257192555,23.976059413904057,0.9959573142005171,3.4265101008689687,0.7341249211512738,10.071228869370865,6
11.769101270078528,0.37236902333978567,0.5759585510340722,1.7124470544924302,0.07410218985687124,7.53934675084914,6.314833170624873,1.0006810623062001,3.0973277981951886,0.5592810860913976,13.030007972975278,6
7.366963017801632,0.5271953417405397,0.30345049964333004,1.620181775404094,0.1295115392798908,35.65365915327194,85.9543475482058,0.9967865702417774,3.4336546212094916,0.5538746035219267,10.675636049908416,6
6.766691835034476,0.6525893724570088,0.19773889723220953,2.86188631716236,0.06461736767259327,1.4625720180262656,22.627984575752308,0.9955347220734456,3.5180610104985113,0.43349216540784435,10.69885998174323,6
11.30858804257636,0.34822547042238494,0.42205618512764065,3.4567863739555182,0.10450178423750203,21.700994965524878,59.79534038668665,1.0006655213034208,3.0970977718428903,0.8157697284502381,13.27421218658978,7
7.173228321231832,0.1959793401827108,0.2525221986702248,1.6345890635997868,0.12826516406861285,9.690011806484252,24.727427005063188,0.9978476724718157,3.4544864191097493,0.8259373413948365,9.865802574369503,6
7.892863782630028,0.44734072560831944,0.49099947661518095,4.97679805304266,0.04431080767822064,9.02406332719649,15.77829236033866,0.9964687053690136,3.41155856722678,0.40181815882629823,9.947482230963052,5
10.264653209224921,0.4932863103743131,0.2238978074061985,2.1201058943449222,0.11272614118604715,12.481627758708644,10.880274188605018,0.9970810352001155,3.312480542723342,0.4841960729898346,9.911905812022267,6
7.527133058203145,0.7126301995739679,0.0634754639834469,5.125053585842506,0.07817180868852269,31.860768366363924,74.39094355529383,0.995995407293927,3.2163243028191877,0.5613191198156949,9.431109291371062,5
7.581747769693771,0.5243317038284112,0.07731558146154549,1.9597840139784846,0.03813387955840701,23.57324971381738,56.71578206017982,0.9978944885985302,3.2761732718865586,0.6039513935020635,12.943042460686646,6
6.045083292576772,0.6231895670872403,0.07245149611761663,1.8839338172906575,0.10850378277593832,5.317061595015571,20.528846301376625,0.9944336220939111,3.6486274909173786,0.5514475851586622,11.938329651330974,6
8.660212119579272,0.5388641904589699,0.3701243701912384,3.0339060936791653,0.03650097635630965,11.909098803891998,20.664715321338406,0.9930257180526402,3.0516749982526252,0.5693047233966387,9.928626513852876,6
7.503554996293246,0.6124125927180746,0.14199675686369134,1.6787498346724115,0.11099868378407554,4.810184489106282,11.98255756891341,0.9975317428868906,3.4267278848169904,0.8231006745056623,9.093172139555108,5
7.617855078743947,0.3686329853131366,0.05622066910269622,1.7453940229194425,0.09246444539591489,18.83134849117548,37.200337659882706,0.995749594948265,3.650959132062296,0.6465866786716133,9.790487842907005,5
8.091086179933844,0.6733667221701471,0.2219599990436275,3.1268612458792666,0.11112400051330279,33.77863197742681,121.27797475119927,0.9958761096751905,3.3403436505167496,0.7715709797524615,11.810701980859445,5
6.905733445057476,0.5795613821705656,0.06330090209542281,2.095932198043385,0.08436182391612661,13.619633429988738,14.272931805258283,0.9943694443683554,3.329775753218406,0.5128114386209568,10.710920639293672,6
13.117939904238552,0.6374928467154957,0.4879216390348503,2.152808873097461,0.10122605408370275,13.217887154891782,18.83509791969703,0.9985307399260009,3.192663773318738,0.5488972985841521,12.063137325888917,6
6.26865400649068,0.525816272634527,0.06436328561290597,0.9760541018563859,0.03763606983755852,20.212079875027914,58.82228846551217,0.9942949185861479,3.233342707037583,0.4177064008640683,11.251786546720568,7
12.317196794659866,0.29381820302270656,0.5769606045367858,1.997967692512994,0.10341422997816188,42.374913751142685,94.98602657450124,1.0001657915366968,3.190790798367978,0.6396444160190586,9.584463882017175,5
7.570410691325088,0.5535491509789658,0.33528298510977084,1.7997009018365233,0.07519823127895439,4.338321956564018,12.208783570410151,0.9959786429694173,3.4299881044780425,0.3907969597530707,10.99008440737845,5
7.489965300145809,0.6750822932926578,0.23064381786351731,1.7736168132401593,0.02652112719707614,26.841501910470562,53.349044299721385,0.9957085867586938,3.479471606500533,0.6030078672167088,9.282666966242981,5
13.313905172547576,0.390155563615904,0.7128060027996969,3.686034812159701,0.11476366901959434,16.000616814626458,85.91174036792009,0.9998464396275116,3.178146732495365,0.7608117113121932,10.250928309686572,6
10.373808255810477,0.36035572870835325,0.6724332409126732,2.432390853575955,0.08184917950941366,1.5798000396771825,12.410870950503204,1.0001533746196278,3.2291827529232338,0.7203303432692914,9.38650470059077,5
8.66336129333084,0.21901093348141895,0.5801087229266872,1.5935956416554182,0.10044064900102032,18.413792754447563,68.52397465031618,0.9969767131428067,3.03381644771539,0.5754641433283735,8.55135216438983,5
10.763426977927065,0.3412166035302307,0.5365488065174501,2.908041401435636,0.13146843292333613,20.034154286116575,98.87732889850314,1.000008289547471,3.219148757429281,0.7340410572932373,11.090118425112871,5
8.011688887599417,0.7038039060077309,0.048230722355516176,2.2846552906045074,0.048522093316321,23.966436761263807,34.85301200588678,0.9942167704043712,3.2770912240113,0.779458796669216,10.016429121594276,5
9.09422898152961,0.5689209941017518,0.4669727165072054,2.6003456189507888,0.11586580656906782,14.912387346357406,8.523438134588147,0.9992486021828232,3.106362017280099,0.5855554064423256,9.4896852639631,6
8.361519444851805,0.6402264902533519,0.15266759039640812,1.7220236572182368,0.11807268006384312,17.253998939642713,21.001820382572767,0.9970462838206917,3.253954872380764,0.7835529256621295,9.948197734649725,6
6.34994087988288,0.7151650059719848,0.050897985841127646,1.110722411492209,0.12990449518221603,25.78779375230223,121.48792020142585,0.9961568492641799,3.2077867059778344,0.7449595034999537,9.481717899285462,5
8.202203699800688,0.5914152712981678,0.16309553797640203,2.0006670079350015,0.0951183664388801,18.527033506097105,39.549947999980574,0.9970658232938172,3.317457875063455,0.6470972930930631,9.517548065786812,4
6.305718901522473,0.889290559642363,0.13170961758212266,3.074064019651949,0.03570118207799656,29.19276521320346,109.50911004115972,0.9950857348730856,3.505763159559882,0.6723241966510658,11.678645874717322,5
6.733603102624209,0.65800493020375,0.008641056593616475,6.353692859600304,0.11711412010763717,2.0912217854794086,19.102588052539808,0.998205969452075,3.473869472451487,0.7911789604437192,10.590649513599415,5
9.06862212471977,0.203822252305559,0.3935924926382024,1.348288446937762,0.07342775197109731,16.986154880520047,48.54259320707843,0.997839452568429,3.0008834517810965,0.6653627808654321,10.114992720046187,6
6.353716642469015,0.6371766373900464,0.14783684664819696,2.1897016211589606,0.09997809249631195,5.5023084895322345,23.84323875364982,0.9942726094767651,3.5251241417278045,0.44475919606859776,12.823539037507093,6
8.41528040380513,0.4407309178486193,0.34053978083345227,0.9102772635162536,0.028261830561563027,10.671771401414595,53.39650212859742,0.9944219735012494,3.3764500679327574,0.7055710477299667,11.082747175993557,6
8.274425922556846,0.32327959300554404,0.40968786753877334,1.2279592523387208,0.10524880089370581,31.836953508318167,58.253059526947965,0.9957430606513328,3.3851035967383694,0.6753591517291065,11.424066518877021,6
7.632042266375898,0.6133284581028663,0.054845025503732825,4.890749931282133,0.11578439377905983,9.035060427604854,32.389982103702124,0.9967235033242949,3.3248061495080234,1.3678725218425911,9.912267500950719,5
5.736303159977865,0.6184464365292909,0.05989065732549876,2.1831699333448884,0.06358069309911976,7.51172228069121,9.048272261230913,0.994269628072726,3.477008295318666,0.5429921131588396,10.969022204511006,7
8.204996824162896,0.25658478766119397,0.6308168220739316,2.0348061757825686,0.10226518186977959,25.439805461592748,53.33880179390342,0.996556970748281,3.25865270822811,0.6511720131273651,10.053569022104158,6
10.052803504277422,0.6193061893129673,0.2862080716510961,1.3016731944862614,0.11333252384450608,5.10778940113114,6.677394959588569,0.9979291341801179,3.1866234774978848,0.5461907942396582,10.332425128282273,6
5.845520252286642,0.586131973710356,0.00989689738436113,1.0181822281903452,0.016743316765657056,24.041250130122894,90.84309309993722,0.9952917081214738,3.458482891260255,0.6131604077906978,12.168893643798247,6
10.51739939461792,0.8052213535989111,0.5314102463041304,3.3956422553509147,0.11141220702988908,14.743831788278978,12.963622372364622,0.9974597074851468,3.095670370831863,0.438886818885889,11.997564541976619,7
7.194530441859756,0.2159344717599198,0.47862677343531446,1.9679295071840928,0.06768649109657,1.751575531471945,9.52207991545562,0.996087122700537,3.3818686669148836,0.5393258231756901,9.257196584935226,5
7.70947811959811,0.33598555584010403,0.38455053538231276,0.988453344399251,0.04886028655701957,5.952401518481171,10.144285416617276,0.9959971310821706,3.229996136371074,0.6040036576628826,11.823032718309687,7
9.540732119161152,0.5140928560685695,0.37672275950136846,2.264831219486441,0.10126684130901747,1.466482184013047,12.34811291720342,0.9977689885205108,2.9794079874550508,1.0323487941780705,9.872927742042824,6
9.577988742245754,0.25232386021815745,0.4570434034421711,1.6706372792456303,0.10250596298511475,4.773353173186473,28.096079082383543,0.994814611573467,3.217456737323792,0.48266424725426516,10.417315361050061,4
10.994138296236704,0.3798347856791617,0.46401376892028756,0.948922733109339,0.21636676443943614,3.308256649538266,27.394780150522287,0.9992032906743427,3.2602413416159908,0.666611026876754,10.343884259226277,5
5.937471768257302,0.39066292574206407,0.3609626259646654,3.0601053712001227,0.022722970713223094,36.15115979772723,155.63908585143912,0.9947518873389977,3.3691253428352823,0.4373748163079115,10.888287117126668,5
7.75860100039918,0.5236285037215758,0.07453059057150409,2.8537333571112566,0.08371859542459767,18.316612971671308,48.15471129622193,0.9980276825841263,3.4654686047517202,0.6209945230965166,10.127059114486046,6
10.437517348484315,0.4200160222063744,0.5244906445743731,2.5123331349081384,0.05959906904850944,56.65719337697225,80.73911492431179,1.0004198519620688,3.2859780610477234,0.9162582374886276,9.140343696655167,5
6.39172534032426,0.4395730912470456,0.11786244191805201,2.192596139736631,0.04289277597888084,8.308013041288337,103.66992472666594,0.9945241793461259,3.4407523332561265,0.6272816955547332,10.965449293992446,6
8.340620080261079,0.34935987239701655,0.3463734412653202,3.724549502397216,0.07420402669417625,16.875050149583632,35.29780639726533,0.9974545803026591,3.35377392001751,0.848015213053801,9.38645582046744,6
12.761456309449162,0.35122715516949393,0.7389174475080253,2.541172530634062,0.10874024320347578,15.104039849054502,18.50360933018535,0.9999202538333373,3.031978691556,0.5689916829180752,11.403563185323783,6
9.773994109810735,0.4278592357542362,0.4758082941606917,13.230614295776206,0.12165522701789264,67.52450664535701,120.3143736118861,1.003576166639242,3.2330882053528933,0.4659693877040578,11.141068935823384,5
7.429189133838117,0.9144967513560944,0.012721218589636596,1.2991632789891852,0.05100273060591143,8.371939065368549,46.004174839919145,0.9955819154976551,3.4311350241030025,0.6941832436234519,9.643608438141602,5
7.360824540175254,0.4036641454959753,0.29985712559042876,1.881545435725777,0.08269664653140514,2.8426501048757142,32.59079129656409,0.9974268595316621,3.358950643961622,0.5175308662452708,11.674112777937466,6
8.523010253639528,0.25874484415549703,0.41306805683848524,3.9803044391112326,0.12891767277579091,3.5754583948183285,11.356609508275177,1.0001888350486823,3.0274348376771556,0.8620177635726379,9.966738329027134,5
8.65286942399807,0.39949056022026336,0.44663629739617433,2.84693442181694,0.08279942724123754,11.844854807786291,14.77511288083438,0.9977057528704101,3.429289833899523,0.4388429475545905,9.328047269571565,4
5.998895921429736,0.5808755045927471,0.06124677093548683,1.4990528560574918,0.10234784034057919,17.910014002358565,103.42644034428537,0.9983826584618863,3.2647725475308196,1.0730389320150515,9.666042105303456,5
10.528778190668671,0.41906326719273895,0.44986148051254793,1.5902671006781721,0.09945295047406427,24.463697513887627,132.7304070171644,0.99779488784139,3.2318466648030193,0.6189377693276018,10.066692251681063,5
6.527072796509305,0.7506446683205297,0.040750320904498906,8.835369003224267,0.08183264781237637,25.668443963960037,68.71292425747666,0.9929754946528389,3.37476220289932,0.5713482495839058,12.657895932476146,6
6.535083224211223,0.8162690249821165,0.10396156404819103,1.7702133930828068,0.027985313250711123,11.430480865047151,43.9404176954207,0.9958960224837037,3.4339830938094544,0.560034310080549,10.631312378970113,6
9.773173299447537,0.5136729248040077,0.25855730344040767,3.7327009758931102,0.08306208038252702,9.399310639383982,73.96195147235804,0.998668126222449,3.300593673657811,0.6158777301996619,8.832694583120798,6
6.773409150601135,0.8080618050970307,0.01479942377005999,3.7199662656646075,0.08193812119799102,11.778538472518505,31.289055501612662,0.9956185098960003,3.585732481311534,0.6622510403093986,10.36523521450202,7
8.745116478331699,0.6384721717454607,0.3671793290159319,3.6847691198553334,0.07436477092679494,19.295517062808283,34.54997571398645,0.9968784186111718,3.2134312942352397,0.848046998627287,10.915419747905165,6
11.259575918859552,0.34257058227131293,0.4492162720930645,2.1102589275971395,0.11056766789764977,19.27215375395802,57.41543174284143,0.9956011107639579,3.196403173399244,0.5975687383562913,10.290424421886655,6
6.080577400212007,0.6923532109324593,0.07443484109757599,1.2334029495207697,0.05191547901013867,20.454112061738783,48.352438652700364,0.9953858417597392,3.124443698003792,0.7313232255500067,10.651281340408726,6
8.889664162868485,0.6618260075507183,0.34211636198272943,1.2568849428678959,0.08697166713810789,4.217061870182858,58.122087417154724,0.9978141432584614,3.3292874119641436,0.743806792174933,9.993155822341475,5
7.847769235888922,0.9036582108867768,0.07324163834966,1.5712444905430685,0.12890637252180645,30.912153394445863,98.21743694769937,0.9967841250172502,3.2532999816911152,0.7109882994664347,11.33783872068832,5
12.430998833498888,0.6214009499507802,0.70400944054949,3.299233479827837,0.09725714796232358,36.095101863015664,105.28916203249867,0.9990492666669228,3.1777927386695803,0.8326363088030265,9.421089999684144,5
6.1737786546014455,0.4901480597725305,0.022952664025842062,3.2452112407019817,0.03933786063926603,16.036714270839035,33.83296749731394,0.9935400719479176,3.362750313481523,0.6602938368248904,12.171802436553703,6
8.412787045519945,0.3272455420961667,0.47021125818695136,2.870391002136852,0.12744791201089328,10.256409274616175,12.050153139142516,0.9988490083300727,3.297345860844229,0.553292738572468,8.903103309377437,4
6.85349900646543,0.6589516408944698,0.2859303601453458,2.347989543154632,0.05088004849267862,11.06015203570955,50.84893087105145,0.994904034511026,3.542853724068499,0.8387513652498039,9.926955238312122,5
8.304321628151179,0.3198919493749886,0.550041567352921,1.356033178965922,0.09980329944289296,18.130199773113297,42.16268650657907,0.9973296471541706,3.167302589604708,0.44997299140165176,9.839148683154676,5
8.058156284525147,0.8789796069447839,0.06115706300347347,0.9283077181063006,0.056744268125931294,23.79705249440596,47.28557571867039,0.9957584547736982,3.5364166552817773,0.6265013749140305,9.657980444819506,6
9.05404669246439,0.16975209899345367,0.5003289715097929,1.0325507719917282,0.11624669047937844,7.111484343236751,32.735587377756694,0.9976771948564261,3.387752694077202,0.6326105184795624,10.454520312129535,5
8.21000409152841,0.31651638233480817,0.49606447208808846,1.2057615693351353,0.09035959530873042,10.248373746813737,21.242737592031602,0.9965991157626878,3.329761700780177,0.6515591416953359,9.538686798615238,5
9.448069170627345,0.40207837592098594,0.594281528415856,1.967048118928611,0.01617802265937527,4.8838670471461025,24.19913505779029,0.9954869577272278,3.167885576059593,0.5652264317783338,12.643987501008532,7
8.873765688678038,0.6020135575872038,0.11754005786183136,2.1275202162431763,0.11575482080452346,33.72582593260605,102.94667486353154,1.0008406207629923,3.3493706249071313,0.5881880558233509,10.51610063373382,5
8.350637212652316,0.6501244424190702,0.23979650083659082,0.960946509996069,0.11670217332595625,1.9267213171988895,12.862443313641677,0.9977037520733114,3.527981769278356,0.6195480920797295,9.211686035834953,6
5.928657780937649,0.41163937741856443,0.2261382788919171,2.705999642801024,0.1078648655957018,4.061413455500195,32.81813046564426,0.9944346723401929,3.423195038044003,0.7935026786586671,11.74218956622062,7
8.9920287580351,0.22825919601122252,0.5163011442420682,1.2538614007294395,0.019008597678646336,23.242369665752967,43.54233719810283,0.9976410740664025,3.258589946542143,0.6473432078945689,9.429874007053476,5
6.292226266626045,0.6090848803092852,0.19536935874647404,2.0483467063184597,0.11648443774215803,26.150678906590546,61.0480063571662,0.9943773221400564,3.516052568121058,0.5672765549831509,11.353606294354753,5
7.8247281240628626,0.567013264451953,0.058822858643289316,2.2105725171889765,0.08240204777534636,20.38480132323224,17.565986573556994,0.9966887802997876,3.095609426959934,0.4015803714840727,9.760103909570994,6
5.961123667245532,1.5615156347933405,0.019732764905512533,1.2844569401458998,0.11968504075851168,14.16461489250901,17.277283396875397,0.9979088578905682,3.5011316165633994,0.9616496957308264,9.406204555468753,5
7.39111225771421,0.309588705308282,0.41073975211150254,1.0494765562485868,0.10914847583041787,14.770043331375621,38.80665913548045,0.9973924023318406,3.0508716200283867,0.4384792381671979,9.127338521433394,6
6.587440694084173,0.33805319722316235,0.12488177791815341,2.3116101260926913,0.11003402032876348,1.8045864946194166,17.63468109290151,0.9945961336495058,3.5406403091004384,0.527010492172977,9.66755669786992,5
8.079889716711516,0.5160578774288614,0.09806460214622498,2.3183201006295437,0.01649424784388341,39.75721494485071,143.97696827040122,0.9953672961583695,3.442992439801245,0.52400289853751,10.256459406817617,6
8.285046151863693,0.5570964577981972,0.1838726650883742,1.9462628649741212,0.5729606321458647,19.930936100417917,58.79393207097752,0.9961121111605712,3.1126120204318877,1.3295794787020032,10.504167234596942,6
7.704269114140406,0.6417031018429846,0.005527375085991417,1.5900555222248356,0.055901545326635854,3.6558232096007184,20.16642840109607,0.995623850623864,3.1775076521431687,0.5278356053405093,9.474318911945474,5
9.080737729962847,0.6876648156504215,0.24112141239446683,1.9903384327348856,0.07856139871180189,50.304384151939864,68.19524291148738,0.9991518082511981,3.1604611217052856,0.6735883432513177,9.327752080282423,6
10.264583655034619,0.4797578867838947,0.18606961381698356,2.0203522153696554,0.014311380450922173,25.810629156488478,75.30289071464858,0.9974544459640092,3.371734424252904,0.8200327730574015,11.08847004758097,6
8.18925947300551,0.545633081517839,0.12062614238954872,6.023633552001476,0.096657022185374,7.173073140513921,22.085521603908845,0.997039886376171,3.3166979458786807,0.37841883692347844,9.456387258115086,6
7.506362634232795,0.6324143861984338,0.0749642658656694,1.2960916511368583,0.1229734600442923,8.57661561711817,125.38653115398509,0.9966837769689614,3.328148306322993,0.498408627371977,9.67161766854157,5
7.789132963901135,0.4914052202668497,0.36652893427005856,1.6667102079077605,0.10962086620484565,10.859682028195982,28.014913546667376,0.9944418301855701,3.4201050446611574,0.8272326415300603,10.808521703912152,6
6.383119697559007,0.4098149136981947,0.19073782409743795,1.8669070638909675,0.08567399772740383,27.24478032231611,99.9841335141852,0.9957783222760721,3.4479165384155586,0.8805141209983136,10.313433563865757,5
7.707964546478561,0.9896650231335291,0.03213483865327664,2.833480953895486,0.016895823304769585,21.147190749069345,31.100191537156384,0.9935140350707407,3.4628501561628746,0.7098386356806132,11.397376696790735,5
6.03168816282738,0.7036527009186925,0.018595341946057223,1.8333703814370368,0.12202991159733195,4.516136297036463,26.84522939529587,0.9958574112489202,3.395651082125634,1.9643282050573572,9.554737634637128,5
9.259018384664673,0.666580560010992,0.19543874428723929,1.114224320916538,0.1223706179258482,14.195147543872046,52.04153269660162,0.9973336860430925,3.0959162169968355,0.5589448568445126,11.077932882225157,6
8.178914120400108,0.5037242512483698,0.1547661254498807,3.777424897763965,0.11390180186843235,6.395127580862243,10.424195368734804,0.998855373300329,3.178015133266822,0.6997652824405869,9.74644763620472,5
8.101928177278017,0.40238336138300995,0.3256340879642759,1.2086440160410525,0.08429146926316133,3.933967986735369,25.149460312065383,0.9954227924326492,3.3554633687077353,0.588369182469494,9.791169204141893,6
7.557872082344941,0.5324648078614125,0.034205773514532654,2.6904100297869213,0.11687223820243771,6.030500043381597,32.64087650874332,0.9976843465217924,3.296548752614473,0.5872461016730354,9.543448443068234,6
6.396603241366992,0.7040022965534731,0.13316525062813708,2.3020370744836742,0.07248782559704475,18.865994800260147,109.71860599815862,0.9974684649091302,3.3890344705944266,0.5797248357877859,10.282500138461439,5
8.696991235457585,0.41577586182084475,0.45523119968705034,3.747053817469576,0.08222467119876913,1.7998656403804194,7.1923971485703655,0.9980123678358467,3.1194182586265193,0.40007141883614605,9.16600073188596,6
11.584141400250193,0.1777812276223447,0.5968513308009707,2.2508679791093944,0.0910729341880396,14.486243170281485,68.1135032468841,1.0008665581260756,3.065978158387562,0.6045349480687457,9.342311464875648,6
8.266680649286066,0.3555270185486103,0.2086519993025852,6.508095235218179,0.12921579735204985,21.19499266961128,33.25259620444367,0.998128790817403,3.4255984818946086,0.6667863554814395,9.61025250220884,6
6.048383699902822,0.5390491262186903,0.3111303571574513,2.1389279751269656,0.07403023158966282,21.533945640964415,132.88766709621981,0.9955525774754742,3.4109173002901274,0.6976330292558426,9.492717080624427,5
9.001040005810488,0.4768078236474399,0.15030167398484473,2.0988609535097305,0.02163253441288658,16.869458857990974,84.51098673007274,0.9966147527978768,3.215771400767165,0.9301766826816733,10.613216488677377,6
5.809137545802189,0.7542197641304247,0.019842680061717976,1.727354340058501,0.05596556544280237,6.516159206264447,24.671618027348995,0.9911262742743419,3.600859480801969,0.6821959906167074,14.21269054988792,6
6.858119393242078,0.30394758854061776,0.2007546881821298,1.0084445690240558,0.05766040854118014,36.77344605110821,160.05635495050396,0.9924017015618364,3.4427398776014524,0.6611914251484196,12.804753466164225,6
7.046675994465889,0.5271447832921452,0.07878939864014803,1.9683449213563042,0.08795307060045657,40.04876326824249,156.7495211813798,0.9965085284829298,3.2566121174505165,0.3744922128155144,9.734716934362135,5
5.889378491569938,0.7196226609668741,0.04168993336629626,2.120228868918996,0.016567669862397397,10.247816612004842,53.05946294261722,0.996414814404624,3.467466732476058,0.622623307288894,10.733908630001196,5
6.885674329718064,0.5818013870694306,0.2519603871730572,3.58320389841523,0.12304816109503681,4.588082549784843,20.869747126320313,0.9944380499207568,3.4958829469506454,0.7232668458853684,10.038270264904083,6
9.69751923029809,0.6049922335450285,0.5345196501312559,0.9635207606414532,0.1300242831568111,17.918984276870752,54.93466996039712,0.9967859907136406,3.304780597575488,0.5557355358376712,10.73331225061538,6
8.91648693523049,0.6836374918855497,0.004499824006869762,2.4495092127275995,0.12632665759230274,47.50487022270149,91.83988342992883,0.9979618996237246,3.2906694050085084,0.6704196488929256,9.41242045857091,5
7.306046540422666,0.6455411151333222,0.011875301372321675,3.4267006130301043,0.10580622892706151,11.179950130004265,45.999290688315654,0.9958452782282083,3.411255941275434,0.6782958734589388,11.516057459267929,6
6.3429950511277955,0.5336679168532784,0.3595515896271728,4.532367803523885,0.07699160295684895,13.488642839153442,77.51420733292473,0.9962441547635418,3.4414466926615037,1.174423688071252,10.205552940395567,6
9.757121581413736,0.358333888045744,0.25853321109106103,2.20473737548291,0.11623354900479083,12.770676460524356,7.866808100170172,0.9971360332410135,3.260802158442964,0.5335007888229485,11.066741933477578,6
7.421690999830479,0.7185396370177031,0.056851851829795734,2.346448167289033,0.11079862129803988,24.272772325928518,48.49618795139339,0.9931144898357483,3.3678545629846757,0.5336201523811251,12.235785919278465,6
9.853041375413033,0.8684106121637242,0.05741588932913962,5.932540074346135,0.12170662909347789,30.80770211059742,166.8966476494379,0.9990946208221589,3.2884374153948435,0.5854994645442155,10.010724508804845,5
6.95483552508121,0.4509155531997779,0.10422390934962592,3.3462480130126284,0.11739008294395048,9.787684376838037,8.378990097598109,0.9970710958943683,3.4219675630103654,0.7522006997805576,9.552788712561664,5
6.605153701646499,0.6872836228431972,0.06058913788189077,1.8710372370705297,0.10201523230480529,10.418091637108189,25.967901738820082,0.9955293683130945,3.3208552482877796,0.3874065078648185,10.490380368203574,7
11.245574414017076,0.3188114594046455,0.7621703669226023,1.912771417165207,0.13040143762659692,4.016058967989194,25.55353388782919,0.99772118216943,3.3041846939748325,0.6781581938632164,9.288561505942077,5
13.86302148920976,0.30801989915609196,0.6087718699245142,2.8966868435307225,0.03966282710706116,11.679633142353094,57.400652470845486,1.0004424465796462,2.89803272262276,0.7669858754259259,9.333740578274059,5
10.808425099273892,0.6266178349302544,0.510073969489329,1.8336821606625846,0.09861875810355114,6.431224957021327,32.28564228324774,0.9981166962182327,3.093775123626455,0.8506885239811486,9.697530787950463,6
11.12805434416694,0.40583571511852135,0.5871649711660647,0.99901054763365,0.11007022747283565,22.17415752410603,50.53739837768111,0.9969171823462305,3.0462308719162254,0.37730643862124097,9.664779081135206,5
9.633938342872904,0.5850948101120688,0.08741961546389716,2.2140954441802374,0.11911534411504893,2.8546065307850306,49.45318814162967,0.9973029618578048,3.1515322486429813,0.445326383414706,10.164856036442751,5
10.518541013281471,0.319060664560271,0.5115130499699246,3.416363067661937,0.10709805379398224,17.294915450138966,73.30647818223524,0.9984053785329985,3.315476272694029,1.0308571240747904,9.90154355776646,6
11.60488586624099,0.49086821064704683,0.7074203095879975,3.5317769628129776,0.128262165934202,47.280222761275354,45.17023951460415,0.9994873836658621,3.297381526483904,0.8484723006779711,10.620998667297442,6
6.394068093951278,0.5897654662002134,0.14918738546568916,1.574889537968275,0.08816735274546816,8.14885334060353,49.56896350775831,0.9966152360801352,3.6038940005389732,0.836439862774853,9.84158580891433,5
4.717267779428813,0.6630440133921005,0.08343092941105841,1.199472554318247,0.06569512900908975,5.508428442506526,15.18864630775472,0.9916396435315203,3.869659203552178,0.38864740288284905,11.523828087698485,6
7.940367197506159,0.6545922659509973,0.0056123804909540284,1.5587311315959633,0.1245102786128661,1.2672049706751252,27.72134058216492,0.996160288075873,3.422380300361176,0.4268610752013731,10.108484643268046,6
7.837910903565101,0.7810271847364898,0.02128433196784223,1.8936432048689764,0.09263650096001702,26.517277328234417,20.863449065491956,0.9964559964487802,3.37936579736728,1.0095465315542125,9.54375489962607,6
8.849232131396997,0.6299064940982161,0.1338637115626381,3.1603313519444596,0.013713635058826489,12.267704379885874,99.42895177942817,0.9963625264301263,3.3565609209671194,0.7876671123168959,9.314674607713009,5
9.02401959343098,0.6996679123901799,0.5875707090691159,1.0586313170805672,0.10791614715019374,17.918061771467457,47.21352894120587,0.9961755437002262,3.395099782398821,0.5953255437440129,9.062760554011042,5
12.124912687035923,0.2790937835890247,0.6420998936491222,2.3654505412361466,0.049122502394756976,36.433449949252505,79.68659502603235,1.0003391963736172,3.3028430726814144,0.9511205753315315,10.578542054162696,6
7.393051103338942,0.48429012684346295,0.34962251328199734,1.4807597363139782,0.06949109900445695,24.51648736450654,83.14323293290595,0.9944424869905298,3.4018800658912354,0.928798274173239,10.530979358124497,5
7.61155776183204,0.4996190868951826,0.04528094185882589,1.2574972638463244,0.0454342565683819,15.322523709395734,109.76867042488922,0.9956020959809395,2.9311195663953766,0.6669732730769514,9.949195725558234,5
8.62480331908739,0.3897222858068528,0.45379549642159855,2.6910555690548836,0.1751733033397328,23.058917736361924,52.48446308420529,0.998456551950603,3.2238197992411255,1.1896140134879358,11.206688746657106,7
8.040601878627324,0.4106829522562319,0.4268387324912613,1.2233619266281452,0.117392678463758,16.90668339525084,39.84628086011205,0.9948481633020535,3.403828930811564,0.4625092624565351,10.574328998723225,5
7.841399968071893,0.7252983228850931,0.2883223148283109,1.5069388311914333,0.0819946681987809,6.238423918693668,60.40864246856329,0.9957132029865964,3.3889106709057475,0.9998300421579824,9.611664777821446,5
7.2292559551675435,0.49928734375420214,0.21182393592002735,3.3749673299693757,0.11184235480312035,13.349864312195631,36.48285195266175,0.998084126316545,3.4031925731332895,0.5357052513267351,9.075135800721563,6
11.320654911773106,0.40055477636125797,0.4436377568416252,3.6930374183922696,0.09816139934746675,31.912151310986243,35.492278205071734,0.9972782727209586,3.257813058580186,0.58093884133149,10.569608075540325,6
11.133767094851542,0.8055246520947072,0.5566664555286418,1.8879590288947166,0.08484970657498957,14.370232057448714,19.79273726381463,0.9982596169334856,3.094381566352885,0.5982224944408426,9.413070505624944,6
8.931346538210223,0.6996238294323242,0.13512970825698029,0.9302278055129536,0.08835731578077702,2.157393442270565,8.099168663239467,0.996398004946924,3.1192679063416824,0.6273124424466053,11.844168201651792,7
11.212398727579794,0.32285886072217584,0.48415706587860385,2.1667023732592066,0.09362504180769612,31.022683635492577,100.47410750639186,1.000508416469266,3.1580777975374796,0.6649774196414643,8.827078582002178,5
8.514313061156875,0.4688618466884259,0.24132504220347864,1.7890213424963963,0.35550956027219166,19.255057793991593,80.96291544490279,0.9965313282231919,3.2229074029995366,1.5842139084615499,12.134064143681648,5
7.944130478274076,0.4592106173707398,0.2744195492849427,1.9683767757393205,0.04506866497058572,11.883095448587538,45.18037452889321,0.9947633767055261,3.3574419319983866,0.7056835471658545,11.232071466502939,6
7.925422491755624,0.5765635127375157,0.1593295641263552,1.795945310113186,0.09110416196237539,6.612094944331056,29.754501827221105,0.9954028505352459,3.36708682371532,1.0065631316379482,10.80177510570442,4
7.718174631105752,0.47969488976176683,0.40075669757050414,1.417239938985414,0.015310619936219209,17.392308032835174,70.18229435317328,0.9964391418235086,3.3364063614209853,0.8828600654687684,11.19528465612843,5
11.159342176939852,0.3713339785742195,0.6628884096868591,1.395285739849382,0.11906678570428214,7.402075782918717,19.182953325833502,0.9981518650240272,3.1223627919288437,0.6609249537839332,9.329904856029836,5
6.677056633556898,0.46109250215861297,0.1160164047994187,1.004188714096602,0.05715494676090557,12.586369822097629,94.80572184455104,0.99387670136608,3.3716906523390646,0.7099418097868908,12.827029971573019,7
6.274434968766929,0.6319590291797286,0.24534332299551698,1.8694915131036187,0.12199547689416722,12.995022271992386,9.558126747075445,0.9945287789364382,3.5399637539407567,0.5478973262402057,11.71880966781914,6
11.109350476615097,0.44673330956971397,0.47034426182039296,0.9788681794720449,0.11899675934501308,5.077893707309706,21.71518086229713,0.9974668629180887,3.1726848479881844,0.9600467892287506,11.35326051311817,6
10.379017853237785,0.3823606568632621,0.6203159934176433,3.3543677318270255,0.07568799679667168,9.602723217490707,63.770505056507105,0.9971612909953599,3.1017316385526392,0.5953069458819679,10.674644159912473,5
7.322724900378972,1.032396631187766,0.038445449269917546,2.230172975635297,0.02884213806103304,12.100228411611191,37.218602813927085,0.9950166095607432,3.479992328237362,0.8283059315624315,11.49583175882986,6
6.345101238138726,0.3907914892049209,0.046434848793051646,1.8751296590387474,0.039713578561238264,7.694772349562911,13.89210820477834,0.9933224776249626,3.528067322524286,0.37968074484029735,12.447442431332046,6
9.191865958233281,0.6249100036602049,0.18293217337253737,1.7850725566440497,0.08969067232229874,8.20666592954725,25.80498235167355,0.9975077033509938,3.4350008423787424,0.5480495194414312,9.47768629723147,5
7.338313647430006,0.1923140943758375,0.551709175500321,2.0798000027801264,0.12124903435526312,10.445003767691553,114.22417632465304,0.9973795942186645,3.2864491331133596,0.5442374793436144,9.403866140699263,5
5.415357526920953,0.938472049553366,0.009473113414037037,2.3011188623702603,0.02425348192658043,3.1879798900239362,11.907534745380977,0.9930343272197244,3.7475769070123035,0.7640880335898108,12.865389270669036,7
7.6389027122819275,0.3539499401175213,0.3400291578899062,2.0863827513240762,0.0727707222276538,17.009655325550085,66.9473910721385,0.9963212828009353,3.578855254600881,0.5579997984378525,10.2704032678832,6
9.439960057629143,0.4808610283536334,0.25445468379548053,2.345461696340957,0.039024181536766595,13.577130663673737,32.37350378708588,0.9951444396333655,3.206560910919398,0.5571795658795573,10.229210512534255,7
7.998036765730345,0.593274734001825,0.06838774289904825,3.0310263555779677,0.07492460588823194,5.603234652466987,48.99121532313842,0.9973557508946495,3.1255431350123843,0.44311235032458235,11.351760989439317,5
7.686024795880393,0.311141511075291,0.5141964357985719,0.9213492293495313,0.013712192360160124,9.05459526844699,27.667702570451965,0.9943316666547567,3.3577513270831374,0.4951578176283546,11.182857994200033,5
7.318353487863939,0.2867557962537257,0.2694241216435431,1.7969216124622684,0.048308832979506236,20.20240105152623,114.77720799190179,0.9949932332686965,3.3964238621711877,0.8192742810102014,12.83427198020658,7
8.798932578376434,0.6299261304972781,0.2685066125967411,1.8321567947277582,0.10810368082722,14.336994717913768,23.941763426107368,0.9977286432368107,3.2137655433767103,0.5954189904069036,13.217607732594612,7
12.057924607126388,0.31313560061581924,0.5440768320272497,3.6200601542148436,0.10437873857172922,8.563913565698797,39.92827722138289,1.0003512546599522,2.9941296914956137,0.4259323128163409,11.206149768081413,7
8.657049238130853,0.4699145270567703,0.49433630448339033,1.7937603550719472,0.016213890614658305,29.534394596576742,141.50474271594365,0.9939226235906489,3.1729742787192587,0.5728166519027867,11.869351415845111,5
6.256345363381966,0.7966480713176878,0.22051244627166922,1.430487068675708,0.105484477928936,12.371205415245374,30.274557851708032,0.9954379962909765,3.4395767304542377,0.6423233037074197,12.229082745151267,7
10.299873457530934,0.4435964344892414,0.37193865162995504,0.9068623407310917,0.10322080586843416,14.354930344520124,33.27808491717008,0.9951949736400924,3.1583952535234614,0.4299060340531832,9.139637190059057,5
11.019337093225158,0.33071308069536826,0.430422167341087,6.492734810505775,0.09013716455993603,12.006789994409068,32.326978674818164,0.9976955377179714,3.132749619392061,0.8054562270595254,10.911279236553753,7
8.845400779053298,0.42514957490575245,0.42389765658492673,1.8120564393515801,0.0253649826512431,25.892776701900367,78.03760890806498,0.9967967804226341,3.128585692241996,0.8715811966895408,10.140676357621055,6
7.793148468455816,0.6547641371679354,0.27151135113963365,2.3385701884913748,0.08123480432465854,3.8873827516574386,12.311592865376007,0.9962853594052429,3.366994629111598,0.4059331527427784,9.549072562075391,5
8.037697116165628,0.7868695058666093,0.035789190548501736,1.7663933310581208,0.10084265625287567,12.123027430065846,18.89970576117986,0.9962229717308614,3.3591857121529585,0.619093321431591,11.415499513820265,6
8.085558972124314,0.4165948760769498,0.2619278968027711,2.1449719724827885,0.09387387271019822,7.477686499705497,14.201414588156284,0.9985228062044436,3.4113296113490037,0.37086508696166376,9.598392591744918,5
7.6292439887003916,0.6422232010449945,0.28628326499344847,2.027546407104432,0.10696870721320473,12.343125757964994,27.075884600571342,0.995956726342672,3.31025137827179,0.6754289064973947,11.024350097495967,5
7.767450265478154,0.5941854770967548,0.03248020490207796,2.346639905915574,0.11227480213186794,20.49725434399897,44.0761027562976,0.9960135766127423,3.385517895587953,0.5053790599070256,10.684023570119527,4
7.227429512864977,0.5221785913971996,0.10299324035749373,1.5749477883751746,0.08844016689914468,11.406815056567593,35.53338900572581,0.9958802718867086,3.6287094717688078,0.6011390689007534,10.161438167659181,6
6.269742332140599,0.5372778430540246,0.06104734227832217,3.669905941826962,0.10827153348952953,7.273013862998986,30.189237665432852,0.9958910328848041,3.5320867982815813,0.5470662425735517,9.240289057045596,5
8.116511763726635,0.2484708653527922,0.667955075286814,1.47929551045969,0.02747483579247145,20.66057531304214,42.205484237684104,0.9957677107516388,3.217489560499009,0.591792824015853,10.293395284305083,6
8.278899624986728,0.3413492048292246,0.2744104997546734,0.916396871127532,0.1165645225165162,11.7120592671411,10.735350106403079,0.9970212820739495,3.3739030593942783,0.5867270648732528,9.777585526329378,7
5.120757911295249,0.43532107302020595,0.3854847554153342,1.3756949350202707,0.024223991682230814,3.1420419932233776,52.229789200906055,0.9949136257340163,3.43809425775527,0.5880049485194309,10.627663204902488,5
7.0502629814266,0.5667727774637978,0.03591841101708607,1.4128813809787575,0.10750357235295088,17.333394873925005,63.94336086562375,0.9961118188196016,3.2918942054386515,1.8893165041622089,11.755206060700981,5
4.980993950283339,0.5851896296764302,0.10870371626728045,2.348802589118497,0.11599977109546027,15.050845933919652,22.459313259295026,0.9952502727159156,3.997808609002836,0.7149949820352337,11.422854844774701,5
10.194320456249637,0.3649344947123391,0.38694173734528886,7.316528051211094,0.11978434021059953,5.541771928825007,18.090715121261386,0.9992294197171541,3.2206373394072676,0.5408464896826898,10.869010519867343,7
7.5560646137993475,0.7043879879384746,0.23513419689421425,2.7610977248424042,0.10369552275438773,1.5047549688202961,9.303186163323488,0.9967838227257871,3.1386040677320293,0.7043282858906981,9.806847269211362,5
10.868757755648863,0.2629453049352215,0.4570705166271193,3.368460802870265,0.24632966036991094,18.896667628176868,86.37127708975417,1.003567939757016,3.276470521638695,0.553857340195672,10.92313862349192,6
9.143192636543182,0.3269704623649477,0.4267136176526722,2.502026308928523,0.19087173807586993,25.33420128992708,52.05908693698453,0.9970297657268399,3.266212038467686,1.0455811156075931,10.646758667071207,6
6.456135928541056,0.4478026924889341,0.6850222237402291,1.3460356003533973,0.05946928209898503,19.451024480842108,34.718355000477665,0.9950523482614966,3.556244774574253,0.5980374524743979,12.215171139226106,6
9.174517774221274,0.8939762060980438,0.37453381904897864,2.936716808276858,0.0334884114202893,3.012145448878144,30.469365306523247,0.9995033976198734,3.0219850481523802,0.5544502758983654,10.713088594772021,6
9.894574110639581,0.31886621296276596,0.49740431229078624,1.0815303822896523,0.08786572597542439,7.4224890614148356,23.54290628896473,0.9956306060361171,3.128932255705135,0.5545027716026392,9.5296472340508,6
10.086671608105402,0.31260130918387796,0.4521963069716858,3.2330741495215793,0.10942507327324945,11.526754188913513,55.579129213750065,0.9970679712662455,3.1592950736695102,0.6245312155440539,10.55287127746381,6
7.02533950787295,0.35296774462913555,0.23303244218411823,1.5175221887310792,0.07958934301875915,13.981745498803715,54.19682065465558,0.9969081447437762,3.3076880988800457,0.7831338086686439,9.314759988725875,5
8.729240973805194,0.6930060610988106,0.1308058379495667,2.0710008353498495,0.08249804108455466,17.043995660278846,37.82857608374488,0.9943991347285419,3.0990286547824613,0.41482417767777197,9.302084462633172,6
6.670358005389461,0.6300211652438255,0.13183434357439242,1.395624301788412,0.01765865209797587,7.302003139361162,14.543805073284833,0.9954455291430206,3.612156776492916,0.8055609502770442,11.600528706677936,6
8.110527252799224,0.5170228703331152,0.3503735420167706,2.3268725992606796,0.11088766029759906,26.178419485484074,119.48821062855464,0.9967156374176439,3.4880991781068436,0.61673997627601,9.213789328384019,5
7.981772291147974,0.445487096830293,0.36761922557335197,1.185627267075343,0.09509426249776373,11.971822301948432,55.26238442264324,0.9957124380407515,3.3644661099397286,0.5643746414018335,10.189995350361219,6
7.1191233619467225,0.6158400203961585,0.17585309242797748,1.6749899436481437,0.1270971810914539,4.0853230837663075,31.769458113529065,0.9955241210587007,3.2271405583488284,0.6698679176934744,10.79811570829838,6
7.468372915733443,0.43821545915127874,0.29785913286153054,1.230343148214338,0.1202084615329243,14.789535082541729,48.797599677628035,0.9956636946245367,3.3719109784920533,0.7837056728369711,10.3075200506891,5
8.249417368161328,0.3035660422957991,0.5165928562012198,0.9208081643601659,0.10374292135299434,33.394645671500854,78.51375823868565,0.9966966497177785,3.2185941606703867,0.39264271946077745,9.602152770897542,6
14.214983409397215,0.3768698535533306,0.7094166710707411,2.800354173095526,0.09229992733022921,26.095167689198103,59.75900813736243,1.0014059446412744,3.0525566324143854,0.7722222384934853,9.421982324531323,5
9.864512192220612,0.2750361348300987,0.5009940845183937,2.2074524329951166,0.031197063296478374,3.5802874897384482,20.16768533192687,0.9962942066028738,3.123862805000934,0.8605936300933545,10.365347607346974,6
9.245570763357934,0.2725050860589932,0.5302222872221234,1.3256416004513445,0.07503564101241714,11.34804472270699,72.38746771098101,0.9960076789754004,3.190290841468366,0.4195684210368326,10.97180258268171,6
7.998706219746746,0.6904272309414239,0.0013217866893963672,1.6131050693090834,0.018642055955520584,2.918085506731246,13.641540847382531,0.9960909902989314,3.2329891762600527,0.8348116285931605,9.617890319686607,5
8.531188331831753,0.35869643632865444,0.3488745532275335,3.1250171689146113,0.12412435329974383,11.258667099925983,114.41922250805641,0.9950212973183183,3.114294526017042,0.5941221593472235,10.13118238422058,5
7.529969230639902,0.7000372854430592,0.3765441671736866,2.7484112895922337,0.0897550121786212,9.971091084255058,9.32270406612609,0.9967989733679821,3.3416102351045014,0.4504157368888632,9.26912254290269,5
10.969571852906657,0.5615276585411996,0.5734983714456513,3.140873391348121,0.07239478917299745,1.5464117636391799,11.175475773935357,0.9983300684126482,2.943635342574359,0.5361855605601317,9.721890543721859,6
9.58944437231166,0.41101438394162665,0.6014684854820533,2.4555037541377804,0.13061103418453612,3.5931051686124498,29.150441758918806,0.9988141241330858,2.9566478373737657,0.6019931850014152,10.09108044486892,5
8.380040464857457,0.30000366517195065,0.3334513806122604,1.4100958560777346,0.09467535339996284,1.1937104915245291,6.732663520278114,0.995128108964097,3.074891932185831,0.6714197409564153,11.605400987910079,6
6.553724931345332,0.6003190072993303,0.03146985032912153,1.3154818496850234,0.11830430477095455,5.7144858019800395,11.390117904845098,0.996589976759357,3.609321794982496,1.160553086774806,11.132033085701448,7
8.687921555645856,0.7209538384858959,0.3155001043268062,2.0905496082671076,0.09904149479009589,30.07399980879075,129.18547107804713,0.9977341648910129,3.1633666462524284,1.0880919681100985,9.140616516421055,5
7.257551891380726,0.3591216728334815,0.094534140751112,4.944232157560863,0.12990872295452907,42.92647738840724,39.63721936751514,0.9972623367495268,3.3609721307873315,0.5286061561960178,9.237815446238837,5
6.622593993227768,0.6861471671015938,0.07210713593108163,1.9231573855395552,0.016818352098442336,10.350782156517901,16.46108283653117,0.9941926109432946,3.496591663677656,0.6883707971972558,11.57191441173644,6
6.151565357670819,0.621569777009336,0.004722633960499237,1.768555063267647,0.04035128605608904,2.9275970740022625,6.689324871434205,0.9931059104427116,3.5629653392464604,0.5489761677400471,12.203716450976636,6
6.955693965443868,0.8571686922354034,0.04605548473505368,3.625076576720848,0.11067332487148641,12.002425947900802,24.187688644233845,0.997642802903909,3.3053212893242327,0.6631748386882623,10.96427149940164,7
7.2144255532034105,0.4473362587790718,0.14388109384490258,1.9819122564129743,0.013464456147215993,31.470983458664396,35.22969934495418,0.9953746357991549,3.253890506991688,0.40981260618504994,11.436148703145914,6
6.987906892813382,0.8099072172641086,0.2241492344925219,0.9806763659872705,0.1268488143406455,6.138389778363678,13.874474975035819,0.9963194435155106,3.375271723410681,0.6282468819643113,10.08085024729119,5
7.115377915932703,0.33426676155592516,0.4259088000227532,6.930421196980522,0.032267079681288655,3.1589902044284544,8.766969128198085,0.9976934716850004,3.5618327117796773,0.44678539016054847,9.417404994620963,6
10.0252018604163,0.3571528054688438,0.28363760600416615,3.451918023982211,0.1125042435608028,14.640116088661035,24.924048748388334,0.9974018081174031,3.379061694464031,0.5667062109854425,10.044321537862528,6
8.496750225269246,0.6384432825734944,0.05625789746099818,3.5862792266369614,0.07663001007716795,8.396527576136481,11.913778020577492,0.9965398140280568,3.1125437136892384,0.5624818187074309,10.007189584207566,5
12.425247167594442,0.5372893395670443,0.5341743393900521,2.3444051644262807,0.07659869620256848,15.601497398035063,102.68213022392477,0.9982012040366367,3.08813017130867,0.85077361741638,10.916776529953792,5
15.618166691999908,0.4171275992610015,0.7699848648519376,13.711852066076204,0.07707912390355987,7.265454834762224,6.9040665900319835,1.0029739554677204,2.868553168913831,0.9929814348036448,9.135368501626631,5
5.876177200165064,0.7797847838477848,0.12473434237224032,2.590400981053023,0.11914446980474552,20.087473223856996,103.00015258444039,0.9963939768020758,3.5907354394936233,0.5973277845187099,10.234663851009172,6
11.407421780897929,0.3925999917527358,0.49387372476786845,1.7280351021770004,0.12833347299499956,9.97042630212316,15.312207378746129,0.998965050841336,3.09900526347196,0.6625873477795392,10.008556382820576,5
6.8777922203954205,0.6362751801038231,0.2137121425256651,1.8114748981587137,0.12676744267458856,5.563961846478799,30.69786308656405,0.9958637769993036,3.3431832554125354,0.4824441890136528,11.509317034523866,5
7.022324796418119,0.6256485756446967,0.20234191697984902,1.782835298603437,0.1036874314068221,31.958344511995904,92.86975679073751,0.9967530812084662,3.1477194013897836,0.7524670537760237,9.623620729216718,6
10.194216964919491,0.714530891781834,0.3590001913637858,5.476294692304112,0.07736857175588904,4.608580600135125,14.059604455587122,1.0010677693244177,3.2128012618485373,0.6623700379159718,9.827632878562346,8
9.661057628433554,0.3476708259908589,0.47297895864393696,2.3139274234790803,0.058555273405714606,24.251426323756995,165.62873827909954,0.9974524928107775,3.162891517117603,0.5055602600168181,11.038254856793108,5
6.354921457477164,0.31536939011199167,0.4847823268582337,1.6451494692872746,0.04237045721886035,19.03387850171867,89.26176028513284,0.9954147560580311,3.3889650992047513,0.5857257306277386,12.188665818999107,7
11.389948242054572,0.34954193207869594,0.29867160381513813,1.2924113391839271,0.1187697024470275,19.805902409956353,100.94486593978328,0.9976594534407691,3.2931002321931317,0.6784845813266747,9.059688391536445,6
6.092953293702648,0.5493118890790039,0.10465661179997006,3.7921901454243603,0.10988960618936311,35.40799167978183,46.400768624611786,0.9960491710692989,3.4742813064268594,0.9105048987290069,9.423608211223522,5
6.4061625739208585,0.6160101227958612,0.057399733887699735,1.4617842111003707,0.5850195141039113,31.21874104369353,149.91368358761068,0.9958018495741774,3.393088943722671,1.2099181958429146,11.093646237236964,6
9.109743467177365,0.6915340018612803,0.5490772575341164,2.4621655582847786,0.08213901018698269,33.44666531388875,119.37259604644407,0.9973872014246437,3.243809903814178,0.6742901053252879,8.661866936328966,5
6.629466298063171,0.37956586159197103,0.25868082738512393,1.8769333536422441,0.08046032777871805,12.126633904913298,19.566124093272606,0.9965365935927174,3.399077087012481,0.8203342908394005,9.481469855301148,5
7.464552394164265,0.6825914465878148,0.04480501534129329,2.7391601195852857,0.07678994862446006,42.705691992492106,61.198813788430826,0.9978081555326935,3.2035658916723517,0.5664658571434984,9.610385468672744,5
8.03627928819617,0.3271757897685593,0.27873576548177403,1.218482909567562,0.09778828834839853,18.608835021460905,33.458464987649485,0.9963630767888023,3.225515071964324,0.45484830710746127,11.490109573084187,5
6.73469956721817,0.7430268538601476,0.03912074256566131,1.3417089006508922,0.08920828004178939,14.23800829867179,13.779023359299675,0.9968120646636005,3.398343558292253,0.5563661402524498,9.957727580676476,6
9.856058086091092,0.7482975924978964,0.5661972428029343,4.706398174047731,0.1290563039957483,7.565905203980083,16.27427631995804,0.9987440990442822,3.411681831466248,0.49406084571748715,9.611260229148753,4
10.428904452744483,0.35174792912522534,0.523411478107269,1.3669317075382637,0.07482466026813607,25.198587994276878,94.62057394257337,0.997267324639339,3.233502924030864,0.7093783895123703,10.765385394634897,5
9.87915772786153,0.3631664933198904,0.5445840535168469,4.7903755882775085,0.0574765753900012,18.081803026128277,25.325302058358197,0.996364713403047,3.2107274050530807,1.0132892493260106,10.2235903328522,6
6.330371328384583,0.4453406704869949,0.05239861843361124,2.221762261992002,0.079080317885436,7.879818752473043,71.70011930833812,0.996784323411161,3.6088571910652796,0.8376772333488918,9.451589535895826,6
7.1680957734917445,0.5153651722178915,0.022842257787190623,3.806631932448548,0.07808355840871667,33.5149126783234,104.16090746547033,0.9978421517040132,3.263702663940016,0.5895055500413515,11.662668925286797,5
5.87830238878355,0.6432761015106202,0.1426762603253715,2.1978894240298956,0.12717870390362807,11.868256044733098,22.044394297703267,0.996685753857481,3.6202791141976,0.677726370734092,10.263002523501056,6
9.771471674541317,0.20565277824541997,0.42818149851564064,3.7053137393735534,0.0850562175226637,13.62133084954462,25.334487062053963,1.0020945585724628,3.5225103247572576,0.44289971669843886,10.025296712118823,3
7.079245012453931,0.5202738381271087,0.40647160813771144,1.269614022948227,0.10753991331439582,19.491604507878343,58.5488698208028,0.9955482096465355,3.3583626889972695,0.9507414207959191,9.397478428336765,5
9.6760078072291,0.4372256863127037,0.44286178656524483,6.483057790563791,0.10693113060707171,4.679672399445911,48.46518377638581,0.999110893734884,3.297727075259448,0.6770353547203705,10.191935369442565,5
8.808038210772052,0.7570654565912116,0.1943685960960682,1.0310600137447163,0.03591287490046076,5.671729064785114,24.884205643622618,0.9944909083911363,3.401932686912124,0.5345752003309652,11.620629621330206,6
7.450219843634791,0.42702829650631474,0.27885608895883185,1.7493896192538512,0.0928649281418247,24.158242165640154,102.74211127044802,0.9978076056040163,3.3481656641595654,0.5321370792573727,9.345549754365617,5
10.593584937426034,0.34756700349929687,0.6313016177246852,2.470320101411153,0.02041480873644537,10.783270191399257,35.27207351235911,0.9993143073231588,3.2316480879083938,0.742308018504652,9.388746784920052,6
7.592105051009707,0.5510869618777081,0.2819862608893314,1.0447688203180567,0.1135715608830679,64.96159203498922,164.68990259723384,0.9952527239205287,3.487060660407834,0.6177475266826696,11.36552643702439,5
8.529875635562108,0.6013868952556588,0.39132454800552474,3.745168791452115,0.09417910659342013,13.216733943562106,20.383928497538434,0.9957779528037319,3.188648402764626,0.8106041126856316,9.291005771461641,5
8.931322760828813,0.5842250253085597,0.18585781826954398,2.5451852970321545,0.16779130086685637,28.14925997464075,88.67222140999239,0.9973867523940273,3.305627039873666,0.8852848030464145,9.122927498476079,5
8.654458213694003,0.36307535284172804,0.37595475176046905,1.947108891114064,0.1209450516078209,27.526036409736435,80.60828560189395,0.9957325850190836,3.26613001213162,0.3813271961862157,10.243785404824381,5
8.057350741575734,0.722698532427061,0.08495162949498573,1.6696138207151399,0.016546034460535777,14.998203801990988,46.83658109382132,0.9952840240912071,3.1508154562633646,0.5313959770764094,11.128465796122908,6
11.366951191462162,0.3331875508792658,0.6557307742322143,0.9017770359274266,0.09725994561858617,6.364762985714772,31.767205000008815,0.9978398490218161,3.2619147985897117,0.37072417306290606,9.116754087586516,5
7.762398872258783,0.3599667743356455,0.29166210191165615,2.0580301777400334,0.0930381931281345,1.7608941904044797,17.345002110725403,0.9962792562893792,3.520981543092873,0.40321927582821776,10.374193250239662,7
7.20702035113302,0.6862585350726815,0.05452670319909022,0.9886626587351875,0.06783570798508921,24.58185797306274,100.41423268482077,0.9949032195484953,3.3225632799449074,1.0050372275154134,10.835153887262784,5
4.827532779598998,0.46924932744642217,0.06544600579191232,2.1945252867307774,0.10909877176137048,28.84573901562191,84.76687583736819,0.9937972605686214,3.6314307408308135,0.5985680025096182,11.310236127904842,6
6.8198235704424555,0.4828181927348143,0.10903367841781644,2.0950670256567556,0.08369991305351991,1.7631347668088322,31.247265294850866,0.9961363405928335,3.4943252632697575,0.7346896325900155,9.50665790219317,6
8.938425875367479,0.5401645646199207,0.10061677425780267,1.6245572782425486,0.09936204300189856,14.333528032627264,108.5520582453657,0.9957630904470073,3.2697323440173687,0.7215076533162318,10.082342516006674,5
8.75997359624616,0.7205715253559262,0.10731512497133368,1.551596569442872,0.0727725789601975,13.75704027629258,45.29212680461734,0.9981793778559935,3.418306523845724,0.6018842085218853,10.793593451099076,6
7.342285962013347,0.347756026679039,0.3584488438187422,0.9406767372423042,0.10269825198248908,9.146823457651465,17.730013970441888,0.9952098430420313,3.3324114444397726,0.5702110730464528,10.877026565696328,6
5.00409326346953,0.4700490383537908,0.001908510644886317,1.9219854418367794,0.016180259031989,2.487583872204615,53.21690696302949,0.9921067848511229,3.608852183624401,0.5651819143690241,12.301226417132108,6
8.827243501037989,0.49472044916870034,0.1875882106380713,2.4170928583177087,0.08016491376347135,6.195358520947042,30.405936966723324,0.999007806406649,3.084404484295641,0.7651223992458633,9.228973461123223,5
7.572677261702152,0.7265047904508651,0.051922304242571174,1.6680770247139494,0.10234850599450232,5.636948598637028,18.456290805342036,0.9957999671997262,3.348185001777339,0.5984081762405132,9.220340771724889,4
12.082676091587748,0.3230341158188045,0.48573958152736924,3.7110511486413005,0.16402651549180094,1.2124994709982064,25.104279262510964,0.9985605502669447,3.160877389942919,1.0098419960906917,11.252596750090348,6
7.649072706640343,0.5341311364775485,0.18257798033568182,1.8899755555323206,0.08464942673668621,11.860606017133465,157.26994245645741,0.9969534998261016,3.2368849375421678,0.5989689908374753,9.740237292474525,5
11.143751548142495,0.35569261215157977,0.5429370841973805,2.5301217634912754,0.10684213174951518,9.439118945748536,75.40207837877206,0.9991458775822922,3.17832601803641,0.6989526224695608,9.636743797798784,4
8.272593299941144,0.3934305075545077,0.15275066168080015,3.4127215282428893,0.09056189017978275,35.495464676661044,93.41646430220929,1.0007114996506181,3.2784907116369184,1.82853311228515,9.905486876480683,5
7.218836359399608,0.758144992884519,0.01972847340496908,1.9243597729888267,0.05409156730218061,26.1045289132825,40.86664887148787,0.9945130155354788,3.336012735274014,0.6460771164781377,11.408638810224513,6
10.277287361109934,0.24751044591465277,0.4090561831668693,2.840725284743962,0.07503662206409036,8.194029774277963,40.14156601847877,0.995782863671388,3.105976797994805,0.7769303370311823,9.755055036030214,6
9.085608655657582,0.4280436213791665,0.32529966396788235,2.0264752245537716,0.12229957805966016,10.907931641537727,59.967025024808414,0.9947447348886199,3.2448947638770393,0.6264651493752025,10.738042807954074,6
12.404229575135938,0.42360277844563443,0.6387707728469632,3.2049997258478897,0.09878722667707468,22.373509823357843,33.90102462505509,0.9999905131334,3.141112155934479,0.6852558008521339,10.774358615820885,6
8.10424883174761,0.39126442219471164,0.22073129441672218,2.9637717316492456,0.08225494279444537,7.43273039640795,11.959372189497763,0.9979109542754372,3.181720459685375,0.5787721688364975,9.07426423019244,5
8.128081272919571,0.23168868094420267,0.5323807122939279,3.127689510425422,0.029426423763953786,21.499622106865967,65.93065638095403,0.9985785630743287,3.0834237435534613,0.5597955464401064,9.760449744378127,5
8.363452182789601,0.3826184145608796,0.33688730731347166,2.7624903591039014,0.10951186186223447,20.298404340323284,82.59121104716912,1.0013195093482907,3.2685482716691294,0.5972135341090435,9.328839537177648,5
8.536216131673248,0.4602075336668109,0.1966394552182144,1.3192647597544056,0.07759060821813951,15.216463931631509,51.459358289467765,0.9974316374383511,3.100357769920517,0.8456279514797755,10.839787132322954,4
9.87815105946817,0.5629224783397604,0.37093530893333915,3.6577238038794313,0.12654694413178524,14.760011526245929,41.58727054338063,0.9994122420434793,3.257784543229703,0.674727648773985,9.145020285781628,5
11.53476595468274,0.39995704011371896,0.5552191215871183,1.4102876128631658,0.025243811022612635,2.874176342823298,8.902449827138161,1.000574307074405,3.198595696702931,0.6220521113781624,10.027046859311124,6
8.666645954785368,0.6503566652531733,0.22269291625922072,3.4859692910147753,0.09649610117149003,5.619863646728134,24.306881714863362,0.9970385251350118,3.443975279389181,0.6507287130255881,9.710984296055221,5
7.021191976416727,0.8224942664530029,0.06790291743070756,1.4355724857679155,0.07624721796632804,27.720857607085417,107.90472050266773,0.9970705565093495,3.1407968451719612,0.5803183705407589,10.695785817942808,5
9.276814823615794,0.3615504386931512,0.17469287816695486,2.63784595475793,0.09922918612200746,12.068442898463895,23.44995297626181,0.9996742050974848,3.2356449058194436,0.6046701986555373,10.317297523264426,6
7.697433675677776,0.4986194508911269,0.2925721200899989,2.362045667367796,0.12949580034855684,1.8228092781065113,25.44184719149369,0.9964290243463457,3.3943254712147364,0.5649934746156401,9.806246669783096,6
6.436704045108889,0.6186637600013225,0.05524400788849015,2.306632562376858,0.08309015406781546,9.843820552890225,49.471102958517314,0.9950467773725734,3.34432379513318,0.9494996818420797,11.983513707772001,7
7.646838073576009,0.5292945008340919,0.02662768962317261,4.917359981600347,0.08257729322256903,6.1888988538372605,6.807165921589967,0.9971065356221673,3.3251669958718404,0.8182045452521837,9.332312908876222,6
5.117965628371318,1.0933322989198795,0.148395374986875,2.333532964987792,0.04475652506745009,1.878452811138859,27.62927468911152,0.9931786616298228,3.456434514073563,0.46012994998182544,12.357172088473048,6
7.475982163523071,0.5171629392253776,0.2542534052045272,1.7599766224024607,0.1102364394660017,24.972121443446333,56.889615690239495,0.9966780173980035,3.3803508483445333,0.8301062706372593,9.127286946281346,5
6.055908548078284,0.44857350102816684,0.03743946107030677,2.451094071193208,0.08046596128926436,14.717849222481712,10.553051208143525,0.9955850538296785,3.4834849450704515,0.5695525307473891,9.459078697225053,5
8.444944587303208,1.3850811172435973,0.024783168622731683,1.1384149207412755,0.0850271353907348,32.30373300455045,43.61582676173416,0.9978764154157761,3.187000038838292,0.6581205430201319,9.294213132865016,5
7.774206035057945,0.6494477164026577,0.034906986865969714,0.9718505955530214,0.1080879993878325,23.382520632968657,87.15431868445015,0.9939221889423903,3.3444495817660456,1.1279669964077301,11.383351174989095,6
8.999180356368134,0.3862578605454767,0.38017214694072093,1.7939239249213663,0.0862404538574264,12.71655049573302,32.55977576980573,0.9964089020460654,3.279850596770133,0.6703564462812732,9.866977083616046,7
9.263268250961026,0.5284291733037932,0.2820275969522622,1.808126652606013,0.07355782484621383,10.580650883073469,55.42050313284678,0.9959516291243721,3.1965657079373773,0.4585621432220268,9.920903978480666,5
9.314163146175344,0.43428859962606786,0.4431336551451364,2.2951073838352776,0.293202560105526,13.707103676325989,110.52838657085053,0.9978875099214481,3.092964001039209,1.0630962063367417,9.165674324067599,5
12.326284968560092,0.18157394375093247,0.5519737191600498,8.632209393953083,0.12392140613767413,10.693003001432311,10.277051158100427,0.9994979036985595,3.1464944302141475,0.4318272462969821,8.880253957300724,5
8.758580365021139,0.5105530874773538,0.17564878429736078,2.700585824872521,0.12019064602632482,13.985349662205973,84.20392970406593,0.9962779077478682,3.228904133601458,0.4857364720233094,10.943598811054887,5
12.281001137951094,0.3009877882625863,0.49159555583861186,2.6829369187831986,0.12312383751300712,35.261190236375676,109.97723759198126,0.9990889552002535,3.249349872464465,0.7389149010660225,9.639666809784792,5
8.298744411600076,0.4067949572089773,0.1279558993297814,2.5748885287165653,0.0846369164736925,16.46473942825862,93.04066900905863,0.9963364443008239,3.2347315879220653,0.6877503086678508,9.898639201685414,5
7.415283572949463,0.6304409389550824,0.011867678151623557,0.9417194410662441,0.09046688458688593,11.982012349906269,112.40838890947731,0.9967837878860049,3.4072059565964503,0.4829294179963523,9.128215409628256,5
6.109040914453124,0.5486185554011889,0.15517544257503763,1.6208283708099986,0.04794203631371062,32.563772009536635,136.92624391323514,0.9968444056055966,3.464556236938478,0.8525015854774507,10.331981616489289,5
6.727062208717817,0.726497318493877,0.10595824033952653,1.5131138219255054,0.10879110497327098,1.872462269511139,30.9159336584346,0.9950607277162024,3.5480544005138377,0.5985321299418442,11.627588529094888,6
11.833223995058852,0.501097734089569,0.5087637873593788,1.4373350489143242,0.10940260174767055,7.479771763177685,30.427478049581044,0.9989067656015412,3.2287789785953938,0.6134072222504496,9.309099619940218,5
9.91209661943246,0.9931813012173438,0.27106224717851024,5.208715494021142,0.10502919072806337,3.427928816942443,8.52508508509462,0.9970488311093462,3.1238830992841953,0.6554908152623078,13.429776183302199,7
6.927882245989553,0.46198994804102617,0.14438557345719438,2.818050646092152,0.08590141813569838,5.342615510544711,10.611247087291911,0.9961821761234818,3.3934754923788346,1.9752572825877095,10.77161420332131,6
7.304437482400178,0.7265900943981397,0.07231202683463313,2.107626430356956,0.026284363661521877,8.528403131605057,27.918729624943083,0.996094718104228,3.2192671547028477,0.5472085490896468,9.667387791194603,5
8.674447088614578,0.6557334628833045,0.1324838351632731,1.6773837024603746,0.017067654904149583,21.949702707272635,37.908907298425774,0.9964435819721796,3.224837568726343,0.8339108578458401,9.49379514032147,6
5.5356373319424375,0.6192450872998219,0.171540697644474,1.0501271822789837,0.015443583209454305,22.160722418916787,15.469753255454737,0.9934554804324479,3.4734221515923043,0.6816246259610544,12.338415411195125,7
9.091324031695212,0.4213108131080605,0.502058295300335,0.9432128085132138,0.10671243712449988,34.25684265054347,54.66107189833619,0.9972091440695502,3.396295399322035,0.42971040403193345,10.632412405248315,6
11.898970864506534,0.5361902857286465,0.5298050922118591,3.2496486401893483,0.07707036286989614,44.52728740368538,110.18386258942363,0.9985136326696641,3.184444839405466,0.9113792523462119,9.060676980774655,6
7.353571770267638,0.43515280287127167,0.5700704589696196,2.176488931413348,0.12440667390280556,5.706669469113816,44.06618498852926,0.9979005048135381,3.2728228186119437,0.7086669022251332,9.593955892829849,5
5.92865897444977,0.5617579511125587,0.14873296380163686,0.9734485572275084,0.06944405408893167,4.328186548510001,17.22580831343445,0.9949336345548834,3.4679282263432847,0.47851203288997457,10.839948518176863,6
6.8001995733607705,0.699269745176998,0.14790989461145937,1.9250042714446236,0.0806657178614068,11.46062518717843,24.92862629783531,0.9965664101724322,3.499783676945252,0.4394779715187923,11.074027729876875,5
8.147928535706317,0.5166475307326927,0.09689330051727428,1.2394180796343104,0.0698614748200671,9.650279461097844,60.28229202067749,0.9944188770076581,3.317959493138452,0.7518292419836662,9.998362831574086,5
8.152983999280831,0.4431032130951519,0.34477773453049465,1.9032243263870119,0.049373433133368935,16.277355591559804,23.082028594020674,0.994763184856359,3.2474154313680827,0.5634413631304726,11.514348666454493,5
7.571922261686057,0.4532049309630489,0.09707162800388351,2.1162624582565432,0.07224222768668695,21.19869211008408,15.435340666899638,0.99567653967124,3.4480458750533436,0.6668127739742296,10.578028452674717,7
11.963039680370215,0.425553835954033,0.688766546091711,3.421668579996328,0.09485982543594138,33.68927445795593,94.13073234843966,0.9984774353277298,3.094428916296271,0.5372044420081818,10.05032127775447,5
11.06756615310262,0.687052561958317,0.3197215803351926,5.637095158333537,0.09352650292828582,27.60238438622369,119.89173898746539,0.998717567498566,3.257068866357653,0.6800694611372878,10.374198749280458,5
9.514735154824821,0.1956009225510646,0.44996023547569913,1.1278180978798331,0.09041470130146845,20.447637824158726,22.631240656489396,0.9972540265933627,3.544146875059766,0.5528474926314915,9.397339666069682,5
8.9285635543645,0.5586180541331002,0.3999489898425767,11.07204192463102,0.07592414442263715,3.8497645618686094,25.582525433461416,0.9995405584618142,3.313209567045867,0.6016967850437159,10.367604699295065,6
5.9052088119638215,0.6504773247350353,0.06644831890422563,2.2369116614464093,0.026580470232430157,4.903829837483213,12.050195772292671,0.9942997811945016,3.514945631698935,0.4127290163110692,12.90696596674003,7
7.178851610868915,0.662157398879817,0.35891625393438165,3.708179633435918,0.07293685076159767,17.350396123990336,80.63636516465195,0.9948545042513398,3.3467032721319963,0.540671133507185,10.275243604118035,5
7.681550071508923,0.42490800790944094,0.3620704303453066,1.6899762585708642,0.03885612985951166,41.150453907794756,76.8424085964528,0.9929204220689596,3.36339010467794,0.5421034310232357,12.596099467339863,5
4.7915139995404905,0.6138305630493672,0.007522035238150441,0.974945246556332,0.04085206346961419,4.058588095747881,48.774607908664024,0.9912762337860956,3.5744673210322784,0.5493602525625066,12.939830121308793,8
7.280261864022408,0.6257061202568277,0.0034956017500668533,2.8984385554624055,0.08577737471845348,27.866721471307585,101.91369661327775,0.9970208739621057,3.2554751116887948,0.5339404094890751,9.185098138906998,5
7.751996820389081,0.5354063307335338,0.34389356683323774,3.688639592495141,0.12726247876379176,3.071444058480597,17.18699418410067,0.996684498949875,3.4086708136552684,0.5704071106112748,11.646633797098026,5
6.5972585383601725,0.596443953165653,0.15679242641373478,3.91781045354169,0.06506107561794489,3.7090907044026222,6.409473244978663,0.9973099469996867,3.3235727933512416,0.4203890496277824,10.12391413845666,6
13.97686500331399,0.38080951798370605,0.7584081807369714,5.711133568410649,0.10182484621414391,1.5824870934365216,20.62773377859537,0.9987300275283562,3.0349091484751005,0.7816799099143985,9.984670753237499,6
7.100068301595769,0.6977722341381217,0.22612060081614654,0.9617520074816528,0.11992065488199466,29.677131180270464,105.60879043397814,0.995651650187771,3.1146977192065872,1.16012040459283,9.664459483704958,5
6.22073784065347,0.9396869135238568,0.004949324180544137,3.6453750277996173,0.093067126476834,2.5234509417551623,30.140213249477355,0.996371186479878,3.621171914237932,0.6132436879225148,12.216421991577743,7
8.873092694627596,0.19433632835929632,0.40304573258006443,1.4163109466972323,0.11699401544620533,8.219557190527818,32.46269424292581,0.9969782731098122,3.1807820984350683,0.5088844789171996,10.185225427973641,5
7.350361786298679,0.6995956274608123,0.0016516864732185519,2.4801013465641617,0.05859284564545297,4.012268942527701,23.617275059866074,0.9937039283410115,3.408040713155872,0.4360095953333407,11.173206633324675,4
7.071468056746859,0.707416881769478,0.05506101360583275,2.8799700281593603,0.09298524757744629,17.89397815460911,37.5663755491792,0.998967790703452,3.2449426081465558,0.5051373849257491,8.451997822537951,6
6.6143878615938005,0.5534540434295787,0.1719352070148568,1.1974518396269849,0.11624243882014114,7.2627933454340505,29.363190157174074,0.9958927588073219,3.5381582749227087,0.40830102080145275,10.260941732629009,6
5.337587503389572,0.3799980893889438,0.258540386814319,1.5327037032599646,0.09294557137445296,1.3028469358226087,17.264587885308302,0.9936788921253724,3.5516174623951953,0.592495863204657,12.642016476775675,8
9.088783417125615,0.4306079165140736,0.5266951186959578,1.7995006114658416,0.08227180068297382,29.293851904664617,113.80381557358398,0.9951216088581891,3.2389599927079753,0.5675245260389862,10.080431289069175,5
7.992728122245499,0.5571400427052046,0.05494440573911098,1.8606513499406874,0.03710300891768273,8.774412003724825,58.88447790010525,0.9928827978620804,3.221945079984699,0.5916950176886216,12.538610317798124,6
9.082980333512323,0.32355122492653243,0.4994699428844713,1.0408229229192991,0.07870820335222026,6.894473125099442,8.452242508519694,0.9994856526593028,3.3986241345012993,0.6101589434980482,9.464602354446741,5
6.310551827802036,0.6379507882248748,0.27392875178591247,1.6802087542096737,0.1149126634900885,3.5427761323786267,7.416585586346091,0.9939863236412967,3.490603986584939,0.6893799366490719,11.168179053165247,5
6.719415361817549,0.6002481355919868,0.10183455737279767,0.981944590082586,0.027079307060112055,2.744605865228734,7.340005393144766,0.9938814476934156,3.5042844475185393,0.49135581037130527,9.5518530166447,5
9.521336287507928,0.16522609993738804,0.5183453600378469,1.5446607298033932,0.1017062615753445,55.03539550896374,133.17147015239803,0.998137669053622,3.2115203880252667,0.5962921112939259,9.450292966786495,5
8.41573355263292,0.7771018338177114,0.2651138950342135,2.079629097279749,0.06044282028143838,31.926688420123718,46.583035069144515,0.9946233555973656,3.3319141067538625,0.576636819023822,11.527504979772978,6
6.2675427028827535,0.7088088239519392,0.107439999954965,5.663207574656,0.04784236193819989,22.414856355632566,77.36474271207585,0.9956936260000887,3.5211801286978863,0.6488714710251409,9.321322282434561,5
7.986825959811821,0.5624106428844369,0.0196614415867768,6.48085657940921,0.06643719672310198,16.127044678958526,42.03464151287807,0.9974676504616321,3.279581130852498,0.7942537030848634,9.464103254132707,5
7.942094702259494,0.31867154920903346,0.26008108432351257,1.256346460888896,0.1153740933542488,5.821642502545399,22.133034518806912,0.996767258134144,3.425797359671607,0.5263428673229482,9.248453785889135,6
8.338101843106758,0.6118019030037631,0.4156144566326188,1.4741432517973876,0.11338587422387478,13.209613694789848,8.584703927516838,0.9978054370097549,3.024829887002358,0.6793620051046176,9.072154079134046,5
7.345097512960035,0.4991858264835493,0.317282189211073,3.5169723411447285,0.11627479031336133,15.153641171853351,11.61470781317443,0.9956666478460372,3.2736551304734127,0.5427759124904281,10.530227555260117,6
8.469431942902588,0.422586365154591,0.2615219182215746,0.9052700402961193,0.05336723656777018,9.896706808746542,25.95666280482124,0.9951784605259248,3.254314276016613,0.6748656394999666,11.914170247574079,6
7.346909193681516,0.5316218833336721,0.12577003960028016,1.7089161891377607,0.1269330662055451,6.461489436090854,12.224214084465554,0.9938945034810469,3.5358266793353934,0.5453469666913142,11.780327773244615,6
8.503082742802691,0.5720547011156512,0.021224907745957474,1.6834228856264368,0.10751488682778333,24.732952607785624,36.297205777170646,0.9988695287842366,3.1239707947022017,0.42104185622488194,10.652757854264653,6
7.374089464632167,0.45420761785311403,0.008924684404101886,1.94361042004408,0.11148055893375741,4.6622944568590405,23.660847933478234,0.9950393116349834,3.3765602534326886,0.5801412656817668,13.882309746100558,6
4.918355671372208,0.7262764954429424,0.06683588245214972,3.743950140232978,0.10484121236384672,2.9772190599884603,32.74418685559286,0.9939808665695358,3.7555630842119108,0.40785828098982113,11.683134293808356,6
7.571461251470723,0.33135674614890637,0.19505743820604307,1.9139687097747218,0.10388560772579031,25.222821591897112,58.646818553673164,0.9947332251001696,3.362877902598338,0.431948316599989,11.01014062682717,5
10.072732760586407,0.3913477889815682,0.5144304094910969,1.2263887096095152,0.06838155561319122,28.79057507278144,84.3837715006587,0.9965925080402198,3.1398901135202726,0.4041211889857056,9.99715279761938,5
9.785428828100569,0.42647222705109317,0.4196390665326796,1.1906123078042117,0.08987443158487342,2.7871943692994368,25.40397519082435,0.9976565815312327,3.101387856312993,0.4470336845102213,10.093361091511657,6
7.876741521522985,0.547327155051863,0.14907976305142967,1.6034098720638066,0.08328695963861972,11.11267712689533,6.2147672062070125,0.9965878581106213,3.430563550396291,0.5749661963100774,9.11360937111579,5
8.690312708903573,0.4719831072652019,0.4545696186642687,5.690808239774728,0.10191641353203368,14.550033707581438,10.240449474849244,0.9980341542487372,3.377624188679129,0.7767755942796684,9.181085713344917,5
9.377783257518026,0.5389126228928812,0.2861885179964441,1.7077585534970599,0.09056871655183629,11.3076668895974,21.836598113499065,0.99571901468708,3.2591307051539777,0.6889711070520906,11.208449924053825,6
8.910021035886507,0.3631689958252524,0.4470940471224141,3.9508472746878756,0.11467599617038057,13.872173996084346,20.476719707182006,0.9971367947040269,3.338983220076487,0.37852576154716444,9.357825326520098,5
11.286606032828077,0.5881823192384025,0.5286981725671898,1.913094238058568,0.10999983977313647,4.792581435783493,28.767448462836477,0.9976789127413753,3.252121810877237,0.54742086196656,9.110821941859824,5
6.135229534724909,0.49222003903522993,0.0395374077654658,1.508297757628104,0.012121711398221054,10.5833836469583,6.831458958745168,0.9946292463916171,3.475454394241846,0.5566125961612356,11.59014883397772,6
5.844897701202251,0.20477694112018197,0.4276397167036175,2.4329681401856424,0.08441165366624442,20.31398885173569,50.21297216903299,0.9959229243281337,3.3414391540458888,0.565276873895214,9.845787131756605,5
15.357518241887202,0.39141855597736097,0.504810319279271,5.4561299982307565,0.10898756275690091,19.83573664666771,62.35676619077447,1.0023284931391059,3.0166815808150615,1.0079012742509688,11.498281671851078,6
6.429449864758002,0.6255515106132297,0.11882660376267268,3.7253630693365953,0.03573321485840675,3.701640968620251,53.7365804695083,0.9961218346616526,3.475713490165725,0.8232757802551436,9.493624647505085,6
7.5755580151929305,0.6716364002050339,0.11601988506375047,2.139747031446605,0.11263093902683646,15.185427587569322,90.03248356624447,0.9982390931552598,3.2787602039961934,0.4463387803015615,9.591276570699943,5
8.022385980077244,0.5426693198812071,0.19978435973413192,2.1864816182194957,0.040123029046887096,8.751363182877917,46.43975059757793,0.9947125376979558,3.328440553597238,0.6917094972300557,12.041653670694519,7
8.789348617663162,0.3276556307436989,0.12111082232601773,1.4690182534853147,0.07857052859647014,21.23288370780054,81.40175930819677,0.9971730812595196,3.3191838778122427,0.699232821713239,9.345636483460082,6
7.840837268780725,0.6041801747855191,0.22029804358226915,2.337194464392225,0.053306870035745316,13.218675225443285,59.99455039499709,0.9973873649680314,3.417000007403263,0.69860627118627,11.99613513456334,6
4.7717432523652565,0.5425132170799088,0.07051454290563851,1.148273069795952,0.07031380237403966,13.139989067477268,27.672380206833523,0.99497363636918,3.436177787674515,0.5597270696996978,12.424803318719208,8
9.792434021399407,0.36823756930136675,0.3336936257296552,3.420011048898905,0.07740104703541023,32.763126995370165,108.87494629156052,0.999639892310891,3.0272401143905605,0.4992269918128634,8.968475032066879,5
8.9426304195144,0.3203327539526615,0.3967548928663067,3.73511812656699,0.10880387508088858,13.416680390316088,14.113016352288259,0.9957496199703684,3.1744332102720687,0.6624399657923699,11.05680899862115,6
7.034131704976138,0.4604753927493097,0.023782010823036926,1.2045656153078022,0.10864444849421376,1.3126929950572424,23.373833567053126,0.9962330734403535,3.439708914131254,0.5857647588232503,10.055603488467895,7
9.271473315853488,0.8616262967798827,0.47651655908066687,2.3661679489440615,0.10859742799833208,5.75889095162937,20.727219469355127,0.9973761593497159,3.192442386848613,0.5142617457909848,9.340229816166078,5
6.64550711242895,0.956623288783763,0.06291346307918663,2.544561901147773,0.10217373219060447,7.147016569580728,46.654191368746844,0.9991885621398833,3.546358146205352,0.7563314791194953,10.233460695671285,5
9.066960482831776,0.49477044495662975,0.20700844336332183,2.4819942386874465,0.10224997304885895,10.997682287132426,49.397043868083905,0.9984184346952802,3.212942235188646,0.6269004045725248,9.989629931196164,5
7.034863895394467,0.3298542126800251,0.18055649309027558,7.913197114148655,0.13116143684483136,20.457670500118933,72.49934413352807,0.9969654037330394,3.357150282519124,0.6562087518184438,9.405614455941766,5
6.530223378628216,0.8692669388488029,0.015109329700707629,3.2449558519912127,0.0642373535431923,5.9393795340215485,43.497013350458914,0.9940365900620118,3.431337654992773,0.8141756853694609,11.450291121079683,6
5.981143291809733,0.6842150634764901,0.06862059507447156,1.59554926267081,0.09793633420892682,25.862482395946817,53.95343638489787,0.9965405397639141,3.2377128255956706,0.6216551331442175,11.173958829300222,5
10.015286522762494,0.5485483003401487,0.46105358525363643,1.0672155901571942,0.06070791766329553,6.468248935737885,23.593322668093105,0.9977565275169633,3.404773868750068,0.7461478375104004,10.347346511290148,5
13.266883796399073,0.49516601249280345,0.44900907086255526,3.2980261097924974,0.17178315183075257,11.538547650163233,32.524030499017854,0.9990632255930858,2.9522075355261888,0.39682540622560614,10.880612373761943,6
7.214904270154739,0.6300581234344166,0.29164496153096736,1.099869467420889,0.060232945776907396,23.154056487807374,58.41201965886995,0.9944179701009067,3.320476936159414,0.5980259862676188,9.172651770132774,5
7.186903827694727,0.6439731988491649,0.2958190218328426,2.555135947430037,0.1316765240793874,11.812804000162007,27.779692381723496,0.9957209116657766,3.260000122978858,0.6855992168984848,10.135347187669305,5
8.917195394461345,0.6067704912882008,0.1149155265625581,1.7669979115815253,0.07617532619486354,34.74725939974624,36.194603479607,0.9974859422006176,3.242937653149347,0.6908577237929361,10.49777924130874,6
10.884140692194912,0.24963443551769965,0.3473948603912894,1.8395120008483894,0.08460877221174071,9.266566616714242,19.695886736805868,0.9978108132218367,3.2997911413415166,0.6722826547631352,9.179166758869693,5
8.916474421278823,1.0723104779809365,0.12267670701370387,2.0692971245915106,0.1457025948412384,11.377353750341575,19.51789031353852,0.99342410981275,3.3290893673834323,1.1306613531247418,12.90270378793688,7
8.501708485428193,0.8444610566571968,0.0695549325409386,2.107014479727333,0.12093386127027672,14.026689678655067,27.489246664611912,0.9989236047682092,3.397048111618514,0.6946161550646434,10.905590540121535,6
6.198351214708005,0.36007683360317644,0.1573180820547593,2.5603004836629695,0.06735261991478293,15.294199547156017,30.747678499065145,0.9942643478830385,3.4378003290695887,0.6092752669667518,11.144551689829758,6
11.38446405927034,0.3668645430579487,0.7044424604322918,2.803864008926884,0.0854578610769534,28.427995481496247,38.55322053736306,0.9995337770282685,3.2748147657152797,0.6895214460051695,8.55488200643565,3
12.17307384605051,0.37392113360426027,0.6979996202169302,2.5701106359342036,0.10097921005115004,3.4926420205702726,6.285717696836058,0.9985678828542207,3.1446339617867682,0.6131149678099916,10.98073393724785,6
7.492901393671378,0.43571496708317237,0.24287634343394535,3.077138038586354,0.12518396610508095,3.578557798881098,29.657571317697748,0.9974098209524082,3.426623259587054,0.4739957951587288,12.037649061435063,7
7.541820623437728,0.9191821490300036,0.019507161551816043,0.941390967842015,0.11517455757359532,13.06111612031582,32.54698659102326,0.9979766367667108,3.4334691530997397,0.6288194704331621,9.349345027168882,5
7.747447336324786,0.5439143041173856,0.31370903028200703,5.086734772421318,0.10705469202811978,19.27196810519906,42.39750127402512,0.9968072948360167,3.4145947735925604,0.4604998270276631,10.096944816402633,6
7.733117515238652,0.33537850873130326,0.12193721882777114,3.355247459691642,0.06551046240414815,31.44300598158925,103.94691846035128,0.9960190232643226,3.2853564029376408,0.636216723047432,9.179624733256809,5
7.964774064211468,0.6682561504296471,0.040670340805751645,3.5403847370123116,0.12723213291441843,30.50567565304101,125.27831696220473,0.9988560635288536,3.248369439009056,0.9325652865654428,9.417420482002877,5
10.759878197073132,0.48445221599557814,0.18247683744187154,3.073010269213113,0.07735307781308325,18.186998650446473,98.04489873250202,0.9980233444551275,3.1580232125016194,0.4371610393251878,10.97680580605963,6
8.98538003313527,0.5679151061065775,0.46309573376076063,2.2317054917902492,0.1297524894685725,7.316758984235941,23.327970906968577,0.9961832119860232,3.3687865697183645,0.6839609467529115,9.90265267782587,6
8.806744797759244,0.7686815271614936,0.11982795430112658,5.038950196948619,0.1492525438411644,22.2632586516839,106.41865127247718,0.9956797011018692,3.1753547216941613,0.43139391606742383,9.239338374730405,5
11.25592452410111,0.2813350510828143,0.5522375893924671,3.5704633462831548,0.22850276660670021,27.396779904829597,84.90632464550542,1.0026233690786768,3.3172331478781705,0.6310609032824329,10.760795837603716,5
11.202616130883497,0.5400888175820231,0.4799685701803515,3.53661976347835,0.05710878904195918,34.34228718220072,70.32503755954848,0.998702286664878,3.280776940563678,0.845435680169764,9.4975676836803,6
11.233887054472893,0.2245998941364873,0.5524692684702526,2.6753543225148215,0.02959898596530878,5.879160810101253,19.44595944575097,0.9982460203322612,3.1069393749432797,0.5781874097099753,8.860750824693795,5
12.415284565988316,0.4345835832789676,0.4750576860938173,2.864241456197303,0.2100503812149182,14.589207661523975,72.65864615000596,0.9983283337299194,3.038408823060057,0.5521594109035581,10.098103934934379,6
8.012721168743838,0.4990434857027164,0.24871278629516733,0.9821965136375062,0.12613360915984162,9.24226900605505,60.01936508649261,0.9967354198193039,3.266144198908674,0.5327775991930623,11.323256735790517,5
7.657106157744447,0.4075472787826749,0.34677168581988477,3.4759502392236628,0.11930189406285119,30.428778857742916,101.66706029523782,0.999377669257746,3.1931707134437812,0.38756417210977834,10.901894039551921,5
8.646718888919793,0.38737940146993155,0.5245213479870109,1.5911949366428972,0.07049436460991584,14.090100502512907,112.56749274565635,0.9980084399949046,3.356932956939155,0.729061697271632,9.60439494032208,5
11.095296773995205,0.7916741356017549,0.4037397501048826,2.3401367796801713,0.07751570303059806,22.440320571892048,59.54724982927115,0.9986554832902906,3.1356168948762106,0.7704094044063532,11.739615106690884,6
10.078523828708517,0.4531151655772509,0.3604302037595317,2.7827421203225553,0.04952010034089541,4.7127745099867315,6.780955932004716,0.9973546162519588,2.9398759641697403,0.6959546959951802,9.14267886096631,5
9.652204231578033,0.3615120894709789,0.46920844993578387,2.9894431394536998,0.11619939066601509,25.16021279266501,162.989110241245,0.999520059698926,3.159522982561837,0.676482373560899,9.826078734506977,5
8.530911419879121,0.34194356603152637,0.6664054164717425,3.62496931739454,0.12918952189692623,14.619976763626653,90.64193809693617,0.9969510590062661,3.0317676988544653,0.46153904658682965,9.668773299736197,6
5.983732170724919,0.7906076131426308,0.13922628486293642,2.314555075076557,0.11535794587220667,19.636449528197367,46.73440575483026,0.9974696364684484,3.5041804931411304,0.47341424224805995,11.18063095836339,6
10.010180108709065,0.7215404863506986,0.2837595642910782,2.005101138808257,0.08868067607876413,23.89847607882827,50.335559756450685,0.9973750860793422,3.116326444730964,0.8468661765321823,10.91250163331616,7
5.809931625659813,0.6275996969190595,0.04600903490227647,2.1885048113977756,0.018041827253874956,1.4580391701777902,8.138352662114176,0.9938067461759207,3.5603301340013975,0.5788256999994766,11.810023664680967,6
7.360584974036786,0.40067686520369217,0.2506834207208439,2.2485661414981992,0.08227165049403959,25.65457951468008,48.93597313666224,0.9964513040548743,3.370151425025485,0.5986523520824242,11.141585116394175,7
7.127774101789184,0.9654330419354564,0.036654978169665044,1.2966019129886024,0.08741464006755167,4.918215750315216,24.815598682173793,0.9982339375827908,3.1509314357919562,0.8468202548517777,9.252766399438942,5
8.288888519674883,0.4787500607978414,0.07112761223419548,1.800485749582969,0.04617717314523148,11.417730335476035,15.468124044050796,0.9954721756453393,3.1738677316238157,0.6768764814613089,11.025155961802234,7
7.415938592795729,0.786437239656048,0.13226060472767254,0.9928324438795225,0.09123011806867991,33.52674184588919,75.06304686001492,0.9963446092492305,3.365674960558546,0.4976172276247892,9.562010242796045,5
8.387067301175927,0.17876831507868046,0.25412644983776295,3.3479239269856644,0.020900515943783934,1.4383494240611672,16.778681058608537,0.9981297757677979,3.3585739260353042,0.7374412961179299,10.111209052912583,5
10.2661315085919,0.42914237786088105,0.35131052450487293,2.2906503986740825,0.01719207876807611,10.652339347352122,64.54384077652858,0.9963323134075414,3.200235337095483,0.5148422537355435,11.803607552834007,6
7.006311860442296,0.6217353433155228,0.042942264498624226,1.6384630918862708,0.05306321414657063,6.892145023411536,12.937980141898814,0.9930749682226008,3.53945446417754,0.37314761998344353,12.564605722682108,6
8.405457954544294,0.929731430333269,0.10560438898344436,1.112855912673724,0.06080273878208292,24.351471516287614,113.20205663129148,0.9948483594003498,3.114083927119212,0.5495409767727099,12.06072814937438,5
8.188590237050645,0.7765028339363171,0.20364299961785154,1.7310288754192753,0.07929338099661178,44.93803706558381,77.72165921954307,0.997245708465903,3.3033289258085814,0.6187704651606439,10.293101033835507,5
8.78573795686794,0.2765134006215258,0.3658943202611476,2.4555658226828934,0.10266859677518538,2.2677214532527303,20.71563046584504,0.9981185021738703,3.359256100031423,0.5379186652053615,10.766918298451044,6
10.049047234580648,0.42273883109690596,0.5544099490342311,1.5738718940993448,0.13061509496027512,7.663522803061613,27.90691576989878,0.9979716549839746,3.210932984956421,0.5496783136472404,9.409150453977226,6
10.500964812499724,0.24388060628487995,0.49138122519851446,2.476971614536752,0.09351691077821972,21.37190236907752,83.15480957402762,0.9983812215393362,3.181592676494923,0.5272030280694269,13.022906483465375,7
9.249825853433544,0.23752153461691763,0.6048785659897424,2.969438611274277,0.10392529283670573,18.076241272997407,108.16443035832687,0.9991261358614921,3.150584225145429,0.42612811734797107,9.445463671622095,5
7.453810666942823,0.6001188862349384,0.17493286752489437,2.0940696627225437,0.12046547010508638,31.73945663712187,44.09869425863162,0.9963952654887941,3.5421219828065884,0.552652600243441,9.599735441705477,5
13.194154403647836,0.5713056206830697,0.4007494604898899,3.43950074318297,0.0733178433210209,17.813741240111924,75.09201293489892,0.999292236791267,3.139978962263103,0.5091962676853016,9.605393101383815,5
7.958410323384791,0.3145507270261132,0.3761893014801878,2.14611152866801,0.12419425352959303,35.66534890965665,96.3680228717805,0.995717110922954,3.3247177287701994,0.559069612685088,9.893440351425099,5
8.10073960326654,0.35362863768856145,0.500375740788897,1.5677885721394986,0.1182831717859547,28.75160513711917,34.95191021328369,0.9976730345109347,3.0200577746940365,0.5062039313524198,9.10966865144611,6
7.061717014769757,0.9231768638215794,0.07566700756109496,1.5439844615882239,0.05610125567897657,21.961475867299825,58.351614578302375,0.9943047438937603,3.1700719797806607,0.4308239366459147,11.782905755771122,6
6.026684898752261,0.830675517870575,0.04414202223963646,0.9803277483778225,0.03254625270493598,14.180280533850931,8.182506138579106,0.996098909891397,3.116881483091673,0.5734040378747352,10.30358565187677,5
10.543448058507986,0.39702433811885984,0.40300362005193097,3.5120414656291965,0.10135501952098444,41.32767690260717,70.52311050234516,1.0000962481061195,3.165711298371996,0.6632024091892696,10.147541725359979,5
11.68365784192107,0.3508296583485911,0.524309351902715,3.1919090791606743,0.12823893269900805,8.929960557361266,29.171740188865265,1.0000884530521232,3.1162447838297473,0.8903827372752171,10.319525255556242,6
7.7433129826824505,0.5715033116923842,0.020718360974430864,1.495586872562842,0.07557499036050673,14.789547531747218,41.639280780310806,0.9960742970640468,3.2818944281588145,0.5250316495255078,10.131001825057442,6
10.966160377931917,0.4368520863800027,0.5383396748671565,1.1119658776554429,0.016923242468252594,2.1883288374853773,30.79304395352983,0.9962189106632263,3.09133534244201,0.8649469456642933,11.161545591055033,6
12.790834441296662,0.3052989158693847,0.6102081593027634,3.029471508057603,0.11024350883335118,6.248471726201766,6.58204492164314,0.9997551967352692,3.2864032541011357,0.7016296867111029,10.714191482916263,5
9.387185482098635,0.3918856448688361,0.37590921216515055,0.9918262881071409,0.12895511280427763,10.635615775063586,37.276511440149314,0.9962363625374554,3.228509596552775,0.55407679009608,10.793454730668248,6
6.134789351007231,0.5106248829536196,0.004520265781596457,2.535116655548432,0.08082923892402259,8.35999705955709,18.171982324518495,0.9997062432966355,3.4795225463828725,0.6838306235227263,10.050249182802235,5
6.013214968889651,0.3533675383642238,0.23970311694121166,1.0157647597413408,0.023290486039917416,34.072239995083805,50.490973077564036,0.9937483841737373,3.546391999827609,0.7350575729544019,12.90528778766695,6
7.788404339029146,0.3680074966983272,0.45803185894738363,4.4404108311115404,0.09945458247794425,9.90965300460249,54.77244025629624,0.9969289850202249,3.4470356117846896,0.5696904662885365,9.20982922042671,5
7.289137669071306,0.4888766270138956,0.24810012332713968,1.1003844989396205,0.11916072058533905,35.704160491772626,57.58150123957317,0.9961775449791659,3.4436748428865696,0.7508203579876458,9.30421994077892,5
6.434022722952335,0.5392633712185378,0.0159394901775777,2.1078786755554484,0.04577794894628383,9.383165253291548,28.291883207675717,0.9900749731276691,3.4314650194095555,0.535320782587355,12.869916980377974,8
7.8551838014756115,0.5299869339663461,0.0023633988386181663,6.170575938129551,0.11142104334069705,19.939823284300644,65.44508097447743,0.9965828389842639,3.4134271413797257,0.6272567185468738,9.288200538419684,5
11.957030063836253,0.4397977786031294,0.486917393110921,2.1656880220027688,0.015105394774441616,4.099582703244488,32.97379247708393,1.000887859154678,3.2702383382299463,0.5982102374878795,9.325717902377345,5
7.2317201487938405,0.5826569352521038,0.27441437390411055,1.7080811871100687,0.08383973104117216,22.63699337687262,34.457496049412306,0.9965328021396986,3.3804295776625075,0.6666853624105045,10.17628813161087,6
9.053909283659827,0.5849497765762519,0.2336863459331588,1.1331127957972336,0.04708089062503168,24.301065178487928,154.6924949720762,0.9947767145865538,3.14291017441546,0.8282474622759435,11.17346588494987,5
10.20396336399302,0.35810984867467344,0.3413830912977194,2.7634945155523942,0.05540283574524743,17.396456988547122,69.88625552891901,0.9975100058183738,3.279062094611397,0.6134473880140442,9.544440818222887,6
11.803123977925479,0.5616710929919287,0.49448698494730875,2.1257710656373185,0.0773685550583458,13.602030182337035,88.2503125154387,0.9992706936038906,3.183957822091505,0.6285221678422811,10.095509790931033,6
7.553031327011301,0.5362942851399874,0.06540717466633297,4.673964234283457,0.017427872703101026,34.87735779179076,38.72724270312348,0.9969844956337758,3.4506903323173845,0.5222216163724753,10.924149121029169,5
8.011861666020074,0.6855483878673762,0.17257028121685047,3.3035143163330365,0.09073457165073752,7.641910585306423,33.02966285167203,0.9960019707399511,3.131096221956788,0.5892380825401844,9.485215466920588,5
10.840527106568862,0.585663484410679,0.20817470879181274,3.283469608244368,0.03683092054426762,16.376494265496113,59.585850309074516,0.9975344065678214,3.147853142568793,0.8430788654177441,9.21081939221909,5
11.667525870556805,0.16945029382381221,0.5225987374076971,0.9701675131381897,0.0918662935273162,16.699901023086944,15.367776560374834,0.9971156304866738,3.108178478171206,0.939323239540092,10.964458225664572,4
8.115671686556267,0.9356362487016511,0.23189067749712994,1.1916504049814174,0.5612956245673185,17.851469825251733,87.59711566286279,0.9961419704878748,3.217479522980599,1.1870767157841526,9.376758902289616,5
10.241222587752397,0.21698315960329156,0.3194540576369067,2.9899985441565198,0.016436375226174617,17.474368916941945,53.284871657634156,0.9973579886732656,3.1640685226059397,0.5588937043138763,9.070967455775714,6
6.7175877733087015,1.38916132332647,0.04449091289952651,2.1325620203770677,0.05065735994606779,2.4640608046793915,6.89721158076739,0.9929835203225809,3.3181643521435977,0.6537569161767508,11.887141695037867,6
6.251173736849071,0.47496566553067904,0.030245119813361324,2.2774699778725314,0.12902141672221976,41.843196108941235,76.79154445449592,0.9949579176141413,3.413677942907222,0.690788721167378,12.87121790641981,6
6.41089654989595,0.868545582629515,0.06506822050261753,1.7630548202771061,0.04998210679272344,1.039198049280521,11.572437737803856,0.9961118684596764,3.356450795458755,0.5344196725115364,11.08064352917786,7
9.7577165084114,0.47373866719471563,0.4939310846896919,1.2788247671103032,0.12695834099572464,11.91362217170273,13.562459559402303,0.9984130807078421,3.128719192205178,0.8760729116638525,9.08094657686601,3
8.367496113197502,0.4965268053405869,0.13548342440411903,5.347953100930914,0.07949990902114713,16.144770381028557,79.91676265612921,0.9976083066496241,3.318603373808193,0.6559648430727936,9.4023246336548,5
8.049075142628624,0.46430073379881814,0.33063609335433497,1.7158692328876723,0.10878879595606547,17.42555127704937,93.2412983324057,0.9971875103969807,3.4144648918718343,0.6666474256664703,9.495360527036153,5
11.036459645592926,0.35803940573051746,0.513113115144802,2.957299143921675,0.09375620381742526,3.0729357796384233,15.580047445042725,0.9976546056594991,3.1585464218306862,0.5551586270303291,10.799877910734896,6
6.086127668911656,0.4073364518496186,0.15549879778758208,2.2589059123976045,0.12263780776300076,4.28371122054662,6.1567532229960245,0.9973144359321842,3.329202209193112,0.7537124456434643,11.066348821942732,4
5.8321824122886134,0.7398621943929209,0.018954445933401565,2.6615944125156106,0.04785361617439293,14.767089859146225,14.737505048587034,0.9937720476573939,3.335041610362558,0.7879781962111696,12.756466060210391,7
9.709363525315048,0.6096928936547371,0.18003253431890692,2.6590216355738807,0.10867364210016389,20.427591459110364,95.85851281552053,0.9990567514775481,3.291109094413991,0.6243769447131946,10.303887383680625,5
10.716147821128525,0.3941507033319728,0.6254834121823224,0.9231668068588592,0.12667869366039963,32.45048700393145,117.88862571186175,0.9968836710886765,3.1322759988714464,0.5966944566941123,11.212068239099942,5
7.832385788829173,0.8164660912428745,0.2902826785933363,0.9418734597819578,0.12914401603125644,8.027584585827189,8.64396783064739,0.9946138395079128,3.2810320833097233,0.46329673877406935,11.613855698501132,6
7.73888198965796,0.691368310992937,0.005206048189744633,2.078853137857339,0.02022241440488829,2.8000371208477075,17.060123926127588,0.9979131755348074,3.3389015377717453,0.521315813372159,8.522111462203831,6
7.618802017121074,0.6219837568267972,0.014731352462673692,2.171960493064537,0.09811167697820429,9.436770560804746,35.42152005459012,0.9959770843172246,3.398751874861837,0.5142377208647626,11.868294214407612,6
7.116165242088329,0.559195418027969,0.4137373292751333,2.584516074392569,0.017112970605214002,12.616857868827836,85.86285466114697,0.9938435520949073,3.3790634479989974,0.4168687499956433,9.292956372819951,6
7.1157393674892475,0.9737840749269232,0.0229033999661203,2.3824321489961333,0.04556459371971844,34.86738170544675,40.21443317173998,0.9980538483608613,3.217659528923309,0.6890534313085375,10.214869637799332,6
10.660420199648348,0.696193074863631,0.3037233279538427,1.7413717593386833,0.08532755580690934,13.240706890892824,70.39176524086514,0.9967787613230119,2.9897612292565885,0.5767424831366087,9.436092117937395,5
7.230554137655183,0.602995701294436,0.2923408494479097,2.719844500506987,0.11374350959699453,25.900228600010415,34.933643982883915,0.9979037827658646,3.4636729614400883,0.5832683761998243,9.16867770924838,6
7.913555049502916,0.5105503841498792,0.07739981009851399,3.2572184645555304,0.09319454074964556,55.83187165127181,82.4924455548139,0.9974602545063626,3.365254644113065,0.4406038708908596,9.625463063400066,5
8.638060361048954,0.3042436542411899,0.44790485100031346,2.2312355882498545,0.07236475208046121,24.662714936058755,65.54626127511989,0.9988956638587841,3.267082321338821,0.5061158030024895,9.713746743290004,6
6.5334025409122995,0.5660756052434281,0.04960080285099094,1.990788516490178,0.06520518320113443,7.733268088943046,35.27710611996998,0.9956353296561756,3.428816278153099,0.5388392466776897,10.892563822434127,5
8.052293128176307,0.5781240431233046,0.10926626044418315,1.3087590219293523,0.07946866141759626,6.257314343500733,16.08916247307703,0.9959187203727354,3.456775952288119,0.5175387416271005,9.398034536766785,5
4.998490297331281,0.7132060208115836,0.05667376846280371,1.7856806074085783,0.028084258253649404,6.686228840248025,30.820231130963197,0.9917887185351962,3.4573201284491977,0.4983006285101593,12.795095239672571,6
6.418725611413227,0.5894340048243314,0.1179840074372216,1.3227338747946311,0.10305682087869031,4.833006108649377,30.966763389524505,0.9952426673511099,3.3810404290150213,0.6095152512608565,11.325581830465099,7
9.348731770519171,0.2098569163727615,0.399651603336778,2.008968213707499,0.07531970261157087,14.618632675181725,18.69079304995659,0.9979490786822264,3.2306282707891394,0.6015278147848016,9.639665704896927,5
7.802823053894155,0.6620956122254864,0.038869292799119125,1.2768976648526729,0.11815413606572986,11.43376735597369,103.38930904717236,0.995014758490999,3.3205939476876525,0.8130313406696973,11.637000699356703,4
6.941529158866545,0.37778091790054585,0.5043410187038759,2.1693385228751083,0.11480625549312062,21.952654703414947,62.39021764873381,0.9965577564495084,3.2632035337947056,0.4980951643115432,10.42540005061403,6
8.979988236920343,0.31779390236902655,0.436945874959379,1.8903745572923558,0.019033106489826188,11.248472483913936,57.76326299235767,0.9947421049140922,3.2523911610917793,0.9499814583506642,11.52693114736802,6
12.367724771551103,0.41406982697089195,0.5568511345627547,6.582098398380824,0.04918471317044083,21.951703799775196,80.91198152912496,0.9977514210375149,3.2799128454508057,0.6997204117362694,10.734305942817885,5
10.10073900687564,0.3448212554443264,0.6342060981349744,1.4047296210103688,0.07960190790800446,24.555426221001383,39.89711561461864,0.9946414211912771,3.1485899701077193,0.6037354106510691,10.37793927939429,6
8.152317669942489,0.5160390917069471,0.314647093922778,3.7530723839453426,0.043772055461242174,4.664834523824235,28.847798671405638,0.9968990639353492,3.213462400875002,0.7417214677440858,9.89686089723129,5
8.362311213378955,0.6036918798060638,0.18732884831759558,1.7500444897897718,0.07749252194190812,19.178860563829804,37.552145967213036,0.9962301417641364,3.3706247434291523,0.6056765877353282,11.076192999774795,6
7.742505629891913,0.2406381557865199,0.42107184769031564,1.2756047244620374,0.08878232241348243,4.903677043441203,19.131770645326462,0.998074895687043,3.330577657326012,0.6749185753153711,9.120685249698122,6
5.928826997551417,0.6044200357951403,0.011718263264663561,3.304402312744414,0.0988715113495422,6.987436657023704,13.788843502190028,0.9961955625969184,3.328716465626443,0.5600475160688069,11.147053902466503,7
11.957714365548899,0.17254720787985964,0.5998072255985724,2.813368520524982,0.10451418415287968,21.21860508618575,75.83568572565436,1.0008333275222208,3.3037265686886106,0.8459168925150471,9.742665852556897,7
6.344903369641319,0.5167325566098201,0.3092618873046549,1.0654756111352846,0.11106915023947489,9.390566224230145,12.824903181386052,0.9960445090867439,3.654283235890334,0.5943532266162244,9.235947882283407,5
8.01015332965871,0.7697439323968617,0.014249166198902158,0.9579287005218879,0.06752532898080968,6.011694431683316,75.18417871962765,0.9958636903392565,3.314997585864087,0.6465451668619574,9.313091661642176,5
8.717029478316142,0.5544017125585525,0.27651823706103723,1.7912331687040988,0.09197989890423691,18.932930959112333,40.15000469837832,0.9957346479623158,3.4042829422470144,0.6400053584996059,9.988251595094685,5
7.9002269715568785,0.19504208148934746,0.513476364143157,1.253172484319212,0.15276880939694365,18.07161773594678,33.62569454673976,0.9961036725990015,3.390508290636761,0.6549006237082453,10.784122641010969,6
7.280025406042598,0.6447770182209046,0.06050017211507646,2.5060867115758967,0.08443225264518708,1.822574836967799,9.083992759317242,0.9973019154265264,3.3779298162286606,0.6523636443367481,10.039920690646175,6
10.064040253537105,0.451710470248386,0.28164121280990384,2.03392836497044,0.11608514740591984,14.557186782091543,54.65299937849886,0.9943058680964576,2.9202016145702423,0.5700084122051148,11.59163346835322,6
7.407006960334172,0.33290487181857054,0.25587109890898246,4.027294083742407,0.03399997600395907,15.121040697444396,45.371110709813905,0.9945820014602786,3.241613426250117,0.6360043717925387,11.701715982680797,6
13.56676908347083,0.3661399192822549,0.4889832584207835,3.462084355671999,0.08459001241716108,13.242587268324222,47.13754049228206,1.0009021327504324,3.19035213454652,0.5896572015776241,11.295021381545702,5
8.161858754718212,0.9492529720279562,0.2942449187739711,1.2985687680254336,0.0834140961209141,19.25443053450832,78.3458883654697,0.9952187575060513,3.258329739359374,0.8470380672218976,11.634951228369436,6
8.985485271312397,0.5092320745255555,0.16417148802330417,1.4305477433817666,0.09709439525374579,15.787574002605272,94.54379046387115,0.997452907805653,3.3100370447147993,0.5508914285516053,11.164381991350437,5
7.173417300296489,0.8488050662248949,0.3053119654423634,2.2615029929694126,0.12200133913378094,10.379190860026316,38.32050597440171,0.9944758065741304,3.246512412166112,0.38415037371436783,11.70994212054355,6
9.788575914969499,0.174816971994741,0.47664295267516443,3.5697929651802762,0.09813669170070592,3.3364311009963648,17.096123107001432,0.9975562515571297,3.118707016495963,0.551980311919061,9.392528139898973,5
7.5287535076848044,0.5647154166067702,0.17296990724131053,3.57852741017495,0.06073644690238145,8.714467794886604,26.440374224367538,0.9946094806579997,3.278408332059933,0.5361881672692691,10.730047568593276,6
5.996457701475811,0.4659880027505914,0.11595566971455473,2.3312616855828985,0.10014084368816689,3.6631133265870806,80.30847991234049,0.9963612818200281,3.400966973150099,0.8703593668066846,10.687082859557043,7
8.991850216087746,0.4397849562178233,0.6196760835828738,3.241326498893964,0.04683514586222226,3.602203601897758,18.50562367273136,0.9959003043145941,3.260920010137091,0.758422155531496,10.472503114343922,7
9.528777169242726,0.3765451702822483,0.44395039304852046,2.2654563644136054,0.08720373831332082,25.232401125713537,49.71422230675293,0.9977270894425153,3.000282861195712,0.6275568713188208,9.627199881807874,5
5.048036281869686,0.7857148727756564,0.05891857118079966,4.728851648559263,0.03651938551937694,1.4890577887274214,12.93308282895323,0.9911144592328683,3.674657365123464,0.6034783223917518,14.021633435542872,8
5.905148106687945,0.8149329986930418,0.1391209931951257,1.7499478900481624,0.05539217234924805,23.237970631511736,113.38704639100695,0.9958997375988041,3.3926129310718838,0.5409816600274765,9.454081305725495,5
8.402385531641098,0.4246663734855093,0.13606818099426396,2.8328217928571156,0.07694804290827488,14.85539642732693,23.408157315618705,0.997181613086113,3.220466334565901,0.8733123133183128,9.144424275784083,3
9.703293474519286,0.296855070642301,0.5570781573035442,1.4537171098728843,0.09909915157479615,19.13785617243063,55.05949723603163,0.9976524028291538,3.1872934089473315,0.53591701760301,9.558362405006175,6
8.860963217579462,0.360699745675645,0.3811970384813894,3.1918701654262094,0.08704625928768756,16.853076591987634,43.24130218361794,0.9976603667368159,3.257869266302698,0.6295209376324912,11.472546644222945,6
10.702874633694186,0.3035204045958928,0.48567044652152763,2.720759423263689,0.0893182223263406,4.190277432538766,21.74142215740663,0.9980804378161955,3.2882005704834483,0.7379327259547848,12.87104309155542,6
8.829545659999702,0.6078320536553312,0.3288229833513244,3.2973157251857237,0.09215333571126318,10.677942093554659,161.3219927774012,0.9979869575113793,3.2361108866934893,0.45771837087681383,9.25648917692223,5
7.058442260829957,0.7022176482197127,0.08196572968216999,3.6214710146384506,0.08376583672910873,18.645988796440392,47.67819790010884,0.9961467355928952,3.194336008742243,0.5857881562158062,9.773517833166325,5
7.381544674314272,0.5482900828174775,0.2392430495253258,3.411735110832586,0.10642600920015599,9.357946988131447,108.29025888406711,0.9961906603666878,3.232703899341981,0.5094237618406925,9.577411222011921,5
11.937169887097422,0.40319048799179713,0.5432788917133707,1.2286254527489533,0.07432402793439244,34.6858026088003,67.8005908297294,0.9979528983164263,3.204012158781634,0.44486330692689,9.486688779335536,6
8.022937309135116,0.7502306215596726,0.03009699393402504,0.9404853283951766,0.02626753290025549,28.92366362467937,54.5449348284803,0.9963015843175937,3.442367892024945,0.5668189219289115,9.19703109773469,6
7.869310256067817,0.37741258305194075,0.480833701441783,1.4357164204965684,0.02779358635243659,12.560704229044662,14.653757535075602,0.9943204997264237,3.5197383420272694,0.8196502675808577,11.428134693319292,6
11.032408839603871,0.3060523599051222,0.47768662261932765,2.993795196253039,0.08274344728271193,7.812907933800105,20.01938768594985,1.0001238130728407,3.0093727295904515,0.6094857630857092,9.246156094445833,5
8.073829971606436,0.6016562024807048,0.1458640098276207,2.135909167347488,0.06198227906870883,6.785382233377144,9.901147189882133,0.9943134957824952,3.4279661528134526,0.6294644760324242,10.465363622973214,7
8.482381961324592,0.486707472514484,0.36352500315826775,4.618663077137897,0.11301711098304856,11.913984661080965,16.978996871230493,0.9977926801314897,3.389453847577177,1.0014551049813114,10.934047892683822,5
6.615206939371578,0.4392012006277768,0.3883887992833952,1.656160711201192,0.12507666056929384,18.906701157331092,57.30882720089793,0.9952187562199387,3.404401562986687,0.5428585607857347,10.734082347760198,6
11.685975298946234,0.5353128998002104,0.47695270799707046,3.2443945114151416,0.07985794344271521,20.105034873950373,88.42377696070659,0.9991080554711934,3.1528283057954254,0.4254084381470336,10.143365717868464,5
9.81180981372985,0.4223691328922995,0.6408921015424129,1.7074112895985443,0.08314879410068012,3.607967964426376,38.319240536137684,0.9969543845506824,3.1780900252377524,0.7480090038959237,11.759371716014856,6
11.933058369639806,0.30854289711524974,0.6546475610302058,3.350105395398369,0.09067308112431335,1.5418875939778303,20.750464869087295,1.0001558206655583,3.1225877759765734,0.7394047486219987,11.019045248620403,6
5.83172770380075,0.3610916133562227,0.33108937929253274,7.55423191493985,0.10235873436667563,4.2097759052049515,23.89087533123284,0.996903809479224,3.3635044081831924,0.5376643664934815,9.569875727719664,5
9.170619118108215,0.597125920299305,0.245860112067473,1.7069032567026856,0.12185546375783417,13.900141927153499,24.685559534845964,0.999172586454326,3.2812584361164996,0.42832412276468645,9.433507302276766,5
8.955384033959634,0.33903724800210794,0.2528436423079632,1.2445076828272907,0.06198942985011539,19.99078912406307,51.87567926935305,0.9965431308706971,3.096900106871264,0.6508757398428304,11.60682519893752,4
12.771537716759124,0.6018682265677722,0.76158859669617,2.540350750239267,0.12340983299084993,22.58345778541147,52.779529090864294,0.9985154192213604,3.123138717057766,0.689061000502867,10.547819457038702,6
7.629994782286791,0.4324729018921337,0.4872803073047151,1.5418807458568278,0.07293975122190391,35.2668998089308,76.79032900481387,0.9964926114728533,3.342669996983801,0.6689957364393755,9.663354728593308,5
6.145240910523419,0.4906877347020954,0.40832250359871847,3.654409202004744,0.07353744787687674,8.432980159722936,10.179046683764376,0.9983093538599846,3.340223843329445,0.8321235702653694,9.169970057893263,5
9.601107359602628,0.6554370744893036,0.35830678166105323,3.742210987713138,0.09206469058081385,4.6830679209895845,20.802333521009174,0.9970771847955069,3.3491454027811236,0.7232637165673798,9.967348990598257,5
14.26453971057905,0.39487145524499784,0.6616650224057716,1.3280714797290643,0.09757562364984335,44.859526692326234,68.03635030076325,0.9995040720501598,2.8629193454496993,0.5403027118214081,11.49104010459583,4
6.153990612839012,0.5699091138507022,0.011819605602887619,1.7390830498847503,0.012377485872491139,10.230862347210504,6.151170825985519,0.9930886977765854,3.3840238661206063,0.7870357003318414,11.447894031438882,6
7.317876395326201,0.7203956317721272,0.518882467143367,1.6568130778750665,0.09288851894116502,2.6402185909035825,19.795008819533923,0.9964016318351336,3.2533640008741065,1.0095810586898142,9.16731848491,5
8.499264197217325,0.24064354381994119,0.35612839206766367,3.0229062021370883,0.07955734093666943,12.46763958716689,32.514054677556906,0.9995146836359319,3.175114945329307,0.6976719262885896,10.704782733777128,5
7.686691464911078,0.5151343404177117,0.2676534429672512,5.540228073422887,0.12423866651988999,13.146611821032707,45.89092709868483,0.9965620048637074,3.430462622451997,0.9261413528472621,10.123140932074524,6
9.467220402146102,0.5723485257014416,0.5904694003558636,4.972189290022757,0.08450178065249316,14.378691997474725,53.878989754899784,0.9975005844812059,3.38868096873137,0.4292826331479108,9.131397959049504,6
8.28393803076249,0.3580115030619781,0.39814072340745177,1.024551972546911,0.09098609426662997,4.591502599825184,22.952589810828663,0.9961015578946875,3.1656300850368275,0.4964350508920097,8.895182032087652,5
5.519216931780681,0.628507387250463,0.2065901380346703,1.23281148803377,0.02247559956022798,44.02712750740763,88.61432672643186,0.9919794990018849,3.652959476013337,0.8202648135640176,12.878347728428297,8
7.308925786218646,0.5489842789111061,0.09427651826077169,1.306846621231191,0.12271044034588999,8.36999188645374,20.929319975878663,0.9930048192753577,3.31568020249161,0.6538633477349816,12.512723539933987,8
9.118442009588062,0.19667596993779324,0.4215253746650427,5.576518433920193,0.018741944944189102,1.6046701424685512,32.885362220912626,0.9965871274594744,3.3709445054786995,0.49764632677224385,10.456824616639793,6
8.690345313893237,0.4962358614950837,0.23773414410205754,1.182359519044431,0.0982298621447916,9.0091054882364,50.98164987028858,0.9962264953390693,3.304340845968479,0.37282167092978963,9.721417684971877,5
8.870647088864187,0.22095400999799927,0.5441292221196762,1.0164614915960926,0.085108092690687,30.648404065946725,41.293702025585375,0.9992821250637908,3.25399893673257,0.6448915575213322,10.081507513752802,4
6.191457479152674,0.5117158451573643,0.04642285201914242,1.6643565692452165,0.08664785014939752,24.402639426626614,57.81711834577903,0.9961708906203509,3.4879375152388676,0.6681673476248972,10.497857550344529,5
8.986111228081066,0.7789040462830509,0.2679819284818025,1.1510752851839239,0.13147474808249487,23.366915741055532,51.403351894859654,0.9944774676572353,3.2342539172175684,0.5821442465757843,12.809223850540617,6
8.163346558467211,0.36313022706962633,0.20080609076910447,3.298175230617085,0.0547841788718066,7.039330145562706,31.370861905344118,0.9945077937024164,3.175558561302572,0.6978116716112384,9.943330423551185,5
7.097721163454108,0.22401623896200568,0.39025006176166555,6.1562939411512,0.11601031218893171,17.752520886898957,83.47532251886575,0.9956793138273926,3.3489471935642516,0.8259358126966168,10.16188563563922,6
9.285723991298765,0.30903868664938344,0.5634341320296754,4.731985888815502,0.03327396385462103,4.404199601803943,21.86697090760711,1.0019458292068928,3.3562947833689996,0.6753198682048448,9.3642674237181,5
7.699018821016248,0.7046623202369704,0.34629067237826194,3.0614304477563934,0.13044950881786632,13.670131049296337,18.723324001713305,0.998923871669169,3.3711001232871913,0.6947871485435748,8.793472288459153,5
7.733283528393162,0.4527665612040633,0.2139367196309038,1.794174145948801,0.12971824633393125,9.38195820749808,102.0221870864782,0.9960428053432127,3.0919046927848783,0.6211266373791929,9.891266906177142,5
7.141455088081549,0.5189579423536973,0.029396406390076464,1.3315984313174045,0.10997198426600222,4.5579158558132775,14.688394058580737,0.9968469111199445,3.4142164171317835,0.4183899636913291,9.152077080485801,5
8.510552501982849,0.5217509725676704,0.45083566256245317,1.5773908944914645,0.025603953855689657,15.492236796281064,56.409791195619306,0.997376502297814,2.9751090651380068,0.6454928210290123,9.827459162525404,6
7.877350104143803,0.6427631278503556,0.22974970003659062,1.9053017524491822,0.07481688813349094,4.442253368524107,9.4685029010821,0.9973641461016687,3.335370533621469,0.7708681102158361,12.609326673506493,8
8.723868296060033,0.47561905661117726,0.24022813358784312,1.2143968756739076,0.04462169550572313,14.690563141955753,60.110086238406396,0.9930970456973036,3.1931702803653277,0.8293092582633351,11.151699003427497,6
11.52091242397192,0.6000848692004601,0.49647594067051976,1.970658304143996,0.10103801246936939,47.62443214603749,69.62807101359202,0.9999825007250058,3.1790339294923946,0.6637026671812305,10.248238395247201,5
11.673772931368955,0.4968142689064232,0.4971324563496667,3.2147593069131797,0.12358058082765011,10.24633694756387,17.96423898529455,0.99858022176795,3.0924702219053604,0.7237031340619372,9.678410288514376,6
10.475935952558398,0.4886468246360354,0.6912679409887977,3.783044571706692,0.07180122608837466,5.4971922823916,22.55967665626387,0.9962144011295923,3.2302997894296177,0.9502640814325495,12.126586176484926,7
5.959001148982887,0.6547301895993849,0.1409600725981601,1.799778697290408,0.12083123333518016,4.564396853808809,14.460194469778196,0.996089589369261,3.3674530571317183,0.3942181483920924,9.485739750985028,6
7.395662054298416,0.6187047527419175,0.0552577265348163,1.7013265340114574,0.08640485248083796,25.834557575649,49.73826888655948,0.9961578526263732,3.207167606428343,0.5491510693099044,10.38821699481566,6
8.141404411067468,0.4084227477372707,0.46805545817156613,2.021543549630558,0.13087826255495727,5.518365311577937,7.49000243657696,0.9966559182826736,3.1169253450890544,0.6422240671480904,12.670270325164317,7
7.971089377120495,0.5132114433654043,0.25167077295942913,1.321093930975339,0.04869544242360323,6.049637037570813,29.652564118290016,0.9959958544605594,3.47468602479302,0.7588344947336366,10.412545450633576,5
7.418254228220316,0.5872722041832384,0.031076294275718924,1.443917943937596,0.01428231293283809,14.422136202642076,8.863261452727244,0.9949825488860725,3.317774536097736,0.8360539286028755,11.749712272467203,8
7.512953259913178,0.5017381367254771,0.22538031611591036,1.5313042165306534,0.024451964408067704,36.33536183098148,56.95308077971162,0.9975763666073489,3.210991119072869,0.6790025982521031,9.312055950236166,5
9.904917244241444,0.2972147666729929,0.4554768058053044,1.972452461432249,0.12932431232700087,22.025880274357707,29.3481829065834,0.9995324850360304,3.170330800775228,0.6624123457111785,10.917447477156887,5
7.7988847709129026,0.44500503855672263,0.24590194600106932,3.410057917250371,0.1195611248322897,13.853918278937012,54.6003305979077,0.997692052370537,3.1143490403638134,0.6072346475388948,10.07839692854824,5
7.859640914010101,0.5282573731446659,0.23540052435201672,1.1704194244732513,0.11625527329764396,12.946986759971248,108.01431392957225,0.9967857132695379,3.1620259995081175,0.5530264812764122,9.086947084426324,5
6.2522589461555595,0.5804335874987703,0.05849840628947468,3.752843618345958,0.11155305725260015,6.678736493813024,11.077212777768523,0.9960097046774682,3.4363422710716076,0.5838506208745953,10.670805224471852,6
6.191179773151007,0.4959203784077869,0.3054074590730136,2.3338427848804586,0.013383883902658433,9.478018598895902,21.448981304421906,0.9944192303314825,3.1766231239822176,0.6935284578319371,12.091048797604154,6
8.521597360803112,0.2449242272415684,0.3446061032314532,4.5433887761624945,0.1280123010256501,16.603231440946335,34.87833204268194,0.9998868579717856,3.3112377865253824,0.7741862810995748,9.45218670179379,5
8.077276536331853,0.3543829726375015,0.5218311257992461,2.3534346569655424,0.08974515619851534,14.083969290052025,26.28037975151514,0.9966335094610533,3.327149162982082,0.6591041252474987,10.953349430450535,7
7.388793070664006,0.4867665833666239,0.31274056714457754,6.1870624049669765,0.05821929468981635,32.49286829631191,136.2309252196529,0.9956734187705997,3.0868626101830325,0.6977692885935943,10.988940226578451,5
9.963866366414928,0.5305058221988186,0.07093678041221334,1.4615226382056465,0.10421543913746391,8.246339173020052,93.32770555925138,0.9972756376298618,3.3038790585450872,0.524041234676135,9.659010029853402,5
9.159785216476068,0.6696996795979058,0.12459030731961458,1.0269650318802859,0.10114399594222541,20.48915678794014,99.64054432391332,0.9980348308224077,3.1254917067923627,0.5314184995603275,9.108799512288572,5
7.8244315346662505,0.6307488065517394,0.07030764464968714,0.9253466068418617,0.10342263230795415,9.052044082162979,35.66959038997416,0.9956032959430893,3.375606463741321,0.6878546208969039,9.682418753112692,6
7.679456952689678,0.3726637733037959,0.47391988223417153,4.683233485511841,0.12692202626746935,2.9334170347910646,24.155312240237393,0.9951138864790534,3.3205975222922257,0.42010406286819507,11.546504865299982,5
7.621636508356624,0.5172990961052574,0.2242991062043664,1.9490417990388256,0.12192074159252307,21.740908787165793,52.18784858715166,0.9960532165951713,2.9958829401266107,0.5729500677364705,11.610437558592583,7
8.080766490489244,0.40903696136879986,0.28881213785184356,4.71911560502288,0.09552519894839859,9.446195222626502,7.629922613652559,0.9971835564406595,3.2115489417547063,0.6803021996505796,9.054984860556749,6
7.31073730030217,0.5935323153847536,0.31286688628927567,2.0429064628400386,0.063063261234496,35.26956497835349,131.46531615945617,0.9968062587113256,3.359585675294306,0.768685804021151,9.534112367108685,5
9.56330508726531,0.17318214197672255,0.485354657765556,1.5368595278965573,0.02248995684090143,38.393399057323414,165.90069478691603,0.9966886304449567,3.2338201577823775,0.6066184907588542,9.241316256548359,5
7.668808999167243,0.6217794931359887,0.11089204496322812,3.4433987154812202,0.09281878264497799,13.736120121692537,65.25120568633683,0.9958077973832473,3.2129733570925114,0.6802811493778304,10.287855230610557,4
8.179031200290227,0.9083570866785383,0.12356212639883404,1.781760897660658,0.09111863727495181,10.807070226281018,30.687965111779903,0.9956980576550284,3.3272406113686643,1.0106006326040233,9.130234674929309,5
7.362925878088688,0.6989821610451443,0.010397926683632909,1.82594164402019,0.014820679831765673,33.39121652120726,95.02467672964586,0.9962737630217076,3.226237132567064,0.5354265689016543,9.382707101037285,5
8.630485673343284,0.6464236908547869,0.14067976827013953,1.700612496941583,0.09591507904657125,55.55452977953154,142.44777531374632,0.9956178308048856,3.5566724342292484,0.6376372247085355,10.05420802833292,5
10.063180805509496,0.4241273850278284,0.3999096602597206,1.8739548338686287,0.07202909499682712,27.396194502118036,35.47937961134758,0.9995302143017665,3.1056535559697562,0.867876876574833,9.357242897496725,5
11.224211249016095,0.3591253591086652,0.5236717674339055,1.7176281256400872,0.07002463877520748,23.772537324130795,53.786340384374746,0.9973261252683543,3.3013280711324637,0.6227094826657197,10.986349304196962,6
8.74480968832258,0.4845795245561993,0.5750954851990369,1.0322152657498591,0.0609772414712442,5.765139566976452,11.236692693628807,0.9945865506610995,3.253901959190972,0.5960716200005526,11.771181106143992,7
8.237343038054885,0.5405443186447786,0.1045033956726053,1.8854749716854595,0.10060767614705023,2.179534584737466,29.38300661029852,0.9955933152755956,3.215064637788476,0.6540006987952562,10.01593838017272,5
6.678494227852662,0.3141357308799717,0.28493957324145647,1.9273486317166473,0.07559261008885486,31.137577981139675,99.44883183154997,0.9961830904611315,3.5346091136797484,0.6467499994994742,9.606489650958835,5
10.191356377708194,0.44174219799036535,0.4891235713077105,1.5247548927432586,0.08765870259649841,20.725265046005248,35.45369180668212,0.9976440141298919,3.1097768118211415,0.6357319353926731,10.165409427663128,6
8.674044171139485,0.5620782660211989,0.11435339136245525,6.696069450241497,0.11818075464842942,23.385039483087144,109.80848094558195,0.9970528153463117,3.2307405129310904,0.6645524853409404,9.082282233957239,5
6.214868255000223,0.49060238317117255,0.14671994918685127,1.6022624646622337,0.08948846084106558,25.239366226186974,69.31426485315322,0.9978340625029307,3.3250132059048476,0.6030995077453126,9.59264028841317,6
6.3804654855658045,0.3470653453410472,0.3149616545169399,1.1428665437683474,0.017661214574887688,8.908869866383467,9.574670753209631,0.9948552800809676,3.5313046920357496,0.419761418492982,9.809362684708878,7
9.338764886878836,0.5603491967479701,0.2577420896274997,1.646600787977942,0.09748776821999663,19.33539050997674,87.70470887177999,0.9952739055370695,3.1414731117626444,0.5415606967118395,12.20628495051858,6
9.979031724199277,0.6979388912658295,0.344882777377856,4.342805352771475,0.10653347052987139,66.14552421788792,150.21174882657047,1.0022185337385483,3.2717170665440474,0.5979986625207188,9.638819380648325,6
6.925191666525071,0.8192023898519442,0.054807384109809926,1.141571782229981,0.07947391308234678,39.06378490560746,72.95554710465974,0.9980662188546748,3.2638233807383297,0.6499051145564553,9.309588595689819,5
8.637960716472294,0.16805714042455625,0.4889912462893081,3.6572608194088794,0.0944796786587079,29.249392583743642,46.68405507661505,0.9974777767303669,3.3030676281598064,0.6970541189454604,9.926977592809893,5
6.621232429680536,0.6944285438181975,0.22508049651802892,1.158742832270658,0.045342736099832914,4.162279453435498,21.841529438076453,0.9946287598434643,3.4237194546419727,0.5763433698214824,11.10619613287437,6
7.875785519541937,0.5928089722999921,0.015696697175841122,1.939913091105709,0.17641142778693197,40.056447059960746,35.40773921935521,0.9977479421136217,3.4121336296432236,1.1739221148228387,9.587477746732137,5
9.400867518152696,0.3907076659791082,0.4389805663228853,2.608344890825627,0.0962868468244405,8.32910115794435,6.075642300062333,0.9960726871681074,3.151191756312107,0.7499426407839398,9.610645818574092,4
6.878277309163758,0.5223968315099753,0.10581445869764698,1.6548944789469857,0.07137979074176669,9.96518747144641,30.12831680030267,0.9961378035749932,3.400150482253326,1.007869522653349,10.809690727474356,7
7.642369176883816,0.4336789160988251,0.39508646656644764,2.355300446648382,0.08721927092069069,15.952483743513069,71.95803425273091,0.9958543763245175,3.344919236350444,0.9678418494536267,10.959202616245042,5
9.40164707712686,0.392693674265681,0.6320802954757385,2.4895880348300268,0.11683184096649948,12.500253554464589,52.87523573939612,0.9984448488668779,3.189251837898587,0.4019006091796602,9.287999588254873,6
7.033226926271829,0.16317299686084244,0.3951545709412686,2.1540533263990693,0.07664846601901036,2.09452309664811,30.338116557024396,0.9956579258066927,3.26446247863563,0.5724686633450684,11.71303966450073,7
8.333951284104815,0.7186745477688736,0.02592926225562999,6.748710181425724,0.1267173879243322,9.356646052549962,103.76431368792201,0.9977435722015254,3.3229529144712577,0.6604129553563594,10.847666008668233,7
8.705665039923753,0.8348880956920598,0.10074161092236347,2.3270962099122166,0.10454046818756434,2.016679354843742,53.353140780657995,0.9967603888024791,3.3579814328281783,0.4827504082169886,11.357185048193367,5
8.84075349490052,0.3843358783249069,0.3153183780316899,5.146404898503626,0.08227193347298938,6.257820965641659,12.007168302305214,0.9982176053632877,3.3139347161396575,0.4158605620928557,9.927515864350635,5
11.788686768582224,0.58679224034383,0.445375344001768,1.5546399038523098,0.12071248234767236,12.730639021669838,38.96051585096242,0.9986047990082493,3.1235819735074815,0.6134611640909676,12.151838579965167,6
6.86054725421378,0.5486417432132499,0.2421546544586743,3.291012876082486,0.06490903763133463,3.0738656305052636,19.959062106000545,0.9944351663204163,3.448793225736474,0.8045289853022761,11.988169682029108,7
7.3445427559175185,0.9294049888524035,0.05656585094053002,1.5714309592460822,0.07968262450505399,3.233695900730165,32.82348171282801,0.9956351512057362,3.3183440884941677,0.4773562857096526,10.70065898228602,6
11.93859734079943,0.8245094650299057,0.6503646047212437,1.139070027684506,0.12475544468782812,10.061336966921658,32.41776393496783,0.9997468762380602,3.0242178207041475,0.8252039052825928,10.166108404867222,7
9.318910325963508,0.8676841736712998,0.11704103928845494,4.339392102504294,0.12933864265996994,4.8887496649918205,12.30074033478856,0.9979979799349293,3.386025410570897,1.0797950675366499,9.163138921608759,6
11.390407723317708,0.2901787736759788,0.45208688044228645,1.5440295991115525,0.09320992384555324,5.044370597222921,23.249476655963928,0.9987134284194632,3.0166333139935646,0.6810832279109871,10.814435591517572,4
9.33187719305803,0.596643722537848,0.38367790378973043,3.6298566888755905,0.11924998666633027,1.9417558735626435,13.884008252437354,0.9973817931477992,3.234911947513114,0.471764034434963,9.090641629537663,5
7.952544207555376,0.41295818258711364,0.15288697816512029,1.0665698773824888,0.11504509369063384,16.289040405426473,97.37383832623816,0.9957846735628361,3.3570629166293027,0.7844434291124738,9.126571321543114,5
7.548636673477943,0.36455381899564154,0.3492546012936987,1.6871492853396126,0.0459555192956277,5.448078364400309,13.653994221961355,0.9951103584877782,3.312288643846882,0.6866163227630652,11.194063469012594,7
12.048015333944688,0.5507214972368112,0.6570997705339576,4.5083260824804885,0.09509754581908776,24.287096187553214,87.47622918976256,0.9985024903330229,3.261213802859627,1.1089157601385868,9.462124347740597,4
5.327590189463662,0.21365289321156433,0.26840036478692314,1.707121971139178,0.030747936177977015,12.82676377020035,16.433622589647214,0.9954546037083204,3.746874727309955,0.45361095236087007,11.287250510600222,6
8.356092183804204,0.5075702385914348,0.1827062954691129,6.43677777233836,0.12077316605554604,2.247006129872212,18.620396307914163,0.99827383609726,3.3906322053205153,0.5389594948566926,10.787033685695814,6
12.43845068600183,0.36403675347391773,0.6905907377729723,3.2350519806154368,0.11878188794826883,1.6966122674423136,8.347171869402652,0.9995044734862154,3.11825657358884,0.5401331617113563,11.094750159563755,6
12.531186938618104,0.3187529504089813,0.6685752609784669,2.8321261228255965,0.1285285575027504,8.596147871571189,29.062846742658774,1.0001621762303419,3.1942125167600497,0.8353182530202791,9.561285010530945,6
8.975612422636658,0.34742849120061076,0.2911555430358669,3.753849393293473,0.01608715078823216,7.086770287177301,35.526274093362325,0.9974839265687072,3.42550800152287,0.6140310926055481,9.464102589010617,6
7.613686732076972,0.8323260224709876,0.40700529202278407,3.2344127902154267,0.10604608795791665,4.810095102420036,28.547882366701483,0.9975626677692133,3.5660155362750277,0.4320148532541758,12.013336359008825,7
7.077371309444818,0.596146116008089,0.061841771630799125,1.2960052417079946,0.1141696625415934,8.238289485612777,12.520856252532475,0.9958418476314225,3.210545196369735,0.5574739486680949,11.209826236024002,6
8.983610166342963,0.6024522014545876,0.15537377291710086,3.1592765683799184,0.08493154018851194,17.72844696448204,39.60554201507942,0.9994899871862986,3.28843108797417,0.879427223270938,9.257958408755046,6
11.74320859646261,0.4204304409812487,0.6480373433524971,2.1663418366065925,0.07315529670192425,12.583677864208774,7.140714553352956,0.9975865974147022,3.107311831419848,0.5937271540705612,11.64103202163502,6
6.824649156982227,0.5386069927520586,0.04871015365660171,2.427775962817119,0.12542390359973488,16.75302750854201,42.81860370226969,0.9962597628212071,3.4197077024606126,0.607734822873454,10.41328657186935,5
7.209764883885715,0.8058327412687255,0.012804768116343191,1.845949590856165,0.11867056499625847,35.306203035764355,113.59763249611404,0.9953436202787841,3.376035068026272,0.4750935791187515,11.646050612846023,5
7.582414522816773,0.1760796580599581,0.16079082519799504,3.0718545137558895,0.1745092929887499,22.33533845778084,43.030171388331134,0.9950561660495306,3.3793344856785454,0.7144234118328899,9.920217486717199,6
8.990445287419712,0.46081156681774704,0.2697048224860489,1.3204603418773189,0.21162568115656621,11.83333972396145,42.229000669735505,0.9980220299938879,3.3516716333402727,0.5660279963319733,9.22416392413735,6
9.387842854479638,0.3460280829974462,0.4094775209955087,1.1327344492594613,0.03825035278266265,5.080141039822549,26.22821329265718,0.9943177168243236,3.268852009556581,0.7524130770391677,12.801893199847324,7
7.553599514578293,0.7214485322139672,0.057725788149149145,1.2384006950601787,0.1205704752643021,16.53866749183633,39.45605039131001,0.9972877479370849,3.470926484067004,0.3812910287632657,9.305350127785678,4
7.025423913217137,0.6655487934512687,0.12421472711258114,1.5388014764860194,0.07750170839957823,15.108204681932285,26.59316553087869,0.9958072963894301,3.3218699479281324,0.6250004472879189,10.42349357968764,6
5.855863407640138,0.574961915606615,0.13228736397877708,1.5160367315344556,0.05529175142974653,4.87742995567711,32.291360688618674,0.9948534082828098,3.6115262001161783,0.9883806846716858,11.263337232355052,6
8.261675959204442,0.33198322364519844,0.708470184147763,1.778045384413564,0.11426539396093789,30.328756930358832,83.69163334782554,0.9972364361216252,3.42036952635057,0.6761039154642292,9.258320698789792,5
10.285446854244762,0.36090440973660654,0.24160255208735937,1.2947316646623055,0.03972833590587313,20.56073896809238,34.29679350747826,0.9981022776858756,3.2816088029922876,0.6322871007328703,9.935741237541034,5
10.23217799543379,0.5201586400261394,0.3237703741992604,3.265223259862971,0.12897528173881428,8.300152180709613,27.25197001300031,1.001251037757699,3.3735814110678137,0.5672454143003549,13.183217144120178,7
7.6773777341458285,0.5631748496929917,0.0028251201583989857,1.5911854315366099,0.10973145297043825,34.24187850211746,81.86547900823217,0.9960477515971156,3.41761224305922,0.6776951488546916,10.041670655109503,5
7.284567588916703,0.4615171657355168,0.03629304052469446,2.0615916699365924,0.12484096355148358,6.927279117525428,27.60797411173586,0.9960693574281632,3.210525768379302,0.4646041628640311,12.318702166505275,7
6.571782734312447,0.568066662512066,0.14413373863873535,2.074490602598162,0.083536711019569,19.734840192139004,76.1361146052759,0.9959506469876755,3.5744974904436586,0.5014182048278759,9.078903643004546,4
6.646200567895308,0.5110802082708452,0.054018494160431745,1.2462620330172913,0.09634530124007253,15.363618046225222,63.307973143464736,0.9964838457698258,3.4773189242430416,0.5593991421710304,11.614347952406504,6
7.36743854320829,0.5904555765786568,0.12227753379191371,2.3262443600220686,0.08940482914921438,1.453885333457975,24.40720034580656,0.9948269912282356,3.0925766498679192,0.7015410646649264,12.911491019661366,6
8.722925817349278,0.6473357619503615,0.3046374533406021,1.6977527363056089,0.101754056042875,35.29432635481901,130.59474417390527,0.996602145624666,3.2153477266774835,0.5517903056028215,11.264163853871013,5
5.600275217703917,1.0656088033202387,0.029400399434079814,1.3890967201198299,0.11707248043856441,7.012735788413604,19.210253894374258,0.9946357153213035,3.6419880148967376,0.5356361031320193,9.253468271224092,7
6.958311059605895,0.6817599078253853,0.008923889737816014,2.731691208141019,0.19118473862467888,10.014414667440002,26.866833901226315,0.9980190165479236,3.2591073439162033,0.9395827213794719,9.902453207128687,6
9.403478749852228,0.575800290124186,0.20868655148298315,15.08067037210681,0.12642876605515424,14.690424592484074,65.36575820766097,1.0034641833930347,3.1652799331229984,0.6137550414023294,8.447071376218991,5
7.46418672231606,0.940094465881717,0.23902256930326268,1.5376650488770252,0.1229842170907456,13.875872136770557,16.220361203626915,0.9947049810547798,3.456167729818905,0.6713408763200209,9.28434059346119,5
7.100145074957622,0.6839183338836701,0.17611956007755575,1.8982820213568155,0.13033602150460905,8.86009998023263,23.188312047439574,0.998156256204556,3.654611100250026,0.6339012610322411,12.187388389910822,7
7.372743099722783,0.6410959894704507,0.0023538823300250033,1.2736969872353514,0.11584118649589334,7.284772998938278,30.395721073469268,0.9967814699369214,3.4260252534923636,0.7729150780457872,10.31520921580482,6
9.8178594706537,0.6965593786418742,0.24976799156790025,2.155942701615148,0.11605564683832192,1.0976616513188078,32.9426018349054,0.9958238357742376,3.3589134878724107,0.5334735278354098,9.205209275572972,5
7.134530957166785,0.31694191627230495,0.24204729029283248,1.28610780402076,0.07734392916608536,17.504002399776983,57.316393954912506,0.9962684915596541,3.3428229788873556,0.8373692194437847,9.359168508620051,5
13.12214312305488,0.40741261395365297,0.5949921922125655,3.630374868346792,0.09631009299728524,23.783924056893913,94.74208201308639,1.0021524773427908,3.1297233964939393,0.604975134608459,9.159921094012667,5
7.235297181259302,0.3256442400199213,0.08911963992090546,1.540162427534588,0.04130119675322233,2.4922183689441484,17.474670970164944,0.9944675720834313,3.46773646325684,0.6978693939466412,10.081831800326274,5
7.576198347237048,0.6691868165434777,0.12667051507046517,2.9454745273081113,0.0782043629998533,25.84872069794971,101.87455911442011,0.99806209384266,3.364057772993918,0.6282935593643145,9.32216714159681,5
8.43194947644986,0.47270168519088995,0.1441101857421058,1.7432771209670737,0.1259024109673103,1.3256866922949326,45.718456372089285,0.9959309707179093,3.283722159483424,0.6767843946179066,11.939628961935465,6
13.258710331306265,0.3511699963130144,0.7382078804043186,1.6634045312925385,0.09422847163533218,7.856093470201698,35.350833242808136,1.0007217630098078,3.1781414851280063,0.8625391233682204,9.488583418942088,6
5.862406767668013,0.4672674637772013,0.24650655156712295,1.7000050134569606,0.08648068195647846,2.493084566073606,15.957884726459007,0.9946699448275298,3.653470362348149,0.639192977077421,12.162998977719425,7
8.811513944283197,0.49366438574742305,0.21102600345258868,1.7184744218150736,0.07680189698624915,12.943233967195857,31.32303634849878,0.9940799519761183,3.275720568692303,0.6226119208197632,12.340059166868773,7
12.702116914775663,0.38597948712125074,0.5315529529626534,3.746976411954338,0.10406326892029907,10.597355591597623,97.82466391560521,0.999436578210224,2.9545210472408985,0.3700002741630823,10.890836102023515,5
6.894449871162016,0.5178358020565766,0.3068359086935575,1.9845301389958907,0.03216671145796959,28.81341682069084,84.31660168817567,0.9960349262179397,3.39459169304104,0.7330304805394761,9.658117629271429,5
7.612104502579733,0.499174939232293,0.0437743965121974,1.0348360492299817,0.1286984726279914,12.079541195051409,57.448717919679034,0.9955350904923754,3.3291333979779303,0.3888789849854104,10.841537553162281,6
6.346298981211325,0.6675465229571654,0.20398256841319473,2.3422767132522506,0.10989597324980377,18.72254149002035,19.99071563839935,0.9949991420634515,3.3398720337328656,0.7678480729127778,11.475501029371596,7
7.400795984598259,0.5636064912054208,0.22618295293486984,0.9226483372493168,0.03775408254745097,6.399231491410772,30.93554018998869,0.9949276379254285,3.2321793692149288,0.7682948470485348,11.13765494115474,7
6.518659030665625,0.6368735479523592,0.05349891956617108,0.9769941223830049,0.08133676943217216,47.59077879941777,86.95774592113142,0.9945590107616703,3.332353828404352,0.4188089182397905,10.307307583373477,5
9.95202576870135,0.24290285281086293,0.3930155468717878,2.0949451630225293,0.07482861425243038,11.300328902931192,6.2593325034966325,0.9981273640861028,3.349852862810535,0.804100569922118,9.443108958626086,5
6.668998707352542,0.9382275683279692,0.0226725665038815,1.3023421278241094,0.05322084631787212,2.230773373624441,49.26627554796403,0.9947260232149483,3.626983774755404,0.5048628341258351,11.384484121945741,6
6.661921700204574,0.7252466032227919,0.14017585347293174,3.8629167834802596,0.10856183087185575,35.07780783840438,59.14765626325088,0.9948764434597251,3.4054811132620224,0.5341252999815042,9.19271434637063,6
6.364083980589209,0.6325791203144043,0.12899401298543217,1.1569737038976526,0.041647701235851764,12.562412934184032,41.63719803875315,0.9958244658591674,3.3716760967745065,0.43241776033362683,10.768992993124971,7
9.173968640857357,0.40103430084519265,0.43200462734474415,3.083038167757905,0.10222339380838155,25.59214397617998,124.67127109395634,0.9965137567485346,3.267757677106702,0.5688032778481918,9.881188121235855,5
6.758830548927812,0.7611688432082417,0.0008503370573344557,2.13186784739316,0.0365934271427302,43.51728638286728,37.329722936810654,0.9935232123760793,3.2787712211666555,0.7763248945943957,11.593573743983907,6
15.737652890481924,0.33909942331779963,0.5116379574635558,3.8489353245848603,0.12619079201391192,11.396958721240303,29.98566569625181,1.0025268273182981,2.938684184552555,0.5906479650433575,8.984087320709133,5
7.398102906675108,0.6897181297565719,0.020807214402290476,1.1413950095865535,0.07522301643078293,41.76391717078074,157.3261184139941,0.9995217573100359,3.254309809768416,0.968410657555398,10.12709386497077,5
10.78603131869028,0.383646956655438,0.4425201195320653,0.9185598237761354,0.08575476689381098,23.46169571815073,103.70289491474989,0.9972582396073092,3.1317669686136584,0.5946024854939489,9.521938730328117,5
10.933882674935322,0.19650191564025007,0.5932473067148655,2.438115840787282,0.11946307858712578,24.85272203875379,103.83431630686107,0.9970661926659835,3.149962515639518,0.39580716540650207,11.582549010642333,4
9.073877719131179,0.311113013043861,0.43532280597111533,1.3601020359383282,0.0907840614500105,12.578950735167725,84.80820589887821,0.9965023629050218,3.2718281739061092,0.6547758729244718,9.475470495074806,5
8.649086082354248,0.5611267240210045,0.3996426708815748,1.6168294590630863,0.1516737519992039,2.8361343236603482,47.26036771861742,0.9974520838559499,3.10567527370101,0.897351302284922,9.162568454784621,6
9.768001296096726,0.3556151787678794,0.24739183505919066,3.7742436784567523,0.09778533360355388,15.173350984450465,20.95753808920876,0.9993390340592326,3.2578691185295674,0.5949909669429164,10.822726290421466,5
8.544091582229676,0.6877398303918205,0.20594855873185303,3.3063197149673567,0.08963093287784346,8.03241624051771,18.163004058528543,0.9974596347909674,3.3776696652442006,0.6566279826264487,9.190313046118709,5
9.072798038923127,0.22144772397686663,0.4488810569320151,2.147840865631679,0.1173926997297352,5.5805499086884796,15.128476656719519,0.9989968113738542,3.1774882841736805,0.5911885579920084,9.590537114786525,6
10.65917323154306,0.24770397388387094,0.5522521012258086,1.7625270166684741,0.07763312295834972,20.30512928732988,113.96252256185541,0.9978593898021071,3.2378025722718706,0.5542945936344557,9.236853533429212,5
7.001242467251205,0.3814532640540552,0.14162579726114327,2.2291360663610553,0.10517947618196721,52.625343986725554,132.3816063975063,0.9980706358521614,3.2002851455226184,0.5984005598598561,9.67556928595722,5
8.872652825490789,0.29855564548637126,0.5759157693895063,3.342964484647798,0.11469274656202495,13.582361659659355,73.84847872277284,0.9984651477085614,3.0581319663607873,0.38883335915634687,11.544010489788942,5
7.948154302874258,0.4311678362295336,0.509999032140294,2.7103515800391653,0.09247439820535705,28.41034464045305,35.6399141349487,0.9970326400855526,3.3915387804276254,0.4582647937576438,10.191931762420534,6
7.759847656053781,0.9347211655446512,0.03995292358981752,2.9035877860169457,0.05569197553785242,18.459301055441045,77.78604520754777,0.9961721802389992,3.377662093286524,0.5333593233990255,9.644424719451532,6
