age,job,marital,education,default,balance,housing,loan,contact,campaign,previous,poutcome,y
34,management,married,tertiary,no,72,no,no,telephone,6,0,unknown,0
33,technician,married,secondary,no,2594,yes,no,cellular,2,0,unknown,0
32,blue-collar,single,unknown,no,265,yes,no,cellular,6,0,unknown,0
48,blue-collar,married,secondary,no,1796,yes,yes,unknown,1,0,unknown,0
28,self-employed,single,tertiary,no,0,yes,no,cellular,1,0,success,0
62,technician,married,secondary,no,6979,yes,no,unknown,1,0,unknown,0
44,services,married,secondary,no,4722,no,no,unknown,1,1,other,0
59,blue-collar,single,primary,no,177,yes,no,cellular,1,7,unknown,0
47,blue-collar,married,secondary,no,5426,no,no,unknown,2,0,unknown,0
37,technician,married,primary,no,4831,yes,no,unknown,3,0,unknown,0
39,blue-collar,married,secondary,no,2178,no,no,unknown,5,0,unknown,1
26,management,married,primary,no,507,yes,no,telephone,6,0,unknown,0
42,admin.,single,secondary,no,35,no,no,cellular,8,0,unknown,0
41,entrepreneur,single,secondary,no,-97,yes,no,cellular,1,0,unknown,0
52,student,married,tertiary,no,5,no,no,cellular,1,0,unknown,0
57,admin.,married,tertiary,no,894,yes,yes,cellular,2,0,unknown,0
37,blue-collar,married,tertiary,no,8515,yes,no,unknown,1,0,unknown,0
29,technician,married,secondary,no,1209,yes,no,unknown,4,0,failure,0
52,blue-collar,single,secondary,no,1057,yes,no,cellular,1,0,unknown,0
35,admin.,married,primary,no,696,no,no,unknown,1,0,unknown,0
41,self-employed,married,tertiary,no,3485,no,no,cellular,2,0,unknown,1
48,admin.,married,secondary,no,1159,yes,no,cellular,6,2,failure,0
40,management,married,tertiary,no,4758,no,yes,cellular,3,0,failure,0
36,technician,married,secondary,no,360,yes,no,cellular,2,0,unknown,0
28,self-employed,single,tertiary,no,27069,yes,no,cellular,3,0,unknown,0
44,management,married,secondary,no,2788,yes,yes,cellular,7,0,unknown,0
58,blue-collar,married,primary,no,1663,yes,no,cellular,2,0,unknown,0
45,services,married,tertiary,no,2408,yes,yes,unknown,2,1,failure,1
29,retired,married,secondary,no,6145,yes,no,cellular,3,2,unknown,0
29,retired,married,secondary,no,437,yes,no,unknown,12,0,unknown,0
53,services,married,tertiary,no,398,no,yes,unknown,2,0,unknown,0
57,management,divorced,tertiary,no,887,no,no,unknown,2,0,failure,0
27,management,divorced,secondary,no,6217,no,no,cellular,1,1,unknown,0
38,technician,married,primary,no,1313,no,no,cellular,3,0,unknown,0
55,unemployed,married,tertiary,no,6102,no,no,unknown,1,0,unknown,0
34,technician,divorced,secondary,no,126,yes,no,cellular,1,0,unknown,0
31,management,married,secondary,no,169,no,yes,unknown,2,0,unknown,0
59,entrepreneur,married,secondary,no,985,no,no,unknown,1,0,unknown,0
45,services,single,tertiary,no,809,no,no,cellular,2,1,unknown,0
39,management,single,secondary,no,0,yes,no,cellular,4,0,failure,0
49,management,single,secondary,no,-186,no,no,cellular,5,0,unknown,0
31,entrepreneur,married,secondary,no,3230,no,yes,cellular,1,0,unknown,0
33,self-employed,divorced,secondary,no,12,yes,no,unknown,4,0,unknown,0
51,management,married,tertiary,no,541,no,no,cellular,2,0,unknown,0
47,self-employed,married,secondary,no,8139,no,no,cellular,2,0,unknown,0
33,management,married,secondary,no,871,yes,no,unknown,1,0,failure,0
60,blue-collar,single,primary,no,520,no,no,unknown,1,1,unknown,1
48,management,married,secondary,no,3334,yes,yes,cellular,3,0,unknown,0
42,management,married,secondary,no,79,yes,no,cellular,2,0,failure,0
57,admin.,married,tertiary,no,3782,no,yes,unknown,2,0,unknown,0
29,blue-collar,married,secondary,no,11417,yes,no,unknown,2,0,other,0
44,management,divorced,secondary,no,56,yes,yes,unknown,1,0,unknown,0
61,management,married,secondary,no,2552,no,yes,unknown,9,0,failure,0
42,blue-collar,single,secondary,no,767,yes,no,cellular,2,0,unknown,0
35,services,married,secondary,no,0,no,no,cellular,1,0,success,0
42,blue-collar,married,unknown,no,197,yes,no,cellular,4,0,unknown,0
41,admin.,married,tertiary,yes,658,yes,no,cellular,10,0,unknown,0
30,unemployed,married,secondary,no,1831,no,no,cellular,3,0,unknown,0
46,management,married,tertiary,no,421,yes,no,cellular,3,4,success,0
33,management,married,tertiary,no,1890,yes,no,unknown,2,0,unknown,0
52,management,single,secondary,no,3810,no,no,cellular,4,0,unknown,0
80,blue-collar,married,tertiary,no,2343,yes,no,cellular,1,0,unknown,0
50,admin.,divorced,secondary,no,0,no,yes,cellular,1,0,unknown,0
38,technician,married,secondary,no,10378,yes,yes,cellular,3,0,unknown,0
33,blue-collar,single,secondary,no,5,yes,no,cellular,1,0,unknown,0
49,blue-collar,single,tertiary,no,42,yes,no,cellular,2,0,unknown,0
34,services,married,secondary,no,3071,no,no,telephone,2,2,unknown,0
48,services,married,secondary,no,481,no,no,unknown,2,0,unknown,0
52,blue-collar,single,secondary,no,5563,no,no,unknown,1,0,failure,0
47,blue-collar,married,tertiary,no,473,yes,no,cellular,4,0,unknown,1
50,admin.,married,tertiary,no,290,no,no,cellular,3,0,unknown,0
49,retired,married,secondary,no,2131,yes,no,telephone,2,0,unknown,0
58,admin.,married,tertiary,no,343,no,no,unknown,2,0,unknown,0
37,services,married,secondary,no,3064,no,no,cellular,8,0,unknown,0
34,management,married,secondary,no,1209,yes,no,cellular,1,0,failure,1
49,management,married,secondary,no,22,yes,no,cellular,1,0,unknown,1
37,technician,single,tertiary,no,228,yes,no,unknown,4,2,unknown,0
33,technician,divorced,primary,no,388,yes,no,cellular,1,0,unknown,1
56,management,divorced,secondary,no,2420,no,no,unknown,1,8,unknown,0
36,services,married,tertiary,no,6,yes,no,cellular,2,0,failure,0
47,blue-collar,married,primary,no,305,yes,yes,cellular,1,0,unknown,0
49,blue-collar,married,tertiary,no,3391,yes,no,cellular,3,3,unknown,0
44,unemployed,married,secondary,no,-402,yes,no,cellular,1,0,unknown,0
38,technician,married,tertiary,no,1766,no,no,cellular,1,0,unknown,1
40,technician,married,tertiary,no,8023,no,no,unknown,4,0,unknown,0
32,technician,married,primary,no,100,yes,no,cellular,1,1,unknown,1
57,technician,married,secondary,no,2538,yes,no,cellular,2,0,unknown,0
54,services,married,secondary,no,1810,yes,no,cellular,1,0,unknown,0
35,services,married,secondary,no,1270,yes,yes,cellular,1,0,unknown,0
53,admin.,single,secondary,no,1253,no,no,cellular,1,0,unknown,0
32,blue-collar,married,tertiary,no,872,no,yes,unknown,2,0,unknown,0
32,technician,single,unknown,no,179,yes,no,cellular,8,0,unknown,0
41,admin.,single,secondary,no,1287,no,no,cellular,1,0,unknown,1
55,retired,divorced,tertiary,no,1265,yes,no,cellular,1,1,unknown,0
35,technician,single,secondary,no,233,no,yes,unknown,5,0,unknown,0
38,technician,married,secondary,no,414,yes,no,cellular,1,0,other,0
33,admin.,married,primary,no,1,no,no,cellular,4,4,unknown,0
39,housemaid,single,secondary,no,0,no,yes,cellular,1,0,unknown,1
31,management,married,tertiary,no,1811,yes,no,cellular,1,0,unknown,1
44,blue-collar,single,tertiary,yes,287,no,no,unknown,28,0,other,0
34,blue-collar,married,secondary,no,83,no,no,cellular,1,3,unknown,1
57,technician,married,unknown,no,11,yes,no,unknown,1,1,failure,0
35,entrepreneur,married,primary,no,2366,no,no,cellular,3,0,unknown,0
42,self-employed,married,tertiary,no,1022,yes,no,cellular,6,2,unknown,0
39,self-employed,divorced,tertiary,no,265,yes,no,cellular,1,0,failure,0
35,technician,married,secondary,no,0,no,yes,unknown,3,6,unknown,0
21,blue-collar,married,tertiary,no,0,yes,no,cellular,1,7,unknown,0
42,technician,married,primary,no,703,no,no,telephone,1,0,unknown,0
45,technician,married,secondary,no,2301,yes,no,unknown,4,0,unknown,0
52,blue-collar,married,secondary,no,167,yes,no,unknown,1,0,unknown,0
41,retired,married,tertiary,no,2187,yes,no,unknown,2,1,failure,0
26,management,married,tertiary,no,1532,yes,yes,telephone,1,0,unknown,1
36,technician,married,secondary,no,50,yes,yes,telephone,1,1,unknown,0
31,self-employed,married,tertiary,no,2819,no,yes,cellular,1,5,unknown,0
44,technician,married,secondary,no,7041,no,no,cellular,2,17,unknown,0
35,technician,married,unknown,no,2610,yes,no,unknown,3,0,unknown,0
36,management,single,secondary,no,288,no,no,cellular,6,0,unknown,1
54,blue-collar,divorced,primary,no,8669,yes,no,unknown,1,1,unknown,0
34,management,single,secondary,no,725,no,no,cellular,1,0,unknown,0
38,blue-collar,married,secondary,no,-630,no,no,cellular,1,0,unknown,0
38,technician,married,secondary,no,2058,no,no,cellular,1,0,other,0
32,management,divorced,tertiary,no,2322,no,no,unknown,1,0,failure,0
38,unemployed,married,secondary,no,1843,no,no,cellular,3,3,unknown,0
44,blue-collar,married,tertiary,no,603,yes,no,unknown,2,0,other,0
36,unemployed,single,secondary,no,96,yes,no,unknown,1,0,unknown,0
55,blue-collar,married,tertiary,no,920,yes,no,cellular,1,0,unknown,0
23,blue-collar,married,secondary,no,389,yes,no,cellular,1,0,unknown,0
45,self-employed,married,tertiary,no,37,yes,no,telephone,1,0,unknown,1
31,management,married,tertiary,no,7,yes,no,cellular,5,3,unknown,0
65,retired,married,secondary,no,391,yes,no,cellular,3,0,success,0
50,services,married,tertiary,no,1810,yes,no,cellular,3,0,unknown,0
31,management,single,secondary,no,75,no,yes,unknown,1,0,unknown,0
38,management,married,tertiary,no,390,no,no,cellular,1,3,unknown,0
34,technician,married,secondary,no,1306,yes,no,cellular,5,0,failure,0
32,management,married,secondary,no,76,yes,no,cellular,3,0,unknown,0
31,blue-collar,single,tertiary,no,22196,no,yes,unknown,1,1,failure,1
30,management,single,primary,no,1325,yes,no,unknown,6,4,unknown,0
26,management,married,tertiary,no,203,no,no,cellular,8,0,failure,1
45,student,divorced,secondary,no,-22,yes,no,cellular,3,0,failure,0
39,self-employed,single,secondary,no,606,yes,no,cellular,1,0,other,0
40,technician,married,primary,no,669,yes,no,cellular,4,0,unknown,0
39,technician,married,secondary,no,12223,yes,no,unknown,2,0,unknown,0
80,management,married,secondary,no,1060,yes,no,telephone,2,0,unknown,0
31,unemployed,single,secondary,no,5996,yes,no,unknown,1,7,unknown,0
42,management,single,tertiary,no,21244,yes,no,telephone,2,5,unknown,0
38,unemployed,single,tertiary,no,381,yes,yes,cellular,1,0,unknown,0
32,entrepreneur,married,secondary,no,-133,yes,no,cellular,1,0,unknown,0
69,entrepreneur,single,primary,no,4170,yes,no,cellular,2,0,unknown,0
47,management,married,tertiary,no,64,yes,no,unknown,1,0,unknown,0
39,housemaid,single,secondary,no,128,yes,no,cellular,3,0,unknown,0
33,management,single,secondary,no,1016,yes,no,telephone,2,0,unknown,0
57,blue-collar,married,secondary,no,573,yes,yes,telephone,7,0,unknown,0
42,admin.,married,primary,no,502,yes,no,cellular,10,0,unknown,0
26,services,married,secondary,no,473,no,no,unknown,2,0,unknown,0
34,housemaid,single,tertiary,no,417,no,no,cellular,1,3,unknown,0
49,blue-collar,married,tertiary,no,38,no,no,unknown,2,0,unknown,0
34,management,divorced,secondary,no,5191,yes,no,cellular,5,0,unknown,0
36,management,divorced,primary,no,2921,no,no,unknown,1,0,unknown,1
47,services,single,tertiary,no,782,no,no,cellular,2,0,unknown,0
32,blue-collar,married,primary,no,10378,yes,no,cellular,1,0,other,0
47,admin.,married,secondary,no,472,yes,no,cellular,1,0,unknown,0
51,management,married,tertiary,no,26,yes,no,unknown,4,0,unknown,0
32,unemployed,married,tertiary,no,502,no,no,unknown,3,0,unknown,0
27,student,married,primary,no,4500,no,no,unknown,4,0,unknown,0
37,blue-collar,married,secondary,no,1158,yes,no,unknown,1,0,unknown,0
45,technician,married,tertiary,no,3412,yes,no,cellular,2,3,failure,0
51,blue-collar,divorced,secondary,no,255,no,no,unknown,1,5,unknown,0
47,blue-collar,married,secondary,no,516,no,no,cellular,1,0,unknown,0
27,blue-collar,married,primary,no,10758,no,no,unknown,2,0,unknown,0
31,admin.,married,primary,no,2306,yes,no,unknown,1,0,unknown,0
50,admin.,single,tertiary,no,1319,no,no,cellular,2,0,unknown,0
50,management,divorced,secondary,no,1621,yes,no,cellular,1,0,failure,0
35,housemaid,married,tertiary,no,495,no,no,cellular,1,0,unknown,1
28,blue-collar,married,tertiary,no,226,no,no,cellular,2,0,unknown,0
57,retired,married,tertiary,no,238,no,yes,cellular,1,0,unknown,0
38,management,married,primary,no,908,yes,no,cellular,2,0,failure,1
47,technician,single,secondary,no,999,yes,no,cellular,1,0,unknown,0
55,management,married,secondary,no,6411,no,no,unknown,1,0,unknown,0
37,admin.,married,primary,no,-20,yes,yes,cellular,5,0,failure,0
43,management,married,secondary,no,1180,no,no,cellular,2,0,unknown,0
29,unemployed,married,tertiary,yes,3403,yes,no,cellular,3,0,unknown,0
40,blue-collar,divorced,tertiary,no,180,no,yes,telephone,1,0,unknown,0
36,blue-collar,divorced,secondary,no,0,yes,no,cellular,1,0,failure,0
49,retired,married,secondary,no,0,no,no,unknown,2,0,failure,0
38,management,married,tertiary,no,368,yes,no,cellular,2,0,unknown,0
40,technician,single,secondary,no,65,no,no,unknown,4,0,unknown,0
44,unemployed,married,secondary,no,642,yes,no,cellular,1,0,unknown,0
57,blue-collar,married,tertiary,no,802,no,no,cellular,2,0,unknown,0
57,self-employed,married,secondary,no,-97,yes,no,telephone,3,0,other,0
30,admin.,single,secondary,no,470,no,no,cellular,4,3,unknown,0
25,technician,married,secondary,no,262,yes,no,cellular,2,0,unknown,0
57,technician,married,primary,no,383,no,no,cellular,1,0,failure,1
30,unknown,single,secondary,no,362,no,no,cellular,2,0,unknown,1
52,admin.,married,primary,no,53,yes,no,cellular,2,0,unknown,0
25,management,married,tertiary,no,12,yes,no,cellular,1,0,unknown,0
34,unknown,married,primary,no,477,no,no,cellular,1,1,failure,0
38,admin.,married,secondary,no,985,no,no,unknown,3,0,unknown,0
51,technician,married,secondary,no,4657,yes,no,unknown,5,4,unknown,0
36,technician,divorced,secondary,no,1064,yes,no,unknown,2,5,unknown,0
30,blue-collar,married,tertiary,no,375,no,no,cellular,1,0,unknown,0
34,technician,married,primary,no,1438,yes,no,cellular,25,0,failure,0
48,services,married,tertiary,no,0,no,no,cellular,5,0,unknown,1
26,admin.,single,secondary,no,419,no,no,unknown,8,0,unknown,0
35,housemaid,single,secondary,no,362,no,no,unknown,3,0,unknown,0
33,technician,married,tertiary,no,3616,yes,no,cellular,1,0,unknown,0
45,admin.,married,secondary,no,242,yes,no,cellular,1,0,unknown,0
40,management,divorced,tertiary,no,428,no,no,unknown,2,0,unknown,1
40,entrepreneur,single,secondary,no,0,no,no,cellular,1,1,unknown,1
40,housemaid,married,primary,no,40,yes,no,cellular,1,0,unknown,0
27,services,married,tertiary,no,6101,yes,no,cellular,1,0,unknown,1
41,technician,married,primary,no,1142,yes,no,unknown,2,0,other,0
27,management,single,primary,no,1536,yes,no,telephone,2,0,unknown,0
41,management,married,tertiary,no,2343,yes,no,unknown,3,0,unknown,0
48,management,single,secondary,no,0,no,no,cellular,1,0,unknown,0
33,blue-collar,divorced,secondary,no,610,no,no,cellular,1,0,unknown,0
35,management,married,secondary,no,3163,yes,no,cellular,1,0,unknown,0
28,management,married,secondary,no,0,yes,no,cellular,3,0,unknown,0
49,technician,single,primary,no,0,yes,no,cellular,2,0,unknown,0
30,unknown,married,unknown,no,2089,no,no,cellular,4,0,unknown,1
32,management,married,secondary,no,0,no,yes,cellular,1,0,unknown,0
36,technician,married,secondary,no,7,yes,no,unknown,2,0,failure,0
31,admin.,single,tertiary,no,445,yes,no,telephone,1,5,unknown,0
57,management,single,primary,no,99,no,no,unknown,2,6,failure,0
57,management,single,tertiary,no,1534,no,no,cellular,1,0,unknown,0
62,entrepreneur,single,primary,no,20453,yes,no,telephone,2,0,unknown,0
33,services,single,tertiary,no,4888,no,no,telephone,2,0,unknown,1
32,management,married,primary,no,8627,no,no,cellular,2,0,unknown,0
47,entrepreneur,married,tertiary,no,23,no,no,cellular,1,0,unknown,0
44,blue-collar,divorced,secondary,no,4007,yes,no,cellular,3,0,unknown,0
31,management,married,primary,no,-635,yes,yes,cellular,2,0,unknown,0
34,technician,married,primary,no,4738,yes,no,cellular,1,0,unknown,0
39,blue-collar,single,tertiary,no,757,no,no,unknown,1,0,failure,0
59,admin.,single,primary,no,1043,no,yes,cellular,8,0,failure,0
31,self-employed,single,primary,no,3638,yes,no,cellular,2,0,success,0
32,management,single,tertiary,no,769,yes,no,cellular,3,0,unknown,1
39,blue-collar,married,secondary,no,1477,yes,no,unknown,2,0,unknown,0
42,entrepreneur,single,tertiary,yes,6072,yes,no,cellular,6,0,unknown,0
40,student,single,tertiary,no,0,no,no,cellular,1,0,success,0
53,technician,single,secondary,no,25,yes,no,unknown,1,0,unknown,0
33,blue-collar,married,primary,no,3337,yes,yes,cellular,2,0,unknown,0
32,retired,married,tertiary,no,872,no,no,cellular,6,0,unknown,0
42,housemaid,divorced,secondary,no,344,yes,no,cellular,1,0,unknown,0
54,blue-collar,married,primary,no,224,yes,no,unknown,1,0,unknown,0
36,unemployed,single,secondary,no,7685,no,no,cellular,1,0,unknown,1
34,management,married,secondary,no,3904,no,no,cellular,6,0,unknown,0
38,blue-collar,single,tertiary,no,4365,yes,no,unknown,1,0,unknown,1
54,admin.,married,secondary,no,242,yes,no,cellular,2,0,unknown,0
26,technician,married,primary,no,856,yes,no,cellular,2,0,unknown,0
35,unemployed,divorced,secondary,no,372,yes,no,cellular,5,0,success,0
32,self-employed,single,secondary,no,7138,yes,yes,unknown,2,0,failure,0
58,blue-collar,divorced,secondary,no,11797,yes,no,cellular,3,0,failure,0
37,technician,married,primary,no,6046,yes,yes,cellular,1,0,unknown,0
23,blue-collar,married,tertiary,no,2128,no,no,cellular,6,0,unknown,0
38,student,married,primary,no,228,yes,no,cellular,5,1,unknown,0
44,management,married,tertiary,no,171,yes,yes,telephone,5,0,unknown,0
63,blue-collar,single,secondary,no,2231,yes,yes,cellular,5,0,unknown,0
40,blue-collar,married,tertiary,no,642,yes,no,cellular,1,0,failure,0
32,services,married,secondary,no,619,no,no,cellular,3,0,unknown,0
55,management,married,tertiary,no,0,yes,no,cellular,7,0,unknown,0
46,management,married,primary,no,326,no,yes,unknown,2,0,unknown,0
49,blue-collar,married,secondary,no,-396,no,no,cellular,2,0,unknown,0
28,management,single,primary,no,46,no,no,unknown,4,2,unknown,0
38,services,married,secondary,no,1076,yes,no,cellular,1,0,unknown,1
28,housemaid,married,tertiary,no,159,yes,no,cellular,1,0,failure,0
41,technician,married,tertiary,no,-33,no,no,cellular,4,0,unknown,0
45,retired,married,tertiary,no,1987,yes,no,unknown,1,0,other,1
34,management,married,tertiary,no,199,yes,no,cellular,2,4,unknown,0
24,student,divorced,secondary,no,642,yes,no,unknown,1,0,unknown,0
39,technician,single,unknown,no,-242,no,no,cellular,1,3,unknown,0
35,technician,married,secondary,no,330,yes,yes,cellular,2,0,failure,0
31,entrepreneur,married,secondary,no,1117,no,no,cellular,2,0,unknown,0
28,blue-collar,married,secondary,no,299,no,no,cellular,4,0,unknown,0
38,management,married,primary,no,1,no,no,unknown,18,0,unknown,0
34,student,married,secondary,no,763,yes,no,unknown,1,0,unknown,0
47,retired,single,primary,no,1533,no,yes,cellular,4,0,unknown,0
45,admin.,married,primary,no,2542,yes,no,cellular,1,0,unknown,0
36,blue-collar,single,secondary,no,505,yes,no,unknown,2,0,unknown,0
43,technician,single,secondary,no,769,yes,no,cellular,1,0,unknown,0
50,admin.,married,tertiary,no,751,yes,no,cellular,4,1,unknown,0
64,technician,single,tertiary,no,1548,yes,no,unknown,2,9,unknown,0
60,technician,married,secondary,no,417,no,no,cellular,2,0,unknown,0
32,management,married,secondary,no,0,yes,no,cellular,2,0,success,0
33,blue-collar,single,secondary,no,0,yes,yes,telephone,1,0,unknown,0
38,admin.,married,secondary,no,0,no,no,cellular,2,0,unknown,0
31,blue-collar,married,tertiary,no,0,yes,no,cellular,6,0,unknown,0
36,technician,married,secondary,no,2723,yes,no,cellular,2,0,success,0
51,blue-collar,single,tertiary,no,725,no,no,unknown,1,0,unknown,1
66,blue-collar,married,primary,no,5195,yes,yes,cellular,1,0,unknown,0
51,entrepreneur,married,primary,no,1584,yes,no,unknown,4,0,failure,0
33,admin.,married,secondary,no,291,yes,no,unknown,14,0,other,0
41,blue-collar,married,tertiary,yes,67,yes,no,cellular,2,0,unknown,1
45,blue-collar,single,secondary,no,389,yes,no,cellular,1,0,unknown,0
28,services,single,tertiary,no,1868,yes,yes,cellular,1,1,unknown,1
38,entrepreneur,married,tertiary,no,83,yes,no,cellular,4,0,unknown,0
43,admin.,married,secondary,no,8894,yes,no,unknown,1,0,failure,0
28,admin.,married,tertiary,no,1065,no,no,unknown,2,0,unknown,0
33,blue-collar,married,secondary,no,838,no,no,cellular,1,3,unknown,0
56,services,single,secondary,no,3953,no,no,cellular,3,0,unknown,0
31,management,married,primary,no,109,yes,yes,cellular,2,0,unknown,0
33,technician,married,secondary,no,781,no,no,unknown,1,0,failure,0
27,blue-collar,married,primary,no,2089,yes,no,cellular,2,0,unknown,0
29,services,single,primary,no,981,yes,no,cellular,5,2,failure,0
33,technician,married,primary,yes,-55,no,no,cellular,2,0,unknown,0
46,student,married,secondary,no,2059,yes,no,unknown,1,3,unknown,0
38,entrepreneur,married,primary,no,800,no,no,cellular,2,0,unknown,0
36,management,married,primary,no,2403,no,no,unknown,7,0,unknown,0
34,blue-collar,married,secondary,no,59,yes,yes,unknown,10,0,failure,0
29,admin.,married,primary,no,9,no,no,unknown,4,0,failure,1
47,technician,married,secondary,no,11,yes,no,unknown,2,0,unknown,0
65,management,single,secondary,no,2478,no,no,unknown,2,3,other,0
50,housemaid,single,tertiary,no,895,no,no,cellular,4,0,failure,0
36,services,divorced,secondary,no,1069,yes,no,cellular,5,5,unknown,0
40,management,married,primary,no,4343,yes,no,cellular,5,0,failure,0
31,management,married,primary,no,454,yes,yes,unknown,6,0,unknown,0
27,services,married,tertiary,no,0,yes,no,cellular,2,0,failure,1
31,technician,married,tertiary,no,415,yes,no,cellular,2,3,unknown,0
28,admin.,married,secondary,no,0,yes,no,cellular,3,3,unknown,0
57,self-employed,single,tertiary,no,1209,yes,no,unknown,1,0,unknown,0
48,blue-collar,married,secondary,no,0,yes,yes,telephone,8,0,unknown,0
27,retired,married,unknown,no,0,yes,no,cellular,1,0,unknown,0
50,management,married,secondary,no,-1164,no,yes,cellular,4,0,unknown,0
39,technician,single,secondary,no,2323,yes,no,cellular,2,0,unknown,0
45,admin.,married,tertiary,no,0,no,yes,cellular,2,0,unknown,0
34,admin.,married,secondary,no,1322,yes,no,unknown,1,0,unknown,0
40,self-employed,divorced,tertiary,no,1790,yes,no,unknown,3,1,unknown,0
32,blue-collar,married,tertiary,no,393,yes,no,unknown,16,0,failure,0
32,technician,married,primary,no,16,no,no,cellular,3,0,unknown,0
36,management,single,tertiary,no,5314,no,no,cellular,1,2,failure,0
34,management,married,secondary,no,13683,no,no,unknown,3,5,unknown,1
37,entrepreneur,married,tertiary,no,2855,no,no,unknown,2,0,unknown,0
22,blue-collar,single,tertiary,no,21,no,no,cellular,1,0,other,0
32,management,single,primary,no,462,yes,no,cellular,5,0,unknown,0
30,technician,married,secondary,no,1808,yes,no,cellular,2,0,unknown,0
43,admin.,divorced,tertiary,no,-7,no,no,cellular,3,0,unknown,0
56,management,married,secondary,no,96,no,no,cellular,1,0,unknown,1
52,retired,married,tertiary,no,3228,yes,no,unknown,1,0,failure,0
27,blue-collar,married,secondary,no,-120,yes,no,cellular,4,0,failure,0
40,entrepreneur,married,secondary,no,0,no,no,unknown,3,0,unknown,0
77,unemployed,married,tertiary,no,220,no,no,cellular,3,0,unknown,0
32,self-employed,married,secondary,no,4,no,yes,unknown,5,0,unknown,0
55,management,divorced,primary,no,440,yes,no,unknown,1,0,unknown,0
39,blue-collar,married,unknown,no,1134,no,no,cellular,2,0,unknown,1
35,blue-collar,married,secondary,no,79,no,no,cellular,4,10,unknown,0
59,services,divorced,tertiary,no,-19,yes,yes,cellular,1,0,unknown,0
39,admin.,married,secondary,no,289,no,no,telephone,1,0,unknown,1
36,student,single,tertiary,no,64,yes,no,cellular,1,0,unknown,0
41,management,single,secondary,no,4404,yes,no,unknown,2,0,unknown,0
45,management,married,tertiary,no,687,yes,no,unknown,3,0,unknown,0
42,blue-collar,single,tertiary,no,167,no,yes,cellular,2,0,unknown,0
60,technician,single,unknown,no,1029,no,no,cellular,2,0,unknown,0
42,blue-collar,single,secondary,no,474,no,no,cellular,4,0,unknown,0
26,admin.,married,tertiary,no,-195,yes,no,unknown,2,0,unknown,0
31,blue-collar,married,tertiary,no,1057,yes,no,unknown,2,0,unknown,0
51,technician,married,tertiary,no,3470,yes,no,cellular,2,0,unknown,0
45,technician,single,secondary,no,518,yes,yes,cellular,2,0,unknown,0
40,management,married,secondary,no,202,no,yes,cellular,4,1,unknown,0
36,services,married,unknown,no,320,yes,no,telephone,1,0,unknown,0
35,blue-collar,divorced,secondary,no,372,no,no,unknown,3,0,other,0
50,student,married,primary,no,5095,no,no,unknown,1,0,unknown,0
47,admin.,married,primary,no,556,yes,yes,telephone,4,0,unknown,0
27,management,divorced,secondary,no,2817,yes,yes,unknown,2,0,unknown,0
45,management,married,primary,no,774,yes,yes,telephone,1,9,unknown,1
33,technician,divorced,secondary,no,0,yes,no,telephone,1,0,unknown,0
40,blue-collar,married,primary,no,894,yes,no,cellular,1,0,unknown,0
34,blue-collar,married,secondary,no,0,yes,no,cellular,2,0,unknown,0
54,blue-collar,married,secondary,no,421,yes,no,unknown,1,0,unknown,0
40,management,single,secondary,no,802,no,no,telephone,1,0,unknown,0
50,housemaid,married,secondary,no,0,yes,no,cellular,1,0,unknown,0
32,admin.,married,secondary,no,3872,no,no,cellular,1,0,unknown,0
46,blue-collar,married,secondary,no,5355,no,no,cellular,7,0,failure,0
35,technician,single,secondary,no,837,no,no,unknown,2,0,unknown,0
50,unknown,single,tertiary,no,61,no,no,cellular,16,0,failure,0
56,blue-collar,married,secondary,no,23,yes,no,cellular,1,0,unknown,0
32,management,married,secondary,no,477,no,no,unknown,2,0,unknown,0
44,technician,married,secondary,no,787,yes,no,cellular,5,0,unknown,0
38,retired,married,tertiary,no,-346,yes,no,unknown,2,0,unknown,0
36,admin.,single,secondary,no,2678,no,no,cellular,1,0,unknown,1
29,management,married,secondary,no,372,yes,no,cellular,1,1,unknown,0
51,retired,married,secondary,no,2571,no,yes,cellular,2,0,unknown,0
50,blue-collar,single,secondary,no,2506,no,no,cellular,7,4,unknown,0
46,services,married,secondary,no,2457,yes,no,cellular,2,0,unknown,0
30,entrepreneur,divorced,tertiary,no,79,yes,no,cellular,1,0,unknown,0
59,retired,divorced,secondary,no,556,yes,no,cellular,5,0,other,0
52,management,single,secondary,no,529,no,no,cellular,2,0,unknown,0
59,blue-collar,single,tertiary,no,1331,yes,no,unknown,2,0,unknown,0
48,blue-collar,married,tertiary,no,291,no,no,cellular,4,0,unknown,0
42,management,single,unknown,no,0,yes,no,unknown,1,1,unknown,0
42,management,married,secondary,no,2381,yes,yes,telephone,2,0,unknown,0
30,management,single,secondary,no,4,no,no,cellular,2,0,unknown,0
79,management,single,primary,no,88,yes,no,cellular,1,0,unknown,0
34,admin.,married,secondary,no,280,no,no,cellular,2,0,unknown,0
42,self-employed,married,secondary,no,410,yes,no,unknown,2,0,unknown,1
30,services,married,secondary,no,171,yes,no,unknown,1,1,unknown,0
51,technician,single,secondary,no,143,yes,no,unknown,1,0,failure,0
30,services,single,secondary,no,807,yes,no,unknown,1,0,unknown,0
42,blue-collar,married,primary,no,665,yes,no,unknown,3,2,unknown,0
56,management,married,secondary,no,1707,yes,no,cellular,2,0,failure,0
40,admin.,single,unknown,no,1174,yes,no,cellular,2,0,unknown,0
42,management,married,tertiary,no,-626,no,yes,cellular,2,0,unknown,1
46,management,single,unknown,no,2231,yes,no,unknown,1,0,unknown,1
44,blue-collar,married,secondary,no,592,no,no,unknown,2,0,unknown,0
32,housemaid,single,primary,no,360,no,no,cellular,1,0,unknown,1
35,blue-collar,single,primary,no,109,yes,no,cellular,2,0,unknown,0
32,blue-collar,divorced,secondary,no,1169,yes,no,unknown,1,2,unknown,0
30,technician,single,secondary,no,0,yes,no,cellular,7,0,unknown,0
49,self-employed,married,secondary,no,1172,yes,yes,cellular,2,0,unknown,0
30,management,divorced,secondary,no,16264,yes,no,cellular,5,0,unknown,0
45,unemployed,married,secondary,no,7353,no,yes,cellular,1,0,unknown,0
42,admin.,single,unknown,no,0,no,no,cellular,2,0,unknown,0
52,blue-collar,married,secondary,no,282,yes,no,cellular,2,1,unknown,0
27,unemployed,divorced,secondary,no,-26,no,no,unknown,1,0,unknown,0
46,blue-collar,single,primary,no,473,no,yes,cellular,8,0,failure,0
43,blue-collar,single,tertiary,no,424,yes,no,cellular,1,0,unknown,0
23,entrepreneur,married,primary,no,985,yes,yes,cellular,2,0,failure,0
47,services,divorced,secondary,no,9216,yes,no,cellular,2,0,unknown,0
30,unemployed,married,tertiary,no,959,yes,no,cellular,1,0,unknown,0
27,technician,married,tertiary,no,256,no,yes,unknown,6,0,unknown,0
33,technician,married,secondary,no,331,yes,yes,unknown,8,0,unknown,0
29,blue-collar,married,secondary,no,1970,yes,no,unknown,7,0,unknown,0
36,blue-collar,married,secondary,no,59,no,yes,cellular,1,0,unknown,0
63,blue-collar,married,secondary,no,0,yes,yes,cellular,2,0,unknown,1
48,housemaid,married,primary,no,1514,no,no,cellular,4,0,unknown,0
54,management,married,secondary,no,2587,no,no,cellular,1,0,unknown,0
51,technician,married,unknown,no,8,yes,no,unknown,3,0,unknown,0
39,management,married,tertiary,no,3727,yes,no,cellular,2,0,unknown,0
31,services,married,tertiary,no,139,no,no,cellular,1,0,unknown,0
32,technician,single,secondary,no,442,yes,yes,cellular,3,0,unknown,0
50,services,married,secondary,no,1378,yes,no,cellular,11,0,unknown,0
26,admin.,married,tertiary,no,2678,yes,yes,cellular,6,0,unknown,0
38,retired,married,secondary,no,414,no,no,unknown,1,0,unknown,0
55,blue-collar,married,secondary,no,4503,no,yes,cellular,1,0,other,0
53,management,married,secondary,no,25,yes,no,telephone,10,0,unknown,0
32,technician,married,secondary,no,0,yes,no,cellular,1,1,unknown,0
55,management,single,secondary,no,86,yes,no,unknown,2,0,unknown,1
43,management,single,tertiary,no,215,yes,no,unknown,1,0,unknown,0
57,management,married,secondary,no,575,yes,no,cellular,3,0,unknown,1
43,unemployed,divorced,tertiary,no,524,no,yes,cellular,1,0,unknown,0
58,blue-collar,married,secondary,no,1040,yes,no,cellular,6,0,unknown,1
49,technician,married,primary,no,1623,yes,yes,cellular,2,0,unknown,0
44,housemaid,divorced,secondary,no,242,no,no,cellular,2,0,unknown,1
61,technician,married,secondary,no,361,yes,no,cellular,1,1,unknown,0
37,admin.,married,primary,no,1281,yes,no,cellular,2,0,unknown,0
55,unknown,single,tertiary,no,1111,yes,no,cellular,2,0,success,0
32,admin.,single,secondary,no,0,no,yes,telephone,2,0,unknown,0
34,blue-collar,divorced,secondary,no,1209,yes,no,unknown,2,0,unknown,0
32,management,married,secondary,no,609,yes,yes,cellular,1,0,failure,0
51,retired,married,tertiary,no,1066,no,yes,cellular,1,1,unknown,1
37,services,married,tertiary,no,828,yes,no,cellular,2,0,unknown,0
45,blue-collar,married,tertiary,no,1193,no,no,unknown,2,0,unknown,0
37,housemaid,married,primary,no,353,no,no,cellular,1,2,unknown,1
58,management,single,secondary,no,994,yes,no,cellular,10,0,unknown,1
46,services,single,tertiary,no,648,no,no,cellular,2,0,unknown,0
32,technician,married,secondary,no,275,yes,no,unknown,1,0,success,1
35,technician,married,secondary,no,134,no,no,cellular,2,3,unknown,0
51,entrepreneur,married,secondary,no,20,yes,no,cellular,2,0,unknown,0
30,admin.,married,secondary,no,-81,yes,no,cellular,2,0,unknown,1
24,services,single,tertiary,no,1466,no,no,unknown,1,8,unknown,0
49,retired,married,tertiary,no,712,yes,no,cellular,1,0,unknown,0
64,technician,married,secondary,no,1987,yes,yes,cellular,1,0,unknown,0
31,services,single,tertiary,no,872,no,no,cellular,1,0,unknown,0
48,entrepreneur,married,tertiary,no,8,no,no,cellular,3,0,unknown,0
38,technician,married,primary,no,198,yes,no,unknown,4,0,unknown,0
33,technician,married,secondary,no,-246,yes,no,unknown,2,1,failure,0
31,housemaid,married,tertiary,no,763,yes,no,cellular,1,0,unknown,1
41,management,married,tertiary,no,1065,yes,yes,unknown,3,0,unknown,0
44,blue-collar,married,tertiary,no,591,no,no,cellular,2,0,success,0
47,services,married,secondary,no,-336,yes,no,cellular,1,0,unknown,0
48,retired,single,secondary,no,1625,no,no,cellular,7,0,success,0
57,admin.,single,primary,no,255,yes,no,cellular,1,0,unknown,0
49,services,divorced,primary,no,744,yes,no,unknown,1,0,unknown,0
43,technician,divorced,secondary,no,1427,yes,yes,unknown,2,2,unknown,0
32,management,single,secondary,no,169,no,no,cellular,3,0,unknown,0
25,unemployed,married,secondary,no,-710,no,no,unknown,1,0,success,0
41,retired,single,tertiary,no,0,yes,no,cellular,1,0,unknown,0
28,management,married,secondary,no,879,no,no,cellular,1,0,failure,0
42,management,married,secondary,no,4554,no,no,cellular,2,0,unknown,0
58,technician,married,tertiary,no,123,yes,no,unknown,5,0,unknown,0
35,management,married,secondary,no,61,no,no,cellular,1,2,unknown,0
62,technician,divorced,secondary,no,-1,no,no,cellular,3,0,unknown,0
50,management,married,secondary,no,826,yes,no,unknown,1,0,unknown,0
40,retired,divorced,secondary,no,187,yes,no,unknown,1,3,failure,0
40,blue-collar,married,tertiary,no,255,no,yes,telephone,2,0,other,0
51,technician,married,tertiary,no,-15,yes,no,cellular,1,2,unknown,0
39,management,married,secondary,no,454,no,no,cellular,5,0,unknown,0
59,self-employed,married,tertiary,no,2030,yes,no,cellular,1,0,success,0
55,management,married,secondary,no,20,yes,no,cellular,1,0,unknown,0
37,technician,married,secondary,no,2275,yes,no,unknown,1,0,unknown,0
65,admin.,married,secondary,no,189,no,no,cellular,2,5,unknown,0
42,technician,married,secondary,no,1784,yes,no,cellular,1,0,unknown,0
30,management,single,tertiary,no,5799,no,no,cellular,6,1,unknown,0
56,admin.,married,secondary,yes,2420,no,yes,unknown,2,0,success,0
30,self-employed,divorced,secondary,no,2718,yes,yes,cellular,2,0,unknown,0
32,admin.,married,tertiary,no,20,yes,no,cellular,2,3,unknown,0
43,admin.,single,secondary,no,2013,yes,yes,cellular,2,0,failure,0
52,unknown,divorced,secondary,no,0,no,no,cellular,1,0,other,0
31,housemaid,married,primary,no,994,yes,yes,cellular,7,0,unknown,0
34,management,single,secondary,no,2893,no,no,cellular,1,0,unknown,1
57,blue-collar,married,secondary,no,3485,yes,no,cellular,2,1,unknown,0
34,technician,married,tertiary,no,109,yes,yes,cellular,3,0,unknown,0
30,blue-collar,married,secondary,no,1325,yes,no,unknown,1,0,unknown,0
32,blue-collar,married,tertiary,no,1691,no,no,cellular,1,0,unknown,1
39,management,married,tertiary,no,2306,yes,no,cellular,2,0,unknown,0
71,retired,married,secondary,no,197,yes,no,cellular,1,0,unknown,0
41,blue-collar,married,tertiary,no,1045,no,no,cellular,5,0,unknown,0
55,retired,married,secondary,no,792,no,no,cellular,1,18,unknown,0
28,technician,married,secondary,no,3782,no,no,unknown,2,0,unknown,0
55,technician,married,tertiary,no,5739,no,no,cellular,4,0,failure,0
26,services,married,secondary,no,0,yes,no,cellular,2,0,unknown,0
48,admin.,married,secondary,no,214,yes,no,cellular,1,0,unknown,0
41,services,married,tertiary,no,-259,no,yes,cellular,1,0,unknown,1
41,blue-collar,married,secondary,no,12223,yes,no,cellular,1,2,unknown,0
66,retired,married,primary,no,2322,yes,yes,cellular,3,0,other,0
30,management,married,secondary,no,751,yes,no,cellular,3,0,unknown,0
45,technician,married,secondary,no,2160,yes,no,cellular,2,0,unknown,0
30,entrepreneur,married,primary,no,6968,yes,no,telephone,17,0,success,0
57,services,married,secondary,no,201,no,no,cellular,1,0,unknown,0
38,management,married,secondary,no,0,no,no,cellular,2,0,unknown,0
43,technician,divorced,secondary,no,276,yes,no,unknown,5,0,unknown,0
40,management,married,secondary,no,483,no,no,cellular,1,2,failure,0
26,services,single,tertiary,no,0,yes,no,cellular,1,0,unknown,0
43,management,married,tertiary,no,1467,yes,no,cellular,4,0,unknown,0
32,entrepreneur,divorced,secondary,no,128,no,no,cellular,2,0,unknown,0
34,management,single,primary,no,4994,no,no,cellular,3,0,unknown,0
42,entrepreneur,married,secondary,no,0,no,no,unknown,2,0,failure,0
49,unemployed,married,tertiary,no,989,no,no,unknown,2,0,unknown,0
50,unemployed,single,tertiary,no,86,yes,yes,cellular,5,0,unknown,0
34,management,divorced,tertiary,no,26,no,no,cellular,1,0,unknown,0
57,unemployed,married,primary,no,9,no,no,unknown,1,0,unknown,0
31,technician,married,secondary,no,0,yes,no,cellular,3,0,unknown,0
45,self-employed,single,secondary,no,125,no,no,unknown,2,0,unknown,0
32,management,single,secondary,no,3762,no,no,cellular,1,0,unknown,0
47,blue-collar,married,primary,no,641,yes,no,telephone,1,0,unknown,0
29,housemaid,single,tertiary,no,112,no,no,cellular,12,0,unknown,0
31,retired,married,unknown,no,759,no,no,unknown,2,0,unknown,0
51,blue-collar,single,secondary,no,1415,yes,no,unknown,2,0,unknown,0
53,services,single,tertiary,no,424,yes,yes,unknown,2,0,unknown,0
37,technician,married,secondary,no,1274,no,no,cellular,1,0,unknown,0
37,management,married,unknown,no,81,yes,no,cellular,1,0,unknown,0
40,blue-collar,married,unknown,no,171,yes,no,unknown,3,0,failure,0
43,management,single,primary,no,-715,no,no,unknown,1,0,unknown,0
53,blue-collar,single,primary,no,759,yes,no,cellular,1,0,failure,0
49,management,single,unknown,no,471,no,yes,cellular,1,0,unknown,0
36,management,married,secondary,no,430,yes,yes,cellular,3,0,unknown,0
42,management,single,secondary,no,3074,no,no,cellular,1,0,unknown,0
32,admin.,divorced,tertiary,no,-518,yes,no,cellular,1,0,unknown,0
61,management,married,secondary,no,456,yes,no,unknown,1,2,unknown,0
45,technician,married,secondary,no,-333,yes,no,telephone,4,0,failure,0
48,student,single,secondary,no,16063,no,no,unknown,1,0,unknown,0
56,retired,married,secondary,no,122,yes,no,cellular,2,0,unknown,0
34,management,single,secondary,no,415,no,no,telephone,1,0,unknown,0
42,blue-collar,married,primary,no,302,yes,no,unknown,1,0,unknown,0
56,blue-collar,single,secondary,no,0,no,no,cellular,2,2,unknown,0
32,blue-collar,divorced,tertiary,no,2179,yes,no,cellular,6,0,success,1
36,management,single,secondary,no,-179,yes,no,cellular,2,0,unknown,0
79,blue-collar,married,primary,no,2700,yes,no,unknown,3,0,failure,1
31,management,single,unknown,no,3083,yes,no,unknown,5,0,unknown,0
48,technician,divorced,primary,no,4820,yes,no,unknown,3,0,unknown,0
27,technician,married,secondary,no,1557,yes,yes,cellular,3,0,unknown,0
26,entrepreneur,single,tertiary,no,-28,no,no,cellular,25,0,failure,0
46,services,married,secondary,no,8295,yes,yes,cellular,2,0,other,1
32,admin.,married,primary,no,33,no,yes,cellular,13,0,unknown,1
39,retired,married,tertiary,no,206,no,no,cellular,2,0,unknown,0
55,admin.,married,secondary,no,1409,yes,no,cellular,2,0,unknown,0
29,technician,married,tertiary,no,494,no,no,cellular,1,4,unknown,0
53,unemployed,single,tertiary,no,132,yes,no,unknown,1,0,unknown,0
35,management,married,secondary,no,-53,no,no,unknown,2,0,unknown,0
40,blue-collar,married,secondary,no,-630,no,no,cellular,2,6,unknown,0
30,management,married,unknown,no,1080,yes,no,cellular,1,3,unknown,0
39,blue-collar,married,secondary,no,1598,no,yes,cellular,3,0,unknown,1
34,blue-collar,single,secondary,no,199,yes,no,cellular,1,2,unknown,0
33,management,divorced,secondary,no,0,no,no,cellular,2,3,unknown,0
53,management,divorced,primary,no,474,yes,yes,cellular,2,0,unknown,1
27,technician,divorced,secondary,no,0,no,yes,cellular,1,0,unknown,0
51,management,married,primary,no,1904,no,no,cellular,1,3,unknown,0
38,blue-collar,divorced,secondary,no,1819,yes,no,unknown,2,0,unknown,0
45,admin.,single,secondary,no,1504,no,no,cellular,1,0,unknown,1
36,admin.,single,secondary,no,31,no,no,cellular,1,0,unknown,0
34,management,divorced,tertiary,no,14,yes,yes,cellular,4,0,unknown,0
40,admin.,divorced,tertiary,no,1480,no,no,cellular,2,0,unknown,1
43,blue-collar,single,tertiary,no,1109,yes,no,cellular,1,0,unknown,0
34,technician,married,tertiary,no,308,yes,yes,unknown,6,0,unknown,0
48,services,married,primary,no,50,no,no,unknown,1,1,unknown,0
52,management,married,secondary,no,426,no,yes,unknown,2,0,unknown,1
38,blue-collar,divorced,secondary,no,4567,no,yes,cellular,2,1,unknown,0
32,self-employed,married,primary,no,-148,yes,no,cellular,8,0,failure,1
41,technician,divorced,unknown,no,218,yes,no,unknown,1,0,failure,0
30,housemaid,married,tertiary,no,3540,yes,no,unknown,1,0,unknown,0
47,housemaid,married,tertiary,no,6610,no,no,unknown,1,0,unknown,0
45,unknown,married,tertiary,no,574,yes,no,unknown,3,0,unknown,0
63,blue-collar,divorced,secondary,no,2843,no,no,cellular,2,0,unknown,0
31,technician,divorced,tertiary,no,613,no,no,cellular,2,0,unknown,1
35,technician,married,secondary,no,0,no,yes,cellular,2,0,failure,0
49,technician,married,secondary,no,23,no,no,cellular,2,2,unknown,0
32,management,married,secondary,no,5039,yes,no,cellular,1,0,unknown,0
47,student,married,secondary,no,4906,no,no,cellular,2,4,unknown,0
52,management,married,unknown,no,353,no,no,cellular,2,8,unknown,0
59,retired,divorced,secondary,no,16264,no,no,unknown,3,0,unknown,0
43,technician,single,secondary,no,1588,yes,no,cellular,5,2,unknown,1
38,student,married,secondary,no,-402,no,no,cellular,2,2,unknown,0
56,blue-collar,divorced,primary,no,77,yes,no,cellular,4,0,unknown,1
25,admin.,married,secondary,no,265,yes,no,unknown,2,1,unknown,0
49,blue-collar,divorced,secondary,no,744,no,no,cellular,1,0,unknown,0
36,admin.,single,secondary,no,8556,no,no,unknown,1,4,unknown,0
34,management,single,secondary,no,189,yes,no,cellular,6,0,unknown,0
35,retired,married,secondary,no,319,yes,no,telephone,9,0,unknown,0
50,services,married,unknown,no,343,no,no,cellular,1,0,other,0
25,blue-collar,married,secondary,no,247,no,no,unknown,7,0,unknown,0
44,blue-collar,married,tertiary,no,139,no,no,unknown,1,0,failure,0
44,self-employed,single,tertiary,no,428,no,no,cellular,2,0,unknown,0
34,blue-collar,single,secondary,no,640,yes,yes,cellular,1,0,unknown,0
29,student,married,tertiary,no,934,yes,no,unknown,1,0,unknown,0
55,services,married,secondary,no,1265,yes,no,telephone,7,2,unknown,0
43,blue-collar,divorced,secondary,no,32,yes,yes,unknown,2,0,unknown,0
31,admin.,married,primary,no,1598,yes,no,unknown,3,0,unknown,0
32,retired,married,tertiary,no,5137,no,no,unknown,1,0,unknown,0
28,management,single,unknown,no,363,yes,no,unknown,2,0,failure,0
37,blue-collar,married,secondary,no,249,yes,yes,cellular,2,0,unknown,0
55,entrepreneur,married,secondary,no,2815,no,no,cellular,12,0,unknown,0
27,self-employed,divorced,tertiary,no,7,no,no,unknown,15,0,failure,0
46,services,single,primary,no,57,yes,no,cellular,1,0,unknown,0
35,management,divorced,tertiary,no,81,yes,no,telephone,2,0,failure,0
53,management,married,secondary,no,0,no,no,unknown,1,1,unknown,0
42,admin.,married,secondary,no,2225,no,no,unknown,2,0,unknown,0
45,technician,married,secondary,no,50,no,no,cellular,2,7,unknown,0
32,services,single,secondary,no,70,no,no,cellular,1,0,unknown,1
43,entrepreneur,married,secondary,no,2537,no,no,telephone,2,0,unknown,0
53,management,married,secondary,no,-34,no,no,cellular,3,0,unknown,0
30,technician,single,unknown,no,629,yes,no,telephone,14,0,unknown,0
37,blue-collar,single,secondary,no,6307,yes,no,cellular,1,0,unknown,0
41,admin.,single,secondary,no,3419,yes,no,cellular,1,1,unknown,1
47,technician,married,primary,no,0,yes,no,unknown,14,0,unknown,0
45,technician,single,secondary,no,276,yes,no,cellular,3,2,unknown,0
55,technician,single,secondary,no,1240,no,no,unknown,1,0,unknown,0
69,management,divorced,secondary,no,473,yes,no,cellular,1,0,unknown,0
31,management,married,secondary,no,1088,yes,no,cellular,1,0,failure,0
40,unemployed,married,secondary,no,106,no,no,cellular,2,0,unknown,0
66,retired,married,secondary,no,715,yes,no,cellular,1,0,unknown,0
31,technician,divorced,primary,no,2039,yes,yes,cellular,1,1,unknown,0
57,blue-collar,married,primary,no,287,no,no,unknown,1,2,unknown,1
42,retired,married,tertiary,no,516,no,no,telephone,2,0,unknown,0
50,admin.,married,secondary,no,4075,no,no,cellular,1,0,unknown,0
50,management,married,secondary,no,4143,yes,no,cellular,3,0,unknown,0
59,management,single,secondary,no,20,no,no,cellular,3,3,unknown,0
34,blue-collar,married,secondary,no,629,no,yes,cellular,3,0,failure,0
49,technician,single,secondary,no,-905,yes,no,cellular,1,0,unknown,0
50,management,married,tertiary,no,714,no,no,cellular,1,0,unknown,0
40,admin.,single,secondary,no,79,yes,no,unknown,1,0,unknown,0
57,admin.,married,secondary,no,8627,no,no,telephone,1,0,unknown,0
36,management,single,tertiary,no,0,yes,no,cellular,1,0,unknown,0
42,blue-collar,married,primary,no,3215,yes,no,cellular,1,0,unknown,0
31,technician,married,tertiary,no,33,no,no,cellular,6,0,success,1
39,self-employed,single,primary,no,434,no,no,cellular,1,0,unknown,1
33,blue-collar,divorced,secondary,no,474,yes,no,cellular,3,0,unknown,0
35,technician,married,secondary,no,739,no,no,cellular,1,0,unknown,0
41,management,married,secondary,no,1297,yes,no,cellular,1,1,unknown,0
83,services,married,tertiary,no,381,yes,no,cellular,1,7,unknown,0
33,admin.,single,secondary,no,-461,yes,no,cellular,1,0,unknown,0
35,services,married,unknown,no,1469,no,no,cellular,1,0,unknown,0
47,management,married,primary,no,5291,no,no,unknown,3,2,unknown,0
61,admin.,divorced,secondary,no,0,yes,no,cellular,1,0,unknown,0
28,management,married,secondary,no,484,no,no,cellular,4,0,unknown,0
54,management,married,secondary,no,-1148,no,no,cellular,8,0,unknown,0
50,services,single,secondary,no,157,yes,no,cellular,1,0,unknown,0
35,technician,married,secondary,no,641,no,no,cellular,1,0,unknown,0
53,technician,married,unknown,no,4374,yes,no,cellular,2,0,unknown,0
30,entrepreneur,married,secondary,no,978,no,no,cellular,2,0,unknown,0
35,student,married,secondary,no,105,no,no,cellular,2,0,unknown,0
35,admin.,single,secondary,no,4908,yes,yes,telephone,3,0,failure,0
29,unemployed,divorced,tertiary,no,132,yes,no,telephone,1,0,unknown,0
26,student,married,secondary,no,461,no,no,cellular,4,0,unknown,1
55,blue-collar,married,tertiary,no,109,no,no,cellular,15,0,unknown,0
36,management,divorced,primary,no,5597,yes,yes,cellular,1,0,failure,0
59,technician,single,tertiary,no,287,no,yes,cellular,4,0,unknown,0
58,unemployed,married,tertiary,no,3337,no,yes,cellular,2,0,unknown,0
35,management,married,secondary,no,1070,no,no,cellular,2,3,unknown,0
31,services,married,tertiary,no,1102,yes,no,cellular,3,0,unknown,0
57,technician,divorced,secondary,no,1139,no,no,cellular,1,2,success,0
33,blue-collar,divorced,tertiary,no,0,no,no,cellular,4,0,unknown,1
59,entrepreneur,married,secondary,no,489,no,yes,telephone,2,0,success,0
28,technician,married,secondary,no,1623,no,no,cellular,2,0,failure,0
47,management,married,tertiary,yes,318,yes,no,cellular,12,0,unknown,0
40,unemployed,married,secondary,no,52,yes,yes,cellular,2,0,unknown,0
34,admin.,divorced,tertiary,no,4232,yes,no,cellular,2,0,unknown,0
34,technician,married,secondary,no,188,no,no,cellular,1,0,unknown,0
34,management,married,secondary,no,257,yes,no,unknown,3,0,unknown,0
28,self-employed,married,secondary,no,757,yes,yes,cellular,18,0,unknown,1
37,technician,married,secondary,no,-149,yes,no,cellular,13,2,unknown,0
41,technician,married,secondary,no,3472,yes,no,cellular,1,0,unknown,0
75,self-employed,married,primary,no,342,yes,no,cellular,1,0,unknown,0
32,blue-collar,married,secondary,no,-219,yes,no,cellular,14,0,unknown,0
36,blue-collar,divorced,secondary,no,192,no,no,cellular,1,0,unknown,0
32,management,divorced,secondary,no,12,yes,yes,cellular,2,3,unknown,0
22,technician,married,secondary,no,23,no,no,cellular,4,0,unknown,1
36,management,married,unknown,no,1949,yes,yes,cellular,4,0,unknown,0
45,services,single,secondary,no,23,yes,no,cellular,8,0,other,0
60,services,married,tertiary,no,202,yes,no,cellular,2,0,unknown,0
49,blue-collar,married,tertiary,no,1242,yes,yes,cellular,2,0,unknown,0
32,management,married,tertiary,no,151,yes,no,unknown,2,0,unknown,0
33,blue-collar,single,primary,no,6,yes,no,cellular,2,0,unknown,0
54,admin.,single,secondary,no,3170,no,no,cellular,2,2,unknown,0
58,student,single,unknown,no,3463,no,no,cellular,1,0,unknown,0
32,entrepreneur,married,tertiary,no,133,yes,yes,unknown,1,0,unknown,0
58,technician,married,unknown,no,5431,yes,no,telephone,1,0,unknown,0
33,management,married,secondary,no,470,yes,no,cellular,2,0,failure,0
38,services,married,secondary,no,17,yes,no,unknown,2,0,unknown,1
27,blue-collar,single,secondary,no,2201,yes,no,cellular,4,0,unknown,0
30,services,married,primary,no,1420,no,no,unknown,6,0,unknown,1
71,management,married,secondary,no,131,yes,no,unknown,1,0,unknown,0
45,admin.,divorced,tertiary,no,16264,no,no,unknown,2,0,unknown,0
37,student,married,secondary,no,1269,yes,no,cellular,5,0,unknown,0
32,admin.,married,tertiary,no,427,yes,no,cellular,5,0,unknown,0
32,management,single,tertiary,no,167,no,no,cellular,2,0,failure,0
37,blue-collar,married,tertiary,no,472,yes,no,cellular,1,0,other,1
34,management,married,tertiary,no,3516,no,no,cellular,1,0,unknown,0
29,admin.,single,secondary,no,2789,no,no,telephone,2,8,failure,0
25,admin.,married,tertiary,no,5498,yes,no,cellular,2,0,unknown,0
26,technician,married,tertiary,no,0,no,no,cellular,5,0,other,0
55,technician,married,primary,no,608,yes,yes,unknown,1,0,unknown,0
48,technician,single,tertiary,no,-1746,yes,no,telephone,3,0,unknown,0
32,self-employed,married,secondary,no,1598,yes,yes,cellular,2,0,unknown,0
49,admin.,single,primary,no,532,no,no,unknown,1,3,unknown,1
56,management,single,tertiary,no,267,no,yes,unknown,2,0,unknown,0
28,services,divorced,tertiary,no,1700,no,no,cellular,1,1,failure,0
44,management,married,primary,no,136,no,no,cellular,1,0,unknown,1
44,retired,married,unknown,no,1661,yes,no,unknown,2,0,unknown,0
27,unemployed,divorced,primary,no,-163,no,no,cellular,1,0,unknown,0
24,management,divorced,secondary,no,1464,yes,no,telephone,3,1,unknown,0
29,admin.,married,secondary,no,4198,yes,no,cellular,4,1,unknown,0
48,admin.,married,unknown,no,1092,yes,no,cellular,5,0,failure,0
47,blue-collar,divorced,tertiary,no,60,yes,no,unknown,2,2,other,0
35,admin.,single,secondary,no,73,yes,no,cellular,1,0,unknown,0
26,blue-collar,married,unknown,no,104,yes,no,cellular,2,3,unknown,0
58,technician,married,secondary,no,5116,no,no,cellular,2,1,unknown,1
41,self-employed,married,primary,no,106,yes,no,unknown,3,0,failure,0
80,blue-collar,married,secondary,no,0,no,no,cellular,3,0,unknown,0
37,services,married,tertiary,no,1159,yes,no,cellular,2,0,unknown,0
50,admin.,single,tertiary,no,995,no,no,unknown,2,0,failure,0
39,self-employed,married,secondary,no,1076,yes,no,unknown,1,0,unknown,0
30,technician,divorced,tertiary,no,1667,no,yes,cellular,5,0,unknown,0
37,retired,single,secondary,no,2764,no,no,cellular,4,0,unknown,0
43,blue-collar,married,secondary,no,27,yes,no,cellular,2,0,unknown,1
33,retired,married,tertiary,no,-84,yes,no,cellular,4,0,unknown,0
48,blue-collar,married,secondary,no,-399,no,no,unknown,1,0,unknown,0
34,retired,married,secondary,no,320,yes,yes,cellular,1,0,unknown,0
42,services,married,secondary,no,474,no,no,unknown,1,0,unknown,0
60,blue-collar,married,secondary,no,769,yes,no,cellular,1,0,unknown,0
44,admin.,married,secondary,yes,67,yes,no,cellular,1,1,unknown,0
58,technician,married,tertiary,no,-312,no,no,cellular,1,0,failure,0
51,technician,married,secondary,no,4667,yes,no,unknown,3,0,unknown,0
47,blue-collar,married,secondary,no,-495,no,no,cellular,1,0,unknown,1
42,admin.,married,secondary,no,704,no,no,unknown,2,0,unknown,0
34,management,single,secondary,no,-121,no,no,cellular,2,0,unknown,0
47,unemployed,single,secondary,no,3,yes,no,unknown,3,0,unknown,0
48,self-employed,married,tertiary,no,701,yes,no,cellular,1,0,unknown,0
46,unemployed,married,secondary,no,459,no,no,cellular,1,0,unknown,0
41,entrepreneur,married,unknown,no,6619,yes,no,cellular,1,1,unknown,0
55,management,married,secondary,no,288,no,no,cellular,1,0,unknown,0
38,blue-collar,single,secondary,no,9305,yes,no,unknown,1,0,unknown,0
83,technician,married,unknown,no,406,no,no,cellular,1,4,other,0
40,entrepreneur,married,tertiary,no,1117,yes,no,unknown,1,0,unknown,0
33,retired,married,secondary,no,-67,yes,no,unknown,1,0,unknown,0
48,admin.,single,secondary,no,1180,yes,no,unknown,2,0,failure,0
29,technician,single,tertiary,no,625,no,yes,unknown,1,2,unknown,0
39,services,married,secondary,no,1265,no,no,unknown,1,0,unknown,0
35,retired,married,tertiary,no,160,no,yes,unknown,2,0,unknown,0
32,management,married,secondary,no,493,no,no,cellular,1,0,unknown,0
27,self-employed,married,primary,no,0,yes,no,cellular,2,0,unknown,0
32,blue-collar,married,secondary,no,10787,no,yes,cellular,1,0,unknown,0
41,retired,married,secondary,no,-3,no,no,cellular,4,0,failure,0
34,blue-collar,married,tertiary,no,16,no,no,cellular,2,0,unknown,0
45,admin.,married,tertiary,no,49,no,yes,cellular,3,0,unknown,0
28,services,married,tertiary,no,131,yes,no,cellular,1,0,unknown,0
33,blue-collar,married,secondary,no,-121,no,no,telephone,1,3,unknown,0
46,admin.,married,secondary,no,445,yes,no,unknown,3,1,unknown,1
32,management,married,tertiary,no,1291,no,no,cellular,11,0,unknown,0
47,retired,married,secondary,no,297,yes,no,cellular,2,0,unknown,0
41,technician,married,secondary,no,351,yes,no,unknown,3,0,unknown,0
31,blue-collar,single,secondary,no,0,yes,no,unknown,4,0,unknown,0
31,blue-collar,married,secondary,no,1325,no,yes,cellular,1,0,other,0
42,self-employed,married,secondary,no,-107,yes,yes,unknown,2,0,failure,0
42,blue-collar,single,tertiary,no,315,yes,no,unknown,2,0,unknown,0
47,services,divorced,tertiary,no,781,yes,no,unknown,1,0,unknown,0
26,technician,single,unknown,no,306,yes,no,cellular,1,1,success,0
45,management,married,secondary,no,1086,yes,yes,unknown,1,0,unknown,0
34,retired,married,secondary,no,605,yes,yes,cellular,2,0,unknown,0
37,unemployed,married,secondary,no,478,yes,yes,cellular,1,2,unknown,0
58,blue-collar,married,unknown,no,5172,yes,no,cellular,2,0,unknown,0
24,technician,married,primary,no,-296,yes,yes,cellular,1,0,unknown,0
39,blue-collar,married,secondary,no,21244,no,yes,unknown,5,0,failure,0
59,management,married,unknown,no,462,no,no,unknown,1,0,failure,0
29,admin.,divorced,tertiary,no,189,yes,no,cellular,4,0,unknown,0
34,blue-collar,married,secondary,no,1158,no,no,unknown,1,1,failure,0
25,retired,married,primary,no,812,yes,no,unknown,1,0,unknown,0
31,management,married,primary,no,-375,yes,no,cellular,3,0,unknown,0
27,blue-collar,married,secondary,no,12877,no,no,cellular,2,0,unknown,0
46,technician,married,unknown,no,4795,yes,no,cellular,1,6,unknown,0
49,unemployed,married,primary,no,8366,no,no,unknown,2,2,unknown,0
48,unemployed,single,secondary,no,1772,yes,no,cellular,5,0,success,0
31,technician,married,secondary,no,113,yes,no,cellular,2,2,unknown,0
54,management,single,tertiary,no,751,yes,yes,telephone,1,0,unknown,0
28,retired,single,secondary,no,2033,yes,no,cellular,1,0,unknown,0
71,admin.,divorced,secondary,no,3953,yes,no,cellular,1,0,unknown,0
27,services,married,secondary,no,0,no,no,telephone,2,1,unknown,1
26,admin.,single,secondary,no,690,no,yes,cellular,1,0,unknown,0
63,services,married,primary,no,318,yes,no,unknown,5,0,unknown,0
42,technician,married,secondary,no,149,yes,yes,cellular,2,0,unknown,0
34,admin.,divorced,primary,no,8312,yes,yes,unknown,2,0,unknown,0
34,blue-collar,married,secondary,no,624,no,no,cellular,2,0,unknown,0
42,entrepreneur,divorced,tertiary,no,178,no,no,cellular,7,0,unknown,0
36,technician,married,tertiary,no,109,no,no,telephone,2,0,unknown,0
53,blue-collar,married,secondary,no,4738,yes,yes,cellular,1,0,unknown,0
27,services,single,secondary,no,-3,no,no,cellular,5,0,unknown,0
38,technician,single,unknown,no,232,yes,no,cellular,4,0,unknown,0
29,services,married,primary,no,117,no,no,cellular,2,0,unknown,0
36,management,single,secondary,no,2,yes,no,cellular,1,0,unknown,1
28,technician,single,secondary,no,201,no,no,cellular,3,0,unknown,1
40,management,married,tertiary,no,1102,no,no,cellular,1,0,failure,0
58,services,married,secondary,no,636,yes,no,telephone,1,0,unknown,0
40,blue-collar,single,secondary,no,133,yes,no,cellular,4,0,unknown,0
30,self-employed,married,secondary,no,196,yes,no,cellular,1,0,unknown,0
54,technician,married,tertiary,no,291,yes,yes,cellular,1,0,failure,0
34,technician,single,unknown,no,100,yes,no,cellular,2,0,failure,0
53,unemployed,single,primary,no,769,no,no,cellular,1,0,unknown,1
72,technician,married,secondary,no,-892,yes,no,unknown,3,0,unknown,0
31,management,single,tertiary,no,419,yes,no,cellular,1,0,unknown,1
51,services,married,secondary,no,50,yes,no,telephone,1,0,unknown,0
42,admin.,married,secondary,no,218,no,no,telephone,5,0,unknown,0
44,technician,divorced,tertiary,no,0,no,no,cellular,2,0,other,0
44,admin.,married,secondary,no,6704,yes,yes,cellular,2,5,unknown,0
38,admin.,single,secondary,no,128,no,no,unknown,2,0,unknown,0
51,blue-collar,married,tertiary,no,20,no,no,cellular,1,0,unknown,0
54,blue-collar,married,tertiary,no,199,yes,no,unknown,1,0,unknown,0
69,blue-collar,married,tertiary,no,-97,yes,no,cellular,1,0,failure,0
51,management,married,primary,no,-200,yes,no,telephone,1,0,unknown,0
33,management,single,primary,no,470,no,no,cellular,2,0,unknown,0
48,management,married,tertiary,no,1032,yes,no,unknown,3,0,unknown,0
49,technician,married,secondary,no,900,yes,no,unknown,1,2,unknown,0
46,management,married,tertiary,no,848,no,no,unknown,1,0,unknown,0
38,technician,married,secondary,no,-464,no,no,cellular,16,0,unknown,0
32,admin.,married,tertiary,no,12519,no,no,unknown,1,0,failure,0
50,technician,married,primary,no,0,no,no,cellular,4,0,unknown,0
30,blue-collar,single,secondary,no,34,yes,no,cellular,4,0,unknown,0
47,self-employed,married,tertiary,no,462,yes,yes,cellular,4,0,unknown,0
36,unemployed,divorced,secondary,no,1100,yes,no,unknown,3,3,failure,0
34,blue-collar,married,unknown,no,228,yes,no,unknown,3,0,unknown,0
32,management,married,tertiary,no,592,yes,no,telephone,1,0,unknown,0
43,admin.,divorced,unknown,no,316,yes,no,cellular,1,0,unknown,0
35,technician,married,secondary,no,1219,no,no,cellular,2,0,unknown,1
34,housemaid,married,secondary,no,378,no,no,cellular,3,0,unknown,0
42,blue-collar,married,secondary,no,1070,yes,yes,cellular,2,0,unknown,0
52,services,married,primary,no,150,yes,yes,telephone,1,0,unknown,0
43,technician,married,primary,no,759,no,no,unknown,4,0,unknown,1
27,self-employed,divorced,secondary,no,86,yes,yes,unknown,2,1,unknown,0
59,entrepreneur,single,secondary,no,35,no,yes,cellular,1,0,other,0
46,management,married,secondary,no,1011,no,no,unknown,1,0,unknown,0
31,technician,single,primary,no,17555,yes,no,unknown,3,1,unknown,0
37,blue-collar,married,tertiary,no,2058,no,no,unknown,2,0,unknown,0
33,management,single,primary,no,4541,no,no,unknown,2,0,unknown,0
41,services,married,secondary,no,1033,yes,no,cellular,2,0,unknown,0
34,management,married,tertiary,no,231,no,yes,unknown,8,0,unknown,1
34,blue-collar,married,tertiary,no,1169,no,yes,cellular,12,4,unknown,0
32,retired,married,secondary,no,572,no,no,cellular,2,0,unknown,1
44,blue-collar,single,secondary,no,1429,yes,no,cellular,2,0,failure,0
34,blue-collar,divorced,secondary,no,148,yes,no,cellular,1,0,unknown,0
28,management,married,unknown,no,480,no,no,cellular,2,0,unknown,0
32,admin.,married,secondary,no,198,yes,no,cellular,1,1,unknown,0
58,management,married,tertiary,no,2830,yes,no,cellular,7,0,unknown,0
47,blue-collar,married,unknown,no,1175,yes,no,cellular,1,0,unknown,0
61,services,married,secondary,no,-54,no,yes,cellular,1,0,unknown,0
34,blue-collar,married,secondary,no,2106,yes,no,cellular,7,0,unknown,0
27,entrepreneur,single,secondary,no,4460,yes,no,unknown,3,6,unknown,0
61,blue-collar,married,secondary,no,616,no,no,unknown,3,0,unknown,0
33,technician,married,primary,no,511,yes,no,unknown,2,0,unknown,0
42,student,single,secondary,no,0,no,no,unknown,1,0,unknown,0
40,technician,divorced,tertiary,no,1044,no,no,unknown,2,0,unknown,0
37,self-employed,married,secondary,no,658,no,no,cellular,2,1,failure,0
38,technician,divorced,tertiary,no,3455,yes,no,cellular,1,2,unknown,0
57,technician,single,primary,no,413,yes,no,unknown,1,0,other,0
51,management,single,tertiary,no,3283,yes,no,cellular,2,0,unknown,0
53,admin.,married,primary,no,93,yes,no,cellular,1,0,unknown,0
41,technician,single,unknown,no,76,yes,no,cellular,3,0,unknown,0
60,admin.,married,secondary,no,591,no,yes,cellular,2,1,unknown,1
57,management,married,secondary,no,759,no,yes,telephone,2,0,unknown,0
45,management,married,secondary,no,4,yes,no,cellular,2,0,unknown,0
58,services,divorced,primary,no,2524,no,no,cellular,1,3,failure,1
41,blue-collar,divorced,primary,no,36,yes,no,unknown,2,0,unknown,0
41,retired,married,secondary,no,3334,no,no,telephone,6,5,unknown,0
59,services,single,tertiary,no,0,yes,no,cellular,1,0,unknown,1
53,management,married,secondary,no,151,no,no,cellular,1,2,unknown,0
24,technician,single,primary,no,1883,no,no,unknown,1,0,unknown,0
30,management,married,primary,no,0,no,no,unknown,1,0,unknown,0
25,housemaid,married,tertiary,no,1989,no,no,unknown,2,0,unknown,0
45,retired,married,secondary,no,507,yes,no,cellular,2,0,unknown,0
34,management,married,secondary,no,818,no,no,unknown,4,5,unknown,0
25,admin.,single,tertiary,no,231,no,no,unknown,3,6,failure,0
57,management,married,unknown,no,0,yes,no,cellular,2,0,failure,0
37,retired,married,tertiary,no,2,no,no,unknown,3,0,unknown,0
41,management,divorced,secondary,yes,198,yes,yes,cellular,2,1,unknown,0
31,entrepreneur,single,tertiary,no,1464,yes,no,cellular,1,0,unknown,0
29,blue-collar,married,tertiary,no,1988,no,yes,cellular,2,0,unknown,0
47,blue-collar,divorced,tertiary,no,83,no,no,cellular,2,0,failure,0
32,blue-collar,single,primary,no,541,no,yes,cellular,3,0,failure,0
38,blue-collar,married,secondary,no,706,yes,no,cellular,1,0,unknown,0
60,blue-collar,married,secondary,no,2098,no,no,cellular,2,0,unknown,0
29,blue-collar,single,secondary,no,991,yes,no,cellular,1,0,unknown,0
45,blue-collar,single,tertiary,no,2457,no,no,cellular,3,0,unknown,0
48,management,married,tertiary,no,995,yes,no,cellular,1,0,failure,0
35,management,married,secondary,no,14440,no,no,cellular,11,0,unknown,0
33,technician,divorced,secondary,no,92,no,no,cellular,2,0,failure,0
35,blue-collar,single,secondary,no,0,yes,no,cellular,5,0,unknown,0
36,services,married,primary,no,212,no,no,cellular,2,0,unknown,0
24,admin.,married,tertiary,no,787,yes,no,unknown,2,0,unknown,0
40,blue-collar,married,secondary,no,1203,yes,no,unknown,1,0,failure,0
37,blue-collar,married,tertiary,no,266,no,no,cellular,2,0,unknown,0
37,blue-collar,married,secondary,no,2262,no,no,cellular,1,0,unknown,0
60,services,married,secondary,no,46,yes,no,unknown,1,0,unknown,0
39,unemployed,single,secondary,no,0,no,no,telephone,10,0,unknown,0
46,blue-collar,single,secondary,no,0,yes,no,unknown,3,0,unknown,1
28,technician,married,tertiary,no,7317,yes,no,cellular,2,0,unknown,0
60,unemployed,divorced,secondary,no,297,yes,no,cellular,1,0,unknown,0
47,technician,married,secondary,no,334,yes,no,cellular,1,0,failure,0
48,services,married,secondary,no,133,yes,no,cellular,1,0,unknown,0
50,services,married,primary,no,-162,yes,no,cellular,4,0,unknown,0
58,self-employed,married,tertiary,no,216,no,no,cellular,7,0,unknown,1
38,retired,married,secondary,no,9207,yes,no,cellular,3,0,unknown,0
54,blue-collar,single,secondary,no,816,yes,no,unknown,3,0,unknown,0
53,technician,divorced,tertiary,no,-306,no,yes,cellular,1,0,other,0
41,blue-collar,married,secondary,no,456,yes,yes,cellular,4,0,unknown,0
36,management,married,tertiary,no,22,no,no,cellular,3,6,unknown,0
41,management,married,tertiary,no,-314,no,yes,unknown,1,0,success,0
30,self-employed,divorced,tertiary,no,267,no,no,cellular,1,0,unknown,0
31,admin.,single,primary,yes,5314,no,no,telephone,2,0,unknown,0
32,technician,single,secondary,yes,413,no,no,unknown,1,0,unknown,0
47,admin.,single,tertiary,no,399,no,no,cellular,2,0,unknown,0
32,blue-collar,married,primary,no,0,no,no,cellular,2,0,unknown,1
36,management,married,primary,no,973,yes,yes,cellular,2,0,unknown,0
30,admin.,single,tertiary,no,1174,no,yes,cellular,1,0,unknown,1
31,admin.,divorced,primary,no,-314,no,no,cellular,2,0,unknown,0
22,technician,single,secondary,no,0,yes,no,cellular,3,0,unknown,0
43,unemployed,married,secondary,no,-495,yes,no,cellular,2,0,unknown,0
57,blue-collar,married,tertiary,no,8304,yes,no,cellular,11,1,unknown,0
26,services,single,secondary,no,1149,yes,no,telephone,1,0,unknown,0
39,management,married,secondary,no,185,yes,no,unknown,1,0,unknown,1
55,admin.,divorced,primary,no,226,no,yes,cellular,2,0,unknown,1
44,technician,married,secondary,no,0,no,no,cellular,7,0,unknown,0
41,entrepreneur,single,secondary,no,42,yes,no,cellular,2,0,unknown,1
31,technician,divorced,secondary,no,0,no,no,unknown,2,0,unknown,0
57,services,married,secondary,no,12877,yes,no,cellular,3,0,unknown,0
34,admin.,married,secondary,no,127,yes,yes,cellular,2,0,other,1
34,management,single,secondary,no,595,no,no,cellular,1,0,failure,0
46,admin.,married,secondary,no,473,yes,no,cellular,2,0,unknown,0
66,management,married,secondary,no,362,no,no,unknown,1,0,unknown,0
33,services,married,secondary,no,470,yes,yes,cellular,3,1,unknown,0
41,management,married,primary,no,2646,yes,yes,unknown,4,0,unknown,1
43,services,married,secondary,no,1819,yes,no,unknown,2,0,unknown,0
33,management,married,primary,no,-17,no,no,unknown,1,0,unknown,0
30,self-employed,single,tertiary,no,4143,no,no,cellular,3,0,unknown,1
55,technician,single,unknown,no,36,yes,yes,cellular,6,0,unknown,0
44,unemployed,married,secondary,no,793,no,no,cellular,1,0,unknown,1
34,technician,married,secondary,no,2007,yes,no,cellular,7,0,unknown,0
21,admin.,married,secondary,yes,368,yes,no,unknown,2,0,unknown,0
30,unemployed,married,tertiary,no,201,yes,no,unknown,4,0,unknown,0
44,unemployed,divorced,primary,no,3025,yes,no,unknown,2,0,unknown,0
31,technician,married,primary,no,81,yes,no,cellular,32,0,unknown,0
27,blue-collar,married,secondary,no,52,yes,no,unknown,7,0,failure,0
56,management,married,secondary,no,302,no,yes,cellular,3,1,other,1
45,admin.,married,secondary,no,4943,yes,yes,cellular,2,5,unknown,1
57,blue-collar,married,secondary,no,204,no,no,telephone,4,0,unknown,1
43,retired,divorced,secondary,no,775,no,no,cellular,2,0,unknown,0
46,housemaid,single,secondary,no,3575,no,no,unknown,1,0,unknown,0
57,technician,single,secondary,no,7802,yes,no,cellular,4,0,unknown,0
39,entrepreneur,married,secondary,no,1960,yes,yes,cellular,1,0,unknown,0
34,unemployed,single,tertiary,no,0,no,yes,unknown,1,0,unknown,0
33,management,single,secondary,yes,0,yes,no,cellular,6,0,unknown,1
58,blue-collar,married,secondary,no,63,no,no,cellular,2,2,unknown,0
48,technician,married,secondary,no,1412,yes,no,cellular,1,0,unknown,0
46,technician,single,secondary,no,3403,yes,no,unknown,1,0,failure,1
47,self-employed,married,secondary,no,65,no,no,cellular,3,2,unknown,0
36,technician,married,secondary,no,631,no,no,cellular,1,1,unknown,0
51,entrepreneur,married,primary,no,0,yes,no,cellular,3,0,unknown,0
77,technician,single,tertiary,no,767,yes,yes,cellular,1,3,unknown,0
32,admin.,married,tertiary,no,39,yes,no,unknown,4,0,unknown,0
59,technician,married,tertiary,no,1206,yes,no,cellular,1,0,unknown,0
34,blue-collar,divorced,primary,no,137,yes,no,cellular,2,0,unknown,0
33,unknown,married,secondary,no,347,yes,no,unknown,5,0,unknown,0
31,services,married,tertiary,no,1295,yes,no,cellular,1,4,unknown,0
39,blue-collar,single,secondary,no,206,no,no,telephone,4,1,unknown,0
49,self-employed,single,secondary,no,206,yes,yes,cellular,1,0,other,0
32,management,single,tertiary,no,1927,yes,yes,cellular,1,0,unknown,0
55,management,married,secondary,no,3298,yes,no,cellular,1,2,other,0
34,admin.,married,secondary,no,4039,yes,no,cellular,4,1,unknown,0
35,technician,divorced,tertiary,no,238,no,no,unknown,2,2,unknown,0
57,unemployed,married,secondary,no,426,yes,no,cellular,1,0,other,0
58,services,married,tertiary,no,0,no,no,cellular,1,0,unknown,0
37,services,married,unknown,no,0,yes,no,cellular,1,0,unknown,0
38,blue-collar,married,tertiary,no,-97,no,no,cellular,2,0,unknown,0
56,management,married,secondary,no,2058,yes,no,unknown,1,0,failure,0
38,blue-collar,married,primary,no,290,yes,yes,cellular,1,0,unknown,0
59,blue-collar,married,primary,no,1005,yes,no,unknown,4,0,unknown,0
26,technician,married,tertiary,no,271,no,yes,cellular,2,0,unknown,0
25,management,married,secondary,no,177,yes,yes,cellular,2,1,unknown,1
44,management,married,tertiary,no,16264,no,no,cellular,1,0,unknown,0
45,admin.,single,secondary,no,1584,yes,yes,unknown,2,0,unknown,0
47,management,single,secondary,no,92,yes,no,cellular,3,0,unknown,0
44,blue-collar,married,unknown,no,382,no,no,cellular,4,0,failure,0
37,management,married,secondary,no,6102,yes,yes,cellular,2,0,unknown,0
62,unknown,married,secondary,no,1574,yes,no,cellular,2,1,unknown,0
30,blue-collar,married,unknown,no,704,no,no,cellular,1,1,success,0
40,technician,married,secondary,no,150,no,no,cellular,1,0,other,0
31,blue-collar,married,secondary,no,-11,yes,yes,cellular,8,0,unknown,0
31,management,married,secondary,no,17555,no,no,cellular,8,0,unknown,0
28,blue-collar,married,primary,no,84,yes,no,cellular,1,0,unknown,0
54,services,married,secondary,no,8262,yes,yes,cellular,1,0,unknown,0
51,retired,married,secondary,no,92,no,no,cellular,2,0,failure,1
56,blue-collar,single,primary,no,-471,yes,no,cellular,3,5,failure,0
42,management,married,tertiary,no,60,no,no,cellular,2,0,unknown,0
51,services,single,secondary,no,6968,yes,no,cellular,5,4,unknown,0
36,services,married,secondary,no,876,yes,no,unknown,2,0,unknown,0
44,technician,single,primary,no,9676,yes,no,cellular,1,0,unknown,0
30,services,married,secondary,no,22,no,yes,unknown,4,2,unknown,0
28,retired,single,tertiary,no,2524,no,no,unknown,2,0,failure,0
59,admin.,married,secondary,no,500,yes,no,cellular,4,1,other,0
54,blue-collar,married,secondary,no,2855,yes,no,cellular,3,0,unknown,0
60,management,married,tertiary,no,35,yes,no,cellular,2,0,failure,0
48,retired,single,tertiary,no,144,yes,yes,unknown,4,0,unknown,0
41,retired,married,unknown,no,-133,no,no,unknown,3,0,unknown,0
33,unemployed,married,secondary,no,329,no,no,unknown,10,0,unknown,0
31,admin.,married,secondary,no,396,yes,no,cellular,1,1,unknown,0
69,management,married,secondary,no,275,yes,no,cellular,2,0,success,0
32,unemployed,married,secondary,no,5108,no,no,cellular,2,0,unknown,0
28,blue-collar,married,secondary,no,680,yes,no,cellular,1,0,unknown,0
50,admin.,married,secondary,no,139,yes,no,cellular,1,0,unknown,0
44,services,married,secondary,no,182,no,no,unknown,3,0,unknown,0
34,services,married,secondary,no,3540,no,no,cellular,2,0,failure,0
38,services,married,secondary,no,61,no,no,unknown,2,0,other,0
49,services,divorced,secondary,no,-406,no,no,cellular,2,0,failure,0
45,technician,divorced,tertiary,no,0,no,no,cellular,2,0,failure,0
36,entrepreneur,married,secondary,no,1175,no,no,unknown,1,0,unknown,0
46,services,married,tertiary,no,518,no,no,cellular,1,0,unknown,0
34,housemaid,married,tertiary,no,14058,yes,no,cellular,1,0,unknown,0
31,retired,married,tertiary,no,747,no,no,unknown,1,0,unknown,0
57,technician,single,secondary,no,6945,yes,no,cellular,3,0,unknown,0
46,self-employed,divorced,tertiary,no,206,yes,no,cellular,1,0,unknown,0
37,blue-collar,married,primary,no,1260,yes,yes,cellular,1,6,unknown,0
53,blue-collar,single,tertiary,no,149,no,no,cellular,1,0,unknown,0
36,technician,married,tertiary,no,747,no,no,cellular,15,0,unknown,0
58,technician,single,tertiary,no,3762,yes,no,cellular,15,0,success,1
56,admin.,single,unknown,no,1295,yes,no,unknown,3,0,unknown,0
46,technician,married,secondary,no,86,no,no,cellular,1,0,unknown,0
53,admin.,married,secondary,no,1327,yes,no,cellular,2,0,unknown,0
41,management,single,tertiary,no,271,no,no,cellular,3,0,unknown,0
26,retired,married,primary,no,1808,yes,yes,unknown,2,7,unknown,0
34,unemployed,single,tertiary,no,487,yes,no,cellular,1,0,unknown,0
31,entrepreneur,single,secondary,no,981,yes,no,cellular,2,0,unknown,0
43,entrepreneur,married,secondary,no,1819,yes,no,unknown,2,0,unknown,0
53,entrepreneur,married,tertiary,no,400,yes,no,cellular,1,0,unknown,0
37,services,married,tertiary,no,122,yes,no,unknown,4,0,unknown,0
28,admin.,married,secondary,no,-242,yes,no,cellular,5,0,other,0
36,technician,divorced,secondary,no,653,yes,no,unknown,3,0,failure,0
38,entrepreneur,married,secondary,no,1671,yes,no,cellular,2,0,unknown,0
53,management,married,secondary,no,2269,no,no,unknown,1,0,failure,0
35,admin.,divorced,tertiary,no,9,yes,no,unknown,1,0,unknown,0
29,management,married,secondary,no,2707,no,no,cellular,1,0,unknown,0
32,management,married,secondary,no,493,yes,no,cellular,3,5,unknown,0
63,self-employed,married,tertiary,no,12519,no,no,cellular,9,0,failure,0
48,unemployed,married,primary,no,473,yes,no,unknown,1,0,unknown,0
46,management,single,secondary,no,747,no,no,unknown,2,0,success,0
49,student,married,tertiary,no,-3,no,yes,unknown,2,7,unknown,1
54,services,single,tertiary,no,5958,yes,no,cellular,8,1,unknown,0
55,technician,married,tertiary,no,1370,no,no,cellular,1,0,failure,0
37,services,married,tertiary,no,13229,yes,no,unknown,2,0,unknown,0
44,management,married,tertiary,no,100,yes,no,cellular,1,0,unknown,0
42,technician,married,primary,no,0,yes,no,cellular,5,0,unknown,0
46,management,married,unknown,no,63,no,no,cellular,1,0,unknown,0
77,management,married,tertiary,no,3,no,no,telephone,2,0,unknown,1
38,self-employed,single,secondary,no,0,no,no,cellular,4,1,unknown,0
39,management,married,secondary,no,744,yes,no,cellular,2,0,unknown,0
35,blue-collar,married,primary,no,-393,no,no,telephone,3,0,unknown,0
30,blue-collar,married,secondary,no,2096,no,no,unknown,2,2,unknown,0
35,admin.,single,secondary,no,0,yes,no,unknown,2,0,unknown,0
27,management,divorced,secondary,no,0,no,no,cellular,2,0,failure,0
41,management,single,tertiary,no,14,yes,no,cellular,2,0,unknown,0
33,technician,married,tertiary,no,306,yes,no,cellular,1,0,unknown,0
38,entrepreneur,divorced,tertiary,no,0,no,no,telephone,1,4,unknown,0
39,blue-collar,single,primary,no,326,yes,no,cellular,4,0,unknown,0
31,entrepreneur,married,secondary,no,118,no,no,unknown,1,0,failure,0
38,blue-collar,married,secondary,no,1623,no,no,unknown,3,0,unknown,0
42,services,single,tertiary,no,3,no,no,cellular,7,0,other,0
29,management,married,secondary,no,223,no,no,cellular,2,0,unknown,1
49,blue-collar,married,primary,no,178,yes,no,cellular,6,0,success,0
34,student,divorced,secondary,no,37,no,no,unknown,3,0,unknown,0
37,management,divorced,secondary,no,3576,no,no,cellular,1,0,unknown,0
37,technician,married,primary,no,654,no,no,cellular,3,0,unknown,0
51,unemployed,married,secondary,no,1128,no,no,cellular,2,0,unknown,1
34,technician,divorced,tertiary,no,826,no,no,unknown,1,0,unknown,0
32,management,single,secondary,no,-887,no,yes,cellular,1,0,unknown,0
32,entrepreneur,single,secondary,no,0,yes,yes,unknown,2,1,failure,0
35,management,married,secondary,no,197,no,no,cellular,5,0,unknown,0
31,blue-collar,single,tertiary,no,940,yes,yes,unknown,2,0,unknown,0
45,management,single,secondary,no,0,yes,yes,telephone,4,0,other,1
45,technician,married,tertiary,no,-422,yes,yes,telephone,2,0,unknown,0
27,management,single,tertiary,no,1040,yes,no,cellular,2,4,unknown,1
54,technician,married,unknown,no,0,yes,no,cellular,2,0,unknown,0
42,management,single,primary,no,800,no,no,unknown,6,0,unknown,0
32,technician,married,unknown,no,459,yes,no,cellular,1,0,unknown,0
75,technician,married,secondary,no,0,yes,yes,unknown,1,0,unknown,0
41,technician,married,tertiary,no,3170,no,no,cellular,4,0,unknown,0
47,entrepreneur,single,unknown,no,501,no,no,cellular,1,0,unknown,0
57,retired,married,secondary,no,-47,yes,no,cellular,5,0,unknown,0
56,housemaid,married,secondary,no,695,yes,no,unknown,5,0,unknown,0
37,blue-collar,divorced,tertiary,no,103,yes,no,cellular,1,1,unknown,0
33,retired,married,secondary,no,191,no,no,cellular,1,0,unknown,0
48,blue-collar,married,secondary,no,48,no,no,cellular,1,0,unknown,0
41,management,divorced,tertiary,no,177,no,yes,unknown,3,0,failure,0
57,admin.,married,primary,no,205,no,yes,telephone,2,0,unknown,0
37,technician,single,secondary,no,428,yes,no,cellular,1,0,failure,0
28,services,divorced,secondary,no,2381,yes,no,cellular,1,0,failure,0
35,self-employed,married,primary,no,823,yes,no,unknown,3,8,unknown,0
35,admin.,single,secondary,no,499,no,no,cellular,3,0,unknown,0
49,technician,married,primary,no,0,no,no,cellular,2,0,unknown,0
36,management,divorced,secondary,no,1016,yes,no,unknown,2,0,unknown,0
41,services,divorced,tertiary,no,64,yes,yes,unknown,1,0,unknown,0
38,retired,married,secondary,no,287,no,no,cellular,3,0,failure,0
25,technician,married,primary,no,250,yes,yes,cellular,2,5,failure,0
54,management,married,secondary,no,1448,yes,no,cellular,6,0,unknown,0
55,admin.,married,secondary,no,1,yes,no,cellular,2,0,failure,0
44,student,married,secondary,no,1281,no,no,cellular,1,0,unknown,0
36,self-employed,married,primary,no,376,yes,no,unknown,5,0,unknown,0
29,admin.,married,secondary,no,3455,yes,no,cellular,4,0,unknown,0
29,technician,divorced,unknown,no,0,no,no,cellular,4,0,unknown,0
52,admin.,single,tertiary,no,-55,no,no,cellular,2,0,success,0
76,blue-collar,divorced,secondary,no,-107,yes,no,cellular,2,3,unknown,0
41,management,married,secondary,no,1514,no,no,unknown,3,3,success,0
42,blue-collar,married,secondary,no,151,yes,no,unknown,7,2,unknown,0
34,services,divorced,secondary,no,0,no,no,cellular,1,0,unknown,0
48,management,married,secondary,no,145,no,no,cellular,2,1,unknown,0
38,self-employed,divorced,primary,no,517,yes,no,unknown,2,0,unknown,1
50,blue-collar,divorced,primary,no,1289,yes,no,cellular,1,0,unknown,0
71,blue-collar,married,unknown,no,2678,no,yes,cellular,3,0,unknown,0
41,technician,married,tertiary,no,93,yes,no,unknown,1,0,unknown,0
67,technician,married,secondary,no,215,yes,yes,cellular,1,0,failure,0
32,management,single,secondary,no,-149,yes,no,cellular,1,0,unknown,0
55,management,married,secondary,no,1143,yes,no,cellular,3,0,unknown,0
42,management,single,secondary,no,389,no,no,cellular,1,0,unknown,0
48,blue-collar,single,tertiary,no,298,no,no,cellular,5,0,unknown,0
42,retired,single,secondary,no,36,yes,no,cellular,1,0,failure,0
46,unknown,married,secondary,no,1169,no,yes,telephone,3,0,unknown,1
44,management,married,secondary,no,20,yes,no,unknown,2,0,unknown,0
41,blue-collar,married,tertiary,no,642,no,yes,cellular,1,0,unknown,1
35,technician,married,tertiary,no,0,yes,no,unknown,2,1,other,1
25,technician,single,secondary,no,4438,yes,no,cellular,5,0,unknown,0
55,blue-collar,single,secondary,yes,25,yes,no,cellular,4,0,unknown,0
39,student,married,secondary,no,876,no,no,unknown,6,0,unknown,0
58,management,married,secondary,no,291,no,no,unknown,1,0,unknown,0
32,entrepreneur,single,secondary,no,759,yes,no,unknown,1,0,unknown,0
44,services,married,tertiary,no,2330,no,no,cellular,1,1,failure,0
35,technician,single,secondary,no,7289,no,no,cellular,1,0,unknown,0
60,management,married,tertiary,no,979,yes,no,cellular,2,0,unknown,1
46,retired,married,primary,no,223,yes,no,unknown,1,0,unknown,0
45,student,single,tertiary,no,874,no,no,unknown,1,0,unknown,0
35,blue-collar,divorced,primary,no,75,yes,no,unknown,16,3,unknown,0
31,technician,single,tertiary,no,0,no,no,unknown,2,0,other,0
46,management,married,secondary,no,186,yes,no,cellular,2,0,unknown,1
32,blue-collar,married,unknown,no,307,no,no,unknown,1,0,unknown,0
47,blue-collar,divorced,secondary,no,586,no,no,cellular,1,8,unknown,0
31,blue-collar,married,tertiary,no,431,no,yes,cellular,2,0,unknown,0
33,management,divorced,secondary,no,4722,yes,yes,cellular,2,0,unknown,0
57,management,married,secondary,no,0,no,no,cellular,2,0,unknown,0
34,management,married,secondary,no,-107,no,yes,unknown,3,0,unknown,0
34,management,single,secondary,no,1315,no,yes,cellular,2,3,unknown,0
56,blue-collar,married,unknown,no,30,no,no,cellular,3,0,unknown,0
59,self-employed,single,tertiary,no,46,no,no,unknown,2,1,unknown,0
32,unemployed,married,secondary,no,0,yes,no,cellular,2,0,unknown,0
49,unknown,single,secondary,no,705,yes,no,cellular,1,0,other,0
36,technician,single,secondary,no,959,no,no,unknown,3,0,failure,0
56,technician,married,primary,no,103,no,no,cellular,1,0,unknown,0
42,unemployed,married,secondary,no,-280,no,no,cellular,2,0,failure,0
19,management,married,tertiary,no,485,no,yes,cellular,1,0,failure,0
28,services,married,tertiary,no,58,yes,yes,cellular,1,0,unknown,0
75,management,married,secondary,no,2929,yes,no,cellular,2,0,unknown,0
54,retired,divorced,secondary,no,1562,no,no,telephone,1,0,unknown,0
24,technician,married,secondary,no,263,no,no,cellular,1,0,other,0
38,self-employed,single,tertiary,no,1134,yes,no,unknown,2,0,unknown,0
35,management,single,tertiary,no,163,yes,no,unknown,3,0,unknown,1
52,blue-collar,married,tertiary,no,795,no,no,cellular,1,0,unknown,0
33,services,single,tertiary,no,6421,yes,no,unknown,1,0,unknown,0
32,technician,married,secondary,no,109,no,no,cellular,1,5,unknown,0
59,management,married,secondary,no,0,no,no,cellular,3,0,unknown,0
49,admin.,married,tertiary,no,0,no,no,unknown,1,0,unknown,0
60,self-employed,married,tertiary,no,2058,yes,no,cellular,1,0,unknown,0
55,student,married,secondary,no,136,yes,no,cellular,3,0,failure,0
32,blue-collar,married,tertiary,no,663,no,no,cellular,1,0,unknown,0
52,blue-collar,married,secondary,no,0,yes,no,unknown,1,0,other,0
24,housemaid,single,secondary,no,800,no,no,cellular,2,0,failure,0
52,services,married,secondary,no,902,yes,no,cellular,2,0,unknown,0
40,blue-collar,single,secondary,no,23,yes,no,unknown,2,0,unknown,0
70,management,married,secondary,no,40,no,yes,cellular,3,0,unknown,0
35,blue-collar,divorced,secondary,no,1,yes,no,cellular,6,0,unknown,0
59,services,single,secondary,no,2557,yes,no,cellular,5,0,unknown,0
78,entrepreneur,married,primary,yes,3,yes,no,cellular,1,0,unknown,0
34,management,married,unknown,yes,22,yes,no,unknown,1,1,unknown,0
34,management,married,secondary,no,4,yes,no,cellular,2,0,unknown,0
34,services,married,secondary,no,1897,yes,no,cellular,1,0,unknown,1
28,entrepreneur,married,secondary,no,262,yes,no,cellular,2,1,unknown,0
37,housemaid,single,secondary,no,908,no,no,cellular,2,0,other,0
52,technician,married,secondary,no,3904,yes,no,cellular,1,0,unknown,0
26,blue-collar,married,secondary,no,4415,no,no,unknown,1,0,unknown,0
26,self-employed,divorced,secondary,no,486,yes,no,unknown,2,0,unknown,0
40,management,married,primary,no,749,no,yes,unknown,1,0,unknown,0
42,housemaid,divorced,secondary,no,175,yes,no,cellular,1,0,unknown,0
43,management,married,tertiary,no,2590,no,yes,telephone,2,1,unknown,0
46,management,married,tertiary,no,314,yes,no,unknown,1,0,unknown,0
54,admin.,married,secondary,no,452,yes,yes,cellular,1,0,unknown,1
50,blue-collar,married,primary,yes,-614,no,no,unknown,1,0,success,0
56,services,married,tertiary,no,0,no,no,cellular,1,0,unknown,0
27,management,single,secondary,no,0,yes,no,unknown,2,0,unknown,0
58,technician,married,tertiary,no,1893,yes,yes,cellular,2,0,unknown,0
58,blue-collar,married,primary,no,636,no,no,cellular,2,0,unknown,1
50,admin.,single,tertiary,no,5050,yes,no,unknown,3,0,unknown,0
32,unemployed,single,tertiary,no,808,yes,yes,cellular,2,2,unknown,0
55,self-employed,married,primary,no,153,yes,no,cellular,1,0,failure,0
33,management,married,secondary,no,410,no,no,cellular,2,0,failure,0
37,management,married,secondary,no,871,yes,no,cellular,3,0,unknown,0
25,unemployed,married,tertiary,no,1491,yes,no,cellular,3,0,unknown,0
42,self-employed,married,secondary,no,266,yes,no,unknown,2,0,unknown,0
45,blue-collar,married,secondary,no,-196,yes,no,unknown,2,0,unknown,0
32,technician,single,primary,no,244,yes,no,cellular,1,7,failure,0
53,technician,single,secondary,no,475,no,no,cellular,1,0,success,0
35,technician,divorced,unknown,no,14752,yes,no,cellular,2,0,unknown,0
29,admin.,married,secondary,no,99,yes,no,cellular,2,0,unknown,0
49,blue-collar,married,secondary,no,1533,yes,no,unknown,17,3,unknown,0
43,entrepreneur,married,secondary,no,-186,no,no,cellular,3,0,unknown,0
55,technician,married,secondary,no,44,yes,no,unknown,3,0,unknown,0
49,blue-collar,married,secondary,no,4111,yes,no,cellular,24,0,unknown,0
49,self-employed,married,secondary,no,5235,yes,yes,cellular,6,0,unknown,0
31,admin.,married,secondary,no,3554,yes,no,unknown,1,1,unknown,0
45,management,married,unknown,no,2395,yes,no,cellular,1,0,unknown,0
32,management,single,secondary,no,889,no,no,unknown,2,0,other,0
55,technician,single,secondary,no,2812,yes,no,cellular,3,0,unknown,0
36,technician,married,secondary,no,1025,no,no,cellular,1,0,unknown,0
52,technician,married,secondary,no,1040,yes,no,cellular,1,1,failure,0
53,technician,divorced,primary,no,26,yes,no,cellular,1,0,unknown,0
30,entrepreneur,single,secondary,no,1092,no,no,cellular,2,0,unknown,0
32,management,married,tertiary,no,2,no,no,unknown,6,0,unknown,0
37,technician,married,secondary,no,516,yes,no,cellular,3,0,failure,0
27,technician,single,tertiary,no,28,no,no,cellular,1,2,unknown,0
34,admin.,single,primary,no,782,no,no,cellular,1,0,unknown,0
30,management,married,tertiary,no,399,no,no,cellular,2,0,other,0
36,student,married,secondary,no,740,yes,no,unknown,6,0,unknown,0
59,management,married,secondary,no,443,yes,no,unknown,6,0,unknown,0
35,management,divorced,tertiary,no,130,yes,no,unknown,3,0,unknown,0
55,retired,divorced,secondary,no,640,yes,no,cellular,2,0,unknown,0
52,technician,married,primary,no,309,yes,no,cellular,1,0,unknown,0
36,services,married,tertiary,no,440,no,no,cellular,1,0,unknown,0
48,services,married,primary,no,704,yes,no,cellular,2,0,unknown,0
50,services,single,secondary,no,7702,yes,yes,unknown,2,0,unknown,0
34,management,married,tertiary,no,209,yes,no,cellular,1,2,unknown,0
41,management,married,secondary,no,43,no,no,cellular,5,0,unknown,1
55,admin.,married,secondary,no,1580,yes,no,cellular,2,0,success,0
55,blue-collar,single,secondary,no,0,no,no,cellular,5,0,unknown,0
32,blue-collar,married,unknown,no,44,no,no,unknown,1,0,unknown,0
33,technician,single,secondary,no,864,no,no,cellular,2,0,unknown,0
41,management,married,tertiary,no,3064,yes,no,unknown,3,0,unknown,0
44,technician,married,secondary,no,167,yes,no,cellular,4,0,unknown,0
35,self-employed,married,primary,no,0,yes,no,cellular,1,0,unknown,1
31,entrepreneur,married,secondary,no,4579,yes,no,cellular,2,0,other,0
32,services,married,tertiary,no,1171,no,no,unknown,1,0,unknown,0
30,blue-collar,married,secondary,no,36,no,no,telephone,2,0,failure,0
31,management,married,primary,no,474,yes,no,cellular,3,1,unknown,0
62,management,married,secondary,no,362,no,no,cellular,3,0,unknown,0
69,blue-collar,married,secondary,no,3913,yes,no,cellular,5,0,unknown,0
29,technician,married,tertiary,no,0,no,no,cellular,3,0,unknown,0
27,admin.,single,tertiary,no,82,no,no,unknown,2,0,unknown,0
52,technician,married,tertiary,no,20,no,yes,cellular,3,3,failure,0
30,housemaid,married,tertiary,no,0,no,no,cellular,1,3,unknown,0
28,management,married,tertiary,no,1679,yes,no,unknown,3,0,failure,0
33,blue-collar,married,tertiary,no,777,no,no,cellular,6,0,unknown,0
31,management,single,secondary,no,771,no,no,cellular,7,0,unknown,0
51,management,married,primary,no,2067,no,no,telephone,2,0,failure,0
32,blue-collar,single,tertiary,no,3337,no,no,telephone,2,0,unknown,1
35,management,married,tertiary,no,2903,yes,no,cellular,2,0,unknown,0
55,management,divorced,tertiary,no,9339,no,yes,unknown,2,1,unknown,1
39,technician,married,secondary,no,0,yes,no,cellular,2,0,unknown,0
55,services,married,secondary,no,3018,yes,no,cellular,1,0,failure,0
29,management,married,secondary,no,175,yes,no,unknown,5,0,unknown,0
37,blue-collar,married,tertiary,no,8238,no,no,cellular,2,2,unknown,1
43,management,married,secondary,no,176,yes,no,cellular,5,0,unknown,0
65,student,divorced,secondary,no,-352,no,no,unknown,6,0,unknown,0
39,management,married,unknown,yes,235,yes,no,cellular,7,0,unknown,0
30,services,married,primary,no,181,no,no,unknown,9,0,unknown,0
42,technician,married,tertiary,no,481,no,no,unknown,2,0,failure,0
30,blue-collar,single,secondary,no,1076,no,no,unknown,4,0,failure,0
32,technician,married,tertiary,no,179,yes,no,cellular,3,4,unknown,0
79,unemployed,married,primary,no,-179,no,no,unknown,2,0,other,0
33,blue-collar,single,tertiary,no,-117,yes,yes,cellular,3,0,unknown,0
56,admin.,married,secondary,no,1325,yes,no,unknown,5,0,unknown,0
38,technician,married,secondary,yes,431,yes,yes,unknown,1,0,unknown,1
36,blue-collar,married,secondary,no,6483,yes,no,cellular,5,0,unknown,0
35,management,married,secondary,no,212,yes,no,cellular,2,0,unknown,0
30,housemaid,single,secondary,no,226,no,no,cellular,2,0,unknown,0
57,services,married,tertiary,no,1343,yes,no,cellular,1,0,unknown,0
58,self-employed,married,secondary,no,5436,no,yes,cellular,3,0,unknown,0
27,blue-collar,married,secondary,no,1407,no,no,unknown,2,0,failure,0
34,blue-collar,married,secondary,no,3935,no,no,cellular,2,0,unknown,0
50,services,married,secondary,no,638,no,no,cellular,2,0,other,0
55,self-employed,single,unknown,no,18,yes,no,cellular,5,0,unknown,0
59,technician,single,secondary,no,-242,yes,no,cellular,2,0,unknown,0
45,services,married,tertiary,no,2975,no,no,cellular,3,0,failure,0
33,technician,single,secondary,no,4646,no,no,cellular,1,0,failure,0
52,management,married,primary,no,0,yes,no,cellular,2,3,unknown,0
54,management,single,tertiary,no,2030,no,no,cellular,3,0,unknown,0
31,technician,divorced,primary,no,0,no,yes,cellular,5,0,unknown,0
46,entrepreneur,single,secondary,no,1221,no,no,cellular,2,0,unknown,0
25,admin.,married,secondary,no,1550,no,yes,telephone,6,0,unknown,0
32,technician,married,secondary,no,145,yes,no,cellular,1,0,unknown,0
29,housemaid,married,tertiary,no,15030,no,no,unknown,1,0,unknown,0
31,management,single,secondary,no,126,no,yes,cellular,2,0,unknown,0
44,technician,married,secondary,no,778,yes,no,cellular,2,0,unknown,0
52,admin.,divorced,secondary,no,0,no,no,cellular,2,0,failure,1
32,management,married,secondary,no,2967,no,no,unknown,1,0,unknown,0
58,management,married,unknown,no,71188,yes,no,unknown,3,0,unknown,0
34,technician,married,secondary,no,577,no,no,unknown,2,0,unknown,0
31,management,single,unknown,no,481,yes,yes,telephone,1,0,unknown,0
71,management,divorced,secondary,no,352,yes,no,cellular,3,0,unknown,1
58,blue-collar,married,secondary,no,3436,yes,yes,cellular,1,0,unknown,0
28,blue-collar,married,secondary,no,134,no,no,cellular,2,0,unknown,0
31,blue-collar,married,primary,no,1868,yes,no,cellular,1,0,unknown,0
59,blue-collar,married,tertiary,no,1,yes,no,cellular,6,0,unknown,0
38,blue-collar,married,secondary,no,0,yes,no,unknown,1,1,unknown,0
52,technician,divorced,unknown,no,123,yes,no,cellular,1,0,unknown,0
33,retired,single,secondary,no,523,no,no,cellular,3,2,unknown,0
31,services,married,tertiary,no,0,no,no,cellular,1,0,unknown,0
53,management,married,tertiary,no,2707,no,no,unknown,3,3,other,0
49,technician,divorced,secondary,no,755,yes,yes,unknown,1,0,unknown,0
43,blue-collar,married,tertiary,no,2662,yes,no,unknown,4,0,unknown,0
45,blue-collar,divorced,unknown,no,410,yes,no,cellular,1,0,unknown,0
47,services,married,secondary,no,2204,yes,no,cellular,1,0,unknown,0
30,retired,married,secondary,no,517,no,no,unknown,1,0,unknown,0
49,management,married,tertiary,no,5,yes,no,cellular,4,0,unknown,1
31,management,married,secondary,no,9146,yes,no,unknown,1,0,unknown,1
47,technician,married,secondary,no,-119,yes,no,unknown,2,0,unknown,0
49,management,single,tertiary,no,295,yes,no,cellular,2,1,unknown,0
32,blue-collar,married,tertiary,no,0,no,no,unknown,5,0,unknown,0
38,management,married,secondary,no,89,yes,no,cellular,1,0,unknown,0
46,entrepreneur,single,secondary,no,581,no,no,cellular,3,6,unknown,0
43,technician,married,secondary,no,3924,yes,no,unknown,1,4,unknown,0
30,technician,married,secondary,no,20,no,no,cellular,1,0,unknown,1
48,management,single,tertiary,no,168,no,no,cellular,1,0,success,0
40,management,married,tertiary,no,0,no,no,cellular,1,0,unknown,0
56,management,married,secondary,no,0,yes,yes,cellular,1,0,unknown,0
30,technician,married,tertiary,no,127,no,no,telephone,5,0,unknown,0
55,retired,single,tertiary,no,22,yes,no,cellular,2,0,unknown,0
66,unemployed,married,tertiary,no,493,no,no,cellular,2,0,unknown,0
41,management,married,secondary,no,2195,no,no,cellular,4,0,unknown,1
34,services,divorced,primary,no,373,yes,no,cellular,1,2,other,0
30,blue-collar,married,secondary,no,-206,no,yes,cellular,1,0,unknown,1
35,technician,married,primary,no,-617,no,no,cellular,2,0,unknown,0
60,blue-collar,single,unknown,no,4143,no,no,unknown,4,0,unknown,0
57,blue-collar,single,secondary,no,56,no,no,cellular,1,0,unknown,0
38,blue-collar,married,secondary,no,54,yes,yes,cellular,2,0,unknown,0
57,services,divorced,secondary,no,-70,no,no,cellular,4,0,success,0
39,blue-collar,married,tertiary,no,0,yes,no,unknown,1,1,failure,0
32,unemployed,married,secondary,no,0,no,no,unknown,3,0,unknown,0
30,unknown,divorced,primary,no,-306,no,no,cellular,2,0,success,0
46,retired,married,unknown,no,122,no,no,cellular,1,0,unknown,1
48,management,married,secondary,no,202,yes,no,cellular,2,0,unknown,0
47,technician,married,secondary,no,112,no,yes,telephone,1,0,unknown,0
34,management,single,secondary,no,5543,yes,no,cellular,1,0,unknown,0
28,housemaid,single,secondary,no,76,yes,no,cellular,2,0,unknown,0
30,technician,divorced,tertiary,no,998,no,no,unknown,7,1,other,0
33,admin.,married,secondary,no,778,no,no,cellular,3,0,unknown,0
40,management,married,primary,no,1088,yes,no,cellular,3,0,unknown,0
35,blue-collar,married,tertiary,no,6767,yes,no,cellular,2,0,unknown,0
52,admin.,divorced,secondary,no,741,yes,no,unknown,4,0,unknown,0
34,unemployed,married,secondary,no,1054,yes,no,cellular,6,0,unknown,0
31,blue-collar,married,secondary,no,2319,yes,no,unknown,1,0,unknown,0
29,admin.,married,secondary,no,609,no,no,unknown,2,0,unknown,0
45,management,married,tertiary,no,10,yes,no,cellular,1,2,unknown,1
49,management,married,tertiary,no,305,no,no,unknown,2,6,unknown,0
31,management,married,tertiary,no,0,no,yes,cellular,2,0,unknown,0
29,blue-collar,single,tertiary,no,1206,no,no,cellular,4,0,unknown,0
44,management,married,secondary,no,0,yes,no,unknown,3,1,unknown,0
52,management,married,primary,no,1130,yes,no,cellular,5,0,unknown,0
53,management,married,tertiary,no,-13,yes,no,cellular,1,0,unknown,0
42,housemaid,single,tertiary,no,11303,yes,no,cellular,1,0,unknown,0
38,unemployed,single,secondary,no,1147,yes,no,unknown,2,0,unknown,0
55,self-employed,married,tertiary,no,0,no,no,cellular,2,0,unknown,0
36,unemployed,divorced,tertiary,no,1464,no,no,cellular,6,0,failure,0
49,technician,married,unknown,no,4831,yes,no,telephone,7,0,unknown,0
49,management,married,primary,no,1033,no,no,cellular,3,0,unknown,0
31,management,married,tertiary,no,340,yes,no,cellular,1,0,unknown,0
36,admin.,married,secondary,no,894,yes,no,unknown,3,0,unknown,0
51,management,married,secondary,no,-77,yes,no,cellular,9,1,failure,0
42,blue-collar,married,secondary,no,-133,no,no,cellular,1,0,unknown,1
49,technician,divorced,tertiary,no,751,no,no,cellular,1,0,unknown,0
59,technician,divorced,tertiary,no,22,no,no,cellular,1,0,unknown,0
32,retired,married,secondary,no,1554,no,no,cellular,1,0,unknown,0
38,admin.,single,secondary,no,0,yes,no,telephone,3,0,unknown,0
37,admin.,single,tertiary,no,478,yes,no,cellular,7,0,other,0
57,technician,married,secondary,yes,420,no,no,cellular,1,0,unknown,1
28,admin.,married,unknown,no,-14,no,no,cellular,1,1,unknown,1
30,services,married,tertiary,no,470,yes,yes,cellular,2,0,unknown,0
35,technician,married,tertiary,no,-151,no,no,unknown,1,0,other,1
34,retired,single,secondary,no,1052,yes,yes,cellular,5,0,failure,0
43,technician,married,tertiary,no,5514,yes,no,unknown,1,0,failure,0
37,blue-collar,married,secondary,no,747,yes,no,cellular,4,1,unknown,0
43,entrepreneur,married,secondary,no,0,no,no,cellular,1,0,unknown,0
47,blue-collar,married,tertiary,no,1641,no,yes,cellular,2,0,failure,1
41,blue-collar,married,secondary,no,236,yes,no,cellular,4,0,unknown,0
37,blue-collar,single,secondary,no,73,yes,no,cellular,2,0,unknown,0
31,management,single,unknown,no,952,yes,yes,cellular,5,0,unknown,0
35,services,married,secondary,no,-242,yes,no,unknown,6,0,unknown,0
35,admin.,married,primary,no,0,yes,no,cellular,6,3,unknown,0
41,retired,married,tertiary,no,7546,no,no,telephone,7,0,unknown,0
25,blue-collar,married,tertiary,no,2537,yes,no,cellular,1,0,unknown,0
29,technician,married,unknown,no,451,no,no,cellular,3,0,unknown,1
35,self-employed,married,primary,no,-18,yes,yes,cellular,1,0,unknown,0
32,admin.,married,tertiary,no,1159,yes,no,unknown,1,0,unknown,0
23,admin.,married,tertiary,no,363,yes,no,cellular,1,0,unknown,0
55,entrepreneur,single,tertiary,no,750,no,no,cellular,3,0,unknown,0
33,services,married,primary,no,0,yes,yes,cellular,2,5,unknown,0
35,entrepreneur,married,secondary,no,950,yes,no,cellular,3,0,unknown,0
30,blue-collar,married,secondary,no,9756,no,no,cellular,1,0,unknown,0
58,technician,single,tertiary,no,493,yes,no,telephone,2,0,unknown,0
53,housemaid,married,secondary,no,591,no,no,cellular,1,3,unknown,0
22,management,married,secondary,no,3608,no,no,cellular,1,4,unknown,0
54,unemployed,married,secondary,no,834,yes,yes,cellular,12,0,unknown,0
59,technician,married,primary,no,-12,no,no,cellular,2,0,unknown,0
38,blue-collar,single,tertiary,no,361,yes,no,cellular,5,0,unknown,0
55,entrepreneur,divorced,secondary,no,290,yes,no,cellular,1,0,unknown,0
32,services,married,tertiary,yes,326,no,no,cellular,2,0,unknown,0
32,management,married,secondary,no,899,yes,yes,unknown,1,0,other,0
57,entrepreneur,married,primary,no,-839,yes,no,cellular,1,0,unknown,0
26,admin.,single,tertiary,no,-72,no,no,cellular,3,0,unknown,0
32,admin.,married,secondary,no,228,yes,no,unknown,16,0,unknown,0
50,technician,married,tertiary,no,852,yes,no,unknown,3,0,unknown,0
48,unemployed,single,secondary,no,75,no,no,cellular,1,0,unknown,0
44,services,single,secondary,no,1881,yes,no,cellular,2,0,unknown,1
28,blue-collar,single,primary,no,629,no,no,cellular,1,8,success,0
44,management,married,primary,no,581,yes,no,unknown,2,0,unknown,1
55,retired,married,tertiary,no,180,yes,no,unknown,4,0,unknown,0
43,student,married,secondary,no,658,yes,no,telephone,5,0,unknown,1
57,entrepreneur,single,primary,no,6072,no,no,cellular,2,0,unknown,0
32,blue-collar,single,secondary,no,508,yes,no,cellular,1,0,unknown,0
26,self-employed,divorced,secondary,no,778,no,no,telephone,3,0,unknown,0
44,self-employed,married,tertiary,no,4824,no,yes,unknown,2,0,success,0
36,technician,married,secondary,no,71188,yes,no,cellular,1,0,unknown,0
45,blue-collar,single,tertiary,no,291,no,no,cellular,3,0,unknown,0
30,blue-collar,married,primary,no,248,no,yes,cellular,2,0,unknown,0
53,blue-collar,married,secondary,no,5549,no,no,cellular,2,2,unknown,0
42,management,married,primary,yes,1178,no,no,unknown,2,1,failure,0
30,services,single,primary,no,80,no,no,cellular,1,0,unknown,0
31,technician,married,secondary,no,177,yes,no,unknown,6,0,unknown,0
54,blue-collar,single,tertiary,no,9,no,no,cellular,1,0,other,0
32,blue-collar,married,primary,no,0,yes,no,telephone,4,2,unknown,0
38,technician,married,secondary,no,-280,yes,no,cellular,9,0,unknown,0
26,management,single,tertiary,no,6421,no,yes,unknown,1,0,unknown,0
27,technician,married,secondary,no,2246,yes,no,cellular,2,0,unknown,0
31,management,married,secondary,no,81,yes,no,unknown,2,0,unknown,0
32,services,married,tertiary,no,176,yes,no,cellular,1,0,unknown,0
35,management,married,secondary,no,-1,no,no,cellular,1,0,unknown,0
36,admin.,single,primary,no,212,no,no,cellular,6,0,unknown,0
36,services,married,secondary,no,292,no,no,cellular,1,0,other,0
19,self-employed,married,secondary,no,132,no,no,cellular,3,0,unknown,0
34,services,divorced,unknown,no,0,no,no,cellular,2,0,unknown,0
37,retired,single,tertiary,no,438,yes,no,cellular,6,1,unknown,0
33,management,married,tertiary,no,1123,yes,no,cellular,3,0,unknown,1
41,technician,single,secondary,no,1375,yes,no,cellular,1,2,unknown,0
50,blue-collar,married,secondary,no,6072,yes,no,cellular,2,7,unknown,0
28,unemployed,married,tertiary,no,0,yes,no,unknown,1,8,unknown,0
34,technician,divorced,secondary,no,756,yes,no,cellular,3,0,unknown,0
31,retired,single,secondary,no,167,yes,no,cellular,5,0,unknown,0
48,blue-collar,married,tertiary,no,319,no,no,unknown,3,0,unknown,0
46,blue-collar,married,secondary,no,6767,no,no,cellular,2,0,unknown,1
45,self-employed,married,secondary,no,439,no,no,unknown,1,0,unknown,0
51,unknown,married,primary,no,1172,yes,no,cellular,4,0,unknown,0
42,services,single,tertiary,no,197,yes,no,telephone,2,0,unknown,0
59,services,married,primary,no,-396,yes,no,cellular,1,0,unknown,0
56,management,married,secondary,no,88,yes,no,cellular,1,0,unknown,0
39,blue-collar,married,secondary,no,794,no,no,cellular,5,1,unknown,0
43,blue-collar,married,secondary,no,961,yes,no,cellular,1,0,unknown,0
26,management,married,secondary,no,93,no,no,telephone,1,0,unknown,0
67,services,married,secondary,no,691,yes,yes,unknown,5,0,unknown,0
41,services,married,unknown,no,1,yes,no,unknown,4,0,unknown,1
28,technician,married,tertiary,no,5304,no,no,unknown,2,0,unknown,0
19,services,married,secondary,no,3163,yes,no,cellular,2,0,unknown,0
38,self-employed,married,primary,no,603,no,no,unknown,9,0,unknown,0
55,services,divorced,primary,no,1611,yes,no,unknown,3,6,other,0
45,management,married,tertiary,no,858,yes,no,telephone,2,0,unknown,1
51,management,married,unknown,no,7138,no,no,unknown,1,0,unknown,0
44,management,married,primary,no,1409,yes,no,cellular,3,0,unknown,0
36,services,single,tertiary,no,0,yes,no,cellular,10,0,unknown,0
56,blue-collar,single,tertiary,no,5207,yes,no,cellular,2,0,unknown,0
54,management,married,secondary,no,0,no,yes,cellular,5,0,unknown,0
37,blue-collar,married,primary,no,3463,no,no,unknown,1,1,failure,0
50,technician,married,secondary,no,88,no,no,telephone,1,0,unknown,0
56,blue-collar,married,primary,no,670,no,no,cellular,4,0,unknown,0
31,entrepreneur,married,primary,no,9146,yes,no,cellular,2,0,unknown,0
27,management,married,unknown,no,358,yes,no,cellular,2,0,unknown,0
53,services,married,tertiary,no,3025,no,yes,cellular,2,0,other,1
34,self-employed,single,primary,no,1091,no,yes,unknown,1,0,unknown,0
52,management,married,secondary,no,2125,no,no,cellular,1,0,unknown,0
23,self-employed,single,tertiary,no,1852,no,no,cellular,3,0,unknown,0
37,blue-collar,married,secondary,no,697,no,no,cellular,1,0,unknown,0
38,technician,married,tertiary,no,0,yes,no,unknown,2,0,unknown,0
39,management,married,secondary,no,462,yes,no,cellular,4,0,other,0
38,unemployed,single,unknown,no,316,no,no,cellular,2,0,other,0
34,entrepreneur,married,secondary,no,2971,no,no,cellular,1,0,unknown,0
28,admin.,divorced,tertiary,no,0,no,no,cellular,31,0,unknown,0
48,self-employed,married,unknown,no,894,yes,no,cellular,2,0,other,0
53,admin.,married,secondary,no,1587,no,no,unknown,3,0,other,0
43,management,single,secondary,no,9149,yes,no,unknown,1,0,unknown,0
49,management,married,secondary,no,670,no,no,cellular,1,0,unknown,0
47,admin.,single,secondary,no,123,no,no,unknown,7,0,unknown,0
38,housemaid,divorced,secondary,no,541,yes,no,cellular,2,0,unknown,0
32,services,married,secondary,no,170,yes,no,cellular,6,2,unknown,0
42,management,married,primary,yes,565,no,yes,cellular,2,0,unknown,0
40,management,single,secondary,no,757,yes,no,unknown,2,0,success,0
51,technician,married,tertiary,no,484,no,no,cellular,2,0,failure,0
34,blue-collar,married,tertiary,no,0,yes,no,unknown,2,0,unknown,0
52,services,single,secondary,no,263,yes,no,unknown,1,0,unknown,0
36,admin.,single,unknown,no,-119,yes,no,cellular,29,0,unknown,0
52,management,married,secondary,no,206,yes,no,cellular,2,0,unknown,0
37,blue-collar,married,primary,no,2,yes,no,unknown,1,2,unknown,0
24,unemployed,married,primary,no,680,yes,no,cellular,1,1,unknown,0
32,services,married,secondary,no,1188,yes,no,cellular,1,0,unknown,1
52,technician,married,secondary,no,770,yes,yes,telephone,1,0,unknown,0
39,entrepreneur,single,secondary,no,0,no,no,cellular,3,0,other,0
43,technician,divorced,secondary,no,2330,no,no,cellular,9,0,failure,0
25,management,single,tertiary,no,97,no,yes,unknown,1,1,other,0
38,blue-collar,married,unknown,no,0,no,no,cellular,1,0,unknown,0
38,entrepreneur,single,primary,no,3370,no,no,cellular,1,0,unknown,1
47,services,married,tertiary,no,0,yes,no,cellular,1,0,unknown,0
36,management,married,tertiary,no,320,yes,no,unknown,3,0,unknown,0
35,management,married,secondary,yes,1387,no,yes,cellular,16,0,unknown,0
36,blue-collar,married,secondary,no,440,yes,no,cellular,1,0,other,0
39,entrepreneur,married,primary,no,671,no,no,unknown,2,0,unknown,0
33,self-employed,married,secondary,no,194,no,no,telephone,1,0,failure,1
28,housemaid,married,tertiary,no,59,no,yes,cellular,1,0,unknown,0
57,self-employed,married,secondary,no,372,no,yes,unknown,2,0,unknown,0
36,self-employed,married,primary,no,3098,yes,no,cellular,1,0,unknown,0
33,management,married,secondary,no,111,yes,no,unknown,2,6,unknown,0
58,management,married,secondary,no,1315,no,no,cellular,1,0,unknown,0
41,management,married,secondary,no,7290,no,no,unknown,2,0,unknown,0
28,self-employed,divorced,primary,no,67,no,yes,cellular,2,0,unknown,0
44,technician,divorced,secondary,no,1361,yes,no,cellular,1,2,unknown,0
33,admin.,single,tertiary,no,9,yes,no,unknown,1,0,unknown,1
67,technician,single,tertiary,no,0,yes,yes,cellular,1,3,unknown,0
32,blue-collar,single,secondary,yes,4,no,no,cellular,2,0,unknown,0
44,blue-collar,married,primary,no,223,no,no,cellular,2,0,unknown,0
35,admin.,divorced,secondary,no,549,yes,no,cellular,1,0,unknown,0
35,management,single,primary,no,267,yes,no,cellular,3,0,unknown,0
38,blue-collar,single,primary,no,10218,yes,no,cellular,3,0,unknown,0
62,admin.,married,secondary,no,0,yes,no,cellular,1,0,unknown,0
24,unknown,married,primary,no,435,no,no,cellular,2,0,failure,0
33,housemaid,single,tertiary,no,1564,no,yes,unknown,2,0,success,0
30,unknown,married,tertiary,no,1026,yes,no,cellular,2,0,unknown,0
69,blue-collar,divorced,tertiary,no,493,yes,no,cellular,3,0,failure,0
45,technician,married,tertiary,no,-8,yes,no,unknown,2,0,failure,0
42,blue-collar,divorced,tertiary,no,1649,no,no,cellular,3,3,unknown,0
38,admin.,married,secondary,no,744,no,no,cellular,2,0,unknown,0
28,entrepreneur,divorced,secondary,no,82,yes,no,unknown,3,0,unknown,0
31,management,married,secondary,no,16873,no,no,cellular,2,0,unknown,0
71,technician,married,secondary,no,26394,yes,no,cellular,2,0,unknown,0
28,management,married,unknown,no,178,no,no,cellular,2,0,unknown,0
27,technician,married,secondary,yes,7290,yes,no,cellular,5,0,unknown,0
38,blue-collar,married,secondary,no,1412,no,no,unknown,2,0,unknown,1
29,blue-collar,married,secondary,no,230,no,no,cellular,1,0,failure,1
28,blue-collar,married,tertiary,no,0,no,no,cellular,2,0,unknown,0
35,blue-collar,divorced,secondary,no,1066,no,no,unknown,2,0,unknown,0
38,admin.,married,primary,no,1164,yes,no,cellular,1,0,unknown,0
49,management,married,tertiary,no,330,yes,no,unknown,2,0,unknown,0
60,admin.,married,secondary,no,3953,no,no,cellular,1,2,unknown,0
63,unknown,married,secondary,no,0,yes,no,cellular,2,0,other,0
37,unemployed,single,tertiary,yes,2,yes,no,unknown,4,0,unknown,0
37,services,married,secondary,yes,149,no,no,cellular,1,0,unknown,0
55,blue-collar,married,unknown,no,2,no,no,cellular,5,0,unknown,0
35,management,married,secondary,no,1427,yes,yes,cellular,4,0,unknown,0
53,management,married,primary,no,192,yes,no,unknown,2,0,other,0
35,blue-collar,divorced,secondary,no,1331,yes,no,cellular,1,0,failure,1
30,technician,married,primary,no,2,yes,no,cellular,3,0,unknown,0
41,management,married,secondary,no,1273,no,no,cellular,6,0,unknown,0
35,management,single,tertiary,no,103,yes,yes,cellular,2,0,unknown,0
40,services,married,primary,no,1409,no,no,cellular,3,0,unknown,0
53,management,married,tertiary,no,1,no,no,cellular,1,0,unknown,0
38,management,married,primary,no,462,yes,yes,unknown,1,3,unknown,0
43,entrepreneur,single,secondary,no,232,no,yes,cellular,1,1,unknown,1
38,technician,married,secondary,no,-183,no,no,unknown,1,0,unknown,1
38,unemployed,married,secondary,no,1097,yes,no,unknown,6,3,unknown,0
33,entrepreneur,married,tertiary,no,-300,no,yes,cellular,4,0,unknown,0
33,blue-collar,married,tertiary,no,3050,no,no,cellular,2,0,unknown,0
57,entrepreneur,single,secondary,no,4,yes,yes,cellular,1,0,unknown,0
27,management,single,secondary,no,-242,yes,no,cellular,1,0,unknown,0
31,technician,married,tertiary,no,2971,no,yes,cellular,1,0,unknown,0
49,student,married,tertiary,no,157,no,no,cellular,2,1,failure,0
50,management,married,secondary,no,6313,yes,no,unknown,1,0,failure,0
48,management,married,secondary,no,68,no,no,unknown,2,0,unknown,0
50,management,single,tertiary,no,167,yes,yes,cellular,1,0,unknown,0
39,blue-collar,married,primary,no,897,no,no,cellular,1,0,unknown,0
45,admin.,married,tertiary,no,419,yes,no,cellular,3,0,unknown,0
35,management,married,tertiary,no,6,yes,no,unknown,2,0,unknown,0
34,blue-collar,married,tertiary,no,2232,yes,yes,unknown,1,0,unknown,1
38,admin.,married,secondary,no,3431,no,no,unknown,3,0,unknown,0
45,services,married,primary,no,782,no,no,cellular,2,0,unknown,0
41,admin.,married,tertiary,no,-121,yes,no,cellular,2,0,failure,0
40,retired,married,tertiary,no,442,yes,no,cellular,1,0,unknown,0
31,student,married,secondary,no,1066,no,yes,cellular,1,0,unknown,0
30,housemaid,married,tertiary,no,473,yes,no,cellular,2,0,failure,1
30,management,married,tertiary,no,1948,no,yes,cellular,3,0,failure,0
36,technician,single,secondary,no,1,yes,yes,cellular,2,0,unknown,0
44,services,married,tertiary,no,2603,no,no,cellular,1,0,unknown,0
55,services,married,primary,no,2904,yes,no,cellular,2,0,unknown,0
42,unknown,single,unknown,no,1480,no,no,cellular,1,0,unknown,0
35,blue-collar,married,secondary,yes,6,yes,yes,cellular,4,0,failure,0
36,student,married,secondary,no,326,no,yes,cellular,1,0,unknown,0
32,management,married,secondary,no,0,no,no,cellular,3,0,success,0
36,management,married,secondary,no,871,no,no,unknown,6,0,unknown,0
37,self-employed,single,secondary,no,16874,no,no,unknown,1,0,unknown,0
34,blue-collar,married,secondary,no,39,no,no,cellular,3,0,unknown,0
41,blue-collar,divorced,secondary,no,202,no,no,unknown,5,0,unknown,0
55,retired,married,tertiary,no,10,no,no,cellular,3,0,unknown,0
35,technician,single,secondary,no,172,no,no,cellular,1,0,failure,0
37,retired,single,secondary,no,9,yes,no,unknown,1,0,unknown,0
45,admin.,married,tertiary,no,14,no,no,cellular,6,12,unknown,1
71,blue-collar,married,secondary,no,36,yes,no,cellular,2,0,failure,0
47,services,single,primary,no,69,yes,no,cellular,4,0,unknown,0
51,blue-collar,married,secondary,yes,64,no,no,cellular,1,0,unknown,0
32,management,married,tertiary,no,162,no,no,cellular,4,0,unknown,0
61,blue-collar,divorced,secondary,no,1415,no,no,unknown,4,3,unknown,0
55,blue-collar,married,primary,no,6,no,no,cellular,4,0,unknown,0
49,management,married,tertiary,no,950,yes,no,cellular,3,0,unknown,1
35,management,divorced,tertiary,no,592,yes,yes,unknown,1,0,unknown,0
36,services,married,tertiary,no,581,yes,no,unknown,1,0,unknown,0
36,admin.,married,tertiary,no,0,yes,no,unknown,1,0,unknown,0
42,services,married,secondary,no,0,no,no,cellular,1,0,unknown,0
28,management,married,tertiary,yes,1532,yes,no,telephone,2,0,other,0
47,services,married,secondary,no,1011,no,no,unknown,1,0,unknown,0
25,housemaid,married,secondary,no,-218,no,yes,cellular,1,0,unknown,0
32,management,married,secondary,no,1111,yes,no,unknown,14,0,unknown,0
36,management,single,tertiary,no,9449,no,no,cellular,6,0,unknown,0
42,entrepreneur,married,primary,yes,471,no,yes,cellular,1,0,unknown,0
42,self-employed,divorced,tertiary,yes,2581,yes,yes,unknown,2,0,unknown,0
30,retired,divorced,unknown,no,499,yes,yes,cellular,1,0,unknown,0
52,admin.,married,secondary,no,816,no,no,cellular,1,0,unknown,1
48,admin.,married,secondary,no,55,no,no,unknown,1,0,unknown,0
35,admin.,married,tertiary,no,376,yes,yes,cellular,6,0,failure,0
52,services,married,secondary,no,-495,yes,no,cellular,2,0,unknown,0
45,admin.,single,secondary,no,383,yes,no,cellular,3,0,unknown,0
77,management,single,primary,no,434,no,no,telephone,2,0,unknown,0
75,self-employed,single,primary,no,-1164,no,yes,cellular,2,0,unknown,0
42,management,single,secondary,no,128,yes,no,cellular,2,0,unknown,0
39,technician,married,primary,no,275,yes,no,cellular,15,1,success,0
38,technician,divorced,secondary,no,548,yes,no,unknown,2,0,success,0
50,management,divorced,unknown,no,490,yes,no,cellular,2,2,unknown,0
40,technician,divorced,unknown,no,382,no,no,cellular,2,0,unknown,0
38,technician,married,primary,no,390,yes,no,unknown,3,0,other,0
59,technician,married,tertiary,no,3587,yes,yes,cellular,1,0,unknown,0
58,management,married,tertiary,no,439,yes,no,telephone,1,0,success,0
38,retired,single,unknown,no,400,yes,no,cellular,1,3,unknown,0
34,blue-collar,married,secondary,no,0,yes,no,cellular,1,0,unknown,0
57,blue-collar,married,tertiary,no,13669,no,yes,cellular,1,0,unknown,0
31,blue-collar,single,primary,no,2678,yes,no,cellular,2,0,failure,0
31,technician,single,primary,no,36,no,no,unknown,2,0,unknown,0
33,self-employed,married,tertiary,no,975,yes,yes,telephone,1,0,unknown,0
47,management,single,primary,no,88,no,no,cellular,1,0,unknown,0
37,retired,married,tertiary,no,1729,yes,yes,unknown,3,0,unknown,1
34,housemaid,married,secondary,no,719,yes,no,cellular,3,0,unknown,0
37,management,single,tertiary,no,4075,yes,no,cellular,3,7,unknown,0
37,technician,married,secondary,no,593,yes,no,cellular,3,3,unknown,1
59,retired,single,secondary,no,9,yes,no,cellular,14,2,unknown,0
36,entrepreneur,single,secondary,no,643,yes,no,unknown,1,0,unknown,0
49,blue-collar,married,primary,no,669,yes,yes,cellular,1,2,unknown,0
48,management,married,primary,no,4438,no,no,cellular,4,1,unknown,0
45,self-employed,married,secondary,no,128,no,no,cellular,4,0,unknown,0
38,technician,single,primary,no,2486,yes,no,cellular,1,0,unknown,0
34,technician,single,secondary,no,203,yes,yes,unknown,4,0,unknown,0
36,blue-collar,divorced,primary,yes,20,no,no,cellular,1,2,unknown,0
26,services,single,secondary,no,715,no,no,unknown,10,0,unknown,0
23,admin.,married,tertiary,no,1831,no,yes,cellular,1,1,unknown,1
48,technician,married,secondary,no,792,no,no,cellular,2,0,failure,0
37,admin.,married,secondary,no,298,yes,no,unknown,5,0,unknown,0
44,management,single,secondary,no,395,no,no,unknown,4,0,unknown,0
56,management,married,secondary,no,-386,no,no,unknown,2,0,unknown,0
58,blue-collar,married,tertiary,no,0,no,no,cellular,1,0,unknown,0
55,technician,married,secondary,no,2,yes,no,cellular,2,0,unknown,0
36,blue-collar,single,secondary,no,3412,yes,no,cellular,3,1,unknown,0
34,retired,married,secondary,no,1214,yes,yes,cellular,1,0,other,0
46,blue-collar,married,tertiary,no,1337,yes,no,cellular,2,0,failure,0
29,services,married,tertiary,no,246,yes,no,cellular,1,0,unknown,0
46,management,married,primary,no,842,yes,no,unknown,5,0,failure,0
28,blue-collar,single,unknown,yes,2433,no,no,cellular,3,0,unknown,0
32,technician,single,tertiary,no,3823,yes,no,cellular,2,0,unknown,1
36,technician,married,secondary,no,360,yes,no,cellular,1,0,unknown,0
30,housemaid,single,primary,no,6145,yes,no,cellular,1,0,unknown,0
29,management,single,secondary,no,556,yes,no,telephone,2,1,unknown,0
40,management,married,tertiary,no,305,yes,no,cellular,3,0,unknown,0
62,services,married,secondary,no,99,no,no,cellular,2,0,unknown,0
49,blue-collar,married,secondary,no,7735,no,no,cellular,1,12,unknown,0
54,technician,married,tertiary,no,440,yes,yes,cellular,1,0,failure,0
55,services,single,tertiary,no,133,yes,no,cellular,2,1,unknown,0
44,self-employed,married,secondary,no,1836,yes,no,cellular,3,0,unknown,0
46,management,married,secondary,no,212,yes,no,unknown,1,0,unknown,0
55,management,married,secondary,no,0,no,no,unknown,1,0,unknown,0
40,admin.,married,primary,no,132,no,yes,cellular,1,0,unknown,0
46,blue-collar,married,primary,no,2,no,no,cellular,2,0,failure,0
45,blue-collar,divorced,secondary,no,2536,no,no,cellular,5,0,failure,0
52,management,single,secondary,no,378,no,no,cellular,5,0,success,0
34,management,married,secondary,no,2576,no,no,unknown,2,0,unknown,0
61,technician,married,secondary,no,39,yes,no,cellular,2,1,unknown,0
60,technician,single,tertiary,no,1249,no,no,cellular,2,2,unknown,0
43,admin.,divorced,secondary,no,3234,no,no,cellular,5,3,unknown,0
34,management,married,tertiary,no,-182,yes,no,cellular,2,0,unknown,0
57,blue-collar,single,secondary,no,4608,yes,no,unknown,4,0,unknown,0
46,self-employed,married,tertiary,no,890,no,no,telephone,1,0,unknown,1
35,housemaid,married,secondary,no,0,yes,no,cellular,1,0,unknown,0
49,services,married,secondary,yes,335,yes,no,unknown,1,0,unknown,0
46,entrepreneur,divorced,unknown,no,3973,yes,no,unknown,2,1,unknown,0
47,management,married,unknown,no,0,no,no,unknown,1,0,unknown,0
40,blue-collar,single,secondary,no,3945,no,no,cellular,1,0,unknown,0
33,services,married,tertiary,no,231,no,no,cellular,2,7,unknown,0
26,admin.,single,primary,no,0,yes,no,unknown,1,0,failure,0
32,technician,married,tertiary,no,390,yes,no,telephone,2,3,success,0
39,management,single,secondary,no,3485,yes,no,telephone,9,0,unknown,0
55,technician,married,secondary,no,624,yes,no,unknown,1,0,unknown,0
48,entrepreneur,married,secondary,no,0,yes,no,cellular,1,0,unknown,1
32,management,married,tertiary,no,14440,no,no,cellular,2,0,failure,0
33,management,married,secondary,no,123,no,yes,unknown,2,0,unknown,0
36,technician,married,primary,no,180,yes,no,cellular,2,0,unknown,0
43,student,divorced,unknown,no,20,yes,no,cellular,1,0,unknown,0
58,blue-collar,married,secondary,no,15,yes,no,unknown,4,0,unknown,0
36,admin.,divorced,secondary,no,1550,no,no,cellular,1,0,other,0
44,management,single,tertiary,no,89,yes,no,cellular,2,0,unknown,0
37,technician,single,secondary,no,1495,no,no,cellular,1,0,success,0
58,management,married,secondary,no,383,yes,no,telephone,4,0,unknown,0
48,retired,married,primary,no,4111,no,no,cellular,2,0,unknown,0
48,blue-collar,married,tertiary,no,0,no,no,unknown,1,0,unknown,0
29,services,married,tertiary,no,774,yes,no,cellular,8,0,unknown,0
39,blue-collar,single,secondary,no,1790,no,no,cellular,1,0,unknown,0
36,blue-collar,married,tertiary,no,34,yes,no,unknown,8,0,unknown,1
57,blue-collar,married,secondary,no,0,no,no,cellular,1,0,failure,0
76,self-employed,single,secondary,no,4543,no,no,cellular,4,0,success,0
41,blue-collar,married,secondary,no,1322,yes,no,cellular,1,2,unknown,0
39,technician,single,tertiary,no,504,yes,no,cellular,2,0,unknown,0
46,admin.,married,secondary,no,2700,yes,no,telephone,2,0,unknown,0
58,blue-collar,single,primary,no,-311,yes,no,unknown,4,0,unknown,0
32,blue-collar,married,secondary,no,2914,no,yes,cellular,4,0,unknown,0
72,self-employed,married,primary,no,1048,yes,no,cellular,8,0,unknown,0
41,blue-collar,married,unknown,no,344,yes,no,unknown,8,0,unknown,0
39,technician,divorced,tertiary,no,34,yes,no,unknown,2,0,success,0
56,blue-collar,married,tertiary,no,5514,no,no,unknown,1,2,unknown,0
50,services,married,tertiary,no,800,yes,no,cellular,11,1,unknown,1
53,management,married,primary,no,0,no,no,cellular,1,0,unknown,0
42,admin.,married,secondary,no,1670,no,no,cellular,3,0,unknown,0
44,blue-collar,married,secondary,no,15030,yes,no,cellular,2,0,unknown,0
45,admin.,divorced,secondary,no,1427,no,no,unknown,3,0,failure,0
52,management,single,primary,no,209,no,no,unknown,2,0,success,0
33,blue-collar,single,secondary,no,137,yes,no,cellular,2,0,unknown,0
55,admin.,married,tertiary,no,0,no,no,cellular,2,0,unknown,0
33,management,single,secondary,no,2,yes,yes,unknown,9,0,unknown,0
48,services,divorced,secondary,no,628,no,no,cellular,1,0,unknown,0
49,technician,married,secondary,no,766,yes,no,unknown,3,0,unknown,0
56,services,married,secondary,no,16874,yes,no,cellular,1,0,unknown,0
29,management,divorced,primary,no,738,yes,yes,cellular,1,0,unknown,1
29,services,married,tertiary,no,0,no,no,unknown,1,0,unknown,0
58,blue-collar,married,secondary,no,786,yes,no,unknown,16,0,success,0
57,services,single,secondary,no,2,yes,no,unknown,4,0,unknown,1
48,blue-collar,married,primary,no,606,no,no,unknown,2,0,unknown,0
50,self-employed,single,secondary,no,0,yes,no,unknown,1,0,unknown,0
33,admin.,single,tertiary,no,133,no,no,cellular,2,0,unknown,0
25,technician,married,secondary,no,1,no,no,unknown,1,2,unknown,1
30,entrepreneur,single,secondary,no,4745,yes,no,unknown,2,3,unknown,0
39,blue-collar,married,tertiary,no,733,yes,no,telephone,2,0,unknown,0
35,unemployed,married,tertiary,no,200,yes,no,unknown,2,0,unknown,0
33,admin.,married,secondary,no,507,yes,no,cellular,1,0,unknown,0
58,technician,married,tertiary,no,0,yes,yes,cellular,1,0,unknown,0
44,blue-collar,married,tertiary,no,1480,no,no,cellular,2,0,success,0
34,entrepreneur,married,secondary,no,760,yes,no,cellular,1,0,unknown,0
39,management,married,secondary,no,59,yes,no,cellular,1,0,failure,0
35,management,married,secondary,yes,691,yes,no,unknown,5,0,unknown,0
52,blue-collar,single,tertiary,no,88,yes,no,unknown,3,3,unknown,1
37,entrepreneur,married,tertiary,no,616,yes,no,cellular,1,0,unknown,0
34,technician,single,unknown,no,112,yes,no,cellular,1,0,unknown,0
36,management,married,tertiary,no,396,no,yes,unknown,1,0,unknown,0
36,blue-collar,married,secondary,no,0,yes,no,cellular,1,2,unknown,0
43,services,married,secondary,no,1221,yes,no,telephone,30,0,unknown,0
36,services,divorced,secondary,no,92,yes,no,unknown,1,0,failure,0
43,technician,married,primary,no,493,yes,no,cellular,1,0,unknown,0
55,admin.,married,tertiary,no,-18,no,no,cellular,19,0,unknown,0
46,services,married,primary,no,218,yes,no,cellular,1,0,unknown,0
40,technician,married,secondary,no,495,yes,no,cellular,4,0,unknown,0
58,blue-collar,single,primary,no,167,no,no,cellular,5,0,unknown,0
40,entrepreneur,single,tertiary,no,206,yes,no,cellular,1,0,failure,1
33,services,married,primary,no,468,yes,no,cellular,2,0,failure,0
59,housemaid,single,secondary,no,474,no,no,unknown,1,0,unknown,1
58,services,married,secondary,no,18,no,no,cellular,1,0,unknown,0
29,services,married,secondary,no,674,no,no,cellular,1,0,unknown,0
47,management,divorced,secondary,no,4760,yes,no,cellular,28,0,other,0
30,unemployed,divorced,tertiary,no,1139,no,no,unknown,2,0,unknown,0
55,technician,married,secondary,no,1,yes,yes,cellular,3,0,unknown,0
58,management,single,primary,no,283,no,no,cellular,2,0,unknown,0
36,blue-collar,single,tertiary,no,872,no,yes,cellular,2,0,failure,0
57,management,married,secondary,no,507,yes,no,cellular,2,3,unknown,0
55,blue-collar,single,tertiary,no,0,no,no,unknown,2,2,unknown,1
26,unemployed,divorced,tertiary,no,-59,yes,no,cellular,1,0,unknown,0
60,blue-collar,married,primary,no,1808,yes,no,cellular,3,0,unknown,1
49,technician,married,secondary,no,0,yes,no,cellular,2,6,unknown,0
44,blue-collar,married,secondary,no,50,no,no,unknown,1,0,unknown,0
60,blue-collar,single,primary,no,102,no,no,cellular,2,0,unknown,0
49,management,married,secondary,no,0,no,no,cellular,1,3,unknown,0
31,technician,married,secondary,no,159,yes,no,telephone,2,0,unknown,0
58,blue-collar,divorced,tertiary,no,84,yes,no,unknown,2,2,failure,0
34,entrepreneur,married,unknown,no,1243,yes,no,cellular,1,0,success,0
39,management,married,tertiary,yes,1076,yes,yes,cellular,5,0,unknown,0
31,blue-collar,married,secondary,no,3809,no,no,unknown,1,0,unknown,0
40,technician,married,tertiary,no,38,yes,no,cellular,2,0,unknown,0
43,self-employed,married,tertiary,no,0,yes,no,cellular,4,0,failure,0
55,admin.,divorced,secondary,no,779,no,no,telephone,12,0,unknown,0
35,technician,married,primary,no,828,yes,no,unknown,1,2,unknown,0
37,technician,married,secondary,no,389,yes,no,telephone,2,0,unknown,0
47,entrepreneur,married,secondary,no,221,no,no,cellular,3,0,unknown,0
44,housemaid,married,unknown,no,70,no,no,unknown,1,0,failure,0
27,admin.,married,secondary,no,-179,yes,no,cellular,1,0,unknown,0
44,management,single,unknown,no,0,yes,no,cellular,5,0,unknown,0
31,entrepreneur,married,secondary,no,78,yes,no,cellular,1,2,unknown,0
53,management,married,secondary,no,32,yes,yes,unknown,4,11,unknown,0
31,self-employed,single,tertiary,no,501,no,yes,unknown,1,0,unknown,0
39,retired,married,secondary,no,520,no,yes,unknown,3,0,unknown,0
39,management,divorced,tertiary,no,1438,yes,yes,unknown,4,0,success,0
59,blue-collar,married,secondary,no,122,no,no,unknown,3,0,unknown,0
48,blue-collar,divorced,tertiary,no,0,no,no,unknown,2,0,unknown,0
33,unemployed,married,secondary,no,-67,yes,no,cellular,2,0,unknown,0
26,blue-collar,divorced,tertiary,no,72,no,no,cellular,1,0,unknown,0
32,management,married,tertiary,no,3935,no,no,cellular,1,0,other,0
33,self-employed,married,primary,no,14093,no,no,cellular,2,2,unknown,0
33,blue-collar,married,secondary,no,3792,no,no,cellular,2,23,failure,0
57,self-employed,single,tertiary,no,176,yes,no,unknown,2,0,unknown,0
32,services,married,secondary,no,2305,yes,no,telephone,5,2,unknown,0
42,blue-collar,single,secondary,no,894,no,no,cellular,3,0,failure,0
34,management,single,tertiary,no,134,no,no,cellular,4,0,unknown,0
30,management,single,secondary,no,2929,yes,no,unknown,3,0,failure,1
33,management,married,tertiary,no,7780,yes,no,cellular,1,1,unknown,0
33,admin.,married,secondary,no,6836,no,no,unknown,1,0,failure,0
41,retired,single,tertiary,no,973,no,yes,cellular,2,0,unknown,0
52,technician,married,secondary,no,1700,yes,no,telephone,1,0,failure,0
40,management,married,secondary,no,-665,no,no,unknown,4,0,unknown,0
53,management,single,tertiary,no,3823,yes,no,telephone,2,12,unknown,0
71,entrepreneur,married,secondary,no,12,yes,no,telephone,1,0,unknown,0
36,management,married,primary,no,4855,no,no,cellular,2,0,unknown,0
27,self-employed,single,secondary,no,9328,yes,yes,unknown,5,1,unknown,0
56,student,married,primary,no,981,yes,no,cellular,1,0,unknown,0
38,services,single,tertiary,no,-849,yes,no,unknown,2,0,unknown,0
42,blue-collar,married,tertiary,no,1,yes,no,cellular,6,0,success,1
34,blue-collar,single,tertiary,no,10655,no,yes,unknown,6,0,unknown,0
33,blue-collar,single,tertiary,no,-107,no,no,cellular,1,0,unknown,0
47,technician,married,secondary,no,478,yes,no,cellular,8,0,unknown,0
41,management,married,primary,no,2281,yes,no,cellular,1,0,unknown,0
41,management,married,tertiary,no,-230,no,no,unknown,3,20,unknown,1
31,technician,married,secondary,no,2944,yes,no,cellular,15,0,unknown,0
56,admin.,married,secondary,no,757,yes,no,cellular,1,2,unknown,0
34,management,married,secondary,no,-384,yes,no,cellular,4,0,unknown,0
59,technician,married,secondary,no,518,yes,yes,cellular,1,0,unknown,0
34,technician,married,secondary,no,84,yes,no,unknown,1,0,unknown,0
34,technician,divorced,unknown,no,61,yes,yes,cellular,1,0,unknown,0
43,admin.,married,secondary,no,-149,no,no,cellular,2,0,unknown,1
37,blue-collar,married,secondary,no,372,yes,no,cellular,10,0,failure,0
57,blue-collar,married,tertiary,no,777,yes,no,unknown,8,0,unknown,0
48,services,single,primary,no,0,yes,no,cellular,4,0,unknown,0
60,management,married,secondary,no,782,yes,no,cellular,1,0,other,0
37,management,married,secondary,no,183,no,no,unknown,2,0,unknown,0
58,technician,married,primary,no,432,no,no,cellular,5,0,unknown,0
55,retired,married,secondary,no,-254,yes,no,unknown,2,0,unknown,0
30,admin.,married,tertiary,no,1025,no,no,cellular,3,0,unknown,0
49,retired,divorced,primary,no,83,yes,no,unknown,2,2,unknown,0
63,retired,married,unknown,no,16,no,no,cellular,12,4,unknown,1
36,admin.,married,primary,no,1415,no,no,cellular,6,0,failure,0
40,blue-collar,married,secondary,no,2,yes,no,cellular,2,0,unknown,0
41,housemaid,married,tertiary,no,779,yes,no,cellular,1,0,failure,0
36,retired,married,tertiary,no,848,yes,no,cellular,2,0,unknown,0
47,blue-collar,married,secondary,no,137,yes,no,cellular,7,0,unknown,0
57,retired,married,secondary,no,-253,no,no,cellular,5,0,success,0
42,technician,single,secondary,no,6900,no,no,unknown,2,0,unknown,0
26,management,married,secondary,no,2301,no,no,telephone,5,0,unknown,0
50,management,married,tertiary,no,593,yes,no,cellular,2,0,unknown,0
41,services,married,tertiary,no,275,yes,no,cellular,2,0,unknown,0
39,blue-collar,single,secondary,no,125,no,no,cellular,2,0,unknown,0
32,blue-collar,single,tertiary,no,950,yes,no,unknown,2,0,unknown,0
73,blue-collar,married,primary,no,937,yes,no,cellular,3,0,unknown,0
35,blue-collar,single,secondary,no,1801,yes,no,unknown,2,0,other,0
34,blue-collar,single,secondary,no,3339,no,no,cellular,2,0,unknown,0
62,management,divorced,secondary,no,310,yes,yes,unknown,2,0,unknown,0
29,admin.,single,primary,no,2817,no,yes,cellular,3,0,unknown,0
34,housemaid,married,tertiary,no,7513,yes,no,cellular,3,0,unknown,0
28,blue-collar,married,primary,no,444,no,no,unknown,4,0,failure,0
44,blue-collar,single,tertiary,no,2227,no,no,cellular,6,0,unknown,0
40,management,single,secondary,no,5172,yes,no,unknown,7,1,unknown,0
44,technician,married,unknown,no,741,no,no,unknown,5,0,unknown,0
50,management,married,secondary,no,1798,no,no,cellular,2,0,unknown,1
41,blue-collar,married,secondary,no,575,no,no,cellular,1,0,unknown,0
60,entrepreneur,divorced,primary,no,46,no,no,unknown,2,0,unknown,0
29,blue-collar,married,secondary,no,3238,no,no,unknown,1,5,unknown,0
28,management,married,tertiary,no,586,no,no,telephone,1,0,unknown,0
42,technician,married,primary,no,23,no,no,cellular,10,0,unknown,0
49,management,single,secondary,no,0,no,no,cellular,3,0,unknown,0
33,admin.,single,primary,no,4,yes,no,cellular,2,0,unknown,0
63,blue-collar,married,secondary,no,181,yes,no,cellular,1,1,other,0
41,services,single,tertiary,no,1167,no,no,cellular,3,1,unknown,0
43,management,single,tertiary,no,712,no,no,cellular,1,0,unknown,0
48,services,married,secondary,no,417,no,no,cellular,2,3,unknown,0
53,student,divorced,secondary,no,89,yes,no,cellular,1,0,unknown,0
48,services,single,tertiary,no,1495,yes,yes,cellular,1,0,failure,0
58,blue-collar,single,tertiary,no,0,no,no,cellular,3,0,unknown,0
21,management,single,secondary,no,1910,yes,no,cellular,4,1,unknown,0
30,blue-collar,single,primary,no,-320,yes,no,cellular,3,0,unknown,0
41,management,divorced,secondary,no,341,yes,yes,cellular,3,0,unknown,1
32,blue-collar,single,tertiary,no,-117,no,no,cellular,1,0,unknown,0
34,admin.,divorced,tertiary,no,1603,yes,no,cellular,1,0,unknown,0
47,blue-collar,single,secondary,no,865,yes,no,cellular,4,4,unknown,0
35,services,married,secondary,no,472,no,no,cellular,2,0,unknown,0
44,blue-collar,married,secondary,no,1,no,no,cellular,1,0,unknown,0
58,student,married,secondary,no,1466,no,yes,unknown,3,0,unknown,1
44,retired,married,tertiary,no,-2,no,no,cellular,2,0,unknown,1
47,blue-collar,single,secondary,no,1466,no,no,cellular,2,3,unknown,0
32,services,married,secondary,no,1281,yes,no,cellular,2,0,failure,0
34,retired,divorced,unknown,no,2322,yes,no,cellular,2,0,unknown,0
60,student,married,tertiary,no,134,no,no,cellular,2,0,unknown,0
51,management,married,secondary,no,7702,yes,no,telephone,1,1,failure,0
40,technician,married,secondary,no,23,yes,no,unknown,1,0,unknown,0
33,housemaid,single,secondary,no,-28,yes,no,unknown,2,0,unknown,0
31,student,married,secondary,no,-405,no,no,cellular,7,0,failure,0
26,blue-collar,married,secondary,no,696,no,no,cellular,2,0,unknown,1
32,retired,married,tertiary,no,33,no,no,cellular,3,0,unknown,0
32,self-employed,divorced,secondary,no,4665,no,no,cellular,3,0,unknown,0
35,technician,divorced,secondary,no,14,yes,no,cellular,1,0,unknown,1
35,blue-collar,married,primary,no,293,yes,no,cellular,1,2,unknown,0
44,technician,single,secondary,no,1073,no,no,cellular,1,0,unknown,0
32,blue-collar,married,secondary,no,191,no,no,unknown,1,0,unknown,0
31,admin.,divorced,secondary,no,1491,yes,no,cellular,2,0,unknown,0
40,technician,divorced,secondary,no,1109,yes,no,unknown,2,1,unknown,0
48,management,married,primary,no,107,yes,yes,unknown,1,0,unknown,0
27,technician,single,secondary,no,3342,yes,yes,cellular,5,8,unknown,0
38,technician,married,secondary,no,60,no,no,cellular,2,0,unknown,0
46,blue-collar,single,tertiary,no,-8,yes,no,cellular,1,0,unknown,0
44,services,single,primary,no,35,no,no,cellular,3,3,unknown,0
57,admin.,married,secondary,no,1743,yes,no,cellular,1,0,unknown,1
45,technician,married,secondary,no,27733,no,no,cellular,2,2,unknown,0
35,management,single,secondary,no,934,yes,no,unknown,2,1,failure,0
34,admin.,married,secondary,no,72,yes,no,unknown,3,4,unknown,0
34,management,divorced,secondary,no,122,yes,no,unknown,1,0,failure,0
47,student,married,tertiary,no,157,yes,yes,unknown,2,0,unknown,0
57,blue-collar,married,secondary,no,96,yes,no,cellular,4,0,failure,0
53,unknown,single,secondary,no,-119,no,yes,unknown,2,0,unknown,0
48,self-employed,divorced,primary,no,437,yes,no,cellular,2,0,unknown,0
32,retired,married,tertiary,no,1959,yes,yes,cellular,2,0,unknown,0
33,blue-collar,married,tertiary,no,0,yes,no,cellular,5,0,failure,0
49,technician,married,primary,no,201,no,no,cellular,1,0,success,0
56,admin.,married,secondary,no,610,yes,no,unknown,5,0,unknown,0
24,admin.,married,secondary,no,3939,no,no,cellular,3,0,unknown,0
33,technician,single,secondary,no,3939,no,no,cellular,3,5,unknown,0
58,technician,married,secondary,no,6072,yes,no,cellular,1,0,unknown,0
36,management,married,tertiary,no,10924,yes,yes,cellular,4,0,failure,0
50,admin.,single,primary,yes,483,yes,no,cellular,1,0,unknown,0
35,management,married,tertiary,no,3450,no,no,cellular,2,0,failure,0
36,blue-collar,single,unknown,no,6699,yes,no,cellular,1,0,unknown,0
26,admin.,single,secondary,no,3334,yes,yes,cellular,2,0,unknown,0
40,admin.,married,secondary,no,2301,no,no,cellular,1,0,success,0
56,services,single,secondary,no,1750,no,no,cellular,5,0,unknown,1
31,entrepreneur,married,secondary,no,428,no,no,cellular,1,0,unknown,0
47,technician,single,secondary,no,2843,yes,no,cellular,10,0,unknown,0
33,management,married,tertiary,no,1060,no,no,cellular,2,0,failure,0
47,admin.,married,secondary,no,2,yes,no,cellular,1,0,unknown,0
33,housemaid,married,unknown,no,1211,no,yes,telephone,9,0,unknown,0
27,blue-collar,married,tertiary,no,1526,yes,no,cellular,1,0,success,0
33,management,divorced,secondary,no,4831,yes,no,unknown,1,0,unknown,0
39,self-employed,married,secondary,no,852,no,no,cellular,4,0,unknown,0
35,management,married,primary,no,107,no,no,cellular,3,0,unknown,0
35,blue-collar,married,primary,no,4143,no,no,cellular,1,0,success,0
26,technician,single,secondary,no,655,yes,no,cellular,1,3,unknown,0
34,technician,married,secondary,no,198,no,yes,cellular,2,0,unknown,0
31,services,married,tertiary,no,10786,yes,no,cellular,5,0,failure,0
38,blue-collar,married,secondary,no,0,no,yes,cellular,6,0,unknown,0
35,admin.,married,secondary,no,52,no,no,unknown,4,1,unknown,0
52,blue-collar,divorced,tertiary,no,170,yes,no,cellular,1,0,unknown,0
43,unemployed,married,secondary,no,462,yes,no,cellular,6,0,unknown,0
46,technician,married,tertiary,no,247,no,no,unknown,25,1,unknown,0
39,admin.,single,primary,no,2411,yes,no,unknown,4,3,failure,0
45,technician,married,secondary,no,299,yes,yes,unknown,3,0,success,0
31,blue-collar,divorced,secondary,no,-1,yes,no,cellular,2,0,unknown,0
49,self-employed,married,secondary,no,2398,yes,no,cellular,1,0,unknown,0
80,services,single,primary,no,4722,yes,no,unknown,1,0,unknown,0
37,blue-collar,single,secondary,no,6,yes,no,cellular,18,0,unknown,0
45,self-employed,married,primary,no,428,yes,no,cellular,1,0,unknown,0
40,blue-collar,divorced,secondary,no,187,no,no,cellular,11,19,unknown,0
29,admin.,single,primary,yes,4665,yes,no,unknown,1,0,unknown,0
37,management,married,secondary,no,51,no,no,unknown,2,0,unknown,0
31,technician,divorced,secondary,no,1380,yes,no,unknown,1,8,other,0
33,blue-collar,single,primary,no,2288,yes,yes,unknown,1,6,unknown,0
57,services,married,tertiary,no,2,yes,yes,cellular,4,0,unknown,0
36,retired,married,tertiary,no,792,no,no,cellular,2,0,unknown,0
35,blue-collar,single,primary,no,1,yes,yes,unknown,2,0,unknown,0
33,services,married,secondary,no,126,yes,no,cellular,8,0,unknown,0
50,self-employed,married,tertiary,no,7,yes,yes,unknown,5,0,unknown,0
35,self-employed,single,primary,no,604,yes,no,cellular,4,4,failure,0
34,services,married,primary,no,23,no,no,cellular,2,2,unknown,0
36,retired,married,secondary,no,99,yes,no,cellular,2,2,unknown,0
34,student,married,tertiary,no,479,yes,no,cellular,2,0,other,0
50,technician,single,secondary,no,4994,no,no,cellular,7,3,unknown,0
38,technician,single,tertiary,no,-352,no,no,unknown,2,0,unknown,0
40,management,divorced,secondary,no,912,no,no,unknown,1,0,unknown,0
34,admin.,married,primary,no,48,no,no,unknown,2,0,unknown,0
44,management,divorced,primary,no,371,yes,no,unknown,12,5,unknown,1
26,management,married,secondary,no,109,yes,no,cellular,8,0,unknown,0
47,blue-collar,single,primary,no,378,yes,no,unknown,1,0,unknown,0
40,services,married,secondary,no,2403,no,no,unknown,15,0,unknown,0
34,services,single,secondary,no,88,yes,no,cellular,4,0,failure,0
31,services,single,primary,no,41,yes,yes,telephone,1,0,unknown,0
50,management,married,secondary,no,1410,no,no,telephone,44,0,unknown,0
35,blue-collar,married,tertiary,no,608,yes,no,cellular,1,0,unknown,1
25,unemployed,divorced,secondary,no,2,no,no,cellular,1,0,unknown,1
47,self-employed,single,secondary,no,799,no,no,cellular,1,0,unknown,0
36,services,married,primary,no,4343,no,no,cellular,3,0,success,0
32,admin.,married,secondary,no,0,yes,no,cellular,1,4,unknown,0
39,management,single,tertiary,no,217,yes,no,cellular,3,1,success,0
66,management,married,secondary,no,1798,yes,no,unknown,5,2,failure,0
33,management,married,secondary,no,11797,yes,yes,cellular,7,2,unknown,0
39,services,married,primary,no,462,no,no,cellular,3,0,unknown,0
54,management,single,primary,no,-206,yes,no,cellular,3,0,unknown,0
36,services,married,tertiary,no,477,yes,no,unknown,5,0,unknown,0
31,technician,divorced,secondary,no,428,no,no,telephone,1,0,unknown,0
53,technician,married,secondary,no,5431,no,no,unknown,2,6,unknown,0
42,services,married,unknown,no,121,yes,yes,cellular,2,0,other,0
41,blue-collar,single,tertiary,no,21244,no,no,cellular,4,0,unknown,0
28,blue-collar,divorced,secondary,no,656,no,no,cellular,1,0,unknown,0
31,housemaid,married,secondary,no,1729,yes,no,cellular,1,0,unknown,0
26,technician,divorced,secondary,no,1844,yes,no,telephone,3,0,unknown,0
34,services,married,tertiary,no,462,yes,no,cellular,3,0,unknown,1
57,management,divorced,primary,no,710,no,yes,cellular,2,0,unknown,0
35,services,divorced,secondary,no,2284,no,no,telephone,2,0,unknown,0
46,entrepreneur,single,tertiary,no,3875,no,no,telephone,2,0,unknown,0
45,admin.,single,secondary,no,415,yes,no,cellular,1,0,unknown,0
47,management,married,secondary,no,318,no,yes,unknown,6,2,unknown,0
47,blue-collar,married,primary,no,100,no,no,cellular,2,0,unknown,0
28,technician,married,tertiary,no,548,yes,no,cellular,10,0,unknown,0
50,blue-collar,married,secondary,no,6945,no,no,cellular,2,0,unknown,0
49,self-employed,single,secondary,no,0,no,yes,cellular,2,0,unknown,0
58,student,single,secondary,no,1448,no,no,unknown,1,3,failure,1
43,blue-collar,married,tertiary,no,598,yes,no,unknown,2,0,unknown,0
28,student,married,secondary,no,2408,no,no,telephone,12,0,unknown,0
30,student,single,secondary,no,2830,no,yes,cellular,2,0,unknown,0
56,blue-collar,divorced,primary,no,431,yes,no,cellular,4,1,unknown,0
83,blue-collar,married,secondary,no,309,yes,no,unknown,3,2,unknown,0
37,management,divorced,tertiary,no,604,yes,no,unknown,1,0,failure,0
42,management,single,secondary,no,1242,no,no,cellular,2,0,other,0
43,services,married,secondary,no,0,yes,no,unknown,2,0,unknown,0
30,management,married,secondary,no,77,no,no,unknown,1,0,unknown,0
32,retired,married,unknown,no,151,no,no,unknown,2,0,unknown,0
53,housemaid,single,primary,no,118,yes,no,unknown,1,0,unknown,0
31,housemaid,married,unknown,no,1503,yes,yes,cellular,3,0,unknown,0
37,services,single,secondary,no,1526,no,no,telephone,1,0,success,0
36,self-employed,married,secondary,no,212,no,no,cellular,1,0,unknown,0
45,retired,divorced,primary,no,1495,yes,no,cellular,24,0,unknown,0
27,management,married,unknown,no,1,yes,no,cellular,1,0,unknown,1
54,blue-collar,married,secondary,no,212,no,no,cellular,2,0,unknown,0
52,blue-collar,married,secondary,no,1577,yes,no,telephone,2,0,unknown,0
32,blue-collar,single,tertiary,no,4366,yes,yes,unknown,2,0,unknown,0
43,management,single,tertiary,no,4086,no,no,unknown,4,0,unknown,0
41,blue-collar,single,secondary,no,236,no,no,cellular,1,0,unknown,0
51,blue-collar,married,secondary,no,5355,no,no,cellular,1,0,unknown,0
27,admin.,married,secondary,no,123,yes,no,cellular,14,0,unknown,0
46,blue-collar,married,secondary,no,1266,yes,no,telephone,3,0,unknown,0
33,admin.,married,tertiary,no,446,no,no,unknown,1,0,unknown,0
47,management,divorced,tertiary,no,-47,yes,no,unknown,7,0,unknown,0
39,technician,single,tertiary,no,3096,yes,yes,cellular,3,3,unknown,0
50,technician,married,tertiary,no,0,yes,no,cellular,1,0,unknown,0
39,blue-collar,single,secondary,no,419,yes,yes,cellular,1,0,unknown,0
43,technician,single,primary,no,883,no,no,unknown,2,0,unknown,0
32,management,single,unknown,no,5563,no,yes,cellular,2,0,unknown,0
51,technician,divorced,secondary,no,7317,yes,no,unknown,2,0,unknown,0
42,management,single,tertiary,no,5,no,no,unknown,4,1,unknown,0
49,admin.,married,tertiary,no,1050,no,no,cellular,2,0,unknown,0
28,blue-collar,married,secondary,no,4657,no,no,unknown,6,3,unknown,0
44,blue-collar,married,primary,no,58,yes,no,unknown,7,0,unknown,0
42,admin.,single,primary,no,-320,yes,no,cellular,2,0,unknown,0
49,management,married,tertiary,no,112,yes,no,cellular,15,0,other,0
42,services,married,secondary,no,446,no,no,unknown,10,0,failure,0
48,admin.,married,primary,no,232,yes,yes,unknown,1,6,unknown,0
74,services,single,secondary,no,260,yes,yes,unknown,2,0,success,0
49,admin.,single,tertiary,no,1253,no,no,unknown,1,0,unknown,0
43,management,married,secondary,no,1203,no,no,cellular,2,2,success,0
33,management,married,tertiary,no,176,no,no,cellular,2,0,unknown,0
37,self-employed,married,secondary,no,8,no,no,cellular,2,2,failure,0
42,blue-collar,married,tertiary,no,26,no,yes,cellular,1,0,unknown,0
42,services,married,secondary,no,1141,yes,no,cellular,4,0,unknown,0
54,blue-collar,married,secondary,no,852,yes,no,cellular,1,0,unknown,0
31,blue-collar,married,tertiary,no,4460,yes,no,cellular,3,0,unknown,0
56,technician,married,secondary,no,425,yes,no,cellular,1,2,unknown,0
38,technician,married,primary,no,244,yes,no,unknown,1,0,unknown,0
33,management,married,tertiary,no,122,yes,no,cellular,1,0,unknown,0
71,management,married,secondary,no,0,yes,no,unknown,3,0,unknown,0
27,blue-collar,single,secondary,no,499,no,no,cellular,1,0,unknown,0
55,services,married,secondary,no,298,yes,no,cellular,1,0,unknown,0
39,unemployed,married,secondary,no,-1164,no,no,cellular,2,0,failure,1
45,admin.,divorced,secondary,no,3436,yes,no,cellular,1,0,failure,0
38,blue-collar,married,tertiary,no,697,yes,no,unknown,1,0,unknown,0
45,technician,married,tertiary,no,1310,yes,no,cellular,5,1,unknown,0
46,self-employed,married,secondary,no,181,yes,no,cellular,3,0,unknown,0
32,technician,married,primary,no,2749,no,yes,unknown,3,0,unknown,0
60,management,married,secondary,no,4809,no,yes,cellular,1,2,unknown,0
45,technician,married,primary,no,2610,no,no,cellular,2,6,unknown,0
43,blue-collar,married,tertiary,no,609,no,no,unknown,4,0,unknown,0
37,management,single,secondary,no,2887,no,no,cellular,3,0,unknown,0
49,management,divorced,secondary,no,264,yes,no,unknown,1,0,unknown,0
37,management,married,secondary,no,271,yes,no,cellular,1,0,unknown,0
26,blue-collar,married,tertiary,no,1066,no,yes,cellular,1,0,unknown,0
45,management,married,primary,no,556,no,no,cellular,1,9,unknown,0
31,management,single,secondary,no,4460,no,no,unknown,1,1,failure,0
35,technician,single,tertiary,no,-1148,yes,no,unknown,1,0,unknown,0
38,management,married,tertiary,no,802,yes,no,cellular,4,0,unknown,0
41,technician,divorced,primary,no,177,yes,no,cellular,1,0,success,0
86,services,married,primary,no,3748,yes,no,cellular,2,0,unknown,0
31,retired,married,primary,no,1819,yes,no,cellular,1,0,unknown,1
28,blue-collar,married,tertiary,no,462,yes,no,cellular,2,0,unknown,0
35,unemployed,married,tertiary,no,9,no,no,cellular,1,0,unknown,0
34,management,divorced,secondary,no,3165,yes,no,unknown,5,0,unknown,0
31,management,divorced,secondary,no,42,yes,yes,cellular,2,0,unknown,0
38,management,married,secondary,no,-41,yes,no,cellular,1,0,unknown,1
56,admin.,married,secondary,no,-113,yes,no,cellular,1,0,failure,0
35,blue-collar,single,secondary,no,1738,yes,no,cellular,12,0,unknown,0
40,technician,married,secondary,no,1121,yes,yes,telephone,3,0,unknown,0
35,admin.,single,tertiary,no,0,yes,no,unknown,1,0,unknown,0
46,management,married,unknown,yes,699,yes,no,cellular,1,0,unknown,0
29,technician,married,secondary,no,-120,yes,no,unknown,2,0,unknown,0
37,blue-collar,married,tertiary,no,179,yes,no,unknown,1,0,unknown,0
40,admin.,married,secondary,no,18,yes,no,unknown,1,0,unknown,0
49,management,married,secondary,no,0,yes,no,cellular,3,0,unknown,0
46,self-employed,married,tertiary,no,59,yes,yes,cellular,4,0,unknown,0
53,management,divorced,tertiary,no,448,yes,yes,unknown,3,0,unknown,0
31,technician,married,primary,no,1641,yes,no,unknown,2,0,other,0
32,management,married,secondary,no,688,no,no,unknown,2,0,unknown,0
32,blue-collar,married,secondary,no,101,yes,yes,cellular,2,0,unknown,0
39,blue-collar,married,tertiary,no,15,no,no,cellular,1,0,unknown,0
36,management,married,primary,no,577,yes,no,cellular,2,0,unknown,0
30,management,married,primary,no,1613,yes,no,unknown,1,5,failure,0
39,management,married,secondary,no,0,yes,no,unknown,5,0,unknown,0
47,blue-collar,married,tertiary,no,5462,no,no,unknown,1,0,unknown,0
45,blue-collar,married,secondary,no,231,yes,no,cellular,6,1,success,0
59,blue-collar,single,tertiary,no,784,yes,no,telephone,1,0,unknown,0
31,management,married,tertiary,no,264,yes,yes,cellular,4,0,unknown,1
59,technician,married,secondary,no,25,yes,no,cellular,1,2,unknown,0
31,management,married,tertiary,no,2420,no,no,telephone,1,3,unknown,0
27,admin.,married,secondary,no,518,no,no,unknown,2,0,unknown,0
55,management,married,tertiary,no,112,yes,no,unknown,1,0,unknown,1
31,admin.,divorced,unknown,no,182,yes,no,cellular,4,0,other,0
34,blue-collar,married,secondary,no,2542,no,no,cellular,1,0,unknown,0
54,technician,married,secondary,no,2,no,no,unknown,1,0,unknown,0
50,admin.,married,secondary,no,763,yes,no,cellular,1,0,unknown,0
47,blue-collar,divorced,primary,no,468,yes,no,unknown,1,0,unknown,0
30,unemployed,married,unknown,no,39,yes,no,cellular,4,0,unknown,0
61,blue-collar,married,secondary,no,391,yes,no,cellular,1,0,unknown,0
41,technician,married,tertiary,no,3337,yes,no,cellular,2,0,unknown,0
36,services,married,secondary,no,5706,yes,no,cellular,2,0,unknown,1
50,admin.,married,secondary,no,1022,yes,no,cellular,2,0,unknown,0
34,management,single,secondary,no,6000,no,no,telephone,1,2,unknown,0
34,technician,married,tertiary,no,16178,yes,no,cellular,2,0,failure,0
26,management,divorced,secondary,no,508,yes,no,cellular,1,0,failure,0
31,unemployed,divorced,tertiary,no,374,yes,no,cellular,1,0,unknown,0
57,technician,single,primary,no,0,yes,yes,cellular,2,0,other,0
35,admin.,married,secondary,no,4684,yes,yes,cellular,2,0,unknown,0
43,admin.,married,tertiary,no,755,yes,yes,unknown,1,0,unknown,0
51,admin.,married,secondary,no,1491,no,no,telephone,2,0,unknown,0
59,retired,single,primary,no,0,no,yes,cellular,2,0,unknown,0
67,admin.,divorced,unknown,no,2769,yes,no,cellular,1,0,unknown,0
36,self-employed,married,tertiary,no,2039,yes,yes,cellular,2,0,unknown,0
53,blue-collar,single,secondary,no,215,yes,no,cellular,1,0,unknown,0
50,management,married,secondary,no,874,yes,no,unknown,2,0,unknown,1
31,technician,married,tertiary,no,0,yes,no,cellular,31,0,failure,0
59,admin.,married,unknown,no,71,yes,no,cellular,10,0,unknown,0
35,management,married,secondary,no,5731,no,yes,telephone,2,0,unknown,0
50,retired,divorced,secondary,no,53,yes,no,cellular,25,0,unknown,0
59,blue-collar,married,primary,no,1727,no,no,unknown,4,5,unknown,0
50,blue-collar,married,secondary,no,2304,no,yes,cellular,1,0,unknown,0
31,management,divorced,secondary,no,1315,yes,yes,cellular,3,0,unknown,0
34,management,married,secondary,no,2269,yes,no,cellular,1,1,unknown,0
65,entrepreneur,single,tertiary,no,5706,no,no,unknown,6,4,unknown,0
22,services,married,tertiary,no,3972,no,no,unknown,1,0,unknown,0
29,management,single,secondary,no,1304,yes,no,cellular,2,0,unknown,1
46,student,married,secondary,no,998,no,no,cellular,2,0,unknown,0
52,blue-collar,married,secondary,no,185,yes,no,telephone,3,0,unknown,0
25,self-employed,single,tertiary,no,5436,yes,no,cellular,2,0,unknown,0
32,management,single,secondary,no,-471,yes,no,cellular,2,2,failure,0
33,management,single,tertiary,no,112,yes,no,telephone,1,0,unknown,0
48,unemployed,divorced,tertiary,no,401,yes,no,unknown,4,0,unknown,0
41,blue-collar,divorced,secondary,no,-319,no,no,unknown,1,0,unknown,0
34,blue-collar,single,secondary,no,3339,no,no,telephone,5,0,unknown,0
36,unknown,married,secondary,no,342,no,no,cellular,2,0,other,0
32,retired,married,secondary,no,900,no,yes,cellular,3,4,other,0
43,technician,single,tertiary,no,157,yes,no,cellular,7,3,unknown,1
29,technician,divorced,secondary,no,345,yes,no,cellular,2,0,failure,0
52,technician,married,primary,no,1188,yes,no,unknown,1,0,failure,1
37,technician,married,primary,no,908,yes,no,cellular,2,0,unknown,0
46,technician,married,secondary,no,3733,yes,no,cellular,1,1,unknown,0
38,technician,divorced,tertiary,no,638,no,no,cellular,3,0,unknown,0
40,management,divorced,primary,no,76,yes,no,unknown,1,0,unknown,0
39,blue-collar,married,primary,no,5706,yes,no,cellular,4,0,unknown,0
37,management,married,tertiary,no,0,yes,no,cellular,3,0,unknown,0
45,admin.,married,secondary,no,925,yes,no,cellular,2,1,unknown,0
37,entrepreneur,married,secondary,no,5563,no,no,telephone,1,0,unknown,1
52,technician,married,secondary,no,245,no,no,cellular,1,1,unknown,0
44,management,married,secondary,no,15,no,no,cellular,1,2,unknown,1
61,unemployed,married,secondary,no,3064,yes,no,cellular,3,0,unknown,0
36,management,single,unknown,no,-617,yes,no,cellular,3,0,unknown,0
54,entrepreneur,single,tertiary,no,1005,yes,no,cellular,3,0,unknown,0
51,management,married,primary,no,343,no,no,cellular,3,0,unknown,1
26,technician,married,secondary,no,0,no,no,cellular,1,0,unknown,0
48,management,married,tertiary,no,14093,yes,no,unknown,1,0,unknown,0
35,blue-collar,divorced,tertiary,no,3924,yes,no,unknown,4,0,unknown,0
39,technician,married,secondary,no,-1212,yes,no,cellular,2,0,failure,0
54,blue-collar,married,tertiary,no,448,no,no,cellular,2,0,failure,0
46,technician,single,primary,no,440,no,no,cellular,2,0,unknown,0
38,management,married,primary,no,27069,no,no,unknown,5,0,unknown,0
28,unemployed,married,secondary,no,188,yes,no,cellular,1,0,unknown,0
37,management,single,tertiary,no,477,no,no,cellular,1,0,unknown,0
28,services,divorced,secondary,no,202,yes,yes,cellular,6,0,unknown,0
32,entrepreneur,single,tertiary,no,8304,yes,no,cellular,1,0,unknown,0
38,management,married,tertiary,no,390,no,no,cellular,4,0,unknown,0
39,self-employed,married,secondary,no,390,yes,no,unknown,3,1,unknown,0
31,student,married,primary,no,5172,no,no,unknown,3,0,unknown,0
30,blue-collar,married,secondary,no,7317,no,no,cellular,7,3,other,0
44,services,divorced,secondary,no,501,no,no,cellular,1,0,unknown,1
44,management,married,tertiary,no,1011,yes,yes,telephone,2,0,unknown,0
43,blue-collar,married,primary,no,118,yes,no,cellular,2,0,failure,0
33,blue-collar,married,secondary,no,0,no,no,cellular,7,0,unknown,0
50,technician,married,secondary,no,276,yes,no,cellular,1,0,unknown,0
26,housemaid,married,secondary,no,156,no,yes,unknown,1,0,unknown,0
60,unemployed,single,secondary,no,2914,yes,no,cellular,6,0,unknown,0
36,technician,married,tertiary,no,434,no,no,cellular,6,0,unknown,0
53,technician,married,tertiary,no,2038,no,no,cellular,3,0,unknown,0
58,management,single,primary,no,187,no,yes,telephone,29,0,unknown,0
45,management,single,unknown,no,529,yes,no,cellular,2,1,other,0
56,technician,single,secondary,no,49,yes,yes,cellular,1,0,unknown,0
47,admin.,divorced,primary,no,771,yes,yes,unknown,6,0,failure,0
31,management,single,secondary,no,134,no,yes,cellular,1,0,failure,0
27,services,married,secondary,no,55,yes,no,telephone,4,0,unknown,1
44,services,married,secondary,no,0,no,no,cellular,7,0,unknown,0
45,technician,married,primary,no,52,no,yes,unknown,7,0,failure,0
58,admin.,single,secondary,no,653,yes,yes,cellular,3,1,failure,0
36,blue-collar,married,secondary,no,3342,yes,yes,cellular,3,3,unknown,0
34,technician,married,secondary,no,83,no,no,cellular,11,0,unknown,0
36,technician,married,unknown,no,697,no,no,unknown,3,0,unknown,0
35,management,married,secondary,no,14,no,no,unknown,2,0,success,0
30,management,married,secondary,no,778,yes,no,cellular,1,4,unknown,1
39,self-employed,divorced,primary,no,1203,yes,yes,cellular,2,0,unknown,0
50,management,single,secondary,no,4543,yes,no,cellular,2,0,unknown,0
56,retired,married,primary,no,1242,yes,no,unknown,2,0,failure,0
41,management,married,secondary,no,0,yes,no,telephone,3,0,unknown,0
46,services,single,secondary,no,0,no,no,unknown,2,0,unknown,0
35,management,divorced,secondary,no,127,no,yes,cellular,2,0,unknown,1
34,blue-collar,married,tertiary,no,490,no,no,unknown,1,3,failure,0
36,management,single,secondary,no,-99,yes,no,telephone,2,0,unknown,0
40,blue-collar,married,secondary,no,177,no,no,unknown,2,0,unknown,1
41,admin.,married,tertiary,no,1910,yes,no,cellular,1,3,success,1
39,management,married,tertiary,no,556,yes,yes,cellular,1,0,failure,1
46,blue-collar,married,primary,no,748,no,no,cellular,1,0,unknown,1
34,self-employed,divorced,unknown,no,386,yes,no,cellular,2,0,unknown,1
46,services,married,secondary,no,834,yes,no,cellular,2,0,unknown,0
40,management,married,tertiary,no,2571,no,no,cellular,2,0,unknown,0
50,technician,married,primary,no,2700,yes,no,unknown,3,0,other,0
27,blue-collar,married,primary,no,17555,no,no,cellular,7,0,unknown,0
31,retired,married,secondary,no,-196,no,no,cellular,2,0,unknown,0
33,technician,married,unknown,no,2,yes,no,cellular,3,0,unknown,0
36,technician,single,secondary,no,13229,yes,no,cellular,2,7,unknown,0
26,blue-collar,married,primary,no,310,no,no,cellular,2,0,unknown,0
36,management,single,secondary,no,-427,no,no,unknown,7,2,unknown,0
44,admin.,married,secondary,no,-15,yes,no,cellular,5,0,unknown,0
51,student,divorced,tertiary,no,199,yes,no,cellular,2,0,unknown,0
59,blue-collar,married,secondary,no,4608,no,no,cellular,1,0,unknown,1
43,management,married,secondary,no,1572,yes,no,unknown,1,0,failure,0
34,management,married,tertiary,no,415,no,no,cellular,1,0,unknown,0
30,technician,married,tertiary,no,0,yes,no,cellular,6,0,other,0
39,management,married,primary,no,0,no,no,cellular,2,0,unknown,1
35,entrepreneur,married,tertiary,no,8304,no,yes,unknown,10,0,unknown,0
40,management,married,secondary,no,0,no,no,cellular,1,0,unknown,0
28,blue-collar,married,tertiary,no,0,yes,no,cellular,2,0,unknown,0
52,technician,married,tertiary,no,2087,no,no,cellular,4,0,unknown,0
26,management,married,secondary,no,2567,no,no,cellular,3,0,unknown,0
58,technician,single,tertiary,no,1738,no,no,telephone,2,0,unknown,0
38,management,married,tertiary,no,2,no,no,cellular,1,0,unknown,0
36,management,single,tertiary,no,1633,yes,no,unknown,2,0,unknown,0
46,management,married,secondary,no,1026,yes,no,cellular,3,0,unknown,0
34,blue-collar,single,secondary,no,397,yes,no,cellular,1,0,success,0
59,management,married,secondary,no,8902,yes,no,cellular,4,0,unknown,0
34,admin.,married,primary,no,-1164,no,no,unknown,1,0,unknown,0
37,services,single,secondary,no,901,no,no,cellular,1,0,unknown,0
45,management,married,secondary,no,-97,no,yes,telephone,2,0,unknown,1
36,blue-collar,married,primary,no,1005,no,no,cellular,3,0,unknown,0
31,blue-collar,married,secondary,no,314,yes,yes,unknown,2,0,unknown,0
45,management,married,secondary,no,0,yes,no,unknown,1,0,unknown,0
47,management,single,secondary,no,34,yes,no,cellular,5,0,unknown,1
39,blue-collar,married,secondary,no,26,yes,yes,cellular,3,0,unknown,0
42,unknown,married,secondary,no,237,yes,no,unknown,6,5,unknown,1
29,retired,married,secondary,no,471,no,no,unknown,6,0,unknown,0
27,technician,single,secondary,no,22,yes,no,cellular,1,0,unknown,0
42,management,married,secondary,no,174,yes,no,cellular,1,0,unknown,0
37,services,single,secondary,no,1472,yes,no,unknown,1,0,unknown,0
33,blue-collar,married,secondary,no,-32,no,no,unknown,1,0,unknown,0
46,management,divorced,tertiary,no,47,no,no,cellular,1,0,unknown,0
28,technician,single,unknown,no,0,no,no,cellular,2,0,unknown,0
52,admin.,married,tertiary,no,-15,no,no,cellular,2,0,failure,0
39,services,married,secondary,no,5191,no,no,cellular,1,0,unknown,0
46,technician,divorced,secondary,no,278,yes,yes,cellular,2,0,unknown,0
48,retired,married,secondary,no,319,yes,no,cellular,1,0,other,1
33,management,married,secondary,no,1490,yes,no,cellular,1,0,unknown,0
31,unknown,divorced,tertiary,no,495,no,yes,cellular,2,0,unknown,0
32,management,divorced,secondary,no,-312,yes,no,unknown,3,0,unknown,0
33,management,married,secondary,no,4157,yes,no,cellular,2,0,unknown,1
35,student,married,secondary,no,176,no,no,unknown,2,0,unknown,0
28,admin.,married,secondary,no,172,yes,no,cellular,3,0,unknown,0
43,technician,single,secondary,no,-314,no,no,unknown,2,0,failure,0
44,entrepreneur,married,tertiary,no,592,no,no,cellular,1,0,unknown,0
32,management,single,secondary,no,1623,yes,yes,cellular,8,2,unknown,0
30,student,married,primary,no,339,yes,yes,unknown,4,0,unknown,1
49,admin.,married,secondary,no,1175,no,no,cellular,4,0,unknown,1
49,technician,married,secondary,no,4,no,no,telephone,2,0,unknown,0
26,self-employed,married,tertiary,no,628,no,no,cellular,1,0,unknown,0
53,self-employed,married,unknown,no,6945,yes,no,unknown,1,1,other,0
38,blue-collar,married,tertiary,no,134,no,no,unknown,3,0,unknown,0
56,blue-collar,single,tertiary,no,1602,yes,no,cellular,2,0,success,0
55,admin.,married,tertiary,no,0,no,yes,cellular,2,0,unknown,0
32,management,married,tertiary,no,79,yes,no,cellular,2,0,failure,0
30,technician,single,secondary,no,0,yes,yes,unknown,3,0,unknown,0
39,blue-collar,married,primary,no,442,no,no,cellular,2,0,unknown,0
43,management,married,secondary,no,3792,no,no,telephone,6,0,unknown,0
51,blue-collar,divorced,secondary,no,1045,no,yes,unknown,2,0,unknown,0
46,housemaid,married,unknown,no,0,no,no,cellular,2,0,unknown,0
37,services,divorced,secondary,no,-587,no,no,unknown,3,0,unknown,0
36,blue-collar,married,secondary,no,5958,yes,no,cellular,2,0,unknown,0
36,technician,divorced,primary,no,0,yes,no,cellular,2,0,success,0
35,retired,married,tertiary,no,3432,yes,no,unknown,1,0,unknown,0
41,blue-collar,married,tertiary,no,937,yes,no,unknown,1,0,unknown,0
38,admin.,married,tertiary,no,424,no,no,cellular,1,0,unknown,0
42,self-employed,single,primary,no,203,no,no,cellular,1,4,unknown,0
27,management,single,secondary,no,823,no,no,cellular,1,0,unknown,0
45,blue-collar,married,secondary,no,6922,yes,no,unknown,3,0,unknown,1
32,management,married,primary,no,88,no,no,unknown,1,2,unknown,1
41,self-employed,married,secondary,no,961,no,no,unknown,11,0,unknown,0
36,retired,married,primary,no,816,no,no,cellular,3,0,unknown,0
45,technician,married,tertiary,no,1147,yes,yes,cellular,2,0,unknown,0
51,services,married,secondary,no,2225,no,no,cellular,2,0,other,1
35,unknown,single,tertiary,no,1053,no,no,cellular,2,0,unknown,0
33,management,single,primary,no,180,no,no,cellular,1,0,unknown,0
52,entrepreneur,divorced,tertiary,no,0,yes,no,cellular,3,0,unknown,0
24,self-employed,single,secondary,no,136,no,no,cellular,6,0,failure,1
34,blue-collar,married,tertiary,no,-363,yes,no,unknown,2,0,failure,0
39,management,married,secondary,no,410,yes,no,unknown,1,0,unknown,1
37,management,married,secondary,no,1343,yes,no,cellular,2,0,unknown,1
33,management,married,tertiary,no,1925,no,yes,unknown,1,2,unknown,0
30,blue-collar,married,secondary,no,-1164,yes,no,unknown,3,0,failure,0
44,technician,single,secondary,no,2146,yes,no,unknown,2,0,unknown,0
40,management,married,secondary,no,22,no,no,cellular,1,0,unknown,0
40,retired,married,tertiary,no,0,yes,no,cellular,5,0,unknown,0
46,technician,divorced,tertiary,no,8106,no,yes,unknown,2,0,failure,0
39,retired,married,secondary,no,3285,no,no,unknown,1,0,other,0
31,admin.,married,unknown,yes,395,yes,yes,cellular,5,0,unknown,0
35,technician,married,secondary,no,107,yes,no,cellular,2,0,unknown,0
45,blue-collar,married,tertiary,no,-3313,yes,yes,unknown,1,0,failure,0
36,blue-collar,married,secondary,no,1545,yes,no,cellular,2,0,unknown,0
26,management,divorced,secondary,no,6000,no,no,unknown,2,0,unknown,0
36,self-employed,married,secondary,no,-312,yes,yes,cellular,2,0,unknown,0
66,admin.,divorced,tertiary,no,7289,yes,no,cellular,3,0,unknown,0
39,entrepreneur,single,secondary,no,808,yes,yes,unknown,1,3,failure,0
29,blue-collar,married,tertiary,no,77,no,no,cellular,2,0,success,0
34,management,married,primary,no,745,yes,no,cellular,3,0,unknown,0
47,services,married,secondary,no,3071,no,no,cellular,2,0,other,0
45,admin.,married,secondary,no,6,yes,no,telephone,4,1,unknown,0
30,management,married,tertiary,no,137,no,no,cellular,3,0,unknown,0
34,retired,married,tertiary,no,589,no,no,cellular,6,0,unknown,0
42,blue-collar,single,secondary,no,11,yes,no,cellular,1,0,other,0
75,services,married,tertiary,no,4441,yes,no,cellular,1,0,failure,0
34,management,married,secondary,no,202,yes,no,unknown,5,3,unknown,0
36,management,married,secondary,no,3083,yes,no,unknown,5,0,unknown,0
32,technician,divorced,secondary,no,414,yes,yes,unknown,1,0,unknown,0
32,blue-collar,single,tertiary,no,872,yes,no,unknown,1,2,unknown,0
31,blue-collar,single,tertiary,no,6570,no,no,cellular,2,0,unknown,0
32,management,married,tertiary,no,501,no,no,unknown,4,0,unknown,0
32,management,married,tertiary,no,-200,yes,no,cellular,1,0,unknown,1
51,unemployed,married,primary,no,167,yes,no,unknown,1,4,unknown,0
36,services,married,tertiary,no,17555,no,no,cellular,4,0,unknown,0
27,services,single,primary,no,4795,no,yes,cellular,2,7,unknown,0
30,blue-collar,single,secondary,no,3875,yes,no,cellular,4,0,unknown,0
53,admin.,married,secondary,no,163,yes,no,telephone,1,0,unknown,0
34,services,married,secondary,no,17555,no,yes,cellular,1,0,unknown,0
45,technician,divorced,secondary,no,-381,yes,no,telephone,1,0,unknown,0
45,blue-collar,married,primary,no,0,yes,no,unknown,2,0,unknown,0
51,technician,married,secondary,no,470,no,no,unknown,1,0,unknown,0
26,management,married,secondary,no,126,yes,no,telephone,4,0,unknown,0
37,technician,single,tertiary,no,62,yes,no,unknown,1,0,unknown,0
37,management,married,primary,no,0,no,no,cellular,5,0,unknown,0
41,technician,married,secondary,no,699,yes,no,unknown,2,0,unknown,0
24,management,married,tertiary,no,5314,yes,no,cellular,2,3,unknown,0
38,blue-collar,divorced,primary,no,-9,no,no,telephone,1,0,unknown,0
79,unknown,single,primary,no,0,yes,no,unknown,2,0,unknown,0
45,technician,married,secondary,no,0,no,no,cellular,1,0,unknown,0
44,technician,single,tertiary,yes,0,no,no,cellular,2,0,unknown,0
32,blue-collar,divorced,primary,no,257,no,no,cellular,1,2,failure,0
38,admin.,single,unknown,no,96,yes,no,unknown,1,2,unknown,0
40,admin.,single,secondary,no,78,yes,no,unknown,1,0,unknown,0
34,management,married,tertiary,no,492,no,no,cellular,4,0,unknown,1
46,management,single,unknown,no,253,yes,no,cellular,1,0,unknown,0
47,retired,married,secondary,no,2039,no,no,cellular,1,0,unknown,0
44,services,married,secondary,no,287,yes,no,cellular,1,0,unknown,0
31,technician,married,tertiary,no,16063,yes,no,cellular,1,0,unknown,1
49,self-employed,married,secondary,no,-55,yes,no,telephone,2,0,unknown,0
35,technician,married,secondary,no,50,yes,yes,cellular,5,0,unknown,0
44,housemaid,married,tertiary,no,2169,yes,no,cellular,1,0,failure,0
38,management,single,tertiary,no,3,no,yes,cellular,2,0,unknown,0
37,admin.,married,secondary,no,3334,no,no,unknown,2,0,unknown,0
52,technician,single,secondary,no,1679,yes,no,unknown,1,0,unknown,0
37,management,single,secondary,no,393,yes,no,cellular,3,0,unknown,0
52,management,married,tertiary,no,952,no,no,cellular,1,0,unknown,0
46,management,married,secondary,no,103,yes,no,cellular,2,3,unknown,0
40,technician,divorced,secondary,no,174,yes,no,cellular,4,0,unknown,0
29,admin.,divorced,tertiary,no,4111,yes,no,telephone,8,0,unknown,1
33,management,single,tertiary,no,214,yes,no,unknown,2,0,other,0
69,retired,married,tertiary,no,2125,no,no,cellular,4,0,unknown,0
36,admin.,married,secondary,no,-226,yes,no,unknown,2,1,unknown,1
45,entrepreneur,married,primary,no,5996,yes,yes,cellular,3,3,unknown,0
55,blue-collar,single,secondary,no,705,yes,no,cellular,1,0,unknown,1
38,services,single,tertiary,no,137,yes,no,cellular,1,1,unknown,0
33,unemployed,married,tertiary,no,2171,yes,no,telephone,3,0,unknown,0
58,management,married,secondary,no,435,yes,no,cellular,3,0,unknown,0
33,management,married,secondary,no,191,yes,no,telephone,2,0,unknown,0
35,admin.,single,secondary,no,817,no,no,unknown,12,0,unknown,0
34,blue-collar,divorced,tertiary,no,1466,no,yes,cellular,1,0,failure,0
42,services,married,secondary,no,225,no,yes,cellular,3,1,unknown,0
52,admin.,married,primary,no,491,no,yes,telephone,3,4,unknown,0
43,management,married,tertiary,no,1472,yes,no,unknown,2,1,unknown,1
57,self-employed,married,primary,no,5845,yes,yes,unknown,1,0,unknown,0
36,services,divorced,secondary,no,0,yes,no,unknown,4,0,unknown,0
47,admin.,divorced,secondary,no,27069,yes,no,cellular,5,0,unknown,0
31,technician,divorced,secondary,no,9207,yes,no,unknown,2,0,failure,0
29,technician,married,secondary,no,577,yes,no,unknown,2,1,unknown,0
34,blue-collar,married,tertiary,no,1011,yes,no,unknown,13,0,unknown,0
52,management,married,tertiary,no,6880,yes,no,cellular,1,0,unknown,0
32,retired,married,primary,no,2682,no,no,unknown,1,0,unknown,0
55,management,married,primary,no,2179,yes,no,unknown,2,0,unknown,0
27,management,married,secondary,no,-191,no,no,cellular,4,0,success,0
57,management,married,tertiary,no,174,yes,no,cellular,1,0,unknown,0
35,services,single,secondary,no,2137,no,no,cellular,9,0,unknown,0
33,blue-collar,married,primary,no,-230,no,no,cellular,2,0,failure,1
40,blue-collar,married,secondary,no,3432,no,yes,cellular,2,0,unknown,0
47,services,married,primary,no,1297,yes,no,cellular,6,0,unknown,0
38,admin.,single,secondary,no,203,no,no,cellular,2,0,unknown,0
33,self-employed,married,primary,no,1199,yes,no,cellular,5,0,unknown,0
31,services,married,tertiary,no,331,yes,yes,cellular,2,0,unknown,0
37,technician,divorced,secondary,no,0,no,no,cellular,3,0,success,0
32,management,divorced,primary,no,141,yes,no,cellular,2,0,unknown,0
38,entrepreneur,single,secondary,no,6,no,no,cellular,1,3,unknown,0
48,blue-collar,single,secondary,no,6850,yes,no,cellular,1,0,unknown,0
38,blue-collar,married,secondary,no,247,yes,no,unknown,8,3,unknown,0
31,services,married,tertiary,no,4885,yes,no,cellular,1,0,unknown,0
23,management,married,secondary,no,0,no,no,cellular,3,0,unknown,0
39,admin.,married,primary,no,0,yes,no,cellular,1,0,unknown,1
47,technician,married,primary,yes,4565,no,no,cellular,4,0,unknown,0
75,self-employed,married,secondary,no,267,yes,no,cellular,4,0,unknown,0
55,blue-collar,married,secondary,no,56,yes,no,unknown,1,1,unknown,0
31,technician,married,secondary,no,0,no,no,cellular,2,0,unknown,0
34,unemployed,single,tertiary,no,14058,no,no,cellular,3,0,unknown,0
28,housemaid,single,secondary,no,1836,no,no,unknown,3,0,unknown,0
58,services,married,unknown,no,212,yes,no,unknown,1,0,unknown,0
33,student,married,tertiary,no,6313,no,no,cellular,2,0,unknown,0
48,technician,single,tertiary,no,198,yes,no,cellular,1,1,unknown,0
46,technician,married,secondary,no,0,no,no,cellular,3,3,unknown,0
46,self-employed,married,tertiary,no,249,no,no,cellular,1,0,failure,0
27,technician,married,secondary,no,276,no,no,unknown,4,0,other,0
47,housemaid,married,secondary,no,139,yes,yes,cellular,2,0,unknown,0
36,technician,married,tertiary,no,0,yes,no,cellular,1,3,unknown,0
45,retired,married,secondary,no,450,yes,no,cellular,6,0,unknown,0
36,admin.,married,tertiary,no,852,no,no,cellular,2,0,unknown,0
33,services,single,primary,no,2734,no,no,cellular,2,0,unknown,0
44,admin.,single,primary,no,1161,yes,no,cellular,1,0,unknown,0
51,services,married,unknown,no,2581,no,no,unknown,6,0,unknown,0
29,technician,married,secondary,no,3050,no,no,cellular,2,0,unknown,0
35,blue-collar,married,tertiary,no,1978,no,no,cellular,7,3,unknown,0
84,technician,married,tertiary,no,1818,no,no,unknown,2,0,unknown,0
33,self-employed,married,secondary,no,-121,no,no,telephone,3,0,unknown,1
50,technician,married,unknown,no,1091,no,no,cellular,1,1,unknown,0
43,admin.,single,tertiary,no,-226,yes,no,unknown,1,0,unknown,0
30,management,married,tertiary,no,648,yes,no,cellular,1,1,unknown,0
49,technician,married,tertiary,no,206,no,no,unknown,8,0,unknown,0
28,technician,married,secondary,no,-336,no,yes,unknown,2,2,unknown,0
50,services,single,secondary,no,0,no,no,cellular,1,0,failure,0
41,management,married,secondary,no,329,no,no,cellular,1,3,unknown,0
45,retired,divorced,secondary,no,176,no,no,unknown,1,0,unknown,0
47,retired,divorced,secondary,no,3904,no,no,cellular,1,0,unknown,0
42,entrepreneur,divorced,secondary,no,0,yes,no,cellular,1,0,unknown,0
30,technician,divorced,tertiary,no,-905,no,yes,cellular,2,6,unknown,0
32,management,married,secondary,no,456,no,no,unknown,2,0,unknown,0
59,admin.,divorced,primary,no,389,yes,no,unknown,7,0,unknown,0
60,blue-collar,married,tertiary,no,1790,yes,no,cellular,1,0,unknown,0
37,management,married,secondary,no,5,yes,no,unknown,5,0,unknown,0
31,admin.,single,secondary,no,250,no,no,cellular,1,0,unknown,0
32,blue-collar,married,tertiary,no,217,no,yes,unknown,4,0,unknown,0
37,blue-collar,married,tertiary,no,8647,no,no,cellular,1,0,unknown,0
35,self-employed,married,secondary,no,0,yes,no,unknown,2,0,unknown,0
32,admin.,married,secondary,no,399,yes,no,cellular,4,0,failure,0
27,technician,married,unknown,no,-59,no,yes,cellular,1,0,unknown,0
47,entrepreneur,married,secondary,no,490,yes,yes,cellular,2,0,unknown,0
59,management,married,secondary,no,-37,yes,no,unknown,2,0,unknown,0
56,technician,married,secondary,no,6839,yes,no,cellular,1,0,unknown,0
42,management,married,unknown,no,807,yes,no,cellular,5,0,unknown,0
38,management,married,secondary,no,556,yes,no,unknown,9,0,unknown,0
30,retired,divorced,primary,no,897,yes,no,cellular,1,0,unknown,0
34,self-employed,divorced,secondary,no,3529,yes,no,cellular,1,0,unknown,0
28,services,married,secondary,no,1790,no,no,cellular,1,0,failure,1
52,management,married,secondary,no,439,yes,no,unknown,1,0,unknown,1
26,student,married,primary,no,-1,no,yes,cellular,7,19,failure,0
58,blue-collar,divorced,secondary,no,1188,yes,no,cellular,2,0,other,0
28,admin.,single,primary,no,415,yes,no,cellular,2,0,unknown,0
26,housemaid,married,secondary,no,313,no,no,cellular,2,0,unknown,0
47,blue-collar,married,secondary,no,0,yes,no,cellular,3,0,success,0
27,entrepreneur,single,secondary,no,1148,no,no,unknown,2,3,unknown,1
46,management,single,unknown,no,127,no,no,telephone,7,0,unknown,0
40,management,married,secondary,no,84,no,no,unknown,1,0,unknown,0
34,entrepreneur,married,primary,no,203,no,no,unknown,3,0,unknown,1
45,services,single,tertiary,yes,-244,no,yes,unknown,1,0,unknown,0
59,retired,married,secondary,no,479,no,yes,cellular,2,0,unknown,0
30,technician,married,unknown,no,2590,no,no,unknown,4,0,unknown,0
25,unemployed,married,tertiary,no,4286,no,yes,telephone,2,0,unknown,0
32,management,married,primary,no,0,no,no,cellular,1,0,unknown,0
40,admin.,married,secondary,no,925,no,no,cellular,2,0,unknown,0
57,blue-collar,single,secondary,no,0,no,no,cellular,1,0,unknown,1
42,admin.,single,secondary,no,-120,yes,yes,unknown,5,0,unknown,0
48,unemployed,married,tertiary,no,1230,yes,no,cellular,28,0,unknown,0
48,blue-collar,married,tertiary,no,0,no,yes,cellular,1,0,failure,0
34,services,single,secondary,no,1583,no,yes,telephone,4,0,unknown,0
30,management,single,secondary,no,255,no,no,cellular,5,0,unknown,0
29,admin.,divorced,secondary,no,192,yes,no,cellular,1,0,success,0
54,blue-collar,married,secondary,no,0,no,no,cellular,1,0,unknown,0
51,blue-collar,married,unknown,no,1836,no,no,cellular,1,0,unknown,1
47,management,divorced,secondary,no,0,no,no,cellular,2,0,unknown,0
54,technician,married,tertiary,no,1490,no,no,cellular,1,0,unknown,0
58,blue-collar,married,secondary,no,556,no,no,unknown,5,3,failure,0
41,management,single,secondary,no,238,no,no,cellular,3,0,unknown,0
41,retired,married,secondary,no,362,yes,no,unknown,5,0,unknown,1
70,management,married,secondary,no,26394,no,no,cellular,4,0,unknown,1
29,housemaid,married,secondary,no,300,no,no,cellular,3,0,unknown,0
80,management,married,secondary,no,13711,yes,yes,telephone,1,0,unknown,0
40,technician,divorced,secondary,no,343,no,no,cellular,1,0,unknown,0
38,student,single,primary,no,808,yes,no,cellular,1,0,unknown,0
32,entrepreneur,single,secondary,no,1550,yes,no,cellular,11,0,unknown,0
32,management,married,unknown,no,10888,yes,no,cellular,1,0,unknown,1
30,blue-collar,married,secondary,no,497,yes,no,cellular,4,0,unknown,0
43,management,married,secondary,no,36,yes,no,cellular,2,2,failure,0
53,services,single,secondary,no,636,no,no,unknown,5,7,unknown,0
36,housemaid,married,primary,no,741,no,no,cellular,2,0,unknown,0
35,retired,married,secondary,no,434,yes,no,unknown,1,0,unknown,0
45,blue-collar,married,tertiary,no,4646,no,no,cellular,3,0,unknown,0
47,retired,married,primary,no,1466,yes,no,cellular,3,2,unknown,0
32,blue-collar,single,tertiary,no,351,yes,no,cellular,6,0,unknown,1
41,self-employed,single,secondary,no,410,yes,yes,cellular,1,8,other,1
42,admin.,married,tertiary,no,182,no,yes,cellular,3,0,unknown,0
46,admin.,married,tertiary,no,-378,yes,no,cellular,1,0,unknown,1
34,self-employed,married,primary,no,4039,yes,no,cellular,3,0,unknown,1
34,unemployed,single,tertiary,no,2788,no,no,cellular,2,0,failure,0
45,unemployed,married,unknown,no,603,yes,no,unknown,1,0,unknown,1
58,retired,single,tertiary,no,871,no,no,cellular,1,0,failure,0
28,technician,single,secondary,no,1141,yes,no,cellular,2,0,unknown,0
66,blue-collar,married,tertiary,no,96,yes,no,cellular,2,0,unknown,0
45,technician,married,secondary,no,61,yes,no,cellular,4,0,unknown,0
59,admin.,married,secondary,no,-401,no,no,unknown,1,0,failure,0
53,management,married,secondary,no,-124,yes,no,cellular,1,0,unknown,0
43,admin.,married,secondary,no,276,no,no,unknown,1,0,unknown,0
34,blue-collar,married,primary,no,1111,no,no,cellular,1,0,unknown,0
47,management,married,secondary,no,1057,no,no,cellular,1,0,unknown,0
33,self-employed,married,secondary,no,2819,yes,no,cellular,1,0,unknown,0
39,admin.,married,secondary,no,818,no,no,cellular,2,0,unknown,0
30,entrepreneur,married,tertiary,no,966,yes,no,cellular,1,0,unknown,0
33,retired,married,secondary,no,197,yes,no,cellular,2,4,unknown,0
43,admin.,divorced,tertiary,no,-17,yes,no,cellular,1,0,unknown,1
31,blue-collar,married,secondary,no,654,no,no,telephone,3,0,unknown,0
39,technician,married,secondary,no,0,yes,yes,cellular,1,3,unknown,0
43,admin.,married,primary,no,-37,yes,yes,unknown,1,0,unknown,0
33,technician,married,secondary,no,14,no,no,cellular,3,0,unknown,0
57,retired,single,secondary,no,10177,yes,no,cellular,20,0,unknown,0
37,technician,married,secondary,no,0,no,no,cellular,4,3,unknown,0
36,admin.,married,unknown,no,1467,no,no,cellular,7,0,unknown,0
51,entrepreneur,divorced,secondary,no,231,yes,no,cellular,2,2,unknown,0
47,entrepreneur,married,primary,no,284,yes,no,cellular,4,0,unknown,0
46,management,married,tertiary,no,0,yes,no,cellular,1,0,failure,0
39,housemaid,married,secondary,no,353,yes,no,unknown,1,0,other,1
27,services,single,secondary,no,4,yes,no,cellular,1,0,failure,0
48,management,married,tertiary,no,179,yes,no,unknown,8,0,unknown,0
60,technician,married,secondary,no,640,no,yes,cellular,3,0,unknown,0
24,self-employed,married,primary,no,112,no,no,cellular,1,1,unknown,1
43,retired,divorced,tertiary,no,361,yes,no,cellular,2,0,failure,0
57,blue-collar,single,tertiary,no,2223,no,yes,unknown,2,0,unknown,0
37,blue-collar,divorced,primary,no,333,no,no,cellular,23,0,unknown,0
59,student,married,secondary,no,33,no,yes,cellular,1,0,unknown,1
35,blue-collar,divorced,tertiary,no,32,no,no,unknown,3,0,unknown,1
59,entrepreneur,married,tertiary,no,8044,no,no,cellular,1,6,failure,0
31,entrepreneur,single,tertiary,no,2089,yes,no,unknown,5,0,unknown,0
46,services,married,secondary,no,-402,yes,no,cellular,2,0,unknown,0
53,entrepreneur,single,tertiary,no,88,no,no,cellular,4,0,unknown,0
31,services,married,tertiary,no,116,no,no,cellular,2,1,unknown,0
33,technician,married,secondary,no,260,yes,no,cellular,4,5,other,0
32,blue-collar,divorced,tertiary,no,36,yes,no,cellular,2,0,unknown,1
36,admin.,married,tertiary,no,-402,no,yes,cellular,2,0,unknown,0
38,management,divorced,tertiary,no,3283,no,no,cellular,2,0,unknown,0
33,management,divorced,secondary,no,1011,no,no,cellular,1,0,unknown,0
33,blue-collar,married,secondary,no,568,no,no,cellular,5,0,unknown,0
39,management,married,tertiary,no,2366,no,yes,cellular,1,0,unknown,0
34,admin.,married,secondary,no,6699,no,yes,cellular,2,0,unknown,0
59,management,married,tertiary,no,493,yes,no,cellular,5,0,unknown,0
83,admin.,divorced,secondary,no,1503,yes,no,unknown,7,0,unknown,0
49,management,married,secondary,no,1152,no,no,cellular,4,0,unknown,0
31,blue-collar,married,tertiary,no,319,yes,no,cellular,1,0,unknown,0
44,technician,divorced,unknown,no,8515,no,no,cellular,1,0,failure,0
28,blue-collar,single,tertiary,no,773,no,no,cellular,2,0,unknown,0
46,technician,married,tertiary,no,28,yes,no,cellular,4,2,unknown,0
32,blue-collar,married,secondary,no,-988,no,yes,unknown,1,0,success,0
33,services,divorced,secondary,no,0,no,no,telephone,1,0,failure,1
34,services,married,secondary,no,81,yes,no,cellular,6,0,unknown,0
34,admin.,single,tertiary,no,0,yes,yes,telephone,1,0,unknown,0
28,blue-collar,married,secondary,no,429,yes,no,cellular,1,0,unknown,0
41,retired,married,unknown,no,1116,no,yes,cellular,2,0,unknown,0
25,blue-collar,married,secondary,no,7082,yes,no,cellular,1,3,unknown,1
38,blue-collar,married,tertiary,no,4945,yes,no,unknown,2,0,failure,0
47,management,married,primary,no,0,yes,no,unknown,1,0,unknown,0
52,services,divorced,secondary,no,79,no,yes,cellular,2,0,unknown,0
40,blue-collar,single,tertiary,no,-770,yes,no,telephone,9,0,unknown,0
36,management,married,tertiary,no,4209,yes,yes,cellular,3,0,unknown,0
76,services,married,secondary,no,9,no,no,unknown,1,0,unknown,0
53,housemaid,single,tertiary,no,1177,no,yes,telephone,3,0,unknown,0
60,management,married,secondary,no,1532,yes,no,telephone,2,0,unknown,0
39,unemployed,married,unknown,yes,368,yes,no,cellular,2,0,unknown,0
31,blue-collar,married,tertiary,no,2306,no,no,cellular,1,0,unknown,0
40,blue-collar,divorced,secondary,no,3098,yes,no,cellular,1,0,unknown,0
37,retired,married,tertiary,no,877,yes,no,cellular,1,0,unknown,0
59,retired,married,tertiary,no,305,yes,no,cellular,2,0,unknown,0
54,retired,married,secondary,no,19,yes,no,unknown,3,0,failure,0
35,management,single,unknown,no,2893,yes,yes,cellular,2,3,unknown,0
35,blue-collar,divorced,secondary,no,2850,yes,no,telephone,1,0,unknown,0
36,unknown,married,primary,no,-242,no,yes,unknown,1,2,unknown,0
34,housemaid,divorced,tertiary,no,0,yes,no,cellular,4,0,other,1
77,blue-collar,married,secondary,no,478,no,no,cellular,1,0,unknown,0
50,blue-collar,single,primary,no,852,no,no,unknown,5,0,unknown,0
33,blue-collar,married,tertiary,no,526,yes,no,cellular,1,0,unknown,1
49,self-employed,married,secondary,no,2610,no,no,cellular,3,0,failure,0
40,technician,married,primary,no,2644,yes,no,unknown,5,1,unknown,0
30,blue-collar,single,secondary,no,6,no,no,cellular,28,5,unknown,1
36,management,divorced,tertiary,no,-932,no,no,cellular,2,0,unknown,0
39,management,married,unknown,no,8627,no,no,cellular,2,1,unknown,0
34,housemaid,married,secondary,no,497,no,no,cellular,3,0,unknown,0
53,management,married,tertiary,no,351,no,no,cellular,1,0,unknown,0
37,blue-collar,married,tertiary,no,2903,yes,no,cellular,2,0,unknown,0
33,services,single,secondary,no,-630,yes,no,unknown,1,0,unknown,1
37,services,single,tertiary,no,3064,yes,no,cellular,5,1,failure,0
26,entrepreneur,single,secondary,no,2039,yes,no,cellular,1,0,unknown,0
86,housemaid,married,secondary,no,179,yes,no,unknown,6,0,unknown,0
38,technician,married,tertiary,no,16,yes,no,unknown,1,1,unknown,0
33,unemployed,married,tertiary,no,-887,no,yes,unknown,2,0,unknown,0
38,unemployed,married,secondary,no,69,yes,yes,cellular,1,0,unknown,0
58,management,single,tertiary,no,167,yes,no,cellular,2,0,unknown,0
42,admin.,married,tertiary,no,0,no,no,cellular,2,0,unknown,1
27,technician,married,tertiary,no,816,no,yes,unknown,2,0,unknown,0
34,technician,married,secondary,no,0,no,no,cellular,2,2,unknown,0
37,management,single,secondary,no,59,yes,no,cellular,1,0,unknown,0
36,admin.,married,tertiary,no,642,yes,no,cellular,1,0,unknown,0
45,technician,single,tertiary,no,455,no,no,cellular,1,0,failure,1
31,blue-collar,single,secondary,no,715,no,yes,unknown,2,0,unknown,0
40,management,married,primary,no,577,yes,no,cellular,5,0,unknown,0
55,management,married,tertiary,no,88,yes,no,cellular,2,0,other,0
30,management,married,secondary,no,8627,yes,no,cellular,1,0,unknown,0
31,self-employed,married,secondary,no,131,no,no,cellular,5,0,unknown,0
27,services,married,tertiary,yes,680,yes,no,telephone,4,0,unknown,0
37,services,married,tertiary,no,10758,no,no,cellular,1,0,unknown,1
30,management,single,secondary,no,420,no,no,cellular,1,1,unknown,0
56,self-employed,single,secondary,no,588,no,no,cellular,2,0,unknown,0
58,services,single,secondary,no,7066,yes,no,cellular,8,0,unknown,0
32,technician,married,primary,no,5958,yes,no,cellular,1,0,failure,0
34,retired,married,secondary,no,1438,yes,no,cellular,4,0,unknown,0
49,blue-collar,married,primary,no,802,yes,no,cellular,5,1,unknown,0
36,blue-collar,married,tertiary,no,294,no,no,unknown,1,0,unknown,1
26,admin.,married,secondary,no,251,yes,no,cellular,2,4,unknown,0
33,blue-collar,married,primary,no,41,no,yes,unknown,2,0,unknown,1
50,blue-collar,single,secondary,no,9851,no,no,cellular,1,0,unknown,0
45,services,married,tertiary,no,1626,yes,no,cellular,2,0,unknown,0
37,management,married,unknown,no,-583,no,no,cellular,2,0,unknown,0
48,technician,divorced,secondary,no,1073,yes,no,cellular,7,0,unknown,0
41,technician,single,secondary,no,474,yes,yes,cellular,2,0,unknown,0
58,management,married,secondary,no,5958,yes,yes,cellular,1,0,unknown,0
40,technician,married,secondary,no,4213,yes,no,unknown,2,1,unknown,0
51,self-employed,married,secondary,no,427,yes,no,cellular,1,0,unknown,1
37,technician,married,secondary,no,39,yes,no,unknown,7,0,unknown,0
29,management,single,tertiary,no,0,yes,yes,cellular,1,0,unknown,0
45,technician,married,primary,no,-3313,yes,no,cellular,2,0,unknown,0
33,management,married,secondary,no,4079,yes,no,cellular,12,1,unknown,0
42,technician,married,secondary,no,3777,no,no,cellular,3,0,unknown,1
48,unknown,divorced,tertiary,no,2223,no,yes,cellular,2,0,unknown,0
31,admin.,divorced,tertiary,no,696,no,no,cellular,1,0,unknown,0
29,admin.,married,secondary,no,201,no,no,cellular,1,0,unknown,0
57,admin.,married,tertiary,no,518,yes,no,cellular,2,0,unknown,0
40,unknown,married,primary,no,4170,no,no,cellular,1,0,unknown,0
35,student,married,secondary,no,0,yes,no,cellular,4,0,unknown,0
27,entrepreneur,married,tertiary,no,8004,yes,yes,cellular,2,0,failure,0
30,blue-collar,married,tertiary,no,432,yes,no,cellular,3,0,unknown,1
43,student,married,tertiary,no,4040,yes,no,unknown,2,0,unknown,0
50,housemaid,single,secondary,no,7944,no,no,cellular,2,5,unknown,0
40,retired,single,tertiary,no,1355,no,no,cellular,1,0,unknown,1
28,blue-collar,married,primary,no,347,yes,no,unknown,1,0,unknown,0
60,blue-collar,divorced,tertiary,no,613,no,no,cellular,1,5,unknown,0
55,self-employed,divorced,tertiary,no,426,yes,no,cellular,2,0,unknown,0
67,housemaid,married,tertiary,no,3913,no,no,unknown,1,0,unknown,0
39,services,single,primary,no,2154,yes,no,telephone,1,0,unknown,0
34,management,married,secondary,yes,67,yes,no,cellular,2,0,other,0
32,management,divorced,secondary,no,894,yes,no,unknown,1,0,unknown,1
30,blue-collar,married,tertiary,no,0,no,no,telephone,3,0,unknown,0
58,management,married,tertiary,no,751,no,yes,cellular,2,0,unknown,0
36,blue-collar,married,primary,no,297,no,no,cellular,14,0,unknown,0
34,admin.,single,secondary,no,252,yes,no,unknown,9,0,unknown,0
33,blue-collar,married,primary,no,4348,no,no,cellular,3,0,unknown,0
40,entrepreneur,married,secondary,no,4831,yes,no,cellular,2,0,unknown,1
30,technician,married,tertiary,no,908,no,no,cellular,3,0,unknown,0
31,blue-collar,married,primary,no,132,yes,yes,cellular,1,0,unknown,0
58,blue-collar,married,tertiary,no,1,no,no,unknown,2,0,unknown,1
35,technician,married,tertiary,no,112,no,no,cellular,4,0,unknown,1
28,blue-collar,single,tertiary,no,-237,yes,no,cellular,2,0,unknown,1
51,technician,married,primary,no,167,no,no,cellular,2,0,unknown,0
57,retired,married,secondary,no,691,yes,no,unknown,5,7,unknown,0
80,technician,married,tertiary,no,1477,yes,no,cellular,3,3,unknown,0
27,blue-collar,married,secondary,no,1707,no,no,unknown,2,0,failure,0
40,management,married,secondary,no,176,yes,no,cellular,1,2,unknown,0
36,retired,single,secondary,no,0,yes,no,unknown,6,0,unknown,0
45,entrepreneur,married,secondary,no,158,no,no,unknown,1,0,unknown,0
52,technician,divorced,tertiary,no,410,yes,no,unknown,4,0,unknown,0
52,retired,married,tertiary,no,3913,yes,yes,cellular,3,1,unknown,0
50,entrepreneur,single,secondary,no,784,no,no,cellular,6,0,failure,0
33,entrepreneur,single,tertiary,no,3230,yes,no,cellular,1,0,failure,0
34,technician,single,secondary,no,2128,yes,yes,cellular,1,0,unknown,1
50,management,married,secondary,no,0,yes,no,unknown,3,0,unknown,0
29,management,divorced,secondary,no,-28,yes,no,unknown,1,0,unknown,0
31,technician,single,tertiary,no,5969,yes,no,cellular,20,0,unknown,0
37,admin.,single,unknown,no,2917,no,no,cellular,28,0,unknown,0
35,housemaid,single,secondary,no,627,no,no,telephone,6,2,unknown,0
27,technician,married,secondary,no,48,no,no,cellular,2,1,unknown,0
30,technician,married,tertiary,no,451,yes,no,unknown,1,0,unknown,0
39,admin.,single,primary,no,0,yes,no,cellular,2,0,unknown,0
37,blue-collar,married,secondary,no,-477,yes,no,cellular,1,0,unknown,0
35,self-employed,single,secondary,no,432,yes,no,unknown,2,0,success,0
32,entrepreneur,married,secondary,no,0,yes,no,cellular,1,0,unknown,0
56,management,single,secondary,no,-416,yes,no,unknown,2,0,failure,0
26,blue-collar,married,tertiary,no,1291,yes,no,cellular,16,0,unknown,1
39,technician,married,tertiary,no,176,yes,yes,cellular,7,3,success,1
53,blue-collar,married,secondary,no,30,no,no,unknown,1,4,failure,0
37,services,divorced,primary,no,37,yes,no,unknown,2,0,unknown,0
29,admin.,single,secondary,no,2731,no,no,unknown,7,0,unknown,0
51,management,single,tertiary,no,119,no,no,unknown,1,0,unknown,0
27,retired,single,primary,no,-97,yes,no,unknown,5,0,unknown,0
28,management,married,secondary,no,0,yes,yes,cellular,2,0,unknown,0
52,student,married,secondary,no,0,yes,no,unknown,2,0,unknown,0
66,blue-collar,married,unknown,no,1840,yes,no,cellular,3,1,unknown,0
32,management,married,primary,no,139,yes,yes,cellular,1,0,unknown,1
28,services,single,tertiary,yes,6900,yes,no,cellular,1,0,unknown,0
57,technician,married,tertiary,no,635,no,no,cellular,1,0,success,0
33,management,single,primary,no,560,no,no,cellular,3,0,unknown,0
39,management,divorced,secondary,no,966,no,yes,unknown,1,0,unknown,0
43,admin.,married,secondary,no,212,yes,no,cellular,3,0,unknown,1
35,blue-collar,single,secondary,no,627,no,no,unknown,16,1,unknown,0
32,management,single,secondary,no,261,yes,no,cellular,3,4,unknown,0
38,blue-collar,divorced,primary,no,-617,yes,yes,cellular,1,0,other,0
31,services,single,tertiary,no,9,no,no,unknown,2,0,unknown,0
34,management,married,secondary,no,2587,yes,yes,cellular,10,0,unknown,0
37,admin.,married,secondary,no,4286,no,no,cellular,3,0,unknown,0
30,technician,married,secondary,no,11,yes,no,unknown,2,0,other,0
41,blue-collar,single,primary,no,61,no,no,unknown,4,0,unknown,0
34,blue-collar,married,secondary,no,44,yes,yes,telephone,2,0,unknown,0
41,blue-collar,married,tertiary,no,10786,no,yes,unknown,1,0,unknown,0
55,admin.,married,unknown,no,4380,yes,no,cellular,4,0,other,0
46,blue-collar,married,secondary,no,0,no,no,cellular,4,0,unknown,0
26,blue-collar,married,primary,no,299,yes,no,cellular,1,0,unknown,0
30,admin.,single,secondary,no,3370,yes,no,unknown,1,0,unknown,0
71,technician,married,tertiary,no,1438,yes,no,cellular,4,1,unknown,0
44,management,single,secondary,no,295,no,no,cellular,1,0,unknown,0
54,technician,married,secondary,no,3723,yes,no,cellular,3,0,unknown,0
56,admin.,single,secondary,no,55,yes,no,cellular,1,0,unknown,0
42,technician,married,secondary,no,-308,yes,no,unknown,4,3,unknown,0
36,admin.,married,tertiary,no,0,no,no,cellular,3,0,unknown,0
32,admin.,married,tertiary,no,756,yes,yes,cellular,1,0,unknown,0
31,blue-collar,married,tertiary,no,275,yes,no,cellular,2,0,unknown,0
27,management,married,tertiary,no,2886,no,no,telephone,5,0,failure,0
50,services,married,secondary,no,115,yes,no,cellular,1,0,unknown,0
37,services,divorced,tertiary,no,1281,no,no,cellular,1,1,unknown,0
27,technician,married,tertiary,no,689,yes,no,unknown,1,2,unknown,0
39,management,married,secondary,no,2830,yes,no,cellular,3,23,unknown,0
36,blue-collar,single,secondary,no,565,yes,no,cellular,1,0,success,0
32,management,single,secondary,no,293,no,no,unknown,2,0,unknown,0
40,management,single,tertiary,no,46,yes,no,unknown,3,0,unknown,0
33,technician,married,tertiary,no,868,yes,no,telephone,3,1,unknown,0
33,management,married,unknown,no,8104,no,yes,cellular,1,0,unknown,0
49,entrepreneur,married,tertiary,no,2070,no,no,unknown,2,0,success,1
26,technician,single,secondary,no,1297,no,no,cellular,6,0,other,0
43,blue-collar,single,secondary,no,1091,no,yes,cellular,1,0,unknown,0
29,admin.,married,secondary,yes,-77,yes,yes,cellular,6,0,unknown,0
38,management,single,tertiary,yes,-32,yes,yes,cellular,1,1,unknown,0
55,management,single,secondary,no,1026,no,no,cellular,2,0,unknown,0
34,blue-collar,married,secondary,no,320,no,no,telephone,3,0,success,0
58,unemployed,married,tertiary,no,69,no,yes,unknown,3,0,unknown,0
47,entrepreneur,married,primary,no,414,yes,no,cellular,5,0,failure,0
43,services,married,secondary,no,1843,no,no,unknown,4,0,other,0
34,admin.,married,secondary,no,0,yes,no,cellular,1,7,failure,0
44,technician,married,tertiary,no,2231,no,no,cellular,5,0,unknown,0
51,blue-collar,married,secondary,no,202,no,no,unknown,3,1,unknown,0
60,blue-collar,single,secondary,no,167,yes,no,cellular,6,0,unknown,0
33,admin.,single,secondary,no,786,yes,no,cellular,1,2,unknown,0
57,services,married,primary,no,171,no,no,unknown,2,0,unknown,0
32,entrepreneur,married,tertiary,no,174,no,no,telephone,1,1,unknown,0
32,technician,married,tertiary,no,133,no,yes,cellular,1,0,unknown,0
39,management,single,tertiary,no,247,yes,no,cellular,2,0,unknown,0
50,blue-collar,married,secondary,no,1855,yes,no,cellular,3,0,success,0
37,admin.,married,tertiary,no,2187,yes,no,cellular,1,0,failure,0
23,technician,married,secondary,no,50,yes,no,cellular,1,0,unknown,0
31,services,single,secondary,no,298,yes,no,unknown,4,0,unknown,0
35,housemaid,single,secondary,no,2,yes,no,cellular,3,1,unknown,0
56,admin.,married,tertiary,no,-140,yes,no,unknown,4,0,unknown,0
48,blue-collar,single,primary,yes,22171,no,yes,cellular,3,0,unknown,0
34,retired,married,primary,no,-701,yes,no,unknown,2,1,unknown,0
58,management,single,secondary,no,1,yes,no,cellular,11,0,failure,0
47,retired,married,primary,no,-247,no,no,cellular,2,0,unknown,0
48,management,single,primary,no,53,no,yes,cellular,3,0,other,0
55,management,divorced,tertiary,no,23,yes,no,cellular,1,0,unknown,1
31,services,married,tertiary,no,565,yes,no,cellular,5,0,unknown,0
33,admin.,single,secondary,no,937,no,no,telephone,1,0,failure,0
55,blue-collar,divorced,primary,no,2923,yes,no,unknown,6,0,failure,0
31,services,married,secondary,no,0,yes,no,cellular,1,0,unknown,0
43,blue-collar,single,primary,no,5057,no,no,telephone,1,6,unknown,0
36,blue-collar,married,secondary,no,1818,no,no,cellular,1,0,failure,0
27,blue-collar,divorced,secondary,no,1084,no,no,unknown,4,0,unknown,0
42,services,single,primary,no,10758,no,yes,unknown,2,0,unknown,0
36,blue-collar,married,primary,no,643,yes,no,unknown,1,3,unknown,1
35,entrepreneur,single,unknown,no,131,yes,no,unknown,1,0,unknown,0
34,technician,single,primary,no,-98,no,no,cellular,1,0,unknown,0
44,blue-collar,single,tertiary,no,759,no,no,cellular,1,0,unknown,0
56,entrepreneur,married,tertiary,no,0,yes,no,cellular,1,6,unknown,1
47,services,married,tertiary,no,304,yes,no,cellular,2,0,failure,0
57,blue-collar,divorced,secondary,no,36,yes,no,cellular,1,0,unknown,0
38,services,single,primary,no,1836,yes,no,cellular,1,0,failure,0
32,retired,single,tertiary,no,542,yes,no,cellular,1,0,unknown,0
45,management,divorced,secondary,no,37,yes,no,cellular,13,0,unknown,0
52,management,single,tertiary,no,35,no,yes,cellular,2,0,success,0
31,blue-collar,married,tertiary,no,669,no,no,cellular,1,0,unknown,1
40,admin.,single,secondary,no,2096,yes,no,cellular,1,0,unknown,1
69,services,single,secondary,no,846,yes,yes,cellular,2,0,unknown,0
47,entrepreneur,divorced,secondary,no,0,yes,no,cellular,4,0,unknown,0
34,management,divorced,secondary,no,4885,no,no,unknown,3,1,unknown,0
47,technician,married,secondary,no,-76,no,yes,cellular,3,0,unknown,0
30,blue-collar,single,primary,no,428,yes,no,cellular,3,0,unknown,0
77,blue-collar,married,tertiary,no,446,yes,no,unknown,1,0,failure,0
26,entrepreneur,divorced,secondary,no,767,yes,yes,cellular,2,0,unknown,0
42,unemployed,married,secondary,no,1060,yes,no,cellular,1,0,unknown,0
60,services,married,secondary,no,0,no,no,cellular,2,0,unknown,0
54,blue-collar,married,primary,no,6046,yes,no,cellular,2,0,unknown,0
30,entrepreneur,married,secondary,no,4143,no,no,cellular,3,0,unknown,0
33,unemployed,married,secondary,no,-665,no,no,cellular,2,0,unknown,0
32,blue-collar,married,secondary,no,15,no,no,cellular,2,0,other,1
28,technician,married,secondary,no,1521,no,no,unknown,3,0,success,1
36,student,married,tertiary,no,176,no,no,cellular,3,0,unknown,1
45,services,married,secondary,no,541,no,no,cellular,1,2,failure,0
50,management,single,secondary,no,929,yes,no,cellular,1,0,unknown,0
32,technician,married,tertiary,no,6,no,no,cellular,4,0,unknown,0
45,management,divorced,tertiary,no,178,no,no,cellular,1,0,unknown,0
70,technician,single,secondary,no,79,no,no,cellular,2,0,unknown,0
55,admin.,married,tertiary,no,2179,yes,yes,unknown,4,0,unknown,0
44,technician,divorced,secondary,no,279,yes,no,cellular,3,0,unknown,0
33,technician,married,unknown,no,748,no,no,telephone,3,0,unknown,0
37,management,single,primary,no,3,no,no,cellular,1,0,unknown,0
26,technician,married,unknown,no,9328,no,no,cellular,7,0,unknown,0
70,technician,married,secondary,no,-206,yes,no,cellular,2,7,unknown,0
32,blue-collar,married,primary,no,2538,yes,no,cellular,4,3,unknown,1
57,technician,divorced,secondary,no,42,no,yes,unknown,2,0,unknown,0
31,technician,single,secondary,no,487,yes,yes,unknown,1,0,unknown,0
30,services,divorced,primary,no,431,no,no,telephone,2,0,unknown,0
32,blue-collar,single,secondary,no,3782,no,no,cellular,3,0,unknown,0
48,management,married,tertiary,no,-630,yes,no,cellular,6,0,unknown,1
42,admin.,married,tertiary,no,1048,yes,yes,telephone,3,0,other,0
37,blue-collar,single,secondary,yes,1034,yes,yes,cellular,2,5,unknown,0
42,blue-collar,married,tertiary,no,3485,yes,yes,cellular,2,0,unknown,0
40,management,single,tertiary,no,526,yes,no,unknown,1,0,failure,0
37,admin.,divorced,primary,no,592,yes,no,cellular,1,0,unknown,1
29,admin.,single,secondary,no,404,yes,no,unknown,1,0,unknown,0
59,technician,divorced,unknown,no,701,no,yes,cellular,11,0,unknown,0
32,blue-collar,divorced,secondary,no,1448,no,yes,cellular,1,0,unknown,0
35,management,single,tertiary,no,3098,yes,no,unknown,2,0,unknown,0
29,services,married,primary,no,175,no,no,cellular,3,0,unknown,0
34,technician,married,secondary,no,1553,no,no,cellular,2,0,unknown,0
44,admin.,married,secondary,no,118,no,no,cellular,7,0,unknown,0
37,technician,married,primary,no,1134,yes,yes,unknown,5,0,unknown,0
19,blue-collar,married,tertiary,no,1503,yes,no,cellular,4,1,unknown,0
41,blue-collar,married,tertiary,no,80,yes,no,unknown,2,0,other,0
40,technician,married,secondary,no,4402,no,yes,cellular,1,0,unknown,0
43,services,single,secondary,yes,331,no,yes,unknown,1,0,unknown,0
42,management,single,secondary,no,259,yes,no,cellular,3,0,unknown,0
26,blue-collar,divorced,secondary,no,2394,yes,no,cellular,2,0,unknown,0
40,blue-collar,married,secondary,no,-1,yes,yes,cellular,1,0,unknown,0
37,management,married,tertiary,no,96,no,no,unknown,2,0,unknown,0
30,services,single,primary,no,705,yes,yes,cellular,3,2,other,1
51,admin.,single,secondary,no,437,no,no,cellular,2,1,unknown,0
32,management,married,secondary,no,174,yes,yes,cellular,1,0,failure,0
36,management,married,secondary,no,0,yes,no,cellular,1,0,unknown,0
53,blue-collar,married,secondary,yes,-399,no,no,unknown,24,0,unknown,1
29,housemaid,divorced,secondary,no,3172,yes,no,cellular,1,0,unknown,0
56,admin.,married,secondary,no,3927,yes,no,cellular,2,0,unknown,0
41,unemployed,married,tertiary,no,852,yes,yes,unknown,1,0,other,1
45,technician,married,tertiary,no,781,no,no,unknown,3,0,unknown,1
48,management,single,secondary,no,749,no,no,unknown,1,0,unknown,0
59,blue-collar,married,tertiary,no,3904,no,no,unknown,1,2,unknown,0
49,management,divorced,secondary,no,159,no,no,cellular,3,0,unknown,1
29,technician,married,tertiary,no,378,no,no,cellular,23,0,unknown,0
30,admin.,single,tertiary,no,1427,no,no,cellular,2,0,unknown,0
38,blue-collar,married,unknown,no,5,yes,no,telephone,1,0,other,0
55,admin.,married,secondary,no,504,yes,yes,cellular,1,4,unknown,0
33,entrepreneur,divorced,primary,no,351,yes,no,cellular,3,0,unknown,0
56,admin.,married,tertiary,no,353,yes,yes,cellular,4,0,failure,0
48,entrepreneur,married,tertiary,no,0,no,no,unknown,2,0,unknown,0
55,technician,married,tertiary,no,-46,yes,yes,cellular,2,1,unknown,0
60,technician,divorced,tertiary,no,589,yes,no,unknown,2,0,unknown,0
77,housemaid,married,tertiary,no,1022,no,no,telephone,1,0,failure,0
28,blue-collar,divorced,secondary,no,362,yes,no,telephone,4,5,unknown,0
37,admin.,divorced,tertiary,no,13204,yes,no,cellular,1,0,unknown,0
42,technician,married,secondary,no,606,no,yes,cellular,2,0,unknown,0
43,self-employed,married,secondary,no,780,yes,no,unknown,1,0,unknown,1
33,admin.,single,secondary,no,0,yes,no,unknown,1,0,unknown,0
27,blue-collar,married,secondary,no,4745,yes,no,unknown,1,0,unknown,0
28,blue-collar,divorced,unknown,no,638,no,no,cellular,4,0,unknown,0
39,entrepreneur,divorced,tertiary,no,15,no,no,unknown,1,0,other,0
46,unemployed,divorced,secondary,no,8366,no,no,cellular,4,0,unknown,0
50,blue-collar,married,tertiary,no,3762,no,no,cellular,2,0,unknown,1
52,services,married,secondary,no,2590,yes,no,cellular,1,0,other,0
31,management,married,tertiary,no,455,yes,no,cellular,4,0,unknown,0
43,blue-collar,married,tertiary,no,3,no,no,unknown,2,0,unknown,0
27,blue-collar,single,tertiary,no,3897,no,no,unknown,3,0,unknown,0
48,student,single,secondary,no,643,no,no,cellular,1,3,unknown,0
41,management,single,secondary,no,-1206,yes,no,cellular,2,0,unknown,0
39,admin.,married,secondary,no,77,yes,no,unknown,1,0,other,0
27,admin.,single,secondary,no,0,yes,no,cellular,1,0,unknown,0
40,blue-collar,married,secondary,no,7513,yes,no,cellular,2,1,unknown,0
28,retired,married,secondary,no,1495,no,no,cellular,1,4,unknown,0
53,retired,married,unknown,no,781,yes,yes,unknown,3,0,unknown,0
51,services,single,primary,no,35,yes,no,cellular,6,0,failure,1
32,entrepreneur,single,tertiary,no,9,no,no,cellular,4,2,unknown,0
46,services,married,secondary,no,882,yes,no,cellular,1,0,unknown,0
28,unemployed,married,tertiary,no,342,yes,yes,cellular,4,0,unknown,0
24,services,married,secondary,no,757,yes,no,unknown,2,1,failure,0
31,management,single,tertiary,no,58,yes,no,telephone,5,0,success,0
38,admin.,married,secondary,no,3601,no,no,unknown,2,0,unknown,0
32,blue-collar,married,tertiary,no,3529,yes,yes,cellular,2,0,unknown,0
34,blue-collar,divorced,unknown,no,1317,yes,yes,unknown,1,0,other,0
60,blue-collar,married,primary,no,1670,yes,no,cellular,2,0,unknown,0
40,blue-collar,married,secondary,no,12569,no,no,cellular,1,0,unknown,0
36,blue-collar,married,tertiary,no,23,yes,yes,cellular,1,0,other,0
58,entrepreneur,married,unknown,no,14,yes,yes,telephone,9,0,unknown,0
56,admin.,married,tertiary,no,226,yes,no,telephone,5,0,unknown,0
57,self-employed,divorced,secondary,no,424,yes,yes,cellular,1,0,unknown,0
36,technician,married,tertiary,no,6307,no,no,unknown,1,0,unknown,0
28,blue-collar,married,secondary,no,1123,no,no,unknown,2,0,unknown,0
30,retired,single,secondary,no,-370,no,no,unknown,5,0,failure,0
28,technician,married,secondary,no,256,yes,no,telephone,3,0,unknown,0
32,management,married,primary,no,8969,yes,yes,unknown,2,0,unknown,0
46,management,single,primary,no,4232,yes,yes,cellular,6,0,failure,1
48,self-employed,married,secondary,no,363,no,no,cellular,18,0,unknown,0
31,management,married,secondary,no,638,no,no,cellular,3,0,unknown,0
32,blue-collar,married,tertiary,no,2178,yes,no,cellular,1,0,unknown,0
44,student,married,secondary,no,6610,no,no,cellular,2,0,failure,0
32,blue-collar,married,primary,no,101,no,no,unknown,1,0,unknown,1
29,blue-collar,married,primary,no,4380,no,no,cellular,2,0,unknown,0
33,retired,married,primary,no,76,yes,no,cellular,6,0,unknown,0
33,management,single,tertiary,no,710,no,no,cellular,5,0,unknown,0
50,services,single,tertiary,no,12877,no,yes,unknown,2,0,unknown,0
36,management,married,primary,no,23663,yes,yes,telephone,1,0,unknown,0
39,blue-collar,married,secondary,no,1315,no,yes,cellular,1,0,unknown,0
32,blue-collar,single,primary,no,53,yes,no,cellular,1,0,unknown,0
46,unemployed,divorced,tertiary,no,-563,no,no,cellular,2,0,unknown,0
31,technician,married,primary,no,790,yes,no,cellular,5,0,unknown,1
49,technician,married,secondary,no,998,yes,yes,telephone,3,0,unknown,0
33,retired,married,unknown,no,696,yes,no,cellular,6,0,failure,0
49,services,married,tertiary,no,276,no,yes,cellular,3,0,unknown,0
42,management,single,secondary,no,1700,yes,no,telephone,4,0,unknown,0
42,services,divorced,secondary,no,88,yes,yes,cellular,2,0,unknown,0
41,self-employed,single,secondary,no,1005,no,no,cellular,5,2,unknown,0
34,technician,married,unknown,no,1205,no,yes,cellular,1,0,unknown,1
52,admin.,divorced,secondary,no,247,yes,no,unknown,2,0,unknown,0
34,unemployed,married,primary,no,0,no,no,cellular,12,0,unknown,0
35,admin.,single,tertiary,no,136,yes,yes,unknown,1,0,unknown,0
22,blue-collar,married,secondary,no,44,yes,no,cellular,1,0,failure,1
37,admin.,married,primary,no,267,yes,no,unknown,5,0,unknown,0
29,services,married,secondary,no,1027,yes,no,cellular,6,0,unknown,0
40,housemaid,married,secondary,no,1128,yes,no,cellular,2,0,other,0
28,management,married,tertiary,no,215,no,no,telephone,1,0,unknown,0
28,retired,married,primary,no,2370,yes,no,telephone,1,0,unknown,0
37,technician,married,primary,no,141,yes,no,cellular,1,0,failure,0
46,housemaid,divorced,secondary,no,1621,no,yes,cellular,2,0,failure,0
50,blue-collar,married,tertiary,no,231,yes,no,unknown,1,0,unknown,0
48,retired,divorced,unknown,no,1100,no,no,cellular,1,0,unknown,0
30,admin.,divorced,secondary,no,35,no,no,cellular,15,10,failure,0
53,unknown,married,unknown,no,2395,yes,no,cellular,1,17,unknown,0
24,entrepreneur,married,tertiary,no,1148,no,no,cellular,2,0,unknown,0
67,management,married,secondary,no,172,yes,no,cellular,1,0,unknown,0
42,management,married,tertiary,no,-614,no,no,cellular,5,2,unknown,0
60,retired,married,tertiary,no,6850,yes,yes,cellular,5,0,unknown,0
31,admin.,single,secondary,no,623,no,no,unknown,1,0,unknown,1
36,services,married,tertiary,yes,2420,yes,no,telephone,2,0,unknown,0
33,retired,single,tertiary,no,2610,no,yes,cellular,2,0,unknown,0
56,management,single,primary,no,1339,no,no,cellular,3,0,unknown,1
40,blue-collar,single,primary,no,887,yes,no,cellular,2,0,unknown,0
45,technician,married,secondary,no,299,yes,no,cellular,2,0,unknown,0
32,housemaid,married,secondary,no,178,yes,no,unknown,1,0,unknown,0
27,management,married,tertiary,no,0,no,no,telephone,2,0,unknown,0
49,technician,married,primary,no,53,no,no,cellular,2,0,unknown,0
35,admin.,married,secondary,no,0,no,no,unknown,2,1,failure,0
29,blue-collar,married,secondary,no,336,no,no,cellular,2,0,unknown,0
40,management,single,secondary,no,572,yes,no,unknown,1,0,unknown,0
57,blue-collar,divorced,secondary,no,1467,no,no,cellular,2,0,failure,0
55,technician,married,secondary,no,923,yes,no,cellular,4,2,unknown,0
26,management,married,secondary,no,1100,yes,no,cellular,1,0,unknown,0
27,blue-collar,married,secondary,no,8,no,no,cellular,2,3,unknown,0
32,unemployed,single,secondary,no,605,yes,yes,cellular,1,0,unknown,0
42,management,single,primary,no,410,yes,yes,unknown,5,0,unknown,0
54,services,married,primary,yes,2269,no,yes,unknown,2,0,failure,0
46,entrepreneur,married,primary,no,1050,no,no,cellular,1,0,unknown,0
28,technician,married,tertiary,no,609,no,no,cellular,1,0,unknown,1
32,self-employed,divorced,primary,no,1022,no,no,cellular,4,3,success,0
45,blue-collar,married,secondary,no,16178,yes,no,unknown,3,2,unknown,1
47,services,married,secondary,yes,199,yes,no,unknown,2,0,unknown,0
40,technician,divorced,tertiary,yes,94,no,no,cellular,2,0,unknown,1
35,technician,married,secondary,no,-568,yes,no,unknown,2,8,other,1
37,unemployed,married,secondary,no,0,no,no,cellular,1,0,unknown,0
48,self-employed,divorced,secondary,no,-632,yes,no,cellular,4,0,unknown,0
25,unemployed,married,secondary,no,6046,yes,yes,cellular,2,0,other,0
45,blue-collar,divorced,tertiary,yes,94,no,no,cellular,1,0,unknown,0
27,admin.,single,primary,no,487,yes,no,cellular,3,0,unknown,0
60,services,married,secondary,no,280,yes,no,telephone,6,0,unknown,0
56,blue-collar,married,tertiary,no,-1,no,no,unknown,1,0,unknown,0
57,blue-collar,single,secondary,no,145,no,yes,telephone,1,0,unknown,0
34,management,single,unknown,no,158,yes,no,cellular,3,1,unknown,0
31,blue-collar,divorced,secondary,no,71,yes,no,cellular,1,0,unknown,0
29,technician,married,tertiary,no,71,yes,no,cellular,1,0,success,0
33,services,married,secondary,no,108,no,no,cellular,2,0,unknown,0
55,housemaid,single,secondary,no,13044,no,no,cellular,3,0,unknown,1
30,admin.,married,unknown,no,852,no,no,cellular,2,0,unknown,0
38,management,married,tertiary,no,10218,yes,no,cellular,3,0,unknown,0
35,technician,married,secondary,no,-584,no,no,telephone,7,3,unknown,0
42,management,married,secondary,no,-46,no,no,cellular,1,0,unknown,0
36,blue-collar,divorced,secondary,no,894,yes,no,cellular,1,0,unknown,0
49,technician,married,tertiary,no,538,yes,no,unknown,2,0,unknown,0
53,blue-collar,married,primary,no,589,no,yes,cellular,2,0,unknown,0
58,technician,married,primary,no,0,no,yes,cellular,2,0,unknown,0
53,management,married,tertiary,no,118,yes,no,cellular,2,0,unknown,0
31,technician,married,tertiary,no,950,yes,no,unknown,1,0,unknown,0
32,management,married,secondary,no,0,yes,no,cellular,3,0,unknown,0
32,technician,single,primary,no,390,no,no,unknown,6,4,failure,0
29,blue-collar,married,secondary,no,5195,yes,no,cellular,2,0,failure,0
30,services,married,tertiary,no,-406,yes,yes,telephone,1,0,unknown,1
71,technician,single,tertiary,no,149,yes,no,cellular,2,0,unknown,0
44,self-employed,divorced,tertiary,no,77,yes,no,cellular,25,0,unknown,0
40,services,married,secondary,no,4515,no,no,cellular,5,0,other,0
40,retired,married,secondary,no,0,yes,no,cellular,2,0,unknown,0
42,blue-collar,single,secondary,no,-617,yes,no,cellular,1,0,unknown,0
30,services,married,tertiary,no,524,yes,yes,unknown,1,0,unknown,0
49,management,married,secondary,no,12,no,no,cellular,2,6,unknown,0
49,blue-collar,single,secondary,no,780,yes,no,unknown,2,0,unknown,0
31,services,single,secondary,no,2705,yes,no,cellular,1,0,unknown,0
33,admin.,married,tertiary,no,76,yes,yes,unknown,2,0,unknown,0
42,blue-collar,divorced,tertiary,no,112,yes,yes,telephone,5,4,unknown,0
37,admin.,single,primary,no,325,no,yes,cellular,1,0,unknown,0
40,self-employed,married,tertiary,no,-195,yes,no,cellular,2,0,unknown,0
46,technician,single,tertiary,no,694,yes,no,cellular,1,0,unknown,0
33,management,married,secondary,no,2008,yes,no,cellular,2,0,unknown,0
59,services,married,secondary,no,439,no,no,cellular,1,0,failure,0
39,admin.,married,tertiary,no,5191,no,no,cellular,3,0,unknown,0
32,unemployed,married,secondary,no,0,no,no,telephone,2,0,unknown,1
31,admin.,single,primary,no,1916,yes,no,cellular,1,0,unknown,0
42,blue-collar,married,primary,no,235,yes,no,unknown,5,0,unknown,0
57,technician,married,secondary,no,-701,yes,yes,unknown,2,0,failure,0
61,entrepreneur,married,tertiary,no,3810,yes,yes,cellular,18,1,unknown,1
37,management,divorced,secondary,no,257,no,no,cellular,4,0,unknown,0
43,admin.,single,secondary,no,1438,no,no,cellular,2,0,unknown,0
56,services,married,tertiary,no,585,yes,no,unknown,1,0,unknown,1
28,blue-collar,married,primary,no,1808,yes,no,cellular,6,0,unknown,0
48,management,married,secondary,no,1012,yes,no,cellular,6,0,unknown,0
35,admin.,married,secondary,no,0,yes,no,unknown,1,0,unknown,0
58,self-employed,single,primary,no,523,yes,yes,cellular,1,0,unknown,0
37,admin.,single,tertiary,no,2211,no,no,cellular,1,0,unknown,0
35,management,married,secondary,no,1044,no,no,cellular,1,0,unknown,0
52,retired,single,secondary,no,2089,yes,no,cellular,1,5,unknown,0
34,blue-collar,married,tertiary,no,643,no,no,cellular,1,0,other,0
53,blue-collar,married,secondary,no,1562,no,no,cellular,5,5,unknown,0
53,technician,married,unknown,no,1283,no,no,cellular,4,0,unknown,0
45,management,single,tertiary,no,132,no,no,unknown,1,0,unknown,0
50,services,married,primary,no,3064,yes,no,cellular,2,0,unknown,0
41,housemaid,married,tertiary,no,226,yes,no,cellular,2,0,unknown,0
27,management,married,secondary,no,23,yes,yes,cellular,5,0,unknown,0
43,unemployed,married,secondary,no,300,yes,no,cellular,1,0,unknown,0
48,technician,married,tertiary,no,428,no,no,cellular,1,0,unknown,0
33,retired,single,secondary,no,20,yes,no,cellular,1,0,unknown,0
79,self-employed,married,secondary,no,747,yes,yes,cellular,1,0,unknown,0
40,entrepreneur,single,primary,no,573,no,yes,unknown,2,0,unknown,0
42,management,married,tertiary,no,78,yes,no,cellular,2,0,unknown,0
37,blue-collar,married,tertiary,no,1322,yes,no,cellular,1,0,unknown,0
39,blue-collar,single,secondary,no,1,no,no,cellular,3,0,unknown,0
45,management,married,secondary,no,1138,no,no,telephone,5,0,failure,0
49,retired,married,secondary,no,68,no,no,unknown,3,0,unknown,0
27,management,married,secondary,no,-401,yes,no,cellular,3,0,unknown,0
34,blue-collar,married,secondary,no,315,yes,no,unknown,1,0,unknown,0
26,management,married,tertiary,no,375,no,no,cellular,4,0,unknown,0
45,technician,married,primary,no,16178,yes,no,unknown,3,0,unknown,0
34,entrepreneur,married,secondary,no,137,no,no,cellular,2,0,unknown,0
29,technician,divorced,tertiary,no,262,yes,no,cellular,5,0,unknown,1
33,technician,married,secondary,no,665,yes,no,cellular,2,0,unknown,0
39,services,married,tertiary,no,80,no,yes,cellular,1,0,failure,0
34,unemployed,married,secondary,no,1772,yes,no,cellular,1,2,unknown,0
58,self-employed,married,tertiary,no,401,no,no,cellular,1,0,unknown,0
52,self-employed,single,secondary,no,764,no,no,unknown,1,3,unknown,0
55,retired,married,tertiary,no,174,yes,no,cellular,4,1,unknown,0
49,retired,married,secondary,no,-312,yes,no,cellular,1,1,unknown,1
32,admin.,married,secondary,no,213,yes,no,unknown,13,0,unknown,1
45,blue-collar,married,tertiary,no,743,yes,yes,unknown,1,0,failure,1
60,management,married,secondary,no,4198,yes,no,telephone,2,0,unknown,0
38,entrepreneur,married,secondary,no,846,no,no,unknown,2,1,unknown,0
43,housemaid,single,secondary,no,1906,yes,yes,cellular,1,0,unknown,0
23,blue-collar,single,tertiary,no,-849,no,no,unknown,3,0,unknown,0
35,admin.,single,secondary,no,197,yes,no,unknown,1,2,success,0
38,technician,married,secondary,yes,1175,yes,no,cellular,2,0,unknown,0
31,student,divorced,secondary,no,175,yes,no,unknown,1,3,other,0
49,blue-collar,single,secondary,no,14093,no,no,cellular,2,0,unknown,0
31,services,married,primary,no,1587,no,no,cellular,2,0,failure,0
30,technician,single,primary,no,815,yes,no,cellular,1,0,unknown,0
33,technician,divorced,primary,no,168,no,no,cellular,3,0,unknown,0
34,unknown,married,secondary,no,63,yes,no,cellular,5,0,success,0
36,admin.,married,secondary,no,5498,yes,no,cellular,2,0,unknown,0
26,technician,married,tertiary,no,215,yes,no,cellular,3,0,unknown,0
33,technician,married,primary,no,3810,yes,no,telephone,2,0,unknown,0
51,management,married,tertiary,no,5355,yes,no,cellular,3,0,unknown,0
32,management,single,primary,no,8366,no,no,cellular,5,1,unknown,0
27,management,divorced,unknown,no,1005,yes,no,cellular,2,0,failure,0
45,management,married,secondary,no,360,no,no,cellular,1,0,unknown,0
35,management,married,secondary,no,417,yes,no,unknown,2,0,unknown,0
48,blue-collar,married,secondary,no,752,yes,no,cellular,1,1,unknown,0
30,blue-collar,married,secondary,no,606,yes,no,unknown,2,0,unknown,0
57,technician,single,secondary,no,417,no,no,cellular,1,3,unknown,0
32,housemaid,married,tertiary,no,2723,yes,no,cellular,5,0,unknown,0
50,housemaid,married,unknown,no,0,yes,no,cellular,1,0,unknown,1
41,management,married,secondary,no,16,no,yes,telephone,2,0,unknown,0
41,blue-collar,married,primary,yes,203,no,no,cellular,1,0,unknown,0
51,management,married,secondary,no,429,yes,no,cellular,3,0,unknown,0
43,management,married,primary,no,481,yes,no,unknown,2,0,unknown,0
33,blue-collar,divorced,unknown,no,5,yes,no,unknown,2,0,unknown,0
32,services,single,secondary,no,681,yes,no,cellular,3,2,unknown,0
34,self-employed,divorced,secondary,no,2685,yes,no,cellular,1,3,unknown,0
49,blue-collar,single,tertiary,no,112,no,no,unknown,1,0,success,1
58,blue-collar,single,primary,no,894,no,no,unknown,3,0,unknown,0
41,blue-collar,married,secondary,no,3068,no,no,unknown,1,0,unknown,0
38,management,married,tertiary,no,-404,no,yes,cellular,13,0,unknown,0
33,blue-collar,single,tertiary,no,0,yes,yes,telephone,3,0,unknown,0
45,technician,married,primary,no,133,no,no,cellular,2,3,unknown,1
25,management,divorced,tertiary,no,0,no,no,cellular,2,0,unknown,1
42,admin.,single,tertiary,no,22,yes,no,cellular,1,5,unknown,1
26,technician,single,unknown,yes,232,no,no,cellular,2,6,unknown,0
31,entrepreneur,single,secondary,no,553,yes,no,unknown,1,0,unknown,0
33,blue-collar,married,secondary,no,486,no,no,unknown,1,0,unknown,0
56,management,single,secondary,no,238,yes,no,cellular,1,0,unknown,0
39,technician,married,secondary,no,23663,no,no,telephone,1,3,unknown,0
31,student,single,secondary,no,420,yes,yes,unknown,5,0,unknown,0
42,management,single,secondary,no,25,no,no,unknown,1,0,failure,0
40,blue-collar,married,secondary,no,695,no,no,cellular,2,0,unknown,0
52,student,married,secondary,no,174,yes,no,cellular,17,3,unknown,0
33,management,married,secondary,no,223,yes,no,cellular,3,0,unknown,0
51,admin.,married,secondary,no,-285,no,no,cellular,1,0,unknown,1
46,technician,single,tertiary,no,0,yes,no,cellular,2,1,failure,1
49,admin.,married,primary,yes,57,yes,no,unknown,1,0,unknown,0
34,blue-collar,married,tertiary,no,1448,no,no,unknown,3,0,unknown,0
36,technician,married,secondary,no,261,yes,no,cellular,4,0,unknown,1
31,management,married,secondary,no,206,yes,no,unknown,1,0,unknown,0
30,admin.,single,secondary,no,0,no,no,unknown,5,0,unknown,1
57,blue-collar,divorced,secondary,no,9019,yes,no,unknown,21,0,unknown,0
30,blue-collar,married,primary,no,1242,no,no,unknown,9,1,unknown,0
30,technician,single,tertiary,no,3250,yes,yes,cellular,2,0,unknown,1
55,entrepreneur,married,tertiary,no,406,yes,no,cellular,1,0,unknown,0
58,blue-collar,single,tertiary,no,442,no,no,cellular,1,5,unknown,0
54,student,married,primary,no,422,yes,no,unknown,31,0,failure,0
33,student,married,unknown,no,79,yes,no,cellular,1,0,unknown,0
39,management,single,secondary,no,0,no,no,cellular,3,0,unknown,0
43,blue-collar,married,primary,no,706,no,no,cellular,1,0,unknown,0
38,blue-collar,married,primary,no,1191,no,no,unknown,1,2,unknown,1
38,admin.,married,secondary,no,1221,yes,no,unknown,1,2,unknown,0
31,technician,single,secondary,no,343,yes,no,cellular,1,0,unknown,0
45,services,married,tertiary,no,245,yes,no,telephone,2,0,unknown,0
45,services,married,unknown,no,-701,no,no,unknown,5,0,unknown,0
34,management,married,secondary,no,5883,no,yes,cellular,1,0,failure,0
43,management,married,primary,no,2984,yes,no,cellular,1,0,unknown,0
37,blue-collar,single,secondary,no,83,no,no,cellular,1,0,unknown,0
28,admin.,single,primary,no,275,yes,no,unknown,2,0,unknown,0
58,technician,married,tertiary,no,1671,no,no,cellular,1,1,unknown,0
41,management,divorced,secondary,no,97,no,no,cellular,2,0,unknown,0
48,self-employed,married,secondary,no,2289,yes,no,cellular,4,0,unknown,0
47,technician,married,secondary,no,493,no,no,unknown,2,0,unknown,1
35,entrepreneur,married,primary,no,1138,yes,no,telephone,1,0,unknown,0
32,retired,single,primary,no,473,no,no,cellular,1,0,unknown,0
37,management,married,primary,no,375,yes,no,unknown,1,0,other,0
35,management,single,primary,no,284,no,no,unknown,1,3,other,0
43,blue-collar,married,tertiary,no,96,yes,no,cellular,1,0,unknown,0
50,management,married,secondary,no,598,yes,no,unknown,1,0,failure,0
41,technician,single,unknown,no,-298,yes,no,unknown,17,0,unknown,0
46,technician,married,tertiary,no,383,yes,yes,unknown,1,0,unknown,0
51,blue-collar,single,secondary,no,704,no,no,cellular,1,0,unknown,0
52,retired,married,tertiary,no,203,yes,no,cellular,1,0,unknown,0
35,technician,married,primary,no,0,yes,no,cellular,1,0,failure,1
55,admin.,married,primary,no,316,no,no,cellular,2,0,unknown,0
30,blue-collar,married,secondary,no,180,yes,no,unknown,3,0,unknown,0
61,services,married,tertiary,no,609,yes,no,cellular,1,1,unknown,1
33,management,divorced,tertiary,no,385,yes,no,cellular,3,0,unknown,0
40,blue-collar,single,secondary,no,309,no,no,cellular,1,2,unknown,0
50,blue-collar,married,unknown,no,-280,no,no,cellular,2,1,unknown,0
37,services,single,tertiary,no,52,no,no,unknown,1,0,unknown,0
34,admin.,married,secondary,no,1047,no,no,cellular,2,0,unknown,1
40,technician,single,secondary,no,4198,no,no,cellular,2,0,unknown,0
39,unemployed,married,secondary,no,1203,no,no,unknown,4,2,other,0
31,services,married,secondary,no,6839,no,yes,unknown,6,0,unknown,1
56,technician,married,secondary,no,180,yes,no,cellular,1,0,unknown,1
34,retired,single,primary,no,588,no,no,unknown,3,3,unknown,0
34,housemaid,married,secondary,no,0,yes,no,cellular,1,0,unknown,0
59,technician,married,primary,no,283,yes,no,cellular,7,0,unknown,0
33,services,single,secondary,no,1852,yes,no,cellular,1,0,unknown,0
62,management,married,secondary,no,5244,yes,no,cellular,1,0,failure,0
53,entrepreneur,divorced,secondary,no,0,yes,yes,telephone,1,0,unknown,0
32,management,single,secondary,no,1152,yes,no,unknown,4,0,unknown,0
22,blue-collar,divorced,secondary,no,4,no,no,cellular,2,0,unknown,0
84,management,married,secondary,no,1315,no,no,cellular,1,0,success,0
35,blue-collar,married,secondary,no,2644,yes,no,cellular,2,0,unknown,0
50,management,single,secondary,no,-583,yes,no,cellular,3,0,unknown,0
38,technician,married,secondary,no,2442,no,yes,telephone,2,0,unknown,0
36,technician,married,unknown,yes,-121,no,no,unknown,3,0,unknown,0
31,blue-collar,married,tertiary,no,406,no,no,unknown,1,0,unknown,0
38,unknown,married,secondary,no,1623,no,no,unknown,1,0,unknown,0
41,management,married,tertiary,no,125,yes,yes,cellular,2,0,unknown,0
29,admin.,single,secondary,no,-280,yes,no,cellular,1,3,unknown,0
35,technician,single,tertiary,no,800,yes,no,cellular,1,0,other,0
30,admin.,single,secondary,no,9756,yes,no,unknown,1,0,unknown,0
33,blue-collar,married,primary,no,-247,yes,no,cellular,2,0,unknown,0
42,technician,divorced,secondary,no,35,yes,no,cellular,2,0,unknown,0
57,self-employed,married,primary,no,4945,yes,no,unknown,2,0,success,0
34,management,married,tertiary,no,1116,no,no,cellular,2,0,unknown,0
45,entrepreneur,single,secondary,no,363,no,yes,cellular,1,0,other,0
35,retired,married,secondary,no,3334,no,no,cellular,2,0,unknown,0
31,self-employed,married,primary,no,1558,yes,no,cellular,1,0,unknown,0
34,technician,married,tertiary,no,67,yes,no,unknown,9,0,unknown,0
32,retired,married,tertiary,no,478,no,no,cellular,1,2,unknown,0
34,management,divorced,tertiary,no,728,yes,yes,cellular,2,0,unknown,1
47,technician,single,tertiary,no,6844,no,no,cellular,4,0,unknown,0
34,unemployed,single,secondary,no,1594,no,no,cellular,1,0,unknown,0
48,admin.,single,secondary,no,1,yes,no,unknown,7,2,unknown,0
53,technician,married,primary,no,406,yes,no,cellular,2,0,failure,0
58,services,single,tertiary,no,1574,yes,no,unknown,1,0,unknown,0
32,management,married,secondary,no,4130,yes,no,cellular,2,0,unknown,1
40,technician,single,secondary,no,366,yes,yes,cellular,5,0,other,0
36,management,married,secondary,no,1890,yes,yes,cellular,1,0,success,0
45,admin.,married,secondary,no,-701,no,no,unknown,2,0,unknown,0
52,technician,married,secondary,no,60,yes,no,cellular,4,1,failure,0
27,technician,married,secondary,no,137,yes,no,cellular,2,0,unknown,0
38,technician,divorced,primary,no,21,yes,no,cellular,1,0,unknown,0
55,management,married,secondary,no,381,no,yes,cellular,4,0,unknown,0
47,blue-collar,married,secondary,no,1852,no,yes,cellular,7,0,unknown,0
58,retired,married,tertiary,no,2,no,no,cellular,2,0,unknown,0
34,technician,married,tertiary,no,333,no,yes,cellular,4,0,unknown,0
49,management,married,secondary,no,609,no,no,unknown,1,0,unknown,0
42,management,single,tertiary,no,950,yes,no,unknown,1,0,unknown,0
42,blue-collar,single,secondary,no,0,no,no,cellular,2,0,unknown,1
43,blue-collar,single,secondary,no,3161,yes,no,cellular,6,0,unknown,0
32,management,divorced,tertiary,no,23,yes,yes,unknown,1,0,unknown,0
59,unknown,divorced,secondary,no,0,no,no,cellular,2,0,unknown,1
48,housemaid,married,secondary,no,777,yes,no,unknown,1,0,unknown,0
42,management,married,primary,no,8894,no,yes,cellular,1,0,unknown,0
48,technician,single,secondary,no,-18,no,yes,cellular,1,0,unknown,0
40,services,single,secondary,yes,32,no,no,cellular,3,0,other,0
25,management,married,primary,no,687,no,no,cellular,2,0,other,1
31,technician,single,tertiary,no,23,no,no,cellular,1,0,unknown,1
41,technician,married,secondary,no,-19,no,no,cellular,5,2,unknown,0
35,management,married,unknown,no,-67,no,yes,unknown,1,0,unknown,0
40,unemployed,single,tertiary,no,299,no,yes,cellular,2,0,unknown,0
66,blue-collar,married,secondary,no,172,yes,no,cellular,1,0,unknown,0
28,blue-collar,married,primary,no,172,no,yes,cellular,4,0,unknown,0
29,technician,married,tertiary,no,792,yes,no,cellular,5,0,unknown,0
36,services,married,tertiary,no,148,yes,no,cellular,1,0,unknown,1
35,technician,married,primary,no,0,yes,no,cellular,1,0,other,0
46,technician,single,tertiary,no,434,no,yes,cellular,2,0,unknown,0
26,technician,single,primary,no,2610,yes,no,unknown,11,0,unknown,0
58,unemployed,married,tertiary,no,1910,yes,no,unknown,1,0,failure,1
29,technician,single,unknown,no,0,yes,no,cellular,4,1,unknown,0
55,management,married,tertiary,no,1536,no,no,cellular,1,0,unknown,0
27,services,married,tertiary,no,0,no,no,telephone,1,2,unknown,0
37,technician,married,secondary,no,8627,yes,no,telephone,1,3,unknown,0
23,retired,married,secondary,no,388,no,no,unknown,3,0,unknown,0
55,entrepreneur,divorced,tertiary,no,-287,yes,no,cellular,3,0,unknown,0
59,management,married,secondary,no,565,yes,no,cellular,1,1,failure,0
33,technician,married,secondary,no,2830,no,no,cellular,22,0,unknown,0
49,technician,married,tertiary,no,245,no,yes,cellular,1,0,unknown,0
31,admin.,single,secondary,no,167,no,no,cellular,4,5,unknown,0
40,entrepreneur,married,tertiary,no,3782,yes,no,cellular,2,0,unknown,0
49,management,married,tertiary,no,435,yes,no,cellular,1,0,failure,0
40,housemaid,divorced,secondary,no,2160,yes,no,cellular,4,0,unknown,0
53,blue-collar,married,secondary,no,40,yes,no,unknown,7,0,unknown,1
50,services,married,secondary,no,-384,yes,no,cellular,2,0,unknown,0
39,retired,married,secondary,no,376,yes,no,cellular,12,7,unknown,0
32,student,single,secondary,no,8515,yes,no,cellular,1,0,unknown,1
31,technician,married,secondary,no,353,no,no,unknown,1,3,unknown,0
55,management,divorced,tertiary,no,47,yes,no,cellular,14,1,unknown,0
48,student,married,tertiary,no,548,no,no,cellular,1,0,unknown,0
30,technician,married,secondary,no,4667,yes,no,cellular,2,0,unknown,0
34,entrepreneur,married,secondary,no,3107,yes,no,unknown,1,0,unknown,0
57,admin.,married,primary,no,41,yes,no,unknown,1,0,failure,0
55,management,married,tertiary,no,1750,yes,yes,cellular,11,0,unknown,0
32,technician,single,tertiary,no,2855,no,no,cellular,1,0,unknown,0
45,technician,married,secondary,no,39,yes,no,cellular,2,0,unknown,0
43,services,single,secondary,no,26,yes,no,unknown,2,4,unknown,1
51,management,married,tertiary,no,0,no,no,cellular,4,0,failure,0
31,management,married,tertiary,no,413,no,no,cellular,9,0,unknown,0
32,technician,single,secondary,no,189,yes,no,cellular,1,2,unknown,0
54,services,single,secondary,no,841,yes,no,cellular,5,0,other,1
60,unemployed,single,secondary,no,4945,yes,no,cellular,9,12,unknown,0
33,blue-collar,divorced,secondary,no,-292,yes,no,cellular,2,0,unknown,1
33,services,married,secondary,no,1905,yes,yes,cellular,1,0,unknown,0
57,management,divorced,tertiary,no,757,yes,no,unknown,4,0,unknown,0
59,admin.,married,secondary,no,11386,yes,no,cellular,7,0,unknown,0
50,technician,single,secondary,no,518,yes,yes,cellular,4,0,unknown,0
53,technician,married,secondary,no,656,yes,no,unknown,1,1,unknown,0
48,services,divorced,tertiary,no,1646,no,no,cellular,1,0,unknown,0
40,management,divorced,tertiary,no,305,yes,no,cellular,1,0,unknown,0
36,management,married,secondary,no,1883,yes,no,cellular,5,2,unknown,0
47,blue-collar,married,secondary,no,697,no,no,cellular,4,2,unknown,0
34,admin.,single,secondary,no,133,no,no,unknown,2,2,unknown,0
33,admin.,married,secondary,no,1783,yes,no,cellular,1,0,unknown,0
32,management,married,secondary,no,267,yes,no,unknown,2,0,unknown,0
29,management,single,tertiary,no,595,no,yes,cellular,4,0,unknown,0
77,services,married,secondary,no,1171,yes,yes,unknown,3,0,unknown,0
54,management,single,tertiary,no,2253,yes,no,unknown,1,0,unknown,0
34,self-employed,married,tertiary,no,2,yes,no,unknown,2,0,other,0
57,management,divorced,primary,no,644,yes,no,cellular,2,0,unknown,0
42,unemployed,divorced,secondary,no,7290,no,no,unknown,7,0,failure,0
58,housemaid,married,tertiary,no,0,no,no,unknown,2,0,unknown,0
31,blue-collar,single,tertiary,no,64,no,no,unknown,2,0,failure,0
44,management,single,secondary,no,156,no,no,cellular,1,0,unknown,0
38,retired,single,primary,no,642,no,no,cellular,1,0,unknown,0
65,self-employed,married,secondary,no,376,no,yes,cellular,2,0,unknown,0
52,management,single,tertiary,no,565,yes,yes,cellular,6,2,unknown,0
55,self-employed,married,secondary,no,1221,no,no,cellular,1,0,unknown,0
47,unemployed,divorced,unknown,no,-70,no,no,cellular,1,0,unknown,1
56,blue-collar,married,tertiary,no,642,yes,no,cellular,3,0,unknown,0
57,blue-collar,divorced,tertiary,no,501,no,no,cellular,2,0,unknown,0
31,technician,married,primary,no,1621,yes,no,cellular,2,0,unknown,0
58,blue-collar,single,primary,no,0,no,no,unknown,2,0,unknown,0
33,retired,single,tertiary,no,0,yes,no,unknown,3,1,unknown,0
53,technician,married,tertiary,no,2,no,no,unknown,2,0,unknown,0
33,blue-collar,married,secondary,no,525,no,no,cellular,2,0,failure,0
34,self-employed,married,primary,no,2734,yes,no,unknown,1,0,unknown,0
53,technician,single,tertiary,no,3172,yes,no,unknown,5,0,unknown,0
33,technician,married,secondary,no,2320,yes,yes,unknown,1,0,unknown,0
56,self-employed,single,secondary,no,485,no,no,unknown,2,0,unknown,0
23,self-employed,single,secondary,no,452,no,no,cellular,1,0,unknown,0
41,services,married,secondary,no,1322,yes,no,cellular,6,0,unknown,0
34,management,married,secondary,no,0,yes,no,unknown,4,0,unknown,0
28,services,married,secondary,no,76,yes,no,cellular,2,8,unknown,0
61,technician,married,tertiary,no,1810,yes,no,unknown,1,0,unknown,0
48,services,married,tertiary,no,175,yes,yes,unknown,1,3,other,0
33,management,married,tertiary,no,4848,yes,no,cellular,2,0,unknown,0
35,management,married,secondary,no,6402,no,no,cellular,2,0,unknown,0
38,technician,married,secondary,no,0,yes,no,unknown,31,0,success,1
25,technician,married,secondary,no,2457,no,no,cellular,12,0,failure,0
37,unemployed,single,tertiary,no,56,yes,no,cellular,1,0,failure,0
34,technician,married,tertiary,no,4908,yes,no,unknown,1,0,unknown,0
38,admin.,divorced,tertiary,yes,10,no,no,cellular,1,0,failure,1
25,blue-collar,married,tertiary,no,47,yes,no,unknown,1,0,other,0
52,blue-collar,married,secondary,no,12223,yes,no,unknown,3,0,unknown,0
34,retired,divorced,primary,no,0,no,no,unknown,1,2,other,0
27,management,married,unknown,no,191,yes,no,cellular,2,1,unknown,0
46,management,married,primary,no,1588,no,no,cellular,1,0,success,0
31,blue-collar,married,secondary,no,197,yes,no,unknown,3,1,unknown,0
39,management,divorced,tertiary,no,1582,yes,no,unknown,2,3,unknown,0
51,blue-collar,single,tertiary,no,1283,no,no,cellular,1,0,unknown,0
36,retired,divorced,secondary,no,197,yes,no,unknown,6,0,unknown,0
41,management,married,tertiary,no,1188,yes,no,cellular,1,0,unknown,0
33,technician,married,tertiary,no,0,yes,yes,cellular,1,0,unknown,0
