age,job,marital,education,default,balance,housing,loan,contact,campaign,previous,poutcome,y
34,management,single,tertiary,no,16053,yes,no,cellular,2,1,failure,0
54,management,divorced,tertiary,no,984,yes,no,cellular,2,0,unknown,0
43,management,single,tertiary,no,73,no,no,cellular,2,0,unknown,0
39,self-employed,divorced,tertiary,no,829,no,no,unknown,2,0,unknown,0
44,technician,married,secondary,no,665,yes,no,cellular,3,0,unknown,0
44,blue-collar,married,primary,no,-13,yes,no,unknown,18,0,unknown,0
59,management,divorced,secondary,no,30,yes,no,cellular,2,0,unknown,1
32,management,married,secondary,no,2573,yes,yes,cellular,2,0,unknown,0
56,management,married,tertiary,no,3450,no,no,cellular,1,0,unknown,0
37,admin.,married,secondary,no,-305,yes,no,cellular,1,0,unknown,0
49,unemployed,married,secondary,no,1131,yes,no,telephone,2,0,unknown,0
40,admin.,married,secondary,no,-46,yes,no,cellular,5,0,unknown,0
31,admin.,married,primary,no,143,yes,yes,unknown,20,0,unknown,0
44,unemployed,married,secondary,no,966,no,no,unknown,1,0,unknown,0
52,blue-collar,married,secondary,no,-374,yes,no,cellular,3,5,failure,0
28,blue-collar,single,secondary,no,284,no,no,cellular,1,0,unknown,0
51,management,married,secondary,no,-25,no,yes,cellular,1,0,unknown,0
42,technician,divorced,tertiary,no,-305,no,no,cellular,3,0,unknown,0
32,blue-collar,married,secondary,no,2806,yes,no,unknown,2,0,unknown,1
53,unemployed,married,secondary,no,-587,yes,yes,unknown,1,0,unknown,0
47,admin.,divorced,secondary,no,705,no,yes,cellular,1,0,unknown,1
50,management,married,secondary,no,13710,no,no,cellular,1,0,unknown,0
50,management,single,tertiary,no,4848,no,no,cellular,4,0,unknown,1
31,technician,married,secondary,no,58,yes,yes,unknown,2,0,unknown,0
40,management,married,secondary,no,2281,yes,no,cellular,4,1,other,0
36,blue-collar,single,secondary,no,644,no,yes,unknown,4,0,unknown,0
45,admin.,married,secondary,no,700,no,yes,unknown,2,0,unknown,0
34,technician,married,tertiary,no,438,no,yes,cellular,2,0,unknown,0
54,management,married,tertiary,no,2829,yes,no,cellular,2,0,unknown,0
35,housemaid,divorced,secondary,no,177,no,no,cellular,16,0,unknown,0
43,admin.,single,secondary,no,0,yes,yes,cellular,1,0,unknown,0
31,technician,single,secondary,no,6230,yes,yes,unknown,2,0,unknown,0
41,admin.,married,secondary,no,2857,yes,no,unknown,5,0,unknown,0
47,blue-collar,married,primary,no,-60,yes,no,cellular,2,0,unknown,0
41,entrepreneur,single,tertiary,no,249,yes,yes,cellular,3,2,unknown,0
33,services,married,secondary,no,2611,yes,no,unknown,3,0,unknown,0
43,self-employed,divorced,tertiary,no,3724,yes,no,unknown,5,0,unknown,0
48,management,married,primary,no,-300,yes,no,cellular,3,2,unknown,0
19,management,married,tertiary,no,465,no,yes,cellular,3,0,unknown,0
36,blue-collar,married,primary,no,853,yes,no,cellular,1,3,success,0
56,technician,married,secondary,no,3303,no,no,unknown,2,0,unknown,1
35,management,single,tertiary,no,4023,no,no,cellular,2,0,unknown,0
40,housemaid,married,primary,no,25,yes,no,cellular,1,0,unknown,0
38,blue-collar,single,secondary,no,8762,yes,no,cellular,2,1,failure,0
43,technician,married,secondary,no,1714,yes,no,cellular,1,8,other,1
19,services,married,secondary,no,-309,yes,yes,cellular,1,0,unknown,0
53,retired,married,primary,no,0,no,no,cellular,1,0,unknown,0
38,management,married,tertiary,no,-14,no,no,cellular,9,0,unknown,0
25,entrepreneur,single,secondary,no,2887,no,no,cellular,6,0,unknown,0
45,blue-collar,married,secondary,no,2043,yes,no,cellular,3,0,unknown,0
40,admin.,married,secondary,no,829,yes,yes,cellular,1,0,unknown,0
37,management,married,tertiary,no,9442,no,no,cellular,2,0,unknown,0
45,retired,married,tertiary,no,-22,yes,no,cellular,3,0,unknown,0
32,technician,divorced,secondary,no,1312,yes,no,unknown,3,0,unknown,0
47,admin.,married,secondary,no,1073,yes,no,unknown,6,0,unknown,0
53,technician,married,tertiary,no,1955,yes,no,cellular,2,2,unknown,1
30,admin.,single,secondary,no,2026,yes,no,unknown,3,0,unknown,0
38,admin.,married,secondary,no,1202,yes,no,cellular,3,0,unknown,0
43,retired,divorced,secondary,no,2232,no,no,cellular,1,3,other,0
49,unknown,married,secondary,no,3028,yes,no,cellular,5,4,success,1
41,blue-collar,married,primary,no,2266,yes,no,unknown,1,0,unknown,0
64,management,married,secondary,no,-1826,yes,no,cellular,4,0,unknown,0
24,blue-collar,married,secondary,no,3606,yes,yes,cellular,3,0,unknown,0
42,admin.,divorced,secondary,no,-367,yes,no,unknown,3,0,unknown,1
38,management,married,primary,no,184,no,no,cellular,2,0,unknown,1
24,technician,single,tertiary,no,1221,yes,no,cellular,1,0,unknown,0
66,technician,married,tertiary,no,4496,yes,no,cellular,1,4,failure,0
55,admin.,married,primary,no,145,yes,no,cellular,3,0,unknown,0
30,technician,single,secondary,no,75,no,no,cellular,5,0,unknown,0
49,unknown,married,secondary,no,17,no,no,cellular,9,0,unknown,0
38,technician,married,secondary,no,578,no,no,unknown,1,0,unknown,0
63,services,married,secondary,no,18243,yes,no,unknown,1,0,unknown,0
50,technician,married,secondary,no,772,no,no,cellular,1,0,unknown,0
31,self-employed,single,secondary,no,-259,no,no,cellular,3,0,unknown,0
31,entrepreneur,married,secondary,no,2469,yes,no,cellular,6,4,failure,0
49,services,married,secondary,no,4122,yes,no,unknown,1,1,unknown,0
50,blue-collar,married,unknown,no,1400,no,no,unknown,2,0,unknown,0
45,management,married,secondary,no,843,yes,no,cellular,2,1,failure,0
40,management,married,tertiary,no,2872,no,no,cellular,2,0,unknown,0
34,blue-collar,single,secondary,no,-171,no,yes,unknown,1,0,unknown,0
48,admin.,divorced,tertiary,no,354,no,no,cellular,4,3,other,0
40,management,single,secondary,no,1553,no,no,unknown,4,1,unknown,0
19,student,single,unknown,no,3905,yes,no,cellular,1,0,unknown,0
35,technician,married,secondary,no,5588,no,no,cellular,1,0,unknown,0
47,entrepreneur,married,tertiary,no,408,yes,no,cellular,3,0,unknown,0
34,management,married,tertiary,no,1016,yes,no,cellular,2,0,unknown,0
33,blue-collar,single,primary,no,-337,no,no,unknown,2,0,unknown,1
55,management,divorced,primary,no,1349,yes,no,unknown,2,0,unknown,0
29,blue-collar,married,secondary,no,156,no,no,cellular,4,0,unknown,0
51,management,married,tertiary,no,3676,yes,no,cellular,1,1,failure,0
42,services,married,secondary,no,1034,no,yes,cellular,3,0,unknown,0
57,retired,divorced,secondary,no,2160,yes,yes,cellular,1,0,unknown,0
23,technician,single,tertiary,no,4304,yes,no,cellular,2,2,unknown,0
35,technician,married,secondary,no,3985,yes,no,unknown,1,0,unknown,0
45,services,married,primary,no,958,yes,no,telephone,3,9,other,0
32,services,married,secondary,no,3809,yes,yes,cellular,2,1,failure,0
22,technician,married,secondary,no,-322,yes,no,unknown,2,0,unknown,0
33,admin.,single,secondary,no,113,yes,no,cellular,3,5,failure,0
34,retired,married,secondary,no,489,no,no,cellular,2,2,other,0
67,blue-collar,married,tertiary,no,456,yes,no,cellular,1,0,unknown,0
26,management,single,tertiary,no,153,yes,no,cellular,1,4,failure,0
39,blue-collar,married,secondary,no,2479,no,yes,unknown,3,4,failure,0
53,entrepreneur,married,secondary,no,-315,yes,no,telephone,4,7,other,0
34,services,single,tertiary,no,-180,no,no,cellular,2,0,unknown,0
26,admin.,married,secondary,no,-193,no,no,cellular,1,1,unknown,0
20,services,married,primary,no,-170,yes,no,cellular,1,0,other,0
63,unemployed,married,primary,no,150,no,no,unknown,1,0,unknown,0
35,blue-collar,married,secondary,no,6720,yes,no,cellular,5,0,unknown,0
66,management,married,tertiary,no,947,no,no,telephone,3,0,unknown,0
47,retired,married,secondary,no,22681,no,yes,telephone,3,0,unknown,0
34,admin.,married,secondary,no,-63,no,no,cellular,8,0,unknown,0
35,admin.,divorced,secondary,no,1211,yes,no,unknown,2,0,unknown,0
41,blue-collar,divorced,secondary,no,1347,yes,no,cellular,2,2,failure,0
40,admin.,married,primary,no,8188,yes,no,cellular,3,0,unknown,0
33,blue-collar,single,secondary,no,10204,yes,no,unknown,5,0,unknown,0
27,management,married,tertiary,no,3719,yes,yes,cellular,3,3,failure,0
38,management,married,tertiary,no,5864,no,no,cellular,2,0,unknown,0
35,management,single,tertiary,no,3836,yes,no,cellular,1,0,unknown,1
45,management,single,secondary,no,1087,yes,no,cellular,2,0,unknown,0
29,management,single,unknown,no,7870,no,no,cellular,1,1,success,1
58,management,divorced,tertiary,no,660,no,no,unknown,1,0,unknown,0
58,entrepreneur,married,tertiary,no,-78,yes,no,cellular,4,0,unknown,0
47,blue-collar,divorced,secondary,no,-1404,no,no,cellular,5,1,failure,0
45,self-employed,married,secondary,no,24,no,no,cellular,2,0,unknown,0
43,management,single,tertiary,no,65,no,no,cellular,2,0,unknown,0
50,entrepreneur,divorced,tertiary,no,752,yes,no,cellular,1,0,unknown,0
42,technician,divorced,secondary,no,-1288,yes,yes,unknown,2,0,unknown,0
37,admin.,divorced,secondary,no,128,yes,no,cellular,2,1,unknown,1
59,retired,divorced,primary,no,1051,no,no,cellular,5,0,success,0
31,admin.,single,secondary,no,766,yes,no,unknown,5,1,unknown,0
37,entrepreneur,married,secondary,no,1932,no,no,cellular,6,4,failure,1
47,management,married,unknown,no,15458,yes,no,unknown,1,0,unknown,0
38,services,married,secondary,no,2363,no,no,cellular,1,0,unknown,0
26,services,single,secondary,no,-110,no,no,cellular,1,1,unknown,0
44,unemployed,married,tertiary,no,12,no,no,cellular,3,0,unknown,0
42,services,married,secondary,no,722,yes,no,cellular,6,0,unknown,0
47,management,married,unknown,no,2369,no,no,cellular,1,0,unknown,0
42,management,married,secondary,no,741,yes,no,cellular,2,0,unknown,0
32,blue-collar,single,secondary,no,726,yes,yes,unknown,1,0,unknown,0
25,unemployed,single,secondary,no,2889,yes,no,cellular,1,0,unknown,0
58,management,married,secondary,no,7789,no,yes,cellular,3,0,unknown,0
35,technician,married,secondary,no,842,yes,no,unknown,3,0,unknown,0
50,blue-collar,married,primary,no,5519,no,no,cellular,4,0,unknown,0
61,management,married,unknown,no,1011,no,no,cellular,2,0,unknown,0
38,technician,married,secondary,no,160,no,no,cellular,2,0,unknown,0
44,blue-collar,married,primary,no,368,yes,no,unknown,2,0,unknown,0
79,management,married,primary,no,4779,no,no,telephone,1,1,unknown,0
48,admin.,single,secondary,no,8935,no,no,cellular,6,0,unknown,0
40,management,married,primary,no,-178,no,no,unknown,2,0,unknown,1
42,management,married,tertiary,no,-843,yes,yes,unknown,2,0,unknown,0
37,management,single,tertiary,no,2061,no,no,telephone,1,4,other,1
29,student,single,secondary,no,9562,no,no,cellular,7,0,unknown,1
51,management,married,secondary,no,1457,yes,no,cellular,1,7,failure,0
48,blue-collar,married,primary,no,-154,no,yes,unknown,6,0,unknown,0
33,blue-collar,single,primary,no,3019,yes,no,unknown,5,0,unknown,0
29,blue-collar,married,secondary,no,1364,yes,no,unknown,2,0,unknown,0
32,self-employed,married,secondary,yes,-56,yes,no,unknown,3,0,unknown,0
34,blue-collar,married,tertiary,no,4338,yes,no,cellular,4,1,unknown,0
33,technician,married,tertiary,no,2495,yes,no,cellular,3,3,failure,0
31,management,married,primary,no,20,no,no,cellular,2,0,unknown,0
60,retired,married,primary,no,1111,yes,no,cellular,1,0,unknown,0
45,admin.,married,secondary,no,10319,yes,no,cellular,1,0,unknown,0
57,management,married,secondary,no,1686,no,no,cellular,2,0,unknown,0
42,management,married,secondary,yes,2386,yes,yes,cellular,4,0,failure,0
34,self-employed,married,tertiary,no,1091,yes,yes,cellular,1,0,unknown,0
42,admin.,married,secondary,no,0,yes,yes,cellular,2,0,unknown,0
44,management,married,secondary,no,127,no,no,cellular,4,0,unknown,0
27,student,single,secondary,no,4575,yes,no,unknown,6,0,unknown,1
30,management,single,tertiary,no,1382,yes,no,unknown,2,0,unknown,1
35,management,single,tertiary,no,5037,yes,no,unknown,1,0,unknown,0
43,admin.,single,secondary,no,-150,no,yes,cellular,2,0,unknown,0
34,management,single,tertiary,no,-2026,yes,no,unknown,2,0,unknown,0
39,management,married,primary,no,2126,yes,no,unknown,1,0,unknown,0
32,management,married,secondary,no,791,yes,no,cellular,2,10,other,1
53,management,married,tertiary,no,434,no,no,cellular,5,0,unknown,0
38,management,married,secondary,no,4422,no,yes,cellular,2,0,unknown,0
55,unemployed,divorced,secondary,no,936,no,yes,cellular,2,0,unknown,0
53,technician,married,secondary,yes,-211,no,yes,cellular,1,0,unknown,1
32,technician,single,secondary,no,10776,no,no,cellular,1,0,unknown,0
44,technician,married,tertiary,no,5833,no,no,unknown,3,0,unknown,0
48,management,married,tertiary,no,1871,yes,no,cellular,6,4,other,0
35,blue-collar,single,secondary,no,502,yes,no,cellular,1,1,failure,0
34,management,married,tertiary,no,7313,no,no,cellular,9,0,unknown,0
57,blue-collar,married,primary,no,1442,yes,no,unknown,1,0,unknown,0
36,blue-collar,married,tertiary,no,2753,yes,no,unknown,3,0,unknown,0
52,technician,married,secondary,no,6816,yes,no,cellular,2,0,unknown,0
21,blue-collar,married,secondary,no,-523,yes,no,unknown,3,0,failure,0
38,entrepreneur,married,secondary,no,1919,yes,no,cellular,1,1,other,0
51,management,married,primary,no,-347,no,no,cellular,6,0,unknown,0
34,admin.,married,primary,no,2773,no,yes,cellular,3,0,unknown,0
33,blue-collar,married,secondary,no,2418,yes,no,unknown,1,0,unknown,0
51,technician,married,secondary,no,116,yes,yes,unknown,1,0,unknown,0
47,admin.,divorced,secondary,no,-1977,yes,no,telephone,1,0,unknown,0
49,technician,married,unknown,no,812,yes,yes,cellular,2,0,unknown,0
21,student,single,secondary,no,1094,no,no,telephone,1,0,unknown,0
37,admin.,married,secondary,no,194,yes,yes,cellular,1,2,unknown,0
53,self-employed,married,primary,no,-307,no,no,unknown,1,0,unknown,0
49,entrepreneur,married,unknown,no,6408,no,no,cellular,1,0,unknown,0
47,management,single,tertiary,no,5319,no,no,cellular,1,0,unknown,0
55,blue-collar,married,primary,no,600,yes,no,unknown,1,0,unknown,0
69,admin.,married,tertiary,no,4094,yes,no,unknown,4,0,unknown,0
41,management,divorced,tertiary,no,-313,yes,no,unknown,1,0,unknown,0
44,management,married,secondary,no,-8,no,yes,cellular,8,0,unknown,0
29,blue-collar,married,secondary,no,2519,no,no,unknown,15,0,unknown,0
73,admin.,married,secondary,no,1339,no,no,cellular,3,0,unknown,1
29,management,single,tertiary,no,4447,yes,no,unknown,19,0,unknown,0
54,self-employed,married,tertiary,no,-169,yes,no,unknown,1,2,failure,0
36,services,married,primary,no,2819,yes,yes,cellular,1,0,unknown,0
37,technician,married,secondary,no,549,yes,no,unknown,3,0,unknown,0
35,technician,married,tertiary,no,1133,no,no,cellular,3,0,unknown,0
62,admin.,single,tertiary,no,-252,no,no,cellular,1,0,unknown,0
31,self-employed,married,secondary,no,1193,no,no,cellular,3,0,unknown,0
29,blue-collar,married,unknown,no,-884,yes,no,unknown,3,0,unknown,0
45,blue-collar,divorced,secondary,no,1809,yes,no,unknown,1,0,unknown,0
31,blue-collar,married,secondary,no,105,yes,no,cellular,1,1,failure,0
34,unemployed,married,tertiary,no,905,no,no,cellular,4,0,unknown,0
32,blue-collar,married,secondary,no,41,yes,yes,cellular,2,2,failure,0
28,unemployed,single,secondary,no,1685,yes,no,cellular,1,1,other,0
47,technician,married,secondary,no,35,yes,no,telephone,1,0,unknown,0
39,services,single,secondary,no,4,yes,no,cellular,2,2,failure,0
38,technician,married,secondary,no,834,no,no,cellular,2,0,unknown,1
51,blue-collar,married,primary,no,86,yes,no,telephone,14,0,unknown,0
41,unknown,single,tertiary,no,6305,no,no,cellular,1,0,unknown,0
25,blue-collar,married,secondary,no,-63,no,no,unknown,1,0,unknown,0
44,technician,married,tertiary,no,891,no,no,cellular,5,0,unknown,0
52,management,married,tertiary,no,-1474,no,yes,cellular,1,1,unknown,0
30,services,married,secondary,no,855,yes,no,cellular,8,0,unknown,0
30,housemaid,single,tertiary,no,33,no,no,cellular,11,0,unknown,0
48,blue-collar,married,secondary,no,3374,yes,no,cellular,2,1,unknown,0
54,unknown,married,unknown,no,9019,no,no,cellular,1,0,unknown,1
39,blue-collar,married,primary,no,2703,yes,no,unknown,1,0,unknown,0
33,technician,married,tertiary,no,182,no,no,cellular,1,0,unknown,0
39,self-employed,married,secondary,no,187,yes,no,unknown,4,0,unknown,0
34,admin.,single,secondary,no,10,no,no,cellular,2,0,unknown,0
35,services,divorced,primary,no,1948,yes,no,unknown,4,0,unknown,1
27,blue-collar,married,secondary,no,1952,no,no,unknown,3,0,unknown,0
56,management,divorced,tertiary,no,-134,no,no,cellular,3,0,unknown,1
51,management,married,tertiary,no,405,yes,yes,cellular,1,0,unknown,0
45,management,single,secondary,no,543,yes,yes,cellular,2,0,unknown,0
36,technician,single,tertiary,no,8210,yes,no,cellular,3,0,failure,0
36,management,married,secondary,no,262,yes,no,unknown,1,0,unknown,0
55,technician,divorced,tertiary,no,598,no,yes,cellular,1,0,unknown,0
46,technician,divorced,secondary,no,1067,yes,yes,cellular,3,1,failure,0
64,retired,married,tertiary,no,4399,no,no,cellular,3,0,unknown,0
43,technician,married,secondary,no,12876,no,no,unknown,4,0,unknown,0
45,retired,divorced,secondary,no,-329,no,no,cellular,1,0,unknown,0
36,blue-collar,married,primary,no,-1054,yes,yes,unknown,2,0,unknown,0
48,technician,married,secondary,no,932,yes,no,unknown,9,0,unknown,0
27,services,single,secondary,no,153,yes,no,cellular,7,0,unknown,0
66,retired,married,secondary,no,178,no,no,cellular,3,0,unknown,0
42,technician,married,secondary,no,-222,yes,no,cellular,1,15,failure,1
42,management,single,tertiary,no,1392,no,no,cellular,3,0,unknown,1
28,management,single,secondary,no,-1581,no,no,cellular,5,0,unknown,0
39,services,married,secondary,no,-214,yes,no,cellular,2,2,failure,0
44,technician,married,secondary,no,8553,yes,no,unknown,2,0,unknown,0
59,blue-collar,married,primary,no,-1267,yes,no,unknown,3,0,unknown,0
31,management,single,tertiary,no,5098,no,no,cellular,1,0,unknown,1
28,blue-collar,married,secondary,no,-83,yes,no,unknown,7,0,unknown,0
44,management,single,tertiary,no,1556,yes,no,cellular,2,0,unknown,1
27,student,single,secondary,no,1027,no,no,cellular,7,0,unknown,0
41,management,divorced,secondary,no,-272,no,no,cellular,2,0,unknown,0
37,self-employed,married,secondary,no,4334,yes,no,telephone,5,0,unknown,0
40,technician,married,primary,no,-98,no,no,cellular,5,0,unknown,0
41,technician,married,secondary,no,174,yes,no,cellular,1,0,unknown,0
46,blue-collar,married,secondary,no,-943,no,no,unknown,1,0,unknown,0
38,blue-collar,married,primary,no,-111,no,no,unknown,3,0,unknown,0
44,blue-collar,single,secondary,no,75,yes,no,cellular,7,0,unknown,1
57,retired,married,secondary,no,1297,yes,no,cellular,2,12,failure,0
44,services,single,secondary,no,5763,yes,no,unknown,1,0,unknown,0
35,admin.,married,secondary,no,-204,no,no,telephone,1,0,other,0
36,services,married,secondary,no,-3313,yes,no,unknown,17,0,unknown,0
40,entrepreneur,married,secondary,no,199,yes,no,cellular,3,0,unknown,0
67,retired,married,primary,no,2893,no,no,cellular,1,2,unknown,0
29,blue-collar,married,tertiary,no,-272,no,no,cellular,1,0,unknown,0
28,housemaid,married,primary,no,-15,no,no,cellular,7,0,unknown,0
30,management,married,tertiary,no,10418,yes,no,unknown,3,0,unknown,0
38,unemployed,divorced,secondary,no,2477,no,no,cellular,4,0,unknown,1
45,blue-collar,married,secondary,no,292,yes,no,unknown,1,0,unknown,0
40,blue-collar,married,primary,no,1728,no,no,telephone,1,6,failure,0
49,student,married,unknown,no,19,no,no,unknown,2,0,unknown,0
44,technician,single,secondary,no,1969,no,no,cellular,2,0,unknown,0
24,technician,single,secondary,no,444,no,no,cellular,8,0,unknown,0
46,services,divorced,secondary,no,1960,no,yes,cellular,1,0,unknown,0
52,management,single,tertiary,yes,-109,yes,no,cellular,5,0,unknown,0
61,retired,married,secondary,no,219,no,yes,cellular,6,0,unknown,0
30,services,married,secondary,no,408,yes,no,cellular,1,0,unknown,0
51,unknown,single,secondary,no,2936,no,no,cellular,3,2,success,1
28,services,single,tertiary,no,1832,no,no,cellular,2,0,unknown,1
33,technician,divorced,secondary,no,2099,yes,no,unknown,4,0,unknown,0
40,blue-collar,single,primary,no,4935,yes,yes,unknown,3,0,unknown,0
63,technician,married,secondary,no,96,no,no,cellular,1,0,unknown,0
33,management,married,unknown,no,7650,yes,no,telephone,3,2,other,0
58,housemaid,married,primary,no,149,no,no,cellular,6,0,unknown,0
42,self-employed,married,secondary,no,1103,yes,yes,unknown,2,0,unknown,0
51,management,single,secondary,no,1207,yes,no,cellular,2,2,success,1
35,entrepreneur,married,secondary,no,-60,yes,no,cellular,1,3,unknown,0
48,technician,married,tertiary,no,1115,no,no,cellular,2,0,success,0
48,blue-collar,single,primary,no,2050,yes,no,unknown,2,0,unknown,0
48,blue-collar,divorced,secondary,no,1284,no,no,cellular,2,0,unknown,1
54,retired,married,primary,no,15059,no,no,cellular,1,0,unknown,0
61,management,divorced,tertiary,no,767,no,no,cellular,4,1,unknown,0
37,management,married,tertiary,no,548,yes,no,unknown,1,0,unknown,0
68,services,married,primary,no,23184,no,no,cellular,2,0,unknown,0
60,retired,married,primary,no,-277,no,no,cellular,2,1,failure,1
34,management,divorced,tertiary,no,879,no,no,cellular,1,1,unknown,0
41,entrepreneur,married,secondary,yes,984,yes,no,cellular,1,0,unknown,0
58,admin.,married,secondary,no,1402,yes,no,telephone,1,0,failure,0
35,management,married,tertiary,no,848,no,no,cellular,2,0,unknown,0
49,technician,married,secondary,no,2489,yes,no,cellular,2,0,unknown,0
37,management,divorced,tertiary,no,5826,no,no,cellular,2,0,unknown,1
30,management,married,secondary,yes,-95,yes,no,cellular,5,0,unknown,1
33,technician,single,tertiary,no,704,yes,no,telephone,2,5,failure,0
36,blue-collar,married,secondary,no,688,yes,no,cellular,3,0,unknown,0
73,retired,divorced,primary,no,13518,no,no,cellular,2,0,unknown,0
36,services,single,unknown,yes,-327,no,yes,unknown,4,0,unknown,0
33,management,married,tertiary,no,1117,yes,no,telephone,2,0,unknown,0
48,management,married,unknown,no,-1189,yes,no,unknown,2,0,unknown,0
48,unemployed,divorced,secondary,no,1571,no,no,cellular,2,0,unknown,0
87,unknown,divorced,tertiary,no,-552,no,no,cellular,1,2,failure,0
38,blue-collar,married,primary,no,538,yes,no,cellular,1,0,unknown,0
57,management,married,tertiary,no,2320,no,no,cellular,1,0,unknown,0
35,management,married,tertiary,no,679,yes,yes,cellular,2,0,unknown,0
38,management,married,tertiary,no,178,no,no,cellular,1,2,success,1
39,technician,married,primary,no,1655,yes,no,unknown,1,2,unknown,0
41,unemployed,married,secondary,no,-802,no,no,unknown,2,0,unknown,0
62,technician,single,secondary,no,2728,no,no,cellular,6,1,unknown,1
28,technician,married,secondary,no,1951,yes,no,cellular,18,0,unknown,1
31,management,divorced,tertiary,no,-462,no,no,cellular,2,0,unknown,0
48,self-employed,married,secondary,no,1061,no,no,cellular,3,0,unknown,0
34,management,single,tertiary,no,4177,no,no,cellular,5,0,unknown,0
43,blue-collar,married,primary,no,524,yes,no,unknown,9,0,unknown,0
56,retired,married,primary,no,81,yes,no,cellular,7,0,unknown,0
39,blue-collar,single,secondary,no,0,yes,no,cellular,2,4,other,0
45,management,married,tertiary,no,-22,no,yes,unknown,6,0,unknown,0
28,management,married,tertiary,no,621,yes,no,cellular,3,0,unknown,0
40,management,married,tertiary,no,-53,no,no,cellular,7,0,unknown,0
49,management,single,tertiary,no,40,yes,no,cellular,2,2,unknown,0
56,self-employed,married,secondary,no,2383,yes,no,unknown,1,0,unknown,0
36,admin.,divorced,secondary,no,558,yes,no,unknown,1,0,unknown,0
37,technician,married,secondary,no,-1475,yes,no,cellular,1,0,unknown,0
51,unknown,single,primary,no,8341,no,no,telephone,2,0,unknown,0
38,blue-collar,single,primary,no,123,yes,no,cellular,1,0,unknown,0
43,management,single,tertiary,no,37905,no,no,cellular,2,0,unknown,0
32,management,married,tertiary,no,48,no,no,cellular,5,0,unknown,0
23,management,single,tertiary,no,957,no,no,cellular,3,0,unknown,0
43,blue-collar,married,tertiary,no,935,yes,no,cellular,1,0,unknown,0
44,blue-collar,married,unknown,no,-69,yes,no,cellular,1,1,failure,0
46,admin.,married,secondary,no,352,yes,yes,unknown,10,0,unknown,0
52,technician,single,secondary,no,2058,yes,no,unknown,2,0,unknown,0
51,services,married,secondary,no,872,no,no,cellular,7,0,unknown,0
31,self-employed,married,secondary,no,919,yes,no,cellular,4,0,unknown,0
49,unknown,married,secondary,no,5397,no,no,cellular,2,0,unknown,1
58,retired,married,secondary,no,1155,yes,no,cellular,1,5,failure,0
34,services,divorced,secondary,no,-300,no,no,cellular,1,0,unknown,0
63,admin.,married,secondary,no,408,yes,no,telephone,2,0,unknown,0
28,retired,divorced,secondary,no,9351,yes,yes,unknown,6,0,unknown,0
58,unemployed,divorced,primary,no,1076,no,no,cellular,2,3,success,0
48,management,divorced,tertiary,no,1578,no,no,cellular,4,0,unknown,0
31,blue-collar,single,secondary,no,-486,yes,no,cellular,1,9,failure,0
42,management,single,primary,no,-153,yes,no,unknown,4,0,unknown,0
54,management,divorced,secondary,no,359,yes,no,cellular,2,7,success,1
38,management,married,tertiary,no,-402,yes,yes,cellular,5,0,unknown,0
35,management,married,tertiary,no,16,no,no,cellular,2,0,unknown,0
34,entrepreneur,married,tertiary,no,-141,no,no,telephone,1,0,unknown,0
75,retired,married,secondary,no,7832,no,no,cellular,1,1,success,0
35,management,married,tertiary,no,1369,yes,no,cellular,15,0,unknown,0
52,blue-collar,married,secondary,no,378,yes,no,cellular,1,0,unknown,0
59,management,single,secondary,no,7660,yes,no,cellular,7,5,unknown,0
50,management,divorced,secondary,no,15568,no,no,telephone,2,0,unknown,0
40,technician,married,secondary,no,1240,yes,no,unknown,2,0,unknown,0
31,management,single,secondary,no,801,no,no,cellular,1,1,success,0
33,admin.,married,primary,no,637,no,yes,cellular,8,0,unknown,0
27,blue-collar,married,secondary,no,362,no,no,unknown,1,0,unknown,0
54,technician,married,tertiary,no,1956,yes,yes,cellular,4,4,failure,1
37,management,married,tertiary,no,369,no,yes,cellular,2,3,success,0
47,services,married,tertiary,no,5349,no,no,telephone,2,0,unknown,0
66,management,divorced,secondary,no,91,no,no,cellular,1,0,unknown,0
28,blue-collar,single,secondary,no,-2496,no,no,cellular,1,3,failure,1
29,technician,married,tertiary,no,528,yes,no,unknown,2,0,unknown,0
57,technician,divorced,tertiary,no,-171,no,no,cellular,1,2,failure,0
32,blue-collar,married,secondary,no,138,no,no,cellular,1,0,unknown,0
40,technician,married,tertiary,no,112,yes,no,unknown,8,0,unknown,0
41,blue-collar,married,primary,no,3902,yes,no,cellular,2,0,unknown,0
50,technician,married,secondary,no,-129,no,no,cellular,1,3,failure,0
26,management,married,tertiary,no,6010,no,no,cellular,9,0,unknown,0
34,admin.,married,secondary,no,4101,yes,no,unknown,1,0,unknown,0
34,technician,single,tertiary,no,2303,no,no,cellular,1,3,failure,0
40,unemployed,divorced,secondary,no,1438,no,no,cellular,2,0,unknown,1
33,blue-collar,married,secondary,no,391,yes,no,cellular,4,0,unknown,0
60,unknown,single,unknown,no,-10,no,no,cellular,4,0,unknown,1
26,management,married,tertiary,no,1769,no,no,cellular,2,2,other,0
52,housemaid,married,primary,no,958,yes,no,unknown,4,0,unknown,0
31,management,married,tertiary,no,3756,yes,no,unknown,1,1,unknown,0
34,technician,married,secondary,no,1853,yes,no,cellular,1,1,unknown,1
41,management,married,tertiary,no,10832,no,no,cellular,14,0,unknown,0
41,blue-collar,married,secondary,no,531,yes,no,telephone,2,0,unknown,0
51,technician,divorced,secondary,no,-443,yes,no,cellular,1,0,unknown,0
29,technician,married,secondary,no,-1163,yes,yes,cellular,6,1,unknown,0
49,management,divorced,tertiary,no,2767,no,no,cellular,1,0,unknown,0
42,technician,divorced,tertiary,no,3907,yes,yes,cellular,3,0,unknown,0
34,services,married,tertiary,no,805,yes,yes,cellular,1,0,unknown,0
66,retired,married,tertiary,no,1517,no,no,cellular,3,1,unknown,0
38,services,married,secondary,no,6155,yes,no,cellular,1,1,other,0
59,admin.,divorced,secondary,no,-1110,yes,no,cellular,1,0,unknown,0
36,admin.,married,secondary,no,1156,no,no,cellular,1,0,unknown,0
40,management,single,tertiary,no,376,yes,no,cellular,2,0,unknown,0
24,technician,single,secondary,no,41,yes,yes,cellular,9,3,unknown,0
36,blue-collar,single,secondary,no,610,yes,no,cellular,1,0,unknown,0
27,blue-collar,single,secondary,no,1514,yes,no,cellular,11,0,unknown,0
24,services,single,secondary,no,-182,no,no,cellular,3,4,other,0
41,blue-collar,single,secondary,no,435,yes,no,unknown,1,1,unknown,1
52,technician,married,tertiary,no,3016,yes,no,cellular,4,0,unknown,0
38,self-employed,married,tertiary,no,360,yes,no,cellular,1,1,success,1
41,entrepreneur,married,tertiary,no,3244,no,yes,cellular,1,0,unknown,0
28,unemployed,divorced,secondary,no,3346,yes,no,cellular,2,0,unknown,1
43,blue-collar,married,primary,no,2644,yes,no,unknown,2,0,unknown,0
53,housemaid,married,primary,no,255,no,no,unknown,3,0,unknown,1
34,technician,married,secondary,no,-43,yes,yes,cellular,4,0,unknown,0
39,technician,married,secondary,no,605,yes,no,cellular,6,0,unknown,0
38,services,married,secondary,no,-236,yes,no,cellular,2,0,unknown,0
44,admin.,married,secondary,no,4036,yes,yes,cellular,1,0,unknown,0
38,management,single,tertiary,no,6352,no,no,cellular,4,0,unknown,0
37,services,divorced,secondary,no,2421,yes,no,cellular,2,2,failure,0
36,admin.,married,secondary,no,1344,no,no,cellular,4,0,unknown,1
49,blue-collar,single,secondary,no,5626,yes,no,cellular,4,0,unknown,0
52,admin.,married,secondary,no,10191,no,no,cellular,2,0,unknown,1
31,management,divorced,secondary,no,4273,no,no,cellular,3,9,failure,0
38,services,married,secondary,no,268,yes,no,cellular,5,0,unknown,0
47,admin.,married,secondary,no,2321,yes,no,cellular,1,2,failure,0
59,retired,married,secondary,no,1723,no,no,cellular,2,2,unknown,1
36,management,single,tertiary,no,2640,no,no,unknown,1,0,unknown,0
40,admin.,married,secondary,no,4445,yes,no,cellular,2,4,other,0
41,technician,single,secondary,no,-1772,yes,yes,cellular,1,0,unknown,0
26,blue-collar,single,secondary,no,3734,no,no,cellular,1,0,unknown,0
50,management,single,tertiary,no,2080,yes,no,cellular,2,1,failure,0
48,services,married,primary,no,287,no,no,cellular,2,1,success,0
37,blue-collar,married,primary,no,1569,yes,no,cellular,4,0,unknown,0
39,blue-collar,married,primary,no,17,no,no,cellular,2,0,unknown,0
27,blue-collar,married,secondary,no,2090,no,no,unknown,1,0,unknown,0
38,retired,married,primary,no,74,yes,no,cellular,2,0,unknown,0
35,management,married,secondary,no,2214,no,no,cellular,1,0,unknown,0
49,management,divorced,secondary,no,16,yes,no,unknown,2,0,unknown,0
25,services,married,secondary,no,346,yes,no,unknown,1,0,unknown,0
48,management,married,tertiary,no,449,no,no,unknown,2,0,unknown,0
43,management,single,secondary,no,1136,yes,no,unknown,2,0,unknown,1
47,management,married,tertiary,no,1518,no,no,unknown,1,0,unknown,0
51,management,married,tertiary,no,718,yes,no,cellular,3,0,unknown,0
49,management,married,tertiary,no,2884,no,no,cellular,7,0,unknown,0
32,technician,married,secondary,no,9021,no,no,cellular,3,0,unknown,0
28,student,single,tertiary,no,-131,no,no,cellular,3,0,unknown,1
49,entrepreneur,married,secondary,no,-93,yes,no,cellular,2,0,unknown,0
32,admin.,married,secondary,no,2661,yes,no,unknown,6,0,unknown,0
55,blue-collar,married,primary,no,460,no,no,unknown,2,0,unknown,0
54,unemployed,married,tertiary,no,3198,yes,no,cellular,5,0,unknown,0
68,entrepreneur,married,tertiary,no,2193,no,no,cellular,1,0,unknown,0
35,technician,married,tertiary,no,3991,no,no,cellular,2,1,unknown,0
45,technician,married,primary,no,4224,yes,no,telephone,1,0,unknown,0
29,blue-collar,single,tertiary,no,227,no,no,cellular,1,2,success,0
30,blue-collar,married,secondary,yes,-191,yes,no,unknown,5,1,unknown,0
35,management,single,tertiary,no,12016,yes,no,cellular,1,0,failure,1
65,self-employed,married,tertiary,no,2664,no,no,telephone,8,0,unknown,0
40,blue-collar,married,secondary,no,3800,yes,no,cellular,14,0,failure,0
47,technician,single,secondary,no,6818,yes,no,cellular,3,14,other,0
43,housemaid,married,secondary,no,1232,yes,no,cellular,4,5,success,1
46,blue-collar,divorced,secondary,no,-532,yes,no,cellular,1,0,unknown,0
30,blue-collar,single,secondary,no,2103,no,no,cellular,1,3,failure,0
42,technician,married,secondary,no,13513,no,no,telephone,6,0,unknown,0
31,technician,single,secondary,no,4080,no,no,cellular,1,0,unknown,0
30,technician,single,secondary,no,-10,no,no,unknown,5,0,unknown,0
60,retired,married,unknown,no,3934,no,no,cellular,1,1,unknown,0
29,management,married,tertiary,no,1799,yes,no,cellular,1,1,unknown,0
47,blue-collar,married,secondary,no,5772,yes,no,cellular,1,0,unknown,0
45,management,married,secondary,no,1833,yes,no,unknown,3,0,unknown,0
44,entrepreneur,married,primary,no,2202,yes,no,unknown,1,0,unknown,0
45,technician,married,secondary,no,2133,yes,no,unknown,1,0,unknown,0
35,services,single,secondary,no,3337,no,yes,cellular,5,0,unknown,0
35,admin.,single,secondary,no,802,no,no,cellular,2,0,unknown,0
39,management,married,tertiary,no,552,no,no,cellular,1,0,unknown,0
39,admin.,married,secondary,no,72,yes,no,unknown,4,0,unknown,0
53,technician,married,secondary,no,204,no,no,cellular,2,0,unknown,0
31,unknown,single,unknown,no,6445,no,no,unknown,2,0,unknown,0
35,blue-collar,married,secondary,no,628,yes,no,unknown,1,0,unknown,0
45,technician,married,primary,no,902,yes,no,cellular,4,0,unknown,0
44,technician,married,secondary,no,1105,no,no,cellular,2,0,unknown,0
42,management,married,tertiary,no,190,no,no,cellular,2,0,unknown,0
46,technician,single,tertiary,no,2706,no,no,cellular,2,0,unknown,0
53,self-employed,married,secondary,no,1601,no,yes,cellular,13,0,unknown,0
36,management,married,tertiary,no,1683,no,no,cellular,1,0,failure,0
38,blue-collar,divorced,primary,no,115,yes,no,telephone,1,0,unknown,0
38,blue-collar,married,secondary,no,-319,yes,no,unknown,1,0,unknown,0
36,blue-collar,married,primary,no,360,yes,no,unknown,1,0,unknown,0
49,blue-collar,married,secondary,no,995,yes,no,unknown,4,0,unknown,0
40,retired,single,tertiary,no,-209,yes,yes,unknown,23,0,unknown,0
27,management,divorced,secondary,no,1509,yes,no,cellular,2,0,unknown,1
67,retired,married,primary,no,-6,yes,no,cellular,2,1,failure,0
43,technician,married,secondary,no,1934,yes,no,cellular,1,0,unknown,0
36,blue-collar,married,primary,no,11655,no,no,unknown,5,0,unknown,1
40,management,married,tertiary,no,1788,no,no,cellular,2,0,unknown,1
35,technician,single,secondary,no,793,yes,no,cellular,3,9,failure,0
31,services,single,secondary,no,1770,yes,yes,unknown,1,0,unknown,0
32,entrepreneur,married,secondary,no,5617,no,yes,unknown,2,0,unknown,0
60,management,divorced,tertiary,no,3237,no,no,cellular,1,1,unknown,0
29,entrepreneur,married,primary,no,278,yes,no,cellular,1,0,failure,0
29,student,single,tertiary,no,4784,yes,no,cellular,1,0,unknown,1
39,technician,married,unknown,no,6632,no,no,unknown,1,0,unknown,0
40,admin.,single,secondary,no,1088,yes,no,cellular,1,0,failure,0
53,services,divorced,secondary,no,406,no,no,cellular,4,0,unknown,0
42,blue-collar,divorced,secondary,no,997,yes,no,cellular,3,0,unknown,0
45,blue-collar,married,secondary,no,2014,yes,no,cellular,7,0,failure,0
38,management,married,tertiary,no,181,no,no,cellular,6,0,unknown,0
52,housemaid,married,tertiary,no,5,no,no,cellular,3,2,other,0
45,blue-collar,married,secondary,no,96,no,no,cellular,3,2,unknown,0
45,technician,divorced,secondary,no,3657,no,no,cellular,3,0,unknown,0
29,blue-collar,single,primary,no,3376,yes,no,cellular,5,0,unknown,0
42,management,divorced,secondary,no,790,yes,no,unknown,1,0,unknown,0
31,retired,married,tertiary,no,300,no,no,unknown,3,0,unknown,0
31,management,married,tertiary,no,303,yes,no,cellular,11,0,unknown,0
55,management,married,tertiary,no,5929,no,no,cellular,1,0,unknown,0
25,self-employed,single,tertiary,no,2489,yes,no,cellular,12,0,unknown,0
35,admin.,single,secondary,no,0,yes,yes,cellular,3,0,unknown,0
51,technician,married,secondary,no,5838,no,no,cellular,1,0,unknown,0
36,management,married,tertiary,no,2352,yes,no,cellular,4,0,unknown,0
59,technician,married,secondary,no,240,yes,no,unknown,2,0,unknown,0
30,blue-collar,single,secondary,no,41,yes,no,unknown,1,0,unknown,0
48,admin.,married,secondary,no,127,yes,yes,cellular,2,0,unknown,0
44,technician,divorced,tertiary,no,535,no,no,cellular,1,4,success,1
42,housemaid,married,primary,no,125,no,no,cellular,2,0,unknown,0
47,entrepreneur,married,primary,no,1716,no,no,unknown,4,0,unknown,0
35,admin.,single,secondary,no,1624,yes,no,unknown,3,0,unknown,0
33,student,single,secondary,no,2346,yes,no,unknown,1,0,unknown,0
33,unemployed,single,tertiary,no,-1799,yes,no,unknown,3,0,unknown,0
25,management,married,tertiary,no,1477,yes,no,telephone,3,1,unknown,0
44,technician,married,secondary,no,202,yes,no,cellular,4,0,unknown,0
35,technician,married,secondary,no,672,yes,no,cellular,2,0,unknown,0
37,blue-collar,married,secondary,no,2334,no,no,cellular,2,0,unknown,0
37,technician,single,secondary,yes,-40,no,no,cellular,2,0,unknown,0
76,management,married,tertiary,no,3357,yes,no,cellular,1,1,failure,0
48,admin.,married,secondary,no,998,yes,no,cellular,5,0,unknown,0
48,admin.,married,secondary,no,5100,no,no,unknown,1,0,unknown,0
36,blue-collar,married,secondary,no,1941,yes,no,cellular,1,0,unknown,0
32,technician,single,secondary,no,-18,no,no,cellular,2,0,unknown,0
55,technician,married,unknown,no,-770,yes,no,cellular,2,2,unknown,0
40,entrepreneur,married,unknown,no,229,no,no,cellular,1,0,unknown,0
37,blue-collar,divorced,tertiary,no,1199,no,no,cellular,1,6,success,1
49,management,divorced,secondary,no,181,yes,no,unknown,3,0,unknown,0
27,management,married,unknown,no,25,no,no,cellular,1,0,unknown,0
48,retired,divorced,tertiary,no,-104,no,no,cellular,1,0,success,1
34,technician,married,secondary,no,-100,no,no,unknown,5,0,unknown,0
30,technician,married,secondary,no,1144,yes,no,unknown,1,0,unknown,0
42,technician,single,secondary,no,3289,yes,no,unknown,4,0,unknown,0
30,technician,married,tertiary,no,409,no,no,cellular,6,0,unknown,1
57,management,married,tertiary,no,2399,no,no,cellular,3,0,unknown,0
56,management,married,tertiary,no,38,yes,no,cellular,5,1,unknown,0
44,blue-collar,married,secondary,no,985,yes,yes,cellular,9,0,unknown,0
35,services,married,secondary,no,-14,no,no,cellular,2,0,unknown,0
54,retired,married,tertiary,no,604,no,no,unknown,1,0,unknown,0
42,technician,married,tertiary,no,432,no,no,cellular,3,0,unknown,1
53,blue-collar,married,primary,no,183,no,no,unknown,2,2,unknown,1
38,self-employed,married,secondary,no,6,yes,yes,cellular,1,0,success,1
30,blue-collar,married,secondary,no,48,yes,no,cellular,3,0,unknown,0
29,admin.,single,secondary,no,2057,yes,no,unknown,3,0,unknown,0
52,management,married,unknown,no,-1,no,no,cellular,1,1,unknown,0
28,student,married,secondary,no,2188,no,no,cellular,2,7,failure,1
27,services,married,secondary,no,2563,yes,no,unknown,1,0,unknown,0
35,blue-collar,married,secondary,no,375,yes,no,cellular,2,0,unknown,0
22,unknown,married,secondary,no,438,no,yes,cellular,2,0,unknown,0
37,management,married,tertiary,no,98,no,no,cellular,2,0,unknown,0
45,blue-collar,married,primary,no,2573,yes,no,unknown,1,0,unknown,0
27,management,single,secondary,no,3572,no,no,cellular,1,7,failure,0
34,management,married,secondary,no,686,no,no,cellular,3,0,unknown,0
44,admin.,divorced,secondary,no,3477,yes,no,cellular,1,2,failure,0
49,retired,single,tertiary,no,376,yes,yes,cellular,1,0,unknown,0
50,housemaid,married,primary,no,-161,yes,no,cellular,10,0,unknown,0
49,management,married,tertiary,no,-126,yes,no,cellular,9,0,unknown,0
51,management,married,primary,no,-259,yes,yes,telephone,1,0,unknown,0
43,services,married,secondary,no,530,no,no,unknown,5,0,unknown,0
58,blue-collar,married,primary,no,247,no,no,telephone,1,0,unknown,0
27,blue-collar,single,primary,no,276,yes,yes,unknown,3,1,unknown,0
32,self-employed,married,tertiary,no,-500,yes,no,cellular,3,0,unknown,0
51,blue-collar,married,secondary,no,-220,no,no,unknown,5,0,unknown,0
22,management,married,tertiary,no,252,no,no,telephone,1,0,unknown,0
49,technician,married,secondary,no,3047,yes,no,cellular,6,0,unknown,0
53,blue-collar,married,primary,no,2061,yes,no,unknown,2,0,unknown,0
41,blue-collar,single,secondary,no,45,yes,no,cellular,1,0,unknown,0
36,management,married,tertiary,no,1718,yes,no,cellular,10,1,unknown,0
33,blue-collar,single,secondary,no,325,yes,yes,cellular,19,0,unknown,0
50,technician,married,secondary,no,483,yes,no,telephone,1,0,unknown,0
50,housemaid,married,primary,no,170,no,no,cellular,1,0,unknown,0
42,technician,married,secondary,no,3675,yes,no,unknown,3,0,unknown,0
40,blue-collar,married,secondary,no,262,yes,no,cellular,4,0,unknown,0
57,services,divorced,secondary,no,54,no,no,telephone,2,0,unknown,0
36,technician,married,secondary,no,39,no,no,cellular,2,11,other,0
52,blue-collar,married,secondary,no,1095,yes,yes,cellular,2,0,unknown,0
30,management,single,secondary,no,240,no,no,cellular,4,0,unknown,1
41,student,single,tertiary,no,-214,no,no,unknown,3,0,unknown,0
51,admin.,married,secondary,no,188,no,yes,cellular,2,0,unknown,0
55,entrepreneur,married,secondary,no,106,yes,no,unknown,1,0,unknown,0
41,housemaid,married,primary,no,318,yes,no,cellular,3,0,unknown,0
48,management,married,tertiary,no,651,yes,no,cellular,4,0,unknown,0
30,blue-collar,married,primary,no,676,yes,no,unknown,2,0,unknown,0
45,management,single,tertiary,no,349,yes,no,cellular,2,0,unknown,1
45,blue-collar,married,primary,no,-16,no,no,cellular,2,0,unknown,0
71,retired,married,tertiary,no,10863,no,no,telephone,4,0,unknown,0
46,blue-collar,married,secondary,no,286,yes,no,unknown,2,1,unknown,0
45,admin.,married,secondary,no,835,yes,no,cellular,6,0,unknown,0
35,technician,married,tertiary,no,1060,no,no,cellular,3,0,unknown,0
41,blue-collar,married,primary,no,-128,yes,no,unknown,4,0,unknown,0
34,management,married,tertiary,no,1246,no,no,telephone,5,0,unknown,1
35,admin.,married,secondary,no,-48,yes,no,unknown,3,0,unknown,0
37,technician,single,secondary,no,5225,yes,no,cellular,2,1,failure,0
36,admin.,divorced,tertiary,no,3261,yes,yes,unknown,7,0,unknown,0
37,blue-collar,married,secondary,no,680,yes,no,unknown,2,0,unknown,0
40,technician,married,secondary,no,-1744,yes,yes,cellular,5,0,unknown,0
40,blue-collar,married,primary,no,1803,yes,no,unknown,8,0,unknown,0
59,services,married,primary,no,1733,no,no,unknown,1,0,unknown,0
48,blue-collar,married,primary,no,6998,no,no,cellular,1,0,unknown,0
38,blue-collar,married,primary,no,2881,no,no,unknown,1,0,unknown,0
31,blue-collar,married,secondary,no,-1757,yes,yes,cellular,1,0,unknown,0
48,services,married,secondary,no,418,yes,no,unknown,4,0,unknown,0
41,technician,single,tertiary,no,1665,yes,no,cellular,3,0,unknown,0
42,entrepreneur,married,primary,no,5065,no,no,unknown,1,0,unknown,0
35,technician,married,secondary,no,1623,yes,no,unknown,3,0,unknown,0
55,retired,married,primary,no,714,no,no,cellular,2,0,unknown,0
40,blue-collar,married,primary,no,1329,yes,no,cellular,5,0,unknown,0
31,admin.,divorced,secondary,no,224,no,yes,cellular,1,0,unknown,0
33,management,married,tertiary,no,-199,no,no,cellular,3,0,unknown,0
31,technician,married,secondary,no,710,no,no,cellular,2,3,unknown,1
33,admin.,married,secondary,no,-356,yes,no,cellular,3,0,unknown,0
33,services,single,secondary,no,155,yes,no,cellular,1,0,unknown,0
64,technician,single,secondary,no,1033,no,no,cellular,6,0,unknown,1
58,management,married,primary,no,1500,yes,no,cellular,1,0,unknown,0
54,blue-collar,married,secondary,no,-228,yes,yes,cellular,5,0,unknown,0
55,entrepreneur,married,secondary,no,5228,yes,no,cellular,4,0,unknown,1
36,blue-collar,married,secondary,no,1141,yes,no,unknown,3,1,unknown,0
35,blue-collar,married,primary,no,5371,no,no,cellular,18,0,unknown,0
45,blue-collar,married,secondary,no,-30,yes,no,unknown,2,0,unknown,0
69,retired,married,primary,no,-55,yes,no,cellular,2,1,failure,0
39,technician,divorced,secondary,no,-368,yes,no,unknown,1,0,unknown,0
26,services,married,secondary,no,-54,yes,no,cellular,2,1,unknown,0
32,management,single,tertiary,no,908,yes,no,cellular,3,6,failure,0
34,management,married,tertiary,no,-3313,yes,no,unknown,1,1,unknown,0
47,blue-collar,married,primary,no,69,no,no,cellular,2,0,unknown,0
59,admin.,married,secondary,no,691,yes,no,unknown,8,0,unknown,0
27,management,married,tertiary,no,463,yes,no,cellular,3,0,unknown,0
44,blue-collar,married,tertiary,no,-49,no,no,cellular,4,5,failure,0
37,blue-collar,single,secondary,no,1243,no,no,unknown,18,0,unknown,0
40,services,married,secondary,no,187,yes,yes,telephone,2,0,unknown,0
29,management,married,tertiary,no,260,no,no,cellular,3,0,unknown,0
33,entrepreneur,married,tertiary,no,1634,no,no,telephone,1,0,unknown,0
30,self-employed,married,secondary,no,-25,no,no,unknown,10,0,unknown,0
32,admin.,married,tertiary,no,-3,yes,no,cellular,1,0,unknown,0
87,retired,married,secondary,no,12720,no,no,telephone,1,0,success,1
36,student,single,tertiary,no,821,yes,no,unknown,1,0,unknown,0
40,services,divorced,tertiary,no,2094,yes,no,unknown,9,0,unknown,0
28,blue-collar,married,secondary,no,765,yes,no,unknown,1,0,unknown,0
39,technician,single,tertiary,no,181,no,no,cellular,2,1,unknown,0
61,blue-collar,married,tertiary,no,647,no,no,unknown,2,0,unknown,0
51,blue-collar,married,primary,no,4508,yes,no,unknown,1,0,unknown,0
47,blue-collar,single,unknown,no,6103,yes,yes,cellular,1,0,unknown,0
53,management,single,tertiary,no,2178,no,yes,cellular,1,0,unknown,1
40,self-employed,married,secondary,no,3269,no,no,cellular,3,0,unknown,0
54,management,married,unknown,no,2059,yes,no,cellular,2,0,unknown,0
49,blue-collar,married,primary,no,1890,no,no,cellular,2,0,unknown,0
31,admin.,married,secondary,no,-188,yes,no,cellular,1,2,failure,0
45,management,single,tertiary,no,2216,no,no,cellular,1,0,unknown,0
31,admin.,married,secondary,no,76,yes,no,cellular,4,0,unknown,0
36,management,single,tertiary,no,1364,yes,no,cellular,2,1,unknown,0
23,blue-collar,married,secondary,no,1972,yes,no,cellular,2,0,unknown,0
30,unemployed,single,tertiary,no,2114,yes,no,cellular,1,0,unknown,1
38,management,married,tertiary,no,438,yes,no,unknown,1,0,unknown,0
33,management,married,secondary,no,-831,yes,yes,unknown,3,0,unknown,0
43,unemployed,married,secondary,no,1512,no,no,cellular,2,2,other,0
53,management,married,tertiary,no,958,yes,no,cellular,1,0,unknown,0
26,blue-collar,single,secondary,no,18,no,no,cellular,2,0,unknown,1
57,management,married,secondary,no,1476,yes,no,cellular,1,0,unknown,0
30,management,single,tertiary,no,2202,no,no,cellular,1,2,success,1
34,technician,married,secondary,no,476,yes,no,cellular,1,0,unknown,0
54,retired,married,secondary,no,3452,no,yes,cellular,3,0,unknown,0
31,management,married,tertiary,no,627,no,no,cellular,2,0,unknown,0
47,technician,married,secondary,no,-937,no,no,cellular,2,0,unknown,0
56,blue-collar,married,primary,no,745,no,no,cellular,4,0,failure,0
37,blue-collar,married,secondary,no,2812,yes,no,unknown,2,0,unknown,0
37,self-employed,married,secondary,no,3453,yes,no,unknown,1,0,unknown,0
35,management,single,tertiary,no,35,yes,no,cellular,2,0,unknown,0
36,technician,married,secondary,no,-155,yes,yes,cellular,1,1,failure,0
50,self-employed,married,primary,no,-454,no,no,unknown,4,0,unknown,0
24,blue-collar,married,secondary,no,-73,no,yes,unknown,2,0,unknown,0
34,management,single,tertiary,no,8673,no,no,cellular,5,0,unknown,0
37,blue-collar,married,primary,no,257,yes,no,cellular,3,0,unknown,0
57,management,married,secondary,no,12467,no,no,unknown,3,0,unknown,0
55,retired,divorced,tertiary,no,191,yes,no,cellular,6,2,unknown,0
22,blue-collar,single,secondary,no,138,yes,no,cellular,4,0,unknown,0
30,management,single,tertiary,no,-187,no,no,unknown,14,0,unknown,0
58,blue-collar,married,primary,no,544,yes,no,unknown,2,0,unknown,0
38,technician,single,secondary,no,-159,no,no,cellular,2,0,unknown,0
33,admin.,married,secondary,no,747,yes,yes,cellular,7,0,unknown,0
33,technician,single,tertiary,no,176,yes,no,cellular,2,0,unknown,1
32,blue-collar,married,secondary,no,-236,yes,yes,unknown,5,0,unknown,0
37,admin.,divorced,secondary,no,434,no,no,telephone,2,0,unknown,0
36,admin.,divorced,secondary,no,2838,no,no,unknown,5,0,unknown,0
34,admin.,single,tertiary,no,-190,no,no,cellular,9,0,unknown,0
44,blue-collar,married,secondary,no,1596,yes,no,unknown,1,0,unknown,0
44,unemployed,married,tertiary,no,1840,yes,no,unknown,1,0,unknown,0
35,self-employed,single,tertiary,no,2140,no,no,unknown,1,0,failure,0
36,blue-collar,married,secondary,no,2741,yes,no,unknown,3,0,unknown,0
45,blue-collar,single,secondary,no,6662,yes,no,cellular,1,4,failure,0
30,services,single,secondary,no,420,yes,no,cellular,2,0,unknown,0
34,entrepreneur,single,secondary,no,3577,yes,no,cellular,3,0,unknown,0
34,unknown,married,unknown,no,1619,no,no,cellular,2,0,unknown,0
49,management,married,tertiary,no,3032,yes,no,cellular,4,0,unknown,0
46,blue-collar,married,secondary,no,8202,yes,yes,cellular,2,0,unknown,1
44,entrepreneur,single,secondary,no,-66,yes,no,unknown,3,0,unknown,0
40,technician,married,secondary,no,2857,yes,no,unknown,3,0,unknown,0
34,management,single,tertiary,no,2984,no,no,cellular,2,0,unknown,0
34,management,married,tertiary,no,2096,yes,no,cellular,2,1,other,0
43,self-employed,married,tertiary,no,357,yes,no,cellular,2,2,other,0
36,technician,married,secondary,no,283,no,no,cellular,2,0,unknown,0
45,management,married,tertiary,no,3437,no,yes,cellular,1,0,unknown,0
49,technician,single,tertiary,no,3724,no,no,cellular,4,2,unknown,1
38,technician,single,tertiary,no,6996,no,no,cellular,3,3,other,1
34,blue-collar,divorced,tertiary,no,1195,yes,no,unknown,4,1,unknown,0
35,entrepreneur,married,secondary,no,125,no,no,cellular,2,0,unknown,0
28,unemployed,married,secondary,no,3267,yes,no,cellular,1,0,unknown,0
32,blue-collar,single,secondary,no,15337,yes,yes,unknown,3,2,unknown,0
45,housemaid,married,tertiary,no,1278,no,no,cellular,6,0,unknown,0
40,blue-collar,married,secondary,no,2337,yes,yes,unknown,2,0,unknown,0
43,technician,married,secondary,no,1305,yes,no,cellular,2,0,unknown,0
62,retired,married,unknown,no,750,no,no,cellular,3,1,unknown,1
46,management,divorced,secondary,no,5314,no,no,unknown,1,0,unknown,0
36,services,married,secondary,no,150,yes,no,cellular,5,0,unknown,0
49,services,married,secondary,no,8295,no,no,unknown,2,0,unknown,0
42,admin.,single,secondary,no,2140,yes,no,unknown,2,0,unknown,0
33,technician,married,secondary,no,1042,yes,no,cellular,3,4,failure,1
30,blue-collar,married,secondary,no,163,yes,no,cellular,1,0,unknown,0
48,self-employed,married,secondary,no,1756,no,yes,cellular,12,0,unknown,0
32,blue-collar,single,secondary,no,168,no,yes,cellular,2,0,unknown,0
35,blue-collar,single,primary,no,6431,yes,no,unknown,1,0,unknown,0
36,admin.,single,secondary,no,723,yes,no,unknown,2,0,unknown,0
33,management,married,tertiary,no,12463,no,no,cellular,3,0,unknown,0
54,management,divorced,tertiary,no,272,no,no,cellular,2,0,unknown,1
32,technician,single,primary,no,3213,yes,no,unknown,2,0,unknown,0
27,blue-collar,married,secondary,no,-5,yes,no,unknown,4,0,unknown,0
48,blue-collar,married,tertiary,no,14904,yes,no,cellular,1,0,unknown,0
44,entrepreneur,married,tertiary,no,23151,no,no,cellular,2,0,unknown,0
39,management,married,secondary,no,5087,yes,no,unknown,4,0,unknown,0
41,entrepreneur,married,tertiary,no,2616,yes,no,unknown,28,0,unknown,0
28,technician,divorced,primary,no,778,yes,no,unknown,2,0,unknown,0
35,entrepreneur,married,tertiary,no,2613,no,no,cellular,4,0,unknown,0
47,management,married,tertiary,no,648,yes,no,cellular,1,0,unknown,0
36,technician,married,secondary,no,247,yes,yes,cellular,2,1,other,1
46,blue-collar,single,primary,no,-209,yes,no,cellular,2,0,failure,0
47,services,married,tertiary,no,6545,no,no,cellular,3,4,failure,0
41,services,divorced,secondary,no,-338,yes,no,unknown,1,0,unknown,0
34,admin.,married,secondary,no,81,yes,no,unknown,2,0,unknown,0
57,blue-collar,married,primary,no,558,yes,no,cellular,2,3,failure,0
41,management,married,tertiary,no,-1948,yes,yes,cellular,6,0,unknown,0
46,technician,married,secondary,no,2479,no,no,cellular,2,0,unknown,0
61,blue-collar,married,primary,no,7732,no,no,cellular,4,0,unknown,0
46,management,divorced,tertiary,no,229,yes,no,unknown,1,0,unknown,0
45,management,married,tertiary,no,48,yes,no,cellular,3,0,unknown,0
56,admin.,divorced,secondary,no,1837,yes,yes,cellular,3,0,unknown,0
32,management,single,tertiary,no,1050,yes,no,unknown,3,0,unknown,0
43,blue-collar,married,secondary,no,-193,yes,yes,unknown,5,0,unknown,0
40,unemployed,married,secondary,no,1675,no,no,cellular,2,2,success,1
37,blue-collar,married,primary,no,-4,yes,no,cellular,3,0,unknown,0
50,technician,married,tertiary,no,3783,yes,no,unknown,1,0,unknown,0
29,self-employed,married,secondary,no,-329,yes,no,unknown,2,0,unknown,0
31,blue-collar,married,secondary,no,1046,yes,yes,unknown,4,0,unknown,0
47,management,married,secondary,no,525,yes,no,telephone,6,0,unknown,0
31,admin.,married,secondary,no,781,yes,no,unknown,2,0,unknown,0
31,entrepreneur,single,tertiary,no,66,no,yes,unknown,1,2,failure,0
40,blue-collar,divorced,secondary,no,384,yes,no,cellular,4,0,unknown,0
48,management,married,tertiary,no,5115,no,no,cellular,2,0,unknown,0
53,blue-collar,married,primary,no,476,no,no,cellular,4,0,unknown,0
30,admin.,married,secondary,no,1257,yes,no,telephone,7,0,unknown,0
31,blue-collar,married,secondary,no,378,no,no,cellular,1,0,unknown,0
47,services,married,secondary,no,1554,no,no,cellular,4,0,unknown,0
26,services,single,secondary,no,106,yes,no,unknown,17,0,unknown,0
42,entrepreneur,single,tertiary,no,828,yes,no,cellular,3,0,unknown,0
56,services,married,tertiary,no,8203,no,no,cellular,3,0,unknown,1
35,technician,single,secondary,no,5550,yes,no,cellular,1,3,failure,0
33,entrepreneur,married,tertiary,no,-3313,yes,no,unknown,1,0,unknown,0
21,technician,married,secondary,no,47,no,no,cellular,1,2,other,1
37,services,married,secondary,no,324,yes,no,unknown,1,0,unknown,0
45,blue-collar,single,secondary,no,1074,yes,no,cellular,2,2,unknown,0
64,management,married,secondary,no,-2943,no,no,cellular,14,0,unknown,0
49,management,married,tertiary,no,1060,yes,no,cellular,2,2,failure,1
41,blue-collar,married,primary,no,1019,yes,no,cellular,2,1,failure,0
40,services,married,secondary,no,-208,no,no,unknown,2,0,unknown,0
34,unemployed,single,unknown,no,851,no,no,cellular,2,0,unknown,1
49,blue-collar,married,secondary,no,2177,yes,yes,cellular,5,5,failure,1
59,blue-collar,married,primary,no,229,no,no,unknown,2,0,unknown,0
38,blue-collar,single,secondary,no,929,yes,no,cellular,1,3,other,0
32,management,married,secondary,no,6909,yes,no,unknown,1,0,unknown,0
40,admin.,married,secondary,no,1123,yes,yes,cellular,1,0,unknown,0
43,management,married,tertiary,no,1965,yes,no,unknown,2,0,unknown,0
62,admin.,married,secondary,no,1148,no,no,cellular,1,0,unknown,0
37,management,single,tertiary,no,-369,yes,no,cellular,4,2,failure,1
33,services,married,secondary,no,1684,yes,no,cellular,1,1,failure,0
52,self-employed,married,unknown,no,-1205,no,no,cellular,2,1,unknown,1
41,management,single,tertiary,no,1003,no,no,cellular,4,0,unknown,0
36,blue-collar,married,secondary,no,1159,yes,yes,unknown,1,0,unknown,0
41,management,single,tertiary,no,3714,no,no,cellular,1,0,unknown,1
36,admin.,single,secondary,no,121,no,no,cellular,1,2,failure,0
54,services,divorced,tertiary,no,408,no,no,cellular,2,0,unknown,1
33,unemployed,married,tertiary,no,436,yes,no,cellular,6,0,unknown,0
39,technician,divorced,secondary,no,369,no,yes,cellular,1,0,unknown,0
33,services,single,secondary,no,56,no,yes,unknown,2,0,unknown,0
33,blue-collar,married,primary,no,662,yes,no,unknown,4,6,unknown,0
34,services,married,secondary,no,3820,yes,no,telephone,1,0,unknown,0
54,self-employed,married,primary,no,417,no,no,cellular,14,0,unknown,0
38,entrepreneur,married,secondary,no,23,yes,no,unknown,2,0,unknown,0
50,blue-collar,married,primary,no,163,no,no,cellular,2,0,unknown,0
53,housemaid,married,primary,no,370,no,no,unknown,1,0,unknown,0
54,services,divorced,secondary,no,6026,no,no,unknown,1,6,unknown,0
30,technician,single,tertiary,no,-146,yes,no,unknown,1,0,unknown,0
52,blue-collar,married,primary,no,520,yes,no,cellular,2,0,unknown,0
40,management,married,tertiary,no,844,yes,no,cellular,7,0,unknown,0
48,management,married,secondary,no,2453,yes,yes,cellular,1,4,failure,0
38,blue-collar,married,primary,no,1633,yes,no,unknown,2,0,unknown,0
50,admin.,single,secondary,no,1838,yes,no,cellular,3,1,other,0
55,technician,married,secondary,no,1292,no,no,cellular,4,0,unknown,0
47,admin.,married,tertiary,no,65,yes,no,cellular,2,2,failure,0
48,services,married,secondary,no,2497,no,no,cellular,1,0,unknown,0
40,blue-collar,married,secondary,no,1058,yes,no,cellular,5,0,unknown,0
40,technician,divorced,secondary,no,900,yes,no,cellular,2,0,unknown,1
39,blue-collar,married,primary,no,821,yes,no,cellular,1,0,unknown,0
34,entrepreneur,married,secondary,no,360,yes,no,unknown,1,0,unknown,0
49,management,single,secondary,no,2995,no,yes,cellular,5,1,unknown,0
34,technician,married,secondary,no,415,yes,no,cellular,1,0,unknown,0
38,management,single,tertiary,no,-309,yes,yes,cellular,2,0,unknown,0
69,technician,married,secondary,no,2536,yes,no,cellular,4,5,failure,0
53,admin.,divorced,primary,no,817,yes,no,cellular,2,5,failure,0
43,management,married,tertiary,no,7110,yes,no,cellular,6,0,unknown,0
31,entrepreneur,married,secondary,no,66,yes,no,cellular,3,3,failure,0
47,technician,married,unknown,no,383,no,no,cellular,3,2,unknown,0
47,admin.,married,unknown,no,1062,yes,no,cellular,1,0,unknown,0
51,technician,married,secondary,no,3087,yes,no,cellular,8,0,unknown,0
29,technician,single,tertiary,no,136,yes,no,cellular,2,0,unknown,0
51,services,divorced,secondary,no,-645,yes,no,cellular,1,0,failure,0
52,technician,married,secondary,no,7524,no,no,telephone,1,0,unknown,0
50,management,single,secondary,no,-3313,yes,no,cellular,7,1,unknown,0
43,management,married,secondary,no,3506,no,no,cellular,7,5,other,0
32,self-employed,married,tertiary,no,2140,no,no,cellular,3,1,other,0
34,blue-collar,married,primary,no,374,yes,no,cellular,2,0,unknown,0
42,management,divorced,tertiary,no,3890,no,no,cellular,1,0,other,1
42,management,married,secondary,no,720,yes,no,cellular,3,24,failure,0
28,management,single,secondary,no,2963,no,yes,cellular,1,5,failure,0
40,technician,married,secondary,no,16,no,no,cellular,3,0,unknown,0
58,unknown,married,primary,no,2873,no,no,cellular,3,0,unknown,0
49,management,married,tertiary,no,14665,yes,yes,cellular,1,5,unknown,0
36,technician,married,secondary,no,828,yes,no,cellular,2,0,unknown,0
37,entrepreneur,married,tertiary,no,2122,yes,no,cellular,3,0,unknown,0
60,self-employed,divorced,secondary,no,3911,no,no,cellular,2,2,unknown,1
43,blue-collar,married,secondary,no,806,yes,yes,unknown,1,0,unknown,0
56,unemployed,divorced,secondary,no,895,no,no,cellular,1,0,unknown,0
35,technician,married,tertiary,no,2230,no,no,cellular,1,0,unknown,0
52,management,married,tertiary,no,13985,no,no,cellular,2,0,unknown,0
49,blue-collar,married,secondary,no,1881,yes,no,unknown,2,0,unknown,0
56,technician,single,secondary,no,201,no,yes,cellular,6,0,unknown,0
38,management,married,tertiary,no,624,no,no,unknown,1,0,unknown,0
30,blue-collar,married,secondary,no,18,yes,no,unknown,3,0,unknown,0
38,services,single,secondary,no,868,yes,no,unknown,4,0,unknown,1
53,admin.,divorced,secondary,no,-83,yes,yes,cellular,1,0,unknown,0
33,blue-collar,married,primary,no,-163,yes,no,unknown,2,0,unknown,0
28,student,single,secondary,no,16,no,no,cellular,1,0,unknown,0
44,housemaid,single,secondary,no,-166,no,no,cellular,2,0,unknown,0
37,blue-collar,single,primary,no,-3313,yes,no,telephone,4,0,unknown,0
59,admin.,married,secondary,no,3229,no,no,cellular,3,0,unknown,0
37,entrepreneur,single,tertiary,no,1617,yes,no,cellular,1,8,failure,0
76,retired,divorced,primary,no,-520,no,no,cellular,1,0,unknown,0
44,management,married,tertiary,no,344,yes,no,cellular,1,0,unknown,0
54,retired,single,secondary,no,196,yes,yes,unknown,2,0,unknown,0
34,blue-collar,divorced,unknown,no,335,yes,no,unknown,7,2,unknown,0
69,self-employed,single,tertiary,no,48,no,yes,cellular,2,0,unknown,0
32,technician,single,secondary,no,8110,no,no,cellular,2,0,unknown,1
65,blue-collar,married,primary,no,1579,no,no,cellular,4,4,failure,1
36,unemployed,married,secondary,no,135,yes,no,cellular,8,0,unknown,0
37,blue-collar,married,primary,no,3956,no,no,cellular,1,0,unknown,1
42,technician,married,unknown,no,-158,yes,no,unknown,3,0,unknown,0
35,management,married,tertiary,no,-906,no,no,cellular,5,0,unknown,0
29,blue-collar,married,secondary,no,1173,no,no,telephone,10,0,unknown,0
52,blue-collar,married,primary,no,957,no,no,unknown,3,1,unknown,0
29,management,married,secondary,no,-70,yes,no,cellular,1,2,failure,1
48,admin.,married,secondary,no,265,yes,no,cellular,2,0,unknown,0
53,technician,married,secondary,no,-85,no,no,unknown,1,0,unknown,0
43,retired,married,tertiary,no,-2152,no,no,cellular,2,0,unknown,1
41,unknown,married,unknown,no,1436,no,no,cellular,19,0,unknown,0
29,services,single,tertiary,no,309,yes,no,unknown,4,0,unknown,0
31,admin.,married,secondary,no,4456,yes,no,cellular,2,0,unknown,0
35,admin.,married,unknown,no,-934,yes,no,cellular,1,2,other,1
38,management,single,tertiary,no,2095,yes,no,cellular,1,2,failure,0
25,technician,single,secondary,no,1387,yes,no,unknown,1,1,unknown,0
49,services,divorced,unknown,no,533,yes,no,cellular,1,0,unknown,0
23,admin.,divorced,secondary,no,21,yes,no,unknown,2,0,unknown,0
42,management,married,tertiary,no,762,yes,no,cellular,2,0,unknown,0
34,admin.,married,tertiary,no,1216,yes,no,cellular,6,0,unknown,0
39,technician,single,tertiary,no,78,yes,no,cellular,1,0,unknown,0
35,services,married,secondary,yes,-69,yes,yes,cellular,3,0,unknown,0
51,self-employed,married,tertiary,no,28270,no,yes,cellular,2,0,unknown,0
41,housemaid,single,tertiary,no,8275,yes,no,telephone,3,2,failure,1
32,blue-collar,married,secondary,no,2161,yes,no,cellular,2,0,unknown,0
54,retired,married,secondary,no,-265,no,yes,cellular,2,0,unknown,0
39,blue-collar,married,secondary,no,3459,yes,no,cellular,2,0,unknown,0
46,blue-collar,married,unknown,no,2889,no,yes,cellular,3,3,success,1
52,admin.,divorced,secondary,no,2208,yes,no,unknown,1,0,unknown,0
26,admin.,single,tertiary,no,2631,yes,no,cellular,1,1,failure,0
34,self-employed,single,secondary,no,1955,no,no,cellular,2,0,unknown,0
32,blue-collar,single,secondary,no,4150,yes,no,cellular,5,0,unknown,0
38,blue-collar,single,secondary,no,118,yes,no,cellular,1,1,failure,0
76,self-employed,married,secondary,no,858,no,no,telephone,10,0,unknown,0
29,management,divorced,tertiary,no,33,yes,no,cellular,4,0,unknown,0
36,blue-collar,married,primary,no,1131,yes,no,unknown,1,0,unknown,0
39,admin.,married,unknown,no,-103,yes,no,cellular,1,2,other,0
53,self-employed,married,secondary,no,295,no,no,cellular,11,0,unknown,0
30,admin.,married,unknown,no,920,no,no,cellular,1,0,unknown,0
36,management,single,tertiary,no,-12,no,no,cellular,1,0,unknown,0
37,blue-collar,married,secondary,no,572,yes,no,unknown,2,0,unknown,0
38,technician,divorced,tertiary,no,1958,no,no,cellular,4,0,unknown,0
32,student,married,secondary,no,2581,no,yes,cellular,1,6,failure,0
43,blue-collar,married,tertiary,no,18621,yes,no,cellular,1,1,unknown,0
51,management,married,tertiary,no,1440,no,no,cellular,5,0,unknown,1
32,management,married,secondary,no,429,yes,no,cellular,4,0,unknown,0
43,technician,married,tertiary,no,138,no,no,cellular,4,0,unknown,0
36,admin.,single,secondary,no,325,yes,no,cellular,1,2,failure,0
32,management,married,tertiary,no,6795,yes,yes,cellular,1,0,unknown,0
76,retired,married,primary,no,3394,no,no,cellular,1,1,unknown,1
41,services,married,secondary,no,-64,yes,no,cellular,1,1,unknown,0
42,services,married,secondary,no,589,yes,no,cellular,4,0,unknown,0
48,blue-collar,married,secondary,no,450,yes,no,cellular,1,0,unknown,0
45,blue-collar,married,secondary,no,416,yes,no,unknown,5,0,unknown,1
45,blue-collar,married,primary,no,649,no,no,cellular,1,0,unknown,0
27,management,married,secondary,no,845,yes,no,unknown,7,0,unknown,0
53,technician,married,tertiary,no,5107,yes,yes,cellular,1,0,unknown,0
45,entrepreneur,divorced,primary,no,-1777,yes,yes,unknown,1,0,unknown,0
53,technician,divorced,secondary,no,-1642,yes,no,unknown,1,6,other,0
48,technician,married,secondary,no,1441,yes,no,unknown,3,0,unknown,0
50,blue-collar,married,secondary,no,0,yes,no,unknown,3,0,unknown,0
53,blue-collar,married,tertiary,no,9486,yes,no,cellular,2,5,failure,0
41,services,married,secondary,no,3643,yes,yes,unknown,1,0,unknown,0
41,technician,single,tertiary,no,95,no,no,cellular,10,0,unknown,0
32,services,single,secondary,no,6144,no,no,cellular,1,0,unknown,0
19,services,single,unknown,no,77,no,no,cellular,4,0,unknown,0
36,technician,married,secondary,no,2473,no,yes,cellular,2,2,failure,0
46,blue-collar,married,secondary,no,951,yes,no,unknown,1,0,unknown,0
42,management,single,secondary,no,1718,yes,no,unknown,2,0,unknown,0
37,admin.,single,secondary,no,912,yes,no,unknown,2,0,unknown,1
41,management,married,tertiary,no,2348,no,no,cellular,11,0,unknown,0
57,retired,married,tertiary,no,6465,no,yes,unknown,4,0,unknown,0
27,management,single,tertiary,no,2170,no,no,cellular,3,0,unknown,0
41,self-employed,divorced,tertiary,no,7241,yes,no,unknown,3,0,unknown,0
79,housemaid,married,primary,no,1145,no,no,cellular,4,0,unknown,1
34,technician,married,secondary,no,-1899,yes,no,telephone,6,0,unknown,0
50,blue-collar,married,primary,no,2135,no,no,telephone,3,0,unknown,1
41,management,single,tertiary,no,1860,no,no,cellular,2,0,unknown,0
34,management,single,tertiary,no,-188,no,no,cellular,3,0,unknown,0
52,services,married,secondary,no,3940,no,no,cellular,3,0,unknown,0
47,blue-collar,married,primary,no,3426,yes,no,unknown,8,0,unknown,0
35,technician,married,secondary,no,-145,yes,yes,cellular,2,0,unknown,0
29,technician,married,tertiary,no,750,yes,no,cellular,3,1,unknown,1
53,management,divorced,tertiary,no,1413,no,yes,cellular,1,0,unknown,0
57,entrepreneur,married,secondary,no,387,yes,no,unknown,2,0,unknown,0
55,blue-collar,married,secondary,no,1365,no,no,unknown,4,0,unknown,1
36,technician,single,secondary,no,2355,yes,no,cellular,2,1,failure,0
28,admin.,single,tertiary,no,190,no,no,cellular,3,1,unknown,0
46,technician,married,unknown,no,3683,yes,no,unknown,8,1,unknown,0
49,technician,single,tertiary,no,13306,no,no,cellular,1,0,unknown,0
49,blue-collar,married,secondary,no,10833,yes,no,cellular,2,0,unknown,0
39,management,divorced,tertiary,no,3457,yes,no,unknown,1,0,unknown,0
36,management,married,secondary,no,1147,yes,no,cellular,4,0,unknown,0
32,blue-collar,married,secondary,no,2038,yes,no,cellular,2,0,unknown,0
60,housemaid,married,secondary,no,1681,yes,no,cellular,4,0,unknown,0
19,blue-collar,single,primary,no,3217,yes,yes,unknown,2,0,unknown,0
36,management,single,tertiary,no,-1574,yes,no,cellular,3,0,unknown,0
35,self-employed,divorced,secondary,no,3048,no,yes,cellular,5,0,unknown,0
41,services,married,secondary,no,872,yes,no,cellular,4,0,unknown,0
57,services,divorced,secondary,no,-510,yes,no,unknown,2,0,unknown,0
37,student,single,unknown,no,7539,no,no,unknown,2,1,unknown,0
36,blue-collar,married,primary,no,303,yes,no,cellular,2,0,unknown,0
35,services,married,secondary,no,134,yes,no,cellular,1,0,unknown,0
38,housemaid,married,primary,no,700,no,no,cellular,3,0,unknown,0
40,admin.,single,secondary,no,1776,yes,no,unknown,3,0,unknown,0
32,management,married,tertiary,no,1076,no,no,cellular,1,1,unknown,0
46,blue-collar,single,secondary,no,83,no,yes,telephone,9,0,unknown,0
45,management,married,unknown,no,11939,no,no,cellular,4,0,unknown,1
31,technician,single,tertiary,no,104,no,no,cellular,5,0,unknown,1
51,blue-collar,divorced,primary,no,-989,yes,no,unknown,7,0,unknown,0
32,management,single,tertiary,no,2255,no,no,cellular,4,0,unknown,0
36,blue-collar,single,secondary,no,637,yes,yes,unknown,1,0,unknown,0
55,management,married,tertiary,no,31,no,no,cellular,5,0,unknown,0
51,blue-collar,single,unknown,no,-56,no,no,unknown,3,0,unknown,0
49,retired,single,secondary,no,3123,yes,no,cellular,1,5,other,1
46,blue-collar,single,tertiary,no,6085,yes,no,unknown,1,0,unknown,0
56,self-employed,married,secondary,no,5327,yes,no,telephone,2,5,unknown,0
29,management,married,tertiary,no,1043,no,no,cellular,1,0,unknown,0
45,management,married,tertiary,no,-721,yes,no,unknown,9,0,unknown,0
28,management,married,secondary,no,1081,no,no,cellular,6,0,unknown,0
30,admin.,single,secondary,no,837,yes,no,cellular,2,7,failure,0
42,management,single,secondary,no,-979,yes,yes,cellular,1,0,unknown,0
65,retired,divorced,tertiary,no,1466,no,yes,telephone,1,0,unknown,0
27,management,married,secondary,no,236,yes,no,cellular,1,0,unknown,0
44,technician,single,secondary,no,1613,yes,no,unknown,1,0,unknown,0
38,technician,married,secondary,no,-383,yes,yes,cellular,4,0,unknown,0
56,management,single,tertiary,no,591,no,no,cellular,2,0,unknown,0
41,technician,single,tertiary,no,1262,no,no,cellular,2,0,unknown,0
47,admin.,single,tertiary,no,596,yes,no,cellular,1,1,failure,1
36,admin.,married,secondary,no,7851,yes,yes,cellular,1,0,failure,0
35,services,single,secondary,no,3166,yes,no,cellular,1,6,failure,0
56,unemployed,married,primary,no,4632,no,no,cellular,5,0,unknown,0
53,blue-collar,married,secondary,no,-142,no,no,unknown,2,0,unknown,0
55,blue-collar,married,secondary,no,2011,yes,no,unknown,3,0,unknown,0
45,services,single,secondary,no,775,no,no,cellular,2,0,unknown,0
33,blue-collar,single,secondary,no,4610,no,no,cellular,6,0,unknown,0
36,technician,married,secondary,no,107,no,no,cellular,1,2,failure,0
41,technician,married,tertiary,no,6330,yes,no,cellular,8,0,unknown,0
36,admin.,married,secondary,no,1415,no,no,cellular,1,0,unknown,0
42,services,married,secondary,no,233,yes,no,cellular,1,0,unknown,0
31,technician,single,tertiary,no,3997,no,no,cellular,1,2,failure,0
47,management,married,tertiary,no,3313,no,no,cellular,3,4,success,1
55,technician,single,tertiary,no,494,yes,no,cellular,5,0,failure,0
46,management,married,secondary,no,482,yes,no,cellular,1,0,unknown,0
52,technician,married,secondary,no,2302,yes,no,cellular,3,0,unknown,0
29,technician,married,secondary,no,42,yes,no,cellular,1,2,failure,0
49,technician,single,secondary,no,19924,no,no,cellular,1,1,unknown,1
23,services,married,secondary,no,-1259,yes,no,unknown,1,0,unknown,0
54,self-employed,married,secondary,no,-368,yes,no,cellular,2,0,unknown,0
39,housemaid,married,tertiary,no,318,no,no,unknown,5,1,unknown,0
35,management,married,secondary,no,858,no,no,cellular,26,0,unknown,0
59,technician,married,secondary,no,494,no,no,unknown,3,0,unknown,0
29,technician,divorced,tertiary,no,496,no,no,cellular,1,3,failure,0
54,admin.,married,secondary,no,-263,no,yes,telephone,1,0,unknown,0
41,technician,married,unknown,no,1800,no,no,cellular,2,0,unknown,0
62,retired,married,unknown,no,599,no,no,telephone,3,0,unknown,0
52,retired,divorced,tertiary,no,17810,no,no,cellular,1,0,unknown,0
35,self-employed,single,secondary,no,1400,no,no,cellular,3,0,unknown,0
27,services,single,secondary,no,124,yes,no,cellular,6,0,unknown,1
36,technician,married,tertiary,no,2535,no,yes,cellular,1,5,failure,0
26,blue-collar,single,secondary,no,2760,no,no,cellular,1,0,failure,0
19,unemployed,single,tertiary,no,2444,no,no,cellular,2,0,unknown,1
47,technician,married,secondary,no,6366,no,no,cellular,2,0,unknown,0
80,retired,married,primary,no,1114,no,no,telephone,5,0,unknown,1
45,housemaid,married,tertiary,no,24,no,no,cellular,2,0,unknown,1
28,admin.,single,secondary,no,8270,yes,yes,cellular,3,0,unknown,0
38,technician,divorced,tertiary,no,1465,no,no,cellular,4,2,unknown,0
56,technician,married,secondary,no,-339,yes,no,cellular,1,0,unknown,1
38,blue-collar,married,primary,no,1180,no,yes,cellular,2,0,unknown,0
27,student,single,secondary,no,566,yes,no,cellular,4,0,unknown,1
41,management,married,unknown,no,789,no,no,unknown,4,0,unknown,0
49,management,single,tertiary,no,2024,no,no,cellular,3,0,unknown,1
43,management,married,secondary,no,-11,yes,no,unknown,2,0,unknown,0
34,entrepreneur,married,tertiary,no,90,no,no,telephone,2,0,unknown,0
34,entrepreneur,married,primary,no,554,yes,no,cellular,2,0,unknown,0
36,blue-collar,married,secondary,no,173,yes,no,unknown,4,0,unknown,0
56,management,married,tertiary,no,0,no,no,cellular,15,0,unknown,0
29,management,single,tertiary,no,2230,no,no,cellular,1,4,success,1
33,blue-collar,married,secondary,no,268,yes,no,unknown,5,0,unknown,0
34,retired,married,secondary,no,3274,yes,no,unknown,2,0,unknown,0
38,blue-collar,divorced,secondary,no,174,yes,no,cellular,1,0,unknown,0
38,services,divorced,secondary,no,886,no,yes,unknown,1,0,unknown,0
30,management,married,secondary,no,1388,no,yes,unknown,2,0,unknown,0
52,blue-collar,divorced,primary,no,5789,no,no,unknown,3,0,unknown,0
44,technician,divorced,tertiary,no,2173,yes,yes,cellular,5,0,unknown,0
48,technician,married,secondary,no,1893,no,no,cellular,2,0,unknown,0
35,admin.,married,secondary,no,2004,no,no,cellular,2,0,unknown,0
52,retired,married,secondary,no,122,yes,no,unknown,1,0,unknown,0
52,management,married,primary,no,9134,no,yes,cellular,2,0,unknown,0
52,technician,married,tertiary,no,-525,no,yes,telephone,1,0,unknown,1
31,management,married,tertiary,no,-134,no,no,cellular,7,0,unknown,0
35,admin.,single,secondary,no,8701,yes,no,cellular,6,0,unknown,0
37,admin.,divorced,tertiary,no,1085,yes,no,cellular,5,1,unknown,0
55,blue-collar,divorced,primary,no,429,yes,no,cellular,1,0,unknown,1
28,technician,single,tertiary,no,577,no,no,cellular,3,0,unknown,0
44,management,single,secondary,no,384,yes,no,unknown,4,0,unknown,0
43,technician,divorced,tertiary,no,-786,yes,yes,cellular,1,0,unknown,0
47,admin.,married,secondary,no,470,no,no,cellular,3,0,unknown,0
32,blue-collar,married,secondary,no,1353,yes,yes,cellular,1,1,other,0
58,retired,married,secondary,no,8009,no,no,cellular,1,1,unknown,0
27,housemaid,married,secondary,no,3336,yes,yes,cellular,4,0,unknown,0
52,retired,married,secondary,no,617,no,no,cellular,4,0,unknown,0
44,blue-collar,married,primary,no,258,no,yes,cellular,1,1,unknown,0
49,services,married,tertiary,no,399,yes,no,unknown,1,0,unknown,0
38,management,married,tertiary,no,6048,no,no,cellular,6,0,unknown,0
29,management,married,tertiary,no,1215,no,no,cellular,4,0,unknown,0
55,management,married,tertiary,no,377,no,yes,cellular,3,0,unknown,0
34,services,married,secondary,no,-619,yes,no,cellular,1,0,unknown,0
26,admin.,married,secondary,no,565,yes,yes,unknown,6,0,unknown,0
33,technician,single,secondary,no,703,yes,no,cellular,1,0,unknown,0
42,management,married,tertiary,no,1280,no,no,cellular,4,0,unknown,0
41,blue-collar,married,primary,no,-216,yes,no,unknown,15,0,unknown,0
53,housemaid,married,secondary,no,18838,no,no,cellular,1,0,unknown,0
29,admin.,single,tertiary,no,13,yes,no,cellular,1,1,failure,0
40,technician,married,tertiary,no,-27,no,no,cellular,1,0,unknown,0
45,services,divorced,secondary,no,1026,yes,no,cellular,2,0,unknown,0
37,blue-collar,divorced,tertiary,no,4948,yes,no,cellular,3,2,other,0
35,blue-collar,married,tertiary,no,1695,yes,no,cellular,3,0,unknown,1
43,blue-collar,married,primary,yes,-182,yes,no,unknown,2,0,unknown,0
66,blue-collar,divorced,primary,no,766,yes,no,unknown,2,0,unknown,0
35,technician,single,secondary,no,189,no,no,unknown,3,0,unknown,0
40,management,married,tertiary,no,-309,yes,no,cellular,2,5,unknown,0
45,entrepreneur,single,unknown,no,141,no,no,cellular,1,0,unknown,0
60,management,married,tertiary,no,6017,no,no,cellular,2,0,unknown,0
51,management,divorced,tertiary,no,3337,yes,no,cellular,1,0,unknown,0
38,housemaid,married,primary,no,682,yes,no,telephone,7,0,unknown,0
41,entrepreneur,married,tertiary,no,434,yes,no,cellular,1,0,unknown,0
37,technician,single,secondary,no,158,yes,no,cellular,1,0,unknown,0
31,services,married,secondary,no,334,yes,no,unknown,1,0,unknown,0
20,admin.,single,tertiary,no,731,no,no,unknown,1,0,unknown,0
41,management,married,tertiary,no,2888,yes,no,unknown,2,0,unknown,0
48,technician,married,unknown,no,798,yes,no,cellular,2,0,unknown,0
39,admin.,married,primary,no,282,yes,no,cellular,9,0,unknown,0
35,self-employed,single,tertiary,no,-19,yes,no,cellular,1,4,failure,0
49,blue-collar,married,secondary,no,365,yes,yes,cellular,4,0,unknown,0
31,technician,married,secondary,no,1906,yes,no,unknown,2,0,unknown,0
47,blue-collar,married,primary,no,1302,yes,no,cellular,1,0,unknown,0
49,management,married,tertiary,no,-195,yes,no,cellular,2,0,unknown,1
31,admin.,single,tertiary,no,344,yes,no,cellular,3,2,unknown,0
22,admin.,married,secondary,no,1017,yes,no,cellular,2,2,other,0
46,blue-collar,married,primary,no,472,yes,no,unknown,2,0,unknown,0
30,management,married,tertiary,no,4014,yes,no,unknown,1,0,unknown,0
38,technician,married,secondary,no,300,yes,no,unknown,4,0,unknown,0
42,management,married,tertiary,no,12996,no,no,cellular,5,0,unknown,0
35,management,married,secondary,no,-456,yes,yes,cellular,4,0,unknown,0
49,retired,married,secondary,no,5385,no,no,unknown,5,0,unknown,0
72,retired,married,primary,no,-139,no,no,cellular,1,0,unknown,0
27,student,single,tertiary,no,4631,no,no,unknown,2,0,unknown,0
42,management,single,tertiary,no,8034,yes,no,unknown,3,0,unknown,0
39,blue-collar,divorced,primary,no,914,yes,no,cellular,5,0,failure,0
26,admin.,single,secondary,no,285,yes,no,cellular,1,0,unknown,0
53,entrepreneur,divorced,tertiary,no,1650,no,no,cellular,4,0,unknown,1
47,services,married,secondary,no,-542,no,no,cellular,1,0,unknown,0
44,blue-collar,married,secondary,no,4941,no,no,cellular,3,6,failure,0
44,blue-collar,married,primary,no,-405,yes,yes,unknown,3,0,unknown,0
50,unemployed,married,tertiary,no,6607,yes,no,unknown,4,0,unknown,0
38,management,married,tertiary,no,3030,no,no,cellular,4,0,unknown,0
41,admin.,single,secondary,no,-675,yes,no,cellular,4,0,unknown,0
35,admin.,single,tertiary,no,-138,no,no,cellular,2,0,unknown,0
33,housemaid,married,primary,no,2737,yes,no,unknown,5,0,unknown,0
35,self-employed,married,secondary,no,581,yes,no,cellular,1,0,failure,0
44,technician,married,secondary,no,203,yes,no,unknown,2,0,unknown,0
27,self-employed,single,secondary,no,-218,no,no,cellular,1,0,unknown,0
50,management,divorced,tertiary,no,-1306,yes,no,unknown,3,0,unknown,1
50,admin.,married,tertiary,no,375,no,no,unknown,3,0,unknown,0
56,services,married,secondary,no,-528,no,no,unknown,3,0,unknown,0
43,retired,married,primary,no,637,no,no,cellular,2,0,unknown,0
31,technician,divorced,tertiary,no,2124,no,no,cellular,2,0,unknown,0
52,blue-collar,single,primary,no,2382,yes,no,unknown,2,0,unknown,0
42,technician,married,secondary,no,133,yes,yes,cellular,4,0,unknown,0
54,self-employed,married,tertiary,no,3759,yes,no,unknown,1,0,unknown,0
32,technician,married,secondary,no,-1086,yes,yes,cellular,2,0,unknown,0
28,management,single,tertiary,no,-1540,yes,no,telephone,8,0,unknown,0
43,housemaid,married,primary,no,2927,no,no,cellular,2,0,unknown,0
46,housemaid,married,tertiary,no,801,yes,no,cellular,2,0,unknown,1
42,blue-collar,married,secondary,no,647,yes,no,unknown,1,0,unknown,0
33,technician,married,secondary,no,3166,yes,no,unknown,2,0,unknown,0
27,management,married,secondary,no,-552,yes,yes,cellular,2,5,failure,0
35,management,married,tertiary,no,3722,yes,no,unknown,1,0,unknown,0
54,housemaid,married,primary,no,694,yes,no,cellular,1,0,unknown,0
38,blue-collar,married,secondary,no,-181,yes,yes,unknown,1,0,unknown,0
38,self-employed,married,secondary,no,624,yes,no,unknown,4,0,unknown,0
40,blue-collar,married,secondary,no,3229,yes,no,unknown,1,0,unknown,0
43,entrepreneur,divorced,secondary,no,1338,no,yes,cellular,1,0,unknown,0
72,entrepreneur,married,unknown,no,106,yes,no,unknown,2,0,unknown,0
43,unemployed,divorced,secondary,no,862,no,no,unknown,5,0,unknown,0
32,management,married,tertiary,yes,283,no,no,cellular,1,0,unknown,0
32,student,single,tertiary,no,422,no,no,cellular,3,3,success,1
51,blue-collar,divorced,secondary,no,1047,no,no,cellular,1,0,unknown,0
34,technician,single,secondary,no,1352,no,no,cellular,5,0,unknown,0
32,blue-collar,married,secondary,no,1091,yes,no,unknown,3,0,unknown,0
47,self-employed,married,primary,no,2726,no,no,unknown,9,0,unknown,0
35,technician,single,secondary,no,-42,yes,no,unknown,1,0,unknown,0
55,unemployed,single,tertiary,no,1518,yes,no,cellular,2,0,unknown,1
61,retired,married,secondary,no,2124,no,no,telephone,1,0,unknown,0
42,self-employed,married,secondary,no,2352,no,no,cellular,1,0,unknown,0
31,student,single,tertiary,no,1914,no,no,cellular,1,0,unknown,0
39,entrepreneur,married,tertiary,no,-521,yes,no,cellular,2,0,unknown,0
52,retired,married,primary,no,-259,no,no,cellular,2,1,success,0
42,blue-collar,married,secondary,no,447,yes,no,cellular,5,10,failure,1
30,housemaid,married,tertiary,no,7940,no,no,cellular,4,1,failure,0
39,admin.,married,secondary,no,-303,yes,yes,cellular,5,0,unknown,0
31,housemaid,single,secondary,no,22,yes,no,cellular,3,0,unknown,0
53,technician,divorced,unknown,no,2705,yes,no,unknown,2,0,unknown,0
38,blue-collar,married,secondary,no,474,yes,yes,unknown,2,0,unknown,0
28,blue-collar,single,secondary,no,9487,yes,yes,cellular,2,2,unknown,0
42,technician,single,tertiary,no,291,no,no,cellular,2,1,unknown,0
28,management,single,tertiary,no,325,no,no,cellular,1,1,success,1
27,management,married,tertiary,no,966,no,no,cellular,1,4,other,1
31,services,married,secondary,no,1871,yes,no,unknown,1,0,unknown,0
67,retired,married,secondary,no,8687,no,no,cellular,1,0,unknown,0
32,blue-collar,married,secondary,no,351,yes,no,unknown,1,0,unknown,0
35,management,married,tertiary,no,1496,no,yes,cellular,5,0,unknown,0
25,services,single,secondary,no,1498,no,no,cellular,1,0,unknown,0
36,admin.,married,secondary,no,573,yes,no,unknown,2,0,unknown,0
33,management,married,secondary,no,249,yes,no,cellular,3,0,unknown,0
34,management,married,tertiary,no,1416,yes,no,unknown,4,0,unknown,0
37,technician,married,secondary,no,1480,yes,no,unknown,4,0,unknown,0
47,retired,married,primary,no,3332,no,no,unknown,2,0,unknown,0
42,unemployed,single,secondary,no,271,yes,no,cellular,2,6,success,0
35,technician,single,secondary,no,165,no,no,telephone,5,0,unknown,0
33,blue-collar,married,secondary,no,100,yes,yes,unknown,4,0,unknown,0
35,self-employed,single,secondary,no,77,yes,no,cellular,2,0,unknown,0
38,technician,married,tertiary,no,2173,yes,no,cellular,3,0,unknown,0
50,management,married,tertiary,no,288,yes,no,unknown,1,0,unknown,0
26,technician,married,tertiary,no,224,yes,no,telephone,9,0,unknown,0
51,blue-collar,single,secondary,no,1181,yes,no,unknown,1,0,unknown,0
28,blue-collar,single,secondary,no,20,no,yes,cellular,1,0,unknown,0
44,unknown,married,secondary,no,1464,no,no,cellular,3,0,unknown,0
52,self-employed,married,tertiary,no,239,yes,no,cellular,4,0,unknown,0
39,technician,single,secondary,no,-1797,yes,no,cellular,2,0,unknown,0
38,technician,married,tertiary,no,3243,no,no,cellular,2,0,unknown,0
39,self-employed,single,tertiary,no,-1311,no,no,cellular,2,0,unknown,0
43,services,divorced,secondary,no,766,yes,no,telephone,2,0,unknown,0
44,services,married,secondary,no,658,no,no,cellular,2,0,unknown,0
55,management,married,tertiary,no,2408,yes,no,cellular,2,0,unknown,1
29,blue-collar,single,primary,no,2884,yes,no,cellular,1,4,failure,0
47,blue-collar,married,primary,no,1512,yes,no,cellular,1,0,unknown,0
45,unknown,married,secondary,no,1294,no,no,cellular,4,0,unknown,0
54,technician,divorced,tertiary,no,1027,no,no,cellular,1,11,other,1
40,admin.,married,secondary,no,1982,yes,no,cellular,2,0,unknown,0
55,services,married,secondary,no,460,no,yes,cellular,9,0,unknown,1
36,blue-collar,married,secondary,no,974,no,no,unknown,2,0,unknown,0
30,management,married,tertiary,no,862,yes,no,cellular,1,5,failure,0
47,blue-collar,married,primary,no,3178,yes,no,cellular,19,0,unknown,0
26,services,married,secondary,no,536,yes,no,telephone,7,0,unknown,0
37,management,married,tertiary,no,2308,yes,no,cellular,2,4,other,0
35,blue-collar,divorced,secondary,no,1282,yes,no,cellular,1,0,unknown,0
43,blue-collar,married,secondary,no,1517,yes,yes,cellular,1,5,failure,0
35,management,married,secondary,no,1211,yes,no,cellular,2,0,unknown,0
39,management,divorced,tertiary,no,-3313,yes,yes,cellular,2,0,unknown,0
36,technician,single,tertiary,no,821,yes,no,cellular,8,0,unknown,0
45,blue-collar,married,secondary,no,2813,yes,no,unknown,4,0,unknown,0
33,technician,divorced,secondary,no,4109,yes,no,cellular,1,0,unknown,0
41,technician,married,secondary,no,198,no,no,cellular,6,0,unknown,1
40,blue-collar,married,primary,no,1350,no,no,unknown,1,0,unknown,0
53,admin.,married,secondary,no,587,yes,yes,unknown,5,0,unknown,0
35,technician,married,tertiary,no,-347,yes,no,cellular,9,0,unknown,0
46,blue-collar,married,secondary,no,1859,yes,no,unknown,1,0,unknown,0
32,services,single,secondary,no,1831,no,no,cellular,3,0,unknown,0
56,admin.,married,unknown,no,2176,no,no,telephone,2,0,unknown,0
42,admin.,single,secondary,no,507,yes,no,cellular,2,0,unknown,0
45,management,married,unknown,no,2588,yes,no,cellular,1,0,unknown,0
53,management,married,unknown,no,-2246,yes,no,telephone,5,0,success,0
46,admin.,single,secondary,no,1774,yes,no,unknown,2,0,unknown,0
34,blue-collar,single,secondary,no,-157,yes,yes,cellular,1,0,unknown,0
33,technician,single,secondary,no,65,yes,no,cellular,2,2,unknown,0
50,technician,married,tertiary,no,152,yes,no,cellular,1,0,unknown,1
26,admin.,single,tertiary,no,1207,yes,no,cellular,4,0,unknown,0
60,blue-collar,divorced,primary,no,936,yes,no,cellular,3,1,unknown,0
46,admin.,married,secondary,no,93,yes,no,cellular,9,0,unknown,0
49,unemployed,married,unknown,no,227,no,no,cellular,2,0,unknown,0
45,blue-collar,divorced,secondary,no,1480,no,yes,telephone,3,0,unknown,0
52,technician,married,secondary,no,1697,yes,no,unknown,2,0,unknown,0
34,admin.,married,secondary,no,3366,yes,no,unknown,6,3,unknown,0
32,admin.,married,secondary,no,-182,yes,no,unknown,4,0,unknown,0
52,housemaid,married,unknown,no,1986,yes,yes,cellular,2,0,unknown,0
40,services,single,secondary,no,563,no,no,unknown,3,0,unknown,0
39,technician,married,tertiary,no,4086,no,no,cellular,1,0,unknown,0
44,entrepreneur,divorced,secondary,no,5013,no,no,cellular,1,0,unknown,0
31,student,single,unknown,no,-45,yes,no,cellular,1,0,unknown,0
39,management,single,tertiary,no,1924,no,yes,cellular,3,4,failure,0
26,unemployed,single,secondary,no,-263,yes,no,unknown,2,0,unknown,0
38,blue-collar,single,tertiary,no,350,yes,no,cellular,1,2,other,0
51,housemaid,divorced,secondary,no,1034,no,no,telephone,2,0,unknown,0
35,blue-collar,married,secondary,no,908,yes,no,unknown,2,0,unknown,0
40,blue-collar,married,secondary,no,136,yes,no,unknown,2,0,unknown,0
51,management,married,tertiary,no,1228,no,no,unknown,5,0,unknown,0
45,technician,married,secondary,yes,-832,yes,no,cellular,1,0,unknown,0
34,blue-collar,married,secondary,no,934,yes,no,cellular,2,0,unknown,0
65,blue-collar,divorced,tertiary,no,-34,yes,yes,unknown,2,0,unknown,0
32,management,married,tertiary,no,4198,no,no,cellular,3,4,other,0
66,management,married,unknown,no,854,no,no,telephone,2,0,unknown,0
62,retired,married,primary,no,371,yes,no,cellular,1,0,unknown,0
38,services,single,primary,no,764,yes,no,unknown,20,0,unknown,0
45,technician,married,tertiary,no,2403,no,no,cellular,3,0,unknown,0
40,blue-collar,married,secondary,no,2560,yes,no,unknown,3,0,unknown,0
24,blue-collar,single,tertiary,no,238,yes,yes,cellular,1,0,failure,0
24,student,single,unknown,no,4060,no,no,cellular,5,1,other,0
34,blue-collar,married,secondary,no,-101,yes,no,cellular,1,0,unknown,0
62,services,married,secondary,no,7402,yes,no,cellular,1,0,unknown,0
36,technician,married,secondary,no,121,yes,yes,cellular,2,2,failure,0
49,entrepreneur,single,secondary,no,24,yes,no,unknown,4,0,unknown,1
24,entrepreneur,divorced,secondary,no,-5,yes,no,cellular,2,0,unknown,0
45,blue-collar,married,secondary,no,11352,no,no,unknown,3,0,unknown,0
63,management,married,tertiary,no,1167,yes,no,telephone,2,0,unknown,0
39,services,married,tertiary,no,7,yes,no,cellular,1,0,unknown,0
45,unknown,divorced,primary,no,3236,no,yes,cellular,6,0,unknown,0
28,services,single,secondary,no,145,yes,no,cellular,1,1,failure,0
35,services,married,secondary,no,2688,yes,no,cellular,2,2,unknown,0
40,technician,married,primary,no,478,yes,no,unknown,4,4,unknown,0
35,management,single,tertiary,no,462,yes,no,cellular,5,0,unknown,0
43,blue-collar,divorced,primary,no,71,yes,no,unknown,1,0,unknown,0
49,unknown,married,secondary,no,1221,no,no,telephone,2,0,unknown,0
34,blue-collar,single,secondary,no,113,yes,yes,unknown,4,0,unknown,0
28,management,married,tertiary,no,998,yes,no,unknown,2,0,unknown,0
21,blue-collar,single,primary,no,3700,no,no,cellular,1,0,unknown,0
56,retired,married,tertiary,no,2221,yes,no,unknown,3,0,unknown,0
38,services,single,secondary,no,161,no,yes,unknown,2,0,unknown,0
38,technician,married,secondary,no,1770,yes,yes,cellular,2,2,failure,0
53,unknown,married,primary,no,237,no,no,telephone,2,0,unknown,0
48,admin.,married,secondary,no,4711,no,no,cellular,5,0,unknown,0
30,blue-collar,married,secondary,no,367,yes,no,cellular,9,7,unknown,0
38,management,divorced,secondary,no,1681,yes,yes,cellular,6,0,unknown,0
34,management,single,tertiary,no,4965,no,no,cellular,6,5,failure,0
30,admin.,married,secondary,yes,-507,yes,no,cellular,3,0,unknown,0
47,admin.,married,secondary,no,10573,yes,no,cellular,1,1,unknown,0
56,management,married,secondary,no,39,yes,yes,unknown,1,0,unknown,0
48,technician,married,tertiary,no,1964,no,no,cellular,2,0,unknown,0
66,technician,married,tertiary,no,7695,no,no,cellular,1,5,failure,1
48,admin.,single,tertiary,no,12154,no,no,cellular,2,0,unknown,0
33,blue-collar,married,primary,no,403,yes,yes,unknown,1,0,unknown,0
53,housemaid,married,primary,no,-314,yes,no,cellular,1,0,unknown,0
47,technician,single,tertiary,no,-121,no,no,cellular,4,0,unknown,0
34,blue-collar,married,primary,no,419,yes,yes,unknown,4,0,unknown,0
47,unemployed,single,tertiary,no,-1617,yes,no,cellular,1,1,failure,0
30,admin.,married,secondary,no,1744,yes,no,cellular,2,1,unknown,1
38,unemployed,married,secondary,no,1538,no,no,cellular,3,0,unknown,0
54,technician,married,unknown,no,223,no,no,cellular,3,0,unknown,0
63,blue-collar,married,unknown,no,205,yes,no,unknown,2,0,unknown,0
39,blue-collar,married,secondary,no,802,yes,no,unknown,1,0,unknown,0
35,management,single,tertiary,no,4877,yes,no,cellular,2,0,unknown,0
45,services,married,secondary,no,-711,yes,no,unknown,1,0,unknown,0
36,blue-collar,divorced,secondary,no,492,yes,no,unknown,1,0,unknown,0
38,admin.,married,secondary,no,-76,yes,no,cellular,1,0,unknown,0
28,services,married,tertiary,no,4977,yes,no,unknown,1,0,unknown,0
47,entrepreneur,married,secondary,no,2051,no,no,cellular,4,0,unknown,0
29,blue-collar,married,primary,no,177,yes,no,unknown,1,1,failure,0
66,retired,married,secondary,no,9062,no,no,telephone,1,0,failure,0
51,management,divorced,tertiary,no,351,no,no,unknown,2,0,other,0
51,unemployed,married,primary,no,216,no,no,cellular,3,0,unknown,0
62,technician,married,tertiary,no,5888,yes,no,cellular,15,0,unknown,0
31,management,single,tertiary,no,569,yes,no,unknown,1,0,unknown,0
44,entrepreneur,married,tertiary,no,1149,yes,no,cellular,3,0,unknown,0
49,self-employed,single,tertiary,no,291,yes,no,cellular,1,5,unknown,0
52,blue-collar,married,primary,no,4201,yes,no,cellular,43,0,unknown,0
44,technician,married,secondary,no,535,no,no,cellular,6,0,unknown,1
38,blue-collar,married,secondary,no,1402,yes,no,cellular,3,0,unknown,0
35,blue-collar,single,secondary,no,8338,yes,no,cellular,2,0,unknown,0
28,services,single,secondary,no,594,yes,no,cellular,2,0,unknown,0
46,technician,married,secondary,no,-473,no,no,cellular,1,0,failure,0
38,blue-collar,married,secondary,no,2187,yes,no,cellular,2,0,unknown,0
27,blue-collar,single,secondary,no,-226,yes,no,cellular,1,3,failure,0
44,blue-collar,married,secondary,no,566,yes,no,cellular,5,0,unknown,0
32,unknown,married,tertiary,no,-81,no,no,cellular,6,0,unknown,0
47,blue-collar,married,primary,no,1330,no,no,cellular,7,0,unknown,0
36,blue-collar,married,primary,no,186,no,no,unknown,1,0,unknown,0
24,technician,divorced,secondary,no,-59,yes,no,unknown,2,0,unknown,0
50,technician,married,secondary,no,130,no,no,unknown,7,0,unknown,0
45,blue-collar,single,secondary,no,3490,no,no,cellular,11,0,unknown,0
37,self-employed,single,tertiary,no,2031,no,no,cellular,1,0,unknown,0
37,self-employed,married,secondary,no,1526,yes,no,unknown,6,0,other,0
39,services,married,secondary,no,2520,yes,no,unknown,3,0,unknown,0
35,blue-collar,married,secondary,no,380,yes,yes,unknown,1,0,unknown,0
76,management,divorced,primary,no,9813,no,no,cellular,1,0,unknown,0
52,admin.,married,secondary,no,1545,yes,no,unknown,5,0,unknown,0
48,blue-collar,married,primary,no,426,no,no,cellular,3,0,unknown,0
37,technician,married,secondary,no,3505,yes,no,unknown,3,0,unknown,1
55,retired,divorced,primary,no,3199,no,no,telephone,3,1,unknown,1
47,blue-collar,married,secondary,no,9622,yes,no,cellular,1,0,unknown,0
33,blue-collar,married,secondary,no,185,yes,no,unknown,4,0,unknown,0
46,housemaid,married,primary,no,1111,yes,no,cellular,3,0,unknown,0
56,retired,married,secondary,no,4094,no,no,cellular,5,0,unknown,0
26,blue-collar,single,secondary,no,446,yes,yes,unknown,2,0,unknown,0
53,admin.,divorced,tertiary,no,338,yes,no,cellular,2,2,failure,1
53,management,married,tertiary,no,6300,yes,no,unknown,7,0,unknown,0
26,self-employed,married,tertiary,no,-613,yes,no,cellular,3,1,unknown,0
21,unemployed,married,unknown,no,4095,no,no,cellular,2,0,unknown,0
73,retired,married,secondary,no,1929,no,no,telephone,6,0,unknown,0
33,technician,divorced,tertiary,no,-658,yes,no,unknown,1,1,unknown,0
47,blue-collar,married,secondary,no,523,yes,no,unknown,4,0,unknown,0
49,management,married,unknown,no,580,yes,no,unknown,2,0,unknown,0
34,management,single,unknown,no,733,yes,no,unknown,1,0,unknown,0
71,retired,married,primary,no,1438,no,no,telephone,1,3,success,1
48,management,married,secondary,no,1476,yes,no,cellular,8,0,unknown,0
44,blue-collar,married,primary,no,1256,yes,yes,cellular,4,0,unknown,0
39,blue-collar,single,secondary,no,490,yes,no,cellular,1,0,unknown,0
34,technician,married,secondary,no,-196,yes,no,cellular,1,0,unknown,0
32,services,single,primary,no,5210,yes,no,unknown,4,0,unknown,0
44,housemaid,married,tertiary,no,11897,yes,no,cellular,4,0,unknown,0
35,entrepreneur,married,tertiary,no,3378,yes,no,unknown,2,0,unknown,0
42,blue-collar,single,secondary,no,34,no,yes,cellular,1,0,unknown,0
31,blue-collar,married,secondary,no,5715,yes,no,unknown,1,0,unknown,0
34,services,divorced,secondary,no,455,yes,yes,unknown,1,0,failure,0
46,technician,married,secondary,no,267,no,no,cellular,4,0,unknown,0
47,blue-collar,married,secondary,no,1085,yes,no,cellular,21,0,other,0
40,admin.,married,tertiary,no,55,yes,no,cellular,1,0,unknown,0
58,blue-collar,married,primary,no,6755,yes,no,unknown,1,0,unknown,0
46,admin.,married,secondary,no,-162,yes,no,cellular,1,3,failure,0
44,management,divorced,secondary,no,836,yes,no,telephone,2,0,unknown,0
35,entrepreneur,single,tertiary,no,1950,no,no,unknown,7,0,unknown,1
35,retired,married,secondary,no,726,yes,no,unknown,10,0,unknown,0
45,housemaid,single,tertiary,no,11949,yes,no,telephone,2,0,unknown,0
57,technician,married,secondary,no,6535,yes,no,unknown,2,0,unknown,0
27,services,single,secondary,no,2965,no,yes,cellular,1,0,unknown,0
31,services,married,tertiary,no,672,yes,no,unknown,3,0,unknown,0
27,services,divorced,primary,no,1831,no,no,cellular,4,0,unknown,0
30,services,married,secondary,no,541,yes,no,unknown,1,0,unknown,0
42,blue-collar,married,secondary,no,365,yes,yes,cellular,1,2,failure,0
39,blue-collar,married,primary,no,300,yes,yes,unknown,3,0,unknown,0
36,management,married,tertiary,no,-99,yes,no,telephone,1,0,unknown,1
44,self-employed,single,secondary,yes,259,yes,no,cellular,2,0,unknown,0
39,admin.,divorced,tertiary,no,3021,no,no,cellular,2,1,unknown,1
68,technician,married,tertiary,no,10112,no,no,cellular,6,0,unknown,0
41,blue-collar,divorced,secondary,no,-1,yes,no,unknown,3,0,unknown,0
40,blue-collar,married,secondary,no,-306,yes,no,unknown,2,0,unknown,0
33,blue-collar,single,tertiary,no,187,no,no,cellular,1,0,unknown,0
63,services,married,secondary,no,263,no,no,cellular,1,1,success,1
28,blue-collar,married,primary,no,387,yes,yes,cellular,2,0,unknown,0
25,blue-collar,single,tertiary,no,2058,yes,no,cellular,1,2,failure,0
32,unemployed,single,secondary,no,-535,yes,no,cellular,1,0,unknown,0
47,technician,divorced,secondary,no,1940,yes,no,cellular,1,0,unknown,0
33,blue-collar,married,unknown,no,276,no,no,unknown,11,0,unknown,0
28,management,single,tertiary,no,2196,no,no,cellular,1,1,unknown,0
31,admin.,single,tertiary,no,815,no,no,cellular,1,7,success,1
29,student,single,secondary,no,-233,no,yes,cellular,2,0,unknown,0
40,blue-collar,married,secondary,no,-483,yes,no,cellular,3,2,unknown,1
24,management,single,tertiary,no,2898,yes,no,cellular,1,0,unknown,1
38,services,married,primary,no,629,no,no,cellular,1,2,failure,0
38,management,single,tertiary,no,60,no,no,cellular,2,0,unknown,0
30,technician,married,secondary,no,8580,yes,no,unknown,1,0,unknown,0
63,retired,married,primary,no,-561,no,no,unknown,2,0,unknown,0
31,entrepreneur,married,tertiary,no,3908,no,no,unknown,12,1,other,0
39,unemployed,single,secondary,no,9007,yes,no,cellular,3,1,unknown,0
29,blue-collar,married,secondary,no,1188,yes,no,cellular,1,0,unknown,0
43,self-employed,single,tertiary,no,10727,no,no,cellular,2,0,unknown,0
45,admin.,married,secondary,no,5126,no,no,cellular,2,0,unknown,0
37,admin.,married,secondary,no,-1060,yes,no,unknown,1,0,unknown,0
42,student,single,unknown,no,1265,no,no,unknown,3,0,unknown,0
32,services,single,secondary,no,2099,yes,yes,unknown,1,0,unknown,0
53,management,married,tertiary,no,5635,no,no,cellular,2,6,other,0
61,retired,divorced,secondary,no,-2353,yes,no,telephone,3,19,other,0
36,services,married,secondary,no,-12,yes,no,cellular,12,0,unknown,0
42,admin.,married,primary,no,-53,yes,no,unknown,5,0,unknown,0
28,admin.,divorced,secondary,no,182,yes,no,cellular,3,0,unknown,0
33,self-employed,single,secondary,no,394,yes,yes,cellular,2,2,failure,0
58,retired,married,tertiary,no,1615,no,yes,cellular,7,0,unknown,0
55,blue-collar,married,secondary,no,261,yes,no,telephone,1,0,unknown,0
29,admin.,married,secondary,no,3286,yes,no,cellular,1,3,success,0
36,blue-collar,single,primary,no,4563,yes,no,unknown,3,0,unknown,0
35,self-employed,single,tertiary,no,49,no,no,cellular,3,0,unknown,1
33,management,married,secondary,no,4935,yes,no,cellular,5,0,unknown,0
28,admin.,married,secondary,no,400,yes,no,cellular,6,0,unknown,0
30,management,single,tertiary,no,2006,no,no,cellular,2,0,other,0
30,management,married,secondary,no,784,yes,no,cellular,2,0,unknown,0
34,management,married,tertiary,no,36,no,no,cellular,3,0,unknown,0
55,management,married,tertiary,no,3044,no,no,cellular,1,0,unknown,0
32,housemaid,married,primary,no,1004,no,no,cellular,5,0,unknown,0
40,entrepreneur,married,tertiary,no,17157,yes,no,cellular,1,0,unknown,0
47,blue-collar,divorced,primary,no,93,no,no,cellular,1,4,other,0
49,housemaid,married,tertiary,no,8522,yes,no,cellular,10,0,unknown,0
32,services,divorced,secondary,no,265,yes,no,unknown,3,0,unknown,0
51,management,single,unknown,no,1058,no,no,unknown,3,0,unknown,0
23,technician,married,secondary,no,-1035,yes,no,unknown,1,0,unknown,0
46,blue-collar,married,secondary,no,-334,yes,no,cellular,1,0,unknown,0
54,technician,married,secondary,no,-253,no,no,cellular,1,0,unknown,0
21,technician,divorced,secondary,no,3475,yes,no,unknown,1,0,unknown,0
34,technician,single,secondary,no,338,no,no,cellular,2,0,unknown,0
47,blue-collar,married,primary,no,1562,yes,no,unknown,7,0,unknown,0
48,admin.,married,secondary,no,1494,yes,yes,cellular,19,0,unknown,0
57,admin.,married,secondary,no,2232,yes,no,cellular,1,0,unknown,0
48,services,single,tertiary,no,339,no,yes,cellular,7,0,unknown,0
51,services,divorced,secondary,no,957,yes,no,cellular,2,2,unknown,0
25,management,single,unknown,no,2944,no,no,cellular,1,0,unknown,0
44,retired,married,secondary,no,-597,no,yes,unknown,1,0,unknown,0
27,management,married,tertiary,no,2780,yes,yes,cellular,1,2,success,1
44,admin.,married,secondary,no,2941,no,no,telephone,2,0,unknown,0
36,management,married,tertiary,no,21522,no,no,cellular,2,0,unknown,0
56,admin.,divorced,secondary,no,-369,yes,no,cellular,3,0,unknown,0
37,blue-collar,divorced,secondary,no,516,yes,no,unknown,1,0,unknown,0
31,blue-collar,married,secondary,no,174,yes,no,unknown,1,0,unknown,0
37,admin.,married,tertiary,no,27,yes,no,cellular,1,0,failure,0
52,services,married,secondary,no,484,no,yes,cellular,12,0,other,0
34,blue-collar,married,primary,no,4114,yes,no,unknown,5,0,unknown,0
54,blue-collar,married,primary,no,4086,no,no,cellular,1,0,unknown,0
51,blue-collar,married,tertiary,no,-404,yes,no,cellular,1,1,other,0
54,management,married,tertiary,no,321,no,no,telephone,2,0,unknown,0
39,entrepreneur,divorced,primary,no,997,yes,no,cellular,1,0,unknown,0
31,management,married,tertiary,no,-41,no,yes,cellular,1,0,unknown,0
40,admin.,married,primary,no,594,yes,no,cellular,1,2,unknown,0
31,blue-collar,married,secondary,no,1728,yes,no,unknown,4,0,unknown,0
45,blue-collar,married,primary,no,14,no,no,cellular,2,0,unknown,1
44,blue-collar,single,unknown,no,568,no,no,unknown,1,0,unknown,0
30,management,single,tertiary,no,1977,no,no,cellular,4,0,unknown,0
38,management,single,tertiary,no,1190,yes,no,cellular,1,1,failure,0
69,technician,married,tertiary,no,2367,yes,no,cellular,2,2,success,0
37,technician,married,tertiary,no,606,yes,no,cellular,3,1,unknown,0
28,management,single,tertiary,no,32,no,no,cellular,3,0,unknown,0
40,entrepreneur,married,secondary,no,-883,no,yes,unknown,2,0,unknown,0
44,blue-collar,married,secondary,no,2369,yes,no,cellular,4,1,failure,0
29,management,single,tertiary,no,1840,no,no,cellular,4,0,unknown,0
36,technician,married,tertiary,no,29,no,no,cellular,2,0,unknown,0
43,blue-collar,single,secondary,no,48,no,no,cellular,2,3,success,0
32,technician,single,secondary,no,-135,yes,no,cellular,1,0,unknown,0
43,management,married,secondary,no,-374,no,no,cellular,6,0,unknown,0
43,technician,married,secondary,no,5561,yes,no,cellular,2,0,unknown,0
37,technician,married,secondary,no,5517,yes,no,cellular,1,0,success,0
32,blue-collar,married,secondary,no,1904,yes,no,cellular,1,0,unknown,1
44,admin.,married,secondary,no,335,no,yes,cellular,1,0,unknown,0
59,blue-collar,married,primary,no,3168,no,no,unknown,4,0,unknown,0
35,services,married,secondary,no,3980,yes,yes,cellular,3,0,unknown,0
34,technician,single,tertiary,no,298,yes,no,cellular,23,0,unknown,0
37,management,married,tertiary,no,6554,yes,no,unknown,1,0,unknown,0
33,services,divorced,secondary,no,3027,no,no,cellular,4,1,success,0
43,unemployed,married,secondary,no,995,yes,no,unknown,1,0,unknown,0
46,services,married,unknown,no,-125,no,no,telephone,1,0,unknown,0
41,services,married,secondary,no,682,yes,yes,cellular,3,0,unknown,0
54,technician,married,unknown,no,408,no,no,unknown,5,0,unknown,0
37,management,married,tertiary,no,12,yes,no,unknown,2,0,unknown,0
37,blue-collar,married,primary,no,-439,yes,no,unknown,1,0,unknown,0
36,blue-collar,married,primary,no,1957,yes,no,unknown,1,0,unknown,0
30,management,single,tertiary,no,-3313,yes,no,cellular,2,0,unknown,0
41,admin.,married,secondary,no,283,no,yes,unknown,3,0,unknown,0
40,services,married,secondary,no,-762,no,no,cellular,2,0,unknown,0
37,services,single,secondary,no,-169,yes,no,unknown,3,0,unknown,0
35,unknown,single,tertiary,no,-44,no,no,cellular,2,0,unknown,0
47,technician,single,tertiary,no,2107,no,no,cellular,1,0,unknown,1
56,student,married,tertiary,no,3225,no,no,unknown,5,0,unknown,0
49,blue-collar,single,tertiary,no,441,yes,no,cellular,4,0,unknown,0
44,admin.,married,secondary,no,-642,yes,no,cellular,1,0,unknown,1
50,technician,married,secondary,no,6155,no,no,cellular,3,0,unknown,0
44,housemaid,divorced,secondary,no,2243,no,yes,cellular,2,0,unknown,0
35,technician,single,secondary,no,4667,yes,no,cellular,3,0,unknown,0
48,blue-collar,married,secondary,no,3276,no,no,cellular,4,0,unknown,0
41,retired,married,secondary,no,42,no,no,unknown,1,0,unknown,0
50,entrepreneur,divorced,secondary,no,2157,no,no,cellular,1,0,unknown,0
46,management,married,tertiary,no,-340,yes,no,cellular,3,1,unknown,0
44,blue-collar,married,secondary,no,2471,no,no,cellular,21,0,unknown,0
40,technician,married,secondary,no,-35,yes,yes,cellular,1,1,failure,0
41,technician,married,secondary,no,1515,yes,no,cellular,2,5,failure,0
29,management,married,secondary,no,34,yes,no,cellular,9,0,unknown,0
42,blue-collar,single,secondary,no,1061,yes,yes,unknown,6,0,unknown,0
39,technician,single,secondary,no,1788,yes,no,cellular,1,1,other,0
60,management,married,tertiary,no,12124,yes,no,cellular,7,0,unknown,0
41,services,married,secondary,no,818,yes,yes,cellular,1,0,unknown,0
35,management,single,secondary,no,-272,yes,no,cellular,4,0,failure,0
39,housemaid,married,primary,no,1141,no,no,cellular,2,0,unknown,0
51,unknown,married,secondary,no,-609,no,no,cellular,2,1,success,1
34,blue-collar,married,unknown,no,101,yes,no,cellular,11,0,unknown,0
61,self-employed,single,tertiary,no,3755,no,no,cellular,2,0,unknown,0
25,management,married,secondary,no,-812,no,no,unknown,1,0,unknown,0
35,admin.,married,secondary,no,441,no,yes,cellular,2,2,unknown,1
29,management,married,tertiary,no,242,yes,yes,cellular,1,0,unknown,0
23,admin.,married,secondary,no,21,no,no,cellular,1,0,unknown,0
34,blue-collar,single,secondary,no,474,yes,yes,cellular,3,13,failure,0
28,student,single,secondary,no,1111,no,no,cellular,2,0,unknown,0
59,retired,single,tertiary,no,6181,no,yes,unknown,7,2,failure,0
62,unemployed,single,tertiary,no,2190,yes,no,unknown,4,0,other,0
25,self-employed,married,secondary,no,-888,yes,yes,unknown,2,0,unknown,0
30,blue-collar,divorced,unknown,no,933,yes,no,cellular,1,1,failure,0
37,technician,single,secondary,no,544,no,no,cellular,2,0,unknown,0
40,entrepreneur,married,tertiary,no,6601,yes,no,cellular,3,0,unknown,0
41,management,married,unknown,no,386,yes,no,cellular,1,0,unknown,0
47,technician,married,tertiary,no,723,no,no,unknown,2,0,unknown,0
87,blue-collar,married,secondary,no,2069,yes,no,telephone,1,3,other,1
38,management,married,tertiary,no,-22,no,no,cellular,2,5,failure,0
62,blue-collar,married,primary,no,433,no,no,telephone,1,0,unknown,0
50,blue-collar,married,unknown,no,11,yes,no,telephone,6,1,unknown,0
34,services,married,secondary,no,2610,yes,no,unknown,2,0,unknown,0
29,technician,divorced,secondary,no,256,no,yes,cellular,8,0,unknown,0
33,technician,single,tertiary,no,2798,no,no,cellular,3,0,unknown,0
32,blue-collar,married,secondary,no,431,yes,no,cellular,8,0,unknown,0
57,unemployed,divorced,secondary,no,222,no,no,cellular,2,0,unknown,0
31,blue-collar,married,secondary,no,11,yes,no,unknown,5,0,unknown,0
33,blue-collar,married,secondary,no,132,yes,yes,cellular,2,2,unknown,0
57,blue-collar,married,unknown,no,498,yes,no,cellular,1,0,unknown,0
42,blue-collar,married,primary,no,95,no,no,cellular,2,0,unknown,0
51,admin.,married,secondary,no,579,yes,no,cellular,1,0,unknown,0
41,technician,married,secondary,no,889,yes,no,cellular,3,0,unknown,0
38,services,single,secondary,no,1582,yes,no,cellular,4,0,unknown,1
57,blue-collar,married,tertiary,no,1274,no,no,cellular,1,2,success,1
40,admin.,married,secondary,no,321,no,no,unknown,2,0,unknown,0
31,self-employed,single,secondary,no,873,no,no,cellular,1,0,unknown,0
47,blue-collar,married,secondary,no,4789,yes,no,cellular,1,0,unknown,0
36,management,married,secondary,no,2172,yes,no,cellular,4,0,unknown,0
52,management,married,tertiary,no,49,no,no,cellular,19,0,unknown,0
44,services,single,tertiary,no,4948,yes,no,unknown,2,0,unknown,0
49,management,single,secondary,no,4705,no,no,unknown,6,0,unknown,0
45,technician,married,tertiary,no,-674,yes,yes,cellular,3,0,unknown,0
51,technician,married,tertiary,no,145,no,no,cellular,1,0,unknown,0
51,housemaid,married,secondary,no,4944,no,no,cellular,5,0,unknown,0
43,services,single,secondary,no,-341,no,yes,cellular,1,0,unknown,0
43,management,married,tertiary,no,-129,yes,no,unknown,3,0,unknown,0
27,services,single,secondary,no,1304,no,no,cellular,1,1,unknown,0
35,self-employed,married,secondary,no,-1442,no,no,cellular,6,2,unknown,0
28,unemployed,single,secondary,no,772,no,yes,unknown,1,1,unknown,1
34,services,married,secondary,no,384,no,no,cellular,3,0,unknown,0
74,management,married,unknown,no,2981,no,no,telephone,1,0,unknown,1
32,housemaid,single,tertiary,no,131,yes,no,telephone,1,0,unknown,0
41,blue-collar,married,secondary,no,281,yes,no,unknown,1,0,unknown,0
49,management,married,tertiary,no,491,yes,no,unknown,6,0,unknown,0
28,blue-collar,single,secondary,no,2575,yes,no,unknown,11,0,unknown,0
51,entrepreneur,married,secondary,no,2142,no,no,cellular,5,0,unknown,0
19,blue-collar,married,secondary,no,-108,yes,yes,unknown,2,0,unknown,0
44,management,single,secondary,no,134,yes,no,unknown,4,0,unknown,0
24,blue-collar,single,secondary,no,214,no,no,unknown,1,1,unknown,0
40,services,married,secondary,no,-3313,yes,no,cellular,3,9,other,0
26,admin.,single,tertiary,no,2326,yes,no,unknown,4,0,unknown,1
40,blue-collar,married,secondary,no,2362,no,no,telephone,3,0,unknown,0
35,blue-collar,married,secondary,no,9900,yes,no,cellular,5,20,failure,0
60,retired,married,tertiary,no,212,yes,no,cellular,1,0,unknown,0
52,retired,married,tertiary,no,2243,no,no,cellular,3,0,unknown,0
51,services,married,secondary,no,789,yes,no,unknown,3,0,unknown,0
35,retired,married,primary,no,-885,yes,no,cellular,2,0,unknown,1
31,blue-collar,married,secondary,no,-471,yes,no,unknown,1,0,unknown,0
58,retired,divorced,secondary,no,11236,no,no,cellular,1,0,unknown,1
46,technician,married,secondary,no,1924,yes,no,cellular,6,0,unknown,1
49,management,married,tertiary,no,-443,no,no,cellular,2,0,unknown,0
37,blue-collar,married,secondary,no,-209,no,no,cellular,1,3,failure,0
32,admin.,married,secondary,no,-119,yes,no,cellular,3,0,unknown,0
58,technician,married,primary,no,14139,no,no,cellular,2,0,unknown,0
77,admin.,married,primary,no,22538,no,no,cellular,2,0,unknown,0
37,blue-collar,married,primary,no,2,no,no,cellular,1,0,unknown,0
39,technician,single,tertiary,no,1407,yes,no,cellular,1,2,failure,1
27,services,single,secondary,no,320,yes,no,cellular,1,0,unknown,0
47,blue-collar,married,primary,no,990,yes,no,cellular,6,0,unknown,0
28,services,single,primary,no,-3313,yes,no,cellular,1,0,unknown,0
44,housemaid,married,primary,no,420,no,no,cellular,3,0,unknown,0
55,management,married,primary,no,5117,no,no,cellular,4,0,unknown,0
56,technician,married,secondary,no,829,yes,no,unknown,3,0,unknown,0
46,blue-collar,married,primary,no,763,no,no,unknown,4,0,unknown,0
34,technician,single,tertiary,no,652,yes,yes,unknown,2,0,unknown,0
30,technician,single,secondary,no,1055,yes,no,cellular,2,0,unknown,0
27,admin.,single,tertiary,no,5004,no,no,cellular,3,3,other,0
27,management,married,tertiary,no,576,yes,no,cellular,5,3,unknown,1
34,self-employed,divorced,primary,no,82,yes,no,cellular,1,1,failure,0
33,technician,married,unknown,no,4698,yes,no,cellular,2,2,other,0
48,management,divorced,tertiary,no,1672,no,no,cellular,5,0,unknown,0
33,technician,single,tertiary,no,9597,no,no,cellular,1,4,other,0
49,management,divorced,secondary,no,1729,yes,no,cellular,5,0,unknown,0
36,technician,married,secondary,no,8,no,no,cellular,6,0,unknown,0
37,admin.,single,primary,no,22,yes,yes,unknown,8,0,unknown,0
39,services,divorced,secondary,no,1789,no,yes,cellular,1,0,unknown,0
44,technician,married,secondary,no,1607,yes,no,cellular,2,0,unknown,0
58,admin.,married,tertiary,no,4288,no,no,cellular,3,1,failure,1
33,admin.,married,secondary,no,926,yes,yes,cellular,1,2,failure,0
49,admin.,married,secondary,no,1407,yes,no,unknown,4,0,unknown,0
27,management,divorced,secondary,no,73,yes,no,cellular,6,0,unknown,0
59,management,divorced,tertiary,no,15549,yes,no,cellular,1,1,unknown,1
39,services,married,secondary,no,3996,no,no,unknown,1,1,unknown,0
63,admin.,married,secondary,no,1565,no,no,cellular,3,2,unknown,0
52,management,married,tertiary,no,5,no,no,cellular,3,0,unknown,0
39,unemployed,married,tertiary,no,-893,no,yes,cellular,4,0,unknown,0
52,entrepreneur,married,secondary,no,18,no,no,unknown,2,0,unknown,0
44,management,married,secondary,no,310,yes,no,cellular,1,0,unknown,0
28,unemployed,single,tertiary,no,6035,yes,no,unknown,1,0,unknown,0
21,technician,single,secondary,no,622,yes,no,unknown,2,0,unknown,0
26,admin.,single,primary,no,828,yes,no,unknown,2,0,unknown,1
44,technician,single,secondary,no,103,yes,no,cellular,3,0,unknown,0
57,services,divorced,primary,no,1311,no,no,unknown,1,0,unknown,1
44,admin.,married,secondary,no,293,yes,no,unknown,8,0,unknown,0
54,management,married,primary,no,1611,yes,yes,cellular,1,4,unknown,0
48,blue-collar,married,secondary,no,4721,yes,no,unknown,7,0,unknown,0
39,blue-collar,married,secondary,no,1524,yes,no,unknown,1,0,unknown,0
28,management,single,tertiary,no,505,yes,no,cellular,3,0,unknown,0
51,technician,married,tertiary,no,1202,no,no,cellular,5,1,failure,0
38,admin.,married,secondary,no,1617,yes,no,cellular,4,5,failure,0
34,management,married,tertiary,no,1335,yes,no,cellular,3,5,failure,1
49,unemployed,divorced,tertiary,no,2190,yes,no,cellular,1,0,unknown,0
34,services,married,tertiary,no,1626,yes,no,cellular,4,1,other,1
42,self-employed,divorced,primary,no,6102,yes,no,telephone,2,5,other,0
25,management,married,tertiary,no,653,no,yes,cellular,1,0,unknown,0
51,technician,married,secondary,no,2350,no,yes,cellular,8,0,unknown,0
27,blue-collar,married,primary,no,2644,yes,no,unknown,4,0,unknown,0
36,technician,divorced,secondary,no,-230,yes,no,unknown,6,2,failure,0
52,technician,divorced,secondary,no,4832,yes,no,unknown,1,0,unknown,0
50,entrepreneur,married,tertiary,no,963,yes,no,cellular,1,1,unknown,0
42,blue-collar,married,tertiary,no,1802,no,yes,cellular,10,0,unknown,0
60,admin.,married,secondary,no,1992,no,yes,unknown,2,0,unknown,0
32,unknown,married,tertiary,no,5881,no,no,cellular,6,0,unknown,0
43,housemaid,married,tertiary,no,864,no,no,cellular,5,0,unknown,0
37,housemaid,married,primary,no,8214,no,no,unknown,4,0,unknown,0
69,management,married,secondary,no,4177,yes,no,cellular,1,1,success,1
34,technician,married,tertiary,no,35,yes,yes,cellular,6,0,unknown,0
30,management,single,secondary,no,149,no,no,cellular,4,0,unknown,0
34,technician,single,unknown,no,2411,no,no,cellular,1,0,unknown,0
33,management,single,tertiary,no,5390,yes,no,telephone,4,0,unknown,0
36,technician,married,tertiary,no,4837,no,no,cellular,9,0,unknown,0
35,technician,single,tertiary,no,1064,yes,no,unknown,1,0,unknown,0
44,technician,married,tertiary,no,7379,no,no,cellular,2,0,unknown,0
50,management,married,primary,no,-1060,yes,no,unknown,2,0,unknown,0
29,technician,married,secondary,no,2861,no,no,cellular,3,0,unknown,0
24,blue-collar,single,primary,no,972,yes,no,unknown,3,2,unknown,0
30,technician,married,secondary,no,20,yes,no,cellular,5,0,unknown,0
32,management,single,tertiary,no,740,yes,no,unknown,1,0,unknown,0
43,management,single,tertiary,no,313,no,no,unknown,3,0,unknown,0
34,blue-collar,single,secondary,no,-78,yes,no,cellular,2,2,unknown,0
40,management,married,tertiary,no,263,yes,yes,unknown,1,2,unknown,0
30,management,single,secondary,no,916,no,no,cellular,3,0,unknown,0
50,unknown,married,secondary,no,3162,no,no,unknown,1,0,unknown,0
38,entrepreneur,divorced,secondary,no,88,yes,yes,unknown,3,0,unknown,0
51,services,single,secondary,no,4373,no,no,unknown,2,1,failure,0
62,retired,married,primary,no,90,no,no,cellular,1,0,unknown,0
52,admin.,married,tertiary,no,230,yes,no,unknown,1,1,unknown,0
33,blue-collar,divorced,tertiary,no,4034,no,no,cellular,6,0,unknown,0
60,housemaid,married,primary,no,533,yes,no,telephone,2,0,unknown,0
43,services,single,secondary,no,-77,yes,no,cellular,19,0,unknown,0
28,management,single,tertiary,no,2422,no,no,cellular,2,0,unknown,0
31,services,single,secondary,no,-722,no,yes,unknown,1,0,unknown,0
33,blue-collar,married,secondary,no,140,yes,no,unknown,3,0,unknown,0
47,self-employed,married,tertiary,no,1141,no,no,cellular,1,0,unknown,0
38,self-employed,married,secondary,no,-161,yes,no,cellular,2,0,failure,0
26,unemployed,single,unknown,no,-307,no,no,telephone,3,0,unknown,0
30,blue-collar,married,secondary,no,1782,yes,no,cellular,1,2,other,0
56,entrepreneur,divorced,unknown,no,-447,yes,yes,cellular,4,0,unknown,0
54,blue-collar,single,primary,no,-591,yes,no,cellular,4,0,unknown,0
43,self-employed,married,secondary,no,3012,yes,no,cellular,1,0,unknown,0
41,blue-collar,married,secondary,no,1279,yes,no,cellular,2,0,unknown,0
48,services,divorced,tertiary,no,4304,no,no,unknown,6,0,unknown,0
44,blue-collar,married,primary,no,85,no,no,cellular,2,0,unknown,0
36,blue-collar,married,secondary,no,942,yes,no,cellular,3,1,failure,0
23,management,married,secondary,no,2759,no,no,cellular,2,0,unknown,1
47,services,married,primary,no,2476,yes,no,cellular,1,1,success,0
43,blue-collar,married,secondary,no,11,no,no,unknown,1,0,unknown,0
56,entrepreneur,married,secondary,no,8042,no,no,cellular,8,0,unknown,0
50,technician,married,secondary,no,724,no,no,cellular,1,2,other,0
24,admin.,single,secondary,yes,1516,yes,yes,unknown,10,0,unknown,0
53,blue-collar,married,secondary,no,-113,yes,no,unknown,2,0,unknown,0
44,blue-collar,married,primary,no,466,yes,no,unknown,1,0,unknown,0
47,technician,married,secondary,no,1735,no,no,cellular,2,1,unknown,0
40,self-employed,divorced,tertiary,no,3777,no,no,cellular,2,0,unknown,0
48,admin.,single,secondary,no,104,no,yes,cellular,2,3,unknown,0
54,unknown,married,tertiary,no,1217,no,no,unknown,3,0,unknown,1
57,self-employed,married,secondary,no,3989,yes,yes,cellular,2,2,failure,0
37,management,single,secondary,no,-536,yes,no,cellular,1,0,unknown,0
24,student,single,secondary,no,8980,yes,no,unknown,2,0,unknown,0
41,blue-collar,married,unknown,no,3941,yes,no,telephone,1,2,unknown,0
55,technician,divorced,secondary,no,812,yes,no,cellular,3,1,failure,1
60,retired,divorced,secondary,no,803,no,yes,cellular,3,0,unknown,0
32,management,single,secondary,no,182,yes,no,cellular,2,0,unknown,1
26,blue-collar,married,secondary,yes,-27,yes,no,cellular,11,0,unknown,0
35,unemployed,married,tertiary,no,754,yes,no,cellular,3,0,unknown,1
57,services,married,secondary,no,3429,no,yes,cellular,8,0,unknown,0
39,self-employed,single,tertiary,no,3283,no,no,cellular,3,0,unknown,0
35,management,married,tertiary,no,20648,yes,no,unknown,1,4,failure,0
35,services,single,secondary,no,2616,yes,no,cellular,2,1,other,0
33,services,married,secondary,no,1133,no,no,cellular,3,0,unknown,0
51,self-employed,divorced,tertiary,no,1998,yes,no,cellular,6,5,other,1
62,services,single,primary,no,5064,no,no,cellular,1,1,failure,0
32,blue-collar,married,primary,no,874,yes,yes,cellular,3,2,unknown,0
23,student,single,tertiary,no,732,no,no,cellular,4,0,unknown,0
36,blue-collar,single,secondary,no,-204,no,yes,cellular,1,0,unknown,0
29,management,single,tertiary,no,6880,yes,no,cellular,1,0,unknown,0
29,technician,married,secondary,no,1088,no,no,cellular,3,0,unknown,1
24,blue-collar,single,secondary,no,121,yes,no,unknown,4,0,unknown,0
52,blue-collar,married,secondary,no,238,yes,no,unknown,1,0,unknown,0
40,blue-collar,married,primary,no,5540,yes,no,unknown,6,0,unknown,0
32,blue-collar,married,secondary,no,234,yes,no,unknown,1,0,unknown,0
27,admin.,single,tertiary,no,-675,no,no,cellular,2,2,unknown,0
34,technician,married,secondary,no,76,no,no,cellular,4,0,unknown,0
51,management,single,tertiary,no,429,yes,no,cellular,1,0,unknown,0
60,technician,married,secondary,no,4021,yes,no,cellular,1,4,failure,1
27,management,single,tertiary,no,2280,no,no,cellular,2,0,unknown,1
35,technician,divorced,secondary,no,70,no,no,cellular,2,0,unknown,0
40,management,married,tertiary,no,8213,no,no,cellular,4,2,unknown,0
43,entrepreneur,married,secondary,no,272,yes,no,cellular,1,0,unknown,0
25,services,single,secondary,no,2074,yes,no,unknown,1,0,unknown,0
30,blue-collar,married,secondary,no,370,yes,no,cellular,5,15,unknown,0
42,management,single,tertiary,no,2863,yes,no,cellular,2,0,unknown,0
48,services,married,secondary,no,10241,no,no,cellular,2,0,unknown,0
35,admin.,single,secondary,no,1856,yes,no,cellular,2,2,unknown,0
63,housemaid,married,secondary,no,3233,yes,no,telephone,2,0,unknown,0
40,unknown,married,secondary,no,683,no,no,cellular,2,7,other,1
36,blue-collar,single,secondary,no,-511,yes,no,cellular,1,1,success,0
51,unemployed,single,secondary,no,1434,yes,no,unknown,40,0,unknown,0
35,blue-collar,single,secondary,no,1528,yes,yes,cellular,2,0,unknown,0
48,blue-collar,married,secondary,no,530,yes,no,cellular,1,1,failure,0
49,technician,divorced,unknown,no,803,yes,no,cellular,1,0,unknown,0
28,blue-collar,single,secondary,no,8892,yes,no,unknown,19,0,unknown,0
58,blue-collar,single,primary,no,114,yes,no,cellular,4,1,failure,0
65,retired,married,primary,no,4649,yes,yes,unknown,1,0,unknown,0
53,technician,single,secondary,no,5163,no,no,cellular,2,0,unknown,0
28,admin.,single,secondary,no,5,yes,no,cellular,1,0,unknown,0
30,technician,single,secondary,no,80,no,no,unknown,7,0,unknown,0
64,technician,married,secondary,no,359,yes,yes,cellular,3,0,failure,0
42,housemaid,single,tertiary,no,1290,no,yes,cellular,2,2,unknown,0
29,technician,married,secondary,no,44,yes,no,cellular,1,0,unknown,0
33,management,married,tertiary,no,-2021,yes,no,cellular,1,0,unknown,0
38,management,married,tertiary,no,1040,yes,no,unknown,2,0,failure,0
38,technician,married,secondary,no,1336,no,no,cellular,3,0,unknown,0
53,self-employed,married,tertiary,no,2020,no,no,cellular,1,0,unknown,0
43,management,single,tertiary,no,9831,no,no,cellular,12,0,unknown,0
32,admin.,married,secondary,no,5216,yes,no,unknown,4,1,unknown,0
43,blue-collar,married,primary,no,1201,yes,no,unknown,1,0,unknown,0
50,management,married,tertiary,no,3823,yes,no,cellular,3,1,other,1
27,self-employed,single,secondary,no,970,yes,no,cellular,2,0,unknown,0
25,student,single,secondary,no,3678,no,no,unknown,4,0,unknown,0
58,management,married,tertiary,no,1136,yes,no,cellular,2,1,failure,1
43,technician,married,secondary,no,1074,no,no,cellular,1,1,failure,1
45,technician,married,secondary,no,-569,no,yes,cellular,4,0,unknown,0
40,management,married,tertiary,no,9490,yes,no,cellular,1,4,other,0
44,admin.,married,secondary,no,575,no,no,cellular,2,3,unknown,0
41,blue-collar,married,secondary,no,-1137,yes,no,unknown,2,0,unknown,0
31,management,married,tertiary,no,656,no,yes,unknown,1,0,unknown,0
40,technician,married,secondary,no,-16,yes,no,cellular,5,0,unknown,0
33,management,divorced,tertiary,no,472,no,yes,cellular,2,0,unknown,0
41,technician,married,tertiary,no,897,no,no,unknown,3,0,unknown,0
34,management,single,tertiary,no,4997,no,no,cellular,2,2,unknown,0
27,student,married,secondary,no,7589,no,no,cellular,6,9,success,1
35,blue-collar,single,primary,yes,-106,no,no,unknown,3,0,unknown,0
19,services,divorced,secondary,no,11481,yes,no,unknown,4,6,unknown,0
39,technician,married,secondary,no,1110,yes,no,unknown,20,0,unknown,0
32,management,single,secondary,yes,568,yes,no,cellular,3,7,other,0
47,blue-collar,married,secondary,no,41,no,no,cellular,1,3,other,0
73,retired,married,primary,no,2625,no,no,cellular,1,0,unknown,0
30,entrepreneur,single,tertiary,no,110,no,no,cellular,2,0,failure,0
41,retired,married,primary,no,3728,yes,no,cellular,2,0,unknown,0
32,housemaid,divorced,secondary,no,2418,no,no,cellular,1,0,unknown,1
58,admin.,married,secondary,no,1891,yes,no,cellular,1,2,other,0
40,admin.,divorced,primary,no,381,no,no,cellular,2,8,other,0
37,unemployed,married,secondary,no,8654,yes,no,cellular,2,0,unknown,0
47,admin.,divorced,secondary,no,948,yes,no,cellular,3,0,unknown,1
38,management,married,secondary,no,940,yes,no,unknown,5,0,unknown,0
33,management,divorced,unknown,no,3254,no,no,cellular,1,7,failure,1
35,management,married,tertiary,no,1565,yes,no,cellular,2,0,unknown,0
50,blue-collar,divorced,tertiary,no,155,no,no,cellular,8,0,unknown,0
50,blue-collar,married,primary,no,1475,yes,no,unknown,4,0,unknown,0
31,management,single,tertiary,no,6257,yes,no,cellular,4,0,unknown,0
26,services,single,tertiary,no,-1677,no,yes,cellular,5,1,unknown,0
46,technician,single,secondary,no,44,yes,yes,cellular,5,0,unknown,0
28,unemployed,married,unknown,no,960,no,no,cellular,5,0,unknown,0
29,management,single,tertiary,no,-1905,yes,no,unknown,13,0,unknown,0
36,blue-collar,married,secondary,no,810,yes,no,cellular,3,3,failure,0
70,retired,married,tertiary,no,208,no,no,telephone,4,1,other,0
38,blue-collar,married,unknown,no,2770,yes,no,unknown,2,0,unknown,0
37,management,married,tertiary,no,2238,yes,no,cellular,4,0,unknown,1
47,unemployed,divorced,secondary,no,28,no,yes,cellular,1,0,unknown,0
33,blue-collar,married,secondary,no,664,yes,yes,cellular,2,0,success,0
23,technician,married,secondary,no,-3,yes,no,unknown,2,0,unknown,0
36,retired,single,secondary,no,-251,no,no,cellular,3,10,failure,0
32,admin.,married,secondary,no,84,yes,no,cellular,5,0,unknown,0
65,admin.,married,secondary,no,1069,yes,no,telephone,4,0,unknown,0
29,admin.,single,secondary,no,3579,yes,no,unknown,1,0,unknown,0
52,management,divorced,tertiary,no,1119,no,no,cellular,2,0,unknown,0
36,admin.,single,secondary,no,1012,yes,no,cellular,2,0,failure,0
62,management,married,primary,no,2571,no,yes,cellular,2,2,unknown,1
59,retired,married,primary,no,689,yes,no,cellular,3,0,unknown,0
42,technician,married,tertiary,no,571,no,no,cellular,3,0,unknown,1
30,blue-collar,married,secondary,no,1717,yes,no,cellular,3,0,unknown,0
48,blue-collar,single,secondary,no,2603,no,no,cellular,4,0,unknown,0
31,management,married,secondary,no,427,no,yes,cellular,1,0,other,0
41,blue-collar,single,secondary,no,4424,yes,yes,cellular,3,1,failure,0
44,services,married,secondary,no,-854,yes,no,cellular,3,0,unknown,0
51,unemployed,married,secondary,no,-3086,yes,no,cellular,3,0,unknown,0
44,blue-collar,married,primary,no,191,yes,no,cellular,1,3,failure,1
40,blue-collar,married,secondary,no,521,yes,no,unknown,1,0,unknown,0
41,entrepreneur,married,secondary,no,2874,yes,yes,cellular,13,0,unknown,0
33,management,single,tertiary,no,88,no,no,cellular,5,0,unknown,0
36,management,single,tertiary,no,17121,no,no,cellular,1,0,unknown,0
37,technician,married,secondary,no,-1,yes,no,cellular,2,0,unknown,0
45,blue-collar,single,secondary,no,-199,no,no,cellular,2,0,unknown,0
41,management,married,primary,no,2539,yes,no,unknown,3,0,unknown,1
73,retired,married,primary,no,14340,no,no,telephone,1,0,unknown,0
38,technician,single,secondary,no,1146,no,yes,cellular,2,0,unknown,1
62,self-employed,married,tertiary,no,5224,yes,no,cellular,4,5,failure,0
47,entrepreneur,divorced,secondary,yes,-481,yes,no,cellular,2,0,unknown,1
33,entrepreneur,married,tertiary,no,8193,no,no,cellular,2,0,unknown,0
35,management,divorced,tertiary,no,60,no,no,cellular,1,0,unknown,0
29,technician,single,primary,no,3651,yes,no,unknown,2,0,unknown,0
32,services,married,tertiary,no,2584,yes,yes,cellular,1,0,unknown,0
33,management,single,tertiary,no,1969,no,no,cellular,7,3,unknown,1
36,admin.,single,secondary,no,282,yes,no,cellular,2,0,unknown,0
38,admin.,married,secondary,no,1950,yes,no,cellular,6,0,unknown,0
44,management,married,secondary,no,4490,yes,no,cellular,1,6,other,0
32,admin.,single,secondary,no,261,no,no,cellular,2,5,other,0
52,management,married,primary,no,4043,yes,no,cellular,1,0,unknown,0
40,technician,married,tertiary,no,1345,yes,no,cellular,2,0,failure,0
42,management,married,tertiary,no,1607,yes,no,cellular,1,0,unknown,0
29,management,married,unknown,no,-399,no,no,unknown,2,0,unknown,0
55,retired,married,secondary,no,141,no,no,cellular,1,0,unknown,1
54,unknown,married,primary,no,2936,no,no,cellular,4,2,unknown,0
43,management,married,tertiary,no,9012,no,no,cellular,3,0,unknown,0
33,unemployed,married,secondary,no,3,yes,no,cellular,3,0,unknown,0
40,technician,single,tertiary,no,1503,yes,no,cellular,2,3,unknown,0
39,technician,married,secondary,no,-238,no,no,unknown,1,0,unknown,0
53,technician,married,secondary,no,3745,no,no,cellular,3,0,unknown,0
44,services,single,secondary,no,491,no,no,unknown,6,0,unknown,0
38,housemaid,married,secondary,no,682,yes,no,cellular,2,0,success,1
44,admin.,single,tertiary,no,6728,yes,no,unknown,1,2,unknown,1
42,blue-collar,married,primary,no,228,yes,no,cellular,2,2,unknown,0
35,blue-collar,single,primary,no,512,yes,no,cellular,3,0,unknown,1
34,admin.,married,secondary,no,142,yes,no,cellular,4,0,unknown,0
36,management,married,tertiary,no,-318,yes,no,cellular,2,0,unknown,0
33,management,single,tertiary,no,148,yes,no,cellular,1,1,unknown,0
35,services,single,tertiary,no,6066,yes,no,cellular,2,3,failure,0
39,self-employed,married,secondary,no,3033,no,no,unknown,1,0,unknown,0
40,blue-collar,single,secondary,no,3508,yes,no,cellular,1,2,failure,0
36,technician,single,tertiary,yes,62,no,no,cellular,9,0,unknown,1
31,blue-collar,married,primary,no,636,no,no,cellular,2,0,unknown,0
84,management,married,secondary,no,14544,no,no,cellular,2,0,unknown,0
58,retired,married,secondary,no,3241,yes,no,unknown,2,0,unknown,0
57,retired,married,primary,no,113,no,no,cellular,1,0,unknown,1
54,housemaid,married,tertiary,no,12662,no,no,cellular,2,0,unknown,0
29,management,single,tertiary,no,5060,no,no,cellular,3,7,success,1
34,blue-collar,married,primary,no,563,no,no,unknown,1,0,unknown,0
25,technician,single,tertiary,no,4140,no,no,cellular,1,0,unknown,0
34,services,single,secondary,no,-183,yes,no,unknown,3,0,unknown,0
60,management,single,tertiary,no,493,no,no,cellular,1,9,other,0
36,management,married,secondary,no,2022,yes,no,cellular,1,0,failure,0
33,self-employed,single,tertiary,no,-902,no,no,cellular,4,1,unknown,1
34,management,single,tertiary,no,962,no,no,cellular,1,0,unknown,0
51,admin.,married,primary,no,423,yes,no,unknown,1,0,unknown,0
25,blue-collar,married,secondary,no,796,yes,yes,cellular,5,14,other,0
31,management,single,secondary,no,612,yes,no,cellular,1,1,success,1
38,entrepreneur,divorced,secondary,no,2800,yes,yes,telephone,3,0,unknown,0
38,admin.,single,secondary,no,4088,yes,no,unknown,4,0,unknown,0
42,management,married,primary,no,4711,yes,no,cellular,1,2,unknown,1
49,technician,married,secondary,no,6396,no,no,cellular,3,0,unknown,0
36,entrepreneur,single,tertiary,no,613,yes,no,cellular,2,5,failure,0
54,blue-collar,married,tertiary,no,1366,yes,no,cellular,1,0,unknown,0
48,management,married,secondary,no,6827,yes,no,cellular,7,3,other,1
38,services,divorced,secondary,no,-594,yes,no,cellular,2,0,unknown,0
43,management,single,tertiary,no,-287,yes,no,telephone,2,5,failure,0
42,technician,married,secondary,no,1653,no,no,cellular,2,0,unknown,0
26,management,married,tertiary,no,3118,yes,yes,cellular,1,2,unknown,0
46,technician,divorced,primary,no,1069,yes,no,cellular,2,0,unknown,1
60,management,married,tertiary,no,2431,no,no,cellular,4,1,failure,0
35,management,married,tertiary,no,4130,no,yes,cellular,3,0,unknown,0
43,management,married,secondary,no,2429,yes,no,cellular,2,1,failure,0
59,blue-collar,married,secondary,no,335,no,yes,cellular,1,0,unknown,0
43,blue-collar,married,primary,no,-232,yes,no,unknown,2,0,unknown,0
50,technician,married,secondary,no,-440,yes,no,unknown,1,0,unknown,0
43,retired,married,primary,no,-264,no,no,cellular,1,0,unknown,0
30,management,single,tertiary,no,1420,yes,no,cellular,2,3,failure,0
23,student,single,tertiary,no,2834,no,no,cellular,1,1,unknown,1
26,student,single,secondary,no,301,no,no,telephone,3,0,other,0
36,blue-collar,married,secondary,no,1675,no,no,telephone,3,0,unknown,0
38,blue-collar,married,secondary,no,2857,no,no,unknown,3,0,unknown,0
34,admin.,divorced,secondary,no,-156,yes,yes,cellular,7,1,failure,0
39,management,married,unknown,no,2086,yes,no,unknown,1,0,unknown,0
45,unemployed,single,tertiary,no,443,yes,no,unknown,2,0,unknown,0
46,management,married,tertiary,no,525,no,no,unknown,2,0,unknown,0
38,student,single,unknown,no,866,yes,no,cellular,13,4,unknown,0
60,blue-collar,married,primary,no,153,yes,no,unknown,12,0,unknown,0
38,technician,single,tertiary,no,1998,no,no,cellular,2,0,unknown,0
46,blue-collar,married,secondary,no,5264,yes,yes,unknown,2,0,unknown,0
57,housemaid,married,primary,no,-24,no,no,unknown,2,0,unknown,0
33,management,married,tertiary,no,3346,no,no,telephone,2,0,unknown,0
56,unemployed,divorced,tertiary,no,1324,yes,no,cellular,2,0,unknown,1
49,management,married,secondary,no,12959,no,no,cellular,9,0,unknown,0
74,retired,married,primary,no,2772,no,no,telephone,1,1,unknown,1
56,admin.,married,primary,no,325,no,no,cellular,1,0,unknown,0
42,services,single,secondary,no,1292,yes,no,cellular,3,4,failure,0
30,blue-collar,married,secondary,no,24,yes,yes,cellular,11,2,unknown,0
52,management,married,tertiary,no,8877,no,no,cellular,1,0,unknown,0
52,technician,single,secondary,no,1184,yes,no,cellular,5,1,unknown,0
35,admin.,married,secondary,no,918,yes,yes,unknown,19,0,unknown,0
42,management,single,secondary,no,847,yes,no,cellular,6,1,failure,0
47,blue-collar,married,tertiary,no,1397,yes,no,cellular,2,6,failure,0
61,blue-collar,married,primary,no,3298,no,no,telephone,2,0,unknown,0
41,management,married,tertiary,no,-3313,yes,yes,unknown,12,0,unknown,0
58,management,married,tertiary,no,308,no,no,cellular,3,0,unknown,0
53,services,married,secondary,no,2579,no,no,unknown,2,0,unknown,1
35,housemaid,divorced,secondary,no,57,no,yes,telephone,1,0,unknown,0
45,blue-collar,married,secondary,no,69,yes,no,cellular,3,1,failure,0
36,technician,single,tertiary,no,51,no,no,telephone,11,0,unknown,0
33,technician,married,secondary,no,7108,no,no,unknown,8,0,unknown,0
55,technician,single,tertiary,no,3126,no,no,cellular,2,0,unknown,0
47,admin.,married,secondary,no,210,yes,no,cellular,2,1,unknown,0
27,housemaid,single,tertiary,no,-599,no,no,cellular,2,1,success,1
52,technician,single,secondary,no,2513,no,no,cellular,2,0,unknown,0
42,blue-collar,married,primary,no,2712,yes,no,unknown,1,0,unknown,0
38,management,married,primary,no,2319,no,no,unknown,4,0,unknown,1
43,services,single,secondary,no,4809,yes,no,cellular,1,3,failure,1
38,management,married,tertiary,no,-38,yes,no,cellular,3,4,other,0
66,technician,single,secondary,no,-1796,no,no,unknown,2,0,unknown,0
33,blue-collar,married,secondary,no,980,yes,no,unknown,4,0,unknown,0
45,admin.,married,secondary,no,1102,yes,no,cellular,1,0,unknown,0
34,management,single,secondary,no,78,yes,no,cellular,4,3,failure,0
36,technician,single,tertiary,no,2411,yes,no,unknown,13,0,unknown,0
53,blue-collar,married,secondary,no,4774,no,no,telephone,3,8,failure,0
40,admin.,married,secondary,no,112,no,no,cellular,1,1,unknown,1
33,management,married,tertiary,no,3433,no,no,cellular,2,1,unknown,0
39,technician,single,tertiary,no,7914,no,no,cellular,1,0,unknown,0
32,self-employed,married,secondary,no,163,yes,no,unknown,2,0,unknown,0
42,unemployed,married,secondary,no,-372,yes,no,cellular,1,0,unknown,0
34,management,married,tertiary,no,502,no,yes,cellular,2,0,unknown,0
29,blue-collar,single,secondary,no,2686,yes,no,unknown,4,0,unknown,0
28,student,single,tertiary,no,4631,yes,no,cellular,1,0,unknown,0
50,blue-collar,single,secondary,no,7194,no,no,unknown,1,0,success,0
30,technician,divorced,tertiary,no,2319,yes,no,unknown,1,1,unknown,0
42,management,single,secondary,no,1460,yes,no,cellular,1,1,failure,0
65,admin.,single,primary,no,3884,no,no,telephone,2,3,success,0
31,unemployed,divorced,secondary,yes,-890,yes,no,unknown,3,0,unknown,0
41,management,single,secondary,no,426,no,no,cellular,2,0,unknown,0
29,admin.,divorced,unknown,no,-53,yes,no,cellular,1,0,unknown,0
26,admin.,single,secondary,no,3938,no,no,cellular,3,0,unknown,0
46,admin.,married,secondary,no,63,yes,no,cellular,2,0,unknown,0
31,admin.,divorced,tertiary,no,-197,yes,no,unknown,1,0,unknown,0
52,management,married,secondary,no,2010,yes,no,cellular,6,0,unknown,0
48,technician,married,secondary,no,-677,yes,no,unknown,1,0,unknown,0
42,entrepreneur,married,tertiary,no,2631,yes,no,unknown,1,0,unknown,1
58,management,married,tertiary,no,2170,no,no,cellular,2,0,unknown,0
64,technician,married,unknown,no,2174,no,no,unknown,1,0,unknown,0
35,services,married,secondary,no,3301,yes,yes,cellular,4,0,unknown,0
36,housemaid,single,tertiary,no,18600,no,no,unknown,1,1,failure,0
21,management,single,tertiary,no,10,yes,no,unknown,2,0,unknown,0
45,admin.,married,secondary,no,53,yes,no,cellular,2,0,unknown,0
49,services,married,secondary,no,110,no,yes,cellular,3,0,unknown,0
55,management,married,tertiary,no,795,yes,no,cellular,1,0,unknown,0
44,blue-collar,divorced,primary,no,1606,yes,no,unknown,2,0,unknown,0
48,blue-collar,married,primary,no,2037,yes,no,cellular,1,2,failure,0
41,entrepreneur,married,tertiary,no,1042,yes,no,unknown,2,0,unknown,0
50,blue-collar,divorced,primary,no,2321,no,yes,unknown,3,0,unknown,0
35,blue-collar,single,secondary,no,4332,yes,yes,unknown,2,0,unknown,0
29,services,married,secondary,no,245,no,no,unknown,1,1,unknown,0
28,management,married,secondary,no,22207,yes,no,cellular,7,5,failure,0
39,management,married,tertiary,no,-7,no,no,cellular,3,1,unknown,0
32,management,married,secondary,no,1187,yes,no,cellular,2,0,unknown,0
42,technician,married,secondary,no,347,no,no,cellular,2,1,unknown,0
57,blue-collar,married,secondary,yes,4793,no,no,cellular,9,0,unknown,0
25,services,single,secondary,no,134,no,no,cellular,1,0,unknown,1
39,technician,single,tertiary,no,2234,no,no,cellular,2,0,unknown,0
48,blue-collar,married,secondary,no,1334,yes,no,unknown,1,0,unknown,0
35,blue-collar,married,secondary,no,124,yes,no,cellular,12,0,unknown,0
52,management,single,tertiary,no,4229,no,no,telephone,7,3,failure,0
39,services,married,secondary,no,275,yes,no,cellular,5,0,unknown,0
37,blue-collar,single,tertiary,no,-48,no,no,cellular,2,0,unknown,0
23,unemployed,divorced,secondary,no,-133,no,yes,unknown,8,0,unknown,0
35,blue-collar,married,secondary,no,8861,yes,no,cellular,1,0,unknown,0
36,blue-collar,married,secondary,no,-1456,yes,no,cellular,2,0,unknown,0
42,services,single,secondary,no,797,no,no,cellular,7,0,unknown,0
46,management,married,primary,no,25038,no,yes,unknown,2,0,unknown,0
34,technician,single,secondary,yes,678,no,no,unknown,1,0,unknown,1
45,technician,married,secondary,no,5923,no,yes,cellular,6,0,unknown,0
51,management,divorced,tertiary,no,7694,no,no,unknown,2,1,unknown,0
45,blue-collar,single,secondary,no,4317,yes,no,telephone,1,1,unknown,0
41,technician,single,tertiary,no,2812,yes,no,unknown,1,0,unknown,0
50,services,single,secondary,no,311,no,no,telephone,1,0,unknown,1
52,retired,married,secondary,no,4851,no,no,cellular,4,0,unknown,0
31,admin.,married,secondary,no,-98,yes,yes,cellular,6,0,unknown,0
29,management,single,tertiary,no,69,yes,no,cellular,2,1,failure,0
47,admin.,divorced,secondary,no,889,yes,no,unknown,2,0,unknown,0
44,retired,married,tertiary,no,1592,yes,no,cellular,1,0,unknown,0
33,management,single,tertiary,no,738,no,no,unknown,2,0,unknown,0
41,services,single,secondary,no,396,yes,no,cellular,3,0,unknown,0
33,management,married,tertiary,no,1268,no,no,cellular,2,0,unknown,0
52,services,married,primary,no,481,yes,yes,unknown,4,0,unknown,0
36,management,married,tertiary,no,2269,yes,yes,cellular,1,0,unknown,0
44,blue-collar,married,primary,no,713,yes,no,telephone,1,1,failure,0
29,management,single,secondary,no,579,yes,no,cellular,1,3,failure,0
47,admin.,single,tertiary,no,12,yes,no,unknown,3,0,unknown,0
51,management,married,secondary,no,4247,no,no,cellular,4,0,unknown,0
39,blue-collar,single,secondary,no,33,yes,no,cellular,1,0,unknown,0
42,management,married,tertiary,no,-44,no,yes,cellular,2,0,unknown,0
51,management,divorced,secondary,no,379,no,yes,cellular,1,0,unknown,0
39,technician,married,secondary,no,545,yes,yes,cellular,1,0,unknown,0
49,technician,married,secondary,no,354,yes,no,unknown,1,0,unknown,0
33,management,married,tertiary,no,-72,no,no,cellular,3,0,unknown,0
33,management,single,secondary,no,213,no,no,cellular,4,0,unknown,0
57,unemployed,married,secondary,no,102,no,yes,cellular,2,0,unknown,0
42,services,single,secondary,no,718,yes,no,unknown,5,0,unknown,0
36,self-employed,married,tertiary,no,-200,yes,no,cellular,2,0,unknown,0
33,services,married,primary,no,2862,yes,no,unknown,1,0,unknown,0
34,management,married,tertiary,no,75,yes,no,cellular,1,0,unknown,0
39,blue-collar,married,primary,no,2252,yes,no,unknown,1,0,unknown,0
28,services,divorced,secondary,no,928,yes,no,cellular,2,0,unknown,0
44,technician,divorced,secondary,no,3167,no,no,cellular,1,0,unknown,0
33,technician,single,tertiary,no,227,no,no,cellular,3,0,unknown,0
85,retired,married,secondary,no,3451,no,yes,cellular,6,0,unknown,0
29,technician,married,secondary,no,796,yes,no,unknown,2,0,unknown,0
25,blue-collar,single,secondary,no,232,no,no,cellular,1,2,failure,1
35,management,married,tertiary,no,3051,yes,yes,cellular,1,0,unknown,0
63,entrepreneur,married,primary,no,4341,no,no,unknown,3,0,unknown,0
58,retired,married,secondary,no,335,no,no,cellular,1,0,unknown,0
29,services,married,secondary,no,2261,yes,no,unknown,2,0,unknown,0
40,management,single,secondary,no,-735,yes,yes,cellular,2,0,unknown,0
59,retired,divorced,primary,no,49787,no,no,cellular,3,0,unknown,0
40,management,single,tertiary,no,-451,no,no,cellular,2,1,unknown,0
52,technician,single,secondary,no,1581,no,no,unknown,1,0,unknown,0
45,technician,divorced,secondary,no,-1409,yes,no,unknown,1,0,unknown,0
68,management,married,tertiary,no,2503,no,no,cellular,2,0,unknown,0
37,management,single,tertiary,no,7677,yes,no,cellular,4,0,unknown,0
29,technician,single,tertiary,no,679,no,no,cellular,3,0,unknown,0
34,management,married,secondary,no,811,yes,no,cellular,1,0,unknown,1
25,services,single,secondary,no,260,yes,no,unknown,1,0,unknown,0
30,admin.,married,primary,no,2292,yes,no,cellular,1,0,unknown,0
48,management,divorced,tertiary,no,81,no,no,cellular,1,2,other,0
35,blue-collar,married,secondary,no,2339,yes,no,cellular,2,0,unknown,0
69,retired,married,primary,no,40,no,no,telephone,1,0,unknown,0
32,management,single,tertiary,no,271,yes,no,cellular,3,0,unknown,0
53,services,married,primary,no,1772,no,no,cellular,5,0,unknown,0
56,technician,divorced,primary,no,778,no,no,telephone,4,0,unknown,0
36,services,divorced,secondary,no,21,yes,no,unknown,4,0,unknown,0
63,management,married,primary,no,11974,no,no,telephone,2,0,unknown,0
45,blue-collar,married,primary,no,8032,yes,no,unknown,5,9,unknown,0
55,management,single,tertiary,no,6411,no,yes,cellular,1,4,other,0
40,housemaid,married,secondary,no,46,yes,no,telephone,1,0,unknown,0
47,self-employed,single,tertiary,no,210,no,no,cellular,2,1,unknown,1
32,management,married,tertiary,no,2378,yes,no,telephone,2,0,unknown,0
27,student,single,tertiary,no,1544,no,no,cellular,1,0,unknown,0
39,blue-collar,married,primary,no,818,yes,no,unknown,1,0,unknown,0
49,blue-collar,married,primary,no,1709,no,no,cellular,3,0,unknown,0
41,housemaid,married,primary,no,883,yes,no,cellular,1,0,unknown,0
31,management,single,tertiary,no,1973,no,no,unknown,3,0,unknown,0
32,technician,single,secondary,no,112,no,no,cellular,1,0,unknown,0
35,admin.,married,secondary,no,231,yes,no,cellular,1,0,unknown,1
21,management,single,secondary,no,2135,yes,no,cellular,3,0,unknown,0
60,retired,married,secondary,no,62,no,yes,unknown,2,0,unknown,0
31,unemployed,divorced,tertiary,no,273,no,no,cellular,7,0,unknown,0
38,blue-collar,single,secondary,no,365,yes,no,cellular,2,2,failure,0
32,admin.,divorced,secondary,no,2554,no,no,unknown,5,0,unknown,0
45,entrepreneur,married,secondary,no,289,yes,no,cellular,3,0,unknown,0
41,management,married,secondary,no,-3313,no,no,cellular,13,0,unknown,0
35,technician,married,secondary,no,453,yes,no,cellular,6,0,unknown,0
55,management,married,secondary,no,42,no,no,cellular,1,2,failure,0
43,admin.,married,secondary,no,-80,no,yes,cellular,4,0,failure,0
29,admin.,married,primary,no,-47,no,no,cellular,2,0,unknown,0
49,technician,married,secondary,yes,115,yes,no,unknown,5,0,unknown,0
39,services,married,secondary,no,1264,no,no,unknown,1,1,unknown,0
47,management,married,tertiary,no,2984,yes,no,cellular,6,0,unknown,0
84,student,single,secondary,no,332,no,no,cellular,4,3,failure,0
37,technician,single,secondary,no,2313,no,no,cellular,4,0,unknown,0
44,technician,married,secondary,no,318,yes,no,cellular,1,0,unknown,0
49,blue-collar,single,secondary,no,-26,no,no,unknown,17,0,unknown,0
37,technician,married,secondary,no,-511,yes,no,telephone,7,1,unknown,0
32,unemployed,single,tertiary,no,20,no,no,cellular,6,1,unknown,0
48,technician,married,secondary,no,1463,yes,no,unknown,2,0,unknown,0
34,blue-collar,married,secondary,no,1355,yes,no,unknown,1,0,unknown,0
45,management,married,secondary,no,-113,yes,no,cellular,2,2,failure,0
47,blue-collar,single,primary,no,-474,yes,yes,cellular,3,0,unknown,0
39,technician,married,secondary,no,650,yes,no,unknown,1,0,unknown,0
38,management,married,tertiary,no,3,yes,yes,cellular,2,1,unknown,0
40,technician,divorced,secondary,no,158,no,no,cellular,4,0,unknown,0
30,blue-collar,single,secondary,no,276,no,yes,unknown,2,2,unknown,0
43,admin.,married,secondary,no,-162,no,no,unknown,3,0,unknown,0
31,services,single,secondary,no,420,yes,no,cellular,2,0,unknown,0
46,unemployed,married,tertiary,no,-577,no,no,cellular,3,0,unknown,0
44,services,divorced,secondary,no,4469,no,no,cellular,1,0,unknown,0
56,retired,married,tertiary,no,61,no,no,cellular,13,0,unknown,0
47,management,married,tertiary,no,5161,no,no,cellular,1,0,unknown,0
40,management,married,tertiary,no,2602,yes,no,cellular,2,4,success,1
29,services,single,unknown,no,78,no,no,cellular,2,0,unknown,0
34,housemaid,married,tertiary,no,9414,yes,no,cellular,1,1,failure,1
26,admin.,single,secondary,no,-460,yes,yes,cellular,1,0,unknown,0
40,services,single,secondary,yes,-126,yes,yes,cellular,3,0,unknown,0
40,retired,married,primary,no,8626,no,no,cellular,2,0,unknown,0
64,management,married,tertiary,no,1671,yes,no,cellular,11,0,unknown,0
48,technician,single,secondary,no,150,yes,no,unknown,4,0,unknown,1
39,blue-collar,married,tertiary,no,-135,yes,no,cellular,1,0,unknown,0
33,management,single,tertiary,no,4330,yes,no,cellular,1,1,unknown,0
33,technician,single,secondary,no,5842,yes,no,cellular,1,0,unknown,0
66,services,married,primary,no,1707,no,no,telephone,1,13,failure,1
42,technician,married,secondary,no,2431,yes,no,cellular,2,0,unknown,0
51,self-employed,married,secondary,no,-1895,no,no,unknown,22,0,unknown,1
41,services,married,primary,no,157,yes,no,unknown,2,0,unknown,0
59,unemployed,married,primary,no,-214,no,no,cellular,2,0,unknown,0
41,technician,married,tertiary,no,2400,yes,no,unknown,1,0,unknown,0
39,management,married,tertiary,no,16783,yes,no,telephone,3,4,unknown,0
44,blue-collar,married,secondary,no,3405,no,no,cellular,2,0,unknown,0
51,housemaid,single,secondary,no,1807,yes,no,cellular,2,0,unknown,0
39,blue-collar,married,secondary,no,934,yes,no,telephone,4,0,unknown,1
38,admin.,divorced,secondary,no,80,no,yes,cellular,1,1,unknown,0
45,unemployed,married,tertiary,no,1483,no,no,cellular,2,0,unknown,0
33,blue-collar,married,secondary,no,-107,yes,no,unknown,2,0,unknown,0
36,technician,divorced,secondary,no,4428,no,yes,cellular,5,0,unknown,0
33,self-employed,married,secondary,no,115,no,no,cellular,1,0,unknown,0
85,retired,married,tertiary,no,1506,no,yes,cellular,1,0,unknown,0
44,management,married,tertiary,no,-491,yes,no,cellular,1,0,unknown,0
40,unknown,married,primary,no,1055,no,no,cellular,4,0,unknown,1
27,management,single,tertiary,no,114,no,no,cellular,2,0,unknown,0
51,self-employed,married,tertiary,no,4934,no,yes,cellular,2,0,unknown,0
38,services,married,primary,no,4258,no,no,unknown,4,0,unknown,0
20,student,divorced,tertiary,no,-506,no,yes,cellular,5,0,unknown,0
32,unemployed,single,tertiary,no,1674,no,no,cellular,1,0,unknown,1
47,blue-collar,married,primary,no,2333,yes,no,cellular,2,1,failure,0
41,blue-collar,married,secondary,no,465,yes,no,unknown,1,0,unknown,0
31,technician,married,tertiary,no,4885,no,no,unknown,2,0,unknown,0
54,admin.,married,secondary,no,268,yes,no,cellular,1,2,failure,0
41,technician,married,tertiary,no,2142,yes,no,cellular,1,0,unknown,0
45,entrepreneur,divorced,secondary,no,201,no,yes,cellular,5,4,failure,0
52,admin.,single,secondary,no,835,no,no,telephone,1,2,failure,0
47,entrepreneur,married,tertiary,no,1130,yes,no,cellular,6,4,unknown,0
35,services,single,tertiary,no,2895,yes,no,telephone,5,0,unknown,1
49,unemployed,married,secondary,no,4,yes,yes,unknown,4,0,unknown,0
28,unemployed,single,secondary,no,436,no,no,cellular,3,6,success,0
33,services,married,secondary,yes,230,yes,yes,cellular,4,0,unknown,0
55,housemaid,married,secondary,no,734,no,no,cellular,2,0,unknown,0
37,admin.,married,secondary,no,534,yes,no,cellular,5,0,unknown,0
50,services,married,secondary,yes,-783,yes,yes,unknown,5,0,unknown,0
56,technician,married,unknown,no,5,no,no,unknown,3,0,unknown,0
45,blue-collar,married,secondary,no,378,yes,no,unknown,2,0,unknown,0
41,management,married,tertiary,no,1060,no,no,cellular,3,0,unknown,0
56,management,married,tertiary,no,229,no,no,cellular,6,0,unknown,0
54,technician,divorced,secondary,no,5670,yes,no,unknown,1,0,unknown,0
51,admin.,married,secondary,no,-58,yes,yes,unknown,1,0,unknown,0
47,technician,single,tertiary,no,209,yes,no,cellular,2,0,failure,0
44,management,married,tertiary,no,3026,no,no,cellular,5,0,unknown,1
37,technician,married,secondary,no,453,no,no,unknown,18,0,unknown,0
44,technician,single,tertiary,no,821,yes,no,cellular,2,0,unknown,0
30,technician,divorced,tertiary,yes,-390,no,no,cellular,1,0,unknown,0
34,management,divorced,tertiary,no,-144,yes,no,cellular,1,0,unknown,0
33,technician,single,secondary,no,1060,yes,yes,unknown,13,0,unknown,0
28,technician,married,tertiary,no,1291,no,no,cellular,10,0,unknown,0
34,blue-collar,married,secondary,no,1175,yes,no,cellular,1,0,unknown,0
44,blue-collar,divorced,tertiary,no,436,no,yes,unknown,1,0,unknown,0
43,management,single,tertiary,no,961,yes,no,unknown,9,0,unknown,0
41,management,married,tertiary,no,-3313,yes,no,unknown,9,0,unknown,0
33,technician,married,secondary,no,-83,yes,no,cellular,3,0,unknown,0
56,services,divorced,secondary,no,1513,yes,no,unknown,7,0,unknown,0
45,management,married,secondary,no,-424,yes,no,unknown,1,0,unknown,0
30,services,single,tertiary,no,3164,yes,yes,cellular,1,1,success,0
40,management,divorced,primary,no,9956,yes,no,cellular,1,0,unknown,0
29,technician,single,secondary,no,-711,yes,yes,cellular,2,4,other,0
36,management,single,secondary,no,844,no,no,cellular,1,1,failure,0
41,self-employed,married,secondary,no,-2008,yes,no,unknown,12,0,unknown,0
25,management,single,tertiary,no,-183,no,no,cellular,1,0,unknown,0
41,technician,married,secondary,no,4811,no,no,telephone,5,0,unknown,0
40,management,married,tertiary,no,-103,no,no,unknown,3,0,unknown,0
24,self-employed,married,tertiary,no,1485,no,no,unknown,18,0,unknown,1
51,self-employed,married,secondary,no,3095,yes,no,cellular,1,5,failure,0
39,technician,married,secondary,no,951,no,no,cellular,5,0,unknown,1
32,technician,single,unknown,no,2304,yes,no,unknown,6,0,unknown,0
30,blue-collar,married,secondary,no,295,yes,no,unknown,1,0,unknown,0
53,services,married,secondary,no,227,yes,no,cellular,3,0,unknown,0
43,blue-collar,married,primary,no,67,yes,no,cellular,2,0,unknown,0
60,unemployed,divorced,primary,no,251,no,no,cellular,2,0,unknown,0
37,technician,married,secondary,no,1831,yes,no,cellular,9,1,unknown,1
33,management,single,tertiary,no,548,no,no,cellular,7,0,unknown,0
41,services,single,secondary,no,4489,yes,no,cellular,3,5,success,1
38,admin.,single,secondary,no,2573,yes,yes,cellular,1,4,other,0
51,management,married,tertiary,no,36,yes,no,cellular,9,0,unknown,0
48,technician,married,secondary,no,-1025,yes,no,unknown,4,0,unknown,0
40,services,single,tertiary,no,-1,yes,no,unknown,1,0,unknown,0
57,blue-collar,married,primary,no,304,yes,no,telephone,5,0,unknown,0
31,blue-collar,married,secondary,no,3599,yes,no,telephone,1,5,failure,0
48,blue-collar,married,secondary,no,6252,no,yes,cellular,6,0,failure,0
46,blue-collar,married,secondary,no,1885,yes,no,unknown,3,0,unknown,0
31,admin.,divorced,tertiary,no,814,yes,no,cellular,9,0,unknown,0
34,technician,married,secondary,no,19925,yes,no,unknown,1,0,unknown,0
42,self-employed,married,secondary,no,-3313,no,no,cellular,2,0,unknown,0
35,student,single,tertiary,no,4906,no,no,cellular,3,0,unknown,0
40,management,married,tertiary,no,2405,yes,no,unknown,6,0,unknown,0
32,technician,married,tertiary,no,5364,yes,no,cellular,5,0,failure,0
24,housemaid,single,tertiary,no,2843,no,no,cellular,1,0,unknown,0
37,blue-collar,divorced,unknown,no,-927,yes,no,cellular,6,2,unknown,0
51,admin.,divorced,primary,no,-361,no,no,cellular,1,0,unknown,1
33,technician,single,tertiary,no,1241,no,no,cellular,1,0,unknown,0
34,management,married,secondary,no,1306,yes,no,cellular,10,0,unknown,1
49,management,married,tertiary,no,-70,yes,no,unknown,5,1,unknown,0
56,technician,married,secondary,no,62002,no,no,cellular,1,3,unknown,0
36,admin.,single,tertiary,no,2151,yes,no,unknown,2,0,unknown,0
50,technician,married,tertiary,no,6717,yes,yes,cellular,8,15,failure,0
29,admin.,single,secondary,no,53,yes,no,cellular,4,0,unknown,0
38,blue-collar,married,secondary,no,7014,yes,no,cellular,4,0,failure,0
70,retired,divorced,primary,no,2299,no,no,cellular,4,0,unknown,1
44,blue-collar,single,secondary,no,-260,yes,no,cellular,1,0,unknown,0
46,blue-collar,married,primary,no,3300,yes,no,unknown,11,0,unknown,0
41,management,single,secondary,no,462,yes,no,unknown,7,0,unknown,0
31,services,single,secondary,no,749,no,no,cellular,3,0,unknown,0
56,blue-collar,married,primary,no,105,yes,no,cellular,2,0,unknown,0
39,blue-collar,married,primary,no,306,yes,no,unknown,13,0,unknown,0
57,retired,married,primary,no,7183,no,no,cellular,2,1,unknown,0
39,admin.,single,tertiary,no,14205,no,no,cellular,1,5,failure,0
37,blue-collar,married,primary,no,1075,yes,no,cellular,2,0,unknown,0
62,management,married,secondary,no,3548,no,no,cellular,1,1,failure,0
31,blue-collar,single,tertiary,no,1099,yes,no,cellular,3,3,failure,1
30,blue-collar,single,primary,no,-244,yes,no,unknown,6,0,unknown,0
65,services,married,primary,no,11218,no,no,cellular,5,0,unknown,0
24,blue-collar,single,tertiary,no,1395,yes,no,unknown,2,0,unknown,1
35,technician,single,unknown,no,3320,no,no,unknown,2,0,unknown,0
79,retired,married,primary,no,24741,no,no,cellular,2,0,unknown,0
27,management,single,secondary,no,207,no,no,cellular,10,0,unknown,0
32,services,single,secondary,no,6433,yes,no,cellular,5,0,unknown,0
65,blue-collar,married,secondary,no,2169,no,no,cellular,1,0,unknown,0
36,blue-collar,married,secondary,no,506,yes,no,unknown,1,0,unknown,0
34,blue-collar,married,secondary,no,39,no,no,cellular,4,0,unknown,1
42,blue-collar,married,secondary,no,574,yes,yes,unknown,13,0,unknown,0
46,blue-collar,married,primary,no,1953,yes,no,cellular,1,0,unknown,0
34,blue-collar,married,secondary,no,1053,yes,no,unknown,3,0,unknown,0
34,management,married,tertiary,no,63,yes,no,cellular,1,1,failure,0
34,blue-collar,married,secondary,no,1068,yes,no,unknown,1,0,unknown,0
45,admin.,married,secondary,no,1173,no,no,unknown,2,0,unknown,0
36,admin.,single,secondary,no,10048,no,no,cellular,4,0,unknown,0
31,blue-collar,married,secondary,no,158,yes,no,cellular,3,0,unknown,0
48,admin.,married,secondary,no,88,yes,no,cellular,16,1,unknown,0
33,blue-collar,married,tertiary,no,10801,no,no,cellular,1,0,failure,0
49,admin.,married,secondary,no,3181,yes,yes,cellular,9,0,unknown,0
50,unemployed,single,tertiary,no,2689,yes,no,cellular,2,0,unknown,0
51,entrepreneur,married,primary,no,113,yes,no,cellular,3,2,failure,0
28,self-employed,single,tertiary,no,1497,no,no,cellular,2,0,unknown,1
40,services,married,tertiary,no,3597,yes,yes,cellular,2,0,unknown,0
31,self-employed,single,secondary,no,-261,no,no,cellular,3,0,unknown,1
31,housemaid,single,tertiary,no,1674,no,no,cellular,2,0,unknown,0
46,retired,divorced,primary,no,558,yes,no,cellular,2,7,failure,0
55,services,married,secondary,no,4413,yes,no,cellular,1,0,unknown,0
42,entrepreneur,single,secondary,no,3074,yes,yes,cellular,2,0,unknown,0
50,services,married,secondary,no,1811,yes,no,cellular,1,0,unknown,0
24,blue-collar,single,secondary,no,8572,yes,yes,unknown,3,0,unknown,1
43,management,single,secondary,no,-50,no,no,cellular,2,0,unknown,0
44,management,married,tertiary,no,-315,no,no,telephone,3,0,unknown,0
32,unemployed,divorced,primary,no,-191,no,no,unknown,1,0,unknown,0
59,unemployed,divorced,secondary,no,849,yes,no,cellular,1,0,unknown,0
30,admin.,divorced,tertiary,no,548,yes,no,cellular,1,0,unknown,0
27,admin.,single,secondary,no,140,yes,no,cellular,1,6,other,0
27,admin.,married,secondary,no,-87,yes,no,cellular,3,4,failure,0
50,management,married,tertiary,no,9109,no,no,cellular,1,4,failure,0
50,blue-collar,married,secondary,no,5611,yes,no,cellular,2,0,unknown,0
42,technician,single,tertiary,no,1612,no,no,cellular,4,0,unknown,0
49,entrepreneur,divorced,tertiary,no,6404,no,no,cellular,3,0,unknown,0
31,student,single,secondary,no,9075,yes,no,unknown,2,0,unknown,0
54,retired,divorced,tertiary,no,978,no,no,cellular,4,2,unknown,0
45,housemaid,married,primary,no,680,no,yes,telephone,5,1,unknown,1
52,admin.,single,secondary,no,-2337,yes,no,telephone,7,4,unknown,0
37,student,married,tertiary,no,679,yes,yes,cellular,2,1,unknown,0
47,management,single,secondary,yes,320,no,no,unknown,4,0,unknown,1
49,services,married,secondary,no,-469,yes,no,cellular,4,0,unknown,0
39,technician,divorced,secondary,no,-158,no,no,cellular,1,7,failure,1
26,technician,single,secondary,no,4623,yes,no,cellular,2,2,success,1
41,technician,married,secondary,no,341,yes,no,cellular,3,0,unknown,1
34,housemaid,divorced,tertiary,no,309,yes,no,unknown,4,0,unknown,0
34,blue-collar,married,primary,no,39,yes,no,unknown,3,0,unknown,0
36,technician,single,secondary,no,376,yes,no,cellular,1,5,failure,0
39,housemaid,married,tertiary,no,-269,no,yes,cellular,8,1,unknown,0
34,admin.,single,unknown,no,1907,yes,no,cellular,2,0,unknown,0
32,management,single,unknown,no,232,no,no,cellular,2,2,unknown,1
63,housemaid,married,primary,no,-337,yes,no,cellular,2,2,failure,0
41,blue-collar,married,secondary,no,-296,no,yes,cellular,4,0,unknown,0
28,blue-collar,married,tertiary,no,3913,yes,no,cellular,9,0,unknown,0
61,admin.,divorced,secondary,no,294,no,no,telephone,1,0,unknown,0
30,admin.,single,primary,no,1695,yes,no,unknown,5,0,unknown,0
36,services,divorced,secondary,no,3607,no,no,cellular,3,0,unknown,0
33,unknown,married,primary,no,301,no,no,cellular,6,0,unknown,0
44,management,divorced,secondary,no,2195,yes,no,cellular,2,0,unknown,0
46,management,single,unknown,no,340,no,no,cellular,4,0,unknown,0
47,admin.,single,secondary,no,4184,no,no,cellular,1,1,unknown,0
53,services,divorced,primary,no,1351,no,no,unknown,1,0,unknown,0
45,management,divorced,tertiary,no,-64,no,no,cellular,2,0,unknown,0
31,management,married,tertiary,no,4324,yes,no,cellular,1,3,unknown,0
48,blue-collar,married,secondary,no,1708,yes,no,cellular,2,0,unknown,0
78,retired,married,primary,no,1290,no,no,telephone,1,0,unknown,1
27,technician,married,secondary,no,356,yes,yes,unknown,4,0,unknown,0
39,technician,married,tertiary,no,18,no,no,cellular,2,0,unknown,0
52,blue-collar,married,primary,no,546,yes,no,unknown,1,0,unknown,0
31,services,single,secondary,no,189,no,no,cellular,2,0,unknown,0
53,services,divorced,secondary,no,3558,no,no,cellular,2,0,unknown,1
40,admin.,married,secondary,no,1927,yes,no,cellular,3,1,failure,0
38,services,married,secondary,no,4224,yes,no,unknown,1,0,unknown,0
42,housemaid,married,tertiary,no,458,yes,yes,cellular,6,0,unknown,0
42,blue-collar,divorced,primary,no,78,yes,no,unknown,3,0,unknown,1
36,blue-collar,married,primary,no,1550,yes,no,unknown,4,0,unknown,0
59,management,married,tertiary,no,19,no,no,cellular,2,0,unknown,0
50,self-employed,married,primary,no,228,no,no,unknown,1,0,unknown,0
59,technician,divorced,tertiary,no,1124,no,no,cellular,8,0,unknown,0
53,technician,married,secondary,no,11631,no,no,cellular,4,0,unknown,0
50,blue-collar,married,primary,no,445,yes,no,unknown,4,0,unknown,0
50,self-employed,married,secondary,no,4246,no,no,cellular,8,0,unknown,0
60,admin.,married,tertiary,no,1934,no,no,telephone,3,0,unknown,0
41,admin.,married,secondary,no,182,yes,no,cellular,4,0,unknown,0
40,admin.,married,secondary,no,138,no,no,cellular,5,0,unknown,0
48,technician,divorced,secondary,no,5008,yes,yes,cellular,5,0,unknown,0
39,management,single,tertiary,no,3456,yes,no,cellular,6,0,unknown,0
31,blue-collar,married,tertiary,no,1148,no,no,cellular,3,0,unknown,0
48,technician,married,secondary,no,7341,yes,yes,cellular,1,1,failure,0
33,technician,single,secondary,no,338,yes,no,cellular,1,0,unknown,0
42,blue-collar,divorced,secondary,no,34,yes,no,cellular,7,2,failure,0
31,technician,divorced,secondary,no,6,no,no,cellular,2,0,unknown,1
52,unemployed,married,tertiary,no,307,yes,no,cellular,3,0,unknown,0
64,retired,married,secondary,no,959,no,no,cellular,2,0,unknown,0
33,management,single,tertiary,no,6905,yes,no,cellular,2,0,unknown,0
31,unemployed,married,secondary,no,484,no,no,cellular,2,0,unknown,0
71,management,married,unknown,no,510,no,no,cellular,2,14,failure,1
52,admin.,divorced,secondary,no,691,yes,yes,unknown,1,0,unknown,0
42,management,divorced,secondary,no,-716,yes,yes,cellular,2,0,unknown,0
30,technician,single,primary,no,5846,yes,no,cellular,1,0,unknown,0
36,technician,married,secondary,no,-1,no,no,cellular,1,0,unknown,0
38,technician,divorced,secondary,no,1032,no,no,cellular,4,1,unknown,0
37,services,married,secondary,no,1109,yes,no,unknown,3,0,unknown,0
31,technician,single,secondary,yes,-3313,yes,no,unknown,1,1,unknown,0
35,blue-collar,single,primary,no,1660,yes,yes,unknown,3,0,unknown,0
42,blue-collar,married,primary,no,417,yes,no,unknown,4,0,unknown,0
47,self-employed,married,secondary,no,1099,no,no,cellular,2,0,unknown,0
31,services,single,secondary,no,-25,no,yes,telephone,11,0,unknown,0
38,technician,single,tertiary,no,-2949,yes,no,cellular,3,1,failure,0
37,blue-collar,married,secondary,no,250,yes,no,unknown,4,0,unknown,0
51,retired,married,tertiary,no,5137,no,no,cellular,4,0,unknown,0
46,technician,single,tertiary,no,3044,no,no,telephone,2,2,failure,1
52,blue-collar,married,primary,no,165,no,no,unknown,3,0,unknown,0
42,management,married,tertiary,no,1673,yes,no,cellular,2,0,unknown,0
34,blue-collar,married,secondary,no,2099,yes,yes,unknown,1,0,unknown,0
32,management,single,tertiary,no,101,no,no,cellular,8,1,failure,0
39,technician,married,secondary,no,7153,no,no,cellular,7,0,unknown,0
29,management,single,tertiary,no,-7,no,no,cellular,1,1,unknown,1
26,unemployed,single,tertiary,no,2314,no,no,cellular,1,0,unknown,1
51,unknown,married,secondary,no,1280,no,no,cellular,3,0,unknown,0
35,management,married,tertiary,no,456,yes,no,cellular,1,0,unknown,0
53,blue-collar,married,secondary,no,-185,yes,no,unknown,1,0,unknown,0
34,management,married,primary,no,-335,yes,no,unknown,2,0,unknown,0
45,blue-collar,married,secondary,no,48,no,no,unknown,4,0,unknown,0
33,management,married,tertiary,no,618,no,no,cellular,2,1,unknown,0
47,blue-collar,married,secondary,no,313,yes,no,cellular,1,1,failure,0
39,management,single,tertiary,no,2643,yes,no,unknown,8,0,unknown,0
35,services,single,secondary,no,1536,yes,no,unknown,8,0,unknown,0
38,unemployed,single,tertiary,no,173,yes,no,unknown,3,0,unknown,0
28,student,single,secondary,no,1160,no,no,cellular,1,0,unknown,0
41,student,single,tertiary,no,1629,no,no,cellular,4,0,unknown,1
43,blue-collar,married,secondary,no,-172,no,no,cellular,6,0,unknown,0
42,technician,divorced,secondary,no,-550,yes,yes,cellular,2,0,unknown,1
32,blue-collar,single,secondary,no,7550,yes,no,cellular,1,2,failure,1
45,technician,married,secondary,no,-35,no,no,unknown,6,0,unknown,0
53,management,married,secondary,no,2623,no,no,cellular,4,0,unknown,1
29,services,single,tertiary,no,502,no,no,cellular,2,0,unknown,0
35,services,married,secondary,no,11476,no,no,cellular,3,4,other,0
69,retired,divorced,secondary,no,1406,no,no,cellular,4,0,unknown,1
32,services,married,secondary,no,-124,yes,yes,cellular,1,0,unknown,1
40,blue-collar,single,secondary,no,262,yes,yes,cellular,3,4,other,0
36,entrepreneur,married,tertiary,no,256,no,no,unknown,1,0,unknown,0
49,technician,single,primary,no,19526,no,yes,unknown,2,0,unknown,0
47,services,single,secondary,no,65,no,no,unknown,3,0,unknown,0
47,services,divorced,secondary,yes,3608,no,yes,unknown,1,0,unknown,0
41,blue-collar,married,tertiary,no,-31,yes,no,cellular,9,0,unknown,0
43,management,single,secondary,yes,4382,yes,no,telephone,7,11,other,0
47,management,married,tertiary,no,1661,no,no,cellular,1,0,unknown,0
43,blue-collar,married,primary,no,1968,yes,no,unknown,3,0,unknown,0
36,services,single,secondary,no,190,yes,no,unknown,2,0,unknown,0
36,management,married,tertiary,no,905,yes,no,unknown,11,0,unknown,0
40,self-employed,married,secondary,no,1737,yes,yes,cellular,1,0,unknown,0
52,management,married,tertiary,no,204,yes,no,cellular,4,0,unknown,0
38,admin.,divorced,secondary,no,2402,yes,yes,unknown,2,0,unknown,0
42,blue-collar,married,primary,no,-346,yes,no,telephone,1,0,unknown,0
43,management,married,tertiary,no,920,yes,no,cellular,5,2,unknown,0
35,blue-collar,married,secondary,no,2343,yes,yes,unknown,3,0,unknown,0
51,technician,married,secondary,no,65,no,yes,cellular,3,0,unknown,0
32,admin.,divorced,secondary,no,498,yes,no,cellular,1,0,unknown,0
48,blue-collar,married,primary,no,304,yes,no,unknown,3,0,unknown,0
19,retired,married,tertiary,no,-2090,yes,no,unknown,3,0,failure,0
31,management,divorced,tertiary,no,13,yes,yes,cellular,1,0,unknown,0
37,technician,married,primary,no,3090,no,no,unknown,1,0,unknown,1
32,management,single,tertiary,no,647,yes,no,unknown,3,0,unknown,0
31,services,married,secondary,no,904,yes,no,unknown,3,0,unknown,0
32,admin.,single,secondary,no,310,no,no,cellular,1,0,unknown,0
34,management,married,tertiary,no,658,yes,no,cellular,1,0,unknown,1
55,retired,married,tertiary,no,166,no,no,telephone,2,0,unknown,0
35,blue-collar,married,primary,no,152,yes,no,cellular,2,0,unknown,0
28,services,single,secondary,no,105,no,no,cellular,2,0,unknown,0
59,entrepreneur,married,tertiary,no,812,yes,yes,cellular,1,0,unknown,0
43,admin.,single,secondary,no,1368,no,yes,unknown,2,0,unknown,0
51,technician,married,tertiary,no,1577,no,no,cellular,3,0,unknown,0
42,management,divorced,tertiary,no,977,yes,no,unknown,4,0,unknown,0
29,services,single,secondary,no,997,yes,no,cellular,8,1,unknown,0
37,services,married,secondary,no,100,yes,no,cellular,4,0,unknown,0
43,blue-collar,divorced,primary,no,4818,yes,no,cellular,13,0,unknown,0
31,self-employed,single,tertiary,no,355,yes,no,cellular,5,0,unknown,0
29,blue-collar,married,tertiary,no,1136,yes,no,cellular,1,0,unknown,1
45,admin.,married,secondary,no,6461,no,yes,unknown,1,1,unknown,0
57,blue-collar,married,primary,no,2312,no,no,telephone,2,2,unknown,0
43,entrepreneur,married,primary,no,143,yes,no,cellular,2,2,failure,0
31,management,divorced,tertiary,no,147,no,yes,cellular,4,0,unknown,0
29,management,married,tertiary,no,1897,no,no,cellular,4,2,success,0
53,management,married,primary,no,6183,no,no,cellular,1,1,unknown,0
56,entrepreneur,married,tertiary,no,35647,yes,no,cellular,1,0,unknown,0
41,blue-collar,married,secondary,no,4563,yes,no,cellular,2,0,unknown,0
42,admin.,divorced,secondary,no,1367,yes,yes,cellular,3,0,unknown,0
25,unemployed,single,secondary,no,1879,yes,no,cellular,4,0,unknown,0
64,blue-collar,married,primary,no,663,no,no,unknown,2,0,unknown,0
44,services,divorced,primary,no,1617,yes,no,unknown,5,0,unknown,0
54,entrepreneur,married,tertiary,no,-3313,yes,yes,cellular,4,1,unknown,0
39,blue-collar,married,primary,no,1209,yes,no,unknown,1,0,unknown,0
47,technician,married,secondary,yes,-21,yes,no,unknown,1,0,unknown,0
46,technician,married,tertiary,no,7032,yes,no,cellular,4,0,unknown,0
61,housemaid,married,secondary,no,311,no,yes,unknown,3,0,unknown,0
33,technician,married,tertiary,no,2967,no,no,cellular,1,0,unknown,0
36,admin.,divorced,secondary,no,17237,no,yes,cellular,2,0,unknown,0
30,blue-collar,married,secondary,no,1771,yes,no,cellular,2,0,unknown,0
45,blue-collar,married,primary,no,1204,yes,no,cellular,3,5,unknown,0
40,blue-collar,married,primary,no,1967,yes,no,unknown,10,0,unknown,0
79,unemployed,married,primary,no,365,no,no,cellular,2,0,unknown,1
47,admin.,married,secondary,no,3680,yes,no,unknown,3,0,unknown,0
38,technician,single,tertiary,no,40,no,no,cellular,2,0,unknown,0
53,admin.,married,secondary,no,1454,no,no,telephone,1,2,failure,1
36,blue-collar,single,secondary,no,-713,yes,no,unknown,2,0,unknown,0
49,blue-collar,married,secondary,no,993,yes,no,unknown,2,0,unknown,0
32,management,married,secondary,no,1885,yes,no,cellular,3,0,failure,0
63,technician,married,secondary,no,477,no,yes,cellular,5,0,unknown,0
49,management,married,secondary,no,1084,no,yes,cellular,1,0,unknown,0
53,blue-collar,divorced,primary,no,849,yes,no,cellular,1,1,unknown,0
50,services,divorced,secondary,no,549,no,no,cellular,1,0,unknown,0
54,admin.,divorced,secondary,no,1025,no,no,telephone,6,0,unknown,1
36,technician,married,secondary,no,1007,yes,yes,cellular,1,1,unknown,0
45,retired,married,secondary,no,3133,no,no,cellular,4,0,unknown,0
67,unknown,married,primary,no,-17,no,yes,unknown,1,1,unknown,1
52,unemployed,divorced,secondary,no,-1754,yes,no,cellular,2,0,unknown,1
37,management,married,tertiary,no,4336,no,no,cellular,1,0,unknown,0
32,management,married,tertiary,no,1462,yes,no,cellular,2,0,unknown,0
56,blue-collar,married,secondary,no,1621,no,no,unknown,3,0,unknown,0
45,management,married,primary,no,-2154,yes,no,unknown,1,0,unknown,0
57,housemaid,married,primary,no,2861,no,no,unknown,3,0,unknown,0
39,blue-collar,married,primary,no,-250,no,no,unknown,1,0,unknown,1
50,admin.,married,primary,no,-405,yes,no,unknown,1,0,unknown,0
60,unknown,married,secondary,no,166,no,yes,cellular,1,2,failure,0
66,retired,married,primary,no,128,no,no,cellular,2,0,unknown,0
27,student,single,tertiary,no,1292,no,no,cellular,2,0,unknown,0
35,services,married,secondary,no,268,yes,no,unknown,1,0,unknown,0
39,unemployed,married,secondary,no,2201,yes,no,unknown,2,0,unknown,0
49,management,married,tertiary,no,-645,yes,no,cellular,6,0,unknown,0
32,blue-collar,single,secondary,no,-145,no,no,cellular,1,0,unknown,0
51,services,divorced,unknown,no,8173,yes,no,cellular,2,0,unknown,0
36,management,single,primary,no,-475,yes,no,cellular,2,0,unknown,0
30,blue-collar,married,secondary,no,-594,yes,no,unknown,1,0,unknown,0
33,blue-collar,married,secondary,no,-332,yes,no,cellular,1,0,unknown,0
29,technician,single,secondary,no,2392,yes,no,unknown,6,0,unknown,1
45,technician,married,secondary,no,1197,no,yes,cellular,1,0,unknown,0
45,blue-collar,married,secondary,no,558,yes,no,cellular,1,1,failure,0
43,management,married,tertiary,no,-1716,yes,no,cellular,1,0,unknown,0
49,admin.,married,unknown,no,2686,yes,no,cellular,1,1,unknown,0
36,admin.,married,secondary,no,3543,no,no,cellular,1,1,success,1
26,blue-collar,married,secondary,no,1007,yes,no,unknown,5,0,unknown,0
40,technician,single,secondary,no,-38,yes,yes,cellular,5,0,unknown,0
30,management,married,tertiary,no,67,no,no,cellular,12,0,unknown,0
29,blue-collar,married,secondary,no,35,yes,no,unknown,1,0,unknown,0
57,blue-collar,divorced,secondary,no,763,yes,no,cellular,2,0,unknown,0
36,management,married,tertiary,no,6853,yes,no,cellular,9,11,failure,0
34,technician,married,tertiary,no,63,no,no,cellular,4,0,unknown,0
35,unemployed,married,secondary,no,-259,no,no,unknown,3,0,unknown,0
40,entrepreneur,married,secondary,no,1842,yes,no,cellular,3,1,unknown,0
29,services,married,secondary,no,-98,yes,no,unknown,7,0,unknown,0
32,management,single,tertiary,no,1612,yes,no,cellular,2,0,unknown,0
29,blue-collar,married,primary,no,-115,no,no,cellular,3,0,unknown,0
25,student,single,tertiary,no,1909,no,no,cellular,3,0,unknown,1
35,blue-collar,married,tertiary,no,6432,yes,no,cellular,3,2,failure,0
27,technician,divorced,tertiary,no,-638,yes,no,cellular,3,0,unknown,0
25,blue-collar,married,secondary,no,184,yes,no,cellular,3,0,unknown,0
32,management,married,tertiary,yes,-169,yes,no,cellular,12,2,unknown,0
29,technician,single,secondary,no,2123,yes,no,cellular,1,0,unknown,0
67,retired,married,primary,no,-3313,no,no,cellular,3,0,unknown,0
32,blue-collar,single,tertiary,no,790,no,no,cellular,1,1,failure,0
36,blue-collar,single,secondary,no,3367,yes,no,cellular,5,4,other,0
71,retired,married,primary,no,493,no,yes,cellular,1,1,unknown,0
45,admin.,single,tertiary,no,1329,yes,no,cellular,1,0,unknown,0
32,technician,single,tertiary,no,-108,yes,no,cellular,1,0,unknown,0
31,blue-collar,married,primary,no,-296,yes,no,unknown,2,0,unknown,0
47,blue-collar,married,secondary,no,22186,yes,no,unknown,1,0,unknown,0
62,management,married,secondary,no,1904,no,no,telephone,3,0,unknown,0
55,blue-collar,married,primary,no,1129,yes,no,unknown,1,0,unknown,0
42,technician,single,secondary,no,0,no,no,cellular,8,0,unknown,0
34,admin.,married,secondary,no,396,yes,no,cellular,5,0,unknown,0
51,blue-collar,single,primary,no,547,no,no,cellular,1,0,unknown,0
50,blue-collar,married,primary,no,5348,yes,no,telephone,1,1,failure,0
33,technician,married,unknown,no,7188,no,no,cellular,2,9,failure,0
25,technician,single,secondary,no,575,yes,no,cellular,5,0,unknown,0
27,admin.,single,secondary,no,416,yes,no,cellular,4,0,unknown,0
32,management,married,tertiary,no,1178,yes,no,unknown,1,0,unknown,0
49,retired,married,tertiary,no,68,yes,no,cellular,1,3,unknown,0
30,technician,divorced,tertiary,no,823,yes,no,unknown,2,0,unknown,0
34,technician,single,secondary,no,174,yes,yes,unknown,2,0,unknown,0
35,services,divorced,secondary,no,1526,yes,no,cellular,1,0,failure,0
33,technician,single,secondary,no,7081,yes,yes,cellular,7,3,failure,0
30,technician,married,secondary,no,-1665,yes,no,unknown,2,0,unknown,0
53,management,single,tertiary,no,970,no,yes,unknown,4,0,unknown,0
35,self-employed,divorced,secondary,no,-924,yes,no,unknown,1,0,unknown,0
29,services,single,tertiary,no,1221,yes,no,cellular,1,2,unknown,0
43,entrepreneur,married,primary,no,2042,no,yes,unknown,1,0,unknown,0
46,management,married,tertiary,no,1227,no,no,telephone,3,0,unknown,1
34,blue-collar,single,secondary,no,2763,yes,no,unknown,3,0,unknown,0
41,management,married,tertiary,no,309,no,no,cellular,3,0,unknown,0
51,housemaid,married,tertiary,no,979,no,no,cellular,11,0,unknown,0
25,unemployed,single,secondary,no,3169,yes,no,cellular,1,1,success,0
30,blue-collar,married,secondary,no,-809,yes,no,unknown,3,0,unknown,0
36,management,married,tertiary,yes,-15,no,no,cellular,4,0,unknown,0
47,technician,married,tertiary,no,1247,yes,yes,cellular,2,1,unknown,0
44,management,single,tertiary,no,1361,yes,no,cellular,2,0,unknown,0
41,self-employed,married,primary,no,2447,yes,yes,unknown,10,0,unknown,0
44,entrepreneur,married,tertiary,no,7023,yes,no,cellular,1,6,unknown,0
57,technician,divorced,secondary,no,1129,no,yes,unknown,6,0,unknown,0
32,blue-collar,single,secondary,no,719,yes,no,cellular,21,0,unknown,0
42,housemaid,divorced,secondary,no,7294,no,no,cellular,4,0,unknown,1
40,unemployed,married,secondary,no,994,yes,no,cellular,2,0,unknown,0
43,technician,single,tertiary,no,285,no,no,cellular,2,1,failure,0
47,management,married,tertiary,no,1643,yes,no,cellular,5,0,unknown,1
30,blue-collar,single,secondary,no,142,yes,yes,cellular,36,0,unknown,0
26,blue-collar,married,secondary,no,1440,yes,no,unknown,1,0,unknown,0
30,technician,married,secondary,no,760,yes,no,cellular,2,0,unknown,0
28,admin.,married,secondary,no,217,no,no,telephone,2,0,unknown,0
29,technician,married,secondary,no,263,yes,no,cellular,4,0,unknown,0
79,housemaid,married,secondary,no,784,no,no,cellular,5,0,unknown,0
40,management,married,secondary,no,-297,yes,no,cellular,2,0,unknown,0
40,unemployed,married,secondary,no,331,no,no,unknown,1,0,unknown,0
51,unemployed,married,tertiary,no,517,no,no,telephone,5,0,unknown,0
47,retired,divorced,secondary,no,3671,yes,yes,unknown,4,0,unknown,0
60,retired,married,primary,no,447,no,no,cellular,6,0,unknown,0
44,admin.,married,secondary,no,391,yes,no,cellular,2,0,unknown,0
38,services,married,secondary,no,1958,yes,no,cellular,1,1,failure,0
40,technician,single,secondary,no,380,yes,no,cellular,5,0,unknown,0
47,technician,single,tertiary,no,2375,yes,no,unknown,2,0,unknown,0
35,technician,single,tertiary,no,25,no,no,cellular,2,0,unknown,1
29,student,single,tertiary,no,926,no,no,cellular,1,0,unknown,0
27,blue-collar,single,unknown,no,9,no,no,unknown,3,0,unknown,0
40,housemaid,married,secondary,no,322,no,yes,cellular,9,0,unknown,0
43,management,single,tertiary,no,1163,yes,no,unknown,6,1,unknown,0
42,management,married,secondary,no,-2,yes,yes,telephone,4,0,unknown,0
53,management,divorced,tertiary,no,6712,yes,no,cellular,1,0,unknown,0
49,management,married,secondary,no,-368,no,no,unknown,1,0,unknown,0
57,management,married,tertiary,no,4359,no,no,cellular,1,0,unknown,0
34,technician,single,secondary,no,-758,no,no,unknown,3,2,unknown,0
53,retired,married,primary,no,1062,no,yes,cellular,6,0,unknown,0
43,technician,single,secondary,no,3461,yes,no,cellular,2,4,other,0
54,retired,married,tertiary,no,1889,no,no,cellular,2,2,failure,0
38,blue-collar,single,secondary,no,151,no,no,unknown,1,0,unknown,0
33,services,married,secondary,no,115,no,no,unknown,3,0,unknown,0
49,technician,divorced,secondary,no,-324,yes,no,unknown,5,0,unknown,0
41,housemaid,married,secondary,no,-429,no,no,cellular,2,0,unknown,0
63,management,divorced,tertiary,no,314,no,no,telephone,5,0,unknown,0
36,technician,married,secondary,no,-1439,yes,no,cellular,2,3,failure,0
59,technician,married,secondary,no,2111,yes,no,cellular,11,0,unknown,0
50,services,married,secondary,no,9558,no,no,cellular,1,0,unknown,0
21,student,single,primary,no,4665,yes,no,cellular,1,0,unknown,1
55,technician,married,secondary,no,1701,no,no,unknown,1,0,unknown,0
50,retired,married,secondary,no,78,yes,no,unknown,3,0,unknown,0
54,blue-collar,married,primary,no,3163,no,no,cellular,1,0,unknown,0
32,technician,single,tertiary,no,563,no,no,cellular,1,0,unknown,0
40,services,married,secondary,no,-22,no,no,unknown,1,0,unknown,0
42,blue-collar,married,secondary,no,7016,yes,no,unknown,1,0,unknown,0
56,technician,married,secondary,no,256,yes,no,cellular,1,0,unknown,0
35,management,single,secondary,no,-593,yes,yes,cellular,2,2,unknown,0
19,technician,married,secondary,no,44,no,no,cellular,7,1,unknown,1
49,blue-collar,married,primary,no,452,yes,no,unknown,5,0,unknown,0
35,management,married,secondary,no,-163,yes,no,cellular,2,0,unknown,0
41,management,married,unknown,no,10843,yes,no,cellular,3,6,other,0
37,student,married,unknown,no,231,no,no,cellular,5,0,unknown,0
67,blue-collar,married,primary,no,380,no,no,cellular,2,1,failure,0
38,technician,married,secondary,no,12436,no,no,unknown,1,0,unknown,0
51,blue-collar,married,secondary,no,356,yes,no,cellular,34,0,unknown,0
28,blue-collar,married,secondary,no,505,yes,no,unknown,5,0,unknown,0
42,admin.,married,secondary,no,9752,yes,no,cellular,5,1,unknown,0
40,technician,married,secondary,no,1419,no,no,cellular,2,0,unknown,0
47,management,married,tertiary,no,-576,no,yes,unknown,1,0,unknown,0
60,retired,married,secondary,no,9096,yes,no,cellular,1,2,other,0
37,blue-collar,single,secondary,no,-3313,yes,no,cellular,1,0,unknown,0
31,management,single,secondary,no,1293,yes,no,cellular,1,4,success,0
35,entrepreneur,married,secondary,no,1053,yes,yes,cellular,4,0,unknown,0
30,blue-collar,married,secondary,no,3047,yes,no,unknown,16,0,unknown,0
33,admin.,single,secondary,no,2715,yes,yes,cellular,2,6,other,0
39,blue-collar,married,primary,no,2494,yes,no,unknown,2,0,unknown,0
58,blue-collar,married,primary,no,784,yes,no,unknown,2,0,unknown,0
31,management,single,secondary,no,1366,no,no,cellular,2,0,unknown,0
27,services,married,secondary,no,574,yes,no,cellular,1,1,failure,0
38,management,married,tertiary,no,298,yes,no,unknown,1,2,unknown,0
36,entrepreneur,married,tertiary,no,21,yes,no,cellular,3,0,unknown,0
28,technician,divorced,secondary,no,304,yes,no,cellular,3,0,unknown,0
54,management,divorced,tertiary,no,236,no,no,unknown,1,0,unknown,0
28,management,married,tertiary,no,2461,no,no,cellular,1,0,unknown,0
37,admin.,married,secondary,no,6081,yes,no,cellular,1,0,unknown,0
45,services,married,secondary,no,557,yes,no,unknown,3,0,unknown,0
32,blue-collar,divorced,secondary,no,105,yes,no,unknown,1,0,unknown,0
31,management,married,tertiary,no,1239,no,no,cellular,7,0,unknown,0
46,blue-collar,married,secondary,no,5773,yes,yes,cellular,3,1,failure,0
38,admin.,married,tertiary,no,1876,no,yes,cellular,1,0,unknown,0
32,technician,married,secondary,no,2491,yes,no,unknown,1,0,unknown,0
54,retired,married,tertiary,no,4450,no,no,cellular,1,1,failure,0
38,services,married,secondary,no,4722,yes,no,unknown,2,0,unknown,0
39,services,single,secondary,no,1216,no,no,cellular,6,0,unknown,0
35,admin.,married,secondary,no,1314,yes,no,cellular,27,0,failure,0
21,technician,single,tertiary,no,836,yes,yes,cellular,1,2,unknown,0
42,admin.,married,secondary,no,2940,no,yes,cellular,1,0,failure,1
30,entrepreneur,married,tertiary,no,216,yes,no,unknown,1,0,unknown,0
55,unemployed,married,secondary,no,624,yes,no,cellular,4,1,success,1
41,management,single,tertiary,no,23,no,no,cellular,1,0,unknown,0
38,technician,married,secondary,no,3818,no,no,cellular,2,0,unknown,0
65,admin.,single,secondary,no,78,no,no,cellular,4,1,unknown,0
33,blue-collar,single,primary,no,1589,yes,no,cellular,2,5,success,0
44,retired,married,unknown,no,978,no,no,cellular,3,1,success,1
45,management,married,unknown,no,-221,no,no,cellular,3,2,other,0
22,student,single,tertiary,yes,624,yes,no,cellular,3,0,unknown,0
36,blue-collar,married,secondary,no,-66,yes,yes,cellular,4,0,unknown,0
32,management,single,tertiary,no,-93,no,no,unknown,11,0,unknown,0
72,self-employed,married,primary,no,-16,no,no,cellular,2,0,unknown,0
35,management,single,tertiary,no,6228,yes,no,unknown,3,0,unknown,0
30,admin.,single,secondary,no,-488,no,no,cellular,1,0,unknown,0
37,unemployed,married,secondary,no,1306,yes,no,cellular,2,2,failure,0
47,technician,single,secondary,no,1498,yes,no,unknown,2,0,unknown,0
45,blue-collar,married,primary,no,2000,no,yes,unknown,1,0,unknown,0
50,management,married,tertiary,no,-482,yes,no,cellular,5,0,unknown,0
34,admin.,married,secondary,no,105,yes,no,cellular,3,0,unknown,0
45,services,divorced,tertiary,no,1106,yes,no,unknown,3,0,unknown,0
42,admin.,married,secondary,no,-131,no,no,telephone,1,1,failure,0
40,blue-collar,divorced,secondary,no,-654,yes,no,unknown,2,0,unknown,0
42,unemployed,married,primary,no,1637,no,no,cellular,2,1,unknown,0
47,technician,divorced,secondary,no,99,no,no,cellular,1,0,unknown,0
38,blue-collar,single,secondary,no,3761,no,no,cellular,3,0,unknown,0
37,services,single,secondary,no,1577,yes,no,cellular,2,0,unknown,0
31,admin.,married,secondary,no,82,yes,yes,cellular,7,0,unknown,0
28,technician,single,tertiary,no,265,no,no,cellular,1,0,unknown,0
33,management,married,secondary,no,9453,yes,no,cellular,2,8,failure,0
41,technician,divorced,secondary,no,-199,yes,no,cellular,2,0,unknown,0
45,services,married,secondary,no,3438,yes,no,unknown,2,0,unknown,0
49,blue-collar,married,primary,no,690,no,yes,telephone,3,0,unknown,0
28,management,single,tertiary,no,4882,yes,no,telephone,2,0,unknown,0
33,management,single,unknown,no,4419,yes,no,cellular,1,3,failure,0
41,self-employed,married,tertiary,no,266,no,no,cellular,2,0,success,1
30,blue-collar,divorced,secondary,no,290,no,no,cellular,1,0,unknown,0
43,admin.,divorced,tertiary,no,-1243,yes,no,cellular,4,0,unknown,0
42,admin.,married,secondary,no,163,no,no,cellular,6,0,unknown,0
35,management,married,secondary,no,1506,no,no,unknown,2,0,unknown,0
25,technician,single,tertiary,no,806,yes,no,unknown,1,0,unknown,0
63,admin.,married,primary,no,1717,no,no,cellular,7,0,unknown,0
37,technician,married,secondary,no,3467,yes,no,unknown,3,0,unknown,0
45,blue-collar,married,primary,no,-456,yes,no,unknown,3,0,unknown,0
27,technician,single,primary,no,-1700,no,yes,cellular,2,0,unknown,0
35,blue-collar,married,secondary,no,458,yes,no,unknown,6,2,unknown,0
36,unemployed,married,secondary,no,195,yes,no,unknown,1,0,unknown,0
57,retired,divorced,primary,no,462,yes,no,cellular,2,2,failure,0
31,blue-collar,married,secondary,no,23,yes,no,unknown,3,0,unknown,0
24,technician,single,tertiary,no,187,no,no,cellular,4,0,unknown,1
35,management,single,tertiary,no,-159,no,no,cellular,3,0,unknown,0
45,entrepreneur,single,tertiary,no,789,yes,no,cellular,1,1,other,0
49,management,single,tertiary,no,-922,yes,no,unknown,14,0,unknown,0
67,management,married,primary,no,2824,no,no,cellular,1,0,unknown,0
32,admin.,single,tertiary,no,589,no,yes,cellular,2,0,unknown,0
26,unemployed,divorced,secondary,no,1086,no,no,cellular,1,3,other,0
38,housemaid,married,primary,no,-293,no,yes,cellular,2,0,unknown,0
50,blue-collar,single,secondary,no,7243,yes,no,cellular,1,2,failure,1
33,unemployed,single,tertiary,no,867,no,no,cellular,2,0,unknown,1
48,technician,married,secondary,yes,6,no,no,cellular,5,0,unknown,0
54,services,single,secondary,no,442,no,no,cellular,1,0,unknown,0
45,technician,married,secondary,no,1330,yes,no,cellular,2,5,failure,1
45,admin.,married,secondary,no,4883,yes,no,unknown,1,0,unknown,0
45,technician,married,secondary,no,5339,no,no,cellular,1,5,success,1
63,housemaid,married,primary,no,12,no,yes,unknown,1,0,unknown,0
58,management,married,secondary,no,367,no,no,telephone,3,0,unknown,1
62,management,married,tertiary,no,4868,no,no,cellular,3,0,unknown,1
45,self-employed,married,secondary,no,-478,yes,no,unknown,3,0,unknown,0
48,entrepreneur,married,secondary,no,784,no,no,unknown,2,0,unknown,0
33,management,married,tertiary,no,9072,no,no,cellular,7,0,other,0
47,management,married,secondary,no,282,yes,no,cellular,2,0,unknown,0
40,management,married,secondary,no,226,yes,no,cellular,2,19,failure,0
59,management,married,tertiary,no,289,no,yes,unknown,2,0,unknown,0
36,admin.,single,secondary,no,263,yes,no,unknown,4,0,unknown,0
52,admin.,married,secondary,no,4898,yes,no,unknown,2,0,unknown,0
46,self-employed,married,unknown,no,-131,yes,no,unknown,1,0,unknown,0
39,blue-collar,divorced,secondary,no,786,no,no,unknown,1,0,unknown,0
38,management,single,unknown,no,2224,no,no,cellular,1,0,unknown,0
58,entrepreneur,married,primary,no,3328,yes,no,cellular,2,0,unknown,0
29,management,single,tertiary,no,4299,no,no,unknown,1,0,unknown,0
51,technician,married,secondary,no,4642,no,no,cellular,1,3,unknown,0
59,retired,married,secondary,no,20164,no,no,cellular,2,0,unknown,0
54,housemaid,single,primary,no,425,yes,yes,cellular,1,0,unknown,0
55,services,married,secondary,no,-259,yes,no,cellular,2,3,unknown,0
31,management,married,tertiary,no,3376,yes,no,unknown,2,0,unknown,0
37,technician,married,secondary,no,862,no,yes,unknown,4,0,unknown,0
41,admin.,single,secondary,no,325,no,yes,cellular,3,0,unknown,0
45,management,divorced,primary,no,273,yes,yes,cellular,2,0,unknown,0
31,technician,married,secondary,no,1914,yes,no,cellular,1,0,unknown,0
57,management,married,tertiary,no,3942,no,no,cellular,3,0,unknown,0
44,blue-collar,married,secondary,no,7945,yes,no,unknown,3,1,unknown,0
50,blue-collar,married,primary,no,2478,yes,no,unknown,2,0,unknown,0
34,management,married,tertiary,no,-110,no,no,cellular,5,0,unknown,0
48,management,married,primary,no,1672,yes,no,cellular,1,0,unknown,0
33,management,single,secondary,no,-131,no,no,telephone,4,0,unknown,0
39,management,single,tertiary,no,13460,no,no,cellular,3,0,success,0
59,housemaid,married,secondary,no,993,no,no,cellular,2,0,unknown,0
48,blue-collar,married,tertiary,no,5684,yes,no,cellular,10,0,unknown,0
46,technician,married,secondary,yes,40,no,no,cellular,1,0,success,0
37,services,single,secondary,no,7009,yes,yes,cellular,1,3,other,0
35,management,married,secondary,no,3003,yes,no,cellular,1,3,unknown,1
35,services,married,secondary,no,653,yes,no,cellular,6,0,unknown,0
59,management,married,tertiary,no,-665,yes,no,cellular,4,3,other,0
19,retired,single,secondary,no,2400,no,yes,cellular,7,0,unknown,0
26,services,married,unknown,no,161,no,no,cellular,15,0,unknown,0
39,admin.,married,secondary,no,607,yes,no,unknown,3,0,unknown,0
32,blue-collar,single,secondary,no,774,yes,no,cellular,4,0,unknown,0
42,management,married,tertiary,no,825,yes,no,cellular,1,2,unknown,0
26,management,single,tertiary,no,4370,yes,no,unknown,4,0,unknown,0
47,blue-collar,married,secondary,no,-265,yes,no,unknown,27,0,unknown,0
33,management,married,tertiary,no,1080,no,no,cellular,1,4,failure,1
42,blue-collar,married,secondary,no,805,yes,no,cellular,7,0,unknown,0
56,admin.,married,secondary,no,525,no,yes,cellular,3,0,unknown,0
31,housemaid,single,secondary,no,640,yes,no,cellular,2,0,unknown,0
47,blue-collar,divorced,secondary,no,-1173,no,no,cellular,1,0,failure,0
39,blue-collar,married,secondary,no,205,yes,no,cellular,8,6,failure,0
42,blue-collar,married,primary,no,593,yes,no,unknown,1,3,unknown,0
40,services,single,secondary,no,257,yes,no,unknown,4,0,unknown,0
37,management,married,tertiary,no,3534,no,no,cellular,1,0,unknown,0
31,services,single,secondary,no,2506,no,no,unknown,4,0,unknown,0
38,technician,single,secondary,no,159,yes,no,cellular,1,0,unknown,0
38,management,married,unknown,no,9204,yes,no,unknown,3,0,unknown,0
58,unknown,married,secondary,no,5185,no,no,cellular,4,0,unknown,0
44,blue-collar,married,primary,no,50,no,no,cellular,1,2,failure,0
40,technician,married,secondary,no,8688,no,no,unknown,2,0,unknown,0
33,management,married,tertiary,no,477,no,no,cellular,3,0,unknown,0
36,blue-collar,single,secondary,no,2133,no,no,unknown,10,0,unknown,0
32,management,divorced,secondary,no,2031,yes,no,cellular,5,0,unknown,0
43,retired,married,tertiary,no,-106,yes,yes,cellular,9,0,unknown,0
29,technician,single,secondary,no,505,no,no,unknown,1,0,unknown,0
48,management,married,primary,no,1295,no,no,cellular,7,0,unknown,0
30,technician,single,secondary,no,148,no,no,cellular,1,0,unknown,0
46,technician,married,secondary,no,4249,no,no,cellular,2,0,unknown,0
36,entrepreneur,married,tertiary,no,-703,yes,yes,cellular,2,0,unknown,0
35,blue-collar,single,secondary,no,6703,no,no,cellular,1,2,other,0
43,management,married,tertiary,no,2291,yes,no,cellular,3,4,failure,1
47,technician,married,secondary,no,915,yes,yes,telephone,1,0,unknown,0
37,self-employed,married,secondary,no,-1487,yes,no,cellular,1,10,failure,0
49,blue-collar,divorced,primary,no,880,yes,no,cellular,1,1,unknown,0
49,management,married,tertiary,no,-50,yes,no,unknown,3,0,failure,0
36,admin.,single,tertiary,no,125,no,no,cellular,4,1,unknown,0
57,housemaid,married,primary,no,218,yes,no,unknown,1,0,failure,0
56,admin.,married,primary,no,5287,yes,no,cellular,7,0,unknown,0
37,blue-collar,married,secondary,no,1740,yes,no,unknown,1,0,unknown,0
36,entrepreneur,married,secondary,no,1771,no,no,unknown,1,0,unknown,0
56,management,married,tertiary,no,2222,no,yes,cellular,7,0,unknown,0
42,blue-collar,married,secondary,no,248,yes,no,cellular,22,5,unknown,0
32,services,married,secondary,no,78,yes,no,cellular,3,0,unknown,1
31,admin.,single,secondary,no,88,yes,no,cellular,5,0,unknown,0
29,entrepreneur,married,secondary,no,203,yes,no,cellular,3,0,unknown,0
29,technician,married,tertiary,no,-997,yes,no,cellular,5,0,failure,0
40,management,married,tertiary,no,180,no,no,cellular,2,0,unknown,0
39,blue-collar,married,secondary,no,281,yes,no,unknown,4,0,unknown,0
62,technician,married,secondary,no,-599,yes,yes,cellular,6,0,failure,0
39,technician,married,secondary,no,1401,yes,yes,cellular,2,0,unknown,0
38,housemaid,married,secondary,no,8067,yes,no,cellular,5,1,other,0
25,unemployed,single,secondary,no,269,no,no,unknown,1,0,unknown,0
26,unemployed,married,tertiary,no,1470,yes,yes,unknown,13,0,unknown,0
31,admin.,married,secondary,no,622,yes,yes,cellular,2,0,success,1
33,management,single,tertiary,no,1764,no,no,cellular,1,0,unknown,0
47,admin.,single,secondary,yes,1261,no,no,telephone,1,0,unknown,0
45,management,married,tertiary,no,2042,no,no,cellular,5,0,unknown,0
31,management,single,tertiary,no,6154,no,no,cellular,2,0,unknown,0
50,management,married,secondary,no,253,no,yes,cellular,1,0,unknown,0
21,student,single,secondary,no,-236,yes,no,unknown,1,0,unknown,0
70,blue-collar,married,primary,no,50,yes,no,cellular,4,0,unknown,0
39,blue-collar,single,secondary,no,1139,yes,yes,unknown,3,0,unknown,0
40,self-employed,married,secondary,no,151,no,no,unknown,1,0,unknown,0
35,management,single,tertiary,no,4319,yes,no,cellular,5,6,failure,0
43,technician,divorced,tertiary,no,1865,yes,yes,unknown,18,1,unknown,0
28,services,single,secondary,no,2690,yes,no,unknown,2,0,unknown,0
55,self-employed,married,secondary,no,146,no,yes,unknown,2,0,unknown,0
44,management,married,tertiary,no,55,no,no,cellular,2,5,failure,1
45,blue-collar,married,secondary,no,407,yes,no,cellular,6,0,unknown,0
46,management,married,tertiary,no,691,yes,no,cellular,1,0,unknown,0
42,management,married,tertiary,no,4846,no,no,cellular,2,0,unknown,0
48,technician,married,secondary,no,2021,no,no,cellular,2,0,unknown,0
54,self-employed,single,secondary,no,1457,no,no,telephone,2,0,unknown,0
50,management,married,tertiary,no,4848,yes,no,telephone,1,0,unknown,0
33,retired,married,secondary,no,-476,yes,yes,unknown,2,0,unknown,0
39,services,married,secondary,no,3078,yes,no,cellular,3,0,unknown,0
33,blue-collar,married,secondary,no,134,yes,no,telephone,3,1,unknown,0
39,services,married,tertiary,no,1062,no,no,unknown,6,0,unknown,0
43,admin.,single,secondary,no,3690,no,no,cellular,3,0,unknown,0
56,services,married,tertiary,no,737,no,no,cellular,3,0,unknown,0
32,blue-collar,single,tertiary,no,72,no,no,cellular,8,0,unknown,0
45,entrepreneur,married,secondary,no,1544,yes,yes,cellular,1,0,unknown,0
48,technician,divorced,primary,no,7397,no,no,unknown,3,0,unknown,0
31,management,married,secondary,no,-100,yes,no,cellular,5,0,unknown,0
49,blue-collar,divorced,secondary,no,67,yes,no,unknown,2,0,unknown,0
31,blue-collar,single,secondary,no,1319,yes,no,cellular,1,0,unknown,0
46,admin.,married,secondary,no,391,no,yes,cellular,4,0,unknown,0
48,technician,married,unknown,no,3062,no,no,cellular,1,3,failure,0
29,unemployed,married,secondary,no,2684,no,no,cellular,2,0,unknown,0
32,management,single,tertiary,no,2330,yes,no,cellular,1,0,unknown,0
58,housemaid,married,secondary,no,6485,no,no,telephone,1,0,unknown,0
55,blue-collar,divorced,tertiary,no,111,yes,no,cellular,3,0,other,1
44,technician,married,unknown,no,2914,no,no,unknown,3,2,success,0
19,management,married,secondary,no,82,yes,no,unknown,7,0,unknown,0
56,blue-collar,married,secondary,no,1314,yes,no,unknown,1,0,unknown,0
44,housemaid,married,primary,no,3203,no,no,unknown,2,0,unknown,0
45,self-employed,married,secondary,no,509,yes,yes,cellular,2,2,failure,0
66,housemaid,married,secondary,no,11238,no,no,telephone,1,0,unknown,0
48,technician,single,secondary,no,4331,yes,no,unknown,4,0,unknown,0
37,self-employed,married,secondary,no,-123,yes,no,cellular,6,4,success,1
31,admin.,married,secondary,no,2462,no,no,cellular,1,4,other,0
57,services,married,secondary,no,-820,yes,no,cellular,1,0,unknown,0
30,student,single,tertiary,no,17,no,yes,cellular,10,0,unknown,0
44,blue-collar,married,primary,no,57,yes,no,unknown,1,0,unknown,0
33,blue-collar,single,secondary,no,5623,yes,no,cellular,2,3,failure,0
33,management,single,tertiary,no,3296,no,no,cellular,2,2,other,0
28,blue-collar,single,tertiary,no,419,yes,no,cellular,1,1,unknown,0
43,technician,single,secondary,no,1122,no,no,cellular,1,0,unknown,0
44,blue-collar,married,secondary,no,233,yes,no,cellular,6,9,failure,0
36,self-employed,single,tertiary,no,5094,no,no,cellular,5,0,success,0
60,retired,divorced,primary,no,4932,no,no,cellular,3,0,unknown,0
34,management,married,tertiary,no,-3313,yes,yes,unknown,1,0,unknown,0
34,technician,married,secondary,no,-658,yes,no,cellular,2,0,unknown,0
35,technician,married,tertiary,no,449,yes,no,unknown,10,0,unknown,0
53,services,married,secondary,no,3298,no,yes,cellular,1,0,unknown,0
36,services,married,secondary,no,188,yes,yes,unknown,1,0,unknown,0
56,retired,divorced,tertiary,no,1273,no,no,cellular,4,0,unknown,0
34,management,married,tertiary,no,2829,no,yes,unknown,1,0,unknown,0
41,blue-collar,single,secondary,no,436,yes,no,unknown,2,0,unknown,0
27,blue-collar,married,tertiary,no,1192,yes,yes,unknown,3,0,unknown,0
36,services,single,tertiary,no,350,yes,no,cellular,2,0,unknown,0
30,services,married,secondary,no,1180,yes,no,unknown,3,0,unknown,0
51,blue-collar,married,primary,no,2054,no,no,telephone,1,0,unknown,0
48,services,divorced,primary,no,3402,no,no,cellular,4,0,unknown,1
49,admin.,married,secondary,no,720,yes,no,cellular,2,2,failure,0
29,technician,single,tertiary,no,781,yes,no,unknown,7,0,unknown,0
32,unemployed,single,tertiary,no,2559,no,no,unknown,3,0,unknown,0
33,technician,single,secondary,no,433,no,no,cellular,1,0,unknown,0
57,retired,married,tertiary,no,2336,no,no,telephone,2,3,success,0
36,technician,married,tertiary,no,356,yes,yes,cellular,1,1,failure,0
46,blue-collar,married,unknown,no,284,no,no,unknown,14,0,unknown,0
28,blue-collar,single,secondary,no,10462,yes,yes,telephone,7,0,unknown,0
36,unemployed,married,secondary,no,-51,no,no,cellular,1,0,unknown,0
56,technician,married,tertiary,no,5679,yes,no,unknown,4,0,unknown,0
48,entrepreneur,married,primary,no,1540,no,no,cellular,4,1,other,0
43,technician,divorced,secondary,no,1498,no,no,cellular,2,0,unknown,0
34,services,single,secondary,no,9549,no,no,cellular,2,2,other,0
57,services,married,secondary,no,1028,yes,no,unknown,3,0,unknown,0
46,blue-collar,single,primary,no,-681,yes,no,cellular,4,10,failure,0
29,management,married,tertiary,no,-8,no,no,cellular,5,0,unknown,0
42,management,married,tertiary,no,416,yes,no,cellular,2,0,unknown,0
40,admin.,married,secondary,no,3786,yes,no,telephone,11,2,unknown,0
30,technician,single,secondary,no,294,no,yes,cellular,2,0,unknown,0
28,blue-collar,single,secondary,no,6065,no,no,cellular,4,0,unknown,0
57,technician,divorced,secondary,no,3938,yes,no,cellular,3,0,unknown,0
41,blue-collar,divorced,secondary,no,2122,yes,no,cellular,16,1,unknown,0
24,admin.,single,secondary,no,1680,no,no,unknown,1,4,unknown,0
28,technician,single,tertiary,no,-2008,yes,no,cellular,1,3,failure,0
65,retired,married,tertiary,no,215,no,no,cellular,1,0,failure,0
35,management,married,secondary,no,3512,yes,no,cellular,13,0,unknown,0
58,technician,divorced,secondary,no,-571,yes,no,unknown,2,0,unknown,0
39,blue-collar,married,secondary,no,396,yes,no,unknown,1,0,unknown,0
35,management,single,tertiary,no,1335,yes,no,cellular,1,0,unknown,1
29,blue-collar,single,secondary,no,4456,no,yes,cellular,2,0,unknown,0
24,technician,single,tertiary,no,2568,no,no,unknown,1,0,unknown,0
26,housemaid,married,tertiary,no,2223,no,no,cellular,6,0,unknown,0
54,services,single,tertiary,no,4649,no,no,cellular,2,0,unknown,1
50,blue-collar,married,primary,no,467,no,no,cellular,2,0,unknown,0
47,blue-collar,married,secondary,no,675,yes,no,unknown,1,0,unknown,0
31,blue-collar,divorced,tertiary,no,2687,yes,no,unknown,6,0,unknown,0
33,blue-collar,married,secondary,no,769,yes,no,cellular,8,5,failure,0
54,technician,married,secondary,no,-122,yes,no,cellular,1,1,failure,0
50,blue-collar,married,secondary,no,-554,yes,yes,cellular,1,1,unknown,0
22,blue-collar,single,secondary,no,1269,no,no,cellular,3,0,unknown,1
37,management,married,tertiary,no,2542,no,yes,cellular,2,0,unknown,0
67,housemaid,divorced,primary,no,949,no,no,cellular,2,1,success,0
29,self-employed,single,tertiary,no,551,yes,no,cellular,1,0,unknown,0
31,unemployed,married,secondary,no,1425,no,yes,cellular,8,0,unknown,0
33,management,married,tertiary,no,-2354,no,no,cellular,8,6,other,1
59,management,married,tertiary,no,5606,no,no,telephone,3,1,unknown,0
32,management,married,tertiary,no,195,yes,no,cellular,1,0,unknown,0
36,blue-collar,single,secondary,no,1475,yes,no,unknown,3,0,unknown,0
39,blue-collar,single,primary,no,7243,yes,no,cellular,3,3,failure,0
54,services,married,secondary,no,605,yes,no,cellular,2,0,unknown,0
43,services,married,secondary,no,-822,yes,no,cellular,1,2,failure,0
54,housemaid,married,primary,no,58,no,yes,unknown,1,0,unknown,0
36,technician,single,secondary,no,-155,no,no,cellular,2,0,unknown,0
39,technician,married,tertiary,no,2427,no,no,cellular,3,0,unknown,0
79,management,divorced,unknown,yes,-138,yes,no,telephone,1,1,unknown,1
34,entrepreneur,married,tertiary,no,2060,no,no,unknown,1,0,unknown,0
43,services,married,tertiary,no,17240,yes,no,cellular,1,5,failure,0
28,blue-collar,single,tertiary,no,1064,yes,no,cellular,1,8,failure,1
44,technician,married,secondary,no,1497,no,no,telephone,4,0,unknown,0
47,management,divorced,secondary,yes,-952,yes,no,unknown,5,8,failure,0
44,technician,single,secondary,no,1108,no,no,unknown,2,0,unknown,0
47,management,single,tertiary,no,-40,no,no,cellular,13,0,unknown,0
51,unemployed,married,secondary,no,253,no,no,cellular,4,0,unknown,0
31,management,married,unknown,no,853,no,no,cellular,1,1,unknown,0
34,services,single,secondary,no,-86,no,no,cellular,1,0,unknown,0
31,services,single,secondary,no,87,yes,no,unknown,3,0,unknown,0
35,technician,single,tertiary,no,1140,no,no,cellular,1,0,unknown,0
25,technician,single,tertiary,no,1076,no,no,cellular,3,1,unknown,1
22,unemployed,single,secondary,no,737,yes,no,unknown,1,0,unknown,0
47,admin.,married,secondary,no,2930,yes,yes,telephone,10,0,failure,0
39,technician,single,secondary,no,2965,no,yes,cellular,2,0,unknown,0
28,technician,married,primary,no,203,no,no,cellular,7,1,other,1
31,technician,single,secondary,no,2137,yes,no,cellular,1,1,failure,0
44,management,divorced,tertiary,no,5842,no,no,cellular,4,0,unknown,0
30,entrepreneur,married,secondary,no,-41,no,no,cellular,6,1,unknown,0
35,blue-collar,married,secondary,no,479,yes,no,cellular,3,0,unknown,0
38,self-employed,married,secondary,no,186,yes,no,unknown,1,0,unknown,0
30,blue-collar,married,primary,no,1551,yes,yes,unknown,2,0,unknown,0
43,entrepreneur,married,tertiary,no,836,no,no,cellular,4,0,unknown,1
58,retired,married,secondary,no,5122,yes,no,cellular,4,0,unknown,0
34,admin.,single,tertiary,no,11,no,yes,cellular,1,1,unknown,0
33,technician,single,secondary,no,-634,yes,no,cellular,5,0,unknown,0
41,blue-collar,married,secondary,no,-721,yes,no,unknown,2,0,unknown,0
41,entrepreneur,married,secondary,no,10127,yes,no,unknown,1,0,unknown,0
26,student,single,secondary,no,1346,no,no,unknown,29,0,unknown,0
39,management,single,unknown,no,356,no,yes,cellular,2,3,other,0
41,management,married,tertiary,no,1297,yes,no,cellular,3,0,failure,1
60,services,single,secondary,no,1007,no,no,cellular,4,0,unknown,1
27,services,divorced,secondary,no,1705,no,yes,unknown,5,0,unknown,1
38,services,married,primary,no,238,no,no,unknown,1,0,unknown,0
42,admin.,single,secondary,no,-46,yes,no,cellular,1,2,unknown,0
36,management,married,tertiary,no,1874,no,no,cellular,1,1,success,1
42,admin.,single,secondary,no,-218,no,no,cellular,1,2,other,0
37,blue-collar,married,primary,no,-580,yes,no,unknown,1,0,unknown,0
40,self-employed,married,secondary,no,6754,no,no,telephone,1,0,unknown,0
29,student,single,secondary,no,1279,yes,no,cellular,1,0,unknown,0
42,technician,single,primary,no,-230,yes,no,cellular,2,4,failure,0
43,blue-collar,divorced,primary,no,1914,yes,no,cellular,4,1,unknown,0
24,blue-collar,divorced,secondary,no,2026,yes,no,unknown,3,0,unknown,0
31,services,married,secondary,no,1346,no,yes,unknown,1,0,unknown,0
29,management,married,tertiary,no,-831,no,yes,cellular,2,0,unknown,0
35,entrepreneur,married,secondary,no,-462,yes,yes,telephone,6,8,other,0
40,blue-collar,single,secondary,no,2981,yes,yes,unknown,2,1,unknown,0
61,admin.,married,unknown,no,5863,no,no,cellular,2,2,failure,0
47,admin.,married,secondary,no,-213,yes,no,cellular,3,0,unknown,0
49,technician,married,secondary,no,941,yes,no,cellular,1,0,unknown,1
43,admin.,divorced,secondary,no,6753,yes,no,unknown,5,2,unknown,0
40,admin.,divorced,secondary,no,1506,yes,yes,telephone,6,0,unknown,0
39,management,single,tertiary,no,2900,yes,no,cellular,1,0,unknown,0
44,services,married,secondary,no,1373,yes,yes,unknown,2,1,unknown,0
44,housemaid,divorced,primary,no,7829,no,no,cellular,3,1,unknown,0
25,student,single,secondary,no,1249,yes,no,telephone,4,0,unknown,1
45,blue-collar,married,secondary,no,-15,yes,no,unknown,2,0,unknown,0
29,management,married,tertiary,no,5353,yes,no,telephone,2,0,unknown,0
44,blue-collar,married,tertiary,no,1054,yes,no,cellular,4,0,unknown,1
34,technician,single,tertiary,no,8324,yes,no,cellular,3,0,unknown,0
51,self-employed,single,tertiary,no,56,yes,no,cellular,2,0,unknown,0
26,management,married,tertiary,no,247,yes,no,cellular,2,0,unknown,0
31,services,divorced,secondary,no,2374,yes,no,cellular,2,0,failure,0
36,management,divorced,secondary,no,3727,no,no,cellular,1,4,other,1
38,services,single,secondary,no,517,no,no,cellular,3,0,unknown,0
38,technician,married,tertiary,no,-492,yes,yes,cellular,2,0,unknown,0
31,entrepreneur,married,primary,no,681,yes,yes,cellular,2,0,unknown,0
39,blue-collar,married,unknown,no,4608,yes,no,telephone,2,0,unknown,0
47,admin.,married,secondary,no,-169,no,yes,cellular,9,0,unknown,0
31,management,single,tertiary,no,689,yes,no,cellular,1,0,unknown,0
37,admin.,married,primary,no,55,no,no,unknown,1,0,unknown,0
36,blue-collar,married,primary,no,431,no,no,cellular,1,1,success,0
48,unemployed,divorced,secondary,no,360,no,no,cellular,3,0,unknown,0
29,technician,married,secondary,no,687,yes,no,cellular,2,0,unknown,0
55,management,married,tertiary,no,1033,no,yes,telephone,1,0,unknown,0
57,management,married,tertiary,no,1028,no,no,cellular,3,0,unknown,0
26,technician,single,tertiary,no,4711,yes,no,unknown,1,0,unknown,0
37,management,single,secondary,no,323,no,no,unknown,4,1,unknown,0
44,services,married,secondary,no,892,yes,no,unknown,1,0,unknown,0
60,management,married,secondary,no,2419,yes,no,cellular,2,2,other,0
43,blue-collar,married,primary,no,3186,yes,no,cellular,5,4,unknown,0
30,services,single,primary,no,516,no,no,unknown,1,0,unknown,0
41,blue-collar,divorced,primary,no,733,yes,no,unknown,1,0,unknown,0
45,blue-collar,married,tertiary,no,6520,no,no,telephone,2,0,unknown,0
32,blue-collar,married,secondary,no,1974,yes,no,unknown,4,0,unknown,0
36,blue-collar,married,primary,no,135,yes,no,unknown,2,0,unknown,0
57,retired,married,secondary,no,4106,no,no,cellular,1,8,other,1
55,management,married,tertiary,no,2068,yes,yes,cellular,1,0,other,0
32,technician,single,secondary,no,1784,no,no,cellular,5,0,unknown,1
50,technician,married,primary,no,2976,yes,no,unknown,3,0,unknown,0
36,entrepreneur,married,tertiary,no,4342,yes,no,unknown,1,0,unknown,0
26,blue-collar,married,secondary,no,480,yes,no,unknown,3,0,unknown,0
32,admin.,married,secondary,no,60,yes,no,unknown,2,0,unknown,0
45,blue-collar,single,unknown,no,6786,yes,no,cellular,1,0,unknown,0
43,technician,divorced,tertiary,no,1919,yes,no,cellular,3,0,unknown,1
29,housemaid,married,tertiary,no,-30,yes,no,cellular,5,2,other,0
66,management,married,tertiary,no,4790,no,no,cellular,2,0,unknown,0
39,admin.,married,tertiary,no,2835,yes,no,unknown,1,0,unknown,0
35,blue-collar,single,secondary,no,2259,no,no,cellular,1,0,unknown,1
36,blue-collar,married,secondary,no,48,no,no,unknown,1,0,unknown,0
51,admin.,married,secondary,no,1037,yes,no,cellular,3,2,success,1
65,entrepreneur,married,primary,no,319,no,no,unknown,3,0,unknown,0
37,management,single,tertiary,no,5431,no,no,cellular,6,1,failure,0
34,entrepreneur,married,tertiary,no,4756,yes,no,unknown,1,0,unknown,0
32,blue-collar,single,secondary,no,2009,yes,yes,cellular,2,0,unknown,0
47,technician,single,secondary,no,125,yes,no,cellular,1,0,unknown,0
28,blue-collar,married,secondary,no,300,yes,no,cellular,1,0,unknown,0
47,technician,married,tertiary,no,268,no,yes,cellular,5,1,unknown,0
56,retired,married,secondary,no,8283,no,no,cellular,2,14,failure,0
49,technician,married,tertiary,no,1983,no,no,cellular,3,10,success,1
30,admin.,single,secondary,no,5524,yes,no,cellular,6,0,unknown,0
57,management,married,tertiary,no,-1585,yes,yes,cellular,3,0,unknown,0
60,self-employed,single,tertiary,no,1299,no,no,cellular,5,0,unknown,0
36,entrepreneur,married,tertiary,no,3722,yes,no,unknown,2,0,unknown,0
44,admin.,married,secondary,no,226,no,no,unknown,3,0,unknown,0
28,student,single,secondary,no,18,no,no,cellular,3,0,unknown,0
25,technician,single,secondary,no,855,no,no,unknown,3,0,unknown,0
33,technician,single,secondary,no,267,no,no,cellular,3,0,unknown,0
28,student,single,secondary,no,702,yes,no,cellular,1,1,unknown,0
45,technician,married,secondary,no,83,yes,yes,cellular,4,0,unknown,0
42,unemployed,married,secondary,no,1212,yes,no,unknown,1,0,unknown,0
47,management,married,unknown,no,1272,yes,no,cellular,2,2,failure,0
29,management,married,tertiary,no,-116,no,no,cellular,2,0,unknown,0
35,admin.,married,tertiary,no,591,yes,no,cellular,1,2,failure,0
26,blue-collar,single,secondary,no,1053,yes,no,unknown,1,0,unknown,0
51,entrepreneur,married,primary,no,1541,yes,no,telephone,4,0,unknown,0
52,retired,divorced,tertiary,no,4741,yes,no,unknown,1,0,unknown,0
36,technician,single,secondary,no,3917,no,no,cellular,2,3,other,0
39,services,single,secondary,no,2273,yes,no,unknown,1,0,unknown,0
40,unknown,married,primary,no,243,yes,no,cellular,2,0,unknown,0
36,management,divorced,secondary,no,2336,yes,no,cellular,14,0,unknown,0
29,management,single,tertiary,no,2516,no,no,cellular,4,0,failure,1
38,self-employed,married,secondary,no,925,yes,no,cellular,5,0,unknown,0
43,services,married,secondary,no,1030,yes,no,cellular,1,0,unknown,0
64,technician,married,secondary,no,-1112,yes,yes,unknown,2,0,unknown,0
33,management,married,tertiary,no,2287,yes,no,cellular,6,0,unknown,0
46,blue-collar,divorced,unknown,no,2833,yes,no,cellular,1,0,unknown,0
62,management,divorced,secondary,no,28,no,no,cellular,1,0,unknown,0
44,blue-collar,married,secondary,no,1056,yes,no,cellular,1,3,unknown,0
60,management,married,tertiary,no,474,no,no,cellular,1,0,unknown,0
35,management,single,tertiary,no,4857,yes,no,cellular,7,0,unknown,1
27,blue-collar,single,secondary,no,119,yes,yes,unknown,4,0,unknown,0
30,blue-collar,married,secondary,no,-18,yes,no,unknown,1,0,unknown,0
37,blue-collar,single,secondary,no,2972,yes,no,cellular,4,0,unknown,0
44,services,married,secondary,no,2841,yes,no,unknown,1,0,unknown,0
47,technician,married,secondary,no,1230,no,yes,cellular,1,0,unknown,0
19,housemaid,single,primary,no,261,no,no,cellular,8,0,unknown,0
53,management,divorced,primary,no,2773,no,yes,cellular,4,0,unknown,0
45,technician,married,secondary,no,147,yes,no,unknown,1,0,unknown,0
48,technician,married,tertiary,no,3737,yes,no,unknown,3,5,other,1
35,unknown,single,tertiary,no,1369,yes,no,cellular,1,3,other,1
48,blue-collar,married,secondary,no,3166,yes,no,cellular,2,0,unknown,1
43,blue-collar,married,primary,no,146,yes,no,unknown,2,0,unknown,0
57,management,married,tertiary,no,316,no,no,telephone,3,0,unknown,0
36,services,married,secondary,no,-742,yes,yes,unknown,1,0,unknown,0
41,admin.,married,secondary,no,-2737,yes,no,cellular,2,0,unknown,0
84,retired,married,secondary,no,460,no,no,cellular,2,0,unknown,1
24,blue-collar,married,secondary,no,488,yes,yes,cellular,7,0,unknown,1
42,services,divorced,secondary,no,-786,yes,no,cellular,1,0,unknown,0
36,management,married,tertiary,no,515,yes,no,cellular,3,4,other,0
43,services,married,secondary,no,-18,yes,yes,cellular,1,0,unknown,1
38,management,divorced,tertiary,no,96,no,no,cellular,3,0,unknown,0
55,blue-collar,married,secondary,no,461,no,yes,unknown,1,0,unknown,0
54,admin.,married,secondary,no,782,no,no,cellular,2,0,success,0
35,services,married,secondary,no,2393,no,yes,unknown,4,0,unknown,0
30,admin.,married,secondary,no,582,no,no,cellular,1,0,unknown,0
28,management,married,tertiary,no,5128,no,no,cellular,1,0,unknown,0
36,self-employed,married,tertiary,no,246,no,no,cellular,1,7,success,0
34,admin.,divorced,secondary,no,-170,yes,yes,cellular,5,0,unknown,0
24,services,single,secondary,no,1716,no,no,cellular,4,0,unknown,1
56,services,married,primary,no,3817,no,no,cellular,1,0,failure,0
29,services,single,secondary,no,433,yes,no,unknown,1,0,unknown,0
44,management,divorced,secondary,no,-388,no,yes,unknown,2,0,unknown,0
47,blue-collar,married,primary,no,323,yes,no,unknown,4,0,unknown,0
53,student,married,unknown,no,911,no,no,telephone,1,4,success,1
32,management,single,tertiary,no,81,yes,no,cellular,3,0,unknown,0
23,blue-collar,married,primary,yes,507,yes,no,unknown,1,0,unknown,0
31,unemployed,married,secondary,no,1834,no,no,cellular,1,0,unknown,1
35,services,married,secondary,no,104,no,no,cellular,3,0,unknown,1
28,blue-collar,married,secondary,no,-122,yes,no,cellular,4,0,unknown,0
42,blue-collar,married,primary,no,546,no,no,cellular,2,0,unknown,0
38,technician,married,secondary,no,323,yes,no,cellular,3,2,other,0
54,retired,married,primary,no,170,no,no,cellular,1,0,unknown,0
42,management,married,primary,no,4633,yes,no,cellular,1,0,unknown,0
49,blue-collar,divorced,primary,no,4844,yes,no,telephone,4,0,unknown,0
36,services,married,secondary,no,-843,yes,no,cellular,5,3,unknown,0
34,services,married,secondary,no,-100,yes,yes,cellular,1,0,unknown,0
33,technician,married,secondary,no,444,no,no,cellular,14,0,unknown,0
55,housemaid,married,primary,no,41,yes,no,telephone,1,0,unknown,0
32,entrepreneur,married,primary,no,925,yes,no,cellular,4,0,unknown,0
29,admin.,married,tertiary,no,-107,no,no,cellular,2,0,unknown,0
40,entrepreneur,married,tertiary,no,93,no,no,telephone,2,1,other,0
33,management,divorced,secondary,no,478,no,no,unknown,3,0,unknown,0
27,blue-collar,single,secondary,no,449,yes,no,cellular,1,1,failure,0
51,management,married,primary,no,2300,yes,no,cellular,5,0,unknown,0
53,services,married,secondary,no,13907,yes,no,cellular,1,0,unknown,0
37,admin.,married,secondary,no,2379,yes,no,cellular,2,0,unknown,0
31,management,married,tertiary,no,3412,yes,no,cellular,1,1,failure,0
54,blue-collar,married,secondary,no,1289,yes,yes,cellular,4,0,unknown,0
54,blue-collar,single,primary,no,4162,yes,no,telephone,2,1,unknown,0
35,blue-collar,married,secondary,no,-16,yes,yes,unknown,5,0,unknown,0
36,unemployed,divorced,secondary,no,3464,yes,no,cellular,1,0,unknown,0
57,services,married,primary,no,2072,yes,no,unknown,3,3,other,0
48,management,married,tertiary,no,8632,no,no,unknown,2,0,unknown,0
53,services,married,secondary,no,1248,yes,no,cellular,6,0,unknown,0
56,admin.,married,secondary,no,3487,no,no,cellular,1,0,unknown,0
38,admin.,divorced,secondary,no,-43,yes,no,unknown,1,0,unknown,0
50,management,married,tertiary,no,8106,yes,yes,cellular,2,4,other,0
51,technician,married,secondary,no,4125,yes,no,unknown,1,0,unknown,0
42,unemployed,divorced,primary,no,1188,yes,no,unknown,5,0,unknown,0
51,blue-collar,married,primary,no,3733,yes,no,telephone,5,0,unknown,0
35,management,married,secondary,no,208,no,no,cellular,2,0,unknown,0
61,technician,married,primary,no,1707,yes,no,cellular,4,0,unknown,1
29,technician,married,secondary,no,896,yes,no,cellular,4,0,unknown,0
56,management,married,tertiary,no,3965,yes,no,unknown,1,0,unknown,0
30,admin.,married,secondary,no,839,no,no,cellular,1,0,unknown,1
30,services,single,secondary,no,9541,yes,no,cellular,1,2,failure,1
45,technician,married,secondary,no,527,yes,no,cellular,2,0,unknown,0
27,student,single,tertiary,no,5361,no,no,cellular,3,2,success,0
47,blue-collar,married,secondary,no,5546,yes,yes,cellular,7,1,unknown,1
34,management,married,tertiary,no,1663,no,no,cellular,3,0,unknown,0
30,technician,single,secondary,no,3502,no,no,cellular,10,0,unknown,0
34,unemployed,married,unknown,no,1555,no,no,unknown,1,0,unknown,0
56,services,married,unknown,no,6687,yes,no,cellular,2,0,unknown,0
31,self-employed,married,tertiary,no,-1613,no,no,cellular,1,0,unknown,0
35,technician,single,tertiary,no,207,no,no,unknown,3,0,unknown,0
40,technician,divorced,secondary,no,587,no,yes,unknown,1,4,unknown,0
48,technician,single,unknown,no,165,no,no,cellular,2,2,failure,0
49,technician,married,secondary,no,1172,no,no,cellular,3,0,unknown,0
41,management,married,secondary,no,50,yes,no,cellular,4,14,failure,0
49,technician,married,secondary,no,1416,no,no,telephone,4,1,unknown,0
60,technician,married,secondary,no,2084,no,no,unknown,1,0,unknown,0
43,blue-collar,married,primary,no,-112,no,yes,cellular,4,0,unknown,0
43,admin.,married,secondary,no,318,no,no,unknown,2,0,unknown,0
31,admin.,single,secondary,no,35,no,no,cellular,1,0,unknown,0
47,blue-collar,married,primary,no,38,yes,yes,unknown,1,0,unknown,0
59,admin.,married,secondary,no,197,no,no,cellular,3,0,unknown,0
48,technician,married,secondary,no,1905,yes,no,cellular,6,0,unknown,1
39,student,single,tertiary,no,8202,no,no,cellular,2,0,unknown,0
51,admin.,married,secondary,no,4348,yes,no,unknown,2,0,unknown,0
55,entrepreneur,divorced,tertiary,no,1229,yes,yes,unknown,5,1,unknown,0
56,blue-collar,married,primary,no,1066,yes,no,cellular,2,6,failure,0
37,management,divorced,tertiary,no,2631,yes,yes,unknown,1,0,unknown,0
33,services,married,secondary,no,8180,yes,no,cellular,3,3,failure,0
58,technician,married,tertiary,no,948,no,no,cellular,3,5,failure,0
24,retired,married,secondary,no,2540,yes,no,cellular,1,1,success,1
43,technician,single,secondary,no,-1366,yes,no,cellular,5,0,unknown,0
50,technician,married,tertiary,no,1488,no,no,cellular,2,0,unknown,0
44,admin.,married,unknown,no,4381,yes,no,cellular,1,1,failure,0
70,admin.,married,tertiary,no,1100,no,no,cellular,1,0,unknown,1
44,technician,married,secondary,no,1560,no,no,unknown,1,0,unknown,0
34,technician,single,tertiary,no,1377,no,no,cellular,2,0,unknown,0
20,blue-collar,single,tertiary,no,5783,no,no,telephone,3,0,unknown,0
53,self-employed,married,secondary,no,5508,yes,no,cellular,6,0,unknown,0
37,blue-collar,married,secondary,no,3696,yes,no,unknown,1,0,unknown,0
42,management,single,secondary,no,1794,yes,no,unknown,1,0,unknown,0
30,admin.,single,secondary,no,1126,yes,no,unknown,3,0,unknown,0
44,blue-collar,married,tertiary,no,2304,yes,yes,cellular,2,0,unknown,0
34,blue-collar,married,tertiary,no,-103,no,no,cellular,9,0,unknown,0
45,blue-collar,married,secondary,no,4540,yes,no,cellular,1,0,unknown,0
34,management,single,tertiary,no,665,no,no,cellular,6,0,unknown,0
49,housemaid,married,secondary,no,1214,yes,no,cellular,2,1,failure,0
54,blue-collar,married,primary,no,1307,no,no,cellular,1,0,failure,0
49,technician,divorced,secondary,no,1761,yes,no,unknown,1,0,success,0
32,technician,married,tertiary,no,9176,yes,no,unknown,2,0,unknown,0
45,technician,married,tertiary,no,-47,no,no,cellular,1,0,unknown,0
42,admin.,married,secondary,no,-98,yes,no,cellular,2,2,unknown,0
25,technician,married,tertiary,no,-29,yes,no,cellular,1,0,unknown,1
45,admin.,married,secondary,no,3414,no,no,cellular,2,0,unknown,0
46,unknown,married,tertiary,no,1594,no,no,cellular,4,8,other,1
27,student,single,secondary,no,-1448,no,no,cellular,2,0,unknown,1
33,services,married,secondary,no,-219,yes,no,cellular,9,0,unknown,0
43,unknown,single,tertiary,no,974,yes,no,cellular,4,1,unknown,0
66,retired,married,tertiary,no,225,no,no,cellular,3,0,unknown,0
43,blue-collar,married,tertiary,no,3521,no,no,cellular,2,2,failure,0
46,blue-collar,married,secondary,no,2075,yes,no,cellular,2,0,unknown,0
47,unemployed,married,tertiary,no,-61,yes,yes,cellular,3,4,failure,1
60,blue-collar,married,primary,no,1117,yes,no,cellular,7,11,unknown,0
54,blue-collar,married,secondary,no,98,yes,no,telephone,3,1,unknown,0
53,blue-collar,married,secondary,no,1133,yes,no,unknown,3,0,unknown,0
34,housemaid,married,primary,no,566,no,no,unknown,5,0,failure,0
34,housemaid,married,primary,no,4358,yes,no,unknown,3,0,unknown,0
46,management,married,tertiary,no,174,yes,no,cellular,2,0,unknown,0
50,management,single,tertiary,no,4286,no,yes,unknown,2,0,unknown,0
29,blue-collar,single,primary,no,1624,yes,no,cellular,1,0,unknown,0
58,admin.,married,secondary,no,1693,no,yes,unknown,4,0,failure,0
43,services,married,secondary,no,-82,yes,no,unknown,1,0,unknown,0
39,technician,divorced,tertiary,no,2094,yes,no,telephone,4,0,unknown,0
57,blue-collar,married,primary,no,1986,yes,no,cellular,1,0,unknown,0
58,admin.,married,secondary,no,783,no,no,cellular,2,0,unknown,0
39,admin.,married,secondary,no,563,yes,no,unknown,2,0,unknown,0
47,retired,married,secondary,no,1172,no,no,cellular,1,0,unknown,1
33,management,married,tertiary,no,-583,no,no,cellular,20,0,unknown,0
34,blue-collar,married,secondary,no,759,yes,yes,unknown,2,0,unknown,0
49,management,married,primary,no,-172,no,yes,cellular,4,0,unknown,0
43,self-employed,single,tertiary,no,3224,no,no,unknown,1,0,unknown,0
34,technician,single,tertiary,no,84,no,no,cellular,3,0,unknown,0
75,technician,divorced,tertiary,no,6,yes,no,cellular,3,2,failure,0
40,management,divorced,tertiary,no,5334,no,no,cellular,2,3,other,1
30,blue-collar,married,secondary,yes,-165,yes,no,cellular,3,0,unknown,0
41,technician,married,secondary,yes,-1513,yes,yes,unknown,3,0,unknown,0
61,management,single,secondary,no,1772,no,no,cellular,2,1,unknown,1
34,admin.,married,tertiary,no,-196,no,no,cellular,3,0,unknown,0
39,admin.,married,tertiary,no,228,yes,no,unknown,2,0,unknown,0
40,technician,single,unknown,no,314,yes,no,unknown,5,0,unknown,0
42,technician,married,tertiary,yes,965,yes,no,cellular,1,0,unknown,0
49,admin.,single,primary,no,4825,yes,no,cellular,2,0,unknown,0
35,admin.,single,secondary,no,1729,yes,no,unknown,2,0,unknown,0
36,blue-collar,married,primary,no,-70,yes,no,cellular,3,2,unknown,0
38,admin.,married,secondary,no,1026,yes,no,unknown,3,0,unknown,0
29,services,single,secondary,no,43,yes,no,cellular,10,0,unknown,0
35,technician,married,secondary,no,10146,no,no,unknown,2,0,unknown,0
31,blue-collar,single,secondary,no,-191,yes,no,cellular,2,0,unknown,0
48,admin.,single,secondary,no,-188,yes,no,cellular,3,0,unknown,0
46,technician,divorced,secondary,no,-946,no,no,cellular,7,0,unknown,0
31,unemployed,divorced,tertiary,no,1927,no,no,cellular,1,0,success,1
23,blue-collar,married,secondary,no,1642,yes,yes,unknown,3,0,unknown,0
36,management,married,tertiary,no,639,no,no,cellular,7,0,unknown,0
28,housemaid,married,secondary,no,1730,yes,no,cellular,3,0,unknown,0
41,blue-collar,married,primary,no,943,yes,no,unknown,2,0,unknown,0
28,blue-collar,married,secondary,no,403,yes,no,unknown,1,0,unknown,0
33,management,single,tertiary,no,558,no,no,cellular,1,0,unknown,0
40,technician,married,secondary,no,1080,no,no,cellular,2,0,unknown,0
29,technician,single,secondary,no,76,no,no,cellular,4,0,unknown,0
55,services,divorced,unknown,no,-1405,yes,no,unknown,1,0,unknown,0
42,management,married,tertiary,no,363,no,yes,cellular,1,0,unknown,0
42,services,married,primary,no,-575,yes,no,cellular,2,7,unknown,0
42,technician,married,secondary,no,4906,yes,no,unknown,1,0,unknown,0
66,retired,divorced,secondary,no,896,no,yes,cellular,1,0,unknown,1
27,student,single,tertiary,no,5594,yes,no,cellular,3,4,failure,0
34,self-employed,single,secondary,no,2250,no,no,cellular,2,0,unknown,0
29,services,married,tertiary,no,-22,yes,no,cellular,3,0,other,0
46,management,married,tertiary,no,2966,yes,no,telephone,3,1,other,0
43,services,married,secondary,no,3117,yes,no,cellular,2,0,unknown,0
26,blue-collar,married,secondary,no,543,yes,no,unknown,3,0,unknown,0
61,admin.,divorced,primary,no,3403,no,no,cellular,1,0,unknown,0
43,blue-collar,married,primary,no,391,no,no,cellular,4,0,unknown,0
45,technician,single,unknown,no,-2990,yes,yes,cellular,1,2,failure,1
64,blue-collar,married,primary,no,253,no,no,cellular,2,0,unknown,0
46,services,married,secondary,no,0,no,no,cellular,4,0,unknown,0
56,blue-collar,married,primary,no,148,yes,no,telephone,1,0,unknown,0
52,blue-collar,married,primary,no,2170,yes,no,unknown,2,0,unknown,0
42,entrepreneur,married,secondary,no,1818,yes,no,cellular,1,0,unknown,0
40,blue-collar,married,secondary,no,378,no,no,unknown,2,0,unknown,0
48,management,married,tertiary,no,1360,yes,no,unknown,2,0,unknown,0
38,technician,married,tertiary,no,-778,yes,no,cellular,4,3,failure,0
30,blue-collar,single,tertiary,no,227,no,no,cellular,5,0,unknown,0
28,technician,single,unknown,no,1896,yes,no,unknown,3,0,unknown,0
32,admin.,married,secondary,no,1768,yes,no,cellular,2,2,unknown,1
47,entrepreneur,married,tertiary,no,7543,yes,no,unknown,2,0,unknown,0
30,technician,married,tertiary,no,243,yes,no,cellular,3,0,unknown,1
44,entrepreneur,divorced,tertiary,no,6846,yes,no,unknown,2,0,unknown,0
39,blue-collar,married,secondary,yes,-384,yes,no,cellular,3,0,unknown,0
30,blue-collar,married,secondary,no,479,yes,no,telephone,4,0,unknown,1
39,blue-collar,married,primary,yes,-506,yes,no,unknown,3,0,unknown,0
37,technician,single,tertiary,no,119,yes,no,telephone,2,0,unknown,0
59,blue-collar,married,tertiary,no,17914,yes,no,cellular,1,3,other,0
39,technician,married,secondary,no,5786,no,no,unknown,2,0,unknown,0
46,management,married,tertiary,no,3821,no,no,cellular,1,0,unknown,0
59,services,married,tertiary,no,3922,no,no,cellular,2,1,success,1
51,technician,divorced,secondary,no,4076,no,no,cellular,4,0,unknown,0
44,management,married,tertiary,no,-2472,yes,no,cellular,2,0,unknown,1
43,admin.,married,secondary,no,1059,yes,no,unknown,11,0,unknown,0
41,technician,married,secondary,no,2263,no,no,cellular,12,0,unknown,1
31,technician,single,secondary,no,873,no,yes,cellular,3,0,unknown,0
47,management,divorced,tertiary,no,-14,no,no,cellular,5,0,unknown,0
33,management,married,tertiary,no,14,no,no,cellular,5,0,unknown,0
52,admin.,divorced,secondary,no,15,no,no,cellular,1,0,unknown,1
38,management,married,tertiary,no,346,yes,no,unknown,2,0,unknown,0
36,blue-collar,married,secondary,no,784,yes,yes,unknown,2,0,unknown,0
46,admin.,married,secondary,no,-267,no,no,unknown,1,0,unknown,0
45,technician,married,secondary,no,1617,yes,no,unknown,2,0,unknown,0
38,services,married,secondary,no,2,no,yes,cellular,5,0,unknown,0
46,admin.,married,secondary,no,527,no,no,cellular,2,1,success,1
54,technician,married,secondary,no,173,no,yes,cellular,6,1,unknown,0
54,retired,married,primary,no,2905,yes,no,cellular,5,1,unknown,0
37,admin.,divorced,secondary,no,290,yes,yes,cellular,1,6,failure,0
53,blue-collar,married,secondary,no,357,no,yes,cellular,11,0,unknown,0
50,blue-collar,divorced,primary,no,339,no,no,cellular,2,0,unknown,0
56,entrepreneur,married,secondary,no,923,no,no,telephone,3,0,unknown,1
42,services,single,secondary,no,727,yes,no,cellular,5,4,other,0
60,retired,married,secondary,no,-88,yes,yes,cellular,1,0,unknown,0
39,self-employed,married,tertiary,no,6096,no,no,cellular,4,0,unknown,0
47,blue-collar,married,secondary,no,10189,yes,no,telephone,1,0,unknown,0
42,blue-collar,married,secondary,no,658,yes,no,telephone,4,0,unknown,1
48,technician,married,tertiary,no,1480,no,no,cellular,1,4,success,1
49,technician,married,secondary,no,-10,no,no,cellular,1,0,unknown,0
28,admin.,divorced,secondary,no,2379,yes,no,unknown,1,0,unknown,0
48,blue-collar,divorced,primary,no,6341,no,no,cellular,1,2,other,0
32,blue-collar,married,secondary,no,1577,yes,no,unknown,2,0,unknown,0
41,admin.,married,secondary,no,5549,yes,no,telephone,3,0,unknown,0
31,admin.,single,secondary,no,93,yes,no,cellular,1,0,unknown,0
47,entrepreneur,married,secondary,no,1416,yes,no,telephone,3,7,failure,1
37,services,married,secondary,no,-31,no,no,cellular,2,0,unknown,0
35,admin.,single,secondary,no,956,no,no,cellular,2,4,success,1
33,services,married,tertiary,no,-800,yes,no,cellular,1,5,other,0
32,unemployed,single,secondary,no,-171,no,no,cellular,1,1,unknown,0
49,blue-collar,single,secondary,no,1519,yes,no,unknown,2,0,unknown,0
31,housemaid,married,tertiary,no,980,yes,no,cellular,7,2,unknown,1
49,blue-collar,married,primary,no,107,no,no,cellular,2,0,unknown,0
32,blue-collar,married,secondary,no,710,yes,no,unknown,1,0,unknown,0
31,blue-collar,married,secondary,no,-112,yes,no,cellular,4,6,other,0
39,management,single,tertiary,no,169,no,no,cellular,3,0,unknown,0
45,self-employed,divorced,secondary,no,137,yes,yes,unknown,1,0,unknown,0
44,blue-collar,divorced,secondary,no,727,yes,no,cellular,2,0,unknown,0
40,blue-collar,married,secondary,no,-851,yes,no,unknown,1,0,unknown,0
47,admin.,married,secondary,no,12749,yes,no,unknown,2,0,unknown,0
42,entrepreneur,single,tertiary,no,10900,no,no,cellular,2,0,unknown,0
45,management,married,tertiary,no,3767,yes,no,cellular,2,0,unknown,0
48,admin.,single,secondary,no,3025,yes,no,cellular,2,2,unknown,0
43,management,married,tertiary,no,434,yes,no,unknown,1,0,unknown,0
26,services,married,secondary,no,76,yes,no,unknown,2,0,unknown,0
29,admin.,married,secondary,no,159,yes,no,cellular,4,0,unknown,0
39,management,married,tertiary,no,-180,no,yes,cellular,4,0,unknown,0
46,unknown,married,secondary,no,373,yes,no,cellular,1,5,success,0
41,management,single,secondary,no,941,yes,no,telephone,12,0,unknown,0
31,entrepreneur,single,secondary,no,1153,yes,no,unknown,1,0,unknown,1
40,services,married,secondary,no,113,yes,no,cellular,1,3,failure,0
42,technician,single,secondary,no,-287,yes,no,cellular,2,0,unknown,0
37,technician,single,secondary,no,879,no,no,unknown,3,0,unknown,0
36,services,married,secondary,yes,-172,yes,no,cellular,6,0,unknown,0
35,blue-collar,single,secondary,no,1683,yes,no,unknown,3,0,unknown,0
36,management,married,tertiary,no,3677,no,no,cellular,3,3,failure,0
43,services,single,secondary,no,4265,yes,no,cellular,1,2,success,1
46,blue-collar,married,primary,no,5051,yes,no,unknown,2,0,unknown,0
31,blue-collar,married,tertiary,no,302,yes,no,unknown,4,0,unknown,0
45,management,divorced,tertiary,no,5978,no,yes,cellular,1,2,success,1
35,blue-collar,married,primary,no,17,yes,no,cellular,1,0,unknown,0
30,admin.,married,secondary,no,2647,yes,yes,cellular,1,3,failure,0
27,services,single,secondary,no,121,yes,no,cellular,3,0,unknown,0
35,technician,married,secondary,no,3788,no,no,cellular,3,0,unknown,0
34,admin.,married,secondary,no,1583,yes,no,cellular,1,9,failure,0
25,student,single,secondary,no,83,no,no,cellular,2,0,unknown,0
36,blue-collar,married,secondary,no,-40,yes,no,unknown,3,0,unknown,0
41,technician,single,tertiary,no,3081,yes,no,unknown,3,0,unknown,1
29,admin.,married,secondary,no,205,no,yes,cellular,3,0,unknown,0
35,management,single,tertiary,no,3147,yes,no,telephone,1,5,failure,1
49,self-employed,single,secondary,no,-221,yes,no,cellular,1,0,unknown,0
44,management,single,tertiary,no,5127,no,no,cellular,2,0,unknown,0
34,blue-collar,married,secondary,no,1504,yes,no,cellular,1,0,failure,0
58,management,married,tertiary,no,1468,yes,no,cellular,2,0,unknown,0
31,blue-collar,single,secondary,no,394,no,no,cellular,1,0,unknown,0
38,blue-collar,married,secondary,no,676,yes,no,unknown,2,0,unknown,0
49,technician,married,secondary,no,214,no,no,cellular,2,0,unknown,0
31,blue-collar,married,tertiary,no,4975,no,no,telephone,1,0,unknown,1
34,management,married,tertiary,no,9564,yes,no,cellular,5,0,unknown,0
33,blue-collar,married,primary,no,-223,yes,yes,unknown,4,0,unknown,0
41,admin.,married,secondary,no,7,yes,no,cellular,1,4,other,0
45,technician,married,secondary,no,390,yes,no,cellular,2,7,failure,0
43,admin.,single,primary,no,398,yes,no,unknown,11,0,unknown,0
32,blue-collar,single,secondary,no,6626,yes,no,cellular,4,0,unknown,0
39,services,married,secondary,no,241,yes,no,unknown,1,0,unknown,0
50,blue-collar,married,unknown,no,-441,yes,yes,cellular,5,8,other,0
