age,job,marital,education,default,balance,housing,loan,contact,campaign,previous,poutcome,y
42,blue-collar,divorced,primary,no,-2624,no,no,cellular,10,2,unknown,0
56,self-employed,married,tertiary,no,10106,no,no,cellular,4,5,failure,0
36,blue-collar,married,secondary,no,1819,yes,no,cellular,3,5,other,1
28,technician,married,secondary,no,-3042,yes,yes,cellular,1,1,unknown,0
22,self-employed,married,tertiary,no,3440,no,no,cellular,6,2,unknown,0
35,management,married,secondary,no,3497,yes,no,cellular,3,0,unknown,0
26,blue-collar,single,secondary,no,-2731,yes,no,unknown,4,1,unknown,0
49,self-employed,married,secondary,no,293,yes,no,cellular,14,2,unknown,0
26,admin.,married,secondary,no,-2208,yes,no,cellular,4,1,unknown,0
20,technician,married,secondary,no,-230,yes,no,unknown,2,0,unknown,0
34,management,married,tertiary,no,578,yes,no,cellular,1,1,unknown,0
46,technician,married,secondary,no,174,no,no,unknown,1,0,unknown,0
43,blue-collar,married,primary,no,1694,yes,no,telephone,9,2,unknown,0
30,blue-collar,married,secondary,no,2275,yes,no,cellular,8,1,unknown,0
32,blue-collar,married,secondary,no,-3129,yes,no,unknown,3,2,unknown,0
59,blue-collar,single,secondary,no,1497,yes,no,cellular,4,1,success,0
36,services,married,secondary,no,-2224,yes,no,unknown,2,0,unknown,0
34,management,married,tertiary,no,10764,no,yes,cellular,6,2,unknown,0
29,management,single,tertiary,no,2784,yes,no,cellular,2,0,unknown,0
42,blue-collar,married,secondary,no,-2162,yes,no,unknown,19,2,unknown,0
32,services,single,primary,no,11560,yes,no,unknown,2,2,unknown,0
46,admin.,divorced,secondary,no,1711,yes,no,cellular,1,1,unknown,1
42,management,married,tertiary,no,1143,yes,no,cellular,1,2,other,0
44,blue-collar,married,primary,no,1308,no,no,cellular,2,1,unknown,0
50,blue-collar,married,secondary,no,3292,yes,no,cellular,5,2,unknown,0
36,technician,single,secondary,no,648,no,no,unknown,1,1,unknown,0
31,technician,married,secondary,no,931,no,no,cellular,4,2,unknown,0
34,management,single,secondary,no,11471,no,no,cellular,5,0,unknown,0
32,technician,single,secondary,no,-804,yes,no,cellular,3,11,other,1
46,management,single,tertiary,no,844,no,no,cellular,4,2,unknown,0
53,housemaid,married,secondary,no,1103,yes,no,unknown,3,1,unknown,0
35,management,single,secondary,no,426,no,no,unknown,1,1,unknown,1
42,blue-collar,married,secondary,no,1470,yes,no,cellular,3,2,unknown,0
49,admin.,married,secondary,no,1330,yes,no,cellular,2,2,unknown,0
36,unknown,married,unknown,no,413,no,no,cellular,3,1,unknown,1
48,services,married,secondary,no,8195,yes,no,unknown,6,0,unknown,0
30,blue-collar,single,primary,no,-3073,yes,no,cellular,2,2,unknown,1
25,technician,single,secondary,no,101,yes,no,telephone,10,0,unknown,0
53,admin.,married,secondary,no,597,yes,yes,cellular,5,1,unknown,0
45,management,married,tertiary,no,-1048,no,no,cellular,4,2,unknown,0
41,management,married,tertiary,no,-1037,yes,no,cellular,4,0,unknown,0
31,blue-collar,single,primary,no,-1530,yes,no,unknown,2,1,unknown,0
51,services,divorced,secondary,no,-46,yes,no,unknown,1,2,unknown,0
37,housemaid,married,primary,no,3086,yes,no,cellular,4,2,unknown,0
58,housemaid,divorced,secondary,no,2408,yes,no,telephone,5,1,unknown,0
41,management,married,tertiary,no,-1462,yes,no,unknown,5,2,unknown,0
31,blue-collar,single,unknown,no,4051,yes,yes,cellular,5,0,unknown,1
27,management,single,tertiary,no,7621,yes,no,cellular,4,1,unknown,0
23,blue-collar,single,secondary,no,-2988,yes,no,unknown,5,2,unknown,1
55,retired,married,secondary,no,3595,no,no,cellular,4,0,unknown,0
57,management,married,tertiary,no,534,yes,no,cellular,3,0,failure,0
33,blue-collar,married,primary,no,-1474,yes,yes,telephone,3,2,unknown,0
35,blue-collar,single,primary,no,-638,yes,no,unknown,3,2,unknown,1
58,management,married,tertiary,no,-1246,no,no,cellular,2,2,unknown,0
34,management,married,tertiary,no,3391,no,no,unknown,2,1,unknown,0
38,management,divorced,tertiary,no,-898,yes,no,cellular,4,0,unknown,0
38,unknown,married,primary,no,586,no,no,cellular,2,1,unknown,0
57,retired,married,secondary,no,-660,no,no,cellular,6,5,failure,0
44,admin.,single,secondary,no,-188,yes,no,cellular,1,6,other,1
48,services,married,secondary,no,4067,yes,no,cellular,1,0,unknown,0
36,management,married,unknown,no,-1131,no,yes,cellular,2,1,unknown,1
46,unemployed,married,primary,no,1487,yes,no,unknown,3,2,unknown,0
39,services,divorced,secondary,no,10919,yes,no,unknown,2,2,unknown,0
30,technician,single,secondary,no,-1480,yes,no,unknown,3,0,unknown,0
49,technician,single,secondary,no,1361,yes,no,unknown,4,2,unknown,0
39,technician,divorced,secondary,no,3678,no,no,cellular,10,1,failure,0
43,technician,divorced,secondary,no,-2999,yes,no,telephone,5,1,unknown,0
52,blue-collar,married,secondary,no,5816,yes,no,cellular,5,2,unknown,0
26,management,married,tertiary,no,-2176,no,yes,cellular,6,2,unknown,0
55,housemaid,divorced,primary,no,1949,yes,no,cellular,2,1,unknown,0
79,blue-collar,married,primary,no,1530,yes,yes,unknown,7,2,unknown,0
50,blue-collar,married,secondary,no,1092,no,no,cellular,10,2,unknown,0
52,technician,divorced,tertiary,no,-1255,yes,yes,unknown,2,0,unknown,0
29,admin.,single,primary,no,-2880,yes,no,cellular,2,2,unknown,0
46,technician,married,secondary,no,1195,yes,no,cellular,3,1,unknown,0
40,blue-collar,single,unknown,no,3395,yes,no,cellular,4,0,unknown,0
28,blue-collar,single,primary,no,403,no,yes,cellular,3,1,unknown,0
37,admin.,married,secondary,no,930,yes,yes,cellular,6,1,failure,0
43,technician,married,secondary,no,3997,yes,yes,cellular,3,0,unknown,0
51,technician,married,tertiary,no,1999,yes,no,unknown,4,1,unknown,0
29,services,single,secondary,no,8239,no,no,cellular,2,2,unknown,0
58,blue-collar,married,secondary,no,1505,yes,no,cellular,2,0,unknown,0
31,blue-collar,single,secondary,no,4028,no,no,telephone,4,1,failure,0
55,retired,married,unknown,no,-132,yes,no,cellular,3,2,unknown,0
53,technician,married,tertiary,no,3359,no,no,cellular,5,4,success,0
34,student,divorced,secondary,no,3075,yes,no,cellular,3,0,unknown,0
55,retired,married,secondary,no,10968,no,no,cellular,2,2,unknown,0
33,services,single,secondary,no,883,yes,no,cellular,9,1,unknown,0
39,blue-collar,single,secondary,no,2603,yes,no,cellular,3,0,unknown,0
58,retired,married,primary,no,-1974,no,no,cellular,3,24,failure,0
47,unemployed,divorced,tertiary,no,-879,no,no,cellular,5,1,unknown,0
32,management,single,primary,no,-3067,no,no,cellular,3,1,unknown,0
40,services,single,secondary,no,-325,no,no,unknown,2,2,unknown,0
40,blue-collar,single,secondary,no,-779,yes,no,cellular,1,1,unknown,0
31,entrepreneur,single,primary,no,2084,no,no,cellular,2,0,unknown,0
49,services,married,secondary,no,-2745,no,no,unknown,5,1,unknown,0
35,blue-collar,married,secondary,no,-2619,yes,no,cellular,3,0,unknown,0
41,technician,married,secondary,no,-1696,no,no,unknown,5,1,unknown,0
39,admin.,single,secondary,no,452,no,yes,cellular,5,1,unknown,0
40,blue-collar,married,primary,no,-1056,yes,no,unknown,2,2,unknown,0
40,technician,divorced,primary,no,-13,yes,no,cellular,5,2,failure,1
53,blue-collar,married,secondary,no,138,yes,no,unknown,2,2,unknown,0
53,housemaid,married,primary,no,2581,no,yes,cellular,4,1,success,1
27,technician,single,tertiary,no,-2854,yes,no,unknown,6,0,unknown,0
56,unknown,married,primary,no,3705,no,no,cellular,4,1,unknown,0
56,services,divorced,primary,no,-422,yes,no,cellular,6,0,failure,0
52,management,married,tertiary,no,-1153,no,no,cellular,5,2,unknown,0
38,admin.,divorced,tertiary,no,-2761,yes,no,cellular,4,2,unknown,0
36,technician,divorced,secondary,no,-1964,no,no,unknown,2,2,unknown,0
64,unknown,divorced,secondary,no,7641,no,no,cellular,2,1,unknown,0
33,blue-collar,married,secondary,no,3632,yes,no,cellular,4,3,success,1
26,technician,single,secondary,no,3627,no,no,cellular,1,2,unknown,0
45,housemaid,single,tertiary,no,-1380,yes,no,unknown,3,1,unknown,0
52,entrepreneur,divorced,tertiary,no,-3243,yes,no,cellular,3,2,unknown,0
49,management,married,tertiary,yes,-432,no,yes,cellular,4,2,unknown,0
32,admin.,single,secondary,no,-152,no,no,unknown,5,0,unknown,1
59,retired,married,secondary,no,5017,no,no,cellular,4,1,failure,0
27,student,single,secondary,no,772,no,no,cellular,1,1,unknown,0
26,services,married,secondary,no,712,no,no,unknown,5,1,unknown,1
67,retired,married,secondary,no,7781,no,no,unknown,4,2,unknown,0
40,technician,married,secondary,no,-1765,yes,yes,unknown,6,2,unknown,0
53,management,married,tertiary,no,-2689,yes,yes,cellular,5,2,failure,1
30,blue-collar,married,secondary,no,1186,yes,no,unknown,6,2,unknown,0
61,self-employed,married,tertiary,no,-2754,yes,no,telephone,5,2,unknown,0
32,student,single,unknown,no,-2123,no,no,unknown,4,2,unknown,0
36,technician,single,secondary,no,-2684,yes,no,cellular,4,2,success,1
43,blue-collar,single,secondary,no,3627,yes,no,unknown,4,2,other,0
45,self-employed,single,primary,no,-1550,yes,no,unknown,2,2,unknown,1
37,technician,married,secondary,no,2152,yes,no,cellular,5,3,success,0
46,blue-collar,married,secondary,no,2268,yes,yes,unknown,4,2,unknown,1
33,services,married,secondary,no,344,yes,no,cellular,4,3,failure,0
43,technician,married,tertiary,no,2402,no,no,cellular,3,1,unknown,1
50,management,married,tertiary,yes,-3041,yes,no,cellular,3,12,other,0
46,self-employed,divorced,tertiary,no,-1406,yes,no,cellular,6,1,unknown,0
22,blue-collar,married,primary,yes,3017,yes,yes,cellular,5,1,unknown,0
21,student,single,secondary,no,3891,no,no,cellular,6,2,unknown,0
55,management,married,tertiary,no,3824,no,no,unknown,6,2,unknown,0
32,management,single,tertiary,no,2613,no,no,telephone,3,1,success,1
36,blue-collar,married,primary,no,-1235,no,yes,cellular,3,2,unknown,0
27,student,married,tertiary,no,2655,no,no,cellular,4,0,unknown,1
39,technician,married,tertiary,no,3522,yes,no,telephone,8,0,unknown,0
54,unemployed,married,secondary,no,3943,yes,yes,cellular,5,4,failure,0
43,admin.,married,secondary,no,3583,yes,no,unknown,7,2,unknown,0
38,technician,single,secondary,no,-1007,yes,no,cellular,3,2,failure,0
31,housemaid,single,primary,no,2487,no,yes,telephone,1,1,unknown,0
29,student,single,tertiary,no,2733,no,no,cellular,5,1,unknown,0
43,admin.,divorced,secondary,no,-1378,no,no,unknown,5,2,unknown,1
45,unemployed,divorced,secondary,no,6548,yes,no,cellular,2,1,unknown,0
40,management,divorced,secondary,no,3354,yes,no,cellular,1,1,unknown,0
45,admin.,divorced,secondary,no,2631,yes,no,cellular,6,4,other,0
58,unknown,married,primary,no,-719,no,no,cellular,6,2,unknown,0
43,services,single,secondary,no,-1754,no,no,cellular,5,1,unknown,0
27,blue-collar,single,secondary,no,-370,yes,no,unknown,3,1,unknown,0
34,services,single,tertiary,no,-2187,yes,no,cellular,3,2,unknown,0
52,unemployed,married,tertiary,no,826,no,no,cellular,5,1,success,1
27,technician,single,secondary,no,651,yes,yes,cellular,5,2,failure,0
33,management,married,tertiary,no,3104,yes,no,cellular,2,1,unknown,0
47,blue-collar,married,primary,no,-1642,no,no,cellular,12,2,unknown,0
36,blue-collar,married,secondary,no,-163,yes,no,cellular,6,1,failure,1
36,entrepreneur,married,secondary,no,-2199,no,yes,cellular,2,0,unknown,0
28,self-employed,single,primary,no,1756,yes,no,cellular,4,2,unknown,0
64,retired,married,secondary,no,3465,no,no,cellular,6,2,unknown,0
31,blue-collar,married,secondary,no,-1710,yes,yes,cellular,4,2,unknown,0
32,management,divorced,tertiary,no,2240,no,no,cellular,3,2,failure,0
53,technician,divorced,tertiary,no,1729,yes,no,unknown,2,0,unknown,0
41,admin.,married,secondary,no,3024,no,no,cellular,4,1,unknown,0
37,blue-collar,married,unknown,no,-1283,no,no,unknown,2,0,unknown,0
46,blue-collar,married,secondary,no,-994,yes,no,cellular,4,2,unknown,0
34,admin.,married,secondary,no,2269,yes,no,cellular,5,1,failure,0
49,technician,married,secondary,no,7975,no,yes,cellular,5,2,unknown,0
33,technician,married,secondary,no,2329,no,no,cellular,3,1,unknown,0
31,management,divorced,secondary,no,-1049,yes,no,cellular,3,4,failure,0
59,blue-collar,married,primary,no,-2976,no,no,cellular,2,2,unknown,0
44,entrepreneur,single,tertiary,no,-2786,no,no,cellular,4,1,unknown,0
50,unemployed,married,secondary,no,79,yes,no,cellular,5,2,unknown,0
57,retired,married,primary,no,4229,yes,no,unknown,5,2,unknown,0
38,technician,married,secondary,no,-302,no,yes,cellular,4,2,unknown,0
43,housemaid,married,primary,no,-585,no,yes,cellular,2,0,unknown,0
49,blue-collar,single,primary,no,1876,yes,no,cellular,2,3,success,0
37,unemployed,single,secondary,no,659,no,no,cellular,5,1,failure,1
25,student,single,secondary,no,5933,yes,no,cellular,2,2,unknown,0
38,management,married,tertiary,no,3420,no,no,telephone,1,0,unknown,0
33,admin.,married,tertiary,no,2860,yes,no,unknown,2,2,unknown,1
59,technician,divorced,secondary,no,3284,no,no,cellular,4,2,unknown,0
36,technician,divorced,secondary,no,21,no,no,cellular,5,5,failure,0
41,blue-collar,married,secondary,no,3947,no,no,unknown,3,2,unknown,0
39,management,single,tertiary,no,2101,no,no,cellular,4,2,unknown,0
29,technician,single,secondary,no,3539,no,no,cellular,1,1,unknown,0
49,housemaid,married,primary,no,-758,no,no,cellular,4,1,unknown,0
40,management,divorced,tertiary,no,-159,yes,no,unknown,12,0,unknown,0
39,services,single,unknown,no,3518,yes,no,cellular,3,1,other,0
32,admin.,married,tertiary,no,-151,yes,no,cellular,4,0,unknown,0
38,management,married,tertiary,no,129,no,no,cellular,5,1,unknown,1
35,self-employed,single,secondary,no,-2191,no,no,cellular,5,0,failure,0
28,blue-collar,married,tertiary,no,3232,yes,no,cellular,5,1,unknown,0
45,admin.,married,secondary,no,-2421,yes,yes,cellular,2,2,unknown,0
39,unemployed,married,primary,no,-2241,yes,no,cellular,5,1,unknown,0
37,management,married,tertiary,no,-1011,no,no,telephone,5,1,unknown,0
48,services,divorced,tertiary,no,3293,yes,no,unknown,9,1,unknown,0
54,blue-collar,divorced,secondary,no,-2759,yes,yes,unknown,4,2,unknown,0
41,entrepreneur,married,secondary,no,2772,yes,no,unknown,5,2,unknown,0
66,self-employed,married,primary,no,7251,no,no,cellular,5,0,unknown,1
38,blue-collar,divorced,secondary,no,-2627,no,no,cellular,5,2,unknown,0
46,management,single,tertiary,no,-1838,no,no,cellular,2,2,unknown,0
36,admin.,married,secondary,no,-2276,yes,no,cellular,6,2,other,0
45,technician,married,secondary,no,9116,yes,no,cellular,2,2,unknown,1
42,management,married,unknown,no,1201,no,no,cellular,3,2,unknown,0
30,admin.,married,secondary,no,1251,no,yes,cellular,3,1,unknown,0
40,management,married,tertiary,no,-169,no,no,cellular,3,2,unknown,0
43,management,married,tertiary,no,878,no,no,cellular,4,1,unknown,0
40,technician,married,secondary,no,-829,yes,no,unknown,2,1,unknown,0
32,student,married,primary,no,3264,no,no,unknown,5,2,unknown,0
43,technician,single,secondary,no,-2991,no,yes,cellular,2,2,unknown,0
44,technician,married,secondary,no,2776,yes,no,cellular,2,1,unknown,1
38,management,single,tertiary,no,9620,yes,no,cellular,6,0,other,0
35,services,divorced,secondary,yes,2675,yes,yes,cellular,3,1,unknown,0
28,self-employed,divorced,secondary,no,11719,yes,no,cellular,3,2,unknown,0
80,blue-collar,divorced,secondary,no,3294,yes,no,cellular,3,1,unknown,0
42,management,divorced,tertiary,no,3106,no,no,cellular,6,1,unknown,0
36,management,married,tertiary,no,3725,no,no,cellular,6,0,unknown,0
39,technician,married,tertiary,no,2295,yes,no,cellular,2,1,failure,1
43,management,married,secondary,no,-1277,yes,no,unknown,5,1,unknown,0
36,admin.,married,secondary,no,-591,yes,no,cellular,5,1,unknown,1
35,technician,single,tertiary,no,-1056,yes,no,cellular,3,1,failure,0
26,blue-collar,single,primary,no,4174,yes,no,cellular,1,1,unknown,0
50,admin.,married,primary,no,665,no,no,cellular,4,1,unknown,0
32,technician,married,tertiary,no,-2279,no,no,cellular,5,6,other,0
59,services,married,unknown,no,11534,no,no,unknown,5,2,unknown,0
32,management,married,unknown,no,-563,no,no,unknown,2,2,unknown,0
30,self-employed,married,primary,no,5840,yes,no,telephone,5,1,unknown,0
64,retired,married,primary,no,639,no,no,cellular,1,2,unknown,0
64,blue-collar,married,secondary,no,-2489,no,no,cellular,1,0,failure,0
49,management,divorced,tertiary,no,68,yes,no,unknown,3,1,unknown,0
50,housemaid,married,tertiary,no,373,yes,no,cellular,2,2,unknown,0
44,blue-collar,married,primary,no,2734,yes,yes,cellular,6,0,unknown,0
35,entrepreneur,married,tertiary,no,768,yes,no,cellular,3,3,failure,0
26,management,single,tertiary,no,4795,yes,no,unknown,5,2,unknown,0
44,blue-collar,married,secondary,no,766,yes,no,telephone,5,1,unknown,0
61,retired,divorced,primary,no,2787,yes,yes,unknown,5,2,unknown,0
47,unemployed,married,secondary,no,-2805,no,no,cellular,4,2,unknown,0
35,technician,married,tertiary,no,4956,yes,no,unknown,1,2,unknown,0
21,student,single,tertiary,no,259,no,no,unknown,4,1,unknown,0
34,admin.,married,secondary,no,3619,yes,no,cellular,2,1,unknown,0
30,management,married,tertiary,no,934,no,no,cellular,2,0,unknown,0
33,blue-collar,married,primary,no,-1702,yes,no,cellular,3,2,unknown,0
40,blue-collar,divorced,unknown,no,2832,no,no,cellular,3,1,unknown,0
53,management,divorced,tertiary,no,16253,no,no,unknown,6,2,unknown,0
49,services,married,secondary,no,-2714,yes,no,cellular,5,2,failure,0
28,services,single,secondary,no,-1345,yes,no,cellular,3,2,success,0
44,services,married,secondary,no,3938,yes,no,unknown,5,2,unknown,0
30,management,single,secondary,no,3690,yes,no,unknown,5,1,unknown,0
51,blue-collar,married,primary,no,-259,yes,no,cellular,2,0,unknown,0
29,admin.,single,secondary,no,2093,no,no,unknown,1,0,unknown,0
54,management,divorced,tertiary,no,4066,yes,no,unknown,4,2,unknown,0
31,technician,single,secondary,no,6135,yes,no,unknown,4,2,unknown,0
63,retired,married,secondary,no,8457,no,no,cellular,2,7,failure,0
39,technician,married,secondary,no,-2538,no,yes,cellular,2,2,unknown,0
33,blue-collar,single,primary,no,3034,yes,no,unknown,4,2,unknown,0
44,services,married,secondary,no,3473,no,no,unknown,4,2,unknown,1
59,management,married,tertiary,no,2334,yes,no,cellular,10,1,unknown,0
50,technician,married,tertiary,no,-648,yes,no,cellular,10,0,failure,0
49,unknown,divorced,tertiary,no,5256,no,no,unknown,2,1,unknown,0
59,self-employed,married,tertiary,no,-1257,no,no,cellular,6,4,failure,0
42,technician,divorced,secondary,no,1551,yes,no,unknown,7,0,unknown,1
36,services,married,secondary,no,318,no,no,cellular,6,2,success,0
36,management,single,tertiary,no,1432,no,yes,cellular,3,2,unknown,0
39,services,married,secondary,no,1378,yes,no,unknown,4,2,unknown,0
35,management,married,secondary,no,246,no,no,cellular,5,2,unknown,0
45,management,divorced,tertiary,no,5937,yes,no,cellular,3,2,unknown,0
40,services,married,secondary,no,3654,yes,no,cellular,5,1,failure,0
37,entrepreneur,married,tertiary,no,-413,no,no,unknown,5,1,unknown,0
29,management,single,tertiary,no,1611,yes,no,unknown,3,2,unknown,0
44,services,single,secondary,no,2843,no,no,cellular,6,2,failure,1
27,technician,married,secondary,no,-892,no,yes,cellular,3,2,unknown,0
36,technician,married,tertiary,no,-1928,no,no,cellular,2,1,unknown,0
53,blue-collar,married,secondary,no,-2141,no,no,cellular,3,4,success,1
28,entrepreneur,married,secondary,no,882,yes,no,cellular,4,2,unknown,0
40,entrepreneur,married,tertiary,no,3118,yes,no,cellular,2,1,unknown,0
37,housemaid,divorced,primary,no,3326,no,no,cellular,5,2,unknown,0
33,technician,married,secondary,no,518,no,yes,cellular,1,2,unknown,0
41,services,married,secondary,no,-822,no,no,telephone,4,1,unknown,0
30,services,married,tertiary,no,4111,yes,yes,unknown,2,2,unknown,0
50,blue-collar,married,secondary,no,-2926,no,no,cellular,5,2,unknown,0
37,blue-collar,married,secondary,no,-1509,yes,no,cellular,2,2,other,0
31,technician,single,secondary,no,-163,no,no,cellular,5,2,unknown,0
35,admin.,single,primary,no,416,no,no,cellular,23,2,unknown,0
44,technician,married,unknown,no,1706,no,no,cellular,2,0,unknown,0
59,management,married,tertiary,no,4103,no,no,cellular,2,2,unknown,0
67,retired,married,secondary,no,-1682,no,no,unknown,4,2,unknown,0
31,admin.,married,secondary,no,611,yes,yes,unknown,1,2,unknown,0
29,admin.,single,tertiary,no,-1823,yes,no,cellular,4,2,unknown,0
27,entrepreneur,married,primary,no,1051,yes,no,cellular,2,1,unknown,0
30,admin.,married,secondary,no,-746,no,no,cellular,4,1,unknown,1
33,blue-collar,married,secondary,no,11110,no,yes,cellular,6,1,unknown,0
39,admin.,divorced,secondary,no,-1812,no,no,cellular,2,2,failure,0
50,management,married,tertiary,no,23179,no,yes,unknown,2,1,unknown,0
30,blue-collar,single,secondary,no,3165,yes,yes,unknown,3,0,unknown,0
43,technician,single,tertiary,no,-2532,no,no,cellular,5,2,unknown,0
38,self-employed,divorced,secondary,no,5010,no,no,cellular,3,0,unknown,0
27,blue-collar,married,secondary,no,3734,yes,yes,cellular,6,0,failure,0
33,blue-collar,married,primary,no,2903,yes,no,cellular,2,2,unknown,0
37,blue-collar,single,secondary,no,-896,yes,no,unknown,2,1,unknown,1
34,blue-collar,single,secondary,no,756,yes,no,cellular,6,1,failure,0
32,blue-collar,single,primary,no,-227,yes,no,unknown,1,2,unknown,0
33,management,married,secondary,no,5783,yes,no,cellular,3,1,unknown,0
43,blue-collar,married,primary,no,-3291,yes,no,cellular,3,1,unknown,0
58,technician,married,secondary,no,-349,yes,no,unknown,4,1,unknown,0
47,unemployed,divorced,tertiary,no,-510,no,no,cellular,1,4,failure,0
47,management,married,tertiary,no,-1509,no,yes,telephone,3,2,unknown,0
49,technician,divorced,secondary,no,-2037,no,no,cellular,4,0,unknown,0
28,technician,single,secondary,no,3557,yes,yes,cellular,5,2,unknown,0
39,management,married,tertiary,no,4069,yes,no,cellular,4,2,unknown,0
48,admin.,divorced,secondary,no,-601,yes,no,cellular,2,2,unknown,0
30,technician,married,secondary,no,-552,no,no,cellular,4,1,unknown,0
30,services,married,secondary,no,9574,yes,no,cellular,2,1,unknown,0
28,self-employed,single,tertiary,no,2633,yes,yes,cellular,2,1,unknown,0
40,management,married,tertiary,no,2683,yes,no,unknown,3,2,unknown,0
35,technician,married,secondary,no,-719,yes,no,cellular,4,2,unknown,0
33,blue-collar,married,secondary,no,-687,yes,yes,cellular,25,2,unknown,1
52,management,divorced,primary,no,10014,no,no,cellular,5,1,other,0
34,blue-collar,divorced,primary,no,2427,no,yes,cellular,3,1,unknown,0
55,technician,single,secondary,no,-3202,no,yes,unknown,5,2,unknown,0
60,management,married,tertiary,no,6535,yes,no,cellular,14,1,unknown,0
38,management,single,tertiary,no,-2753,yes,no,unknown,4,0,unknown,0
38,management,married,tertiary,no,-1041,yes,no,unknown,5,2,unknown,0
30,admin.,single,secondary,no,-3095,yes,yes,unknown,2,1,unknown,0
39,blue-collar,married,secondary,no,-1929,no,no,cellular,5,0,unknown,0
42,blue-collar,married,primary,no,-3018,no,no,cellular,3,2,unknown,0
43,admin.,married,secondary,no,-3215,no,no,cellular,6,3,other,0
65,technician,married,secondary,no,2303,yes,no,cellular,2,0,unknown,0
24,blue-collar,single,primary,no,-1059,no,no,cellular,4,1,unknown,0
55,retired,married,primary,no,2468,no,no,cellular,3,5,failure,1
43,blue-collar,married,unknown,no,2327,yes,yes,cellular,5,0,unknown,0
56,blue-collar,married,secondary,no,-288,yes,yes,unknown,3,2,unknown,0
36,blue-collar,single,secondary,no,-1675,yes,no,unknown,4,2,unknown,0
44,management,married,tertiary,no,774,no,yes,unknown,11,1,unknown,0
44,services,married,secondary,no,-2458,yes,no,cellular,5,2,unknown,0
33,technician,single,secondary,no,-1779,yes,no,unknown,1,0,unknown,0
53,management,divorced,tertiary,no,-1612,no,no,unknown,4,0,unknown,0
26,admin.,married,secondary,yes,1155,yes,no,cellular,5,2,unknown,1
39,technician,married,secondary,no,-3290,no,no,cellular,5,2,unknown,0
32,management,married,unknown,no,965,no,no,unknown,4,1,unknown,0
36,services,married,secondary,no,7012,no,no,telephone,4,2,unknown,0
43,technician,married,tertiary,no,10439,no,no,cellular,2,1,unknown,0
26,admin.,single,secondary,no,2598,yes,no,cellular,2,1,unknown,0
55,technician,married,tertiary,no,3294,yes,no,telephone,4,2,unknown,1
44,services,single,secondary,no,-300,yes,no,unknown,5,2,unknown,0
26,blue-collar,single,secondary,no,3382,yes,yes,unknown,2,2,unknown,0
53,blue-collar,married,secondary,no,-2410,no,yes,telephone,16,2,unknown,0
58,unemployed,married,secondary,no,-2400,no,yes,cellular,3,0,success,1
32,housemaid,single,tertiary,no,1681,yes,no,cellular,1,2,unknown,0
37,management,married,tertiary,no,-1767,yes,no,unknown,2,0,unknown,0
36,entrepreneur,single,primary,no,3695,yes,no,cellular,10,2,unknown,0
39,blue-collar,single,primary,no,3095,yes,no,unknown,3,2,unknown,0
29,management,married,tertiary,no,4600,yes,yes,cellular,2,4,failure,0
58,admin.,divorced,secondary,no,2160,yes,no,unknown,3,2,unknown,0
47,management,married,tertiary,no,3886,no,no,cellular,5,0,failure,0
39,admin.,single,secondary,no,128,no,no,cellular,2,1,unknown,0
27,housemaid,married,tertiary,no,3556,no,no,cellular,4,2,unknown,0
26,technician,single,tertiary,no,7,yes,no,unknown,4,0,unknown,1
50,management,married,tertiary,no,1774,yes,no,unknown,4,1,unknown,0
32,blue-collar,married,unknown,yes,2301,yes,no,cellular,6,1,unknown,0
51,blue-collar,married,primary,no,2622,yes,no,cellular,1,0,unknown,1
51,technician,married,secondary,no,-2329,no,no,cellular,3,2,unknown,0
33,admin.,married,primary,no,1326,no,no,unknown,9,1,unknown,0
51,admin.,married,secondary,no,-1136,no,no,cellular,5,1,unknown,0
46,blue-collar,single,secondary,no,-434,yes,no,unknown,4,2,unknown,0
35,management,married,secondary,no,291,no,no,cellular,4,1,unknown,1
30,admin.,single,secondary,yes,9293,yes,no,cellular,4,2,unknown,0
38,self-employed,married,secondary,no,11370,yes,yes,unknown,5,2,unknown,0
26,blue-collar,single,secondary,no,3284,no,no,cellular,5,1,unknown,0
35,management,married,tertiary,no,1183,no,no,cellular,4,2,unknown,0
34,blue-collar,single,secondary,no,3979,yes,yes,unknown,4,2,unknown,0
27,technician,single,secondary,no,1856,yes,no,cellular,2,1,failure,0
80,retired,married,secondary,no,1505,no,no,cellular,10,1,failure,0
40,management,divorced,tertiary,no,14634,yes,no,cellular,2,9,success,1
60,housemaid,married,secondary,no,-1408,no,no,cellular,2,2,success,1
37,management,married,tertiary,no,-1517,no,no,cellular,4,0,unknown,0
38,technician,single,secondary,no,-789,yes,no,cellular,2,0,unknown,0
31,management,married,tertiary,no,1329,no,no,unknown,8,1,unknown,0
28,management,divorced,secondary,no,-2067,yes,no,cellular,5,0,failure,0
64,admin.,divorced,secondary,no,551,yes,no,unknown,8,2,unknown,0
56,services,married,secondary,no,-3189,yes,no,cellular,4,1,unknown,0
56,management,married,tertiary,no,-2502,yes,no,unknown,6,2,unknown,0
29,services,single,secondary,no,3343,yes,no,cellular,4,1,success,1
51,management,married,tertiary,no,1282,no,no,cellular,2,1,unknown,0
32,services,married,secondary,no,1765,no,no,cellular,4,2,unknown,0
40,management,married,tertiary,no,4798,yes,no,cellular,3,2,failure,0
70,retired,married,secondary,no,9612,no,no,cellular,4,2,unknown,0
30,services,divorced,secondary,no,1550,yes,no,cellular,1,1,other,0
29,technician,single,secondary,yes,3980,yes,no,cellular,1,2,unknown,0
34,blue-collar,single,secondary,no,57,no,no,cellular,2,2,unknown,0
26,management,married,tertiary,no,9045,no,no,cellular,2,1,unknown,0
26,services,married,secondary,no,-1171,no,no,cellular,10,2,unknown,0
75,retired,married,primary,no,1187,no,no,cellular,6,2,unknown,0
42,technician,divorced,secondary,no,72,yes,no,cellular,3,1,unknown,0
29,management,married,tertiary,no,-1237,no,yes,cellular,5,1,unknown,0
28,blue-collar,single,primary,no,2186,yes,no,cellular,1,2,unknown,0
60,technician,married,secondary,yes,-2877,no,no,cellular,5,1,unknown,0
45,management,single,tertiary,no,-3117,yes,yes,unknown,5,0,unknown,0
53,housemaid,married,tertiary,no,1961,no,no,telephone,2,0,unknown,0
37,blue-collar,married,primary,no,1055,yes,no,cellular,5,5,failure,0
56,management,married,tertiary,no,-1999,no,no,cellular,6,1,unknown,0
45,admin.,married,secondary,no,-2178,yes,no,cellular,5,2,unknown,0
53,services,divorced,secondary,no,2843,yes,yes,cellular,6,2,unknown,0
19,technician,married,secondary,no,578,yes,no,cellular,4,1,unknown,0
56,technician,married,tertiary,no,1824,no,no,cellular,6,0,unknown,0
33,services,married,secondary,no,-1192,no,no,cellular,4,1,unknown,0
41,management,married,tertiary,no,2456,yes,no,cellular,7,2,unknown,0
34,blue-collar,married,secondary,no,1463,yes,no,cellular,1,0,unknown,0
35,entrepreneur,married,secondary,no,-1287,no,no,unknown,2,2,unknown,0
31,management,married,secondary,no,5606,yes,no,unknown,4,2,unknown,0
41,blue-collar,married,secondary,no,3913,yes,no,cellular,4,2,failure,0
33,technician,married,secondary,no,416,no,no,telephone,8,1,unknown,0
36,entrepreneur,married,secondary,no,1887,yes,no,cellular,14,1,unknown,0
60,retired,married,secondary,no,648,no,no,unknown,2,2,unknown,0
43,unemployed,married,primary,no,-2137,no,no,cellular,6,1,unknown,0
36,management,married,tertiary,no,3914,yes,no,unknown,2,2,unknown,0
43,services,divorced,secondary,no,-195,yes,no,cellular,5,1,unknown,0
46,technician,married,secondary,no,3144,no,no,unknown,14,0,unknown,0
35,management,married,secondary,no,936,yes,no,cellular,5,2,unknown,0
32,management,single,tertiary,no,-3080,yes,no,unknown,4,1,unknown,0
37,management,married,secondary,no,-1617,yes,no,cellular,3,1,failure,0
30,blue-collar,married,primary,no,2587,yes,no,unknown,5,2,unknown,0
28,technician,married,unknown,no,2860,no,no,cellular,4,0,unknown,0
38,services,single,secondary,no,-2447,yes,no,cellular,3,0,unknown,1
36,blue-collar,married,secondary,no,3522,yes,no,cellular,2,1,unknown,0
32,management,married,tertiary,no,4417,yes,no,cellular,15,1,unknown,0
40,technician,married,secondary,no,-63,yes,no,cellular,2,4,success,1
55,management,married,tertiary,no,3100,no,no,cellular,6,2,success,1
33,admin.,divorced,secondary,no,-194,yes,no,unknown,5,1,unknown,1
34,admin.,married,tertiary,no,3516,yes,yes,cellular,2,0,unknown,0
31,management,single,primary,no,9293,no,no,cellular,5,1,unknown,0
29,technician,single,tertiary,no,1111,no,no,cellular,5,1,unknown,0
37,technician,married,secondary,no,2740,no,no,cellular,4,2,unknown,0
26,technician,single,secondary,no,-3204,yes,yes,cellular,5,2,unknown,0
23,admin.,single,secondary,no,1525,yes,yes,cellular,2,1,unknown,0
47,unemployed,married,tertiary,no,-1386,yes,no,cellular,6,4,failure,0
32,unemployed,married,secondary,no,-2843,no,no,telephone,3,2,unknown,0
29,blue-collar,single,secondary,yes,1631,yes,no,unknown,5,1,unknown,0
26,admin.,single,secondary,no,9449,yes,no,cellular,7,9,other,0
48,services,single,secondary,no,-436,yes,no,cellular,5,0,unknown,0
30,entrepreneur,single,tertiary,no,-286,no,no,cellular,1,2,unknown,0
44,admin.,married,secondary,no,-1534,no,no,telephone,2,0,unknown,0
42,entrepreneur,married,tertiary,no,9099,yes,no,cellular,6,2,unknown,0
49,blue-collar,divorced,secondary,no,16070,no,no,cellular,2,1,failure,1
59,retired,married,primary,no,3466,no,no,cellular,5,2,unknown,0
35,blue-collar,single,secondary,no,1713,no,no,cellular,5,2,unknown,0
44,management,married,secondary,no,2036,yes,no,cellular,2,1,unknown,0
26,services,single,primary,no,3079,yes,no,cellular,4,5,other,0
73,unknown,married,unknown,no,6981,no,no,cellular,1,2,failure,0
49,management,married,tertiary,no,1176,no,no,cellular,3,2,unknown,0
65,self-employed,married,secondary,no,-292,yes,no,cellular,6,0,unknown,0
35,technician,married,secondary,no,7017,no,no,cellular,3,0,unknown,0
33,management,single,tertiary,no,2114,no,no,cellular,10,0,unknown,0
32,management,married,tertiary,no,950,no,no,cellular,30,2,unknown,0
46,management,married,tertiary,no,1572,no,no,cellular,5,2,unknown,0
56,unemployed,married,secondary,no,495,yes,no,unknown,2,0,unknown,0
33,management,married,tertiary,no,-2166,no,no,cellular,5,2,unknown,0
28,admin.,single,secondary,no,1197,yes,no,unknown,3,1,unknown,0
34,admin.,married,secondary,no,-953,yes,no,cellular,3,2,unknown,0
26,services,married,secondary,no,-798,yes,no,cellular,5,0,unknown,1
37,technician,married,secondary,no,-3298,no,no,telephone,5,0,unknown,0
37,blue-collar,married,unknown,no,6411,yes,yes,cellular,7,0,unknown,0
31,services,married,secondary,no,-2799,yes,no,cellular,4,1,unknown,0
53,technician,married,secondary,no,981,yes,yes,cellular,3,2,unknown,0
54,management,married,tertiary,no,4036,yes,no,cellular,3,2,unknown,0
55,retired,single,secondary,no,3669,no,no,cellular,2,1,unknown,0
46,management,divorced,tertiary,no,158,no,no,cellular,4,2,failure,0
42,blue-collar,married,unknown,no,1411,no,yes,cellular,2,2,unknown,1
44,blue-collar,divorced,primary,no,-2006,no,no,cellular,5,1,unknown,0
30,technician,married,secondary,no,-71,no,no,cellular,3,0,unknown,0
33,entrepreneur,married,secondary,no,3933,no,no,unknown,3,2,unknown,0
45,services,married,secondary,no,2920,no,no,cellular,5,0,unknown,0
58,blue-collar,married,secondary,no,1906,yes,no,cellular,5,1,unknown,0
44,blue-collar,divorced,secondary,no,-961,yes,no,cellular,1,1,unknown,0
35,blue-collar,single,secondary,no,9305,yes,yes,cellular,5,1,unknown,0
57,admin.,married,secondary,no,1503,yes,no,cellular,2,2,unknown,0
46,blue-collar,divorced,tertiary,no,870,no,no,cellular,2,2,unknown,0
55,technician,married,secondary,no,-1471,yes,yes,cellular,5,1,unknown,0
31,technician,single,tertiary,no,-1121,no,no,cellular,5,0,unknown,0
27,blue-collar,single,secondary,no,8247,yes,no,unknown,2,2,unknown,0
26,blue-collar,married,primary,no,1506,no,no,telephone,6,0,unknown,0
34,management,married,tertiary,no,12000,no,no,unknown,2,2,unknown,0
38,services,married,secondary,no,-1584,yes,no,unknown,2,0,unknown,0
27,technician,married,secondary,no,2392,no,no,cellular,11,2,other,0
32,blue-collar,single,secondary,no,3537,yes,no,cellular,3,1,unknown,0
47,technician,single,secondary,no,3772,no,no,cellular,5,0,unknown,0
50,admin.,married,secondary,no,4011,yes,no,unknown,15,2,unknown,0
27,admin.,married,secondary,no,-3052,no,yes,unknown,3,2,unknown,0
25,technician,married,tertiary,no,1949,no,yes,cellular,5,1,unknown,0
53,management,married,tertiary,no,-1979,yes,yes,cellular,2,2,unknown,0
30,self-employed,married,tertiary,no,-369,no,yes,cellular,6,0,unknown,0
25,student,single,secondary,yes,2041,no,no,unknown,3,1,unknown,0
43,technician,married,tertiary,no,317,yes,no,unknown,3,1,unknown,0
39,technician,married,secondary,no,-2048,yes,no,unknown,1,2,unknown,0
57,housemaid,married,primary,no,1123,no,no,cellular,5,0,unknown,1
37,management,single,secondary,no,-2176,yes,no,unknown,4,1,unknown,0
26,management,single,secondary,no,3499,no,yes,cellular,5,2,failure,0
38,self-employed,married,tertiary,no,202,no,no,cellular,3,1,unknown,0
37,management,married,tertiary,no,-4,no,no,cellular,6,2,unknown,0
77,retired,married,secondary,no,1533,no,no,cellular,6,0,unknown,0
23,unemployed,single,tertiary,no,1336,yes,no,unknown,3,1,unknown,0
47,technician,married,secondary,no,1524,yes,yes,cellular,5,1,unknown,0
34,technician,married,secondary,no,1117,yes,no,cellular,4,0,unknown,0
54,retired,married,unknown,no,11568,no,no,cellular,4,1,unknown,0
39,services,married,secondary,no,-1632,yes,no,cellular,5,2,other,0
28,services,single,secondary,no,-95,no,yes,cellular,11,2,failure,1
49,management,divorced,secondary,no,1452,no,no,cellular,4,2,unknown,0
52,services,single,secondary,no,2495,yes,no,cellular,6,2,unknown,0
36,management,married,tertiary,no,4073,no,no,cellular,2,1,unknown,0
31,unemployed,single,tertiary,no,9848,no,no,cellular,3,2,unknown,0
30,admin.,single,tertiary,no,-487,yes,no,unknown,6,2,unknown,0
29,technician,married,secondary,no,-1899,yes,no,cellular,2,2,unknown,0
32,technician,single,tertiary,no,-545,yes,no,unknown,7,1,unknown,0
29,self-employed,single,secondary,no,3555,no,no,unknown,1,2,unknown,0
34,blue-collar,married,secondary,no,2441,yes,no,cellular,4,1,unknown,0
42,management,single,secondary,no,-537,no,no,cellular,1,0,unknown,0
31,blue-collar,married,secondary,no,432,no,yes,telephone,3,0,unknown,1
32,technician,single,tertiary,no,-2681,no,no,cellular,2,1,failure,0
43,services,single,secondary,no,-829,yes,no,cellular,2,2,failure,0
29,self-employed,single,tertiary,no,-1933,no,no,cellular,1,2,unknown,0
35,technician,single,secondary,no,-139,no,yes,cellular,6,2,unknown,0
48,services,married,secondary,no,-508,no,yes,cellular,6,1,unknown,0
59,admin.,divorced,primary,no,-3158,no,no,unknown,1,2,unknown,0
35,management,single,tertiary,no,-1273,yes,no,unknown,1,1,unknown,0
38,blue-collar,married,secondary,no,3665,no,no,cellular,4,0,unknown,0
40,blue-collar,single,secondary,no,-2102,no,no,cellular,8,2,unknown,0
38,management,married,tertiary,no,-847,yes,no,telephone,8,0,unknown,0
28,management,single,tertiary,no,1501,no,no,telephone,3,0,unknown,0
36,self-employed,single,secondary,no,1209,no,no,cellular,2,2,unknown,1
33,blue-collar,divorced,primary,no,2779,yes,no,cellular,5,0,failure,0
45,management,married,tertiary,no,-465,yes,no,unknown,3,1,unknown,0
37,technician,divorced,secondary,no,-760,no,no,cellular,4,1,unknown,1
43,blue-collar,married,unknown,no,-796,yes,no,unknown,6,19,failure,0
28,management,married,unknown,no,1218,yes,no,cellular,8,2,unknown,0
30,technician,single,tertiary,no,-1266,yes,no,cellular,9,1,unknown,0
52,technician,single,secondary,no,1874,yes,yes,unknown,4,0,unknown,0
58,management,divorced,tertiary,no,-767,yes,no,unknown,5,1,unknown,0
30,blue-collar,married,secondary,no,-687,yes,no,cellular,2,1,unknown,0
34,admin.,married,secondary,no,4709,no,no,cellular,4,2,unknown,0
34,technician,single,secondary,no,-2904,yes,no,unknown,6,2,unknown,0
34,blue-collar,single,primary,no,3136,yes,no,unknown,6,1,unknown,0
25,technician,single,secondary,no,587,no,yes,unknown,6,2,unknown,0
52,blue-collar,married,secondary,no,-1617,yes,no,cellular,16,1,unknown,0
35,management,married,tertiary,no,-2232,no,no,unknown,17,1,unknown,0
31,management,married,unknown,no,-1653,yes,no,unknown,5,1,unknown,0
27,technician,single,secondary,no,2232,yes,no,unknown,3,0,unknown,0
39,management,single,tertiary,no,1591,yes,no,unknown,2,2,unknown,0
55,retired,married,secondary,no,2336,no,no,cellular,3,1,unknown,0
30,blue-collar,married,secondary,no,-444,yes,no,unknown,1,1,unknown,0
34,admin.,single,secondary,no,-2392,yes,no,telephone,3,1,unknown,0
39,services,married,secondary,no,3973,yes,no,unknown,4,1,unknown,0
37,management,married,tertiary,no,8833,no,yes,unknown,5,2,unknown,0
54,retired,married,secondary,no,3883,no,no,cellular,5,2,other,0
52,entrepreneur,married,tertiary,no,-2766,yes,no,cellular,1,2,unknown,0
32,blue-collar,single,primary,no,1286,no,no,cellular,1,2,unknown,0
30,technician,married,secondary,no,-1320,yes,no,cellular,6,2,unknown,0
41,admin.,married,secondary,no,21829,no,no,cellular,2,1,unknown,0
31,blue-collar,married,primary,no,-221,yes,no,cellular,1,24,failure,0
43,management,single,tertiary,no,-2774,no,no,cellular,5,2,unknown,0
39,management,married,tertiary,no,-1130,yes,no,cellular,4,1,other,0
59,retired,married,primary,no,-1373,yes,no,unknown,4,2,unknown,0
35,blue-collar,married,secondary,no,2143,yes,no,cellular,13,1,unknown,0
45,self-employed,married,tertiary,no,1567,no,no,cellular,4,1,success,0
32,technician,married,secondary,no,-1643,no,no,unknown,2,2,unknown,0
43,blue-collar,married,secondary,no,1008,yes,no,unknown,7,0,unknown,0
41,blue-collar,divorced,secondary,no,-2569,yes,no,telephone,1,4,other,1
52,blue-collar,single,secondary,no,2897,yes,no,telephone,2,1,unknown,0
31,blue-collar,single,secondary,no,1335,yes,no,unknown,2,1,unknown,0
31,blue-collar,single,secondary,no,384,yes,no,unknown,7,1,unknown,0
35,blue-collar,single,secondary,no,-1293,yes,no,cellular,5,1,unknown,0
24,student,single,secondary,no,-1831,yes,no,cellular,9,6,other,0
29,blue-collar,single,secondary,no,2739,yes,no,cellular,5,0,failure,0
38,admin.,married,secondary,no,-2728,yes,no,unknown,9,0,unknown,0
34,blue-collar,married,secondary,no,806,yes,no,unknown,6,2,unknown,1
33,management,married,tertiary,no,-3243,no,no,cellular,4,1,unknown,0
53,management,single,tertiary,no,-531,yes,no,unknown,1,1,unknown,0
52,blue-collar,married,primary,no,2139,yes,no,unknown,19,0,unknown,0
27,technician,single,secondary,no,-665,yes,no,unknown,2,2,unknown,0
50,blue-collar,married,secondary,no,1088,yes,no,unknown,2,0,unknown,0
38,management,married,tertiary,no,15892,no,no,cellular,3,1,unknown,0
58,blue-collar,married,primary,no,2506,no,no,cellular,4,1,unknown,0
39,management,married,tertiary,no,11380,no,yes,cellular,18,2,unknown,0
27,blue-collar,single,secondary,no,668,yes,no,cellular,2,0,failure,0
31,self-employed,married,secondary,no,-2643,no,yes,unknown,5,2,unknown,0
37,admin.,married,secondary,no,2879,yes,no,cellular,6,2,unknown,0
49,technician,married,secondary,no,8025,no,no,cellular,7,1,unknown,0
57,self-employed,married,primary,no,3491,yes,no,cellular,9,1,unknown,0
29,admin.,single,secondary,no,3932,no,no,cellular,5,2,unknown,0
48,blue-collar,married,primary,yes,176,yes,no,unknown,3,1,unknown,0
27,blue-collar,married,primary,no,1661,yes,yes,unknown,2,1,unknown,0
51,entrepreneur,married,tertiary,no,3713,no,yes,cellular,4,0,unknown,0
36,entrepreneur,married,primary,no,-1856,yes,no,cellular,6,3,success,0
38,services,married,secondary,no,-2924,yes,no,cellular,2,2,unknown,0
24,technician,single,secondary,no,2835,yes,no,unknown,3,2,unknown,0
41,blue-collar,divorced,primary,no,-463,yes,no,cellular,5,1,unknown,0
57,technician,married,secondary,no,-67,yes,no,telephone,3,4,failure,0
39,technician,married,tertiary,no,1582,yes,no,cellular,3,0,failure,0
55,management,married,tertiary,no,924,no,no,cellular,5,2,failure,1
28,management,single,tertiary,no,2813,yes,no,unknown,1,2,unknown,0
28,blue-collar,married,primary,no,3910,yes,no,unknown,1,2,unknown,0
37,admin.,single,secondary,no,-1613,no,no,telephone,10,1,failure,0
27,housemaid,married,secondary,no,6074,no,no,cellular,4,10,failure,0
34,management,married,secondary,no,-2755,no,no,unknown,4,2,unknown,1
37,technician,single,secondary,no,2788,no,no,cellular,3,2,unknown,0
31,blue-collar,married,primary,no,3177,yes,no,unknown,4,1,unknown,0
35,blue-collar,married,secondary,no,3548,no,no,cellular,2,1,unknown,0
33,blue-collar,married,secondary,no,2249,yes,no,cellular,2,2,unknown,0
26,technician,single,tertiary,no,11273,yes,no,unknown,3,2,unknown,0
48,retired,married,secondary,no,756,no,yes,cellular,6,2,unknown,0
22,student,single,unknown,yes,-398,no,no,cellular,6,2,success,1
32,admin.,single,secondary,no,-1887,no,no,cellular,4,4,other,1
55,management,married,tertiary,no,-3057,yes,no,cellular,3,11,other,0
47,self-employed,divorced,tertiary,no,-1126,yes,yes,unknown,4,2,unknown,0
37,management,single,tertiary,no,-358,yes,no,unknown,9,0,unknown,0
32,management,married,tertiary,no,-2518,yes,no,cellular,1,1,unknown,0
46,blue-collar,married,primary,no,-3262,yes,no,unknown,2,4,other,0
28,services,married,secondary,no,1704,yes,no,cellular,2,1,failure,0
33,technician,married,secondary,no,-3097,yes,no,unknown,15,1,unknown,0
27,technician,married,tertiary,no,4028,yes,yes,unknown,2,2,unknown,1
65,admin.,divorced,secondary,no,-540,no,no,cellular,4,0,unknown,0
75,housemaid,divorced,primary,no,-1286,no,no,unknown,5,2,unknown,0
33,admin.,married,secondary,no,745,yes,no,telephone,2,3,other,1
41,management,married,secondary,no,-2352,yes,no,unknown,4,1,unknown,0
44,services,married,secondary,no,9917,no,no,cellular,5,2,unknown,0
63,retired,married,primary,no,1077,no,no,cellular,5,1,unknown,0
35,blue-collar,divorced,secondary,no,-2561,yes,yes,cellular,4,2,unknown,0
26,services,married,secondary,no,147,yes,no,unknown,3,1,unknown,0
38,technician,married,secondary,no,1315,no,no,cellular,5,2,unknown,0
30,blue-collar,single,secondary,no,297,yes,no,cellular,1,0,unknown,0
33,blue-collar,single,primary,no,-1805,no,yes,telephone,4,0,unknown,0
42,blue-collar,married,primary,no,-146,yes,no,cellular,6,1,unknown,1
39,technician,single,secondary,no,-2145,no,no,cellular,1,0,unknown,0
52,technician,single,unknown,no,-791,no,no,cellular,1,1,unknown,0
45,services,married,secondary,no,-1927,yes,no,cellular,3,2,unknown,0
26,student,married,tertiary,no,-1937,no,no,cellular,4,0,unknown,0
51,services,single,unknown,no,-2449,no,no,unknown,1,1,unknown,0
39,blue-collar,single,unknown,no,-2348,yes,yes,unknown,3,1,unknown,0
48,blue-collar,divorced,secondary,no,-1813,yes,no,cellular,2,2,unknown,0
40,technician,married,secondary,no,1675,yes,no,unknown,6,0,unknown,0
39,technician,married,secondary,no,-1683,yes,no,unknown,9,2,unknown,0
48,blue-collar,married,primary,no,1759,yes,no,unknown,3,0,unknown,0
35,admin.,single,tertiary,no,-3101,yes,no,telephone,3,2,unknown,0
27,admin.,married,tertiary,no,3076,yes,no,unknown,5,2,unknown,0
51,services,married,secondary,no,2229,no,no,cellular,5,1,unknown,0
36,blue-collar,married,unknown,no,1133,yes,no,cellular,3,1,unknown,0
45,blue-collar,married,secondary,no,1496,yes,no,unknown,3,0,unknown,0
51,services,married,secondary,no,-3186,yes,no,unknown,3,1,unknown,0
57,management,married,tertiary,no,-3275,no,no,cellular,4,2,unknown,0
28,technician,divorced,secondary,no,737,yes,no,unknown,1,0,unknown,0
43,technician,married,secondary,no,1404,no,yes,cellular,11,1,unknown,0
46,management,married,tertiary,no,616,no,no,cellular,4,1,unknown,0
58,management,married,tertiary,no,-456,yes,no,unknown,6,2,unknown,0
39,services,married,primary,no,141,yes,no,cellular,3,0,unknown,0
48,management,married,tertiary,no,807,no,yes,cellular,4,2,unknown,0
45,blue-collar,married,unknown,no,276,yes,no,cellular,4,2,unknown,0
58,management,married,secondary,no,-660,no,no,unknown,5,1,unknown,0
24,technician,single,secondary,no,-282,yes,no,unknown,2,2,unknown,0
41,services,single,secondary,no,-1939,no,yes,telephone,10,2,success,1
37,technician,married,tertiary,no,1551,yes,yes,cellular,4,2,other,1
47,self-employed,single,tertiary,no,-1442,no,no,cellular,5,2,unknown,0
43,blue-collar,married,primary,no,3328,yes,no,unknown,2,2,unknown,0
41,blue-collar,married,secondary,no,-121,no,yes,unknown,4,1,unknown,0
50,management,divorced,tertiary,no,16952,yes,no,cellular,2,1,success,0
48,self-employed,married,secondary,no,-2801,no,no,cellular,4,2,unknown,0
36,management,divorced,tertiary,no,4459,no,no,unknown,6,2,unknown,0
33,technician,divorced,secondary,no,17996,yes,no,cellular,3,2,unknown,0
37,services,married,unknown,no,-65,no,no,cellular,7,2,unknown,0
45,technician,married,secondary,no,-1301,yes,no,cellular,6,2,unknown,0
30,management,married,tertiary,no,392,no,no,cellular,3,2,unknown,0
42,self-employed,married,tertiary,no,1358,no,yes,telephone,3,0,other,0
44,services,married,secondary,no,1064,yes,no,unknown,2,1,unknown,0
45,admin.,married,secondary,no,-2084,yes,no,unknown,7,2,unknown,0
45,blue-collar,divorced,secondary,no,1580,yes,no,cellular,6,2,unknown,0
41,management,married,tertiary,no,-532,no,no,cellular,5,7,failure,0
38,services,married,secondary,no,-672,yes,no,unknown,5,2,unknown,0
40,management,married,tertiary,no,-3166,yes,no,unknown,3,0,unknown,0
30,blue-collar,single,secondary,no,-95,yes,no,unknown,3,2,unknown,0
36,services,married,secondary,no,-1001,no,no,telephone,4,12,other,0
59,services,married,secondary,no,131,yes,yes,cellular,12,0,unknown,1
44,admin.,married,secondary,no,3678,yes,no,cellular,11,2,failure,0
44,management,divorced,tertiary,no,8214,no,no,unknown,5,1,unknown,0
55,retired,married,tertiary,no,3079,no,yes,cellular,4,2,unknown,0
41,blue-collar,divorced,primary,no,3026,yes,no,unknown,6,2,unknown,0
49,blue-collar,married,secondary,no,-1823,no,yes,cellular,6,2,unknown,0
38,blue-collar,married,primary,no,-852,no,no,cellular,4,10,other,1
37,blue-collar,married,primary,no,-55,no,no,cellular,5,2,unknown,0
36,admin.,single,unknown,no,3200,no,no,unknown,2,2,unknown,1
36,technician,single,secondary,no,3635,yes,no,cellular,2,2,unknown,0
51,retired,married,primary,no,2320,no,no,cellular,3,2,failure,0
45,admin.,married,secondary,no,-320,yes,no,cellular,4,2,unknown,0
42,technician,married,tertiary,no,3919,no,no,unknown,3,0,unknown,0
27,technician,single,tertiary,no,3276,no,no,cellular,3,1,unknown,1
58,technician,married,secondary,no,2613,no,yes,cellular,13,2,failure,0
26,admin.,married,secondary,no,-3175,yes,no,unknown,6,1,unknown,0
35,technician,married,tertiary,no,2278,no,no,telephone,4,2,other,1
56,management,married,tertiary,no,781,yes,yes,cellular,5,5,failure,0
37,entrepreneur,divorced,secondary,no,1020,yes,no,unknown,5,0,unknown,1
35,management,married,tertiary,no,2960,yes,no,unknown,6,2,unknown,0
33,blue-collar,single,secondary,no,-1886,yes,no,unknown,6,1,unknown,0
30,management,single,tertiary,no,1760,yes,no,unknown,3,1,unknown,0
43,management,married,tertiary,no,-926,yes,no,unknown,10,2,unknown,0
57,blue-collar,divorced,secondary,no,-540,yes,no,cellular,2,1,unknown,0
32,technician,single,secondary,no,7141,yes,no,unknown,3,1,unknown,0
48,self-employed,married,secondary,no,-317,yes,yes,cellular,2,1,unknown,0
31,unemployed,married,tertiary,no,2388,no,no,telephone,1,2,unknown,0
45,blue-collar,married,primary,no,-2934,yes,no,unknown,4,1,unknown,0
32,blue-collar,married,secondary,no,-10,yes,no,cellular,3,1,unknown,1
38,management,married,tertiary,no,-2397,yes,no,cellular,1,0,unknown,0
42,blue-collar,married,primary,no,6716,no,no,cellular,4,1,unknown,0
28,blue-collar,single,secondary,no,703,yes,yes,cellular,2,1,failure,0
56,management,married,tertiary,no,-172,no,no,cellular,5,7,failure,0
36,technician,single,tertiary,no,-51,yes,no,unknown,4,2,unknown,1
47,blue-collar,single,secondary,no,2838,yes,no,unknown,3,1,unknown,0
47,housemaid,married,tertiary,no,1801,yes,no,cellular,5,2,unknown,0
55,management,married,tertiary,no,-3261,yes,no,cellular,5,3,success,0
48,admin.,married,secondary,no,-1355,no,no,telephone,5,1,unknown,0
34,technician,married,secondary,no,3641,yes,no,unknown,5,1,unknown,0
57,technician,married,secondary,no,4988,no,no,cellular,2,2,other,0
46,housemaid,married,primary,no,186,no,no,cellular,3,2,failure,0
53,entrepreneur,single,secondary,no,1002,yes,yes,cellular,2,0,unknown,0
55,blue-collar,married,primary,no,-1208,yes,no,unknown,2,1,unknown,0
43,management,married,tertiary,no,3505,no,no,cellular,3,1,unknown,0
45,management,married,tertiary,no,1691,yes,no,cellular,3,1,unknown,0
32,technician,single,secondary,no,-2587,yes,yes,unknown,5,0,unknown,0
42,blue-collar,married,secondary,no,3835,yes,yes,unknown,4,1,unknown,0
33,unknown,married,unknown,no,-2946,no,no,unknown,3,2,unknown,0
46,services,married,secondary,no,-274,yes,no,cellular,2,0,unknown,0
44,self-employed,married,tertiary,no,8142,no,no,cellular,6,0,unknown,1
31,technician,single,secondary,no,3398,no,yes,cellular,3,2,unknown,0
29,blue-collar,divorced,secondary,no,546,yes,no,unknown,6,2,unknown,0
34,technician,married,secondary,no,-1749,yes,no,unknown,4,2,unknown,0
47,management,divorced,tertiary,no,7851,no,yes,cellular,1,1,unknown,0
58,admin.,divorced,secondary,no,7462,yes,no,cellular,3,1,unknown,0
36,retired,single,primary,no,2331,no,no,cellular,2,1,unknown,0
26,blue-collar,single,primary,no,-2482,yes,no,cellular,1,2,unknown,0
33,management,married,tertiary,no,-1755,no,yes,cellular,3,1,unknown,0
30,admin.,single,secondary,no,2942,no,no,cellular,2,2,success,0
29,management,single,secondary,no,3423,no,yes,cellular,5,2,unknown,0
52,entrepreneur,single,secondary,no,1173,yes,no,cellular,2,1,failure,0
47,blue-collar,married,secondary,no,8684,no,no,cellular,5,1,other,0
34,blue-collar,married,primary,no,1049,yes,no,unknown,3,2,unknown,0
38,technician,married,secondary,no,-2146,no,no,unknown,3,1,unknown,0
32,services,single,secondary,no,2929,yes,no,cellular,1,1,unknown,0
34,management,married,unknown,no,3304,yes,no,cellular,5,0,unknown,0
55,blue-collar,married,secondary,yes,3970,yes,no,cellular,3,2,unknown,0
57,technician,married,secondary,no,-2170,yes,no,cellular,3,2,unknown,0
24,admin.,single,secondary,no,-752,no,no,telephone,9,2,unknown,0
56,technician,married,unknown,no,-1765,yes,no,unknown,3,1,unknown,1
58,management,married,secondary,no,-1620,no,no,cellular,3,2,unknown,0
41,management,divorced,tertiary,no,-454,yes,no,unknown,5,1,unknown,0
41,blue-collar,married,primary,no,-959,yes,no,cellular,5,2,unknown,0
57,blue-collar,married,primary,no,-250,yes,no,cellular,3,4,failure,0
32,unemployed,single,secondary,yes,838,no,yes,unknown,17,1,unknown,0
31,services,single,secondary,no,-2842,yes,no,cellular,9,1,unknown,0
28,admin.,single,secondary,no,-3137,no,no,telephone,4,7,failure,0
39,technician,married,secondary,no,498,no,no,cellular,2,1,unknown,0
26,admin.,single,secondary,no,2330,yes,yes,unknown,4,2,unknown,0
54,blue-collar,married,secondary,no,-2590,yes,no,cellular,6,2,unknown,0
30,admin.,single,secondary,no,-855,no,no,cellular,1,0,failure,0
39,management,divorced,tertiary,no,5943,no,no,cellular,4,0,unknown,0
44,technician,single,tertiary,no,-2152,yes,no,unknown,2,1,unknown,0
49,management,married,tertiary,no,736,no,no,cellular,3,1,unknown,0
37,management,married,tertiary,no,536,no,no,cellular,10,0,unknown,0
31,services,single,secondary,no,3169,yes,no,unknown,3,1,unknown,0
42,technician,divorced,secondary,no,-556,yes,no,unknown,3,0,unknown,0
70,retired,married,primary,no,-2954,no,no,cellular,2,1,unknown,0
44,entrepreneur,married,tertiary,no,3637,yes,no,cellular,3,2,unknown,1
46,blue-collar,single,secondary,no,-885,yes,no,cellular,1,0,failure,1
41,blue-collar,single,primary,no,3605,no,no,cellular,1,2,success,0
42,technician,divorced,secondary,no,8435,yes,no,cellular,6,1,unknown,0
50,admin.,married,secondary,no,-514,no,no,cellular,3,2,unknown,0
45,admin.,married,secondary,no,-751,yes,no,cellular,2,1,unknown,0
36,management,married,tertiary,no,-1623,no,no,telephone,2,2,unknown,0
34,blue-collar,single,primary,no,-3116,no,no,cellular,19,0,unknown,0
46,management,married,tertiary,no,-813,no,no,unknown,5,1,unknown,1
38,entrepreneur,married,tertiary,no,14208,yes,yes,unknown,4,1,unknown,1
54,technician,married,secondary,yes,4268,yes,yes,cellular,2,1,unknown,1
27,admin.,single,secondary,no,1259,yes,no,unknown,10,2,unknown,0
33,technician,married,secondary,no,56,no,no,cellular,5,0,unknown,0
58,management,married,secondary,no,-2916,no,no,cellular,4,2,unknown,0
34,management,married,tertiary,no,2445,no,no,unknown,1,2,unknown,0
46,blue-collar,married,primary,no,2590,no,no,cellular,9,2,unknown,0
30,blue-collar,married,unknown,no,-90,yes,no,cellular,3,8,failure,0
64,unemployed,married,tertiary,no,-863,no,no,cellular,4,3,failure,0
37,blue-collar,single,primary,no,1016,yes,no,unknown,5,2,unknown,0
35,admin.,divorced,secondary,no,3908,no,yes,cellular,6,1,unknown,0
45,management,married,tertiary,no,3473,yes,no,cellular,12,2,unknown,0
27,technician,married,secondary,no,2663,yes,no,unknown,2,1,success,0
36,management,married,tertiary,no,3862,yes,no,unknown,4,2,unknown,0
40,blue-collar,divorced,secondary,no,4089,yes,no,cellular,15,1,unknown,0
27,technician,single,tertiary,no,700,no,no,cellular,9,1,unknown,0
51,blue-collar,married,tertiary,no,643,yes,no,unknown,2,1,unknown,0
43,technician,married,secondary,no,14113,yes,no,unknown,6,1,unknown,0
59,management,married,tertiary,no,-2528,yes,no,cellular,1,2,success,1
27,blue-collar,single,primary,no,-1165,no,no,cellular,6,2,unknown,0
39,housemaid,married,primary,no,2839,no,no,cellular,5,1,unknown,1
34,services,married,secondary,no,-2099,no,yes,unknown,3,1,unknown,0
37,blue-collar,single,secondary,no,2907,yes,no,cellular,5,1,unknown,0
32,entrepreneur,married,tertiary,no,1406,yes,no,unknown,5,2,unknown,0
44,blue-collar,divorced,primary,no,962,yes,yes,cellular,5,1,unknown,0
48,management,single,tertiary,yes,-715,no,no,telephone,6,0,failure,0
51,technician,married,secondary,no,3788,no,no,cellular,2,0,unknown,0
39,management,single,tertiary,no,3648,yes,no,unknown,5,2,unknown,0
52,blue-collar,married,secondary,no,34,yes,no,cellular,3,0,unknown,1
35,technician,married,secondary,no,50,yes,no,unknown,1,1,unknown,0
47,technician,single,secondary,no,2263,yes,no,cellular,2,2,unknown,0
46,management,single,tertiary,no,-992,yes,no,cellular,2,1,unknown,0
36,management,single,tertiary,no,2919,no,no,cellular,5,3,failure,0
28,technician,single,secondary,no,-2149,no,no,cellular,5,0,unknown,0
37,management,single,tertiary,no,3076,yes,no,unknown,4,2,unknown,0
54,admin.,married,secondary,no,-2391,yes,no,unknown,4,0,unknown,0
46,management,married,tertiary,no,1961,no,no,unknown,2,1,unknown,0
37,management,married,tertiary,no,26062,no,no,unknown,3,2,unknown,0
42,management,divorced,tertiary,no,-2510,yes,no,unknown,4,1,unknown,0
27,management,married,secondary,no,-418,yes,no,cellular,6,1,success,1
58,blue-collar,married,secondary,no,831,yes,no,unknown,6,1,unknown,1
47,services,married,primary,no,-1361,yes,no,cellular,3,1,other,0
50,technician,divorced,secondary,no,4106,no,no,cellular,2,1,unknown,0
41,technician,married,tertiary,no,-3205,no,no,cellular,2,2,unknown,1
37,technician,single,tertiary,no,2524,yes,no,cellular,8,1,unknown,0
57,admin.,married,secondary,no,-2745,yes,no,cellular,3,0,unknown,0
31,blue-collar,single,secondary,no,809,yes,no,cellular,6,1,unknown,0
30,services,married,secondary,no,-2203,no,no,cellular,3,1,success,1
55,retired,married,primary,no,8629,no,yes,telephone,1,1,unknown,0
46,blue-collar,single,primary,no,114,yes,no,unknown,5,1,unknown,0
43,blue-collar,married,secondary,no,-2278,yes,no,unknown,4,2,unknown,0
39,blue-collar,single,secondary,no,5800,no,no,cellular,2,0,unknown,0
31,admin.,married,secondary,no,2800,yes,no,unknown,2,1,unknown,0
34,blue-collar,single,primary,no,-2657,yes,no,telephone,5,0,unknown,1
31,services,married,tertiary,no,8762,yes,no,unknown,2,1,unknown,0
27,management,married,secondary,no,2498,yes,no,unknown,1,1,unknown,0
50,admin.,married,secondary,no,-1720,yes,yes,cellular,4,1,other,0
38,blue-collar,married,primary,no,-1099,yes,no,cellular,2,1,success,1
28,management,married,tertiary,no,-2034,yes,no,cellular,5,1,failure,0
30,services,married,secondary,no,-2794,yes,no,cellular,2,1,unknown,1
19,services,single,secondary,no,1389,yes,no,cellular,7,2,unknown,1
35,services,married,secondary,no,-1993,yes,yes,unknown,1,1,unknown,0
33,technician,single,unknown,no,-3171,yes,no,unknown,2,1,unknown,0
45,admin.,divorced,secondary,no,324,no,no,cellular,5,1,failure,0
50,services,married,secondary,no,-2321,yes,no,cellular,3,2,unknown,0
35,admin.,married,secondary,no,1950,no,no,unknown,8,1,unknown,0
29,technician,single,secondary,no,-479,yes,no,cellular,10,2,unknown,0
40,blue-collar,married,primary,no,-3280,yes,yes,unknown,3,0,unknown,1
49,management,married,tertiary,no,-829,yes,no,unknown,9,1,unknown,0
57,blue-collar,married,primary,no,-3276,yes,no,cellular,2,2,unknown,0
29,blue-collar,single,primary,no,-3301,yes,no,cellular,6,1,success,1
29,blue-collar,married,primary,no,2192,yes,no,unknown,2,2,unknown,0
63,self-employed,married,tertiary,no,-591,no,yes,unknown,4,0,unknown,0
59,management,married,tertiary,no,-1234,yes,no,unknown,3,2,unknown,1
54,management,married,tertiary,no,-799,yes,no,cellular,2,2,unknown,0
63,unknown,divorced,tertiary,no,537,no,no,cellular,5,3,other,0
59,retired,married,primary,no,-2929,no,no,cellular,4,2,unknown,1
59,management,married,secondary,no,-2617,yes,no,cellular,5,1,failure,0
22,blue-collar,married,secondary,no,-2733,yes,no,cellular,10,1,unknown,0
34,blue-collar,divorced,secondary,no,9383,no,no,unknown,2,2,unknown,0
38,technician,single,secondary,no,369,yes,no,cellular,3,1,unknown,0
48,housemaid,divorced,primary,no,1,no,no,unknown,6,1,unknown,0
33,admin.,married,secondary,no,2938,no,no,cellular,3,1,unknown,0
36,management,married,tertiary,no,10542,no,no,cellular,2,1,unknown,0
33,technician,married,secondary,no,4915,yes,no,cellular,5,2,unknown,0
28,self-employed,single,secondary,no,1025,no,yes,cellular,5,1,unknown,0
38,management,divorced,secondary,no,2968,no,no,telephone,4,1,unknown,0
28,services,single,secondary,no,3153,yes,no,unknown,2,2,unknown,0
44,blue-collar,married,primary,no,11276,yes,no,cellular,6,2,unknown,0
28,admin.,single,secondary,no,2099,yes,yes,cellular,3,5,failure,0
33,blue-collar,single,secondary,no,1035,yes,yes,unknown,1,2,unknown,0
26,management,single,tertiary,no,4066,yes,no,cellular,4,2,unknown,1
34,technician,single,secondary,no,-1264,yes,no,unknown,6,1,unknown,0
55,admin.,married,secondary,no,-3056,yes,no,unknown,2,0,unknown,0
47,management,divorced,tertiary,no,12260,yes,no,unknown,3,1,unknown,0
43,management,married,tertiary,no,5867,yes,no,telephone,5,1,unknown,0
35,blue-collar,single,secondary,no,5295,yes,yes,cellular,5,2,unknown,0
57,technician,married,tertiary,no,122,no,no,cellular,2,2,unknown,0
34,management,married,tertiary,no,-3134,yes,no,unknown,2,0,unknown,0
47,technician,married,secondary,no,3663,yes,no,unknown,7,2,unknown,0
52,services,married,secondary,no,-3050,yes,no,cellular,4,2,unknown,0
29,technician,single,secondary,no,-278,yes,no,cellular,2,1,unknown,0
51,management,married,secondary,no,2078,no,no,cellular,4,2,unknown,1
29,management,single,tertiary,no,1263,yes,no,unknown,3,2,unknown,0
35,management,single,tertiary,no,806,no,no,cellular,2,2,unknown,0
35,management,married,tertiary,no,7427,yes,no,unknown,3,0,unknown,0
51,management,married,tertiary,no,-366,yes,no,cellular,2,2,unknown,0
32,services,married,secondary,no,-2279,yes,no,cellular,3,1,unknown,0
27,management,single,secondary,no,2431,yes,yes,unknown,4,1,unknown,0
35,housemaid,divorced,primary,no,-2729,no,no,cellular,1,2,unknown,1
27,management,married,tertiary,no,9491,yes,no,cellular,6,1,unknown,0
28,blue-collar,married,secondary,yes,-1302,yes,no,cellular,5,1,unknown,0
41,blue-collar,married,secondary,no,1758,no,no,unknown,3,1,unknown,0
40,technician,married,secondary,no,3769,yes,no,unknown,3,2,unknown,0
37,technician,married,primary,no,791,yes,no,cellular,3,2,unknown,0
54,management,divorced,tertiary,no,-2344,yes,yes,cellular,3,2,success,0
44,blue-collar,divorced,unknown,no,14,yes,no,unknown,2,1,unknown,0
34,technician,single,tertiary,no,3747,yes,no,cellular,3,2,unknown,0
31,services,married,secondary,no,-2132,yes,no,unknown,6,0,unknown,0
47,blue-collar,divorced,primary,no,2741,yes,no,cellular,1,0,unknown,1
39,blue-collar,divorced,primary,no,-782,yes,no,cellular,5,1,unknown,0
36,admin.,single,secondary,no,-2794,yes,yes,cellular,6,2,unknown,0
46,self-employed,married,tertiary,no,7986,no,yes,cellular,3,1,unknown,0
56,unemployed,married,secondary,no,-2825,yes,no,cellular,6,1,unknown,0
35,blue-collar,married,secondary,no,1912,yes,no,unknown,5,0,unknown,0
46,blue-collar,divorced,primary,no,778,yes,no,cellular,1,2,unknown,0
39,housemaid,divorced,primary,no,1664,no,yes,unknown,1,0,unknown,0
43,entrepreneur,married,secondary,no,-1555,yes,no,cellular,9,1,unknown,0
48,management,married,tertiary,no,-3101,yes,no,cellular,5,1,other,0
27,management,single,tertiary,no,-3299,yes,no,unknown,5,1,unknown,0
43,management,divorced,tertiary,no,-2983,no,no,cellular,5,0,unknown,0
28,student,married,secondary,no,7819,yes,no,cellular,6,2,failure,0
34,blue-collar,married,primary,no,-1170,yes,no,unknown,4,2,unknown,0
38,technician,married,secondary,no,739,yes,no,unknown,3,1,unknown,0
42,blue-collar,married,secondary,no,3123,yes,no,cellular,6,2,unknown,0
42,technician,married,unknown,no,3787,yes,no,unknown,4,1,unknown,0
47,blue-collar,married,secondary,no,2088,yes,no,cellular,1,1,unknown,0
48,management,single,tertiary,no,2160,yes,no,unknown,14,1,unknown,0
55,technician,married,tertiary,no,-1255,no,no,cellular,5,2,unknown,0
36,technician,single,secondary,no,3386,yes,yes,unknown,5,0,unknown,0
41,management,married,tertiary,no,2801,yes,no,cellular,14,1,unknown,0
32,housemaid,married,tertiary,no,-1869,yes,no,cellular,3,2,unknown,0
37,management,divorced,tertiary,no,18262,yes,no,cellular,5,2,unknown,0
47,management,single,tertiary,no,3096,yes,no,unknown,2,1,unknown,1
39,blue-collar,married,secondary,no,2818,yes,no,cellular,4,2,unknown,1
44,management,divorced,tertiary,no,2265,yes,no,cellular,5,2,unknown,0
31,technician,single,secondary,no,3643,yes,no,cellular,3,1,unknown,0
43,blue-collar,married,secondary,no,2523,no,no,cellular,5,1,failure,0
37,technician,married,secondary,no,2696,no,yes,cellular,3,2,unknown,0
58,management,married,tertiary,no,-16,yes,no,unknown,6,2,unknown,0
58,management,married,tertiary,no,168,no,no,cellular,2,0,unknown,0
33,blue-collar,single,secondary,no,4114,yes,no,cellular,5,2,unknown,0
59,services,married,secondary,no,2419,yes,no,cellular,5,2,unknown,0
28,admin.,married,tertiary,no,8782,no,no,cellular,6,2,unknown,0
58,retired,married,primary,no,840,no,no,unknown,5,1,unknown,0
38,management,married,tertiary,no,1732,yes,no,unknown,30,1,unknown,0
41,technician,divorced,secondary,no,-701,yes,no,cellular,4,1,unknown,0
49,admin.,married,secondary,no,687,no,no,cellular,6,1,unknown,0
59,retired,married,primary,no,-203,yes,no,unknown,8,0,unknown,0
39,self-employed,married,secondary,no,-2803,no,no,cellular,2,0,unknown,0
75,retired,divorced,tertiary,no,789,yes,no,unknown,5,2,unknown,0
37,blue-collar,married,primary,no,3809,no,yes,telephone,2,2,failure,0
39,technician,married,tertiary,no,11555,yes,yes,unknown,3,1,unknown,0
26,blue-collar,married,secondary,no,-1955,yes,no,unknown,2,2,unknown,0
42,management,married,secondary,no,1165,no,no,cellular,3,1,unknown,0
46,management,divorced,tertiary,no,16177,no,no,cellular,10,2,unknown,0
35,blue-collar,divorced,secondary,no,3414,yes,no,unknown,6,1,unknown,0
58,management,married,tertiary,no,3441,no,no,cellular,5,2,unknown,0
49,unemployed,married,secondary,no,3425,no,no,cellular,2,2,unknown,0
36,entrepreneur,married,tertiary,no,-798,no,no,cellular,1,0,unknown,0
40,management,single,secondary,no,-905,yes,no,cellular,3,2,unknown,0
34,management,single,tertiary,no,2788,yes,no,unknown,6,2,unknown,0
27,student,married,tertiary,no,2719,no,no,unknown,4,0,unknown,0
26,admin.,single,secondary,no,-772,yes,no,unknown,2,2,unknown,0
43,technician,married,tertiary,no,2732,yes,no,unknown,2,2,unknown,0
26,technician,single,secondary,no,-430,yes,yes,unknown,4,0,unknown,0
36,technician,single,tertiary,no,-1076,yes,no,cellular,3,2,unknown,0
28,services,single,secondary,no,3191,yes,no,cellular,4,7,failure,0
55,retired,married,primary,no,-1447,no,no,cellular,5,2,unknown,1
50,technician,married,secondary,no,1466,no,no,cellular,2,0,other,0
51,services,married,secondary,no,712,no,no,telephone,4,5,failure,0
31,admin.,single,secondary,no,2840,yes,no,cellular,2,1,unknown,0
44,management,married,unknown,no,-855,yes,no,cellular,2,0,unknown,0
43,admin.,married,secondary,no,-751,yes,no,cellular,11,2,unknown,0
37,admin.,married,secondary,no,3619,yes,no,unknown,6,0,unknown,0
58,technician,married,primary,no,2542,no,no,cellular,5,2,unknown,0
48,technician,married,secondary,no,-2783,yes,no,unknown,5,1,unknown,0
45,technician,married,tertiary,no,1139,no,no,unknown,6,1,unknown,0
37,entrepreneur,married,tertiary,no,2404,yes,no,cellular,1,1,other,0
36,technician,married,secondary,no,3636,yes,yes,unknown,3,2,unknown,1
29,technician,single,secondary,no,477,yes,yes,unknown,5,1,unknown,0
56,technician,married,secondary,no,9092,no,yes,cellular,5,2,unknown,0
35,blue-collar,married,secondary,no,2893,yes,no,unknown,7,2,unknown,0
26,admin.,single,secondary,no,560,no,no,cellular,1,1,unknown,0
50,management,married,primary,no,3596,yes,no,cellular,1,2,failure,0
64,housemaid,married,secondary,no,-838,yes,no,cellular,6,5,other,0
40,admin.,single,secondary,no,9498,no,no,cellular,3,2,unknown,0
37,technician,divorced,secondary,no,1195,yes,no,unknown,2,0,unknown,0
52,unemployed,married,secondary,no,-2239,no,no,cellular,4,1,unknown,0
66,retired,married,primary,no,-683,no,no,cellular,4,1,success,1
41,technician,married,secondary,no,121,yes,no,unknown,4,0,unknown,1
34,technician,divorced,secondary,no,-64,no,yes,telephone,2,0,unknown,0
45,technician,married,secondary,no,524,yes,yes,unknown,2,1,unknown,0
61,retired,married,secondary,no,8036,no,no,cellular,10,1,unknown,0
57,retired,married,secondary,no,1839,no,yes,cellular,3,1,unknown,0
58,entrepreneur,married,tertiary,no,502,yes,no,cellular,5,1,unknown,0
27,services,married,secondary,no,-2432,yes,no,unknown,5,0,unknown,0
39,admin.,single,secondary,no,1766,no,no,cellular,9,0,unknown,0
28,blue-collar,single,primary,no,3698,no,no,unknown,4,2,unknown,0
43,blue-collar,married,primary,no,-176,no,no,cellular,1,2,unknown,1
59,admin.,married,primary,no,982,no,yes,unknown,3,1,unknown,0
25,student,married,secondary,no,4124,yes,no,unknown,4,0,unknown,0
59,technician,married,secondary,no,1078,yes,no,cellular,6,2,unknown,0
34,technician,single,secondary,no,8707,yes,no,cellular,3,12,failure,0
32,services,single,secondary,no,-2764,yes,no,cellular,4,0,unknown,0
49,management,divorced,primary,no,921,no,yes,cellular,4,0,unknown,0
33,technician,married,secondary,no,-852,no,no,cellular,3,0,unknown,0
31,management,single,primary,no,-1711,no,no,telephone,3,2,unknown,0
41,blue-collar,married,secondary,no,-2722,yes,no,cellular,2,1,unknown,0
51,unknown,married,primary,no,2697,no,no,cellular,4,1,unknown,0
24,services,single,secondary,no,2936,no,no,cellular,5,1,unknown,0
37,entrepreneur,married,secondary,no,-1862,yes,yes,cellular,3,2,failure,0
34,management,married,tertiary,no,-1150,yes,yes,unknown,2,1,unknown,0
26,technician,married,tertiary,no,1579,yes,no,cellular,4,1,unknown,0
51,blue-collar,divorced,secondary,no,-365,yes,no,cellular,2,1,failure,0
32,management,single,tertiary,no,665,yes,no,cellular,24,1,unknown,0
39,management,married,tertiary,no,-195,yes,no,unknown,6,2,unknown,0
55,retired,married,tertiary,no,-2126,no,yes,telephone,1,1,unknown,0
82,retired,married,secondary,no,15084,no,no,cellular,5,1,unknown,0
52,management,married,tertiary,no,-113,yes,no,unknown,2,2,unknown,0
31,blue-collar,single,secondary,no,2277,no,no,cellular,6,5,other,0
34,blue-collar,single,secondary,no,1318,yes,yes,cellular,6,1,unknown,0
35,blue-collar,married,primary,no,1587,yes,no,unknown,5,2,unknown,0
41,blue-collar,married,secondary,no,2832,yes,no,cellular,4,4,failure,1
71,blue-collar,married,secondary,no,-2487,no,no,cellular,4,1,unknown,0
48,entrepreneur,married,secondary,no,-1061,yes,no,unknown,6,2,unknown,0
62,retired,married,secondary,no,2154,no,yes,cellular,4,1,unknown,0
36,management,married,tertiary,no,-1318,yes,no,cellular,12,1,unknown,1
56,self-employed,married,tertiary,no,9633,no,no,cellular,5,1,failure,0
27,blue-collar,single,primary,no,2439,yes,no,cellular,5,2,failure,0
40,management,married,tertiary,no,-3254,no,no,cellular,2,0,unknown,0
38,technician,married,secondary,no,3390,yes,no,cellular,3,5,success,0
46,management,married,tertiary,no,-2490,no,yes,cellular,4,1,unknown,0
47,blue-collar,married,primary,no,-2491,yes,yes,telephone,4,1,unknown,0
36,services,married,secondary,no,-2297,no,yes,cellular,12,2,unknown,0
30,admin.,single,secondary,no,3221,yes,yes,cellular,8,2,other,1
36,management,single,tertiary,no,2577,yes,yes,cellular,4,2,unknown,0
23,blue-collar,single,secondary,no,2741,yes,yes,unknown,2,2,unknown,0
30,technician,single,secondary,no,2155,no,no,cellular,2,0,unknown,1
35,admin.,single,secondary,no,3784,yes,no,cellular,6,2,unknown,0
30,management,single,tertiary,no,-132,yes,no,unknown,4,0,unknown,0
34,entrepreneur,married,tertiary,no,1281,no,no,cellular,1,2,unknown,0
36,admin.,divorced,secondary,no,-632,yes,no,cellular,2,0,unknown,0
49,admin.,single,secondary,no,683,yes,yes,cellular,3,1,unknown,0
45,blue-collar,married,secondary,no,636,no,no,unknown,2,2,unknown,0
63,unemployed,married,secondary,no,388,yes,no,unknown,5,2,unknown,0
37,admin.,single,primary,no,-1287,no,no,cellular,3,1,unknown,0
37,management,single,tertiary,no,2062,yes,no,cellular,4,2,unknown,0
52,unemployed,married,primary,no,400,yes,yes,cellular,4,1,unknown,0
51,blue-collar,married,primary,no,-2286,yes,no,unknown,1,1,unknown,0
34,unemployed,married,tertiary,no,-126,no,no,unknown,5,1,unknown,1
43,blue-collar,married,secondary,no,-1826,yes,no,unknown,2,2,unknown,0
29,blue-collar,single,secondary,no,3914,yes,no,cellular,3,2,unknown,1
28,blue-collar,single,secondary,no,-2799,yes,no,cellular,2,1,unknown,0
43,management,married,secondary,no,2702,yes,no,telephone,5,2,unknown,0
37,technician,divorced,secondary,no,3911,no,no,cellular,19,0,unknown,0
41,management,married,tertiary,no,-1244,no,no,cellular,3,2,unknown,0
34,technician,married,secondary,no,1862,yes,no,unknown,3,0,unknown,0
42,technician,married,tertiary,no,569,yes,no,cellular,6,0,unknown,0
50,management,married,tertiary,no,4054,no,no,unknown,4,0,unknown,0
38,technician,married,secondary,no,812,no,no,cellular,9,1,unknown,0
36,management,married,tertiary,no,7291,yes,yes,cellular,5,1,unknown,0
36,blue-collar,single,secondary,no,344,yes,no,cellular,2,0,unknown,0
41,unemployed,married,secondary,no,-623,no,no,cellular,3,2,unknown,0
30,admin.,single,secondary,no,-1783,no,yes,unknown,3,2,unknown,0
51,entrepreneur,married,tertiary,no,-2012,yes,no,cellular,4,1,unknown,0
43,management,married,tertiary,no,-1251,no,yes,cellular,3,2,failure,0
52,services,divorced,secondary,no,3628,yes,no,cellular,2,0,unknown,0
33,admin.,married,secondary,no,703,no,no,cellular,4,1,unknown,0
37,blue-collar,married,secondary,no,2050,yes,no,cellular,3,0,unknown,0
69,technician,married,secondary,no,-2111,yes,no,unknown,5,2,unknown,0
39,management,married,tertiary,no,-1544,yes,no,unknown,1,2,unknown,0
30,entrepreneur,single,secondary,no,-570,yes,no,cellular,4,1,unknown,0
47,blue-collar,single,secondary,no,-2438,no,no,cellular,5,2,unknown,1
78,retired,married,primary,no,2571,no,no,cellular,4,1,unknown,0
41,blue-collar,married,secondary,yes,2009,yes,no,cellular,5,0,unknown,0
41,blue-collar,married,secondary,no,-113,yes,yes,unknown,5,0,unknown,0
43,blue-collar,married,secondary,no,1947,yes,no,cellular,3,2,unknown,0
46,technician,married,tertiary,no,3237,no,no,cellular,3,1,unknown,0
39,technician,married,secondary,no,-3044,yes,no,cellular,4,2,success,1
32,technician,divorced,secondary,no,-1789,yes,yes,unknown,2,1,unknown,0
54,management,married,secondary,no,5895,yes,no,unknown,2,2,unknown,0
55,housemaid,divorced,primary,no,8515,no,no,cellular,10,0,unknown,0
29,blue-collar,married,primary,no,-1411,no,no,cellular,1,2,unknown,0
40,self-employed,divorced,tertiary,no,4891,yes,no,cellular,5,1,unknown,0
45,retired,married,secondary,no,4131,no,no,cellular,5,0,unknown,1
37,technician,divorced,secondary,no,-3049,yes,no,unknown,3,2,unknown,0
21,student,single,tertiary,no,1758,no,no,cellular,5,2,unknown,0
46,management,married,tertiary,no,-2597,yes,yes,cellular,1,2,unknown,0
36,admin.,married,tertiary,no,4017,yes,no,cellular,6,2,unknown,0
25,student,single,unknown,no,3917,no,no,cellular,2,2,failure,0
56,technician,married,secondary,no,-504,no,no,cellular,2,2,unknown,0
54,management,married,tertiary,no,1591,no,no,telephone,11,0,unknown,0
53,unemployed,married,primary,no,3257,yes,no,cellular,4,1,unknown,0
35,entrepreneur,married,secondary,no,653,yes,no,cellular,5,0,unknown,0
53,management,divorced,tertiary,no,-2680,yes,no,unknown,4,2,unknown,0
29,technician,single,secondary,no,-1647,no,yes,cellular,3,1,unknown,0
46,self-employed,married,tertiary,no,-286,yes,yes,cellular,4,5,other,0
37,technician,divorced,secondary,no,-372,yes,no,telephone,6,1,unknown,0
37,management,divorced,tertiary,no,2066,no,no,cellular,9,2,unknown,0
38,blue-collar,single,primary,no,-266,yes,no,telephone,2,2,unknown,0
48,management,married,unknown,no,4284,yes,no,cellular,2,2,unknown,0
54,management,married,tertiary,no,-79,yes,no,cellular,3,2,unknown,0
31,technician,single,tertiary,no,424,no,no,cellular,2,0,unknown,1
53,services,single,secondary,no,4024,yes,no,cellular,5,2,other,0
54,management,married,tertiary,no,-2987,no,no,cellular,5,2,unknown,0
43,entrepreneur,single,secondary,no,1917,yes,yes,cellular,1,1,unknown,0
54,unemployed,divorced,tertiary,no,4094,no,no,cellular,4,1,unknown,1
45,technician,divorced,secondary,no,-2554,yes,no,cellular,9,1,unknown,0
30,services,single,secondary,no,-3312,no,no,unknown,8,2,unknown,1
37,blue-collar,married,secondary,no,1354,no,no,cellular,2,1,failure,0
45,technician,divorced,secondary,no,2765,no,no,cellular,2,3,failure,0
33,blue-collar,married,primary,no,1109,no,no,cellular,1,2,unknown,0
38,services,married,unknown,no,-122,yes,no,cellular,3,1,unknown,0
41,self-employed,married,tertiary,no,-1651,yes,no,cellular,2,2,other,1
54,retired,married,primary,no,3069,no,no,cellular,4,2,failure,1
50,blue-collar,married,secondary,no,-308,yes,no,unknown,5,0,unknown,0
48,retired,divorced,unknown,no,9949,no,no,unknown,1,1,unknown,0
28,blue-collar,single,secondary,no,-990,yes,no,cellular,3,2,unknown,0
34,unemployed,married,secondary,no,1555,no,yes,cellular,3,2,unknown,0
42,self-employed,divorced,secondary,no,-426,no,yes,cellular,5,1,unknown,0
45,management,married,tertiary,no,15284,no,no,unknown,3,0,unknown,0
44,admin.,divorced,tertiary,no,1298,yes,no,cellular,4,2,unknown,0
52,management,married,tertiary,no,4130,no,no,cellular,4,4,success,1
42,blue-collar,married,secondary,no,3557,no,no,cellular,5,0,unknown,0
33,entrepreneur,divorced,secondary,no,-1379,yes,no,cellular,4,0,unknown,0
40,services,single,secondary,no,-1091,yes,yes,unknown,4,2,unknown,0
36,admin.,married,secondary,no,1310,yes,no,unknown,5,2,unknown,0
30,services,single,primary,no,1739,yes,no,telephone,5,2,unknown,0
35,management,married,tertiary,no,-3089,yes,no,unknown,2,1,unknown,0
41,blue-collar,single,secondary,no,848,yes,no,unknown,4,1,unknown,0
38,technician,single,secondary,no,7987,yes,no,cellular,4,2,unknown,0
35,blue-collar,married,primary,no,1490,yes,no,unknown,9,2,unknown,0
80,retired,married,primary,no,1547,no,no,cellular,3,2,unknown,0
42,blue-collar,married,secondary,no,-1160,yes,no,cellular,14,1,unknown,0
54,management,married,tertiary,no,3094,yes,no,unknown,4,4,other,1
46,blue-collar,divorced,primary,no,-3219,yes,no,cellular,5,2,unknown,0
26,management,married,tertiary,no,-1818,no,no,cellular,2,1,unknown,1
47,retired,single,tertiary,no,-414,no,yes,cellular,9,2,unknown,0
45,blue-collar,divorced,unknown,no,-2354,yes,yes,cellular,2,0,unknown,0
65,retired,married,secondary,no,651,no,no,cellular,4,2,unknown,0
82,retired,married,tertiary,no,2311,no,no,cellular,1,1,unknown,0
39,admin.,single,secondary,yes,-1115,no,no,unknown,1,1,unknown,0
38,blue-collar,married,primary,no,-1909,yes,no,unknown,8,1,unknown,0
26,management,single,tertiary,no,11481,yes,no,cellular,6,1,unknown,0
45,blue-collar,married,secondary,no,1601,no,yes,cellular,2,2,unknown,0
60,blue-collar,married,primary,no,-479,yes,no,cellular,1,1,unknown,0
78,management,married,tertiary,no,-2758,yes,no,unknown,4,2,unknown,0
46,technician,married,secondary,no,1623,yes,no,cellular,4,1,unknown,0
41,management,divorced,tertiary,no,4093,yes,no,cellular,3,4,failure,1
44,technician,married,secondary,no,360,yes,yes,cellular,3,2,unknown,0
33,blue-collar,married,secondary,no,3876,yes,no,cellular,2,6,other,0
27,management,married,tertiary,no,11811,yes,yes,cellular,6,0,success,1
27,services,married,secondary,no,-1802,yes,no,cellular,2,1,unknown,0
33,technician,married,secondary,no,4594,yes,no,telephone,2,1,unknown,0
34,unknown,married,unknown,no,-3172,no,no,unknown,4,0,unknown,0
58,retired,divorced,secondary,no,2162,no,no,telephone,2,1,unknown,0
40,management,married,tertiary,no,3441,no,no,unknown,5,1,unknown,0
33,unemployed,single,secondary,no,301,yes,no,unknown,6,2,unknown,0
34,management,married,tertiary,no,-2408,no,no,unknown,2,1,unknown,0
37,management,married,tertiary,no,5241,no,no,cellular,3,2,unknown,0
29,services,single,secondary,no,-1009,yes,yes,cellular,6,1,failure,0
44,management,single,secondary,no,1824,no,no,cellular,4,2,unknown,0
33,unemployed,married,primary,no,-190,no,no,cellular,3,4,other,0
59,management,married,tertiary,no,-2875,no,no,cellular,1,2,failure,0
34,retired,married,primary,no,2885,no,no,cellular,5,2,unknown,0
41,management,married,tertiary,no,-354,yes,no,unknown,3,1,unknown,1
59,management,married,tertiary,no,953,no,no,unknown,3,2,unknown,0
53,retired,married,secondary,no,-426,no,no,unknown,2,1,unknown,0
52,technician,married,secondary,no,-1749,yes,no,cellular,8,2,unknown,0
34,blue-collar,married,secondary,no,9611,yes,no,cellular,3,0,unknown,0
26,self-employed,married,secondary,no,988,yes,yes,unknown,6,1,unknown,0
48,services,married,secondary,no,-2184,yes,no,unknown,3,2,unknown,0
36,management,single,tertiary,no,-499,yes,no,cellular,13,1,failure,0
25,services,single,secondary,no,1538,yes,no,cellular,4,2,unknown,0
52,blue-collar,married,secondary,no,-3142,yes,no,cellular,5,1,unknown,0
33,management,married,tertiary,no,-2701,no,no,cellular,3,0,unknown,0
24,student,single,secondary,no,3441,yes,no,cellular,5,1,failure,1
51,management,married,tertiary,no,2672,yes,no,unknown,4,0,unknown,0
41,technician,married,tertiary,no,-2049,yes,yes,cellular,4,1,unknown,0
39,self-employed,married,tertiary,no,3980,yes,no,cellular,3,1,unknown,0
43,management,married,tertiary,no,2191,no,yes,cellular,3,2,success,0
58,unknown,divorced,secondary,no,3031,no,no,cellular,2,1,unknown,0
27,admin.,married,tertiary,no,-3031,yes,no,cellular,3,1,unknown,0
37,technician,married,secondary,no,-3150,yes,yes,unknown,4,1,unknown,0
50,self-employed,married,tertiary,no,1829,yes,no,unknown,26,1,unknown,0
58,admin.,married,secondary,no,-1393,no,no,cellular,4,1,failure,0
41,blue-collar,married,primary,no,-3301,no,no,telephone,4,2,unknown,0
34,management,married,tertiary,no,2831,no,no,cellular,9,1,other,1
36,services,married,secondary,no,1559,no,yes,cellular,6,1,unknown,0
79,housemaid,married,secondary,no,1387,no,no,cellular,3,1,unknown,0
53,retired,married,secondary,no,-20,yes,no,cellular,2,1,unknown,0
35,student,married,secondary,no,3499,yes,no,telephone,3,0,unknown,0
35,technician,divorced,primary,no,530,no,no,cellular,2,1,unknown,0
26,management,single,tertiary,no,10366,yes,no,cellular,5,2,unknown,0
35,blue-collar,married,primary,no,2266,yes,no,cellular,6,1,unknown,1
34,blue-collar,married,primary,no,1987,yes,no,cellular,19,0,unknown,0
44,management,married,tertiary,no,-1297,no,no,telephone,3,1,unknown,0
64,retired,divorced,secondary,no,-2967,no,no,cellular,6,2,success,0
37,blue-collar,single,secondary,no,-2636,yes,no,unknown,1,1,unknown,0
52,housemaid,married,primary,no,-106,no,no,cellular,2,4,other,0
35,technician,married,secondary,no,2405,yes,no,cellular,6,2,unknown,0
35,blue-collar,married,primary,no,-2931,no,no,telephone,4,0,unknown,1
28,technician,single,tertiary,no,2650,no,yes,unknown,7,1,unknown,0
34,management,single,tertiary,no,7023,yes,no,cellular,1,1,unknown,0
36,services,married,primary,no,1686,no,no,telephone,3,2,failure,0
43,unknown,married,unknown,no,3671,no,yes,cellular,3,1,unknown,0
30,admin.,single,secondary,no,1246,no,no,cellular,6,0,unknown,0
69,retired,single,secondary,no,4089,no,no,cellular,3,0,unknown,1
33,services,married,secondary,no,2936,yes,no,unknown,4,1,unknown,0
53,housemaid,divorced,primary,no,834,yes,no,cellular,3,2,failure,0
26,management,single,tertiary,no,-3227,yes,no,cellular,5,1,other,0
53,management,married,secondary,no,1633,no,no,unknown,2,2,unknown,0
26,management,single,tertiary,no,1629,no,no,unknown,4,2,unknown,0
41,management,married,tertiary,no,-731,yes,no,cellular,3,2,unknown,0
32,admin.,married,secondary,no,443,no,no,cellular,4,2,unknown,0
29,management,married,primary,no,-1112,no,no,cellular,26,8,failure,0
60,services,married,secondary,no,3362,yes,no,unknown,1,1,unknown,0
44,self-employed,married,primary,no,-2584,yes,no,cellular,5,1,unknown,0
37,technician,married,secondary,no,1929,no,no,telephone,3,0,unknown,1
37,services,single,secondary,no,-1621,yes,no,unknown,5,2,unknown,0
55,technician,married,secondary,no,3118,yes,no,unknown,2,0,unknown,0
32,management,single,tertiary,no,-361,yes,no,unknown,4,1,unknown,0
26,services,single,secondary,no,-1255,yes,no,cellular,4,1,failure,0
28,unemployed,single,primary,no,-2093,yes,no,unknown,6,1,unknown,0
31,student,married,tertiary,no,743,yes,no,unknown,3,0,unknown,0
49,blue-collar,married,secondary,no,1985,yes,no,cellular,6,0,unknown,0
73,retired,divorced,unknown,no,-1362,no,yes,unknown,3,5,other,0
39,admin.,married,primary,no,1864,yes,yes,unknown,4,2,unknown,1
38,blue-collar,married,secondary,yes,4056,no,no,cellular,5,1,success,1
40,blue-collar,married,secondary,no,-169,yes,yes,cellular,5,0,unknown,0
36,blue-collar,married,secondary,no,928,yes,no,unknown,2,1,unknown,0
56,unemployed,married,primary,no,-3082,no,no,cellular,9,1,unknown,0
30,services,single,primary,no,1779,no,no,cellular,1,1,unknown,0
57,services,married,secondary,no,3130,yes,no,cellular,2,1,unknown,1
41,self-employed,divorced,tertiary,no,11486,yes,no,cellular,5,0,unknown,0
41,entrepreneur,married,tertiary,no,1844,yes,no,cellular,3,5,failure,0
83,retired,divorced,tertiary,no,3907,no,no,unknown,2,2,unknown,0
57,retired,married,primary,no,3781,no,no,cellular,4,0,unknown,0
34,admin.,divorced,secondary,no,3378,no,no,cellular,5,2,unknown,0
31,admin.,married,secondary,no,-1557,no,no,cellular,5,0,unknown,0
46,blue-collar,married,secondary,no,1810,no,no,cellular,4,5,other,0
31,management,married,tertiary,no,5449,yes,no,cellular,2,2,unknown,0
40,blue-collar,married,secondary,no,639,no,yes,unknown,2,0,unknown,0
31,technician,married,secondary,no,3418,no,no,cellular,5,0,success,0
28,unemployed,single,tertiary,no,9285,no,no,cellular,4,1,unknown,0
31,management,single,tertiary,no,-2955,yes,no,cellular,4,0,unknown,0
43,self-employed,married,secondary,no,-1074,yes,no,unknown,5,0,unknown,0
45,management,married,tertiary,no,1931,no,no,cellular,2,2,unknown,0
39,admin.,single,secondary,no,-2000,yes,no,unknown,1,2,unknown,0
44,blue-collar,divorced,secondary,no,-564,yes,no,cellular,2,0,unknown,0
52,management,married,unknown,no,-519,no,no,unknown,3,2,unknown,0
45,technician,married,secondary,no,1795,no,no,telephone,1,1,unknown,0
41,technician,married,secondary,no,17141,yes,no,cellular,6,2,unknown,0
33,blue-collar,single,primary,no,1669,yes,no,cellular,1,2,unknown,0
34,management,single,primary,yes,905,yes,no,unknown,4,0,unknown,1
35,technician,married,unknown,no,3889,yes,no,cellular,5,0,unknown,0
54,self-employed,married,tertiary,no,-1189,yes,no,cellular,5,6,other,1
29,admin.,single,secondary,no,2144,yes,no,cellular,6,0,unknown,0
47,technician,married,secondary,no,-115,yes,no,telephone,3,2,failure,0
31,services,married,secondary,no,-2934,yes,no,unknown,6,0,unknown,0
38,admin.,married,secondary,no,2905,yes,no,cellular,9,1,unknown,1
30,admin.,single,secondary,no,-1026,yes,no,unknown,12,2,unknown,0
49,management,divorced,tertiary,no,1620,no,no,cellular,5,1,unknown,1
48,services,married,secondary,no,3798,no,yes,cellular,4,1,unknown,0
66,technician,married,tertiary,no,3530,no,no,cellular,4,2,unknown,1
44,blue-collar,single,primary,no,-2883,yes,yes,cellular,2,1,unknown,0
39,blue-collar,married,secondary,no,418,yes,no,cellular,5,2,unknown,0
58,entrepreneur,married,tertiary,no,-1671,yes,yes,unknown,4,2,unknown,0
63,retired,divorced,unknown,no,11442,no,yes,cellular,3,2,unknown,0
31,admin.,married,primary,no,2508,yes,yes,unknown,4,1,unknown,0
27,management,married,tertiary,no,3591,yes,no,cellular,6,0,success,1
38,self-employed,single,secondary,no,2706,yes,no,unknown,14,1,unknown,0
30,services,married,secondary,yes,-1082,yes,no,cellular,2,2,failure,0
30,management,married,tertiary,no,-2856,yes,no,cellular,5,2,unknown,0
39,management,married,tertiary,no,-3266,no,no,cellular,4,1,unknown,0
41,self-employed,married,tertiary,no,530,no,yes,cellular,6,1,unknown,0
49,blue-collar,married,secondary,no,4058,yes,no,cellular,5,1,unknown,0
30,technician,divorced,tertiary,no,2781,no,no,cellular,5,4,success,1
48,management,married,tertiary,no,2074,no,no,cellular,5,1,failure,0
28,management,single,tertiary,no,1461,yes,yes,unknown,2,0,unknown,1
44,blue-collar,married,primary,no,1189,yes,yes,telephone,4,0,unknown,0
44,technician,married,secondary,no,-416,no,yes,cellular,10,0,unknown,0
49,services,married,secondary,no,-2394,yes,no,cellular,5,8,other,0
52,admin.,married,secondary,no,-2154,yes,no,cellular,10,1,unknown,1
51,management,single,primary,no,9486,no,no,unknown,4,0,unknown,0
30,management,single,tertiary,no,-1948,yes,yes,cellular,5,1,unknown,0
31,student,single,secondary,yes,2564,no,no,unknown,2,2,unknown,0
40,blue-collar,single,secondary,no,-975,yes,no,cellular,2,1,unknown,0
35,admin.,married,secondary,no,-670,yes,no,cellular,3,1,unknown,0
33,admin.,single,secondary,no,-719,no,no,cellular,6,1,unknown,0
49,technician,married,secondary,no,3742,yes,no,cellular,4,1,failure,1
57,self-employed,married,secondary,no,1649,no,yes,cellular,2,6,failure,0
59,services,married,secondary,no,-2281,yes,no,unknown,1,2,unknown,0
26,management,married,unknown,no,-273,yes,no,cellular,1,2,unknown,0
26,management,single,tertiary,no,704,no,no,cellular,5,0,unknown,0
29,services,divorced,tertiary,no,-1655,yes,no,unknown,6,1,unknown,0
45,management,divorced,secondary,no,3402,yes,no,unknown,2,1,unknown,0
36,services,married,primary,no,23092,no,no,unknown,5,2,unknown,0
47,management,married,secondary,no,17640,yes,yes,cellular,2,2,success,0
37,technician,single,secondary,no,154,yes,no,unknown,1,2,unknown,0
45,unemployed,divorced,secondary,no,-1708,yes,no,unknown,3,0,unknown,0
49,blue-collar,married,secondary,no,2838,yes,no,cellular,2,2,unknown,0
41,entrepreneur,single,tertiary,no,2081,yes,no,cellular,5,2,other,0
42,technician,married,secondary,no,1639,yes,no,telephone,4,2,failure,1
56,admin.,married,secondary,no,-1219,yes,no,cellular,3,2,unknown,0
82,retired,married,unknown,no,-2111,yes,yes,cellular,5,2,unknown,1
31,blue-collar,single,secondary,no,-383,yes,no,unknown,8,1,unknown,0
57,retired,divorced,secondary,no,1116,no,no,cellular,6,0,unknown,0
22,admin.,single,unknown,no,9180,yes,no,cellular,4,1,unknown,0
26,blue-collar,single,primary,no,6327,no,yes,telephone,2,2,unknown,0
35,management,married,secondary,no,2361,yes,no,unknown,2,1,unknown,0
48,management,married,tertiary,no,-2709,no,no,cellular,4,1,unknown,0
39,management,married,tertiary,no,1133,yes,no,cellular,1,0,unknown,0
43,entrepreneur,married,tertiary,no,1924,no,no,cellular,2,2,unknown,0
35,management,married,secondary,no,9236,no,no,telephone,4,1,unknown,0
49,technician,married,tertiary,no,11443,no,yes,unknown,4,2,unknown,0
27,blue-collar,single,secondary,no,3944,no,no,cellular,5,2,failure,0
34,management,married,tertiary,no,-911,yes,no,cellular,4,3,success,1
41,admin.,married,secondary,no,6396,yes,no,cellular,5,1,unknown,0
29,blue-collar,married,secondary,no,10702,no,no,cellular,3,0,unknown,1
45,technician,single,tertiary,no,-742,no,no,cellular,3,1,unknown,0
38,blue-collar,married,secondary,no,-1067,yes,no,unknown,3,2,unknown,0
45,services,married,secondary,no,-1790,no,yes,cellular,4,1,unknown,1
49,management,married,tertiary,no,-2274,yes,yes,cellular,4,1,unknown,0
46,blue-collar,married,secondary,no,-2594,yes,no,cellular,5,1,unknown,0
33,entrepreneur,single,tertiary,no,-1395,yes,no,unknown,5,1,unknown,1
34,blue-collar,married,secondary,no,3700,yes,yes,cellular,1,8,success,1
35,services,married,secondary,no,3361,no,no,cellular,5,2,failure,1
46,management,married,tertiary,no,2547,no,no,unknown,6,1,unknown,0
45,blue-collar,married,secondary,no,3135,no,no,cellular,1,2,unknown,0
57,blue-collar,married,secondary,no,-2109,yes,yes,unknown,6,2,unknown,0
35,blue-collar,divorced,secondary,no,-1601,no,no,unknown,5,1,unknown,1
34,management,married,tertiary,no,-1731,yes,no,cellular,3,2,failure,0
33,blue-collar,married,primary,no,1106,yes,no,unknown,3,2,unknown,0
37,technician,married,tertiary,no,1280,no,yes,cellular,3,0,unknown,1
26,management,divorced,tertiary,no,1243,no,no,cellular,2,1,unknown,0
33,technician,single,secondary,no,508,yes,no,unknown,4,1,unknown,1
54,management,married,secondary,no,16784,yes,no,cellular,2,0,unknown,0
40,blue-collar,married,secondary,no,-477,no,yes,cellular,17,5,failure,1
31,services,single,secondary,no,987,yes,no,cellular,1,2,unknown,1
46,services,married,secondary,no,6042,no,no,cellular,11,1,unknown,1
45,admin.,married,tertiary,yes,2921,yes,yes,unknown,6,1,failure,0
43,blue-collar,divorced,secondary,no,-2726,yes,no,cellular,6,0,unknown,0
34,management,married,tertiary,no,1832,yes,no,unknown,2,2,unknown,0
26,services,married,tertiary,no,4086,yes,no,cellular,4,2,other,1
35,technician,divorced,tertiary,no,-2507,yes,no,unknown,2,2,unknown,0
55,technician,married,tertiary,no,-894,no,no,cellular,4,2,unknown,0
49,management,divorced,tertiary,no,64,yes,no,unknown,2,2,unknown,0
45,unemployed,married,secondary,no,400,yes,no,unknown,5,2,unknown,0
44,services,married,secondary,no,10736,no,no,cellular,5,1,unknown,0
40,services,divorced,secondary,no,-1037,yes,no,unknown,5,1,unknown,0
31,admin.,married,secondary,no,-2354,yes,no,unknown,3,2,unknown,0
29,blue-collar,single,secondary,no,976,yes,no,cellular,3,0,unknown,0
39,management,married,tertiary,no,1823,no,no,cellular,1,2,unknown,0
27,management,single,unknown,no,3096,yes,no,unknown,3,1,unknown,0
39,blue-collar,married,primary,no,-493,no,no,cellular,6,2,unknown,0
35,admin.,divorced,secondary,no,-478,yes,no,unknown,6,1,unknown,0
33,blue-collar,single,secondary,no,2315,no,no,cellular,2,0,unknown,0
41,blue-collar,single,secondary,no,1628,yes,no,cellular,3,0,unknown,0
32,management,married,tertiary,no,-2864,yes,no,cellular,5,2,unknown,0
47,blue-collar,married,secondary,no,-1708,yes,no,cellular,1,4,failure,0
42,admin.,married,secondary,no,5045,yes,no,unknown,13,2,unknown,0
26,management,single,tertiary,no,-905,no,no,cellular,21,2,unknown,0
37,admin.,married,secondary,no,1823,yes,no,cellular,3,1,unknown,0
48,management,married,secondary,no,3028,yes,no,cellular,4,1,unknown,0
45,management,single,tertiary,no,-1303,no,no,cellular,5,1,unknown,1
28,unemployed,single,secondary,no,3801,yes,no,cellular,6,9,failure,0
58,retired,married,tertiary,no,-1582,no,yes,cellular,5,9,other,0
28,technician,single,secondary,no,4103,no,no,cellular,3,2,unknown,0
37,technician,married,tertiary,no,726,yes,no,cellular,6,4,failure,0
34,technician,married,secondary,no,1999,yes,no,cellular,10,2,unknown,0
55,blue-collar,married,primary,no,-1792,yes,no,telephone,3,6,failure,0
47,blue-collar,married,primary,no,-2627,yes,no,cellular,9,1,unknown,0
56,technician,married,tertiary,no,1450,yes,no,cellular,1,2,unknown,0
52,housemaid,married,secondary,no,527,no,no,cellular,6,0,unknown,0
44,management,married,tertiary,no,-2749,yes,no,unknown,1,2,unknown,0
34,entrepreneur,married,tertiary,no,-1655,yes,no,cellular,2,2,unknown,0
59,housemaid,married,primary,no,3682,no,no,cellular,5,2,failure,0
44,blue-collar,married,secondary,no,5091,yes,no,cellular,2,1,unknown,0
29,management,married,tertiary,no,3250,no,no,unknown,1,1,unknown,0
47,admin.,married,unknown,no,-2858,no,no,unknown,4,0,unknown,0
45,technician,divorced,secondary,no,14106,no,no,cellular,5,1,failure,0
28,blue-collar,single,primary,no,-3067,yes,no,telephone,3,1,unknown,0
45,entrepreneur,married,primary,no,1554,no,yes,cellular,2,1,unknown,0
57,retired,married,tertiary,no,3068,no,no,cellular,2,1,unknown,0
56,admin.,married,secondary,no,-869,no,no,telephone,4,1,other,0
55,admin.,married,secondary,no,-2442,yes,no,cellular,2,1,unknown,0
37,technician,single,tertiary,no,-119,no,no,cellular,5,1,unknown,0
36,management,divorced,tertiary,no,-865,yes,no,unknown,4,0,unknown,0
40,technician,married,unknown,no,3554,no,no,telephone,2,1,unknown,0
28,blue-collar,divorced,secondary,no,2101,yes,no,cellular,1,0,unknown,0
51,self-employed,married,tertiary,no,415,no,yes,cellular,5,6,failure,0
28,self-employed,married,secondary,no,9896,yes,no,cellular,11,0,unknown,0
46,admin.,married,secondary,no,1294,no,no,cellular,5,2,unknown,0
34,blue-collar,divorced,primary,no,2921,yes,no,unknown,3,2,unknown,0
48,management,married,primary,no,2992,no,no,cellular,2,5,failure,0
32,management,married,tertiary,no,-267,yes,no,cellular,6,2,unknown,0
27,blue-collar,married,primary,no,-155,no,no,telephone,3,1,unknown,0
45,technician,married,tertiary,no,829,no,no,telephone,5,2,failure,0
30,housemaid,single,tertiary,no,573,yes,yes,unknown,1,1,unknown,0
33,services,divorced,secondary,no,-2330,yes,yes,cellular,1,0,unknown,0
52,entrepreneur,divorced,tertiary,no,7550,no,no,cellular,3,8,other,0
36,technician,married,secondary,no,717,yes,no,unknown,6,0,unknown,0
32,unemployed,married,secondary,no,8206,no,no,unknown,3,2,unknown,0
35,management,single,tertiary,no,2786,yes,no,unknown,10,0,unknown,0
36,blue-collar,married,secondary,no,-824,no,no,telephone,9,1,unknown,1
36,management,single,tertiary,no,3013,yes,no,cellular,5,1,unknown,0
36,admin.,married,secondary,no,1360,yes,no,cellular,3,1,unknown,0
61,housemaid,married,unknown,no,5278,no,no,cellular,5,1,failure,0
31,technician,single,tertiary,no,4705,yes,no,cellular,8,1,unknown,0
29,management,married,tertiary,no,874,no,no,cellular,11,1,failure,0
45,management,married,tertiary,no,4086,no,no,cellular,4,1,unknown,0
45,technician,married,secondary,no,1785,yes,no,unknown,5,1,unknown,0
43,technician,married,secondary,no,-2022,yes,no,cellular,1,0,unknown,0
56,management,single,tertiary,no,1734,yes,no,unknown,4,0,unknown,0
27,management,single,tertiary,no,1945,yes,no,unknown,5,2,unknown,0
30,technician,single,secondary,no,-79,no,no,unknown,3,0,unknown,0
43,admin.,married,secondary,no,-3301,no,no,unknown,5,1,unknown,0
55,retired,married,secondary,no,1994,no,no,cellular,3,2,unknown,0
29,technician,single,secondary,no,413,yes,no,unknown,2,1,unknown,0
44,management,married,tertiary,no,1135,no,no,unknown,4,2,unknown,0
49,unemployed,married,primary,no,3341,no,no,unknown,2,1,unknown,0
41,blue-collar,married,secondary,no,2615,yes,no,unknown,3,2,unknown,0
34,blue-collar,single,tertiary,no,-437,yes,yes,unknown,17,2,unknown,0
29,technician,single,tertiary,no,-3035,no,yes,unknown,1,1,unknown,0
31,technician,married,secondary,no,3953,no,no,cellular,3,1,unknown,0
33,blue-collar,married,secondary,no,9566,no,no,cellular,4,2,other,0
60,blue-collar,divorced,primary,no,625,yes,yes,cellular,4,0,failure,0
30,services,single,secondary,no,-1211,no,yes,cellular,2,1,failure,0
30,blue-collar,divorced,primary,no,2853,yes,no,cellular,11,0,unknown,0
50,technician,married,secondary,no,18978,no,no,cellular,4,1,unknown,0
42,blue-collar,married,secondary,no,-2830,yes,yes,unknown,4,1,unknown,0
27,admin.,married,secondary,no,3840,yes,no,unknown,4,2,unknown,0
55,blue-collar,married,secondary,no,11323,yes,yes,cellular,4,2,unknown,0
43,blue-collar,married,primary,no,-1416,no,no,unknown,4,1,unknown,1
38,blue-collar,single,secondary,no,3206,yes,no,cellular,2,1,unknown,0
41,management,single,tertiary,yes,2944,yes,no,cellular,3,1,unknown,0
56,retired,married,primary,no,3310,no,no,cellular,14,0,unknown,0
45,admin.,married,secondary,no,2961,yes,no,unknown,9,1,unknown,1
56,blue-collar,married,secondary,no,-1244,yes,no,cellular,6,1,unknown,0
42,blue-collar,married,secondary,no,-1433,yes,no,unknown,2,2,unknown,0
36,management,divorced,tertiary,no,8517,no,yes,unknown,6,0,unknown,1
39,blue-collar,married,secondary,no,392,yes,no,cellular,2,1,success,0
44,blue-collar,married,secondary,no,3358,yes,yes,cellular,2,0,unknown,0
29,technician,married,secondary,no,-3204,no,no,cellular,4,1,unknown,0
44,services,married,secondary,no,3390,yes,no,unknown,4,2,unknown,0
37,admin.,married,secondary,no,300,no,yes,cellular,4,1,failure,0
34,technician,married,secondary,no,-3188,yes,no,cellular,4,2,unknown,0
40,entrepreneur,divorced,primary,no,-1733,yes,no,cellular,3,0,failure,0
26,admin.,single,secondary,no,1211,yes,no,unknown,4,0,unknown,1
28,technician,single,secondary,no,-828,yes,no,cellular,10,5,failure,0
41,blue-collar,divorced,primary,no,1380,no,no,cellular,2,2,failure,0
57,retired,married,secondary,no,-1574,no,yes,cellular,1,7,failure,0
37,housemaid,single,primary,no,2183,no,no,cellular,4,1,success,1
38,blue-collar,married,secondary,no,1784,no,no,unknown,1,0,unknown,0
36,admin.,single,secondary,no,-2840,yes,yes,cellular,3,1,failure,0
45,management,married,tertiary,no,2906,no,no,cellular,4,2,unknown,0
55,admin.,married,secondary,no,-2229,no,no,cellular,3,4,success,1
39,blue-collar,single,primary,no,987,yes,no,cellular,5,1,unknown,0
48,self-employed,divorced,tertiary,no,-2537,no,no,cellular,4,0,unknown,0
46,management,married,tertiary,no,2999,no,no,cellular,4,0,unknown,1
32,unemployed,married,primary,no,2244,yes,yes,cellular,6,0,unknown,0
37,management,single,tertiary,no,1886,yes,no,unknown,4,1,unknown,0
50,technician,married,tertiary,no,-3303,yes,no,telephone,5,2,unknown,0
25,self-employed,single,secondary,no,2582,no,no,cellular,6,0,unknown,0
24,student,single,secondary,no,-1292,no,no,unknown,3,0,unknown,0
33,management,single,tertiary,no,-3220,yes,no,unknown,2,1,unknown,0
52,management,divorced,tertiary,no,8463,no,no,unknown,4,2,unknown,0
36,admin.,married,secondary,no,3732,yes,no,unknown,6,0,unknown,0
39,management,divorced,secondary,no,-507,yes,no,cellular,4,2,unknown,0
28,management,single,tertiary,no,4126,yes,no,cellular,5,4,failure,0
26,blue-collar,single,secondary,no,3667,yes,no,cellular,2,0,unknown,0
29,technician,married,secondary,no,3439,no,no,unknown,2,2,unknown,0
33,blue-collar,single,secondary,no,-2862,yes,no,cellular,5,2,unknown,0
50,services,married,secondary,no,309,no,no,unknown,12,2,unknown,0
65,retired,married,primary,no,-3259,yes,no,unknown,2,2,unknown,0
56,technician,married,unknown,no,2412,no,no,cellular,1,2,unknown,0
58,entrepreneur,single,primary,no,-2472,yes,no,telephone,3,2,unknown,0
38,technician,married,secondary,no,-424,no,no,cellular,3,1,unknown,1
30,blue-collar,married,secondary,no,-2369,no,no,cellular,1,2,failure,0
37,blue-collar,married,secondary,no,246,yes,yes,unknown,4,2,unknown,0
42,management,single,tertiary,no,1305,yes,no,unknown,1,2,unknown,0
30,technician,married,secondary,no,343,no,yes,cellular,4,1,unknown,0
50,blue-collar,married,primary,no,-2475,yes,no,cellular,1,2,success,0
26,technician,single,unknown,no,-2396,yes,no,cellular,3,2,unknown,0
48,technician,married,secondary,no,1914,no,no,cellular,5,5,other,0
34,management,married,tertiary,no,1649,yes,no,cellular,5,1,unknown,0
36,services,single,secondary,no,-1388,no,no,telephone,5,2,unknown,0
51,blue-collar,divorced,primary,no,591,yes,no,unknown,3,1,unknown,0
56,blue-collar,divorced,secondary,no,10688,yes,no,cellular,2,1,failure,0
34,services,divorced,secondary,no,-865,yes,yes,cellular,6,0,unknown,0
31,entrepreneur,single,unknown,no,2517,no,yes,cellular,6,2,unknown,0
49,unemployed,divorced,tertiary,no,6267,no,no,cellular,4,0,unknown,0
37,management,married,secondary,no,-19,yes,no,telephone,5,1,unknown,0
32,unemployed,single,tertiary,no,2239,no,no,unknown,6,2,unknown,0
26,technician,single,tertiary,no,-628,yes,no,unknown,5,1,unknown,0
55,blue-collar,divorced,secondary,no,-932,no,no,cellular,5,1,unknown,0
26,unemployed,single,secondary,no,-2159,yes,no,unknown,5,2,unknown,0
66,retired,married,primary,no,-1,no,no,telephone,4,1,unknown,0
31,admin.,married,secondary,no,-928,no,no,cellular,9,1,unknown,0
31,services,married,secondary,no,4003,yes,yes,cellular,4,0,unknown,0
38,technician,married,tertiary,no,2039,yes,yes,unknown,3,1,unknown,0
26,student,single,tertiary,no,524,no,no,unknown,3,0,unknown,0
36,blue-collar,divorced,unknown,no,3822,yes,no,cellular,2,1,unknown,0
45,blue-collar,divorced,primary,no,-2527,yes,no,cellular,2,2,unknown,0
33,services,single,secondary,no,147,yes,no,cellular,5,1,unknown,0
26,technician,married,secondary,no,7994,yes,no,cellular,2,1,unknown,0
20,student,single,secondary,no,1279,yes,no,cellular,17,2,unknown,0
39,management,single,tertiary,no,3383,no,no,cellular,2,1,unknown,0
28,technician,single,secondary,no,11189,yes,no,unknown,4,2,unknown,0
33,blue-collar,married,secondary,no,1238,yes,no,cellular,10,1,unknown,0
34,technician,divorced,tertiary,no,1715,yes,no,unknown,2,2,unknown,0
44,self-employed,divorced,tertiary,no,608,yes,no,telephone,5,1,unknown,0
48,services,married,secondary,no,-143,no,no,cellular,4,2,unknown,0
35,housemaid,married,primary,no,2630,no,yes,cellular,5,2,unknown,0
43,unemployed,married,secondary,no,1840,no,no,cellular,4,2,unknown,1
58,retired,married,secondary,no,9247,no,no,cellular,3,2,unknown,0
31,admin.,single,secondary,no,328,yes,no,telephone,1,2,unknown,0
24,admin.,single,secondary,no,-632,yes,no,unknown,4,1,unknown,0
47,management,married,tertiary,no,3825,yes,no,unknown,3,1,unknown,0
43,entrepreneur,married,primary,no,-546,yes,yes,unknown,2,1,unknown,1
61,blue-collar,single,secondary,no,-562,yes,no,cellular,5,0,failure,0
47,admin.,married,secondary,no,3281,yes,no,cellular,2,0,unknown,0
40,services,married,secondary,yes,3814,no,no,unknown,5,1,unknown,1
29,blue-collar,married,primary,no,2602,yes,no,cellular,3,4,failure,0
38,management,single,tertiary,no,2849,yes,yes,cellular,3,2,unknown,0
51,self-employed,married,tertiary,no,46,yes,no,unknown,4,1,unknown,0
30,services,divorced,secondary,no,1166,yes,no,unknown,2,2,unknown,0
36,management,married,tertiary,no,500,yes,no,unknown,3,2,unknown,0
38,management,married,tertiary,no,-2204,no,no,cellular,10,0,unknown,0
58,services,married,secondary,no,-1939,yes,no,unknown,2,0,unknown,1
54,technician,married,secondary,no,2719,yes,no,unknown,4,2,unknown,0
53,management,divorced,tertiary,no,8334,no,yes,cellular,2,2,unknown,0
33,self-employed,single,secondary,no,-867,yes,no,cellular,15,0,unknown,0
54,technician,single,secondary,no,-1913,yes,no,unknown,5,1,unknown,0
34,technician,married,secondary,no,1767,yes,no,cellular,4,0,other,1
59,blue-collar,married,primary,no,-339,no,no,cellular,3,0,unknown,0
51,management,married,tertiary,no,-2071,no,no,cellular,5,1,unknown,0
45,blue-collar,married,secondary,no,-2720,yes,no,cellular,5,4,failure,0
52,admin.,divorced,secondary,no,2458,yes,yes,cellular,2,1,unknown,0
51,blue-collar,married,secondary,no,-2570,yes,yes,cellular,5,1,unknown,0
39,entrepreneur,divorced,secondary,no,1255,no,no,cellular,4,1,unknown,0
49,self-employed,married,secondary,no,-2079,no,no,cellular,4,1,unknown,0
52,admin.,married,secondary,no,-2494,no,no,cellular,4,2,unknown,0
34,unknown,married,secondary,no,8306,no,no,unknown,2,2,unknown,0
24,student,single,unknown,no,-1682,yes,no,cellular,6,1,unknown,0
44,blue-collar,divorced,primary,no,-2046,yes,no,cellular,2,1,unknown,0
37,blue-collar,married,primary,no,265,yes,yes,cellular,2,1,unknown,0
74,retired,married,primary,no,8830,no,no,cellular,5,2,unknown,0
50,admin.,married,secondary,no,-1991,no,no,telephone,5,1,unknown,0
38,blue-collar,single,secondary,no,3357,yes,no,unknown,47,0,unknown,0
38,blue-collar,divorced,primary,no,15619,yes,no,cellular,1,3,failure,0
41,management,married,secondary,no,2471,no,no,cellular,2,1,unknown,0
54,retired,married,tertiary,yes,2294,no,no,cellular,7,2,unknown,0
44,technician,single,secondary,no,721,yes,no,unknown,4,0,unknown,0
41,management,married,tertiary,no,-503,no,no,cellular,2,5,failure,0
38,management,married,tertiary,no,1043,yes,yes,unknown,1,0,unknown,0
31,admin.,single,secondary,no,-1852,yes,no,unknown,5,1,unknown,0
41,management,married,tertiary,no,-385,yes,no,unknown,4,2,failure,0
38,management,married,tertiary,no,-3053,yes,no,unknown,18,0,unknown,0
54,management,divorced,tertiary,no,3405,yes,no,cellular,8,0,unknown,0
37,blue-collar,married,unknown,no,-1703,yes,no,cellular,6,2,unknown,1
34,technician,married,tertiary,no,1020,yes,no,unknown,16,1,unknown,0
53,retired,married,unknown,no,-840,no,no,cellular,3,4,failure,0
45,blue-collar,married,secondary,no,1058,no,no,cellular,5,2,unknown,0
36,management,single,unknown,no,1412,no,no,cellular,6,2,unknown,0
39,admin.,married,secondary,no,-2380,no,no,cellular,5,2,unknown,0
34,blue-collar,married,primary,no,1996,yes,no,cellular,2,2,unknown,0
43,unemployed,married,primary,no,-313,yes,no,cellular,2,0,unknown,0
44,entrepreneur,married,tertiary,no,24176,no,yes,cellular,6,0,unknown,0
32,management,single,tertiary,no,1819,yes,no,cellular,5,2,unknown,0
27,management,married,secondary,no,4020,yes,no,unknown,5,1,unknown,0
46,unemployed,married,secondary,no,1083,yes,no,cellular,1,1,unknown,0
52,management,married,secondary,no,-365,yes,no,cellular,4,1,unknown,0
36,management,divorced,secondary,no,43,yes,no,cellular,8,1,other,0
48,management,married,secondary,no,-832,no,no,unknown,6,2,unknown,0
36,self-employed,divorced,tertiary,no,1180,no,no,cellular,5,1,failure,0
47,blue-collar,married,secondary,no,-546,yes,no,cellular,4,4,failure,0
45,blue-collar,divorced,secondary,no,-1236,no,no,cellular,5,1,failure,0
32,management,divorced,secondary,no,-581,yes,no,cellular,4,1,failure,0
36,admin.,married,secondary,no,-805,yes,no,unknown,3,1,unknown,1
31,technician,married,secondary,no,375,no,no,cellular,3,2,unknown,0
30,technician,single,secondary,yes,-2980,yes,no,cellular,4,2,failure,0
41,management,married,secondary,no,-1099,yes,no,cellular,5,0,failure,0
38,management,single,tertiary,no,3118,yes,yes,cellular,4,1,unknown,1
41,technician,divorced,secondary,no,9974,no,no,cellular,5,1,unknown,0
82,retired,divorced,tertiary,no,-1042,no,no,cellular,2,0,unknown,1
42,blue-collar,divorced,secondary,no,-2082,no,no,cellular,2,2,success,0
40,technician,married,tertiary,no,-770,yes,no,unknown,3,2,unknown,0
32,blue-collar,married,primary,no,985,yes,no,unknown,5,0,unknown,0
28,blue-collar,married,primary,no,1643,yes,no,cellular,2,1,unknown,0
50,technician,divorced,secondary,no,-2990,no,no,unknown,3,2,unknown,0
30,blue-collar,single,secondary,no,-1917,yes,no,unknown,8,1,unknown,0
31,technician,married,secondary,no,2624,no,no,telephone,5,2,failure,0
48,services,married,secondary,no,3521,no,no,cellular,1,2,success,1
60,blue-collar,divorced,primary,no,1219,yes,yes,cellular,4,0,unknown,1
55,retired,married,secondary,no,632,no,no,telephone,5,1,unknown,1
29,management,single,tertiary,no,1223,no,no,cellular,3,0,unknown,0
19,blue-collar,married,secondary,no,11122,yes,no,unknown,5,2,unknown,0
33,unemployed,single,secondary,no,1085,no,no,cellular,6,2,unknown,0
31,blue-collar,married,primary,no,-1858,yes,no,unknown,10,1,unknown,0
36,services,married,secondary,no,3770,no,no,unknown,2,0,unknown,0
58,retired,married,secondary,no,-1348,no,yes,unknown,2,0,unknown,0
39,admin.,married,secondary,no,2727,no,yes,unknown,5,1,unknown,0
55,management,divorced,tertiary,no,2689,no,yes,cellular,4,1,unknown,1
28,blue-collar,single,secondary,no,2241,yes,no,unknown,4,1,unknown,0
40,unemployed,single,primary,no,-957,no,no,cellular,2,2,unknown,0
30,admin.,married,secondary,no,-2395,yes,no,cellular,2,1,unknown,0
47,blue-collar,married,primary,no,-213,yes,no,unknown,1,1,unknown,0
52,housemaid,married,tertiary,no,3944,no,no,unknown,2,1,unknown,0
28,management,married,tertiary,no,-184,yes,no,unknown,6,1,unknown,0
55,technician,married,secondary,no,3066,yes,no,cellular,3,2,success,1
45,management,married,tertiary,no,-3008,yes,no,cellular,6,0,unknown,1
46,technician,married,secondary,no,-1996,yes,no,cellular,4,1,unknown,0
35,technician,married,tertiary,no,-3307,yes,yes,cellular,6,0,unknown,0
35,management,married,secondary,no,-3209,yes,no,cellular,2,1,unknown,0
38,technician,divorced,secondary,no,-2101,no,no,unknown,5,2,unknown,0
35,management,married,secondary,no,-3099,yes,no,unknown,4,0,unknown,0
54,retired,divorced,secondary,yes,390,yes,no,cellular,5,2,unknown,0
52,self-employed,single,tertiary,no,-657,yes,no,unknown,4,2,unknown,0
47,blue-collar,married,secondary,no,-474,yes,yes,unknown,12,1,unknown,0
59,management,married,tertiary,no,-2744,yes,no,unknown,2,0,unknown,0
47,management,married,tertiary,no,6361,yes,no,cellular,3,1,unknown,0
34,admin.,married,secondary,no,512,yes,yes,cellular,5,0,unknown,0
28,self-employed,single,tertiary,no,3094,no,no,telephone,1,2,unknown,0
28,blue-collar,single,secondary,no,-861,no,yes,cellular,5,1,unknown,0
45,management,married,tertiary,no,5785,yes,no,cellular,5,2,failure,0
37,student,divorced,secondary,no,2571,no,no,cellular,6,3,other,0
37,admin.,single,secondary,no,4097,no,no,cellular,3,2,unknown,0
42,admin.,married,unknown,no,2098,no,yes,cellular,2,1,success,0
25,services,married,tertiary,no,-826,yes,no,unknown,8,1,unknown,0
42,blue-collar,single,primary,no,986,yes,no,unknown,5,0,unknown,0
51,management,married,tertiary,no,4604,no,no,unknown,10,2,unknown,0
26,management,married,tertiary,no,-2277,yes,no,unknown,4,1,unknown,0
28,services,married,secondary,no,-1302,yes,no,cellular,1,1,unknown,0
30,admin.,single,tertiary,no,3738,yes,no,cellular,1,1,other,0
30,services,single,secondary,no,3927,no,no,cellular,3,2,other,0
37,admin.,single,secondary,no,505,yes,yes,cellular,4,1,unknown,1
33,technician,married,secondary,no,700,yes,no,unknown,8,2,unknown,0
34,technician,married,secondary,no,3821,yes,no,unknown,3,2,unknown,0
39,blue-collar,married,secondary,no,-2637,no,no,unknown,7,2,unknown,1
34,unemployed,married,secondary,no,9509,yes,no,unknown,26,1,unknown,0
52,blue-collar,married,secondary,no,1831,yes,no,cellular,2,1,unknown,0
35,management,married,tertiary,no,8305,yes,no,cellular,1,0,success,1
52,technician,married,tertiary,no,2709,yes,no,unknown,2,1,unknown,0
27,technician,single,secondary,no,2482,yes,no,cellular,5,1,unknown,1
45,student,married,secondary,no,1392,yes,no,telephone,2,2,unknown,0
49,management,married,tertiary,no,2784,yes,no,cellular,3,2,unknown,0
49,management,married,tertiary,no,3018,yes,no,cellular,4,1,unknown,0
40,management,married,tertiary,no,2540,yes,no,telephone,5,3,failure,0
32,technician,divorced,tertiary,no,1941,yes,no,telephone,5,1,unknown,0
58,blue-collar,divorced,secondary,no,7494,yes,no,telephone,2,2,unknown,0
26,admin.,married,secondary,no,3992,no,no,cellular,4,0,unknown,0
59,retired,married,primary,no,-1608,no,no,cellular,2,2,unknown,0
58,management,single,unknown,no,1289,no,no,cellular,6,0,success,0
38,self-employed,single,secondary,no,-247,yes,no,unknown,5,1,unknown,0
28,self-employed,single,secondary,no,6351,no,no,cellular,1,0,unknown,0
36,blue-collar,married,secondary,no,-2428,yes,no,unknown,5,2,unknown,0
40,admin.,married,secondary,no,3080,yes,no,cellular,3,2,unknown,0
41,technician,married,secondary,no,10693,yes,no,cellular,4,1,unknown,0
29,blue-collar,single,secondary,no,3439,yes,no,cellular,4,2,unknown,0
28,management,married,secondary,no,3427,yes,no,unknown,1,0,unknown,0
25,services,single,secondary,no,-3021,yes,no,telephone,4,6,failure,0
36,blue-collar,married,primary,no,1754,yes,no,cellular,5,1,unknown,0
38,management,married,tertiary,no,1115,yes,yes,unknown,4,1,unknown,0
33,blue-collar,married,secondary,no,383,yes,yes,unknown,5,1,unknown,0
50,admin.,married,secondary,no,2148,yes,no,cellular,5,2,unknown,0
28,admin.,divorced,secondary,no,714,yes,no,telephone,3,4,other,0
58,technician,married,tertiary,no,3398,yes,no,unknown,4,1,unknown,0
39,blue-collar,single,secondary,no,1626,yes,no,cellular,1,2,unknown,0
34,management,married,tertiary,no,-2001,yes,no,unknown,5,0,unknown,0
50,technician,married,secondary,no,3933,yes,no,cellular,4,2,unknown,0
37,technician,married,secondary,no,-1424,no,no,cellular,6,2,unknown,0
33,management,married,tertiary,no,1255,no,no,cellular,3,0,unknown,0
51,technician,divorced,secondary,no,506,yes,no,cellular,3,1,failure,0
57,management,married,tertiary,no,548,no,no,unknown,1,0,unknown,0
34,unemployed,married,secondary,no,3302,no,no,cellular,3,1,unknown,0
45,management,married,tertiary,no,1766,yes,no,cellular,4,1,unknown,0
43,unemployed,married,secondary,no,-2701,yes,yes,cellular,5,1,unknown,0
38,technician,married,secondary,no,-389,yes,no,cellular,2,0,unknown,0
37,entrepreneur,single,tertiary,no,-1542,yes,no,cellular,2,0,unknown,0
30,blue-collar,single,secondary,no,5208,yes,no,unknown,6,2,unknown,0
56,unknown,married,unknown,no,2231,no,no,telephone,3,0,unknown,0
35,services,single,secondary,no,-976,yes,no,unknown,2,0,unknown,0
57,admin.,married,secondary,no,-470,no,no,cellular,2,2,unknown,0
42,admin.,divorced,secondary,no,621,yes,yes,cellular,6,0,unknown,0
66,housemaid,married,primary,no,-319,no,no,cellular,3,1,unknown,0
25,technician,single,secondary,no,-3155,yes,no,cellular,5,0,unknown,1
63,retired,married,secondary,no,2755,no,no,cellular,2,0,failure,0
48,blue-collar,married,primary,no,-2971,yes,no,unknown,3,2,unknown,0
29,admin.,single,secondary,no,-1335,yes,no,cellular,8,5,success,1
33,management,married,tertiary,no,2416,no,no,cellular,2,0,unknown,0
27,management,married,tertiary,no,1195,no,yes,cellular,2,0,unknown,1
38,technician,married,tertiary,no,-3081,yes,no,unknown,2,2,unknown,0
31,blue-collar,single,primary,no,-644,yes,no,cellular,2,2,unknown,0
35,blue-collar,married,secondary,no,13272,no,no,cellular,4,2,unknown,0
80,housemaid,divorced,tertiary,no,3356,yes,no,cellular,2,4,success,1
41,admin.,married,secondary,no,3901,no,no,cellular,9,0,unknown,1
37,services,married,secondary,no,3597,yes,yes,cellular,3,1,unknown,0
58,blue-collar,married,primary,no,1765,no,no,cellular,4,1,unknown,0
40,blue-collar,single,secondary,yes,-1099,yes,no,cellular,4,0,unknown,0
47,admin.,married,secondary,no,2381,no,no,cellular,5,1,unknown,1
51,management,divorced,tertiary,no,-3062,no,yes,cellular,4,2,unknown,1
27,services,single,secondary,no,1229,yes,no,unknown,1,0,unknown,0
46,blue-collar,married,secondary,no,697,yes,no,unknown,4,0,unknown,0
52,admin.,married,secondary,yes,-841,yes,no,cellular,5,1,unknown,1
44,technician,married,secondary,no,3626,yes,no,cellular,13,1,unknown,0
35,admin.,married,secondary,no,3150,no,no,telephone,5,0,unknown,0
33,management,married,tertiary,no,-1915,no,no,cellular,6,2,unknown,0
43,services,married,secondary,no,3683,yes,yes,unknown,6,1,unknown,0
29,management,single,tertiary,no,451,no,no,cellular,3,0,unknown,0
32,admin.,single,secondary,no,1403,yes,no,cellular,5,2,unknown,1
46,services,married,secondary,no,-823,yes,no,cellular,2,2,success,1
71,retired,divorced,tertiary,no,1533,no,yes,cellular,4,1,unknown,0
65,self-employed,married,tertiary,no,4017,no,no,cellular,5,1,unknown,1
40,blue-collar,married,primary,no,-2753,no,no,cellular,6,2,unknown,0
37,technician,divorced,secondary,no,-1852,yes,no,cellular,3,10,other,0
30,management,single,tertiary,no,-274,yes,no,unknown,5,1,unknown,0
33,services,married,secondary,no,-2699,yes,no,unknown,5,2,unknown,0
36,admin.,married,secondary,no,766,yes,no,cellular,3,2,unknown,0
40,technician,married,secondary,no,10215,yes,yes,cellular,6,2,unknown,0
38,management,married,tertiary,no,11232,yes,no,cellular,2,0,failure,0
59,services,married,secondary,no,1984,yes,no,unknown,2,0,unknown,0
26,technician,single,tertiary,no,564,yes,no,cellular,1,2,failure,0
32,student,single,primary,no,-1195,no,no,cellular,1,1,unknown,0
28,management,single,tertiary,no,15342,no,no,cellular,3,1,unknown,0
53,services,divorced,secondary,no,2731,yes,no,unknown,3,0,unknown,0
56,technician,married,secondary,no,792,yes,no,unknown,3,1,unknown,0
47,services,married,secondary,no,1162,yes,no,cellular,5,1,unknown,0
56,blue-collar,married,unknown,no,7244,no,yes,unknown,4,0,unknown,0
43,unemployed,divorced,primary,no,-2228,no,no,cellular,4,1,unknown,0
58,technician,married,secondary,no,-2550,yes,yes,telephone,2,0,unknown,0
37,blue-collar,divorced,secondary,no,-1735,yes,no,cellular,3,2,unknown,0
39,technician,divorced,unknown,no,-2290,no,no,cellular,1,1,unknown,0
32,technician,married,unknown,no,127,yes,no,cellular,3,1,unknown,0
43,unemployed,single,secondary,no,-3282,yes,no,unknown,5,1,unknown,0
39,blue-collar,married,unknown,no,9835,yes,no,unknown,5,1,unknown,0
34,blue-collar,married,primary,no,2704,yes,no,cellular,1,1,unknown,0
45,management,single,tertiary,no,-543,yes,no,unknown,2,1,unknown,0
48,management,married,tertiary,no,3231,no,no,cellular,6,0,unknown,0
44,technician,divorced,secondary,no,380,no,no,cellular,4,3,failure,0
54,housemaid,married,secondary,no,2545,no,no,telephone,2,3,success,1
30,unemployed,married,tertiary,no,-2614,no,no,cellular,5,4,failure,0
50,management,married,tertiary,no,-328,no,no,cellular,9,1,failure,0
50,technician,married,secondary,no,3858,no,no,telephone,4,1,unknown,0
46,blue-collar,divorced,secondary,no,15792,yes,no,unknown,4,1,unknown,0
30,blue-collar,divorced,primary,no,-1640,yes,no,unknown,4,1,unknown,0
33,blue-collar,single,primary,no,-2109,no,no,cellular,9,4,failure,0
36,technician,single,secondary,no,3025,no,no,cellular,5,1,unknown,0
27,management,single,tertiary,no,2057,no,yes,cellular,2,0,unknown,0
31,self-employed,single,secondary,no,1357,no,no,cellular,4,1,unknown,0
50,blue-collar,divorced,primary,no,-2692,yes,no,unknown,2,2,unknown,0
35,services,single,secondary,no,2797,yes,no,cellular,6,2,unknown,0
35,technician,single,secondary,no,-2210,no,yes,cellular,3,0,unknown,0
59,management,married,primary,no,-1883,no,yes,cellular,5,1,unknown,0
38,self-employed,married,tertiary,no,-1195,yes,no,cellular,3,2,unknown,0
27,management,married,tertiary,no,9642,no,no,cellular,6,2,unknown,0
41,admin.,married,secondary,no,3149,yes,no,unknown,4,2,unknown,0
38,blue-collar,married,secondary,no,-2541,no,no,cellular,6,1,unknown,0
49,blue-collar,married,secondary,no,1464,no,no,cellular,2,1,unknown,1
34,admin.,married,secondary,no,3475,yes,no,cellular,3,0,unknown,0
39,management,married,secondary,no,9502,no,no,cellular,15,2,failure,0
28,self-employed,married,primary,no,-371,no,no,cellular,1,1,unknown,1
28,management,single,tertiary,no,538,no,no,cellular,2,2,unknown,0
53,unemployed,divorced,tertiary,no,-1155,yes,no,unknown,1,2,unknown,0
52,technician,married,secondary,no,864,no,no,cellular,9,0,unknown,1
30,unemployed,single,tertiary,no,1891,yes,no,cellular,10,0,unknown,0
42,admin.,married,secondary,no,1791,yes,no,cellular,7,2,other,0
76,retired,married,tertiary,no,25087,yes,no,telephone,4,3,failure,0
27,services,married,primary,no,538,yes,no,cellular,2,2,unknown,0
55,admin.,married,primary,no,500,yes,no,cellular,4,1,unknown,0
50,blue-collar,divorced,secondary,no,-2746,yes,no,cellular,5,1,unknown,0
55,unemployed,married,primary,no,-2146,no,no,cellular,1,2,unknown,0
33,technician,married,secondary,no,-2789,no,no,cellular,6,0,unknown,1
38,blue-collar,married,secondary,no,-2233,yes,no,cellular,4,2,unknown,0
31,technician,single,tertiary,no,-1137,no,no,cellular,4,2,unknown,0
36,admin.,married,secondary,no,-2586,yes,no,unknown,2,0,unknown,0
60,retired,married,secondary,no,-3154,no,no,cellular,2,1,unknown,0
28,technician,single,primary,no,-1365,no,no,cellular,5,2,unknown,0
35,admin.,married,secondary,no,-1710,yes,no,cellular,6,2,unknown,0
51,housemaid,married,unknown,no,3896,no,no,unknown,4,2,unknown,0
21,student,single,tertiary,no,2003,no,no,cellular,1,1,failure,0
55,housemaid,married,tertiary,yes,-661,no,no,unknown,5,1,unknown,0
44,management,married,tertiary,no,4646,no,no,cellular,3,0,unknown,0
51,services,married,secondary,no,-1820,no,no,telephone,1,1,unknown,0
47,blue-collar,single,primary,no,-3038,yes,no,cellular,2,1,unknown,0
33,blue-collar,single,secondary,no,1059,yes,no,unknown,10,2,unknown,1
36,entrepreneur,divorced,tertiary,no,794,yes,no,unknown,3,2,unknown,0
39,blue-collar,single,secondary,no,2497,no,no,cellular,4,0,unknown,0
28,services,single,primary,no,-2506,yes,no,cellular,2,2,unknown,0
43,unemployed,married,secondary,no,3294,no,no,cellular,2,1,unknown,0
54,retired,married,secondary,no,638,yes,no,cellular,4,7,other,0
35,blue-collar,married,primary,no,-1715,yes,no,cellular,1,1,unknown,0
55,retired,married,tertiary,no,2389,no,no,cellular,3,1,unknown,0
56,management,divorced,tertiary,no,1207,yes,no,unknown,6,2,unknown,0
58,blue-collar,married,secondary,no,3637,yes,no,cellular,3,2,unknown,1
28,management,single,tertiary,no,-1685,no,no,cellular,2,0,unknown,0
60,management,married,secondary,no,-1544,yes,no,cellular,4,2,failure,0
40,entrepreneur,married,primary,no,-758,yes,no,unknown,4,0,unknown,0
30,admin.,single,tertiary,no,190,yes,no,unknown,2,2,unknown,0
41,management,married,tertiary,no,1768,no,no,cellular,3,0,unknown,0
26,services,single,secondary,no,2020,yes,yes,telephone,2,2,other,0
35,management,married,unknown,no,3702,no,no,telephone,3,2,unknown,0
33,services,divorced,secondary,no,-39,yes,no,cellular,3,2,unknown,0
36,blue-collar,married,secondary,no,-3044,yes,no,cellular,5,1,unknown,0
31,technician,single,tertiary,no,1832,no,no,unknown,1,1,unknown,0
51,blue-collar,divorced,primary,no,2030,yes,no,cellular,2,1,unknown,0
64,retired,married,unknown,no,-2237,no,no,cellular,6,2,unknown,0
44,self-employed,married,unknown,no,-2598,no,yes,cellular,5,1,other,1
37,blue-collar,married,primary,no,3129,yes,no,unknown,2,2,unknown,0
43,technician,married,secondary,no,-284,yes,no,unknown,5,2,unknown,0
56,management,married,tertiary,no,4120,yes,yes,cellular,2,2,unknown,0
59,management,married,secondary,no,2215,yes,no,unknown,2,1,unknown,0
36,admin.,married,secondary,no,2793,no,no,cellular,2,1,unknown,0
30,technician,married,secondary,no,1750,no,no,unknown,1,2,unknown,1
31,blue-collar,married,primary,no,-879,no,yes,cellular,11,1,unknown,0
23,services,single,secondary,no,2502,yes,no,unknown,2,0,unknown,1
37,entrepreneur,married,tertiary,no,8820,yes,yes,cellular,8,1,unknown,0
36,blue-collar,married,primary,no,-1870,yes,no,cellular,5,1,unknown,0
50,technician,married,secondary,no,1135,no,no,cellular,5,0,unknown,0
58,management,married,tertiary,no,1251,yes,no,cellular,15,2,unknown,0
38,blue-collar,married,secondary,no,-1348,yes,yes,unknown,1,1,unknown,0
31,technician,single,tertiary,no,-1123,yes,no,cellular,3,2,unknown,0
40,technician,married,secondary,no,2864,yes,yes,unknown,4,1,unknown,0
32,admin.,married,secondary,no,4324,yes,no,cellular,3,1,unknown,0
55,blue-collar,married,primary,no,-1792,yes,no,cellular,4,1,failure,0
70,retired,married,secondary,no,3914,no,no,cellular,1,0,other,0
30,admin.,single,secondary,no,2199,no,no,cellular,6,12,other,0
42,blue-collar,married,unknown,no,-1984,yes,no,cellular,6,1,unknown,0
29,blue-collar,married,secondary,no,-2155,yes,yes,cellular,3,1,unknown,0
32,blue-collar,single,secondary,no,883,no,no,cellular,7,2,unknown,0
56,admin.,married,secondary,no,-2766,no,no,cellular,6,1,other,1
27,technician,married,tertiary,no,2385,yes,no,unknown,5,0,unknown,0
29,entrepreneur,single,tertiary,no,1023,yes,no,cellular,3,1,failure,0
32,technician,married,secondary,no,-2995,no,no,cellular,3,1,unknown,0
50,technician,married,secondary,no,-175,no,yes,cellular,2,1,unknown,0
37,blue-collar,married,secondary,no,2714,no,no,telephone,49,2,unknown,0
42,management,married,tertiary,no,-2456,no,yes,cellular,3,0,unknown,0
51,admin.,married,secondary,no,725,yes,no,cellular,4,2,success,1
53,blue-collar,married,secondary,no,-2242,no,no,cellular,4,1,unknown,0
35,blue-collar,married,secondary,no,515,no,no,cellular,4,0,unknown,1
31,technician,single,secondary,no,2901,no,no,cellular,4,1,unknown,0
42,blue-collar,married,tertiary,no,-1704,yes,yes,unknown,3,2,unknown,0
47,unemployed,divorced,tertiary,no,-1152,no,no,cellular,6,1,unknown,0
51,blue-collar,married,primary,no,3760,yes,no,unknown,1,2,unknown,0
47,blue-collar,married,primary,no,1712,yes,no,cellular,18,7,success,1
35,services,married,secondary,no,-3011,no,no,cellular,3,7,other,0
49,management,married,tertiary,no,2587,yes,no,unknown,2,2,unknown,0
26,blue-collar,married,secondary,no,-1400,no,yes,cellular,8,1,unknown,0
45,services,married,secondary,no,2347,no,no,cellular,3,1,unknown,0
37,management,single,tertiary,no,-8,no,no,cellular,10,2,unknown,0
22,blue-collar,married,unknown,no,3111,yes,yes,cellular,5,1,unknown,0
34,entrepreneur,married,tertiary,no,340,yes,no,cellular,4,1,failure,0
55,housemaid,divorced,secondary,no,2770,yes,no,cellular,3,17,failure,1
40,blue-collar,married,secondary,no,3424,no,yes,cellular,4,1,unknown,0
55,technician,married,secondary,no,3079,no,no,cellular,3,1,unknown,0
29,student,single,tertiary,no,-657,no,no,telephone,4,2,unknown,0
37,management,single,tertiary,no,-2463,yes,no,unknown,6,2,unknown,0
44,blue-collar,married,secondary,no,-435,yes,yes,cellular,5,1,unknown,0
35,technician,married,secondary,no,-2364,yes,no,cellular,2,0,unknown,0
37,blue-collar,married,primary,no,1017,yes,yes,cellular,3,5,other,0
28,management,married,primary,no,-347,no,no,cellular,5,2,unknown,0
49,management,married,tertiary,no,-645,no,no,cellular,6,2,unknown,0
26,blue-collar,married,secondary,no,-163,yes,no,cellular,2,1,unknown,0
42,management,single,unknown,no,-798,no,no,cellular,1,6,failure,0
51,technician,single,secondary,no,553,no,no,unknown,2,0,unknown,0
39,admin.,married,tertiary,no,6199,yes,no,cellular,8,1,unknown,0
42,technician,married,secondary,no,-398,no,yes,cellular,1,1,unknown,0
44,blue-collar,divorced,secondary,no,-138,yes,no,unknown,4,2,unknown,0
54,retired,married,primary,no,748,no,yes,cellular,2,1,success,1
37,blue-collar,married,secondary,no,323,yes,no,unknown,3,2,unknown,0
31,blue-collar,married,primary,no,-2258,no,no,unknown,5,2,unknown,0
48,services,married,secondary,no,7418,yes,yes,cellular,4,2,unknown,0
55,unknown,divorced,tertiary,no,119,no,no,cellular,3,2,unknown,0
51,blue-collar,single,primary,no,-825,no,yes,cellular,4,2,unknown,0
58,technician,married,secondary,no,3587,yes,no,telephone,2,5,other,1
31,blue-collar,married,primary,no,2805,no,no,unknown,5,2,unknown,0
48,technician,married,secondary,no,-1363,yes,no,cellular,3,2,success,0
46,self-employed,married,primary,no,516,yes,no,unknown,4,1,unknown,0
33,admin.,married,secondary,no,-1114,no,yes,cellular,1,4,other,1
48,unemployed,married,secondary,no,9154,yes,no,telephone,3,2,other,0
30,technician,single,secondary,no,1569,no,no,telephone,2,2,unknown,0
33,management,married,tertiary,no,9794,yes,no,cellular,3,1,unknown,0
43,blue-collar,married,primary,no,10351,yes,no,cellular,4,0,unknown,0
36,management,married,secondary,no,4203,yes,no,cellular,1,1,unknown,0
49,management,divorced,tertiary,no,1627,no,no,cellular,4,2,unknown,0
29,admin.,married,secondary,no,3127,yes,yes,cellular,2,1,unknown,0
48,unemployed,divorced,tertiary,no,1216,yes,no,cellular,5,1,unknown,0
64,management,married,primary,no,-129,yes,no,cellular,4,2,unknown,0
39,self-employed,married,tertiary,no,1806,no,no,cellular,14,2,unknown,0
39,technician,single,tertiary,no,-141,yes,no,cellular,6,1,unknown,0
43,technician,married,secondary,no,3822,yes,no,cellular,2,1,failure,0
46,blue-collar,single,secondary,no,-3211,yes,no,unknown,4,1,unknown,0
35,technician,married,secondary,no,2533,no,no,cellular,5,2,unknown,0
36,management,married,tertiary,no,-802,yes,no,unknown,4,4,other,0
35,housemaid,married,secondary,no,2914,yes,no,unknown,3,1,unknown,0
33,admin.,single,primary,no,9201,no,no,cellular,4,0,unknown,0
33,self-employed,married,tertiary,no,1168,yes,no,cellular,4,2,unknown,0
39,management,married,tertiary,no,-1860,no,no,cellular,5,1,unknown,0
48,management,single,tertiary,no,-126,yes,no,unknown,4,1,unknown,0
38,self-employed,married,tertiary,no,-553,yes,no,unknown,4,1,unknown,1
49,blue-collar,married,secondary,no,1024,yes,yes,cellular,3,2,unknown,0
56,blue-collar,married,secondary,no,1723,yes,no,unknown,2,1,unknown,0
34,blue-collar,married,secondary,no,-65,no,no,cellular,4,0,unknown,0
38,technician,married,secondary,no,-1249,no,no,cellular,2,2,unknown,0
38,management,married,tertiary,no,-3173,no,no,unknown,5,2,unknown,0
25,management,single,tertiary,no,-1593,no,no,cellular,4,1,unknown,0
26,admin.,single,secondary,no,-584,no,no,cellular,3,2,unknown,0
46,management,married,tertiary,no,788,yes,yes,cellular,3,1,unknown,0
36,technician,married,tertiary,no,3064,no,no,cellular,5,1,other,0
35,management,married,tertiary,no,4042,yes,no,cellular,4,0,unknown,0
45,admin.,married,secondary,no,-185,yes,no,cellular,2,2,failure,0
32,technician,married,tertiary,no,225,no,no,cellular,3,1,unknown,0
39,management,married,tertiary,no,872,no,no,cellular,3,0,unknown,0
76,retired,married,primary,no,-2219,no,no,telephone,1,1,unknown,0
49,management,married,tertiary,no,1870,yes,no,cellular,9,2,unknown,0
31,technician,single,secondary,no,-3145,yes,yes,cellular,5,2,unknown,0
49,unemployed,married,primary,no,3798,no,no,cellular,2,0,unknown,0
35,blue-collar,married,unknown,no,1952,yes,no,unknown,3,0,unknown,0
58,management,married,tertiary,no,680,yes,no,unknown,14,0,unknown,0
44,technician,single,tertiary,no,2686,no,no,cellular,6,2,unknown,0
49,management,married,tertiary,no,292,yes,no,unknown,7,2,unknown,0
31,blue-collar,married,secondary,no,3521,yes,yes,cellular,4,2,unknown,0
27,admin.,single,tertiary,no,1480,yes,no,cellular,6,2,unknown,0
31,blue-collar,single,primary,no,869,no,no,cellular,3,1,unknown,0
38,technician,married,secondary,no,408,yes,no,cellular,5,5,failure,0
26,management,single,tertiary,no,232,yes,no,cellular,2,1,success,0
53,unemployed,married,secondary,no,342,no,yes,cellular,2,0,unknown,0
27,technician,married,tertiary,no,-2442,yes,no,cellular,4,1,failure,0
26,entrepreneur,single,tertiary,no,1617,no,no,cellular,3,0,unknown,0
49,blue-collar,married,primary,no,-2393,yes,no,unknown,2,0,unknown,0
53,management,married,tertiary,no,1457,no,no,cellular,1,0,failure,0
33,blue-collar,single,secondary,yes,3064,yes,yes,cellular,5,2,unknown,0
41,technician,divorced,secondary,no,-651,yes,no,cellular,3,2,unknown,0
38,entrepreneur,married,secondary,no,2568,yes,no,telephone,4,2,unknown,0
29,technician,single,secondary,no,-332,yes,yes,cellular,1,2,unknown,0
51,entrepreneur,married,tertiary,no,2198,yes,no,unknown,5,0,unknown,1
28,management,married,tertiary,no,2342,no,yes,cellular,1,1,unknown,0
30,management,married,tertiary,no,1301,yes,no,cellular,5,1,unknown,0
40,blue-collar,single,secondary,no,895,yes,no,cellular,3,2,unknown,0
52,technician,married,secondary,yes,1096,no,yes,cellular,2,2,unknown,0
51,management,married,tertiary,no,-2371,yes,no,cellular,4,3,other,0
42,services,married,secondary,no,460,yes,no,unknown,3,2,unknown,0
84,retired,divorced,secondary,no,2078,no,no,telephone,2,1,unknown,0
21,blue-collar,single,secondary,no,983,yes,no,unknown,1,1,unknown,0
35,blue-collar,single,primary,no,2066,yes,yes,cellular,9,2,unknown,0
40,blue-collar,married,secondary,no,1366,yes,no,unknown,5,1,unknown,0
63,management,married,tertiary,no,5894,yes,no,cellular,4,1,unknown,0
47,management,married,tertiary,no,1248,no,no,unknown,2,0,unknown,0
43,technician,divorced,primary,no,-2190,yes,no,cellular,8,2,unknown,0
39,self-employed,single,secondary,no,-2166,no,no,unknown,3,0,unknown,0
35,management,married,tertiary,no,235,no,yes,cellular,3,2,unknown,0
63,retired,married,primary,no,-1831,no,no,unknown,4,1,unknown,0
33,self-employed,single,secondary,no,2038,no,no,cellular,2,5,failure,0
27,management,single,secondary,no,-2925,no,no,cellular,3,0,unknown,0
21,student,married,unknown,no,-1605,no,no,cellular,4,2,failure,0
39,blue-collar,single,primary,no,-3185,yes,no,cellular,4,2,unknown,0
47,services,divorced,secondary,no,-2011,yes,no,cellular,7,1,unknown,0
44,blue-collar,married,primary,yes,2728,yes,no,cellular,2,2,unknown,0
41,management,married,tertiary,no,264,yes,no,cellular,3,2,unknown,0
37,admin.,married,secondary,no,-1404,yes,no,cellular,3,3,other,0
29,student,married,tertiary,no,9571,yes,no,cellular,4,2,unknown,0
51,entrepreneur,married,primary,no,3991,yes,yes,unknown,4,1,unknown,0
57,blue-collar,single,primary,no,2400,yes,yes,unknown,3,1,unknown,0
39,blue-collar,single,secondary,no,-173,no,no,cellular,4,2,unknown,1
38,admin.,married,secondary,no,2367,no,no,cellular,6,1,unknown,0
27,blue-collar,divorced,primary,no,1183,yes,no,cellular,5,1,unknown,0
42,self-employed,married,tertiary,no,1231,no,no,cellular,5,0,failure,0
35,management,single,secondary,no,6309,no,no,telephone,1,1,unknown,0
34,management,single,tertiary,no,-3284,no,no,cellular,11,2,unknown,0
28,self-employed,married,tertiary,no,-377,no,no,cellular,4,1,unknown,1
59,blue-collar,married,primary,no,5772,yes,no,cellular,3,1,unknown,0
40,management,married,tertiary,no,-2143,yes,no,cellular,4,2,unknown,0
33,admin.,divorced,tertiary,no,-3175,yes,no,cellular,3,0,unknown,0
75,retired,divorced,tertiary,no,2478,no,no,unknown,3,2,unknown,0
45,admin.,married,secondary,no,-2307,no,yes,cellular,3,0,unknown,0
39,blue-collar,single,secondary,no,-2316,no,no,cellular,10,1,unknown,0
36,blue-collar,single,secondary,no,964,yes,yes,cellular,2,3,failure,0
42,management,divorced,tertiary,no,2752,yes,no,cellular,3,2,unknown,0
41,blue-collar,married,secondary,no,-1232,yes,no,cellular,4,0,unknown,0
39,blue-collar,married,secondary,no,-965,no,no,unknown,2,1,unknown,0
41,blue-collar,married,secondary,no,3744,yes,yes,cellular,2,0,unknown,0
29,blue-collar,married,primary,no,2184,yes,no,unknown,4,2,unknown,1
40,blue-collar,single,secondary,no,-474,yes,no,unknown,1,2,unknown,0
59,management,single,unknown,no,1747,yes,no,unknown,15,2,unknown,0
46,technician,married,secondary,no,668,yes,no,cellular,3,1,unknown,0
33,blue-collar,married,secondary,no,2011,yes,no,cellular,4,0,unknown,1
50,blue-collar,married,secondary,no,-474,yes,yes,cellular,1,0,unknown,0
38,management,single,tertiary,no,3206,no,yes,cellular,8,2,unknown,0
47,admin.,single,secondary,no,2266,no,no,unknown,2,2,unknown,0
35,blue-collar,married,primary,no,5391,no,no,cellular,3,1,unknown,0
79,retired,married,secondary,no,2529,no,no,telephone,4,2,unknown,0
58,management,divorced,tertiary,no,-2281,yes,no,unknown,3,1,unknown,1
29,housemaid,single,primary,no,10261,no,no,unknown,5,2,unknown,0
43,management,married,tertiary,no,1884,no,no,cellular,5,1,unknown,0
38,management,single,unknown,no,3133,yes,no,cellular,2,5,failure,0
50,services,married,tertiary,no,-1270,yes,no,cellular,5,6,failure,0
45,blue-collar,married,primary,no,323,no,no,telephone,1,2,unknown,0
41,blue-collar,married,secondary,no,-3161,yes,no,cellular,6,6,success,1
33,management,married,tertiary,no,6668,no,no,cellular,1,1,unknown,0
39,blue-collar,single,secondary,no,-865,yes,no,unknown,2,0,unknown,0
32,services,single,primary,no,1814,yes,no,cellular,4,2,unknown,1
26,management,single,tertiary,no,1764,no,no,telephone,4,2,unknown,0
78,retired,divorced,tertiary,no,-2533,no,no,cellular,2,2,unknown,0
52,admin.,married,secondary,no,-1567,yes,no,cellular,5,1,unknown,0
58,blue-collar,single,primary,no,5831,yes,no,cellular,1,2,unknown,0
40,technician,single,secondary,no,4002,yes,no,cellular,5,0,unknown,0
40,entrepreneur,married,secondary,no,633,no,yes,cellular,4,2,unknown,1
46,unemployed,married,tertiary,yes,973,no,no,cellular,2,2,unknown,0
36,blue-collar,married,secondary,no,1418,yes,no,cellular,3,2,unknown,1
27,management,single,tertiary,no,-195,no,no,cellular,5,1,unknown,0
36,blue-collar,married,primary,no,-1832,yes,no,unknown,2,1,other,1
51,services,married,secondary,no,2947,yes,no,cellular,1,1,unknown,0
35,services,married,secondary,no,1197,yes,yes,cellular,4,2,unknown,0
30,admin.,single,secondary,no,-2175,yes,no,unknown,4,2,unknown,1
39,management,married,tertiary,yes,2725,yes,no,cellular,4,2,other,1
56,technician,divorced,tertiary,no,9340,yes,yes,unknown,4,1,unknown,0
36,entrepreneur,married,primary,no,2799,no,no,telephone,4,1,unknown,0
33,admin.,single,primary,no,-1785,no,yes,cellular,1,0,failure,0
28,services,married,secondary,no,1819,yes,no,unknown,4,1,unknown,0
39,blue-collar,married,primary,no,-1573,yes,no,cellular,4,2,failure,0
50,technician,married,tertiary,no,510,no,no,cellular,4,0,unknown,0
29,technician,single,tertiary,no,-1612,yes,no,cellular,4,2,unknown,0
35,admin.,married,secondary,no,2810,no,no,cellular,5,1,unknown,0
49,admin.,married,secondary,no,-1799,yes,no,unknown,7,1,unknown,0
64,retired,single,primary,no,5330,no,no,cellular,1,7,failure,0
41,unemployed,married,secondary,no,2250,yes,no,unknown,3,2,unknown,0
38,technician,married,tertiary,no,680,yes,no,cellular,3,1,unknown,0
46,services,single,secondary,no,3078,yes,yes,cellular,6,1,unknown,0
47,management,married,secondary,no,2092,no,no,cellular,5,4,success,1
41,blue-collar,married,primary,no,1144,yes,no,unknown,3,0,unknown,0
37,admin.,married,secondary,no,-1202,no,no,unknown,4,0,unknown,0
28,blue-collar,single,secondary,no,-2587,yes,no,cellular,1,2,unknown,0
58,admin.,married,secondary,no,2076,yes,no,cellular,2,1,unknown,0
37,technician,married,secondary,no,-2578,yes,yes,cellular,4,2,other,1
41,management,divorced,tertiary,no,-1909,yes,no,cellular,5,2,unknown,0
52,technician,divorced,tertiary,no,348,yes,no,cellular,4,2,unknown,0
63,management,married,tertiary,no,-1414,yes,no,cellular,5,1,unknown,0
48,blue-collar,married,primary,no,-1878,yes,no,cellular,19,0,unknown,0
30,management,married,tertiary,no,443,yes,no,cellular,28,0,unknown,0
23,blue-collar,single,secondary,no,-728,no,no,unknown,4,2,unknown,0
59,blue-collar,married,secondary,no,-3281,yes,yes,cellular,4,3,failure,0
37,blue-collar,married,unknown,no,-2920,yes,no,unknown,9,1,unknown,0
22,management,single,primary,no,2540,no,no,cellular,2,1,failure,0
47,technician,married,secondary,no,-2738,no,no,cellular,8,2,unknown,0
53,management,married,tertiary,no,3093,no,no,unknown,17,0,unknown,0
41,blue-collar,married,secondary,yes,-3259,yes,no,cellular,3,1,unknown,0
45,technician,married,tertiary,no,1743,yes,no,cellular,3,1,unknown,0
36,management,married,tertiary,no,5236,no,no,cellular,2,2,unknown,0
29,blue-collar,married,secondary,no,-13,no,no,unknown,18,2,unknown,0
57,retired,married,tertiary,no,7553,yes,no,cellular,4,0,success,1
43,student,single,unknown,no,-87,yes,no,cellular,2,0,unknown,0
30,technician,married,secondary,no,4005,yes,yes,cellular,3,1,unknown,0
36,management,divorced,tertiary,no,2079,no,no,telephone,3,2,unknown,0
37,management,divorced,unknown,no,1840,yes,no,cellular,4,1,unknown,0
42,blue-collar,married,secondary,no,1309,yes,no,cellular,11,2,unknown,0
30,technician,single,secondary,no,102,no,no,cellular,3,0,failure,0
34,technician,married,secondary,no,-875,no,no,cellular,6,1,unknown,0
38,technician,single,secondary,no,524,yes,no,unknown,3,2,unknown,0
44,management,married,tertiary,no,4846,yes,no,cellular,3,1,unknown,0
48,management,married,secondary,no,-2675,no,no,cellular,2,1,other,0
43,management,married,tertiary,no,-2506,no,no,cellular,4,0,failure,0
31,management,married,tertiary,no,1767,yes,no,cellular,4,2,unknown,0
42,management,divorced,secondary,no,1640,no,no,cellular,20,1,unknown,0
53,services,married,secondary,no,1449,no,no,cellular,4,1,unknown,0
59,unemployed,married,tertiary,no,424,no,yes,cellular,5,2,unknown,0
39,admin.,single,secondary,no,-2188,yes,no,cellular,2,2,unknown,0
29,management,single,tertiary,no,-1658,no,no,cellular,21,1,unknown,0
33,management,married,unknown,no,1390,yes,no,cellular,5,2,unknown,0
45,technician,married,secondary,no,-2094,yes,yes,cellular,1,1,unknown,0
26,services,single,secondary,no,3630,yes,no,cellular,3,2,unknown,0
35,blue-collar,single,secondary,no,9027,no,no,unknown,3,1,unknown,0
29,management,single,unknown,no,2324,no,yes,unknown,3,2,unknown,0
39,entrepreneur,single,unknown,no,-2813,yes,no,unknown,10,1,unknown,0
35,housemaid,divorced,secondary,no,697,yes,yes,cellular,7,2,unknown,0
65,self-employed,married,secondary,no,3973,no,no,cellular,4,1,unknown,0
48,self-employed,married,secondary,no,18414,no,no,cellular,4,1,unknown,0
53,admin.,married,secondary,no,3591,no,no,unknown,6,1,unknown,0
48,technician,single,secondary,no,-1893,yes,yes,telephone,3,1,unknown,0
55,blue-collar,married,secondary,no,3841,yes,no,telephone,4,2,failure,0
30,technician,single,secondary,no,3216,yes,no,cellular,4,1,unknown,0
40,management,divorced,tertiary,no,410,yes,no,cellular,4,1,unknown,0
33,management,single,tertiary,no,-3111,yes,no,unknown,2,1,unknown,0
28,technician,married,tertiary,no,-363,yes,no,unknown,14,2,unknown,1
49,management,married,tertiary,no,-2977,no,no,cellular,2,2,failure,0
57,blue-collar,married,primary,no,1701,no,no,unknown,3,1,unknown,0
29,blue-collar,married,primary,no,1004,yes,no,telephone,5,8,success,1
48,blue-collar,married,primary,no,2432,yes,no,cellular,8,0,unknown,0
42,admin.,married,secondary,no,-2971,yes,no,unknown,1,1,unknown,1
31,services,single,secondary,no,9727,no,yes,unknown,3,2,unknown,0
50,blue-collar,married,primary,no,-2415,yes,no,cellular,15,1,other,1
49,blue-collar,married,secondary,no,-1083,yes,no,cellular,4,2,unknown,0
34,admin.,single,tertiary,no,4096,yes,no,cellular,2,1,unknown,0
58,retired,married,secondary,no,1600,no,yes,cellular,2,2,unknown,0
41,technician,married,tertiary,no,-3047,yes,no,cellular,2,1,unknown,0
39,blue-collar,married,secondary,no,4018,yes,no,unknown,1,0,unknown,0
36,management,divorced,tertiary,no,228,no,no,telephone,4,2,unknown,0
45,admin.,married,secondary,no,934,yes,no,unknown,2,1,unknown,0
45,management,married,tertiary,no,720,no,no,cellular,5,7,success,1
51,housemaid,married,secondary,no,3369,no,no,unknown,4,0,unknown,0
44,blue-collar,married,unknown,no,-1275,yes,no,cellular,1,1,unknown,0
53,unemployed,divorced,secondary,no,-1536,no,no,cellular,3,1,unknown,0
30,blue-collar,single,secondary,no,-715,yes,no,cellular,4,1,unknown,0
32,blue-collar,married,secondary,no,-1813,yes,no,unknown,5,2,unknown,0
42,blue-collar,married,primary,no,1132,yes,no,cellular,4,2,failure,0
44,blue-collar,married,secondary,no,-2280,yes,no,unknown,3,2,unknown,0
38,management,married,tertiary,no,1321,no,no,cellular,3,1,unknown,0
34,retired,married,primary,no,-950,no,no,cellular,2,1,unknown,0
37,technician,divorced,secondary,no,-2486,yes,no,unknown,6,0,unknown,0
42,management,married,tertiary,no,8132,no,no,unknown,5,0,unknown,0
75,retired,married,tertiary,no,2864,no,no,unknown,3,2,unknown,0
42,admin.,married,secondary,no,-2209,no,yes,cellular,4,0,unknown,0
54,management,married,tertiary,no,1564,no,yes,cellular,22,2,unknown,0
28,management,married,tertiary,no,6038,yes,no,cellular,5,1,failure,0
33,blue-collar,married,secondary,no,-2188,yes,no,cellular,3,1,unknown,0
38,management,married,tertiary,no,9228,yes,no,cellular,3,0,success,0
32,technician,married,secondary,no,-912,no,no,cellular,3,6,failure,0
36,blue-collar,married,secondary,no,1636,yes,no,unknown,7,2,unknown,0
34,management,married,tertiary,no,5430,yes,no,cellular,1,2,unknown,0
54,services,married,secondary,no,2408,yes,no,cellular,1,2,unknown,0
35,blue-collar,single,secondary,no,-3133,yes,no,unknown,3,0,unknown,0
28,blue-collar,single,primary,no,-495,no,no,cellular,2,2,unknown,0
34,housemaid,single,tertiary,no,1980,no,no,telephone,4,1,unknown,1
55,retired,divorced,secondary,no,3780,yes,no,unknown,7,1,unknown,0
44,technician,married,secondary,no,4166,yes,no,cellular,6,1,other,0
34,services,married,secondary,no,4785,yes,no,cellular,2,2,unknown,0
49,management,married,primary,no,-990,yes,no,cellular,5,4,other,0
34,technician,married,tertiary,no,1861,yes,no,cellular,5,1,unknown,0
44,blue-collar,married,secondary,no,3406,yes,no,cellular,2,2,unknown,0
35,blue-collar,single,secondary,no,1751,no,no,cellular,18,0,unknown,0
34,management,single,tertiary,no,4472,no,no,cellular,4,2,unknown,1
40,technician,single,secondary,no,1553,yes,yes,unknown,3,0,unknown,0
35,admin.,married,secondary,no,824,yes,no,unknown,4,1,unknown,0
49,blue-collar,married,secondary,no,-615,no,no,cellular,11,2,other,0
31,admin.,single,secondary,no,2002,yes,no,cellular,5,2,failure,0
40,blue-collar,married,primary,no,279,yes,no,unknown,5,2,unknown,0
28,services,single,secondary,no,3780,yes,yes,unknown,1,2,unknown,0
47,unemployed,married,primary,no,2854,no,no,telephone,2,5,other,0
51,unemployed,married,primary,no,-268,no,no,telephone,5,1,unknown,0
44,blue-collar,married,secondary,no,-1287,no,no,telephone,1,2,other,0
35,services,married,secondary,no,-311,yes,no,unknown,2,1,unknown,0
42,blue-collar,married,secondary,no,-2927,yes,no,cellular,2,2,unknown,0
40,management,divorced,secondary,no,-1070,no,no,cellular,11,7,failure,0
45,admin.,married,secondary,no,2440,yes,no,cellular,3,1,unknown,1
30,student,single,secondary,no,3354,no,no,cellular,1,2,unknown,0
47,blue-collar,married,secondary,no,-2653,yes,no,cellular,3,0,unknown,0
31,management,married,tertiary,no,8513,yes,no,unknown,9,2,unknown,0
57,blue-collar,married,primary,no,-924,no,no,cellular,4,1,unknown,0
50,management,married,tertiary,no,-1341,no,no,cellular,5,0,unknown,0
35,unemployed,married,secondary,no,-909,no,no,cellular,3,1,unknown,0
34,blue-collar,single,primary,no,2195,yes,no,unknown,6,0,unknown,0
49,services,married,secondary,no,642,yes,no,cellular,5,2,unknown,0
38,management,single,tertiary,no,895,no,no,cellular,3,2,unknown,0
39,management,single,tertiary,no,728,yes,no,telephone,11,2,unknown,0
44,self-employed,married,tertiary,no,-3026,no,yes,telephone,3,2,unknown,0
87,retired,divorced,primary,no,-707,yes,no,unknown,2,2,unknown,0
34,blue-collar,married,secondary,no,-2475,no,no,cellular,6,0,unknown,1
42,admin.,married,secondary,no,-2247,yes,yes,unknown,1,1,unknown,0
43,blue-collar,divorced,secondary,no,-1280,yes,no,cellular,2,2,unknown,0
41,blue-collar,married,secondary,no,-1471,yes,no,cellular,3,2,unknown,0
39,admin.,married,secondary,no,-2332,yes,no,unknown,4,1,unknown,0
48,management,married,tertiary,no,5076,yes,no,cellular,4,0,unknown,0
60,blue-collar,married,primary,no,13978,yes,no,cellular,3,1,unknown,0
60,retired,married,unknown,no,3665,no,no,unknown,3,2,unknown,0
32,management,married,tertiary,no,-2737,no,no,cellular,11,0,unknown,1
48,blue-collar,single,primary,no,-262,yes,no,cellular,6,3,other,0
32,technician,divorced,tertiary,no,1686,yes,no,telephone,1,2,unknown,0
39,blue-collar,single,secondary,no,3950,yes,no,cellular,10,2,unknown,0
39,services,married,secondary,no,2176,yes,no,cellular,1,4,failure,0
26,student,married,secondary,yes,3144,no,no,cellular,2,0,unknown,0
29,blue-collar,single,primary,no,-550,no,yes,cellular,5,0,unknown,0
36,management,divorced,tertiary,yes,10719,yes,no,cellular,3,2,unknown,0
24,blue-collar,married,secondary,no,-1782,yes,no,cellular,4,0,unknown,0
44,self-employed,married,tertiary,yes,-3043,yes,no,unknown,2,0,unknown,0
37,blue-collar,married,secondary,no,2478,yes,no,unknown,3,2,unknown,0
44,blue-collar,divorced,primary,no,1587,yes,no,cellular,6,1,unknown,0
39,self-employed,single,tertiary,no,-988,no,no,telephone,4,1,failure,0
35,services,married,secondary,no,558,yes,no,cellular,2,2,unknown,0
36,services,married,secondary,no,692,no,no,unknown,2,2,unknown,0
39,services,single,secondary,no,3386,no,no,unknown,5,0,unknown,1
33,blue-collar,married,primary,no,155,no,yes,cellular,2,0,unknown,0
33,blue-collar,married,secondary,no,3365,yes,yes,cellular,7,1,unknown,0
24,blue-collar,single,secondary,no,-972,yes,no,cellular,2,1,unknown,0
55,retired,married,secondary,no,-1212,no,no,cellular,2,1,unknown,0
29,admin.,single,secondary,no,-3133,no,no,cellular,5,0,unknown,0
53,admin.,married,secondary,no,3479,yes,yes,unknown,8,2,unknown,0
44,management,married,tertiary,no,-939,no,no,cellular,4,0,unknown,0
39,management,married,tertiary,no,3790,yes,no,cellular,1,0,unknown,0
47,services,married,secondary,no,535,yes,no,cellular,4,2,unknown,1
57,management,married,tertiary,no,4055,no,no,cellular,5,2,failure,0
45,services,married,secondary,no,-2706,no,no,unknown,2,1,unknown,0
29,services,married,primary,no,3482,yes,yes,telephone,4,2,unknown,0
53,blue-collar,married,primary,no,-63,yes,no,cellular,3,1,unknown,0
47,entrepreneur,married,secondary,no,2921,no,yes,unknown,6,1,unknown,0
39,technician,married,secondary,yes,806,yes,no,unknown,3,1,unknown,0
39,technician,single,secondary,no,-949,yes,yes,cellular,3,0,unknown,0
36,entrepreneur,married,unknown,no,11195,yes,no,cellular,10,2,unknown,0
57,retired,married,primary,no,-1801,no,no,cellular,6,2,unknown,0
27,technician,married,secondary,no,178,no,no,cellular,3,2,unknown,1
35,management,single,tertiary,no,-1904,yes,no,cellular,5,2,unknown,0
41,blue-collar,divorced,secondary,no,-2179,no,no,unknown,20,2,unknown,0
49,blue-collar,married,secondary,no,-1627,no,no,cellular,6,1,unknown,0
33,blue-collar,single,secondary,no,8706,no,no,cellular,4,2,unknown,0
33,technician,divorced,secondary,no,-431,yes,no,cellular,4,1,failure,0
53,management,divorced,tertiary,no,4009,yes,no,cellular,9,4,success,1
39,management,married,secondary,no,-304,yes,yes,unknown,5,0,unknown,0
29,admin.,married,tertiary,no,-885,no,no,cellular,1,0,unknown,0
29,technician,married,tertiary,no,-2593,no,yes,telephone,4,0,unknown,0
48,technician,married,secondary,no,-840,yes,yes,unknown,2,2,unknown,0
45,self-employed,divorced,secondary,no,3358,no,no,telephone,3,2,unknown,0
38,management,single,tertiary,no,3979,yes,yes,cellular,10,2,unknown,0
40,management,married,tertiary,no,537,yes,no,cellular,2,0,unknown,0
32,technician,married,secondary,no,653,yes,no,cellular,7,0,unknown,0
48,management,single,tertiary,no,11196,yes,no,cellular,5,1,unknown,0
29,admin.,single,tertiary,no,-3150,yes,no,unknown,2,1,unknown,0
48,blue-collar,married,primary,no,-628,yes,no,cellular,4,2,unknown,0
33,technician,divorced,secondary,no,-5,no,no,unknown,5,1,unknown,0
50,technician,married,secondary,no,2820,no,no,cellular,8,0,unknown,0
35,admin.,married,secondary,no,-2918,yes,no,cellular,2,1,unknown,0
45,entrepreneur,married,secondary,no,1278,no,no,cellular,23,6,failure,0
38,unknown,married,unknown,no,-258,no,no,cellular,4,4,failure,0
28,management,divorced,primary,no,330,yes,no,cellular,4,2,unknown,0
28,management,single,secondary,no,1238,no,no,cellular,20,0,failure,0
60,retired,married,primary,no,1895,yes,no,cellular,2,0,failure,0
39,services,married,secondary,no,3834,yes,no,unknown,1,2,unknown,0
48,housemaid,married,primary,no,-2541,yes,yes,unknown,3,2,unknown,0
46,blue-collar,married,secondary,no,8872,no,no,cellular,3,2,unknown,1
55,management,married,tertiary,no,2947,no,no,cellular,3,1,unknown,0
69,blue-collar,married,secondary,no,875,yes,yes,cellular,6,2,failure,0
44,services,divorced,secondary,no,3902,no,no,cellular,2,1,unknown,0
30,blue-collar,married,secondary,no,222,no,no,telephone,6,1,failure,0
58,services,divorced,secondary,no,-1964,yes,no,unknown,3,1,unknown,0
30,management,married,tertiary,no,-2581,no,no,cellular,3,1,unknown,0
38,blue-collar,married,primary,no,3875,yes,no,unknown,6,1,unknown,1
59,technician,married,tertiary,no,3144,yes,no,unknown,1,2,unknown,0
43,entrepreneur,married,unknown,no,-3240,no,no,unknown,4,1,unknown,0
31,services,divorced,secondary,no,10091,no,no,cellular,2,4,other,0
48,technician,married,tertiary,no,1489,no,no,cellular,3,2,failure,0
62,blue-collar,married,secondary,no,3143,yes,no,unknown,3,1,unknown,0
37,services,divorced,secondary,no,5203,yes,no,unknown,1,2,unknown,0
28,technician,married,tertiary,no,3081,yes,no,unknown,4,2,unknown,0
70,retired,married,secondary,no,1681,no,no,cellular,4,2,failure,0
29,technician,single,tertiary,no,2511,yes,yes,unknown,4,2,unknown,0
35,unemployed,married,unknown,no,3,no,yes,cellular,5,1,unknown,0
57,technician,married,secondary,no,2432,no,no,cellular,2,4,failure,0
41,unemployed,single,secondary,no,-849,no,yes,cellular,1,2,success,1
55,entrepreneur,divorced,secondary,no,1247,yes,yes,cellular,5,2,unknown,0
41,unknown,married,unknown,no,-2826,no,no,cellular,1,2,failure,0
30,blue-collar,married,secondary,no,1415,yes,yes,cellular,3,1,unknown,0
45,technician,divorced,secondary,no,-1724,no,no,cellular,4,2,unknown,0
65,admin.,married,secondary,no,435,no,yes,unknown,5,1,unknown,0
34,management,single,tertiary,no,-1393,no,no,telephone,6,2,unknown,0
38,management,divorced,tertiary,no,194,no,no,cellular,1,2,unknown,0
24,management,single,primary,no,2992,no,no,telephone,13,2,failure,0
43,unemployed,divorced,secondary,no,2,yes,no,cellular,6,1,unknown,0
42,blue-collar,married,primary,no,-2601,yes,no,unknown,2,2,unknown,0
26,management,single,tertiary,no,2324,no,no,cellular,2,2,unknown,0
52,blue-collar,divorced,primary,no,6173,yes,no,cellular,5,0,unknown,0
39,management,married,tertiary,no,2624,no,yes,cellular,5,2,unknown,0
33,technician,divorced,secondary,no,-2540,no,no,cellular,6,0,other,0
39,technician,divorced,secondary,no,-3068,no,no,telephone,2,2,unknown,0
46,blue-collar,married,primary,no,-696,no,no,telephone,3,2,unknown,0
46,technician,married,secondary,no,-1741,yes,no,cellular,2,4,success,1
34,self-employed,single,secondary,no,-1851,no,no,cellular,3,2,unknown,0
31,technician,single,secondary,no,2671,no,no,telephone,5,1,failure,0
27,management,married,tertiary,no,689,no,no,cellular,6,0,failure,0
33,blue-collar,married,primary,no,1654,no,no,cellular,4,8,other,1
40,services,single,secondary,no,-1686,yes,no,cellular,4,1,unknown,0
42,unemployed,married,secondary,no,3882,yes,no,cellular,4,2,unknown,0
36,blue-collar,married,unknown,no,1606,yes,no,cellular,1,2,unknown,0
23,student,single,secondary,no,-2973,yes,no,unknown,4,1,unknown,0
59,blue-collar,married,secondary,no,3415,no,no,cellular,2,1,unknown,0
46,technician,married,secondary,no,2507,no,no,cellular,3,2,unknown,0
42,management,married,tertiary,no,2226,yes,no,cellular,2,1,unknown,0
46,blue-collar,married,secondary,no,3137,yes,no,cellular,3,2,unknown,0
38,technician,married,tertiary,no,5114,yes,no,unknown,1,1,unknown,0
51,blue-collar,married,primary,no,-331,yes,no,cellular,5,2,unknown,0
55,management,married,tertiary,no,2605,no,yes,unknown,2,2,unknown,0
33,self-employed,single,secondary,no,649,no,no,cellular,3,2,unknown,0
40,blue-collar,married,secondary,no,793,yes,yes,cellular,2,2,unknown,0
46,admin.,married,secondary,no,2065,no,yes,unknown,24,1,unknown,0
30,student,single,unknown,no,-3125,no,no,telephone,4,1,success,1
32,admin.,single,primary,no,1792,yes,no,cellular,5,1,unknown,0
43,management,married,unknown,no,11572,yes,no,cellular,4,6,other,0
50,blue-collar,married,secondary,no,91,yes,no,cellular,6,2,failure,0
60,management,married,secondary,no,-2385,no,no,unknown,5,0,unknown,0
46,blue-collar,married,secondary,no,279,yes,no,cellular,6,3,success,1
26,management,single,tertiary,yes,3277,yes,no,cellular,4,2,unknown,0
21,unemployed,single,secondary,no,-1691,no,no,cellular,6,1,unknown,0
39,services,married,secondary,no,-1786,yes,yes,cellular,4,2,unknown,0
44,management,married,tertiary,no,10575,yes,no,telephone,10,2,failure,0
26,entrepreneur,single,primary,no,-219,yes,no,cellular,5,1,failure,0
33,entrepreneur,married,tertiary,no,-3212,yes,no,unknown,2,0,unknown,0
29,technician,married,secondary,no,-2417,no,no,cellular,3,0,unknown,0
32,self-employed,married,tertiary,no,-2428,no,no,cellular,4,0,unknown,0
42,housemaid,married,secondary,no,961,no,no,cellular,6,3,failure,0
38,admin.,married,secondary,no,12652,no,no,cellular,5,0,unknown,0
28,management,divorced,tertiary,no,-646,no,no,unknown,7,0,unknown,0
80,retired,married,tertiary,no,-2086,no,yes,cellular,4,3,success,0
37,blue-collar,single,primary,no,3602,yes,no,unknown,2,2,unknown,0
51,management,divorced,tertiary,no,2929,yes,no,unknown,3,1,unknown,0
31,management,single,secondary,no,1510,no,no,cellular,2,2,failure,0
27,management,single,tertiary,no,4773,yes,no,telephone,5,1,unknown,0
39,blue-collar,married,secondary,no,2448,yes,no,cellular,2,1,unknown,0
27,unemployed,single,secondary,no,983,no,no,cellular,5,0,unknown,0
35,services,married,secondary,no,-443,yes,no,cellular,4,1,unknown,0
35,technician,married,tertiary,no,4135,yes,no,unknown,5,2,unknown,0
43,management,divorced,tertiary,no,1355,yes,no,unknown,6,1,unknown,0
39,management,married,tertiary,no,2673,no,no,unknown,6,0,unknown,0
45,management,married,tertiary,no,2120,yes,no,cellular,3,1,unknown,0
48,management,divorced,tertiary,no,4134,no,yes,unknown,1,1,unknown,0
38,admin.,married,secondary,no,-2259,yes,no,cellular,3,2,unknown,0
35,technician,married,secondary,no,1008,yes,no,cellular,5,1,unknown,0
59,services,married,secondary,no,3989,yes,no,cellular,2,1,unknown,0
59,management,married,secondary,no,-2540,yes,no,unknown,4,1,unknown,0
53,management,married,tertiary,no,844,no,yes,cellular,6,0,unknown,1
29,technician,single,secondary,no,131,yes,no,unknown,5,2,unknown,0
31,blue-collar,married,primary,no,1108,yes,no,cellular,2,1,unknown,0
54,entrepreneur,married,secondary,no,3528,yes,no,cellular,5,1,unknown,0
31,self-employed,single,tertiary,no,-1881,no,no,telephone,4,0,other,0
35,management,single,tertiary,no,10067,no,no,cellular,3,0,unknown,0
36,self-employed,married,secondary,no,-3053,yes,no,cellular,3,7,failure,0
46,entrepreneur,married,tertiary,no,3111,no,no,cellular,3,2,unknown,0
29,services,single,secondary,no,-982,yes,yes,cellular,3,2,unknown,0
28,services,married,secondary,no,1981,yes,no,cellular,2,1,unknown,0
35,management,married,tertiary,no,63,no,no,cellular,2,4,failure,0
30,blue-collar,single,secondary,no,675,yes,no,unknown,1,1,unknown,0
53,blue-collar,married,secondary,no,2583,yes,no,cellular,2,2,unknown,1
21,services,single,secondary,no,-394,no,no,cellular,6,2,unknown,0
38,technician,married,secondary,no,-2022,yes,yes,unknown,4,0,unknown,0
62,retired,divorced,secondary,no,870,no,no,cellular,3,0,unknown,0
33,housemaid,married,tertiary,no,3486,no,no,cellular,10,2,failure,0
38,management,divorced,secondary,no,-3101,no,no,cellular,5,0,unknown,0
60,management,married,tertiary,no,3944,no,no,cellular,4,2,unknown,0
36,self-employed,married,secondary,no,3195,yes,no,unknown,5,1,unknown,1
37,admin.,married,secondary,no,-1154,yes,no,cellular,3,2,success,1
47,entrepreneur,married,primary,no,-2824,yes,yes,unknown,6,1,unknown,1
37,management,married,tertiary,no,-1541,no,no,cellular,3,1,unknown,0
50,unemployed,married,tertiary,no,-346,no,no,cellular,4,1,unknown,0
26,technician,divorced,secondary,no,-571,no,no,cellular,3,0,unknown,0
43,admin.,divorced,secondary,no,9648,yes,no,cellular,3,0,unknown,0
36,management,married,tertiary,no,17520,no,no,cellular,7,2,unknown,0
51,blue-collar,married,primary,no,-1978,yes,no,unknown,3,1,unknown,0
40,management,married,tertiary,no,4075,yes,no,cellular,4,1,unknown,0
44,housemaid,divorced,secondary,no,255,yes,no,cellular,3,0,unknown,0
31,services,married,secondary,no,4964,yes,no,cellular,3,1,unknown,0
26,self-employed,single,primary,no,-821,no,no,cellular,4,0,failure,0
29,management,married,tertiary,no,1874,no,yes,cellular,5,2,failure,0
49,self-employed,divorced,secondary,no,938,yes,no,unknown,3,0,unknown,0
38,admin.,married,secondary,no,3181,yes,no,cellular,2,2,unknown,0
41,blue-collar,married,primary,no,-3081,yes,no,cellular,3,2,unknown,0
36,technician,single,secondary,no,-3180,no,yes,cellular,5,7,other,0
46,blue-collar,married,primary,no,1862,no,no,unknown,4,1,unknown,0
59,blue-collar,divorced,secondary,no,3541,yes,no,cellular,1,1,unknown,0
45,technician,single,secondary,no,-2135,yes,no,unknown,4,1,unknown,0
47,retired,married,secondary,no,3717,no,no,cellular,2,1,other,0
57,management,married,secondary,no,2869,no,no,cellular,4,1,unknown,0
46,technician,divorced,tertiary,no,3765,no,yes,cellular,4,1,unknown,0
33,management,divorced,tertiary,no,1203,no,no,unknown,5,2,unknown,0
36,admin.,single,secondary,no,4891,yes,no,cellular,6,0,unknown,0
49,blue-collar,single,primary,no,765,yes,no,cellular,4,1,unknown,0
36,technician,married,tertiary,no,-604,no,no,cellular,6,1,unknown,0
35,self-employed,married,primary,no,648,no,no,cellular,2,2,unknown,0
45,management,divorced,primary,no,-2231,yes,no,cellular,2,2,unknown,0
55,unemployed,single,secondary,no,2663,no,no,cellular,29,0,unknown,1
49,management,married,tertiary,no,-411,yes,yes,unknown,11,1,unknown,0
34,student,married,secondary,no,-2946,no,no,cellular,5,0,unknown,0
50,self-employed,married,secondary,no,2093,yes,yes,unknown,6,1,unknown,0
57,technician,married,secondary,no,1617,no,yes,cellular,1,2,other,0
57,admin.,divorced,primary,no,-1291,yes,yes,cellular,5,1,success,1
28,technician,single,secondary,no,2991,yes,no,cellular,7,2,unknown,0
37,management,married,tertiary,no,146,yes,no,unknown,5,1,unknown,0
39,unemployed,married,secondary,no,364,no,no,cellular,3,1,unknown,0
29,management,married,tertiary,no,1527,no,yes,cellular,3,0,failure,0
33,technician,single,secondary,no,3643,no,no,cellular,2,2,failure,0
29,housemaid,divorced,primary,no,862,no,no,cellular,3,0,unknown,1
47,admin.,married,secondary,no,669,no,yes,cellular,1,2,unknown,0
30,technician,single,tertiary,no,3785,no,no,telephone,3,2,unknown,0
34,management,married,tertiary,no,-1047,no,no,cellular,4,1,unknown,0
55,services,married,secondary,no,-1044,no,no,telephone,2,0,unknown,0
43,blue-collar,divorced,secondary,no,-1473,yes,no,unknown,5,1,unknown,0
62,management,married,primary,no,954,no,no,unknown,5,0,unknown,0
35,blue-collar,married,primary,no,-1972,no,no,unknown,2,0,failure,1
47,blue-collar,married,unknown,no,-2683,no,no,cellular,10,0,unknown,1
35,management,single,primary,no,-164,yes,no,cellular,4,1,unknown,0
59,management,married,tertiary,no,-481,yes,no,unknown,5,2,unknown,0
43,entrepreneur,married,secondary,no,3347,yes,no,cellular,14,1,failure,0
27,technician,married,tertiary,no,2090,no,no,unknown,4,1,unknown,0
45,technician,married,secondary,no,-2564,no,no,cellular,5,2,unknown,0
36,management,divorced,secondary,no,-3164,no,no,cellular,2,1,unknown,0
34,technician,married,secondary,no,-2753,no,yes,cellular,6,1,unknown,1
26,unemployed,married,secondary,no,-820,yes,no,cellular,3,2,unknown,0
42,student,divorced,secondary,no,2165,no,no,cellular,2,2,unknown,0
36,management,single,tertiary,no,336,no,yes,cellular,3,1,unknown,0
40,admin.,married,secondary,no,365,yes,no,cellular,2,1,unknown,0
34,blue-collar,married,secondary,no,-509,yes,no,unknown,3,2,unknown,0
41,services,divorced,secondary,no,1660,yes,no,unknown,1,2,unknown,0
32,services,married,secondary,no,3688,no,no,cellular,2,0,unknown,0
51,management,married,tertiary,no,570,no,no,unknown,10,1,unknown,0
42,blue-collar,married,secondary,no,2271,no,no,telephone,8,1,unknown,0
42,admin.,married,secondary,no,2449,yes,no,cellular,4,1,unknown,0
32,services,single,secondary,no,3116,yes,no,cellular,7,1,unknown,0
32,admin.,single,secondary,no,-2831,yes,no,cellular,1,1,unknown,0
34,admin.,married,secondary,no,3322,yes,no,cellular,4,2,unknown,0
52,management,married,tertiary,no,11785,no,no,unknown,5,0,unknown,1
51,management,married,tertiary,no,17145,yes,no,cellular,2,1,failure,0
33,management,married,tertiary,no,-3265,no,no,cellular,3,0,unknown,0
51,admin.,married,secondary,no,845,no,no,cellular,1,1,unknown,0
42,blue-collar,divorced,secondary,no,242,yes,no,unknown,5,1,unknown,0
51,admin.,married,secondary,no,207,yes,no,unknown,1,2,unknown,0
59,management,married,tertiary,no,4115,no,no,cellular,5,1,unknown,0
26,blue-collar,married,primary,yes,-1486,yes,no,cellular,2,0,unknown,0
33,blue-collar,married,primary,no,-2192,no,no,cellular,2,2,other,0
47,unemployed,single,tertiary,no,2024,yes,no,unknown,4,2,unknown,0
19,admin.,single,primary,no,909,no,no,telephone,4,2,failure,0
43,management,married,secondary,no,-3217,no,no,cellular,5,2,unknown,1
55,self-employed,married,secondary,no,10379,no,no,cellular,3,1,unknown,0
46,management,divorced,tertiary,no,-3021,yes,yes,cellular,2,1,unknown,0
39,self-employed,divorced,secondary,no,-1148,yes,no,telephone,2,0,unknown,0
36,blue-collar,single,secondary,no,-1791,no,no,cellular,3,0,other,0
46,unknown,married,primary,no,331,yes,no,unknown,2,1,unknown,0
28,technician,single,secondary,no,10905,no,no,cellular,4,0,unknown,1
39,blue-collar,married,secondary,no,-962,yes,no,unknown,5,0,unknown,0
39,management,divorced,tertiary,no,3439,yes,no,unknown,12,2,unknown,0
42,technician,married,secondary,no,-1890,yes,yes,cellular,3,2,failure,1
54,retired,married,tertiary,no,-611,no,no,cellular,4,0,unknown,0
59,unknown,married,unknown,no,1494,no,no,cellular,4,2,unknown,0
46,blue-collar,married,secondary,no,18928,no,no,cellular,4,1,unknown,0
59,retired,married,secondary,no,-834,no,no,cellular,3,0,failure,1
80,retired,married,secondary,no,-170,no,no,cellular,2,0,unknown,0
46,admin.,married,secondary,no,-2529,yes,no,unknown,3,0,unknown,0
41,admin.,married,secondary,no,2612,no,no,cellular,4,0,success,1
34,blue-collar,married,primary,no,248,yes,no,cellular,16,1,unknown,1
26,student,married,unknown,no,-656,yes,no,unknown,6,1,unknown,0
43,management,married,primary,no,693,no,yes,unknown,4,2,unknown,0
36,blue-collar,single,primary,no,9341,no,no,cellular,5,5,failure,0
33,technician,single,secondary,no,-3079,no,no,cellular,4,0,unknown,0
36,technician,single,secondary,no,2219,no,no,cellular,3,2,unknown,0
41,blue-collar,married,primary,no,2326,no,no,cellular,5,1,unknown,0
41,blue-collar,married,secondary,no,1496,yes,no,cellular,2,4,failure,0
30,admin.,single,secondary,no,1624,no,no,cellular,5,0,other,0
60,retired,married,secondary,no,2736,yes,no,cellular,5,0,unknown,0
42,admin.,married,secondary,no,1389,yes,no,cellular,2,4,failure,0
53,self-employed,married,secondary,no,-542,yes,no,cellular,3,2,unknown,0
46,management,married,tertiary,no,-407,no,no,telephone,4,1,unknown,0
58,self-employed,married,tertiary,no,2356,yes,yes,cellular,4,0,unknown,0
59,management,married,tertiary,no,-3244,no,no,unknown,6,0,unknown,0
43,management,married,tertiary,no,85,no,no,cellular,1,2,unknown,0
34,self-employed,married,secondary,no,2900,no,no,cellular,3,2,unknown,0
33,technician,single,secondary,no,-625,yes,yes,unknown,1,0,unknown,0
52,blue-collar,married,primary,no,1995,no,no,cellular,3,1,unknown,0
32,management,married,tertiary,no,2432,yes,no,cellular,1,3,failure,0
40,blue-collar,married,primary,no,-3166,yes,no,cellular,4,1,unknown,0
53,technician,married,secondary,no,3511,yes,no,cellular,1,1,unknown,0
43,management,married,tertiary,no,2393,no,no,cellular,4,2,unknown,0
30,technician,married,secondary,no,-1382,no,no,cellular,4,2,other,1
28,services,single,secondary,no,2021,yes,no,cellular,13,0,unknown,0
50,admin.,married,secondary,no,2640,no,no,cellular,5,3,other,0
38,blue-collar,divorced,primary,no,-361,yes,no,cellular,3,2,unknown,0
50,unemployed,married,secondary,no,2090,no,no,cellular,3,2,unknown,1
50,self-employed,married,secondary,no,4375,no,no,cellular,14,0,unknown,0
38,blue-collar,married,primary,no,-988,yes,yes,cellular,6,2,unknown,0
43,technician,married,secondary,no,3434,yes,no,cellular,5,2,unknown,0
36,entrepreneur,married,secondary,no,1244,no,no,cellular,9,2,unknown,0
46,services,single,secondary,no,4084,no,no,cellular,2,2,unknown,0
33,blue-collar,married,primary,no,3362,yes,no,cellular,6,2,unknown,0
32,services,single,secondary,no,-2856,no,yes,cellular,1,1,unknown,0
34,technician,married,secondary,no,-1364,yes,no,cellular,1,1,failure,0
35,management,single,tertiary,no,-1814,yes,no,unknown,5,2,unknown,0
44,management,married,tertiary,no,11015,no,no,cellular,1,2,unknown,0
37,technician,married,secondary,no,-1973,yes,no,unknown,2,2,unknown,0
52,blue-collar,married,primary,no,10359,yes,no,cellular,2,0,unknown,0
43,blue-collar,married,secondary,no,1042,yes,no,cellular,1,1,unknown,0
70,retired,married,secondary,no,10857,no,no,unknown,2,2,unknown,0
41,unemployed,married,secondary,no,2527,yes,no,unknown,2,0,unknown,0
39,admin.,married,unknown,no,-2664,no,no,unknown,3,0,unknown,0
56,unknown,married,unknown,no,2522,no,no,cellular,6,2,unknown,0
47,technician,married,secondary,no,693,yes,no,cellular,1,2,unknown,0
47,housemaid,married,primary,no,-909,no,no,cellular,3,1,unknown,1
52,admin.,married,secondary,no,-2230,no,no,cellular,6,1,unknown,0
46,blue-collar,divorced,secondary,no,-1625,yes,no,unknown,1,2,unknown,0
44,management,married,unknown,no,1025,yes,no,unknown,2,1,unknown,0
69,retired,married,secondary,no,-512,no,no,cellular,3,3,success,1
32,blue-collar,single,secondary,no,-1844,yes,no,cellular,3,1,success,0
55,management,married,tertiary,no,10696,no,no,telephone,3,0,unknown,0
33,management,married,secondary,no,-172,yes,no,unknown,3,1,unknown,0
40,management,married,secondary,no,-2907,no,yes,cellular,3,0,unknown,0
47,services,married,secondary,no,-1541,no,no,cellular,4,1,success,1
37,blue-collar,married,secondary,no,2078,yes,no,cellular,3,2,unknown,1
78,retired,married,secondary,no,-2378,no,no,cellular,2,4,success,0
34,blue-collar,married,secondary,no,3844,yes,no,unknown,8,1,unknown,0
54,admin.,married,primary,no,-499,yes,no,cellular,6,0,unknown,1
27,technician,married,tertiary,no,3047,yes,yes,cellular,5,0,unknown,0
32,technician,married,tertiary,no,-810,no,no,cellular,2,1,unknown,0
54,unemployed,single,primary,no,4000,yes,no,cellular,2,1,unknown,0
36,technician,married,secondary,no,1230,yes,no,cellular,7,2,unknown,0
29,admin.,single,secondary,no,-2874,no,no,cellular,4,0,failure,0
39,blue-collar,married,secondary,no,-505,yes,no,unknown,3,2,unknown,0
30,technician,divorced,secondary,no,2191,no,no,cellular,2,1,unknown,0
33,admin.,married,secondary,no,3981,yes,no,cellular,5,1,failure,0
32,services,single,secondary,no,-1242,yes,no,unknown,2,2,unknown,0
35,management,married,tertiary,no,8880,no,no,cellular,10,2,unknown,0
50,management,married,tertiary,no,1689,no,yes,cellular,2,2,unknown,0
45,management,married,tertiary,no,1707,no,yes,cellular,7,1,unknown,0
37,management,single,tertiary,no,14,yes,no,unknown,4,0,unknown,0
51,entrepreneur,single,tertiary,no,23358,yes,no,cellular,6,2,success,1
33,technician,single,secondary,no,-134,yes,no,cellular,2,1,unknown,0
35,management,divorced,tertiary,no,2470,no,no,cellular,6,2,unknown,0
30,blue-collar,married,primary,no,-955,yes,no,cellular,1,0,unknown,1
66,blue-collar,married,primary,no,3427,yes,no,unknown,2,0,unknown,0
41,technician,married,tertiary,no,-3207,no,no,unknown,4,1,unknown,0
32,services,single,secondary,no,1991,yes,no,cellular,1,2,unknown,0
37,management,married,tertiary,no,983,no,no,cellular,2,2,unknown,0
32,technician,married,secondary,no,2670,no,no,cellular,1,1,unknown,0
29,admin.,single,secondary,no,3278,yes,no,cellular,15,2,unknown,0
24,blue-collar,single,secondary,no,-1393,no,no,cellular,4,2,unknown,0
29,technician,single,secondary,no,3275,yes,no,cellular,3,1,failure,1
57,admin.,married,secondary,no,1706,no,yes,cellular,5,2,unknown,0
29,blue-collar,single,secondary,no,-867,yes,no,cellular,5,2,unknown,0
39,management,married,tertiary,no,2550,no,no,cellular,1,11,failure,0
29,technician,single,secondary,no,-2569,no,yes,unknown,4,2,unknown,0
38,admin.,divorced,secondary,no,-3311,no,no,unknown,6,1,unknown,0
44,blue-collar,married,primary,no,-2033,yes,yes,unknown,9,1,unknown,0
42,blue-collar,divorced,primary,no,2188,no,no,cellular,5,1,unknown,0
75,retired,divorced,tertiary,no,9423,no,no,cellular,5,1,unknown,0
28,services,married,secondary,no,3205,yes,no,cellular,6,2,unknown,0
52,management,single,tertiary,no,-1898,no,no,unknown,4,1,unknown,0
35,technician,single,secondary,no,3559,no,no,cellular,1,4,failure,0
35,technician,single,tertiary,no,61,yes,yes,cellular,3,1,unknown,0
44,blue-collar,married,primary,no,2017,yes,no,cellular,4,1,unknown,0
28,blue-collar,single,secondary,no,-1230,yes,no,cellular,6,0,unknown,0
38,housemaid,single,primary,no,3791,yes,no,cellular,3,1,failure,0
24,blue-collar,single,secondary,no,4477,no,no,cellular,4,1,unknown,0
39,housemaid,single,secondary,no,3680,no,yes,telephone,2,0,unknown,0
58,self-employed,married,secondary,no,7262,no,no,cellular,1,2,success,0
29,services,single,secondary,no,3681,yes,no,cellular,6,2,unknown,0
33,housemaid,married,secondary,no,3851,no,yes,cellular,6,0,success,1
25,self-employed,single,tertiary,yes,4100,no,no,cellular,2,5,success,1
42,technician,married,tertiary,no,3741,yes,no,cellular,10,1,unknown,0
26,management,single,tertiary,no,454,yes,no,unknown,1,1,unknown,0
39,management,single,tertiary,no,-62,no,no,cellular,4,1,unknown,0
51,services,married,secondary,no,-1794,no,yes,cellular,14,1,unknown,0
20,blue-collar,married,primary,no,695,yes,no,unknown,6,2,unknown,0
41,technician,married,secondary,no,-1483,yes,no,cellular,3,6,other,0
42,services,married,secondary,no,-3061,yes,no,cellular,6,1,unknown,0
32,technician,single,tertiary,no,9172,yes,no,unknown,2,2,unknown,0
33,management,divorced,tertiary,no,3214,no,no,cellular,2,1,unknown,0
34,entrepreneur,single,primary,no,-946,no,no,cellular,5,2,unknown,0
44,blue-collar,divorced,secondary,no,-3278,no,no,cellular,5,2,unknown,0
27,management,single,tertiary,no,-365,yes,no,cellular,5,0,unknown,0
36,services,single,secondary,no,2245,yes,no,unknown,6,1,unknown,0
27,services,single,secondary,no,-2498,no,yes,telephone,5,1,unknown,0
32,services,single,secondary,no,-664,yes,no,cellular,4,2,unknown,0
26,blue-collar,married,secondary,no,-2153,no,yes,cellular,4,1,unknown,0
41,management,single,tertiary,no,-2453,no,no,cellular,1,0,unknown,0
50,admin.,married,secondary,no,3442,yes,no,cellular,3,0,unknown,0
47,blue-collar,married,primary,no,4017,yes,no,cellular,3,2,unknown,0
34,admin.,married,tertiary,no,2315,yes,no,unknown,3,2,unknown,0
63,retired,single,secondary,no,-755,no,yes,cellular,4,2,unknown,0
45,unemployed,married,tertiary,no,7952,no,no,cellular,3,2,unknown,0
38,technician,single,secondary,no,1144,yes,no,unknown,2,1,unknown,0
48,technician,divorced,tertiary,no,-2088,no,no,cellular,5,2,unknown,0
33,services,married,secondary,no,-1236,yes,no,unknown,14,1,unknown,0
29,entrepreneur,single,secondary,no,2649,no,no,cellular,3,1,failure,1
29,services,married,tertiary,no,-2499,no,no,cellular,5,2,unknown,0
58,management,married,tertiary,no,3750,no,no,cellular,10,1,unknown,0
54,admin.,married,secondary,no,6224,no,no,cellular,6,1,unknown,0
41,management,married,tertiary,no,1072,yes,no,cellular,2,1,failure,0
57,management,married,primary,no,-1668,no,no,cellular,24,2,unknown,0
49,management,married,tertiary,no,10784,yes,no,cellular,5,0,success,1
37,self-employed,married,secondary,no,-440,yes,no,telephone,4,1,unknown,0
54,management,single,secondary,no,8210,yes,no,cellular,5,2,unknown,0
28,management,married,tertiary,no,-2885,no,no,unknown,5,0,unknown,0
26,unemployed,married,tertiary,no,2411,no,no,cellular,4,1,unknown,0
56,admin.,married,secondary,no,-3086,no,yes,cellular,30,0,unknown,0
54,blue-collar,married,secondary,no,2677,no,no,cellular,3,2,unknown,0
30,technician,married,secondary,no,-1080,yes,no,cellular,2,3,failure,0
47,services,married,primary,no,1556,no,no,cellular,5,1,unknown,0
50,housemaid,divorced,primary,no,2298,no,no,cellular,3,0,unknown,0
30,blue-collar,married,primary,no,-2183,yes,no,cellular,1,1,unknown,0
58,management,married,tertiary,no,3649,no,no,cellular,6,2,failure,1
56,blue-collar,married,primary,no,3243,yes,no,cellular,5,2,unknown,1
36,blue-collar,married,secondary,no,3278,yes,no,cellular,6,1,unknown,0
29,blue-collar,married,secondary,no,-168,yes,no,cellular,3,0,success,0
30,blue-collar,married,secondary,no,-1246,yes,no,cellular,5,1,unknown,0
44,admin.,married,secondary,no,-2682,no,no,cellular,3,1,unknown,0
27,management,single,tertiary,no,-646,yes,no,cellular,10,1,unknown,0
48,admin.,married,secondary,no,3160,yes,no,unknown,5,1,unknown,0
52,management,married,secondary,no,2557,yes,no,unknown,10,2,unknown,0
33,entrepreneur,single,tertiary,no,-2022,no,no,cellular,2,0,failure,0
53,services,married,secondary,no,375,yes,no,unknown,15,2,unknown,0
31,technician,single,tertiary,no,3719,no,no,unknown,1,0,unknown,0
44,blue-collar,single,primary,no,2537,yes,no,unknown,4,1,unknown,0
34,blue-collar,married,secondary,no,-2674,yes,no,cellular,2,2,unknown,0
36,admin.,divorced,tertiary,no,-3308,no,no,cellular,6,2,unknown,0
30,self-employed,married,unknown,no,3917,yes,yes,unknown,3,1,unknown,0
47,self-employed,married,tertiary,no,-374,yes,no,cellular,3,1,other,0
35,technician,single,tertiary,no,6880,yes,no,cellular,5,2,unknown,0
58,admin.,married,secondary,no,-1308,yes,yes,cellular,1,1,other,0
57,retired,married,primary,no,238,yes,no,cellular,5,2,success,1
52,housemaid,married,primary,no,-515,no,yes,telephone,4,3,failure,0
21,student,single,secondary,yes,6430,no,no,unknown,1,0,unknown,0
51,technician,married,secondary,no,-2759,yes,no,unknown,5,2,unknown,0
65,retired,married,secondary,no,3517,no,no,cellular,3,2,unknown,0
50,technician,married,secondary,no,2269,yes,no,cellular,4,2,unknown,0
37,admin.,divorced,secondary,no,-1898,no,no,cellular,2,0,failure,1
25,management,single,tertiary,no,3942,yes,no,cellular,5,0,unknown,0
43,admin.,married,secondary,no,2709,no,no,cellular,5,2,unknown,0
32,unemployed,married,secondary,no,-2007,no,no,cellular,1,0,failure,0
32,blue-collar,divorced,secondary,no,-3060,yes,no,cellular,3,1,unknown,1
34,admin.,married,secondary,no,-1357,yes,no,cellular,2,3,failure,1
27,unemployed,single,tertiary,no,-981,yes,no,unknown,3,2,unknown,0
22,blue-collar,single,secondary,no,-3036,yes,no,cellular,1,2,success,1
29,management,married,tertiary,no,241,yes,no,cellular,4,2,unknown,0
38,blue-collar,married,secondary,no,-3085,yes,no,cellular,2,2,unknown,0
31,management,single,tertiary,no,-246,yes,no,unknown,5,2,unknown,0
57,management,married,tertiary,yes,426,yes,no,cellular,11,1,unknown,0
38,retired,married,secondary,no,6332,no,no,telephone,9,5,success,1
57,retired,married,secondary,no,-471,no,no,telephone,2,0,unknown,0
39,management,married,tertiary,no,-2618,yes,no,cellular,1,2,unknown,0
50,management,married,secondary,no,-3156,no,no,cellular,5,1,unknown,0
47,management,married,tertiary,no,-3030,yes,no,unknown,4,2,unknown,0
28,unemployed,single,secondary,no,1700,no,no,cellular,2,1,failure,0
45,unemployed,single,primary,no,-33,yes,no,cellular,4,2,unknown,0
33,management,married,primary,no,8998,no,no,cellular,1,1,unknown,0
43,blue-collar,single,primary,no,-2876,yes,no,unknown,4,1,unknown,0
32,management,single,tertiary,no,1315,no,yes,cellular,3,1,unknown,0
38,management,married,tertiary,no,-1978,yes,no,cellular,1,1,unknown,0
53,admin.,divorced,secondary,no,2980,yes,no,cellular,3,2,other,0
31,services,single,secondary,no,-2733,yes,no,cellular,1,2,unknown,0
33,entrepreneur,married,tertiary,no,1556,yes,no,unknown,1,2,unknown,0
46,technician,married,tertiary,no,946,yes,no,unknown,5,2,unknown,1
45,services,married,secondary,no,-1396,no,yes,cellular,9,1,failure,0
29,student,single,secondary,no,-682,yes,no,cellular,2,1,unknown,0
42,management,married,tertiary,no,2937,no,no,cellular,5,2,other,1
30,admin.,single,secondary,no,3797,yes,no,cellular,6,1,unknown,0
59,technician,married,tertiary,no,14707,yes,no,cellular,1,3,failure,1
32,blue-collar,divorced,secondary,no,2718,yes,no,cellular,5,2,unknown,0
60,housemaid,married,secondary,no,26437,no,no,cellular,2,0,unknown,0
27,technician,married,secondary,no,-2358,yes,no,unknown,5,0,unknown,0
42,technician,married,secondary,no,-1806,yes,no,unknown,4,1,unknown,0
54,management,married,secondary,no,-806,no,no,cellular,3,0,unknown,0
29,technician,married,tertiary,no,-1728,yes,no,unknown,4,1,unknown,1
38,self-employed,divorced,tertiary,no,2044,yes,no,cellular,5,12,other,1
35,blue-collar,divorced,secondary,no,3163,yes,yes,unknown,24,2,unknown,0
37,technician,single,secondary,no,-479,no,yes,unknown,2,2,unknown,0
27,blue-collar,single,primary,no,-981,yes,no,cellular,5,2,failure,0
39,services,single,secondary,no,-968,yes,no,cellular,5,0,unknown,0
44,entrepreneur,single,tertiary,no,1479,no,yes,cellular,2,4,failure,0
34,entrepreneur,divorced,secondary,no,-2771,yes,no,cellular,3,2,unknown,0
64,retired,single,secondary,no,4650,yes,no,unknown,6,1,unknown,0
32,management,single,unknown,no,3428,no,no,telephone,3,0,unknown,0
41,admin.,married,secondary,no,3251,yes,no,unknown,4,0,unknown,0
64,retired,married,primary,no,-2823,yes,no,unknown,3,0,unknown,1
31,management,single,tertiary,no,9144,no,no,unknown,8,1,unknown,0
34,blue-collar,married,primary,no,3857,yes,no,unknown,4,1,unknown,0
56,management,married,tertiary,no,1833,yes,no,cellular,4,2,unknown,0
34,management,married,secondary,no,4296,no,no,cellular,2,6,success,1
54,retired,married,secondary,no,9100,yes,no,unknown,7,2,unknown,0
41,blue-collar,married,primary,no,5630,no,no,cellular,4,1,unknown,0
35,services,single,secondary,no,4586,yes,yes,cellular,3,1,success,1
39,management,married,secondary,no,4103,no,no,cellular,2,2,unknown,0
27,entrepreneur,married,tertiary,no,2227,no,no,cellular,5,0,unknown,0
35,self-employed,married,tertiary,no,2841,yes,no,cellular,4,2,unknown,0
34,management,married,tertiary,no,-1033,no,no,cellular,5,0,unknown,1
38,services,married,primary,no,1154,yes,no,cellular,1,1,unknown,0
38,services,married,secondary,no,-2207,yes,no,cellular,2,1,unknown,0
25,admin.,married,tertiary,no,1712,no,no,cellular,3,1,failure,0
27,management,single,tertiary,no,3918,no,no,cellular,3,1,unknown,0
40,technician,married,unknown,no,3996,yes,no,unknown,2,1,unknown,0
55,management,married,tertiary,no,-47,yes,no,unknown,1,1,unknown,0
40,services,married,secondary,no,2536,yes,no,cellular,1,2,unknown,0
28,blue-collar,single,primary,no,95,no,no,cellular,3,1,unknown,0
34,admin.,single,secondary,no,3367,yes,yes,cellular,9,2,unknown,0
53,retired,married,secondary,no,1975,no,no,cellular,4,2,unknown,0
35,management,single,tertiary,no,-1645,yes,no,cellular,9,1,unknown,0
57,blue-collar,married,primary,no,-2411,yes,no,telephone,5,1,unknown,0
43,blue-collar,married,primary,no,131,yes,no,unknown,3,2,unknown,0
31,management,single,tertiary,yes,-1798,no,no,cellular,2,0,unknown,0
45,technician,divorced,secondary,no,388,yes,no,cellular,6,2,unknown,0
39,management,married,tertiary,no,964,no,no,telephone,2,1,unknown,0
56,management,married,tertiary,no,-2129,no,no,cellular,4,5,other,1
31,technician,married,secondary,no,-497,no,yes,cellular,1,2,unknown,1
61,retired,married,secondary,no,-2091,yes,no,unknown,5,2,unknown,0
56,blue-collar,married,unknown,no,1864,yes,no,cellular,3,2,unknown,0
40,services,married,secondary,no,1190,no,no,cellular,5,2,unknown,0
50,unemployed,married,primary,no,3143,yes,yes,unknown,1,2,unknown,0
42,blue-collar,married,secondary,no,7038,no,no,cellular,4,1,unknown,0
30,management,divorced,tertiary,no,-1849,yes,no,cellular,7,2,unknown,1
33,student,married,unknown,no,363,no,no,cellular,6,1,unknown,0
30,services,married,secondary,no,-995,yes,no,cellular,15,1,unknown,0
49,technician,divorced,secondary,no,-3063,no,no,cellular,1,0,failure,1
51,admin.,married,tertiary,no,3782,no,no,cellular,5,2,unknown,1
41,admin.,married,secondary,no,-2502,yes,no,unknown,5,1,unknown,0
40,blue-collar,married,secondary,no,-1337,yes,no,cellular,5,0,unknown,0
34,technician,married,tertiary,no,-2559,yes,no,cellular,2,1,unknown,0
42,services,married,secondary,no,3136,no,no,cellular,9,1,unknown,0
50,unemployed,divorced,secondary,no,2067,no,no,cellular,6,0,unknown,0
37,admin.,married,secondary,no,1906,no,no,cellular,2,2,unknown,0
37,technician,married,tertiary,no,-2884,no,no,cellular,4,1,unknown,0
29,technician,single,primary,no,650,yes,no,unknown,9,0,unknown,0
33,housemaid,married,tertiary,no,6701,no,no,telephone,4,2,unknown,0
58,blue-collar,divorced,secondary,no,-1229,yes,no,unknown,5,2,unknown,0
34,technician,single,tertiary,no,-1476,yes,no,unknown,6,0,unknown,0
44,blue-collar,married,secondary,no,3349,no,no,unknown,3,1,unknown,1
36,blue-collar,married,primary,no,1811,yes,no,cellular,4,1,unknown,1
42,services,married,secondary,no,-2814,no,no,cellular,3,1,failure,0
36,technician,married,tertiary,no,553,no,no,cellular,6,1,failure,0
36,management,married,tertiary,no,1234,no,no,cellular,6,1,unknown,0
45,management,married,primary,no,14481,yes,no,cellular,6,2,unknown,1
54,housemaid,married,primary,no,315,no,yes,cellular,2,1,unknown,0
42,housemaid,married,primary,no,716,no,no,cellular,3,1,success,0
47,management,married,tertiary,no,1150,no,no,cellular,5,1,unknown,0
36,technician,single,secondary,no,2077,yes,no,unknown,2,2,unknown,0
47,services,married,secondary,no,1502,yes,no,cellular,5,0,failure,0
23,blue-collar,single,primary,no,4105,yes,yes,cellular,4,0,unknown,0
28,admin.,single,secondary,no,2958,no,no,telephone,4,1,unknown,0
52,admin.,married,secondary,no,3753,yes,no,cellular,3,1,failure,0
35,management,married,tertiary,no,2107,yes,no,cellular,1,0,unknown,0
75,retired,divorced,primary,no,-1843,no,no,cellular,2,2,unknown,0
23,student,single,tertiary,no,-2601,no,no,cellular,4,1,unknown,0
86,retired,married,primary,no,-2606,no,no,unknown,5,1,unknown,1
66,housemaid,married,primary,no,-888,no,no,cellular,4,1,unknown,0
29,technician,single,secondary,no,-2146,yes,no,unknown,4,2,unknown,0
27,blue-collar,single,secondary,no,2337,yes,no,cellular,1,1,unknown,0
36,management,single,primary,no,-255,no,no,cellular,5,0,unknown,0
61,management,married,tertiary,no,10168,yes,no,unknown,8,0,unknown,0
31,management,single,secondary,no,2255,no,no,cellular,3,1,failure,0
56,blue-collar,married,primary,no,683,yes,no,unknown,5,2,unknown,0
47,housemaid,single,primary,no,10213,no,no,telephone,2,0,unknown,0
33,services,married,secondary,no,2964,yes,no,unknown,3,2,unknown,0
45,technician,married,secondary,no,2441,yes,no,unknown,7,1,unknown,0
39,services,single,secondary,no,2754,yes,no,unknown,1,2,unknown,0
57,retired,divorced,primary,no,2979,no,no,telephone,4,1,unknown,0
43,blue-collar,married,secondary,no,3631,yes,yes,unknown,3,1,unknown,0
51,management,married,tertiary,no,-3300,no,no,cellular,5,5,other,0
28,services,single,secondary,no,2365,yes,no,unknown,5,0,unknown,0
34,technician,married,secondary,no,-2211,no,yes,cellular,4,4,failure,0
36,retired,married,primary,no,-1371,yes,no,cellular,2,0,unknown,0
34,admin.,married,secondary,no,204,yes,no,unknown,3,0,unknown,1
27,management,single,unknown,no,-1580,no,no,cellular,10,1,unknown,1
63,retired,married,secondary,no,-1446,yes,no,unknown,4,1,unknown,1
43,admin.,married,secondary,no,-1558,yes,no,cellular,2,0,unknown,0
44,entrepreneur,married,primary,no,-3088,no,no,cellular,4,2,unknown,0
47,blue-collar,married,primary,no,1524,yes,no,unknown,1,1,unknown,0
40,blue-collar,married,secondary,no,-381,yes,no,unknown,4,1,unknown,0
53,retired,married,tertiary,no,2397,yes,no,cellular,5,2,unknown,0
59,services,married,secondary,no,3145,yes,no,unknown,3,0,unknown,0
64,unknown,married,unknown,no,3411,no,no,telephone,4,2,failure,0
35,blue-collar,single,primary,no,1991,yes,no,cellular,3,2,unknown,1
46,admin.,married,secondary,no,-1516,no,no,telephone,4,2,unknown,0
57,technician,married,secondary,no,7568,no,no,cellular,5,1,unknown,0
59,unemployed,married,tertiary,no,1599,no,no,cellular,5,0,unknown,0
57,technician,married,secondary,no,-1068,yes,no,cellular,5,2,unknown,0
36,management,married,tertiary,no,1399,yes,no,cellular,6,2,unknown,0
78,retired,married,tertiary,no,5368,no,yes,cellular,4,2,unknown,0
52,admin.,married,secondary,no,254,yes,no,cellular,6,2,unknown,1
42,blue-collar,married,secondary,no,1214,yes,no,cellular,6,1,unknown,0
35,admin.,married,secondary,no,959,no,no,cellular,1,2,unknown,0
28,unemployed,married,tertiary,no,3013,no,no,cellular,1,2,unknown,0
32,management,married,tertiary,no,1508,yes,no,unknown,4,1,unknown,0
43,admin.,married,secondary,no,133,yes,no,cellular,2,1,unknown,0
37,blue-collar,married,secondary,no,-2908,no,no,cellular,3,1,unknown,0
28,admin.,single,secondary,no,1473,no,no,cellular,4,0,unknown,0
34,admin.,married,secondary,no,3929,yes,no,cellular,2,1,unknown,0
52,blue-collar,married,primary,no,9394,yes,no,cellular,5,2,unknown,0
60,management,married,tertiary,no,1247,yes,no,unknown,3,0,unknown,0
37,blue-collar,single,secondary,no,4465,no,yes,cellular,1,0,unknown,0
44,management,married,tertiary,no,2054,yes,no,cellular,9,2,unknown,0
49,admin.,married,secondary,no,-941,no,no,cellular,3,3,failure,0
37,technician,divorced,secondary,no,1323,yes,yes,unknown,2,1,unknown,0
58,retired,divorced,primary,no,1638,no,no,telephone,5,1,unknown,1
60,technician,married,secondary,no,-2538,no,no,cellular,5,1,unknown,0
50,self-employed,married,tertiary,no,2134,no,no,cellular,3,2,unknown,0
43,technician,married,tertiary,no,-668,no,yes,cellular,6,1,unknown,0
36,technician,married,tertiary,no,505,no,no,cellular,2,1,unknown,0
38,technician,single,unknown,no,-2714,yes,no,cellular,1,1,unknown,0
42,admin.,single,secondary,no,-1045,yes,yes,unknown,5,1,unknown,1
46,technician,single,secondary,no,-2917,yes,no,unknown,5,0,unknown,1
51,management,divorced,tertiary,no,-1086,yes,no,cellular,4,0,unknown,0
33,technician,married,primary,no,2879,yes,no,cellular,4,1,unknown,0
52,services,divorced,secondary,no,-3281,no,no,unknown,3,1,unknown,0
43,admin.,married,secondary,no,604,no,yes,cellular,5,3,failure,0
40,management,single,tertiary,no,8457,no,no,unknown,5,1,unknown,0
35,technician,married,secondary,no,1166,yes,no,cellular,3,0,unknown,1
58,management,married,tertiary,no,877,yes,yes,unknown,1,0,unknown,0
53,retired,divorced,primary,no,-3129,no,no,unknown,2,1,unknown,1
38,blue-collar,married,secondary,no,-945,no,no,unknown,5,2,unknown,0
43,blue-collar,married,primary,no,2747,yes,no,unknown,2,1,unknown,0
39,admin.,single,secondary,no,2789,yes,yes,cellular,10,0,unknown,0
51,management,married,tertiary,no,2173,no,no,cellular,7,1,unknown,0
28,management,single,tertiary,no,-2677,yes,no,unknown,1,0,unknown,0
38,admin.,married,secondary,no,-75,no,no,telephone,6,0,failure,1
32,services,married,secondary,no,2485,yes,no,unknown,2,2,unknown,0
59,blue-collar,married,unknown,no,-1064,yes,no,unknown,2,1,unknown,0
42,technician,married,secondary,no,1485,yes,no,unknown,4,0,unknown,1
31,services,single,secondary,no,2384,yes,no,unknown,10,2,unknown,0
28,technician,single,secondary,no,3246,yes,no,unknown,5,1,unknown,0
52,blue-collar,married,secondary,no,-2075,yes,no,unknown,3,0,unknown,0
61,housemaid,married,primary,no,3002,no,no,cellular,3,1,unknown,0
46,blue-collar,married,secondary,no,2890,yes,no,unknown,3,2,unknown,0
47,management,married,tertiary,no,905,no,no,telephone,5,2,unknown,0
40,technician,married,secondary,no,-3161,no,no,cellular,2,1,success,1
29,blue-collar,married,primary,no,2675,yes,no,cellular,2,1,unknown,0
39,technician,divorced,tertiary,no,2111,yes,no,cellular,3,1,unknown,0
33,technician,married,secondary,no,2348,yes,no,cellular,2,2,unknown,0
46,management,married,tertiary,no,1642,yes,no,unknown,9,1,unknown,0
31,management,single,tertiary,no,-210,yes,yes,cellular,3,1,unknown,0
63,unknown,married,unknown,no,-3136,no,no,cellular,3,6,failure,0
34,technician,single,secondary,no,-224,yes,no,cellular,4,4,failure,1
48,housemaid,married,secondary,no,2162,no,no,telephone,3,1,unknown,0
36,unemployed,married,secondary,no,3597,yes,no,cellular,2,0,unknown,0
59,self-employed,married,tertiary,no,3361,yes,no,cellular,1,0,unknown,0
34,technician,single,secondary,no,-689,no,no,unknown,7,1,unknown,0
27,admin.,married,tertiary,no,-446,yes,no,cellular,3,2,unknown,1
63,retired,married,secondary,no,-3065,no,no,cellular,3,1,unknown,0
58,admin.,married,primary,no,-2134,yes,yes,unknown,1,2,unknown,0
28,blue-collar,married,primary,no,-1146,yes,no,cellular,5,1,unknown,0
44,blue-collar,married,secondary,no,-1462,yes,no,cellular,2,0,unknown,1
51,admin.,married,secondary,no,-123,yes,no,unknown,2,2,unknown,0
39,admin.,married,tertiary,no,-1748,yes,no,unknown,2,2,unknown,0
39,management,single,secondary,no,-1703,yes,no,unknown,3,0,unknown,0
33,management,single,tertiary,no,-2057,no,no,cellular,4,1,failure,0
46,technician,married,secondary,no,1739,yes,no,cellular,4,1,unknown,0
34,management,single,tertiary,no,4424,yes,yes,telephone,4,1,unknown,0
28,technician,married,secondary,no,976,yes,no,unknown,1,2,unknown,0
54,services,married,secondary,no,-2799,yes,no,cellular,5,1,unknown,0
36,technician,single,secondary,no,3475,no,no,cellular,2,0,unknown,0
59,retired,married,tertiary,no,1161,no,no,cellular,4,1,unknown,0
38,admin.,single,secondary,no,1329,yes,no,cellular,5,1,unknown,1
41,management,married,primary,no,119,no,no,cellular,14,7,failure,0
49,management,married,tertiary,no,-3128,no,no,cellular,4,1,success,0
33,blue-collar,married,primary,no,10539,yes,no,cellular,2,1,other,0
47,blue-collar,divorced,secondary,no,6976,no,no,cellular,5,1,unknown,0
47,admin.,married,secondary,no,-2460,yes,no,unknown,3,0,unknown,0
43,blue-collar,single,secondary,no,-501,yes,no,cellular,9,2,unknown,0
56,entrepreneur,married,secondary,no,-2517,yes,yes,cellular,7,0,failure,1
30,services,married,secondary,no,3126,yes,yes,unknown,3,1,unknown,0
47,management,married,secondary,no,-2986,no,no,unknown,4,2,unknown,0
35,blue-collar,married,secondary,no,-2900,no,no,cellular,5,1,unknown,0
53,unknown,married,unknown,no,9748,no,no,cellular,4,0,unknown,0
64,retired,married,secondary,no,-1749,no,yes,telephone,6,2,unknown,1
31,admin.,married,secondary,no,36,yes,no,cellular,5,0,failure,0
63,retired,married,primary,no,3695,no,no,cellular,1,1,unknown,0
20,student,single,tertiary,no,658,yes,no,cellular,3,2,unknown,0
54,retired,married,secondary,no,-3060,no,no,cellular,3,0,unknown,0
36,self-employed,single,secondary,no,6664,no,no,cellular,11,2,unknown,0
26,management,single,tertiary,no,4050,yes,no,unknown,3,1,unknown,0
37,blue-collar,married,secondary,no,100,yes,no,unknown,3,2,unknown,0
43,admin.,divorced,primary,no,1117,no,yes,cellular,4,2,unknown,0
58,technician,married,tertiary,no,2148,no,no,telephone,1,1,unknown,0
26,blue-collar,single,primary,no,1702,yes,yes,cellular,5,2,unknown,0
45,admin.,single,secondary,no,-2076,no,yes,cellular,3,1,unknown,0
36,management,single,tertiary,no,10777,yes,no,cellular,4,0,unknown,0
35,blue-collar,divorced,secondary,no,271,no,no,cellular,5,0,unknown,0
28,blue-collar,single,secondary,no,2685,no,no,cellular,5,1,unknown,0
42,admin.,single,tertiary,no,128,yes,no,cellular,3,2,failure,0
47,entrepreneur,married,primary,no,-1050,yes,no,cellular,4,1,unknown,0
30,blue-collar,married,secondary,no,-2667,yes,no,unknown,17,0,unknown,0
32,student,married,unknown,no,-2891,no,no,cellular,2,1,unknown,0
28,management,single,tertiary,no,2759,no,yes,cellular,5,0,unknown,0
60,blue-collar,divorced,primary,no,-614,yes,no,cellular,2,1,unknown,0
53,technician,married,secondary,no,2868,yes,no,cellular,2,2,unknown,0
39,management,single,tertiary,no,1988,no,no,cellular,1,1,failure,0
40,blue-collar,married,unknown,no,960,yes,yes,cellular,4,2,unknown,0
54,retired,married,primary,no,715,no,no,cellular,3,1,failure,0
32,technician,divorced,secondary,no,-1319,no,yes,cellular,2,2,failure,0
28,admin.,single,secondary,no,1267,yes,no,cellular,3,2,unknown,0
31,blue-collar,married,primary,no,-1019,yes,no,cellular,5,1,unknown,0
29,blue-collar,single,primary,no,2640,yes,no,cellular,4,1,unknown,1
42,technician,married,tertiary,no,-867,no,no,cellular,5,1,unknown,0
48,services,married,secondary,no,-3012,yes,yes,cellular,1,0,success,1
32,services,single,secondary,no,-92,no,no,unknown,3,2,unknown,1
35,blue-collar,single,secondary,no,-2480,no,no,cellular,5,0,unknown,0
48,technician,divorced,secondary,no,-1515,no,no,cellular,2,2,unknown,0
35,management,married,tertiary,no,5271,yes,no,cellular,6,1,unknown,0
48,blue-collar,divorced,primary,no,1863,no,no,unknown,3,2,unknown,0
46,blue-collar,divorced,secondary,no,446,yes,no,cellular,3,1,unknown,0
32,admin.,single,secondary,no,536,yes,no,cellular,6,2,unknown,0
28,admin.,married,secondary,no,383,no,no,cellular,5,2,unknown,0
36,management,married,tertiary,no,132,yes,no,telephone,4,2,unknown,0
35,services,divorced,secondary,no,-1598,no,no,cellular,4,4,success,1
45,unemployed,married,tertiary,no,1688,no,no,cellular,4,1,success,0
59,entrepreneur,married,primary,no,4073,yes,no,cellular,4,1,unknown,1
27,housemaid,single,tertiary,no,-632,no,no,cellular,5,0,unknown,0
43,blue-collar,married,secondary,no,2631,yes,no,unknown,4,1,unknown,0
45,blue-collar,married,secondary,no,2297,yes,no,unknown,6,2,unknown,0
43,technician,divorced,secondary,no,4739,yes,no,cellular,13,1,unknown,0
28,services,divorced,secondary,no,-501,yes,no,unknown,5,1,unknown,0
58,services,married,secondary,no,1294,yes,no,cellular,2,0,unknown,0
57,technician,married,unknown,no,2759,no,yes,telephone,1,2,unknown,0
43,management,married,unknown,no,458,yes,no,cellular,3,0,unknown,0
66,retired,single,secondary,no,-1999,no,no,telephone,6,2,unknown,0
57,services,married,primary,no,-2079,yes,no,unknown,4,2,unknown,0
34,blue-collar,married,primary,no,-2665,yes,no,unknown,3,2,unknown,0
53,management,single,secondary,no,7896,yes,no,unknown,5,2,unknown,0
42,unemployed,married,secondary,no,2777,yes,no,unknown,3,1,unknown,0
39,technician,married,tertiary,no,-682,no,no,unknown,5,0,unknown,0
49,management,married,tertiary,no,6177,yes,no,unknown,6,2,unknown,0
42,services,married,secondary,no,-2716,yes,no,cellular,2,1,unknown,0
48,management,married,tertiary,no,1424,no,no,cellular,7,23,other,0
40,self-employed,married,secondary,no,509,no,no,cellular,4,2,unknown,0
32,admin.,divorced,secondary,no,3001,yes,no,unknown,3,1,unknown,0
28,management,married,tertiary,no,3205,no,no,unknown,3,1,unknown,0
27,blue-collar,single,secondary,no,3259,yes,no,cellular,4,2,success,1
61,retired,married,secondary,no,-1732,no,no,cellular,1,3,failure,0
28,blue-collar,married,secondary,no,67,yes,no,unknown,4,2,unknown,0
30,management,single,tertiary,no,-996,yes,no,telephone,5,0,unknown,0
57,services,married,secondary,no,1242,yes,no,cellular,4,5,other,0
35,blue-collar,single,secondary,no,-2088,yes,no,unknown,2,2,unknown,1
36,management,single,secondary,no,2545,yes,no,cellular,1,0,unknown,0
45,blue-collar,divorced,primary,no,-3180,yes,no,cellular,5,1,unknown,0
40,technician,divorced,secondary,no,2084,yes,no,unknown,2,2,unknown,0
53,housemaid,married,primary,no,3723,yes,no,cellular,3,1,unknown,1
30,management,divorced,tertiary,no,-1401,yes,no,unknown,3,0,unknown,0
35,technician,married,secondary,no,-2082,no,no,cellular,6,2,unknown,1
50,entrepreneur,married,tertiary,no,772,yes,no,cellular,3,3,failure,0
50,blue-collar,married,secondary,no,2105,no,yes,cellular,3,1,unknown,0
52,entrepreneur,married,tertiary,no,3211,yes,yes,unknown,3,2,unknown,0
55,retired,married,secondary,no,-1430,no,yes,cellular,5,2,unknown,0
33,blue-collar,single,secondary,no,272,yes,no,unknown,2,1,unknown,0
33,technician,married,secondary,no,3039,no,no,unknown,11,1,unknown,0
31,admin.,single,secondary,no,818,no,no,unknown,2,0,unknown,0
28,management,single,tertiary,no,-2138,no,no,unknown,9,2,unknown,0
34,student,single,secondary,no,2624,no,yes,unknown,3,1,unknown,0
44,blue-collar,married,secondary,no,5,no,no,cellular,6,2,other,0
34,entrepreneur,divorced,secondary,no,-1974,no,no,cellular,5,1,unknown,0
19,student,single,secondary,no,542,yes,no,cellular,2,2,failure,0
30,management,single,tertiary,no,1543,no,no,cellular,5,1,unknown,0
31,admin.,single,tertiary,no,-2687,yes,no,unknown,2,1,unknown,0
42,blue-collar,married,primary,no,1986,yes,no,cellular,4,2,unknown,1
34,technician,single,tertiary,no,648,yes,yes,unknown,5,1,unknown,0
28,self-employed,married,secondary,no,3987,no,yes,unknown,2,2,unknown,0
38,blue-collar,divorced,secondary,no,-1881,yes,yes,cellular,11,1,other,0
45,services,married,secondary,no,-311,yes,no,unknown,2,1,unknown,0
27,housemaid,single,unknown,no,1604,no,no,unknown,4,2,unknown,0
77,retired,divorced,secondary,no,3349,no,no,unknown,3,9,other,1
45,blue-collar,divorced,secondary,no,-627,yes,no,cellular,5,1,failure,0
30,management,single,secondary,no,9783,no,no,cellular,6,2,unknown,0
28,technician,single,secondary,no,-2721,yes,no,unknown,1,1,unknown,1
36,management,married,tertiary,no,4086,no,no,telephone,4,4,other,0
32,blue-collar,single,primary,no,2186,yes,yes,cellular,1,4,failure,0
30,entrepreneur,single,secondary,no,-311,yes,no,cellular,4,2,unknown,0
36,management,married,tertiary,no,-390,no,no,telephone,1,2,failure,0
43,management,married,tertiary,no,2573,no,no,unknown,2,1,unknown,1
36,management,married,tertiary,no,-758,no,no,cellular,4,2,failure,0
20,blue-collar,single,primary,no,1808,yes,yes,cellular,1,2,other,0
31,management,married,secondary,no,-2204,no,no,cellular,1,0,unknown,0
47,technician,married,secondary,no,1036,no,yes,cellular,3,0,unknown,0
38,management,divorced,tertiary,no,3462,yes,yes,cellular,2,0,unknown,0
32,management,single,secondary,no,1586,no,no,cellular,11,0,unknown,0
39,blue-collar,single,primary,no,1404,yes,no,cellular,10,0,unknown,0
43,blue-collar,married,primary,no,-2104,yes,yes,unknown,4,1,unknown,0
40,blue-collar,married,primary,no,544,yes,no,cellular,1,2,unknown,0
41,blue-collar,single,secondary,no,2690,no,no,telephone,4,2,unknown,1
30,admin.,married,secondary,no,1413,yes,no,unknown,6,0,unknown,1
31,student,married,unknown,no,-1774,no,no,cellular,5,2,unknown,1
36,technician,married,secondary,no,-2167,no,no,cellular,2,2,unknown,0
38,blue-collar,single,primary,no,-659,yes,no,cellular,15,2,unknown,0
33,admin.,married,secondary,no,3903,yes,yes,cellular,3,2,unknown,0
29,technician,married,tertiary,no,21,no,no,cellular,1,5,other,1
55,management,single,unknown,no,-3153,yes,no,cellular,2,2,unknown,0
45,technician,divorced,secondary,no,-2086,yes,no,cellular,2,0,unknown,0
40,technician,divorced,tertiary,no,790,yes,no,cellular,4,2,unknown,1
33,management,married,tertiary,no,2100,yes,no,cellular,3,2,unknown,0
36,blue-collar,single,secondary,no,3364,no,no,cellular,5,1,unknown,0
35,services,married,secondary,no,1527,yes,yes,unknown,4,1,unknown,0
38,management,single,tertiary,yes,454,no,no,cellular,9,1,unknown,0
37,admin.,married,secondary,no,-2694,no,no,cellular,6,5,failure,0
39,technician,single,unknown,no,1900,no,no,unknown,5,0,unknown,0
37,blue-collar,married,primary,no,8543,yes,yes,cellular,3,4,other,0
42,technician,married,secondary,no,2289,yes,no,unknown,5,0,unknown,0
52,technician,married,secondary,no,-1104,yes,yes,cellular,5,1,unknown,0
39,entrepreneur,single,unknown,no,-764,no,no,cellular,3,2,other,1
40,entrepreneur,married,secondary,no,3426,no,no,unknown,4,1,unknown,1
55,blue-collar,married,primary,no,490,yes,yes,cellular,3,1,unknown,0
60,retired,married,primary,no,-1695,no,no,cellular,4,1,unknown,0
38,blue-collar,married,primary,no,7335,yes,no,cellular,4,2,other,0
30,blue-collar,divorced,secondary,no,-335,yes,no,unknown,2,0,unknown,0
41,technician,married,secondary,no,4128,yes,no,cellular,3,1,unknown,0
33,blue-collar,married,secondary,no,1352,yes,no,cellular,2,1,unknown,0
32,admin.,married,secondary,no,5616,yes,no,cellular,4,5,failure,0
39,self-employed,married,tertiary,no,-1642,no,no,cellular,14,2,unknown,0
28,services,single,secondary,no,-2389,yes,no,cellular,3,2,unknown,0
39,technician,married,tertiary,no,83,no,no,cellular,4,8,failure,0
30,services,married,secondary,no,-1138,yes,no,cellular,3,1,unknown,0
37,management,married,tertiary,no,3372,no,no,cellular,1,1,unknown,0
34,blue-collar,married,primary,no,2,yes,no,cellular,4,1,unknown,0
51,services,married,secondary,no,10900,no,no,cellular,1,1,failure,0
40,blue-collar,married,secondary,no,-1121,yes,no,cellular,2,1,unknown,0
46,technician,married,secondary,no,785,yes,no,unknown,4,2,unknown,0
55,retired,married,secondary,no,-381,no,no,cellular,3,0,unknown,0
34,admin.,divorced,secondary,no,1749,yes,yes,cellular,5,2,failure,0
54,services,married,secondary,no,-979,yes,no,unknown,3,0,unknown,0
33,blue-collar,married,secondary,no,185,no,no,cellular,4,1,unknown,0
30,technician,single,tertiary,no,-626,no,no,cellular,3,2,unknown,1
60,blue-collar,married,secondary,no,-1847,yes,no,unknown,1,2,unknown,0
33,technician,married,secondary,no,548,yes,no,cellular,2,3,failure,0
34,technician,divorced,tertiary,no,-2126,yes,no,cellular,4,3,other,1
58,retired,married,primary,no,-2325,no,no,cellular,5,0,unknown,0
29,blue-collar,single,secondary,no,1868,yes,no,unknown,3,0,unknown,0
31,admin.,single,secondary,no,-964,yes,no,unknown,6,1,unknown,0
30,blue-collar,single,secondary,no,-2743,yes,no,unknown,3,1,unknown,0
41,entrepreneur,married,secondary,no,-3304,no,no,cellular,4,1,unknown,0
34,blue-collar,single,secondary,yes,1936,yes,no,cellular,6,2,unknown,0
23,student,single,unknown,no,-60,no,no,cellular,3,2,failure,0
38,management,married,unknown,no,2708,yes,no,cellular,3,2,unknown,0
32,technician,married,tertiary,no,2354,no,yes,cellular,5,2,unknown,0
32,technician,single,secondary,no,3911,yes,no,cellular,4,1,failure,0
56,management,divorced,tertiary,no,-2207,no,no,cellular,4,1,unknown,0
36,blue-collar,single,primary,no,1995,yes,no,cellular,3,1,success,1
44,management,married,tertiary,no,4961,no,no,cellular,1,1,unknown,0
53,blue-collar,married,primary,no,-1534,yes,no,cellular,2,1,failure,0
52,services,divorced,secondary,no,3946,yes,no,unknown,4,1,unknown,0
55,admin.,single,secondary,yes,787,yes,yes,unknown,4,2,unknown,0
58,blue-collar,married,secondary,no,1394,yes,no,cellular,5,2,unknown,1
38,management,married,tertiary,no,10258,no,no,cellular,5,1,unknown,0
21,unemployed,single,tertiary,yes,2775,no,no,cellular,5,1,unknown,0
51,blue-collar,married,unknown,no,-1450,yes,no,cellular,5,1,success,0
43,services,single,secondary,no,-3276,yes,no,cellular,1,0,failure,0
38,services,single,primary,no,1786,yes,no,cellular,5,0,unknown,0
59,self-employed,married,tertiary,no,1371,yes,no,cellular,3,2,failure,0
54,technician,divorced,tertiary,no,-2169,no,no,cellular,5,1,unknown,0
52,blue-collar,divorced,secondary,no,-1979,yes,no,cellular,4,0,unknown,0
34,admin.,married,unknown,no,264,no,no,cellular,4,0,unknown,0
48,blue-collar,married,primary,no,3874,no,no,cellular,4,2,unknown,0
27,blue-collar,single,secondary,no,419,no,yes,cellular,2,2,failure,0
38,services,married,secondary,no,-1917,no,no,cellular,4,2,unknown,0
44,technician,married,secondary,no,2346,yes,no,cellular,5,1,unknown,0
27,technician,married,secondary,no,1982,no,no,cellular,3,0,unknown,0
60,blue-collar,married,secondary,no,1731,yes,yes,unknown,3,2,unknown,0
52,management,single,tertiary,no,-3069,yes,no,unknown,5,0,unknown,0
44,technician,single,secondary,no,232,yes,no,cellular,5,2,other,0
43,technician,married,secondary,no,1041,no,no,unknown,3,2,unknown,0
35,management,married,tertiary,no,19853,no,no,unknown,4,2,unknown,0
40,self-employed,married,secondary,no,2645,yes,yes,unknown,3,1,unknown,0
28,services,single,secondary,no,1306,yes,no,cellular,2,2,unknown,0
56,blue-collar,married,primary,no,2214,no,no,cellular,8,0,unknown,0
20,blue-collar,single,primary,no,3110,yes,no,unknown,6,1,unknown,0
59,unknown,married,secondary,no,8439,no,no,cellular,6,2,unknown,0
57,unemployed,married,tertiary,no,-2160,no,no,cellular,3,2,unknown,0
58,housemaid,married,secondary,no,2582,yes,yes,cellular,2,1,unknown,0
35,admin.,single,tertiary,no,-2269,yes,no,unknown,6,1,unknown,0
37,technician,married,secondary,no,2382,no,no,cellular,4,2,unknown,0
36,self-employed,divorced,secondary,no,-3121,no,no,cellular,2,1,unknown,0
33,technician,single,secondary,no,-300,no,no,cellular,3,2,unknown,0
30,technician,married,secondary,no,2437,no,yes,cellular,2,2,unknown,0
40,management,married,tertiary,no,3586,no,yes,cellular,4,1,unknown,0
39,entrepreneur,single,secondary,no,3156,no,yes,cellular,3,2,unknown,0
67,retired,married,primary,no,1879,no,yes,cellular,2,1,unknown,0
54,admin.,married,secondary,no,3589,yes,no,unknown,3,2,unknown,0
43,blue-collar,married,primary,no,1127,yes,no,unknown,1,1,unknown,0
30,blue-collar,single,primary,no,-2225,no,no,cellular,5,2,success,1
37,blue-collar,single,secondary,no,10517,no,no,unknown,4,2,unknown,0
35,blue-collar,married,secondary,no,1888,no,no,cellular,1,1,unknown,1
27,technician,married,secondary,no,-1195,yes,no,cellular,1,1,unknown,0
44,services,married,secondary,no,-1968,yes,no,unknown,5,1,unknown,0
35,entrepreneur,married,unknown,no,74,yes,no,unknown,4,1,unknown,0
44,self-employed,single,tertiary,no,-1352,no,no,cellular,2,0,unknown,0
70,retired,married,primary,no,229,yes,no,unknown,4,0,unknown,0
50,blue-collar,married,secondary,no,2981,yes,no,cellular,1,1,unknown,0
49,management,married,tertiary,no,1047,no,yes,cellular,2,2,unknown,0
35,blue-collar,married,secondary,no,1148,no,yes,cellular,1,0,unknown,0
43,blue-collar,married,secondary,no,927,yes,no,unknown,5,2,unknown,0
38,entrepreneur,married,tertiary,no,6429,yes,no,cellular,5,2,unknown,0
35,management,married,tertiary,no,3632,no,no,cellular,4,2,unknown,0
38,blue-collar,married,primary,no,-2694,no,yes,cellular,16,1,unknown,0
43,services,divorced,secondary,no,4696,yes,no,unknown,10,1,unknown,0
20,student,single,secondary,no,-2718,no,no,unknown,5,2,unknown,0
32,blue-collar,married,secondary,yes,2019,no,no,cellular,2,1,unknown,0
27,student,single,secondary,no,-1404,no,no,cellular,2,2,unknown,0
46,management,married,tertiary,no,-748,yes,yes,cellular,6,0,unknown,0
34,technician,married,secondary,no,2722,no,no,cellular,4,0,success,0
36,technician,married,secondary,no,-2825,yes,no,cellular,5,3,failure,0
52,blue-collar,married,secondary,no,-408,yes,no,unknown,10,1,unknown,0
74,retired,married,primary,no,583,no,no,cellular,9,1,unknown,0
46,technician,divorced,secondary,no,2754,no,no,cellular,6,1,failure,0
28,services,married,secondary,no,6502,yes,yes,unknown,5,1,unknown,1
39,services,married,primary,no,967,no,no,cellular,3,0,failure,0
30,management,married,tertiary,no,3689,no,no,cellular,11,1,success,1
42,blue-collar,divorced,primary,no,203,yes,no,cellular,3,5,failure,0
51,technician,married,secondary,no,-2074,yes,no,cellular,5,2,unknown,0
41,blue-collar,single,secondary,no,132,yes,no,cellular,2,1,unknown,1
46,technician,married,secondary,no,-39,yes,no,telephone,3,1,unknown,0
39,technician,single,unknown,no,-3029,no,no,unknown,5,2,unknown,0
26,admin.,single,secondary,no,-45,no,no,cellular,2,3,failure,0
39,management,single,secondary,no,920,no,no,unknown,2,1,unknown,1
26,management,single,tertiary,no,-1793,no,no,cellular,5,0,unknown,0
32,technician,single,secondary,no,4007,yes,no,cellular,5,0,unknown,0
38,unemployed,married,tertiary,no,-684,no,no,unknown,7,0,unknown,0
53,entrepreneur,married,unknown,no,8002,no,no,telephone,5,3,success,1
22,student,single,secondary,no,-2680,no,no,cellular,5,1,unknown,0
30,admin.,single,secondary,no,-1686,yes,no,cellular,1,1,unknown,0
38,admin.,single,secondary,no,-1526,yes,no,cellular,2,0,unknown,1
58,admin.,married,secondary,no,3980,no,no,cellular,4,1,success,1
56,management,married,tertiary,no,2562,no,no,cellular,4,1,unknown,0
48,management,divorced,tertiary,no,1831,yes,yes,unknown,6,0,unknown,1
47,management,married,tertiary,no,3001,no,no,cellular,3,1,unknown,0
44,management,married,tertiary,no,-1860,no,no,cellular,2,1,other,0
21,admin.,single,secondary,no,-3256,yes,no,cellular,14,0,unknown,1
40,blue-collar,married,secondary,no,212,yes,no,cellular,3,1,unknown,0
28,services,single,secondary,no,-3069,no,no,cellular,5,1,unknown,0
28,unemployed,single,tertiary,no,3151,no,no,cellular,5,4,success,1
38,blue-collar,married,secondary,no,3382,yes,yes,unknown,9,2,unknown,0
31,services,single,secondary,no,4121,no,no,cellular,5,1,unknown,0
28,management,single,tertiary,no,2235,no,no,cellular,2,2,unknown,0
34,admin.,married,secondary,no,3663,no,no,cellular,3,0,unknown,0
40,self-employed,married,secondary,no,-2755,no,yes,cellular,2,1,unknown,1
65,retired,married,primary,no,-1463,no,no,telephone,6,2,unknown,0
39,technician,single,tertiary,no,-659,no,no,cellular,2,1,unknown,0
22,technician,single,secondary,no,-2543,yes,yes,cellular,1,1,unknown,0
34,management,married,tertiary,no,12020,no,no,telephone,5,0,unknown,0
35,management,single,tertiary,no,4062,no,no,cellular,5,2,unknown,0
27,management,single,secondary,no,1624,yes,no,unknown,3,2,unknown,0
40,self-employed,married,tertiary,no,5894,yes,no,unknown,2,0,unknown,0
28,management,single,tertiary,no,1216,no,no,cellular,5,1,unknown,0
39,management,single,tertiary,no,-2339,yes,no,cellular,4,13,success,1
40,management,married,primary,yes,2496,no,no,cellular,3,1,failure,1
65,management,single,tertiary,no,2400,no,no,unknown,1,1,unknown,0
57,services,married,secondary,no,491,yes,no,unknown,5,1,unknown,0
44,blue-collar,single,tertiary,no,1612,yes,no,cellular,6,0,unknown,0
24,admin.,married,secondary,no,-2393,yes,no,cellular,1,2,unknown,0
38,blue-collar,married,primary,no,11244,yes,yes,cellular,2,2,unknown,0
26,services,married,secondary,no,-2906,yes,no,unknown,2,1,unknown,0
32,management,single,tertiary,no,-241,no,yes,unknown,3,1,unknown,1
31,technician,single,secondary,no,-1193,yes,yes,cellular,2,2,unknown,0
33,technician,single,secondary,no,1460,no,no,cellular,12,0,unknown,0
36,management,single,tertiary,no,2076,no,yes,unknown,2,0,unknown,1
41,blue-collar,divorced,secondary,no,-2324,yes,no,unknown,5,2,unknown,0
43,blue-collar,married,primary,no,-1349,yes,yes,cellular,4,0,unknown,0
21,blue-collar,single,primary,no,1827,no,yes,cellular,5,1,unknown,0
42,admin.,married,tertiary,no,885,yes,yes,cellular,2,0,unknown,0
43,blue-collar,divorced,primary,no,-1235,no,no,unknown,5,1,unknown,0
29,blue-collar,married,secondary,no,-3258,yes,no,cellular,3,0,unknown,1
61,retired,married,secondary,no,3960,no,no,cellular,5,0,unknown,0
59,blue-collar,married,primary,no,7711,yes,yes,unknown,3,2,unknown,0
44,services,single,secondary,no,3591,yes,yes,cellular,2,4,failure,0
57,admin.,married,secondary,no,1244,yes,no,unknown,4,0,unknown,0
25,blue-collar,single,primary,no,2365,yes,no,cellular,1,1,unknown,0
45,management,married,primary,no,-3217,no,no,telephone,5,2,unknown,1
47,management,married,tertiary,no,-1476,no,no,cellular,5,0,unknown,0
30,unemployed,married,secondary,no,-454,yes,yes,unknown,5,1,unknown,0
39,services,married,secondary,no,-1314,yes,no,cellular,2,0,unknown,0
55,self-employed,married,tertiary,no,1276,yes,yes,unknown,6,0,unknown,0
43,management,married,secondary,no,-228,yes,no,cellular,6,1,unknown,0
28,blue-collar,single,primary,no,-995,yes,no,unknown,4,2,unknown,0
39,admin.,single,secondary,no,-380,no,no,cellular,4,2,unknown,0
37,blue-collar,married,primary,no,1566,yes,no,unknown,4,1,unknown,0
30,services,married,secondary,no,-744,no,no,unknown,5,2,unknown,0
34,technician,married,secondary,no,-2391,no,no,cellular,5,1,unknown,0
34,management,married,tertiary,no,-3076,no,no,telephone,5,2,unknown,1
27,blue-collar,single,primary,no,1069,yes,no,unknown,2,1,unknown,1
27,technician,single,secondary,no,2002,yes,no,cellular,3,0,unknown,0
46,entrepreneur,married,secondary,no,2076,no,no,cellular,4,2,unknown,0
34,services,single,secondary,no,-3155,yes,no,unknown,4,1,unknown,0
52,services,married,secondary,no,3151,yes,no,unknown,3,0,unknown,0
37,blue-collar,married,secondary,no,-851,yes,no,cellular,2,1,unknown,0
51,self-employed,married,tertiary,no,-2524,no,yes,cellular,15,2,unknown,0
32,blue-collar,single,primary,no,-1486,yes,no,unknown,3,1,unknown,0
45,technician,married,secondary,no,1495,no,no,cellular,5,1,unknown,0
38,technician,single,secondary,no,-2139,yes,no,cellular,1,0,unknown,0
43,technician,divorced,secondary,no,-512,yes,yes,unknown,3,0,unknown,0
79,retired,divorced,secondary,no,7993,no,no,cellular,2,2,unknown,0
28,technician,married,tertiary,no,355,no,no,cellular,6,2,unknown,0
35,admin.,married,secondary,no,-2258,yes,no,unknown,5,0,unknown,0
52,unemployed,married,secondary,no,3861,no,no,cellular,2,1,unknown,0
35,management,married,tertiary,no,-2320,yes,no,cellular,5,1,unknown,0
32,admin.,single,tertiary,no,-2862,no,no,telephone,4,1,unknown,0
29,blue-collar,married,secondary,no,-812,yes,no,cellular,6,2,unknown,0
34,management,married,tertiary,no,-51,no,no,telephone,5,1,unknown,0
50,management,married,tertiary,no,-1361,yes,no,unknown,9,2,unknown,0
31,blue-collar,single,unknown,no,3712,no,yes,cellular,2,2,failure,0
53,management,married,tertiary,no,2636,no,yes,cellular,3,2,failure,0
27,services,married,secondary,no,6754,no,no,cellular,5,2,unknown,0
50,blue-collar,married,primary,no,1174,no,no,cellular,19,0,unknown,1
46,management,single,primary,no,-2579,yes,no,unknown,3,1,unknown,0
43,technician,married,tertiary,no,-3177,yes,no,cellular,2,1,unknown,0
32,admin.,single,secondary,no,-504,no,no,cellular,9,2,unknown,0
45,admin.,married,secondary,no,-2829,no,no,telephone,7,2,unknown,0
34,management,married,tertiary,no,-1640,yes,no,cellular,5,1,unknown,0
56,retired,divorced,secondary,no,-109,no,no,cellular,5,1,unknown,0
42,management,married,tertiary,no,2503,no,no,cellular,4,3,success,1
37,admin.,married,secondary,no,3532,yes,no,cellular,4,0,failure,0
43,management,married,secondary,no,130,no,no,cellular,5,2,unknown,0
44,management,married,tertiary,no,-2898,no,no,cellular,4,0,unknown,0
35,admin.,single,secondary,no,1433,yes,yes,cellular,2,1,unknown,0
35,services,married,secondary,no,3072,no,no,cellular,5,1,unknown,0
34,admin.,single,secondary,no,1665,yes,no,unknown,3,2,unknown,0
42,services,married,secondary,no,2813,no,no,cellular,4,1,unknown,0
27,management,married,tertiary,no,-2115,no,no,cellular,3,1,unknown,0
41,blue-collar,married,secondary,no,20,yes,no,cellular,3,1,unknown,0
27,technician,married,tertiary,no,-1893,yes,no,unknown,3,0,unknown,0
38,technician,married,tertiary,no,3364,yes,no,unknown,3,0,unknown,0
38,admin.,married,secondary,no,543,yes,no,cellular,5,2,other,0
26,housemaid,single,primary,no,1125,no,no,cellular,2,0,unknown,0
29,management,single,tertiary,no,1804,no,no,cellular,5,0,unknown,0
32,management,single,tertiary,no,192,yes,no,telephone,3,0,success,1
28,unemployed,married,tertiary,no,2739,yes,no,telephone,6,2,unknown,0
55,blue-collar,married,secondary,no,9775,no,no,cellular,7,2,unknown,0
54,services,married,secondary,no,-2706,yes,no,cellular,5,1,failure,0
58,management,married,unknown,no,858,yes,no,telephone,5,1,unknown,0
32,blue-collar,married,secondary,no,4055,yes,no,cellular,4,1,success,1
34,technician,divorced,unknown,no,-3022,yes,no,cellular,4,2,unknown,0
53,technician,married,secondary,no,-452,yes,no,unknown,3,2,unknown,0
27,management,single,tertiary,no,3190,no,no,unknown,5,0,unknown,1
55,retired,married,secondary,no,1782,no,no,cellular,2,2,unknown,0
29,blue-collar,married,secondary,no,-1174,yes,no,cellular,3,0,unknown,0
29,management,married,tertiary,no,21,yes,no,unknown,6,1,unknown,0
27,services,single,secondary,no,-2741,no,no,cellular,10,1,unknown,0
36,blue-collar,married,primary,no,-2589,yes,no,cellular,4,0,unknown,0
29,management,single,tertiary,no,-163,no,no,cellular,1,1,unknown,0
45,services,married,unknown,no,691,no,no,cellular,4,1,unknown,0
38,management,married,tertiary,no,1584,yes,no,cellular,2,9,failure,0
40,management,married,tertiary,no,3623,no,no,cellular,3,2,unknown,0
28,services,married,secondary,no,2391,no,no,cellular,3,2,unknown,0
33,management,divorced,tertiary,no,11541,yes,no,unknown,2,2,unknown,0
51,unemployed,married,tertiary,no,-3058,no,yes,cellular,2,0,unknown,0
39,management,single,tertiary,no,1017,no,no,cellular,4,2,unknown,0
28,management,single,secondary,no,3789,yes,no,unknown,6,1,unknown,0
28,blue-collar,divorced,secondary,no,415,yes,yes,cellular,4,2,unknown,0
36,blue-collar,married,primary,no,-1631,yes,no,unknown,4,1,unknown,0
35,blue-collar,married,secondary,no,475,yes,no,unknown,6,2,unknown,0
43,management,married,tertiary,no,61,yes,no,cellular,3,1,unknown,0
49,blue-collar,married,primary,no,2494,yes,no,cellular,2,2,unknown,0
58,housemaid,married,tertiary,no,1637,no,no,unknown,4,1,unknown,0
30,management,single,tertiary,no,3335,yes,no,cellular,3,1,unknown,0
31,admin.,married,tertiary,no,2601,yes,no,cellular,1,2,unknown,0
24,services,single,secondary,no,3493,yes,yes,cellular,4,1,unknown,0
37,blue-collar,married,primary,no,10185,no,yes,cellular,5,4,failure,0
36,management,married,tertiary,no,233,yes,no,unknown,4,2,unknown,0
37,technician,married,secondary,no,-3048,no,no,telephone,11,1,unknown,0
26,technician,single,tertiary,no,-1389,yes,no,cellular,6,2,unknown,0
26,blue-collar,single,secondary,no,3167,yes,no,cellular,4,2,unknown,1
45,management,divorced,secondary,no,-2032,yes,no,cellular,1,6,failure,0
39,entrepreneur,married,secondary,no,2993,yes,no,cellular,5,1,unknown,0
33,blue-collar,married,secondary,no,-1517,yes,no,cellular,2,1,unknown,0
42,services,married,secondary,no,-3271,no,yes,cellular,5,2,unknown,1
45,technician,married,tertiary,no,-2463,yes,no,unknown,6,1,unknown,1
61,retired,divorced,primary,no,442,no,no,cellular,3,0,unknown,0
47,blue-collar,married,primary,no,3840,yes,no,cellular,2,2,other,0
30,blue-collar,married,secondary,no,963,no,yes,cellular,5,1,failure,0
32,technician,married,tertiary,no,-156,yes,no,cellular,2,2,unknown,0
36,blue-collar,single,secondary,no,132,yes,no,unknown,2,2,unknown,0
29,management,single,secondary,no,-1317,yes,no,cellular,1,0,unknown,0
45,management,single,tertiary,no,807,no,no,cellular,4,0,unknown,0
41,management,married,tertiary,no,-525,yes,no,cellular,1,3,other,0
51,admin.,married,secondary,no,10634,no,no,telephone,3,2,unknown,1
27,blue-collar,single,secondary,no,1152,yes,yes,cellular,1,2,unknown,0
31,blue-collar,married,secondary,no,-876,yes,no,cellular,4,0,unknown,0
34,technician,single,secondary,no,1115,yes,yes,cellular,1,0,unknown,1
22,student,single,tertiary,no,899,yes,no,cellular,2,0,unknown,0
53,management,married,tertiary,no,1752,yes,no,unknown,10,0,unknown,0
37,management,married,tertiary,no,-2025,no,no,cellular,7,1,unknown,0
40,management,single,tertiary,no,-380,no,no,unknown,1,0,unknown,0
77,retired,married,secondary,no,3133,no,no,cellular,5,2,unknown,0
21,student,married,secondary,no,-1739,yes,no,unknown,1,1,unknown,0
53,services,divorced,secondary,no,-2076,yes,no,unknown,4,2,unknown,0
46,technician,married,secondary,no,1246,no,no,unknown,3,2,unknown,0
50,services,divorced,secondary,no,-1110,yes,yes,unknown,3,2,unknown,0
39,self-employed,married,unknown,no,548,yes,no,cellular,3,1,unknown,0
38,management,married,tertiary,no,368,yes,no,cellular,6,2,unknown,0
44,management,married,tertiary,no,483,no,no,unknown,5,2,unknown,1
51,management,married,secondary,no,-2742,yes,no,unknown,2,2,unknown,0
58,services,married,secondary,no,3737,yes,yes,unknown,4,2,unknown,0
30,blue-collar,single,primary,no,582,yes,yes,cellular,2,0,unknown,0
45,admin.,married,primary,no,4110,yes,no,unknown,4,2,unknown,0
40,blue-collar,single,secondary,no,349,yes,yes,cellular,3,1,unknown,0
54,technician,married,secondary,no,3185,no,no,unknown,5,2,unknown,0
39,management,married,tertiary,no,398,yes,no,unknown,3,1,unknown,0
44,self-employed,married,unknown,no,438,no,no,cellular,1,1,unknown,0
48,blue-collar,married,secondary,no,1282,yes,no,unknown,4,0,unknown,0
27,entrepreneur,single,secondary,no,1163,no,yes,cellular,2,4,success,0
41,admin.,divorced,primary,no,-2587,yes,no,unknown,9,2,unknown,0
54,admin.,divorced,secondary,no,-1537,yes,no,unknown,2,2,unknown,0
42,technician,married,secondary,no,-578,no,no,cellular,4,1,unknown,0
39,management,married,tertiary,no,1083,yes,no,unknown,4,2,unknown,1
49,services,divorced,secondary,no,3590,yes,no,unknown,9,2,unknown,0
42,admin.,single,secondary,no,1962,yes,yes,cellular,3,2,unknown,1
28,technician,single,secondary,no,4065,yes,no,unknown,3,1,unknown,0
37,services,married,secondary,no,-1557,no,yes,telephone,4,2,unknown,0
30,services,married,tertiary,no,8821,yes,no,unknown,4,2,unknown,0
37,admin.,married,tertiary,no,3009,yes,no,cellular,5,2,unknown,0
31,blue-collar,single,primary,no,3124,yes,no,unknown,13,1,unknown,0
52,management,divorced,tertiary,no,-3155,no,no,cellular,3,1,unknown,0
39,services,married,secondary,no,4061,yes,no,cellular,7,0,unknown,0
55,services,divorced,secondary,no,-2118,no,no,unknown,1,2,unknown,0
38,management,single,tertiary,no,-1303,yes,no,telephone,2,1,unknown,0
40,blue-collar,married,secondary,no,3426,yes,no,cellular,2,1,unknown,0
60,unknown,married,secondary,no,3948,no,no,unknown,3,2,unknown,0
30,management,single,tertiary,no,2027,no,no,cellular,7,1,other,0
29,blue-collar,single,primary,no,-2569,yes,no,cellular,4,2,unknown,0
42,blue-collar,divorced,secondary,no,941,yes,no,unknown,3,0,unknown,0
28,services,single,primary,no,-182,yes,no,unknown,5,2,unknown,0
40,technician,married,secondary,no,-1475,no,no,cellular,5,2,unknown,0
52,technician,married,secondary,no,-1973,yes,no,cellular,3,2,failure,0
48,unknown,single,primary,no,4056,no,no,cellular,7,0,unknown,1
64,management,married,secondary,no,19466,yes,no,cellular,4,0,unknown,0
31,student,single,secondary,no,-2893,no,no,telephone,3,2,unknown,0
33,technician,married,secondary,no,1243,yes,yes,telephone,4,1,unknown,0
37,management,married,tertiary,no,136,no,no,cellular,4,4,failure,0
37,technician,single,secondary,no,3490,yes,yes,cellular,4,2,other,0
39,self-employed,divorced,tertiary,no,1761,no,no,cellular,2,1,unknown,0
27,management,single,tertiary,no,1353,no,yes,cellular,6,1,other,1
37,technician,married,secondary,no,-2442,no,no,telephone,4,2,unknown,0
31,management,divorced,tertiary,no,-1678,yes,no,cellular,29,2,success,1
30,admin.,married,secondary,no,1188,no,no,cellular,4,2,failure,1
35,admin.,married,secondary,no,-2565,no,no,cellular,5,2,unknown,0
30,blue-collar,single,secondary,no,817,yes,no,cellular,2,1,unknown,1
60,retired,married,secondary,no,2003,no,no,telephone,9,2,unknown,0
70,retired,married,secondary,no,2474,yes,no,cellular,5,0,unknown,0
36,management,single,tertiary,no,1951,yes,no,unknown,3,1,unknown,0
25,student,single,unknown,no,-495,yes,no,cellular,3,2,unknown,1
27,services,single,secondary,no,3080,yes,no,unknown,7,2,unknown,0
47,services,married,primary,no,-2248,yes,yes,cellular,1,1,unknown,0
59,blue-collar,married,secondary,no,-1803,no,no,cellular,3,1,unknown,0
36,management,married,tertiary,no,2498,no,no,cellular,3,1,unknown,0
32,technician,single,secondary,no,621,no,yes,cellular,3,0,unknown,0
53,blue-collar,married,secondary,no,-1209,yes,no,cellular,1,2,unknown,0
43,admin.,single,secondary,no,2029,yes,no,cellular,3,1,unknown,0
51,management,divorced,secondary,no,2942,yes,yes,cellular,3,1,failure,0
41,self-employed,married,secondary,no,3253,yes,no,telephone,2,1,unknown,0
45,blue-collar,divorced,primary,no,2047,yes,no,unknown,15,0,unknown,0
44,blue-collar,divorced,primary,no,9219,no,no,cellular,4,1,unknown,0
34,management,single,tertiary,no,1046,yes,no,cellular,6,7,failure,1
36,technician,single,secondary,no,71,no,no,cellular,8,0,failure,0
44,blue-collar,married,primary,no,-2156,no,no,telephone,6,1,other,1
32,technician,single,secondary,no,885,yes,no,cellular,2,0,unknown,0
50,management,married,primary,no,7538,yes,no,cellular,5,1,unknown,0
57,management,married,tertiary,no,3136,no,no,cellular,2,1,unknown,1
46,management,single,tertiary,no,1814,yes,no,unknown,2,1,unknown,0
42,admin.,single,secondary,no,1846,yes,no,unknown,6,2,unknown,0
58,technician,married,secondary,no,11458,no,no,cellular,1,1,unknown,1
30,blue-collar,single,secondary,no,2529,yes,yes,cellular,5,0,unknown,0
23,blue-collar,single,primary,yes,-2545,no,no,cellular,4,3,failure,0
36,technician,married,tertiary,yes,-3002,yes,no,unknown,4,2,unknown,0
27,admin.,single,secondary,no,371,yes,yes,cellular,11,2,unknown,0
35,unemployed,married,tertiary,no,-1594,no,no,cellular,6,0,unknown,0
24,technician,single,secondary,yes,17315,no,no,cellular,2,2,unknown,0
38,admin.,single,secondary,no,-2325,yes,no,cellular,2,1,unknown,0
43,unemployed,married,tertiary,no,3904,no,no,unknown,5,1,unknown,0
41,services,married,unknown,no,-651,no,yes,cellular,2,0,unknown,0
32,technician,divorced,secondary,no,10276,yes,no,unknown,3,2,unknown,0
34,admin.,married,secondary,no,455,yes,no,cellular,4,2,unknown,0
28,blue-collar,single,secondary,no,-1107,yes,no,unknown,6,1,unknown,1
35,admin.,single,secondary,no,330,yes,no,unknown,2,2,unknown,0
36,management,married,tertiary,no,2368,no,no,unknown,3,2,unknown,0
38,unemployed,single,secondary,no,-410,no,no,cellular,3,1,unknown,0
28,services,married,secondary,yes,6953,yes,no,cellular,11,1,unknown,0
35,admin.,single,tertiary,no,2323,yes,yes,cellular,4,2,unknown,0
38,services,single,secondary,no,3692,yes,no,cellular,3,0,unknown,0
35,technician,single,secondary,no,990,yes,no,cellular,1,9,success,0
59,entrepreneur,married,secondary,no,-3063,yes,yes,cellular,5,2,unknown,0
64,retired,married,primary,no,5145,no,no,unknown,5,2,unknown,0
48,services,married,primary,yes,1386,yes,no,cellular,13,0,unknown,0
47,self-employed,married,tertiary,no,-1911,yes,no,cellular,3,1,unknown,0
33,management,married,tertiary,no,9443,yes,no,cellular,10,2,unknown,1
53,unemployed,married,secondary,no,1202,no,no,cellular,5,1,failure,0
27,blue-collar,single,secondary,no,-1265,no,no,cellular,4,2,unknown,0
28,student,married,secondary,no,3249,no,no,cellular,5,5,failure,0
33,management,single,secondary,no,-688,yes,yes,cellular,6,2,unknown,0
59,self-employed,married,primary,no,751,yes,no,cellular,5,2,unknown,0
27,blue-collar,single,primary,no,3585,yes,yes,unknown,4,1,unknown,0
33,blue-collar,single,primary,no,1682,yes,no,unknown,3,1,unknown,0
47,unknown,married,unknown,no,1733,no,no,cellular,4,1,unknown,0
33,management,married,tertiary,no,3012,yes,yes,unknown,6,2,unknown,0
35,management,married,tertiary,no,-2416,yes,no,cellular,1,2,unknown,0
43,blue-collar,married,secondary,no,1563,yes,no,cellular,4,1,unknown,0
32,management,married,primary,no,-247,no,no,telephone,5,1,unknown,0
33,services,married,tertiary,no,-2492,no,no,unknown,2,2,unknown,0
39,technician,single,tertiary,no,1564,yes,yes,unknown,4,1,unknown,0
55,admin.,single,secondary,no,-453,yes,no,unknown,5,1,unknown,0
59,blue-collar,married,secondary,no,1962,yes,no,cellular,5,2,unknown,1
55,management,married,tertiary,no,3511,no,no,cellular,6,0,unknown,0
45,blue-collar,married,primary,no,2551,yes,no,unknown,5,0,unknown,0
45,self-employed,married,tertiary,no,3423,yes,no,cellular,2,2,unknown,0
56,technician,married,secondary,yes,901,no,no,cellular,3,0,unknown,0
42,technician,married,secondary,no,454,no,no,unknown,10,1,unknown,0
45,blue-collar,married,secondary,no,-3119,no,no,cellular,3,2,unknown,0
38,technician,married,tertiary,no,-408,no,no,cellular,2,2,failure,0
33,technician,married,secondary,no,-1930,yes,no,unknown,4,0,unknown,0
63,retired,single,secondary,no,-1277,no,yes,cellular,5,1,unknown,0
38,blue-collar,divorced,primary,no,3378,no,no,cellular,6,2,unknown,0
39,admin.,married,secondary,no,-2850,yes,no,unknown,4,2,unknown,0
59,retired,married,unknown,no,61,no,no,cellular,2,1,other,0
27,services,single,secondary,no,1859,yes,no,unknown,5,0,unknown,0
36,technician,single,secondary,no,-3079,no,yes,unknown,3,2,unknown,0
32,management,single,unknown,no,-589,no,yes,unknown,3,1,unknown,0
55,retired,divorced,secondary,no,-71,no,no,cellular,5,2,unknown,0
42,blue-collar,married,unknown,no,1240,yes,no,unknown,2,2,unknown,0
51,services,divorced,secondary,no,3940,yes,no,unknown,7,1,unknown,0
34,unemployed,married,tertiary,no,-2299,yes,no,cellular,2,2,other,0
40,technician,married,tertiary,no,125,yes,no,telephone,5,2,unknown,0
49,management,married,tertiary,no,3789,yes,no,cellular,4,2,failure,0
34,management,single,tertiary,no,-1441,no,no,cellular,2,1,unknown,0
41,blue-collar,single,primary,no,-110,yes,no,unknown,3,2,unknown,0
54,technician,married,secondary,no,7165,no,no,cellular,6,2,unknown,0
36,entrepreneur,single,tertiary,no,3655,yes,no,unknown,1,1,unknown,0
50,technician,married,secondary,no,3444,no,yes,cellular,3,2,unknown,0
54,admin.,single,secondary,no,1124,no,no,cellular,3,2,unknown,0
57,technician,married,tertiary,no,-697,yes,no,cellular,5,2,unknown,0
