age,job,marital,education,default,balance,housing,loan,contact,campaign,previous,poutcome,y
33,technician,married,tertiary,no,1523,yes,no,cellular,1,1,other,0
45,admin.,married,tertiary,no,19991,no,yes,cellular,1,1,unknown,0
45,unemployed,married,secondary,no,1443,yes,no,unknown,1,0,unknown,0
42,entrepreneur,single,secondary,no,4868,yes,yes,unknown,1,0,unknown,0
30,management,single,secondary,no,30,no,no,cellular,6,0,unknown,0
32,management,single,tertiary,no,2606,yes,no,cellular,15,0,unknown,0
73,technician,married,primary,no,9392,no,no,telephone,1,0,unknown,0
19,admin.,single,tertiary,no,1424,no,no,cellular,1,0,unknown,0
56,admin.,married,secondary,no,2276,no,no,telephone,5,0,unknown,0
48,services,divorced,secondary,no,-241,yes,no,cellular,1,0,unknown,0
32,blue-collar,married,secondary,no,1686,yes,no,cellular,1,1,failure,1
41,management,married,tertiary,no,1248,yes,yes,cellular,3,7,failure,0
27,student,single,secondary,no,430,no,no,telephone,2,1,failure,1
40,services,married,secondary,no,697,yes,no,telephone,1,0,unknown,0
58,retired,married,primary,no,1298,no,no,cellular,4,8,failure,0
42,blue-collar,married,primary,no,1791,yes,no,unknown,1,0,unknown,0
31,blue-collar,married,secondary,no,129,yes,no,cellular,2,1,failure,0
31,management,married,tertiary,no,-123,no,no,cellular,1,0,unknown,1
54,services,married,secondary,no,0,no,no,cellular,4,0,unknown,0
47,self-employed,married,unknown,no,1997,yes,no,unknown,1,0,unknown,0
55,unknown,married,secondary,no,1803,no,no,unknown,1,0,unknown,0
44,admin.,married,primary,no,346,yes,yes,unknown,2,0,unknown,0
39,entrepreneur,married,tertiary,no,4717,no,no,cellular,1,0,unknown,0
35,blue-collar,married,secondary,no,1325,yes,no,unknown,2,1,unknown,0
34,technician,single,secondary,no,3000,no,no,cellular,7,0,unknown,0
33,unknown,married,tertiary,no,4374,no,no,unknown,1,0,unknown,0
47,technician,divorced,tertiary,no,410,no,no,telephone,1,20,other,0
48,blue-collar,married,tertiary,no,393,yes,no,telephone,4,0,unknown,0
26,technician,married,tertiary,no,1142,no,no,telephone,4,0,unknown,1
49,retired,married,primary,no,12859,no,no,cellular,5,0,unknown,0
31,technician,married,tertiary,no,423,yes,no,cellular,2,0,unknown,0
57,management,married,secondary,no,-1075,yes,no,unknown,2,0,unknown,0
54,management,married,primary,no,120,no,yes,cellular,3,0,unknown,0
30,management,single,secondary,no,889,yes,yes,unknown,18,0,unknown,0
40,technician,single,secondary,no,-13,yes,yes,cellular,3,0,unknown,0
55,blue-collar,divorced,primary,no,3843,no,yes,unknown,1,0,unknown,0
32,management,divorced,tertiary,no,2854,no,no,cellular,2,0,unknown,0
34,technician,married,secondary,no,1360,no,no,cellular,3,1,unknown,0
28,services,single,secondary,no,395,no,yes,cellular,2,0,unknown,0
57,admin.,married,primary,no,692,yes,no,unknown,7,0,unknown,0
26,blue-collar,married,secondary,no,-174,yes,no,unknown,2,0,unknown,0
39,admin.,married,secondary,no,-43,no,no,unknown,1,0,unknown,0
50,management,married,tertiary,no,26939,no,no,cellular,2,0,unknown,0
24,management,married,tertiary,no,-598,yes,no,cellular,3,4,other,0
39,technician,divorced,secondary,no,230,no,no,cellular,2,0,unknown,0
32,management,single,tertiary,no,3098,no,no,cellular,2,0,unknown,0
49,blue-collar,married,tertiary,no,652,no,yes,cellular,1,0,unknown,0
71,retired,married,primary,no,996,no,no,cellular,5,3,failure,1
59,technician,married,secondary,no,-74,yes,no,telephone,4,2,failure,0
50,management,divorced,tertiary,no,-798,no,no,cellular,3,0,unknown,0
30,self-employed,married,secondary,no,6294,no,no,cellular,1,1,unknown,0
42,blue-collar,married,secondary,no,971,yes,yes,cellular,1,0,unknown,0
55,technician,married,primary,no,182,yes,yes,unknown,3,0,unknown,0
57,management,married,tertiary,no,41,no,no,cellular,2,0,unknown,0
50,management,married,unknown,no,2491,no,yes,cellular,1,0,unknown,0
39,blue-collar,married,primary,no,1370,yes,yes,unknown,2,0,unknown,0
56,services,married,secondary,no,176,no,no,cellular,3,0,unknown,0
52,management,married,secondary,no,5770,yes,no,cellular,1,0,unknown,0
37,blue-collar,single,secondary,no,6665,yes,yes,cellular,2,2,failure,0
31,blue-collar,single,primary,no,7170,yes,no,cellular,2,0,unknown,1
50,entrepreneur,married,primary,no,506,no,yes,unknown,3,0,unknown,0
31,management,married,tertiary,no,1981,no,no,cellular,3,0,unknown,0
31,technician,single,secondary,no,199,yes,no,cellular,4,4,failure,0
53,services,married,secondary,no,163,yes,no,cellular,1,0,unknown,0
43,management,married,tertiary,no,2017,yes,no,cellular,1,0,unknown,0
51,technician,married,secondary,no,9079,yes,yes,cellular,1,0,unknown,0
30,technician,single,tertiary,no,1476,no,no,telephone,3,0,unknown,1
44,management,married,secondary,no,-1020,yes,no,unknown,1,0,unknown,0
30,admin.,divorced,secondary,no,57,yes,yes,unknown,2,0,unknown,0
34,management,married,tertiary,no,777,no,no,telephone,3,0,unknown,0
52,technician,married,secondary,no,-200,no,no,telephone,1,1,unknown,0
31,blue-collar,married,secondary,no,-231,yes,no,unknown,2,0,unknown,0
76,retired,divorced,primary,no,1944,no,no,cellular,2,11,failure,0
53,unemployed,married,secondary,no,237,yes,no,cellular,1,2,unknown,0
41,blue-collar,married,tertiary,no,-114,no,yes,cellular,8,0,unknown,0
24,management,single,tertiary,no,111,no,no,cellular,8,0,unknown,0
23,services,married,secondary,no,456,yes,no,cellular,6,0,unknown,0
36,blue-collar,married,secondary,no,-754,yes,no,unknown,5,0,unknown,0
42,blue-collar,married,secondary,no,8450,yes,no,cellular,6,0,unknown,0
32,management,single,tertiary,no,467,no,no,cellular,1,0,unknown,0
33,technician,single,tertiary,no,928,no,no,cellular,2,0,unknown,0
41,blue-collar,married,secondary,no,1288,yes,no,unknown,7,0,unknown,0
45,technician,married,tertiary,no,1717,yes,yes,cellular,4,4,failure,0
52,blue-collar,married,secondary,no,450,no,no,unknown,1,0,unknown,0
34,admin.,single,secondary,no,574,yes,no,cellular,1,0,unknown,0
50,housemaid,married,secondary,no,2577,yes,no,telephone,1,0,unknown,0
42,admin.,married,secondary,no,-290,no,no,cellular,1,0,unknown,0
47,admin.,divorced,secondary,no,2747,yes,no,unknown,1,0,unknown,1
61,management,married,secondary,yes,4087,no,no,cellular,6,0,unknown,0
44,technician,married,secondary,no,3629,yes,no,cellular,7,0,unknown,0
49,management,married,tertiary,no,1462,no,no,telephone,5,0,unknown,0
31,blue-collar,divorced,secondary,no,690,no,yes,cellular,16,0,unknown,0
69,retired,married,primary,no,382,no,no,cellular,3,3,unknown,0
55,blue-collar,married,secondary,no,102,yes,yes,telephone,2,0,unknown,0
34,management,married,primary,no,3695,yes,no,unknown,17,0,unknown,0
44,entrepreneur,married,tertiary,no,1419,yes,no,cellular,3,1,unknown,0
37,management,divorced,tertiary,no,3161,no,no,cellular,2,0,unknown,0
50,retired,married,secondary,no,72,yes,no,cellular,1,0,unknown,0
56,unemployed,divorced,secondary,no,-534,no,yes,cellular,1,0,unknown,0
31,technician,single,secondary,no,197,no,no,cellular,1,0,unknown,1
48,entrepreneur,divorced,tertiary,no,2845,no,no,cellular,1,0,unknown,0
39,management,single,tertiary,no,758,no,yes,unknown,2,0,unknown,0
64,management,divorced,tertiary,no,7180,yes,no,cellular,3,0,unknown,0
36,admin.,married,tertiary,no,5,yes,no,cellular,1,0,unknown,0
56,retired,married,primary,no,3925,no,no,telephone,5,0,unknown,0
59,management,divorced,secondary,no,3490,yes,no,cellular,7,0,unknown,0
60,housemaid,married,unknown,no,2314,yes,no,telephone,1,0,unknown,0
49,management,married,tertiary,no,5940,yes,no,cellular,2,0,unknown,1
32,management,married,tertiary,no,1500,no,no,cellular,2,0,unknown,1
35,entrepreneur,married,secondary,no,763,yes,no,cellular,3,0,unknown,0
41,management,married,tertiary,no,2054,yes,yes,unknown,28,0,unknown,0
25,entrepreneur,married,tertiary,no,7207,no,no,cellular,1,0,unknown,0
57,technician,married,tertiary,yes,437,no,yes,cellular,8,0,unknown,0
30,admin.,single,secondary,no,904,yes,no,unknown,2,0,unknown,0
43,management,married,tertiary,no,3356,yes,yes,cellular,7,0,unknown,0
41,blue-collar,married,secondary,no,2448,yes,no,cellular,4,0,unknown,0
34,management,married,tertiary,no,2226,yes,yes,cellular,1,0,unknown,0
42,blue-collar,single,secondary,no,-29,yes,no,telephone,11,0,unknown,0
35,technician,married,secondary,no,18498,yes,no,telephone,2,1,unknown,0
26,blue-collar,married,secondary,no,-372,no,no,cellular,1,2,unknown,0
59,housemaid,married,primary,no,-3313,no,no,cellular,3,1,unknown,0
43,blue-collar,married,secondary,no,30,yes,no,cellular,2,0,unknown,0
52,services,divorced,secondary,no,829,yes,no,unknown,2,0,unknown,0
28,unemployed,single,secondary,no,1128,no,no,unknown,1,0,unknown,0
19,technician,single,secondary,no,266,no,no,cellular,3,2,unknown,0
28,admin.,married,secondary,no,-209,yes,yes,telephone,3,3,success,1
29,admin.,single,secondary,no,8305,no,no,cellular,3,0,unknown,0
37,blue-collar,married,secondary,no,810,yes,no,cellular,1,3,other,0
50,retired,married,unknown,no,1799,no,no,cellular,1,0,unknown,0
24,unknown,single,tertiary,no,2431,no,no,unknown,6,0,unknown,0
33,technician,married,secondary,no,183,yes,no,cellular,2,0,unknown,0
47,blue-collar,married,primary,no,391,yes,no,unknown,8,0,unknown,0
31,entrepreneur,divorced,unknown,no,-245,yes,no,unknown,2,0,unknown,0
53,admin.,married,secondary,no,622,yes,no,cellular,1,0,unknown,0
35,management,single,tertiary,no,10916,no,no,cellular,7,0,unknown,0
40,management,divorced,secondary,no,-4,yes,no,cellular,2,3,failure,0
57,services,married,secondary,no,1272,yes,no,unknown,1,0,unknown,0
48,technician,single,secondary,no,1290,yes,no,unknown,3,0,unknown,0
45,admin.,single,secondary,no,-1459,yes,no,telephone,6,0,other,0
38,technician,single,tertiary,no,315,yes,no,cellular,1,0,unknown,0
37,blue-collar,single,tertiary,no,775,no,no,cellular,9,1,failure,0
41,admin.,single,tertiary,no,1970,yes,no,cellular,1,3,failure,0
58,retired,married,primary,no,32367,no,no,unknown,1,0,unknown,1
28,management,single,tertiary,no,2274,yes,no,unknown,8,0,unknown,0
40,management,single,tertiary,no,3609,no,no,cellular,3,0,unknown,0
28,management,married,secondary,no,395,no,no,unknown,1,1,unknown,0
40,services,married,secondary,no,262,yes,no,unknown,5,0,unknown,0
57,student,single,tertiary,no,180,no,no,cellular,10,0,unknown,0
48,blue-collar,married,primary,no,5378,yes,no,cellular,6,0,unknown,0
55,management,married,unknown,no,5098,no,no,cellular,2,0,unknown,0
42,blue-collar,married,secondary,yes,512,yes,no,unknown,4,0,unknown,0
55,services,married,secondary,no,34,yes,no,cellular,5,0,unknown,0
29,blue-collar,married,primary,no,-681,yes,yes,cellular,1,0,unknown,1
43,unemployed,married,secondary,no,-263,yes,no,unknown,1,0,unknown,0
37,blue-collar,married,secondary,no,3152,yes,no,cellular,2,1,failure,0
46,blue-collar,married,secondary,no,7511,yes,no,unknown,2,0,unknown,0
32,self-employed,married,tertiary,no,153,no,no,cellular,1,0,unknown,0
41,unemployed,married,secondary,no,1380,no,no,unknown,1,0,unknown,0
49,services,married,secondary,no,59,no,no,cellular,2,1,unknown,0
40,management,single,secondary,no,451,yes,no,unknown,5,0,unknown,0
51,blue-collar,married,secondary,no,2336,yes,no,cellular,2,0,unknown,0
43,services,married,unknown,no,1330,yes,no,unknown,2,0,unknown,0
35,blue-collar,married,secondary,no,-320,yes,no,unknown,7,0,unknown,0
43,technician,married,secondary,no,3657,yes,yes,unknown,2,0,unknown,0
42,technician,married,secondary,no,1262,yes,no,cellular,9,0,unknown,0
60,housemaid,married,primary,no,335,no,yes,cellular,3,0,unknown,0
53,entrepreneur,divorced,tertiary,no,904,yes,yes,unknown,3,1,unknown,0
49,technician,divorced,tertiary,no,95,yes,yes,unknown,1,1,unknown,0
38,technician,single,tertiary,no,1922,no,no,cellular,5,0,unknown,0
56,self-employed,married,primary,no,-1521,no,no,unknown,4,0,unknown,0
33,management,married,tertiary,no,569,no,no,cellular,1,0,unknown,0
45,blue-collar,married,secondary,no,918,yes,no,cellular,1,3,failure,0
36,management,single,tertiary,no,-1742,no,no,unknown,3,0,unknown,0
35,blue-collar,married,secondary,no,-92,yes,no,unknown,3,0,unknown,0
61,retired,married,primary,no,25626,yes,no,cellular,1,0,unknown,1
47,unemployed,married,tertiary,no,625,no,no,cellular,1,0,unknown,0
37,technician,married,secondary,no,606,yes,no,unknown,6,0,unknown,0
29,management,single,tertiary,no,485,yes,no,cellular,6,0,unknown,0
45,management,married,tertiary,no,690,yes,yes,cellular,1,0,unknown,0
45,blue-collar,married,primary,no,2624,yes,no,unknown,1,0,other,0
77,retired,divorced,secondary,no,1776,no,no,cellular,7,2,unknown,1
41,technician,single,tertiary,no,0,no,no,cellular,4,0,unknown,1
37,management,married,secondary,no,70,no,no,cellular,2,0,unknown,0
29,technician,single,tertiary,no,-225,no,no,cellular,2,2,unknown,1
30,blue-collar,single,secondary,no,3,yes,no,cellular,8,0,unknown,0
51,technician,married,tertiary,no,1849,no,no,unknown,3,0,unknown,0
28,blue-collar,married,secondary,no,253,yes,yes,unknown,1,0,unknown,0
40,blue-collar,divorced,secondary,no,1661,yes,no,cellular,1,0,unknown,0
41,management,married,secondary,no,-1,yes,no,cellular,2,1,failure,0
37,management,married,tertiary,no,3291,no,no,telephone,2,2,failure,1
27,blue-collar,married,tertiary,no,1347,no,no,cellular,1,1,failure,0
73,retired,divorced,primary,no,807,no,no,cellular,2,0,unknown,0
41,admin.,married,secondary,no,4700,yes,no,cellular,3,1,unknown,0
49,self-employed,married,secondary,no,5982,yes,no,cellular,1,0,unknown,0
34,entrepreneur,married,secondary,no,99,yes,no,unknown,1,0,unknown,0
34,management,married,tertiary,no,24,yes,no,unknown,3,0,unknown,0
31,management,married,tertiary,no,204,no,no,cellular,2,0,success,0
26,technician,single,secondary,no,3335,no,no,cellular,1,10,success,1
57,blue-collar,married,primary,no,91,no,no,telephone,15,0,unknown,0
32,retired,married,secondary,no,590,yes,no,cellular,1,0,unknown,0
49,services,married,secondary,no,570,no,yes,cellular,3,0,unknown,0
40,blue-collar,married,primary,no,6,no,no,unknown,4,0,unknown,0
31,blue-collar,married,secondary,no,735,yes,no,unknown,28,0,unknown,0
29,self-employed,single,secondary,no,632,no,no,cellular,1,0,unknown,0
54,services,divorced,tertiary,no,2265,yes,yes,cellular,4,0,unknown,0
27,unemployed,married,secondary,no,152,yes,no,unknown,7,0,unknown,0
29,management,single,tertiary,no,695,yes,no,cellular,2,1,failure,0
20,management,single,tertiary,no,67,yes,no,unknown,19,0,unknown,0
50,unemployed,single,secondary,no,219,yes,no,telephone,18,0,unknown,0
38,retired,married,secondary,no,321,no,no,cellular,2,0,unknown,0
35,entrepreneur,married,secondary,no,11147,yes,no,cellular,2,0,unknown,0
43,technician,married,secondary,no,-464,yes,no,cellular,1,0,unknown,0
62,retired,married,secondary,no,613,yes,no,unknown,1,0,unknown,0
35,management,married,secondary,no,2225,yes,no,unknown,5,0,unknown,0
43,blue-collar,married,primary,no,2183,yes,yes,unknown,6,0,unknown,0
36,admin.,married,secondary,no,4322,yes,no,unknown,1,0,unknown,0
51,management,married,secondary,no,-216,no,yes,cellular,1,0,unknown,0
40,entrepreneur,married,unknown,no,1176,yes,no,unknown,1,0,unknown,0
35,blue-collar,married,secondary,no,-178,yes,no,unknown,1,0,unknown,0
31,management,single,secondary,no,304,yes,no,unknown,5,0,unknown,0
27,blue-collar,married,secondary,no,4934,no,no,unknown,5,0,unknown,0
61,retired,married,secondary,no,354,no,no,cellular,1,0,success,1
46,services,divorced,tertiary,no,1524,yes,yes,unknown,1,0,unknown,0
32,admin.,single,secondary,no,7054,no,no,cellular,1,0,unknown,0
34,admin.,married,secondary,no,2207,yes,no,unknown,1,0,unknown,0
46,self-employed,married,primary,no,151,no,no,unknown,2,0,unknown,0
54,unemployed,single,primary,no,4136,yes,no,cellular,4,0,unknown,1
48,management,divorced,tertiary,no,1224,yes,no,cellular,1,7,other,0
50,management,married,tertiary,no,14448,no,no,unknown,5,0,unknown,0
42,admin.,single,secondary,no,1905,yes,no,telephone,6,0,unknown,0
31,admin.,single,secondary,no,66,no,yes,cellular,1,0,unknown,0
26,student,single,tertiary,no,210,yes,no,cellular,8,1,failure,0
57,management,divorced,secondary,no,4541,yes,yes,cellular,1,0,unknown,0
56,retired,married,primary,no,-238,no,no,cellular,4,0,unknown,0
42,blue-collar,married,unknown,no,196,yes,no,cellular,1,0,failure,0
53,technician,married,secondary,no,4073,yes,no,cellular,4,0,unknown,0
58,unknown,single,unknown,no,5579,yes,no,unknown,1,0,unknown,0
37,housemaid,married,primary,no,1466,yes,no,unknown,3,0,unknown,0
33,management,married,tertiary,no,759,no,no,cellular,3,0,unknown,0
43,housemaid,married,secondary,no,2189,no,no,cellular,2,0,unknown,0
49,blue-collar,married,primary,no,113,no,yes,cellular,19,1,unknown,0
39,management,single,secondary,no,-77,yes,no,cellular,1,7,failure,1
34,management,single,secondary,no,14566,no,no,cellular,1,0,unknown,0
33,management,married,tertiary,no,1656,no,no,cellular,6,2,other,0
44,technician,married,secondary,no,523,yes,no,cellular,2,1,unknown,0
35,blue-collar,single,primary,no,379,yes,yes,unknown,3,0,unknown,0
35,entrepreneur,married,secondary,no,1090,yes,no,cellular,1,0,unknown,0
41,management,married,tertiary,no,4542,yes,no,unknown,12,0,unknown,0
50,services,married,secondary,yes,-134,yes,yes,cellular,2,0,other,0
39,management,married,tertiary,no,969,yes,no,telephone,4,6,other,0
28,blue-collar,married,secondary,no,88,yes,no,cellular,5,0,unknown,0
22,self-employed,married,secondary,yes,53,yes,yes,cellular,1,0,unknown,0
34,admin.,married,secondary,no,2792,yes,no,cellular,2,0,unknown,1
45,management,divorced,tertiary,no,-1908,yes,no,cellular,2,0,unknown,1
46,blue-collar,married,tertiary,no,1,yes,no,cellular,14,0,unknown,0
37,entrepreneur,married,secondary,no,388,yes,no,cellular,23,0,unknown,0
40,blue-collar,married,secondary,no,-371,yes,yes,unknown,4,0,unknown,0
42,blue-collar,married,secondary,no,387,yes,no,cellular,2,1,failure,0
39,technician,married,secondary,no,1829,yes,yes,cellular,3,0,failure,0
37,management,single,tertiary,no,442,yes,no,cellular,14,0,unknown,0
31,technician,single,secondary,no,575,no,no,cellular,1,1,failure,0
23,blue-collar,single,secondary,no,1614,no,no,unknown,1,0,unknown,0
30,management,married,secondary,no,301,yes,yes,unknown,5,0,unknown,0
53,self-employed,married,unknown,no,4812,no,no,cellular,3,1,unknown,0
33,student,single,tertiary,no,3316,no,no,cellular,1,5,failure,0
36,technician,divorced,secondary,no,-384,no,no,unknown,2,0,unknown,0
42,management,single,tertiary,no,-35,no,yes,cellular,11,0,unknown,0
30,management,single,tertiary,no,4,no,no,cellular,4,0,unknown,0
40,management,married,tertiary,no,-163,no,yes,cellular,5,0,unknown,0
33,services,divorced,secondary,no,2191,yes,yes,cellular,7,1,unknown,0
49,services,married,secondary,no,-3,yes,no,unknown,2,0,unknown,0
27,technician,single,secondary,no,1312,no,no,cellular,5,0,unknown,0
33,technician,married,secondary,no,-334,no,no,cellular,8,0,unknown,0
31,blue-collar,single,secondary,no,2513,yes,no,unknown,1,0,unknown,0
36,housemaid,married,primary,no,101,yes,no,unknown,1,0,unknown,1
50,management,divorced,tertiary,no,390,yes,no,cellular,9,0,unknown,0
54,blue-collar,married,primary,no,8,no,no,cellular,3,0,unknown,0
45,management,single,tertiary,no,112,yes,no,cellular,3,0,unknown,1
39,admin.,married,secondary,no,12894,yes,no,unknown,3,0,unknown,0
54,technician,married,tertiary,no,443,yes,no,unknown,1,0,unknown,0
37,retired,married,tertiary,no,-50,yes,no,telephone,1,0,unknown,1
52,technician,single,secondary,no,1076,no,no,cellular,9,0,unknown,0
46,admin.,married,secondary,no,-2333,yes,yes,unknown,4,0,unknown,0
38,management,married,tertiary,no,5691,yes,no,cellular,3,0,other,0
30,blue-collar,married,primary,no,333,yes,no,unknown,4,0,unknown,0
42,admin.,married,secondary,no,-2,yes,no,unknown,1,0,unknown,0
34,management,single,tertiary,no,4022,yes,no,cellular,1,0,unknown,0
24,housemaid,single,tertiary,no,10171,yes,no,unknown,1,0,unknown,0
30,management,married,tertiary,no,5563,no,yes,cellular,1,1,failure,0
30,admin.,single,secondary,no,1811,yes,no,cellular,4,0,unknown,0
33,management,single,tertiary,no,1635,yes,no,cellular,11,0,unknown,0
43,technician,divorced,secondary,no,253,no,no,cellular,7,0,unknown,0
28,technician,divorced,secondary,no,-143,no,yes,unknown,10,0,unknown,0
54,blue-collar,married,secondary,no,5,yes,no,unknown,1,0,unknown,0
44,management,single,tertiary,no,603,no,no,cellular,5,9,other,0
50,management,married,secondary,no,3592,no,no,cellular,7,3,success,1
56,admin.,married,unknown,no,2105,yes,no,cellular,1,1,unknown,1
50,technician,married,tertiary,no,758,no,no,unknown,5,0,unknown,0
42,blue-collar,married,secondary,no,1762,no,no,cellular,3,0,unknown,0
46,management,divorced,tertiary,no,260,no,no,unknown,3,2,unknown,1
34,management,single,tertiary,no,0,no,no,cellular,6,0,unknown,0
43,management,married,secondary,no,348,yes,no,cellular,7,0,unknown,0
58,admin.,married,primary,no,1626,no,no,unknown,3,0,unknown,0
34,blue-collar,married,secondary,no,431,yes,no,unknown,1,0,unknown,0
45,technician,married,secondary,no,2044,yes,no,unknown,1,0,unknown,0
38,services,divorced,secondary,no,2924,yes,no,cellular,12,0,unknown,0
38,management,single,tertiary,no,7692,yes,no,cellular,1,0,failure,0
32,blue-collar,single,secondary,no,-134,yes,no,cellular,3,0,unknown,0
36,blue-collar,single,secondary,no,1044,yes,no,cellular,1,3,failure,0
34,blue-collar,single,tertiary,no,396,yes,no,cellular,1,12,other,0
35,management,married,tertiary,no,2644,no,no,cellular,2,3,other,0
44,management,single,tertiary,no,835,no,no,cellular,2,0,unknown,0
52,technician,divorced,secondary,no,827,no,no,cellular,10,0,unknown,0
36,blue-collar,married,secondary,no,-349,yes,no,cellular,1,0,unknown,0
66,admin.,married,secondary,no,8311,no,no,cellular,2,7,unknown,1
36,blue-collar,married,secondary,no,114,yes,no,unknown,8,0,unknown,0
45,technician,single,secondary,no,4154,no,no,cellular,2,0,unknown,0
47,admin.,married,tertiary,no,30,yes,yes,cellular,1,0,unknown,0
33,technician,married,secondary,no,4508,no,no,cellular,2,0,unknown,1
50,management,married,tertiary,no,1550,yes,no,cellular,2,0,unknown,0
39,management,single,tertiary,no,3884,yes,no,cellular,20,0,unknown,0
33,blue-collar,married,primary,no,427,yes,no,cellular,1,0,unknown,0
43,management,married,tertiary,no,1473,no,no,cellular,3,0,unknown,0
51,management,single,tertiary,no,2289,no,no,cellular,1,2,success,1
60,retired,married,secondary,no,534,no,no,cellular,1,1,unknown,0
38,management,married,tertiary,no,4344,no,no,telephone,7,0,unknown,0
41,admin.,divorced,secondary,no,183,yes,no,unknown,1,0,unknown,0
27,blue-collar,married,tertiary,no,7,no,no,cellular,1,0,unknown,0
54,management,married,tertiary,no,325,yes,no,cellular,1,0,unknown,0
40,services,married,primary,no,53,yes,yes,unknown,1,0,unknown,0
38,unemployed,married,tertiary,no,431,no,yes,cellular,1,0,unknown,0
41,management,married,tertiary,no,7726,yes,no,cellular,5,0,unknown,0
44,blue-collar,married,primary,no,366,yes,no,unknown,7,0,unknown,0
35,admin.,married,secondary,no,1849,yes,no,cellular,1,0,unknown,0
39,management,single,tertiary,no,12297,no,no,cellular,2,3,failure,0
55,retired,divorced,secondary,no,1262,no,no,cellular,1,0,unknown,0
45,blue-collar,married,primary,no,2,yes,no,unknown,4,0,unknown,0
32,blue-collar,married,secondary,no,225,yes,no,unknown,1,0,unknown,0
23,self-employed,single,tertiary,no,849,no,yes,unknown,3,0,unknown,0
33,services,divorced,secondary,no,454,yes,no,unknown,1,0,unknown,0
38,technician,married,secondary,no,-4,yes,no,cellular,1,6,success,1
46,blue-collar,divorced,primary,no,4,yes,no,cellular,3,0,unknown,0
35,management,married,tertiary,no,4627,yes,no,unknown,14,0,unknown,0
31,technician,married,secondary,no,-416,no,no,unknown,3,0,unknown,0
54,admin.,divorced,primary,no,-99,no,no,unknown,4,0,unknown,0
35,management,single,tertiary,no,-1228,yes,no,cellular,1,0,unknown,0
39,management,married,tertiary,no,231,yes,no,cellular,2,0,unknown,0
29,management,divorced,tertiary,no,2159,no,yes,cellular,2,0,unknown,0
41,management,married,tertiary,no,393,yes,no,cellular,2,0,unknown,1
43,blue-collar,married,secondary,no,3584,yes,yes,cellular,7,16,failure,0
45,management,divorced,tertiary,no,-450,no,yes,cellular,1,0,unknown,0
38,blue-collar,single,primary,no,7399,yes,no,cellular,3,4,other,0
45,blue-collar,divorced,secondary,no,7056,yes,no,telephone,6,0,unknown,0
51,admin.,single,secondary,yes,2110,no,no,cellular,3,0,unknown,0
43,unemployed,married,primary,no,1863,yes,yes,cellular,4,2,unknown,0
37,blue-collar,married,secondary,no,12903,no,no,cellular,3,0,failure,0
39,management,married,tertiary,no,-221,yes,no,unknown,3,0,unknown,0
45,technician,married,primary,no,1610,yes,yes,cellular,2,7,other,0
49,blue-collar,single,secondary,no,342,no,no,unknown,1,0,unknown,0
60,admin.,married,primary,no,24103,no,yes,unknown,3,3,unknown,0
47,blue-collar,married,tertiary,no,23,yes,yes,cellular,1,0,unknown,0
29,admin.,married,secondary,no,442,yes,no,unknown,2,1,unknown,0
63,retired,married,secondary,no,478,yes,no,cellular,1,6,failure,0
37,blue-collar,single,tertiary,no,330,yes,no,cellular,1,0,unknown,0
38,self-employed,married,primary,no,2694,yes,no,unknown,3,0,unknown,0
56,blue-collar,married,primary,no,1172,no,yes,cellular,2,2,failure,0
37,management,single,unknown,no,-235,yes,no,unknown,11,0,unknown,0
31,blue-collar,divorced,secondary,no,2590,yes,no,cellular,1,4,failure,0
35,technician,married,secondary,yes,-1124,no,yes,cellular,1,0,unknown,0
37,self-employed,married,tertiary,no,7519,no,no,cellular,11,0,unknown,1
38,entrepreneur,divorced,unknown,no,32,no,no,cellular,2,0,unknown,0
48,management,divorced,tertiary,no,117,yes,no,cellular,7,0,unknown,0
55,unknown,married,unknown,no,488,no,yes,telephone,1,0,unknown,0
41,blue-collar,married,primary,no,323,yes,yes,telephone,2,0,unknown,0
31,management,single,secondary,no,1658,no,no,cellular,2,1,failure,0
37,blue-collar,single,secondary,no,523,no,no,unknown,2,0,unknown,0
58,management,married,tertiary,no,23,no,no,cellular,2,0,unknown,0
33,management,single,tertiary,no,1919,yes,no,unknown,1,0,unknown,0
37,management,married,tertiary,no,938,no,no,cellular,2,0,unknown,1
53,retired,divorced,tertiary,no,-351,yes,yes,unknown,2,0,unknown,0
23,blue-collar,single,secondary,no,927,no,no,unknown,1,0,unknown,0
35,blue-collar,married,secondary,no,7402,yes,no,cellular,5,0,unknown,0
37,technician,married,tertiary,no,3744,no,no,unknown,1,0,unknown,0
34,admin.,married,secondary,no,3628,no,no,cellular,8,0,unknown,0
31,management,married,tertiary,no,3117,yes,no,cellular,3,0,unknown,0
50,entrepreneur,divorced,tertiary,no,4353,yes,yes,unknown,13,1,unknown,0
52,blue-collar,divorced,secondary,no,5746,no,yes,cellular,1,0,unknown,0
49,management,married,tertiary,no,324,no,no,cellular,4,0,unknown,0
31,management,married,tertiary,no,372,no,no,cellular,6,0,unknown,0
43,blue-collar,married,primary,no,1060,yes,no,cellular,2,3,other,0
44,technician,married,secondary,no,-1183,no,no,unknown,3,0,unknown,0
44,technician,married,secondary,no,-1523,yes,yes,unknown,1,0,unknown,1
58,blue-collar,married,secondary,no,388,yes,no,cellular,3,0,unknown,0
34,blue-collar,single,primary,no,-363,no,no,cellular,1,0,unknown,0
26,blue-collar,married,secondary,no,-243,no,no,cellular,1,0,unknown,0
48,admin.,single,secondary,no,6342,yes,no,cellular,2,0,unknown,0
35,services,married,secondary,no,336,yes,no,unknown,1,0,unknown,0
42,admin.,married,tertiary,no,1486,no,no,cellular,1,2,unknown,0
38,blue-collar,married,tertiary,no,-3,yes,no,cellular,1,0,unknown,0
37,unemployed,single,secondary,no,-639,yes,no,cellular,1,4,failure,0
32,management,single,tertiary,no,1172,no,no,cellular,1,0,unknown,0
45,services,single,secondary,no,2369,yes,no,cellular,1,8,other,0
40,blue-collar,married,secondary,no,1922,yes,no,cellular,1,5,failure,0
51,admin.,married,secondary,no,4046,no,no,cellular,2,3,unknown,1
43,services,single,secondary,no,718,yes,yes,unknown,1,0,unknown,0
24,technician,married,secondary,no,-159,yes,yes,unknown,3,0,unknown,0
24,management,single,tertiary,no,1085,yes,no,cellular,1,0,unknown,0
46,services,married,tertiary,no,3767,yes,no,cellular,2,4,unknown,0
31,admin.,single,secondary,no,162,yes,no,cellular,1,0,unknown,0
37,technician,divorced,secondary,no,301,no,no,cellular,2,0,other,0
36,unemployed,married,secondary,no,4347,yes,no,unknown,2,0,unknown,0
49,services,married,primary,no,3033,no,no,unknown,1,0,unknown,0
58,admin.,married,primary,no,732,yes,no,cellular,1,2,unknown,0
53,self-employed,divorced,tertiary,no,188,yes,no,unknown,1,0,unknown,0
38,blue-collar,married,secondary,no,138,yes,no,unknown,1,0,unknown,0
37,admin.,married,secondary,no,2709,yes,no,cellular,1,0,unknown,0
46,entrepreneur,divorced,tertiary,no,1358,no,yes,cellular,2,0,unknown,0
34,admin.,divorced,secondary,no,47,yes,no,unknown,1,0,unknown,0
59,retired,married,secondary,no,3817,no,no,cellular,5,0,unknown,0
37,technician,single,secondary,no,69,no,no,cellular,2,0,unknown,0
27,admin.,married,secondary,no,3230,yes,no,unknown,9,0,unknown,0
61,retired,married,primary,no,2493,no,no,telephone,4,2,failure,0
40,entrepreneur,married,secondary,no,2967,no,no,cellular,2,0,unknown,0
56,services,single,secondary,yes,-289,yes,no,cellular,2,5,unknown,0
35,services,married,secondary,no,7625,no,yes,cellular,4,0,unknown,0
34,technician,married,tertiary,no,517,yes,no,unknown,4,0,unknown,0
39,blue-collar,married,secondary,no,-409,yes,no,cellular,1,0,unknown,0
31,blue-collar,married,secondary,no,5638,yes,no,cellular,1,2,failure,0
31,blue-collar,married,tertiary,no,-179,yes,no,cellular,4,0,unknown,0
30,blue-collar,married,secondary,no,6092,yes,yes,cellular,2,2,other,0
49,technician,divorced,secondary,no,1645,yes,no,telephone,1,0,unknown,0
32,management,single,tertiary,no,2838,no,no,cellular,2,0,unknown,0
58,management,married,tertiary,no,1292,no,no,cellular,2,0,unknown,0
66,blue-collar,divorced,primary,no,-2103,no,no,unknown,5,0,unknown,0
31,blue-collar,single,primary,no,879,yes,no,cellular,1,0,unknown,0
49,services,married,secondary,no,347,no,no,cellular,1,2,unknown,1
55,blue-collar,married,unknown,no,-117,yes,no,cellular,1,0,unknown,0
57,technician,married,secondary,no,67,no,no,unknown,1,0,unknown,0
42,admin.,married,secondary,no,2689,no,no,cellular,4,0,unknown,0
27,blue-collar,single,secondary,no,337,yes,yes,cellular,2,0,unknown,0
49,management,divorced,tertiary,no,10348,no,no,cellular,3,0,unknown,0
39,technician,single,tertiary,no,583,no,yes,cellular,8,0,unknown,0
28,student,single,secondary,no,211,yes,no,cellular,1,0,unknown,0
45,management,married,tertiary,no,-343,no,no,unknown,2,0,unknown,0
35,management,married,tertiary,no,481,yes,no,cellular,1,0,unknown,0
44,technician,married,secondary,no,2078,yes,no,unknown,1,0,unknown,0
39,entrepreneur,single,tertiary,no,-446,yes,no,cellular,2,0,unknown,0
57,management,married,primary,no,1522,yes,no,cellular,1,4,other,0
32,management,single,secondary,no,12269,no,no,cellular,6,1,failure,0
33,admin.,single,primary,no,1486,yes,no,unknown,13,1,unknown,0
40,blue-collar,married,primary,no,771,yes,no,cellular,1,0,unknown,0
49,admin.,married,secondary,no,591,no,no,cellular,1,0,unknown,0
32,blue-collar,single,secondary,no,3136,yes,no,unknown,5,0,unknown,0
35,self-employed,divorced,tertiary,no,2568,yes,no,cellular,4,0,unknown,0
65,retired,married,unknown,no,-34,no,no,unknown,1,0,unknown,0
41,management,single,secondary,no,1223,yes,no,unknown,5,0,unknown,0
29,self-employed,single,tertiary,no,787,no,no,telephone,1,0,success,0
37,management,married,tertiary,no,360,yes,yes,unknown,1,0,unknown,0
42,blue-collar,married,secondary,no,3216,yes,no,cellular,4,0,unknown,0
43,blue-collar,married,primary,no,328,yes,no,telephone,2,0,unknown,0
33,technician,divorced,secondary,no,312,yes,yes,cellular,2,0,unknown,0
48,management,single,tertiary,no,2259,no,no,cellular,1,1,unknown,0
31,services,married,secondary,no,53,yes,no,unknown,4,0,unknown,0
49,unemployed,married,secondary,yes,-56,no,no,unknown,1,0,unknown,0
38,blue-collar,married,secondary,no,1737,yes,no,cellular,2,0,unknown,0
49,blue-collar,married,secondary,no,-652,yes,no,cellular,1,3,failure,0
36,blue-collar,married,secondary,no,21503,no,no,unknown,2,0,unknown,0
31,technician,married,unknown,no,2010,no,no,cellular,7,1,unknown,0
53,management,single,secondary,no,-429,yes,yes,cellular,1,0,unknown,0
72,entrepreneur,married,secondary,no,2981,no,no,telephone,1,1,success,0
39,technician,married,secondary,no,8119,no,no,cellular,3,1,unknown,0
34,admin.,married,tertiary,no,449,no,no,cellular,3,3,failure,0
47,technician,divorced,secondary,no,716,yes,yes,cellular,9,0,unknown,1
56,retired,married,tertiary,no,757,no,no,cellular,1,1,failure,0
30,technician,single,tertiary,no,2162,yes,no,cellular,3,0,unknown,0
54,blue-collar,married,secondary,no,-677,no,no,unknown,2,0,unknown,0
23,blue-collar,single,secondary,no,1009,yes,no,unknown,16,0,unknown,0
54,self-employed,married,secondary,no,556,no,no,cellular,18,0,unknown,0
28,technician,single,tertiary,no,-307,no,no,cellular,1,0,failure,1
41,management,single,secondary,no,179,no,no,cellular,4,0,unknown,0
32,unemployed,married,secondary,no,276,no,yes,unknown,1,0,unknown,0
35,blue-collar,married,primary,no,270,yes,no,cellular,2,0,unknown,0
35,unemployed,single,tertiary,no,3116,yes,no,cellular,1,9,success,0
42,self-employed,single,tertiary,no,1407,no,no,cellular,5,0,unknown,0
31,management,single,tertiary,no,-2790,no,yes,cellular,8,0,unknown,0
46,technician,married,secondary,no,2280,yes,no,cellular,1,3,failure,0
28,management,single,tertiary,no,1880,yes,no,cellular,2,0,success,1
58,retired,divorced,tertiary,no,-138,yes,yes,telephone,2,0,unknown,0
31,management,single,secondary,no,578,yes,no,unknown,9,0,unknown,0
50,services,married,primary,no,1949,no,no,telephone,13,0,unknown,0
53,management,married,tertiary,no,-253,yes,yes,cellular,2,0,unknown,0
46,services,married,secondary,no,700,no,no,cellular,1,0,unknown,0
34,technician,divorced,tertiary,no,127,no,no,cellular,6,0,unknown,0
38,admin.,single,secondary,no,2003,yes,no,cellular,2,0,unknown,0
49,blue-collar,single,primary,no,2544,yes,no,unknown,14,0,unknown,0
29,management,single,tertiary,no,4965,yes,no,unknown,1,0,unknown,0
40,entrepreneur,married,unknown,no,2029,yes,no,cellular,4,0,unknown,0
32,technician,single,secondary,no,-450,no,no,cellular,12,0,unknown,0
43,technician,married,secondary,no,308,yes,yes,unknown,3,0,unknown,1
27,management,single,tertiary,no,1204,no,no,cellular,1,0,unknown,0
36,management,single,tertiary,no,3207,yes,no,cellular,8,0,unknown,0
51,retired,married,primary,no,11,no,no,cellular,2,0,unknown,0
59,blue-collar,single,secondary,no,145,yes,no,unknown,2,0,unknown,0
39,admin.,married,secondary,no,2485,yes,no,cellular,7,0,unknown,0
49,management,married,secondary,no,930,yes,no,cellular,4,2,failure,0
41,entrepreneur,divorced,primary,no,918,no,no,unknown,1,0,unknown,0
36,blue-collar,married,secondary,no,6191,yes,no,unknown,3,0,unknown,0
45,services,married,secondary,no,11351,yes,no,unknown,1,13,other,0
33,management,married,tertiary,no,564,yes,no,cellular,1,0,unknown,0
39,blue-collar,married,primary,no,650,yes,no,telephone,1,0,unknown,0
43,technician,married,secondary,no,-1281,yes,no,cellular,2,4,unknown,0
33,technician,single,secondary,no,-606,yes,yes,telephone,1,4,failure,0
40,management,single,tertiary,no,55,yes,no,cellular,2,0,unknown,0
49,entrepreneur,married,tertiary,no,181,no,no,cellular,1,0,unknown,0
44,admin.,married,secondary,no,-799,yes,yes,cellular,10,0,unknown,0
45,blue-collar,married,primary,no,2127,yes,no,unknown,2,0,unknown,0
33,management,divorced,tertiary,no,488,no,yes,cellular,1,2,success,0
39,management,single,unknown,no,679,no,no,cellular,1,12,failure,0
55,management,married,tertiary,no,3323,yes,no,cellular,3,0,unknown,0
39,self-employed,single,secondary,no,4403,no,no,cellular,1,0,unknown,0
36,blue-collar,married,tertiary,no,-821,yes,no,cellular,2,9,failure,0
70,blue-collar,married,tertiary,no,10203,no,no,telephone,1,0,unknown,0
34,services,divorced,primary,no,814,no,no,unknown,6,0,unknown,0
60,unknown,married,unknown,no,1464,no,no,telephone,1,0,unknown,0
25,services,single,secondary,no,1420,yes,no,cellular,1,0,unknown,0
27,admin.,single,secondary,no,555,yes,no,cellular,1,1,failure,0
38,housemaid,married,secondary,no,47,no,no,cellular,2,1,failure,0
27,management,married,tertiary,no,-2811,no,no,cellular,3,2,success,1
31,technician,married,secondary,no,4491,yes,no,cellular,9,0,unknown,0
38,management,divorced,secondary,no,841,no,no,unknown,2,0,unknown,0
51,blue-collar,married,primary,no,4470,yes,no,unknown,1,0,unknown,0
39,technician,single,secondary,no,256,no,no,cellular,2,0,unknown,0
45,admin.,divorced,secondary,no,1930,yes,no,telephone,1,1,unknown,1
28,management,single,tertiary,no,707,yes,no,unknown,1,0,unknown,0
55,blue-collar,married,secondary,no,397,no,yes,unknown,6,0,unknown,0
34,housemaid,single,tertiary,no,-1865,yes,no,cellular,2,0,unknown,1
51,admin.,married,secondary,no,-74,yes,no,unknown,2,0,unknown,0
43,blue-collar,married,secondary,no,2947,yes,no,unknown,1,0,unknown,0
42,technician,married,primary,no,-440,yes,no,unknown,1,0,unknown,0
58,housemaid,married,tertiary,no,25,no,no,cellular,3,0,unknown,0
52,management,married,tertiary,no,4906,yes,no,unknown,1,0,unknown,0
52,technician,married,tertiary,no,2170,no,no,cellular,2,0,unknown,0
53,blue-collar,married,primary,no,5107,no,no,cellular,6,0,unknown,0
87,retired,married,primary,no,165,no,no,cellular,1,1,unknown,1
33,technician,single,tertiary,no,971,no,no,cellular,2,0,unknown,0
40,management,single,tertiary,no,2170,no,no,cellular,5,0,unknown,1
62,admin.,married,primary,no,1264,no,no,cellular,6,0,unknown,0
67,management,married,tertiary,no,1528,yes,yes,cellular,4,0,unknown,0
30,entrepreneur,single,tertiary,no,653,yes,no,cellular,8,0,unknown,0
34,entrepreneur,married,unknown,no,940,yes,no,cellular,4,1,unknown,0
35,technician,single,secondary,no,1422,no,no,cellular,2,5,success,1
26,management,married,tertiary,no,966,yes,no,unknown,12,0,unknown,0
52,housemaid,married,primary,no,260,yes,no,unknown,2,0,unknown,0
44,blue-collar,married,primary,no,282,yes,no,unknown,6,0,unknown,0
64,housemaid,married,secondary,no,336,no,no,telephone,6,0,unknown,0
48,services,divorced,primary,no,30,yes,no,cellular,1,0,unknown,0
20,technician,single,tertiary,no,723,yes,no,cellular,2,4,other,0
48,admin.,married,unknown,no,9886,no,no,cellular,2,1,unknown,1
49,blue-collar,married,secondary,no,1322,yes,yes,telephone,2,0,unknown,0
40,management,married,primary,no,-309,yes,no,unknown,1,0,unknown,0
56,entrepreneur,married,tertiary,no,-11,no,no,cellular,5,1,unknown,0
44,blue-collar,divorced,secondary,no,3542,no,yes,unknown,1,0,unknown,0
39,entrepreneur,married,secondary,no,42,no,no,cellular,1,0,unknown,0
69,retired,married,secondary,no,3936,no,no,cellular,1,0,unknown,0
36,self-employed,married,tertiary,no,-887,no,no,cellular,2,3,failure,1
40,management,married,secondary,no,-357,yes,no,cellular,1,0,unknown,0
32,management,married,secondary,no,6067,yes,no,cellular,2,0,unknown,0
31,management,single,tertiary,no,1911,yes,no,unknown,21,0,unknown,0
35,technician,single,secondary,no,-8,no,no,cellular,3,0,unknown,0
34,unemployed,married,secondary,no,881,yes,yes,cellular,6,0,unknown,0
84,retired,married,secondary,no,1319,no,no,cellular,7,0,unknown,1
46,blue-collar,married,primary,no,2857,no,no,cellular,3,7,unknown,0
22,admin.,single,secondary,no,8897,no,no,cellular,2,0,unknown,0
26,retired,divorced,tertiary,no,-32,no,yes,cellular,2,0,unknown,0
39,technician,married,secondary,no,1620,yes,no,cellular,1,4,failure,0
30,management,married,tertiary,no,671,yes,no,cellular,1,0,unknown,0
33,services,married,primary,no,140,yes,no,cellular,1,0,unknown,0
48,blue-collar,married,primary,no,339,yes,no,unknown,3,0,unknown,0
50,management,married,primary,no,610,no,no,cellular,6,0,unknown,0
28,admin.,single,unknown,no,-18,yes,no,cellular,2,0,unknown,0
35,technician,married,secondary,no,162,yes,yes,cellular,4,0,unknown,0
46,blue-collar,divorced,secondary,no,-37,yes,yes,cellular,1,2,other,0
27,services,married,secondary,no,4261,no,no,cellular,1,0,unknown,0
26,student,single,tertiary,no,1909,yes,no,unknown,1,0,unknown,0
36,management,single,tertiary,no,3079,no,no,cellular,5,0,unknown,0
31,services,married,tertiary,no,2532,yes,no,cellular,3,0,other,0
22,self-employed,married,unknown,no,5,no,no,cellular,4,0,unknown,0
38,services,married,secondary,no,4750,yes,yes,cellular,1,0,unknown,0
56,retired,married,primary,no,214,no,no,cellular,4,0,unknown,0
23,student,single,tertiary,no,900,no,no,cellular,4,0,unknown,1
40,retired,married,tertiary,no,1057,yes,no,unknown,1,0,unknown,0
71,admin.,married,tertiary,no,-2029,no,no,telephone,2,0,unknown,1
30,technician,single,tertiary,no,177,yes,yes,cellular,1,0,unknown,0
56,management,married,unknown,no,1176,no,no,cellular,1,0,unknown,0
50,retired,married,secondary,no,3819,no,no,unknown,2,1,unknown,0
35,services,married,secondary,no,1220,no,no,cellular,3,0,unknown,0
57,retired,married,secondary,no,5368,no,no,cellular,1,6,other,0
49,technician,single,tertiary,no,219,no,no,cellular,1,1,unknown,0
43,services,married,secondary,no,342,yes,no,cellular,1,0,unknown,0
38,admin.,married,secondary,no,1969,yes,no,unknown,2,0,unknown,0
27,technician,married,tertiary,no,1169,yes,no,unknown,6,0,unknown,0
52,retired,single,secondary,no,12268,no,no,unknown,1,0,unknown,0
46,admin.,married,tertiary,no,56,yes,no,cellular,1,0,unknown,0
32,admin.,married,secondary,no,-13,yes,no,cellular,4,0,unknown,0
37,admin.,married,secondary,no,4755,yes,no,cellular,2,0,unknown,0
43,unemployed,married,secondary,no,-106,no,no,cellular,4,0,unknown,0
31,admin.,married,tertiary,no,1829,yes,no,cellular,2,16,success,0
28,admin.,married,tertiary,no,398,yes,no,cellular,6,2,failure,0
33,blue-collar,married,secondary,no,2557,yes,yes,unknown,6,0,unknown,0
46,technician,single,tertiary,no,3772,yes,no,cellular,3,0,unknown,0
50,housemaid,married,secondary,no,2420,yes,no,telephone,1,0,unknown,0
48,retired,married,secondary,no,-1031,yes,no,cellular,1,0,unknown,1
55,management,married,tertiary,no,14,yes,no,cellular,1,0,unknown,0
30,management,married,tertiary,no,1070,yes,no,cellular,1,0,unknown,1
54,technician,married,secondary,no,837,yes,no,unknown,2,0,unknown,0
51,management,divorced,tertiary,no,954,yes,no,unknown,2,0,unknown,0
33,self-employed,single,tertiary,no,699,yes,no,cellular,2,0,unknown,0
37,services,married,tertiary,no,4648,yes,no,unknown,2,0,unknown,0
33,services,married,tertiary,no,-158,yes,no,cellular,2,0,unknown,0
41,admin.,married,secondary,no,1630,no,no,cellular,3,0,unknown,0
28,blue-collar,single,secondary,no,-14,yes,yes,unknown,3,0,unknown,0
37,blue-collar,married,primary,no,1311,yes,no,unknown,1,0,unknown,0
30,management,single,secondary,no,7121,yes,yes,unknown,1,0,unknown,0
37,management,married,tertiary,no,768,no,no,unknown,6,0,unknown,0
54,unemployed,married,primary,no,7934,no,yes,cellular,3,0,unknown,0
66,blue-collar,single,secondary,no,5046,no,no,cellular,1,2,unknown,1
44,management,single,tertiary,no,10,yes,no,cellular,1,0,unknown,1
23,student,single,secondary,no,917,no,no,cellular,1,0,unknown,0
38,unemployed,married,secondary,no,1157,yes,no,unknown,2,0,unknown,0
54,blue-collar,married,secondary,no,231,yes,no,cellular,2,0,unknown,0
47,blue-collar,married,primary,no,282,yes,no,cellular,2,0,unknown,0
36,management,divorced,tertiary,no,4571,no,no,cellular,1,1,failure,1
34,blue-collar,married,primary,yes,4521,yes,no,telephone,6,17,success,0
56,admin.,married,secondary,no,1077,yes,no,unknown,2,0,unknown,0
31,blue-collar,single,secondary,no,697,no,no,cellular,1,0,unknown,0
42,management,married,tertiary,no,13780,no,no,cellular,3,0,unknown,1
52,management,married,tertiary,no,1382,no,yes,cellular,1,0,unknown,0
38,technician,married,secondary,no,234,yes,no,unknown,1,0,unknown,0
34,management,single,tertiary,no,-4,no,no,cellular,1,0,unknown,0
51,self-employed,married,tertiary,no,156,no,yes,unknown,2,1,failure,0
50,management,married,unknown,no,3359,no,no,cellular,3,0,unknown,1
66,management,married,tertiary,no,307,yes,no,unknown,2,0,unknown,0
46,management,married,tertiary,no,846,no,no,cellular,13,0,unknown,0
48,admin.,divorced,unknown,no,9140,no,no,cellular,1,1,success,1
43,technician,single,tertiary,yes,-213,no,no,cellular,2,0,unknown,0
33,blue-collar,married,secondary,no,571,yes,no,unknown,1,0,unknown,0
32,blue-collar,single,tertiary,no,1974,yes,yes,unknown,2,0,unknown,0
19,entrepreneur,married,secondary,no,126,yes,no,cellular,10,0,unknown,0
46,management,married,tertiary,no,2926,no,no,unknown,1,0,unknown,0
31,blue-collar,single,secondary,no,180,yes,no,cellular,1,0,unknown,0
42,management,married,tertiary,no,665,yes,yes,cellular,1,0,unknown,1
19,services,single,tertiary,yes,-348,yes,no,cellular,5,0,unknown,0
45,technician,married,unknown,yes,-1191,yes,no,unknown,1,0,unknown,0
32,technician,single,secondary,no,92,no,no,cellular,6,0,unknown,0
43,retired,married,secondary,no,-764,yes,no,unknown,1,0,unknown,0
50,unemployed,married,primary,no,1121,yes,no,unknown,1,0,unknown,0
39,management,divorced,tertiary,no,1883,no,no,cellular,3,0,unknown,1
48,blue-collar,married,secondary,no,1149,yes,no,unknown,1,0,unknown,0
24,housemaid,married,secondary,no,-193,yes,no,unknown,1,1,unknown,0
27,services,single,primary,no,4761,yes,no,cellular,1,0,unknown,0
50,management,married,tertiary,no,2565,no,no,cellular,2,0,unknown,0
47,admin.,married,secondary,no,56,yes,no,unknown,23,0,unknown,0
36,self-employed,married,secondary,no,346,no,no,cellular,1,0,unknown,0
48,services,married,primary,no,11750,no,no,cellular,5,0,unknown,0
52,management,married,tertiary,no,87,no,yes,cellular,5,0,unknown,0
37,technician,single,secondary,no,1965,no,no,cellular,2,0,unknown,0
57,retired,married,tertiary,no,0,no,no,cellular,11,0,unknown,0
48,admin.,married,secondary,no,282,yes,yes,cellular,3,0,unknown,0
39,admin.,married,secondary,no,688,no,yes,unknown,2,0,unknown,0
46,self-employed,married,tertiary,no,-2117,yes,yes,cellular,1,0,unknown,0
38,retired,married,secondary,no,1266,no,no,cellular,24,0,unknown,1
59,blue-collar,married,secondary,no,7279,yes,no,cellular,5,3,failure,1
37,management,married,tertiary,no,4268,no,no,cellular,2,0,unknown,1
34,blue-collar,divorced,secondary,no,1298,no,no,cellular,1,3,success,1
45,services,married,secondary,no,4385,yes,no,unknown,2,8,failure,0
47,blue-collar,married,primary,no,6502,yes,no,unknown,9,0,unknown,0
41,entrepreneur,single,tertiary,no,-51,yes,no,cellular,6,0,unknown,0
68,retired,married,primary,no,8852,no,no,cellular,2,0,unknown,0
28,services,married,primary,no,5814,yes,no,unknown,2,0,unknown,0
45,blue-collar,married,secondary,no,6409,yes,no,cellular,1,0,unknown,0
54,admin.,married,secondary,no,-731,no,no,telephone,4,0,unknown,0
58,retired,married,secondary,no,1851,no,no,cellular,1,1,unknown,1
37,admin.,single,secondary,no,792,yes,yes,unknown,4,0,unknown,0
32,management,single,tertiary,no,7746,no,no,cellular,1,0,unknown,0
37,blue-collar,married,secondary,no,1561,yes,no,cellular,3,0,unknown,0
36,management,divorced,tertiary,no,4192,yes,no,unknown,17,0,unknown,0
58,management,divorced,tertiary,no,1162,no,no,cellular,2,4,failure,0
32,blue-collar,married,secondary,no,2501,no,no,cellular,2,0,unknown,1
33,management,married,unknown,no,31462,no,no,cellular,2,4,failure,0
34,services,single,tertiary,no,31,no,no,cellular,2,0,unknown,1
56,technician,married,secondary,no,171,no,no,cellular,1,0,unknown,0
37,admin.,married,secondary,no,6887,yes,no,unknown,7,0,unknown,0
47,blue-collar,married,secondary,no,420,no,no,cellular,1,1,unknown,1
47,unemployed,married,secondary,no,2585,yes,no,telephone,2,0,other,0
48,technician,married,tertiary,no,268,yes,no,cellular,4,0,unknown,0
42,services,married,tertiary,no,5801,yes,no,cellular,2,0,unknown,0
48,admin.,married,secondary,no,110,no,no,cellular,3,0,unknown,0
39,technician,single,secondary,no,6670,yes,no,cellular,1,2,unknown,0
27,admin.,married,secondary,no,75,yes,yes,cellular,3,0,unknown,0
38,blue-collar,married,secondary,no,133,yes,no,unknown,2,0,unknown,0
33,services,married,secondary,no,547,yes,no,unknown,1,0,unknown,0
37,technician,single,tertiary,no,164,yes,no,cellular,1,5,success,1
39,housemaid,married,secondary,no,300,yes,no,unknown,4,0,unknown,1
47,blue-collar,married,secondary,no,606,yes,no,cellular,4,0,unknown,0
45,management,single,tertiary,no,970,yes,no,cellular,7,5,other,1
44,entrepreneur,married,primary,no,1626,yes,no,unknown,3,0,unknown,0
56,blue-collar,married,tertiary,no,1165,no,no,cellular,1,2,failure,0
26,admin.,single,secondary,no,11975,yes,no,cellular,1,1,success,0
55,services,divorced,secondary,no,2253,yes,no,cellular,5,0,unknown,0
34,blue-collar,divorced,tertiary,no,1183,yes,no,unknown,14,0,unknown,0
42,admin.,married,tertiary,no,657,no,no,cellular,2,0,unknown,0
43,retired,single,secondary,no,1992,yes,no,unknown,2,0,unknown,0
49,technician,single,secondary,no,5925,no,no,cellular,2,0,unknown,0
22,blue-collar,married,secondary,no,1092,yes,no,unknown,10,0,unknown,0
73,retired,married,unknown,no,40081,yes,no,unknown,2,0,unknown,0
33,blue-collar,single,secondary,no,218,yes,no,cellular,3,0,unknown,0
47,entrepreneur,married,tertiary,no,194,no,no,cellular,1,0,unknown,0
51,technician,married,primary,no,3668,no,yes,unknown,4,0,unknown,0
43,blue-collar,married,primary,no,580,yes,no,cellular,1,4,failure,0
30,management,single,unknown,no,219,no,no,telephone,5,0,unknown,1
50,blue-collar,married,secondary,no,1751,yes,no,unknown,4,0,unknown,0
46,services,divorced,primary,no,1490,yes,no,unknown,1,0,unknown,0
47,admin.,married,primary,no,-232,no,yes,cellular,2,5,unknown,0
65,technician,married,tertiary,no,17907,yes,no,unknown,1,0,unknown,0
43,blue-collar,married,primary,no,3426,yes,no,cellular,1,2,unknown,0
43,admin.,married,secondary,no,541,no,no,cellular,1,1,unknown,0
39,management,married,tertiary,no,439,no,no,cellular,2,0,unknown,0
39,technician,married,tertiary,no,12083,no,no,unknown,6,0,unknown,0
34,unemployed,single,secondary,no,1237,yes,no,cellular,2,2,unknown,0
53,management,married,tertiary,no,2076,yes,no,telephone,8,0,unknown,0
59,management,married,primary,no,510,no,no,cellular,3,2,failure,0
49,technician,married,tertiary,no,4608,no,yes,cellular,3,0,unknown,0
37,management,single,tertiary,no,1233,yes,no,cellular,1,0,unknown,0
37,technician,married,tertiary,no,1401,no,no,cellular,5,0,unknown,0
38,technician,married,secondary,no,-64,yes,yes,cellular,3,6,failure,0
35,technician,single,secondary,no,-1785,no,no,unknown,1,0,unknown,0
31,management,married,tertiary,no,11763,yes,no,unknown,5,0,unknown,0
39,admin.,married,secondary,no,4656,no,no,cellular,2,0,unknown,1
51,unknown,single,primary,no,-496,yes,no,unknown,7,0,unknown,0
43,admin.,married,secondary,no,6453,yes,no,unknown,2,0,unknown,0
35,technician,married,secondary,no,8866,yes,no,cellular,1,0,unknown,1
45,unemployed,married,secondary,no,998,yes,no,cellular,1,0,unknown,0
32,services,married,secondary,no,314,yes,no,unknown,3,0,unknown,0
51,admin.,married,primary,no,1451,no,no,cellular,3,3,other,0
31,entrepreneur,married,tertiary,no,-157,no,no,cellular,4,0,unknown,0
27,technician,married,secondary,no,649,yes,no,cellular,23,0,unknown,0
40,management,married,tertiary,no,832,yes,no,cellular,6,0,unknown,0
25,blue-collar,married,secondary,no,1416,yes,no,cellular,2,0,unknown,1
55,management,married,tertiary,no,-3313,yes,no,cellular,3,3,other,0
27,blue-collar,single,secondary,no,5993,yes,yes,cellular,1,0,unknown,0
30,services,married,secondary,no,141,yes,no,cellular,1,0,unknown,0
23,management,single,tertiary,no,2239,no,no,cellular,1,0,unknown,0
32,entrepreneur,married,tertiary,no,1037,yes,no,cellular,4,3,failure,0
32,management,married,tertiary,no,8512,yes,no,telephone,3,3,success,0
49,management,married,tertiary,no,736,yes,no,cellular,5,0,unknown,0
51,technician,single,tertiary,no,256,no,no,cellular,2,4,success,1
40,technician,married,secondary,no,194,no,no,cellular,2,0,unknown,0
39,housemaid,single,secondary,no,3065,no,no,cellular,1,0,unknown,0
32,blue-collar,divorced,tertiary,no,104,yes,yes,unknown,4,0,unknown,0
44,management,married,secondary,no,1001,yes,no,unknown,6,0,unknown,0
43,services,married,tertiary,no,1190,yes,no,unknown,1,0,unknown,0
39,unemployed,married,secondary,no,2696,no,no,cellular,1,5,success,1
59,admin.,single,unknown,no,9585,no,no,cellular,4,0,unknown,1
32,technician,married,secondary,no,5,no,no,cellular,9,0,unknown,0
31,admin.,married,tertiary,no,932,yes,no,cellular,1,0,unknown,0
62,blue-collar,married,primary,no,507,no,yes,cellular,15,0,unknown,1
53,admin.,married,secondary,no,190,no,no,cellular,1,2,failure,0
54,unemployed,married,secondary,no,2373,no,no,cellular,1,0,unknown,1
33,management,married,tertiary,no,823,yes,no,unknown,2,0,unknown,0
32,technician,married,secondary,no,-649,yes,yes,unknown,2,0,unknown,0
56,management,divorced,secondary,no,4487,yes,yes,cellular,1,0,unknown,0
33,technician,married,secondary,no,4258,yes,no,unknown,1,0,unknown,0
57,services,married,tertiary,no,258,no,yes,cellular,2,1,unknown,0
53,entrepreneur,single,secondary,no,2134,no,no,cellular,6,0,unknown,0
30,technician,single,secondary,no,2008,no,no,cellular,3,0,unknown,1
42,blue-collar,married,primary,no,768,no,no,unknown,4,0,unknown,0
43,management,divorced,secondary,no,1994,yes,no,unknown,1,0,unknown,0
51,management,married,tertiary,no,359,yes,no,cellular,1,0,unknown,0
56,blue-collar,divorced,secondary,no,149,yes,no,cellular,1,3,failure,0
44,management,married,secondary,no,2036,yes,yes,unknown,7,0,unknown,0
38,services,single,secondary,no,-253,no,no,cellular,3,0,unknown,0
37,blue-collar,married,primary,no,5811,yes,no,unknown,7,0,unknown,0
35,blue-collar,married,secondary,no,459,yes,no,unknown,1,0,unknown,0
53,blue-collar,divorced,primary,no,-13,yes,no,unknown,6,0,unknown,0
32,management,married,secondary,no,-44,yes,no,cellular,3,5,failure,0
40,admin.,single,secondary,no,-556,yes,yes,cellular,1,3,other,0
50,management,divorced,tertiary,no,1031,no,no,unknown,4,0,unknown,0
30,technician,single,secondary,no,-9,yes,no,cellular,13,0,unknown,0
31,management,single,tertiary,no,-278,yes,yes,unknown,1,0,unknown,0
39,admin.,married,primary,no,759,no,no,cellular,6,0,unknown,0
51,blue-collar,married,secondary,no,401,yes,no,cellular,1,0,unknown,0
37,management,single,tertiary,no,-73,yes,no,cellular,2,0,unknown,0
56,entrepreneur,married,secondary,yes,38,no,no,unknown,2,0,unknown,0
39,unemployed,married,unknown,no,640,no,no,unknown,1,0,unknown,0
50,services,single,secondary,no,-759,yes,no,cellular,3,4,success,0
39,blue-collar,married,primary,no,1511,yes,yes,unknown,10,0,unknown,0
41,blue-collar,married,secondary,no,991,yes,no,unknown,1,0,unknown,0
33,management,single,secondary,no,-131,yes,yes,cellular,1,0,failure,0
44,blue-collar,married,secondary,no,-106,yes,no,cellular,1,4,other,0
35,management,divorced,tertiary,no,8262,no,yes,unknown,2,0,unknown,0
45,blue-collar,married,primary,no,7680,yes,no,cellular,6,4,unknown,0
31,entrepreneur,married,tertiary,no,118,yes,no,unknown,4,0,unknown,0
64,management,married,secondary,no,2636,no,no,cellular,1,0,unknown,0
38,technician,married,primary,no,-155,yes,no,unknown,3,0,unknown,0
37,blue-collar,married,primary,no,2252,yes,no,cellular,3,0,unknown,0
51,technician,married,secondary,no,2673,no,no,unknown,1,0,unknown,0
42,blue-collar,divorced,secondary,no,5582,yes,no,cellular,1,0,unknown,0
45,blue-collar,married,secondary,no,1259,no,yes,cellular,4,0,unknown,0
26,technician,single,tertiary,no,1138,no,no,cellular,4,0,unknown,0
41,technician,married,unknown,no,137,yes,yes,cellular,1,4,other,0
49,technician,divorced,secondary,no,1252,yes,yes,cellular,4,0,unknown,0
45,admin.,married,secondary,no,2742,yes,no,unknown,2,0,unknown,0
30,blue-collar,single,secondary,no,-252,no,no,cellular,1,0,unknown,0
50,retired,married,primary,no,3840,yes,no,cellular,4,0,unknown,0
46,blue-collar,married,primary,no,847,yes,no,unknown,1,0,unknown,0
37,management,married,tertiary,no,2416,no,yes,cellular,1,0,unknown,0
31,services,married,secondary,no,193,yes,yes,cellular,1,0,unknown,0
80,retired,married,secondary,no,3681,no,no,telephone,1,4,success,1
44,technician,married,unknown,no,2219,yes,no,cellular,1,3,success,1
38,technician,married,secondary,no,2444,no,no,telephone,4,4,failure,1
51,services,married,secondary,no,177,no,yes,unknown,3,0,unknown,0
47,retired,married,tertiary,no,5077,yes,no,cellular,9,0,unknown,0
47,retired,divorced,primary,yes,-437,no,yes,cellular,2,0,unknown,1
42,technician,married,tertiary,no,670,yes,no,cellular,5,0,unknown,1
39,admin.,married,primary,no,-112,yes,no,unknown,28,0,unknown,0
51,unemployed,married,primary,no,314,yes,no,telephone,1,0,unknown,0
34,services,married,secondary,no,480,no,yes,telephone,1,1,unknown,0
34,unemployed,married,secondary,no,4722,yes,no,telephone,24,0,unknown,1
37,blue-collar,married,secondary,no,-168,yes,no,unknown,2,0,unknown,0
34,blue-collar,married,primary,no,2715,yes,no,unknown,2,0,unknown,0
31,management,married,tertiary,no,630,no,no,cellular,1,0,unknown,0
59,admin.,married,secondary,no,9391,no,yes,unknown,1,0,unknown,0
48,blue-collar,married,secondary,no,-169,yes,yes,unknown,9,0,unknown,0
40,technician,married,secondary,no,-606,no,yes,cellular,1,0,unknown,0
77,self-employed,married,primary,no,1373,no,no,telephone,3,3,failure,0
45,services,married,secondary,no,931,no,no,telephone,5,0,unknown,0
41,blue-collar,married,primary,no,3104,yes,no,telephone,2,0,unknown,0
31,admin.,married,secondary,no,-42,yes,no,cellular,3,0,unknown,0
20,student,single,secondary,no,-224,no,no,cellular,1,0,unknown,1
47,services,single,secondary,no,6630,yes,no,cellular,7,0,unknown,0
47,blue-collar,married,secondary,no,545,yes,no,unknown,3,0,unknown,0
30,blue-collar,single,secondary,no,1187,no,no,cellular,2,0,unknown,0
50,services,divorced,secondary,no,6054,no,no,cellular,6,0,unknown,0
41,technician,single,secondary,no,806,yes,no,cellular,7,4,failure,0
55,management,married,secondary,no,165,no,yes,cellular,1,0,unknown,0
32,management,married,tertiary,no,2584,no,no,cellular,2,3,unknown,0
37,housemaid,married,secondary,no,36,yes,no,unknown,2,0,unknown,0
30,services,married,secondary,no,318,no,no,cellular,1,0,unknown,0
50,management,single,tertiary,no,3439,no,no,cellular,2,1,success,0
34,management,single,secondary,no,254,no,no,cellular,1,9,failure,0
47,blue-collar,married,primary,no,1183,yes,no,unknown,1,0,unknown,0
57,retired,divorced,primary,no,812,yes,no,unknown,1,0,unknown,0
34,services,married,secondary,no,-142,yes,no,cellular,9,0,unknown,0
42,blue-collar,married,secondary,no,168,no,no,unknown,2,0,unknown,0
27,admin.,married,secondary,no,176,yes,no,cellular,8,0,unknown,1
40,management,single,tertiary,no,-67,no,no,cellular,3,0,unknown,1
53,housemaid,married,secondary,no,5669,no,no,cellular,1,0,unknown,0
41,services,divorced,secondary,no,1476,yes,yes,unknown,8,0,unknown,0
36,blue-collar,married,secondary,no,107,no,no,unknown,2,0,unknown,0
33,management,single,tertiary,no,-89,no,no,cellular,1,0,unknown,0
36,management,single,tertiary,no,2006,yes,no,cellular,1,0,other,0
25,services,single,secondary,no,1246,no,no,unknown,5,0,unknown,0
30,management,single,tertiary,no,752,no,no,cellular,3,0,unknown,0
32,admin.,married,primary,no,429,no,no,cellular,1,0,unknown,1
27,admin.,divorced,tertiary,no,938,yes,no,unknown,2,0,unknown,0
50,management,single,secondary,no,-426,yes,no,cellular,1,0,unknown,0
41,blue-collar,married,primary,no,1128,yes,no,unknown,3,0,unknown,0
57,blue-collar,married,secondary,no,48,yes,no,unknown,2,0,unknown,0
46,technician,married,tertiary,no,1491,yes,no,unknown,6,0,unknown,0
53,technician,married,secondary,no,-220,yes,no,cellular,1,0,unknown,0
41,student,single,primary,no,5674,no,no,cellular,1,0,unknown,0
35,blue-collar,married,secondary,no,-495,no,yes,cellular,2,0,unknown,0
43,self-employed,married,tertiary,no,11813,yes,no,unknown,6,0,unknown,0
51,blue-collar,married,primary,no,8001,yes,no,unknown,1,0,unknown,0
28,technician,single,tertiary,no,258,yes,no,unknown,2,0,unknown,1
31,technician,single,tertiary,no,876,no,no,cellular,2,0,unknown,0
32,technician,single,secondary,no,269,yes,no,cellular,1,4,failure,0
41,technician,single,secondary,no,3369,no,no,cellular,1,4,success,1
51,management,divorced,tertiary,no,2158,yes,yes,cellular,1,0,unknown,0
37,student,single,secondary,no,377,no,no,cellular,1,1,unknown,0
45,blue-collar,married,primary,no,245,yes,no,unknown,1,0,unknown,0
57,retired,married,tertiary,no,1501,yes,yes,unknown,24,0,unknown,0
33,technician,single,secondary,no,423,no,yes,cellular,1,0,unknown,0
48,blue-collar,married,secondary,no,8272,yes,no,cellular,10,0,unknown,0
42,entrepreneur,married,unknown,yes,-113,no,no,unknown,2,0,unknown,0
32,self-employed,single,secondary,no,2443,no,no,cellular,6,0,unknown,0
30,blue-collar,married,secondary,no,1758,yes,yes,cellular,1,0,unknown,1
46,technician,divorced,secondary,no,962,yes,no,cellular,1,0,unknown,0
37,unemployed,single,secondary,no,-20,no,no,cellular,4,2,unknown,0
35,blue-collar,married,secondary,no,681,yes,no,unknown,2,0,unknown,0
49,retired,married,tertiary,no,-99,no,no,cellular,2,2,failure,0
46,unemployed,married,primary,no,6908,no,no,cellular,3,0,unknown,0
39,admin.,married,secondary,no,8462,yes,no,unknown,2,0,unknown,0
40,technician,single,secondary,no,7420,yes,no,cellular,1,2,unknown,0
30,management,married,secondary,no,72,yes,no,cellular,6,3,failure,0
42,management,divorced,secondary,no,6945,no,no,cellular,6,0,unknown,0
34,blue-collar,married,secondary,no,-302,yes,no,unknown,1,0,unknown,0
48,blue-collar,married,unknown,no,466,yes,no,unknown,1,0,unknown,0
36,blue-collar,married,secondary,no,-38,no,no,cellular,2,0,unknown,0
30,technician,married,secondary,no,778,no,no,cellular,3,0,unknown,0
24,technician,married,tertiary,no,570,yes,yes,cellular,2,1,failure,1
65,blue-collar,married,primary,no,-168,no,yes,telephone,6,0,unknown,0
35,management,married,tertiary,no,3865,no,no,cellular,4,0,unknown,0
39,management,divorced,tertiary,no,4891,yes,no,cellular,1,1,failure,0
47,retired,divorced,tertiary,no,112,no,no,unknown,1,0,unknown,0
41,technician,divorced,secondary,no,4393,yes,no,cellular,2,0,unknown,0
34,admin.,divorced,secondary,no,-34,yes,no,unknown,1,0,unknown,0
43,admin.,divorced,secondary,no,18936,yes,no,unknown,1,0,unknown,0
48,blue-collar,married,secondary,no,469,yes,no,unknown,3,0,unknown,0
30,admin.,single,secondary,no,-414,yes,no,telephone,1,0,unknown,0
31,blue-collar,married,unknown,no,7797,yes,no,cellular,2,4,failure,1
31,technician,single,secondary,no,738,yes,no,unknown,2,0,unknown,1
36,technician,married,secondary,no,8289,yes,no,cellular,3,0,unknown,0
37,management,married,tertiary,no,457,yes,no,cellular,1,3,failure,0
57,admin.,married,secondary,no,1403,no,no,cellular,5,0,unknown,0
47,management,married,secondary,no,1220,no,no,cellular,6,0,unknown,1
27,management,single,secondary,no,4784,no,no,cellular,5,0,unknown,0
40,services,married,secondary,no,-47,yes,yes,cellular,4,0,unknown,0
32,services,divorced,secondary,no,4857,yes,yes,cellular,1,1,failure,0
41,blue-collar,married,primary,no,1434,no,no,unknown,1,0,unknown,0
45,entrepreneur,married,primary,no,1158,no,no,unknown,2,0,unknown,0
41,admin.,married,secondary,no,62,yes,no,telephone,7,0,unknown,1
44,blue-collar,married,primary,no,680,no,yes,cellular,1,0,unknown,0
54,technician,divorced,secondary,no,73,yes,no,unknown,1,0,unknown,0
31,management,married,tertiary,no,255,yes,no,cellular,1,0,unknown,0
50,technician,divorced,secondary,no,-22,no,no,cellular,3,0,unknown,0
38,technician,married,secondary,no,907,yes,no,cellular,1,0,unknown,0
32,blue-collar,single,primary,yes,5962,yes,no,cellular,2,1,unknown,0
35,management,single,tertiary,no,10620,yes,no,telephone,3,5,success,0
48,technician,divorced,secondary,no,3121,yes,no,unknown,1,1,unknown,1
41,management,single,tertiary,no,5021,no,no,cellular,1,0,unknown,0
39,management,single,tertiary,no,-34,no,no,cellular,2,0,unknown,0
32,admin.,single,primary,no,-43,yes,no,unknown,2,0,unknown,0
36,unemployed,divorced,tertiary,no,1381,yes,no,cellular,1,0,unknown,0
43,management,single,secondary,no,5371,no,no,cellular,1,2,success,1
39,blue-collar,divorced,primary,yes,103,yes,no,unknown,5,0,unknown,0
36,services,married,secondary,no,1139,yes,no,unknown,1,0,unknown,0
39,services,married,tertiary,no,141,no,no,unknown,1,0,unknown,0
35,admin.,married,tertiary,no,308,yes,no,cellular,3,4,other,0
40,services,married,secondary,no,-237,yes,no,cellular,3,0,unknown,0
39,services,married,secondary,no,68,yes,no,telephone,2,0,unknown,0
48,blue-collar,divorced,primary,no,212,no,no,cellular,1,0,unknown,0
38,management,married,tertiary,no,15506,yes,no,unknown,3,0,unknown,0
74,management,divorced,secondary,no,1149,no,no,telephone,2,0,unknown,1
25,housemaid,single,secondary,no,3,no,no,cellular,1,0,unknown,0
45,management,divorced,primary,no,2988,no,no,cellular,2,3,failure,0
46,management,single,secondary,no,128,yes,no,unknown,7,0,unknown,0
56,management,married,secondary,no,420,yes,no,cellular,6,0,unknown,0
49,housemaid,married,tertiary,no,784,no,no,cellular,3,1,unknown,0
50,technician,married,secondary,no,1233,yes,no,cellular,2,3,failure,0
46,technician,single,tertiary,no,304,no,no,cellular,1,0,unknown,0
46,technician,single,secondary,no,8385,no,no,cellular,2,0,unknown,0
35,services,single,secondary,no,6815,yes,no,cellular,1,1,unknown,0
31,blue-collar,married,secondary,no,3643,yes,no,cellular,1,3,failure,0
52,blue-collar,married,primary,no,-1459,no,no,telephone,4,1,unknown,0
42,unemployed,divorced,secondary,no,270,no,no,cellular,2,0,unknown,0
70,retired,married,secondary,no,1182,no,no,cellular,2,3,failure,1
47,self-employed,married,unknown,no,-380,no,no,telephone,1,2,failure,1
56,blue-collar,married,secondary,no,440,no,no,telephone,2,0,unknown,0
53,entrepreneur,married,tertiary,no,3259,no,no,telephone,2,0,unknown,0
58,blue-collar,married,secondary,no,258,no,yes,telephone,18,0,unknown,0
36,management,married,tertiary,no,1937,yes,no,cellular,4,2,failure,0
35,services,divorced,secondary,no,-88,no,no,cellular,1,0,unknown,0
30,technician,single,unknown,no,2163,no,no,cellular,1,0,unknown,0
41,entrepreneur,married,secondary,no,66,no,no,cellular,2,0,unknown,0
29,blue-collar,single,tertiary,no,389,yes,no,cellular,5,2,other,0
43,blue-collar,married,primary,no,666,yes,yes,cellular,2,2,failure,0
67,retired,married,tertiary,no,2350,yes,no,cellular,1,0,unknown,0
51,admin.,married,secondary,no,4416,yes,no,cellular,4,2,unknown,0
36,admin.,single,secondary,no,93,yes,no,cellular,2,0,unknown,0
30,technician,married,tertiary,no,1488,yes,no,cellular,1,2,unknown,0
39,technician,single,tertiary,no,5026,yes,no,cellular,2,5,other,0
49,management,married,tertiary,no,-791,yes,no,cellular,4,0,unknown,1
48,retired,married,tertiary,no,5514,yes,yes,cellular,1,0,unknown,0
26,management,divorced,tertiary,no,1174,no,no,cellular,2,1,failure,0
53,entrepreneur,married,tertiary,no,-3313,no,yes,cellular,2,0,unknown,0
28,admin.,single,secondary,no,-88,no,no,unknown,3,0,unknown,0
44,admin.,married,secondary,no,2510,yes,no,unknown,2,1,unknown,0
65,admin.,married,unknown,no,1567,no,no,telephone,4,0,unknown,0
34,blue-collar,married,secondary,no,437,yes,yes,unknown,7,0,unknown,0
47,blue-collar,married,primary,no,1699,yes,yes,cellular,1,0,failure,0
35,admin.,married,secondary,no,2292,yes,no,unknown,1,0,unknown,0
44,blue-collar,divorced,primary,no,1685,no,no,unknown,1,0,unknown,0
45,technician,single,tertiary,no,1431,no,no,cellular,1,5,failure,1
41,management,single,tertiary,no,2594,yes,yes,cellular,5,3,failure,0
54,blue-collar,married,primary,no,1281,no,no,cellular,3,0,unknown,0
32,management,single,tertiary,no,357,no,no,cellular,5,0,unknown,0
28,management,single,tertiary,no,1871,no,no,cellular,2,1,unknown,0
35,blue-collar,married,secondary,no,112,yes,no,unknown,1,0,unknown,0
59,retired,single,tertiary,no,2987,no,yes,cellular,1,0,unknown,0
62,self-employed,married,secondary,no,10827,no,no,cellular,1,0,unknown,0
43,blue-collar,married,secondary,no,287,yes,no,unknown,3,0,unknown,0
32,blue-collar,married,secondary,no,642,no,yes,unknown,1,0,unknown,0
40,entrepreneur,married,tertiary,no,431,no,no,cellular,1,0,unknown,0
26,blue-collar,married,secondary,no,384,yes,yes,cellular,3,0,unknown,0
41,blue-collar,divorced,primary,no,1882,yes,no,unknown,9,0,unknown,0
27,technician,married,tertiary,no,78,yes,no,cellular,2,0,unknown,0
44,blue-collar,single,secondary,no,991,yes,no,cellular,4,4,unknown,0
56,management,married,tertiary,no,3211,yes,no,telephone,1,0,unknown,0
38,blue-collar,married,secondary,no,9,yes,yes,cellular,1,5,failure,0
36,blue-collar,married,secondary,no,223,yes,no,unknown,1,0,unknown,0
49,management,divorced,secondary,no,356,no,no,cellular,3,0,unknown,0
46,self-employed,married,secondary,no,623,no,no,cellular,4,0,unknown,0
22,blue-collar,married,secondary,no,-322,yes,no,cellular,1,0,unknown,0
30,management,single,tertiary,no,335,yes,no,cellular,4,0,unknown,0
37,admin.,married,tertiary,no,2939,yes,no,telephone,2,0,unknown,0
37,unknown,single,secondary,no,9893,no,no,cellular,9,0,unknown,0
34,admin.,married,secondary,no,-6,yes,no,cellular,3,0,unknown,0
31,technician,single,secondary,no,2080,no,yes,cellular,4,0,unknown,0
37,student,married,secondary,no,5119,no,yes,cellular,1,5,failure,0
52,management,married,primary,no,495,yes,no,cellular,1,0,unknown,0
31,management,married,tertiary,yes,1430,no,no,unknown,1,0,unknown,0
47,retired,single,tertiary,no,1295,no,no,cellular,2,0,unknown,0
44,technician,single,secondary,no,4734,yes,no,cellular,1,0,unknown,0
37,technician,single,tertiary,no,1941,no,no,cellular,1,0,unknown,0
58,retired,married,primary,no,47,no,no,cellular,2,0,unknown,0
54,entrepreneur,divorced,secondary,no,424,yes,no,cellular,1,0,unknown,1
33,services,single,secondary,no,751,no,no,cellular,2,0,unknown,0
37,services,divorced,primary,no,-14,no,no,cellular,2,1,unknown,0
41,blue-collar,married,primary,no,579,yes,no,unknown,5,0,unknown,0
52,services,married,primary,no,1409,no,yes,unknown,2,0,unknown,0
31,entrepreneur,married,tertiary,no,-658,no,yes,cellular,1,0,unknown,0
33,technician,divorced,secondary,no,1055,yes,no,unknown,6,0,unknown,0
45,blue-collar,married,secondary,no,44,no,no,unknown,3,0,unknown,0
56,management,married,tertiary,no,-56,no,no,cellular,4,0,unknown,0
51,retired,single,unknown,no,474,no,no,cellular,1,0,unknown,0
43,entrepreneur,divorced,secondary,no,936,yes,yes,cellular,12,1,unknown,0
23,services,single,secondary,no,112,yes,yes,unknown,1,1,unknown,0
42,management,married,tertiary,no,-3313,no,no,cellular,2,1,failure,0
39,management,divorced,tertiary,no,1990,no,yes,cellular,4,0,unknown,0
32,technician,married,unknown,no,-664,no,no,unknown,3,0,unknown,0
55,admin.,married,secondary,no,-112,yes,yes,cellular,1,0,unknown,0
46,services,married,secondary,no,5682,yes,yes,cellular,4,0,unknown,0
35,management,married,tertiary,no,-270,no,no,cellular,5,0,unknown,0
57,blue-collar,married,unknown,no,329,no,no,unknown,1,0,unknown,0
37,management,divorced,tertiary,no,550,no,no,cellular,2,0,unknown,0
51,admin.,married,secondary,no,13594,no,yes,cellular,1,0,unknown,0
35,housemaid,married,secondary,no,958,yes,no,unknown,1,0,unknown,1
44,blue-collar,married,secondary,no,2221,yes,no,unknown,2,0,unknown,0
57,entrepreneur,married,primary,no,8424,yes,no,cellular,1,0,other,0
44,self-employed,married,tertiary,no,14115,no,no,unknown,2,0,unknown,0
22,admin.,married,tertiary,no,804,yes,no,cellular,2,2,failure,0
19,management,married,unknown,no,1152,no,no,cellular,4,0,unknown,0
55,blue-collar,married,primary,no,-304,yes,no,telephone,5,0,unknown,0
30,management,single,tertiary,no,523,yes,no,cellular,1,12,failure,0
32,management,single,tertiary,no,-188,yes,no,cellular,2,0,success,1
39,admin.,single,secondary,yes,-140,no,yes,cellular,1,0,unknown,1
31,admin.,single,secondary,no,-1384,no,no,cellular,2,8,other,0
30,self-employed,single,secondary,no,-41,no,no,cellular,1,0,unknown,0
36,management,married,tertiary,yes,941,yes,no,cellular,6,5,other,0
36,self-employed,married,secondary,no,1319,yes,no,cellular,1,1,failure,0
39,management,single,secondary,no,4097,yes,no,unknown,10,0,unknown,0
36,entrepreneur,divorced,primary,no,534,yes,yes,cellular,9,0,unknown,0
30,management,married,primary,no,1191,yes,no,cellular,1,0,unknown,0
61,blue-collar,married,primary,no,18146,no,no,cellular,6,0,unknown,0
38,unknown,married,secondary,no,140,yes,no,cellular,1,0,unknown,0
36,management,single,tertiary,no,1036,no,no,cellular,7,0,unknown,0
49,retired,single,unknown,no,473,no,no,unknown,5,0,unknown,0
41,entrepreneur,married,secondary,no,6073,no,no,cellular,1,0,unknown,0
52,blue-collar,married,secondary,no,-368,yes,no,unknown,1,0,unknown,0
56,unemployed,divorced,secondary,no,-796,yes,no,cellular,1,0,unknown,0
52,technician,married,tertiary,no,0,yes,no,unknown,1,0,unknown,0
43,retired,single,primary,no,15,no,no,cellular,3,1,failure,0
27,admin.,single,primary,no,282,no,no,cellular,1,1,failure,0
29,technician,single,secondary,no,4049,yes,no,cellular,1,1,failure,0
47,management,married,secondary,no,814,no,no,cellular,2,0,unknown,0
31,admin.,single,secondary,no,-230,no,no,cellular,1,0,unknown,0
38,blue-collar,married,secondary,no,1377,yes,no,cellular,5,0,unknown,0
55,blue-collar,married,secondary,no,-566,no,no,unknown,1,0,unknown,0
33,services,married,tertiary,no,-68,no,yes,cellular,12,0,unknown,0
32,management,single,tertiary,no,35,yes,no,unknown,1,0,unknown,0
26,services,single,secondary,no,2666,yes,no,telephone,3,2,unknown,0
53,technician,married,unknown,no,1086,yes,no,unknown,2,0,unknown,0
30,unemployed,married,tertiary,no,1423,yes,no,telephone,4,0,unknown,0
65,management,married,tertiary,no,2236,no,no,cellular,1,0,unknown,0
35,management,married,tertiary,no,468,no,no,unknown,1,0,unknown,0
48,blue-collar,married,primary,no,176,yes,no,cellular,2,0,unknown,0
19,services,single,secondary,no,-132,no,no,unknown,2,0,unknown,0
46,blue-collar,married,tertiary,no,1470,yes,no,cellular,1,1,failure,0
38,blue-collar,married,unknown,no,-3217,yes,no,cellular,1,0,failure,0
42,blue-collar,married,primary,no,2899,no,no,cellular,2,0,unknown,0
49,technician,married,tertiary,no,2511,no,no,unknown,2,0,unknown,1
27,blue-collar,single,secondary,no,-27,no,no,telephone,1,0,unknown,0
45,unknown,married,secondary,no,748,no,yes,cellular,3,0,unknown,0
43,blue-collar,married,primary,no,17,no,no,cellular,10,0,unknown,0
33,technician,single,secondary,no,-318,no,yes,telephone,5,0,unknown,0
41,blue-collar,married,secondary,no,2434,no,no,cellular,3,6,failure,0
48,management,married,tertiary,no,2870,no,no,cellular,1,0,unknown,0
38,management,single,tertiary,no,447,yes,yes,unknown,13,0,unknown,0
49,admin.,married,secondary,no,-433,yes,yes,cellular,1,0,unknown,0
45,management,divorced,secondary,no,527,yes,no,cellular,3,0,unknown,0
33,technician,single,secondary,no,1188,no,no,cellular,2,0,unknown,0
43,technician,married,secondary,no,-80,no,no,cellular,2,0,unknown,0
38,blue-collar,married,primary,no,-78,yes,no,unknown,1,0,unknown,0
42,management,married,tertiary,no,257,yes,no,unknown,4,0,other,0
39,management,single,tertiary,no,377,no,no,cellular,6,0,unknown,0
32,entrepreneur,married,tertiary,no,4790,no,no,cellular,5,0,unknown,1
41,services,single,tertiary,no,298,yes,no,cellular,5,0,unknown,0
40,admin.,married,secondary,no,-582,no,no,unknown,12,0,unknown,0
41,unemployed,married,secondary,yes,-344,yes,no,unknown,3,0,unknown,1
25,entrepreneur,married,secondary,no,2453,yes,no,unknown,2,0,unknown,0
51,technician,married,secondary,no,321,no,no,cellular,2,0,unknown,0
42,management,single,primary,no,294,no,no,cellular,10,0,unknown,0
54,technician,divorced,tertiary,no,15470,no,no,cellular,2,0,unknown,0
34,admin.,divorced,secondary,no,1184,yes,no,cellular,3,1,failure,0
45,technician,married,secondary,no,1299,yes,no,cellular,9,0,unknown,0
57,services,divorced,unknown,no,1251,yes,no,unknown,1,0,failure,0
54,blue-collar,married,primary,no,-2815,yes,no,unknown,1,0,unknown,0
45,services,single,secondary,no,2417,no,no,cellular,1,5,success,1
54,management,married,tertiary,no,3200,no,no,cellular,3,0,unknown,0
52,entrepreneur,married,secondary,no,4,no,yes,cellular,2,0,unknown,0
36,technician,married,tertiary,no,393,yes,no,unknown,4,0,unknown,0
40,blue-collar,married,secondary,no,3296,yes,no,unknown,2,0,unknown,0
30,blue-collar,single,secondary,no,8202,yes,no,cellular,3,0,unknown,0
37,unemployed,married,secondary,no,286,yes,no,cellular,1,6,failure,1
29,blue-collar,married,unknown,no,352,yes,no,cellular,2,1,failure,0
40,technician,married,tertiary,no,2932,yes,no,unknown,1,0,unknown,0
31,services,divorced,secondary,no,314,yes,no,unknown,3,0,unknown,0
38,technician,married,secondary,no,4072,yes,no,unknown,2,0,unknown,0
41,blue-collar,married,secondary,no,4626,yes,no,unknown,3,0,unknown,0
63,self-employed,married,secondary,no,2513,yes,no,cellular,2,0,unknown,0
21,blue-collar,single,secondary,yes,122,yes,no,cellular,2,5,failure,0
58,technician,married,tertiary,no,155,yes,no,cellular,1,4,failure,0
29,technician,single,secondary,no,4736,yes,no,cellular,2,1,unknown,0
29,technician,single,secondary,no,978,yes,no,cellular,1,1,other,0
39,management,married,tertiary,no,624,yes,no,cellular,11,0,unknown,0
51,management,married,tertiary,no,2785,no,no,unknown,1,0,unknown,0
47,entrepreneur,married,tertiary,no,-55,yes,yes,unknown,3,0,unknown,0
41,blue-collar,married,primary,no,3813,yes,no,cellular,2,3,failure,1
73,services,married,secondary,no,41,no,yes,cellular,10,0,unknown,0
48,technician,married,tertiary,no,1524,no,no,cellular,5,2,success,1
44,management,married,tertiary,no,331,no,no,telephone,8,6,failure,0
40,admin.,married,secondary,no,2300,yes,no,cellular,5,5,other,0
25,management,married,tertiary,no,3784,yes,yes,telephone,2,0,unknown,0
50,technician,married,tertiary,no,-81,no,no,cellular,2,0,unknown,1
35,management,married,tertiary,no,2398,no,no,cellular,1,0,unknown,0
43,services,divorced,secondary,no,2109,yes,no,unknown,2,0,unknown,0
37,unknown,married,unknown,no,-2206,no,no,cellular,4,4,success,0
41,self-employed,divorced,secondary,no,9821,yes,no,unknown,1,0,unknown,0
51,technician,married,tertiary,no,2815,no,no,cellular,1,2,failure,1
27,management,married,secondary,no,5668,no,no,cellular,2,1,success,1
35,blue-collar,married,secondary,no,483,no,yes,cellular,1,0,unknown,1
27,blue-collar,married,secondary,no,247,yes,no,unknown,5,0,unknown,0
45,self-employed,single,primary,no,1116,yes,no,cellular,1,0,unknown,0
43,management,single,tertiary,no,3066,yes,no,cellular,7,0,unknown,0
35,admin.,divorced,secondary,no,1513,yes,no,cellular,9,0,unknown,0
30,management,single,tertiary,no,292,yes,no,cellular,3,0,unknown,0
57,blue-collar,married,secondary,no,825,yes,no,telephone,9,0,unknown,0
36,blue-collar,married,secondary,no,2418,yes,yes,unknown,2,0,unknown,0
34,management,married,tertiary,no,-281,yes,no,cellular,3,6,success,0
36,management,married,tertiary,no,426,yes,no,unknown,4,0,unknown,0
50,admin.,divorced,primary,no,1049,yes,no,unknown,5,0,unknown,0
29,services,married,secondary,no,457,yes,no,cellular,1,0,unknown,0
60,management,married,secondary,no,136,yes,no,cellular,7,0,unknown,0
42,entrepreneur,married,tertiary,no,56,no,no,cellular,4,0,unknown,0
38,self-employed,divorced,secondary,no,4354,yes,no,unknown,1,0,unknown,0
56,management,married,tertiary,no,-3,yes,no,cellular,2,0,unknown,0
35,management,married,tertiary,no,646,yes,no,cellular,1,5,failure,0
54,entrepreneur,divorced,tertiary,no,526,yes,no,unknown,3,0,unknown,0
52,self-employed,married,secondary,no,-75,yes,no,unknown,1,0,unknown,0
40,services,married,secondary,no,5,yes,yes,cellular,9,0,unknown,0
47,technician,married,secondary,no,457,yes,no,unknown,1,0,unknown,0
45,management,married,tertiary,no,-132,no,no,cellular,1,0,unknown,0
31,blue-collar,single,secondary,no,-384,no,no,cellular,1,0,unknown,0
37,management,married,tertiary,no,2116,no,no,unknown,15,0,unknown,0
57,blue-collar,married,primary,no,1390,yes,no,unknown,1,0,unknown,0
30,blue-collar,married,secondary,no,1390,yes,no,unknown,2,0,unknown,0
49,management,married,tertiary,no,698,yes,no,cellular,1,0,unknown,0
44,technician,married,secondary,no,183,no,no,cellular,4,0,unknown,0
36,management,single,tertiary,no,-1,no,no,cellular,3,5,success,1
44,blue-collar,married,primary,no,7858,yes,no,unknown,3,0,unknown,0
19,services,single,tertiary,no,18814,yes,no,unknown,1,0,unknown,0
38,blue-collar,married,secondary,no,1297,no,no,unknown,1,0,unknown,0
35,student,single,unknown,no,581,no,no,cellular,1,0,unknown,0
38,retired,married,secondary,no,588,yes,yes,unknown,1,0,unknown,0
62,admin.,married,secondary,no,182,yes,yes,cellular,8,0,unknown,0
54,blue-collar,married,secondary,no,1481,yes,yes,cellular,31,0,unknown,0
49,admin.,married,secondary,no,1778,no,no,telephone,3,0,unknown,0
36,management,single,tertiary,no,-41,yes,no,cellular,1,0,unknown,0
28,blue-collar,married,primary,no,3863,yes,no,unknown,2,0,unknown,0
27,student,single,unknown,no,-90,no,no,cellular,4,0,unknown,1
32,blue-collar,single,secondary,no,1386,yes,no,cellular,1,0,unknown,0
45,admin.,married,secondary,no,716,no,no,cellular,1,0,unknown,0
31,technician,single,tertiary,no,2057,no,no,cellular,1,0,unknown,1
45,admin.,married,secondary,no,1680,no,no,cellular,1,0,unknown,0
39,admin.,single,secondary,no,570,no,no,telephone,8,0,unknown,0
57,entrepreneur,divorced,primary,no,1189,yes,no,cellular,1,0,failure,0
64,services,married,tertiary,no,5383,yes,yes,unknown,2,0,unknown,0
31,technician,married,secondary,no,632,yes,no,cellular,1,1,unknown,0
57,management,married,unknown,no,3123,yes,no,cellular,1,0,other,0
35,management,single,tertiary,no,932,no,no,cellular,4,0,unknown,0
52,retired,married,secondary,no,895,yes,no,unknown,3,0,unknown,0
45,technician,married,tertiary,no,1140,no,no,unknown,6,0,unknown,0
36,technician,single,tertiary,no,1488,yes,yes,cellular,2,7,failure,0
42,technician,married,tertiary,no,51,no,no,cellular,2,0,unknown,0
36,admin.,single,secondary,yes,-166,yes,yes,unknown,16,0,unknown,0
20,blue-collar,married,secondary,no,3955,no,yes,cellular,5,4,failure,0
35,technician,married,tertiary,no,4746,no,no,cellular,2,0,unknown,0
38,blue-collar,married,secondary,no,-74,yes,no,unknown,1,0,unknown,0
72,blue-collar,divorced,primary,no,7593,no,yes,cellular,1,1,unknown,0
25,management,married,secondary,no,448,yes,no,cellular,3,2,failure,0
36,blue-collar,married,secondary,no,2487,no,no,unknown,1,0,unknown,0
43,blue-collar,married,secondary,no,733,yes,yes,unknown,6,0,unknown,0
36,blue-collar,single,secondary,no,16,no,no,cellular,2,0,unknown,0
30,services,single,secondary,no,153,yes,no,cellular,1,1,unknown,1
52,services,single,primary,no,47,yes,yes,cellular,8,0,unknown,0
26,technician,single,unknown,no,2697,yes,no,unknown,1,0,unknown,0
30,blue-collar,married,secondary,no,1487,yes,no,unknown,1,0,unknown,0
33,blue-collar,married,primary,no,971,yes,no,cellular,2,0,unknown,0
82,retired,married,secondary,no,92,no,no,cellular,1,0,unknown,0
53,admin.,divorced,secondary,no,1822,no,no,telephone,1,0,unknown,1
34,management,single,tertiary,no,-393,no,yes,cellular,2,0,unknown,0
39,entrepreneur,married,tertiary,no,-247,no,no,cellular,6,0,unknown,0
28,admin.,married,secondary,yes,-56,yes,no,unknown,3,0,unknown,0
34,retired,married,secondary,no,556,yes,no,unknown,1,0,unknown,1
45,services,married,secondary,no,491,no,no,cellular,1,0,unknown,0
44,services,married,secondary,no,-2746,no,no,cellular,5,1,failure,0
40,technician,married,secondary,no,227,no,no,cellular,3,0,unknown,0
45,blue-collar,married,secondary,no,2580,yes,no,cellular,1,0,unknown,0
32,blue-collar,married,secondary,no,-70,yes,no,cellular,4,0,unknown,0
33,blue-collar,married,secondary,no,-261,yes,no,unknown,10,0,unknown,0
35,entrepreneur,single,tertiary,no,-1289,yes,yes,cellular,1,3,unknown,0
52,admin.,single,secondary,no,300,yes,no,cellular,2,0,failure,0
45,blue-collar,married,secondary,no,213,yes,no,cellular,17,0,unknown,0
28,management,single,tertiary,no,1119,yes,no,unknown,2,0,unknown,0
57,management,married,primary,no,64,no,yes,cellular,11,0,unknown,0
52,housemaid,married,primary,no,4101,no,no,unknown,1,0,unknown,0
56,services,divorced,tertiary,no,595,yes,no,telephone,1,0,unknown,0
47,admin.,married,secondary,no,2435,yes,no,cellular,1,0,failure,0
65,retired,married,primary,no,-34,no,no,telephone,3,0,unknown,1
30,blue-collar,single,secondary,no,610,yes,no,cellular,1,0,unknown,0
56,retired,married,secondary,no,2516,no,yes,telephone,4,1,unknown,1
41,management,married,tertiary,no,683,yes,yes,unknown,3,0,unknown,0
29,student,married,tertiary,no,6730,no,no,cellular,2,4,success,0
36,technician,married,tertiary,no,4358,no,no,cellular,3,0,unknown,0
29,services,married,tertiary,no,914,yes,no,cellular,2,0,unknown,0
48,management,divorced,secondary,no,478,no,no,cellular,1,1,other,1
41,management,married,tertiary,no,5226,no,no,unknown,3,0,unknown,0
38,management,single,tertiary,no,310,yes,no,unknown,14,0,unknown,0
33,management,single,tertiary,no,15281,no,no,cellular,2,0,unknown,0
32,technician,married,secondary,no,2848,yes,no,unknown,2,0,unknown,0
42,management,married,tertiary,no,3442,no,no,unknown,7,0,unknown,0
55,management,divorced,secondary,yes,1059,no,no,unknown,2,0,unknown,0
39,services,married,secondary,no,-229,yes,yes,cellular,4,2,failure,0
35,services,divorced,secondary,no,-252,yes,no,cellular,5,0,unknown,0
46,admin.,divorced,secondary,no,58,no,no,cellular,2,0,unknown,0
39,self-employed,divorced,tertiary,no,2260,no,no,cellular,2,1,success,0
29,services,single,secondary,no,965,no,yes,telephone,5,0,unknown,0
57,technician,married,secondary,no,101,yes,no,unknown,3,0,unknown,0
35,services,divorced,secondary,no,920,no,no,cellular,2,3,failure,0
44,blue-collar,married,primary,no,947,yes,no,unknown,3,0,unknown,0
52,blue-collar,married,primary,no,101,yes,no,unknown,4,0,unknown,0
28,blue-collar,single,secondary,no,2734,yes,no,cellular,2,0,unknown,0
41,blue-collar,married,primary,no,94,yes,no,unknown,1,0,unknown,0
33,services,married,secondary,no,362,yes,no,cellular,1,0,unknown,0
34,admin.,single,secondary,no,3333,no,no,cellular,8,0,unknown,0
36,management,married,tertiary,no,3700,yes,no,cellular,1,0,unknown,1
56,services,married,secondary,no,3157,no,yes,telephone,3,4,unknown,0
37,self-employed,married,tertiary,no,754,no,no,unknown,1,0,unknown,0
34,services,married,secondary,no,25,no,no,unknown,3,0,unknown,0
28,blue-collar,married,secondary,no,10,yes,no,cellular,1,1,unknown,0
51,blue-collar,married,secondary,no,231,yes,yes,cellular,3,0,unknown,0
26,blue-collar,married,secondary,no,372,yes,no,cellular,3,3,other,0
34,blue-collar,single,secondary,no,5563,yes,no,unknown,2,0,unknown,0
41,management,single,tertiary,no,1477,no,no,cellular,1,0,unknown,0
29,management,single,tertiary,no,0,yes,no,unknown,1,0,unknown,0
33,management,married,tertiary,no,-1898,no,no,cellular,1,0,unknown,0
48,management,married,tertiary,no,920,no,no,cellular,5,0,unknown,0
48,admin.,married,secondary,no,114,yes,no,unknown,2,0,unknown,0
53,admin.,divorced,secondary,no,477,no,no,unknown,3,0,unknown,0
26,technician,single,tertiary,no,-4,yes,no,unknown,5,0,unknown,0
43,student,single,secondary,no,138,yes,yes,cellular,1,0,unknown,1
51,blue-collar,married,secondary,no,1927,yes,no,cellular,1,0,unknown,0
31,admin.,married,secondary,no,-41,no,yes,cellular,11,0,unknown,0
36,management,single,tertiary,no,442,no,no,cellular,2,0,unknown,0
40,technician,married,secondary,no,-50,yes,no,unknown,2,0,unknown,0
31,management,married,secondary,no,4579,yes,no,cellular,5,1,failure,0
39,management,divorced,secondary,no,1264,yes,no,cellular,3,0,unknown,0
58,management,married,secondary,no,318,yes,no,cellular,1,0,unknown,0
46,management,married,secondary,no,2210,yes,no,cellular,2,0,unknown,0
52,housemaid,single,secondary,no,5167,yes,no,unknown,3,0,unknown,0
34,management,single,tertiary,no,2409,yes,no,cellular,2,2,failure,0
33,blue-collar,divorced,secondary,no,-109,yes,no,cellular,5,0,unknown,0
57,admin.,married,secondary,no,98,no,no,cellular,3,1,unknown,0
55,housemaid,married,tertiary,no,-2425,no,no,cellular,3,0,unknown,0
39,student,married,secondary,no,138,yes,no,cellular,4,5,failure,1
47,admin.,married,tertiary,no,1657,no,no,unknown,1,0,unknown,0
38,management,married,tertiary,no,-141,yes,no,cellular,1,1,failure,0
38,retired,married,primary,no,8992,yes,no,unknown,2,0,unknown,0
46,management,married,secondary,no,363,yes,no,unknown,2,0,unknown,0
35,management,married,secondary,no,5032,yes,yes,cellular,1,0,unknown,0
43,admin.,single,secondary,no,-5,no,no,cellular,1,0,unknown,0
59,retired,married,primary,no,126,no,no,unknown,3,0,unknown,0
39,management,married,tertiary,no,4850,yes,no,unknown,2,0,unknown,0
39,housemaid,married,primary,no,3602,yes,no,unknown,6,0,unknown,0
57,services,married,secondary,no,-26,yes,no,telephone,1,0,unknown,0
46,housemaid,married,primary,no,-3313,no,no,cellular,4,0,unknown,0
29,technician,divorced,secondary,no,3469,yes,no,unknown,7,0,unknown,0
49,technician,married,secondary,no,1468,no,no,unknown,1,0,unknown,0
32,self-employed,married,secondary,no,679,yes,no,cellular,1,0,unknown,0
33,management,single,secondary,no,194,yes,no,unknown,2,0,unknown,0
28,admin.,divorced,secondary,no,285,yes,no,cellular,4,0,unknown,0
58,unemployed,married,tertiary,no,1599,no,no,cellular,1,0,unknown,0
32,admin.,single,tertiary,no,5422,yes,no,cellular,1,6,failure,1
31,technician,single,secondary,no,520,no,no,cellular,1,3,failure,0
46,blue-collar,divorced,secondary,no,5418,yes,no,cellular,3,1,other,0
57,unemployed,married,primary,no,681,no,no,cellular,2,0,unknown,0
49,admin.,divorced,secondary,no,1081,yes,no,unknown,3,0,unknown,0
58,student,married,tertiary,no,225,no,no,cellular,2,0,unknown,0
74,admin.,married,primary,no,27865,no,no,cellular,1,0,unknown,0
60,retired,married,tertiary,no,350,yes,no,cellular,4,0,unknown,1
54,management,married,primary,no,301,no,no,unknown,2,0,unknown,0
37,blue-collar,married,secondary,no,354,yes,no,cellular,2,0,unknown,0
33,management,married,tertiary,no,1554,yes,no,cellular,1,0,unknown,1
43,unemployed,married,secondary,no,-1090,yes,no,cellular,1,2,failure,0
47,blue-collar,married,secondary,no,362,yes,no,cellular,1,0,unknown,0
41,management,married,tertiary,no,960,no,no,cellular,3,0,unknown,0
32,blue-collar,married,unknown,no,1104,yes,no,unknown,2,0,unknown,0
45,self-employed,married,primary,no,13266,yes,no,cellular,1,0,unknown,0
52,technician,married,secondary,no,3113,no,no,cellular,1,3,success,1
43,admin.,married,secondary,no,-5,no,no,cellular,8,0,unknown,0
32,admin.,married,secondary,no,-159,yes,no,cellular,5,0,unknown,1
32,blue-collar,married,secondary,no,866,no,no,unknown,1,1,unknown,0
52,retired,married,tertiary,no,3974,no,no,cellular,1,6,success,1
37,services,married,secondary,no,7865,no,yes,cellular,1,0,unknown,0
37,admin.,married,secondary,no,1,yes,no,telephone,2,0,unknown,0
19,housemaid,divorced,tertiary,no,1707,no,no,cellular,2,1,failure,1
35,management,married,tertiary,no,3184,yes,no,unknown,1,0,unknown,0
35,management,single,tertiary,no,-267,yes,yes,cellular,6,0,unknown,0
53,services,single,secondary,no,24885,yes,no,unknown,3,0,unknown,0
51,admin.,married,secondary,no,-1575,yes,no,unknown,5,0,unknown,0
38,technician,single,secondary,no,-174,yes,no,cellular,3,0,unknown,1
58,services,married,secondary,no,799,no,no,telephone,1,0,unknown,0
46,blue-collar,single,primary,no,77,yes,no,unknown,1,0,unknown,0
31,management,single,secondary,no,2002,yes,yes,unknown,1,0,unknown,0
35,entrepreneur,married,secondary,no,-48,no,no,unknown,2,0,unknown,0
30,unemployed,single,secondary,no,560,no,no,cellular,1,1,other,0
28,technician,single,tertiary,no,-3313,yes,no,cellular,4,0,unknown,0
36,blue-collar,married,secondary,no,36,yes,no,telephone,1,0,unknown,0
30,admin.,single,secondary,no,280,yes,yes,cellular,3,0,unknown,0
48,retired,married,tertiary,no,-4,yes,no,cellular,3,0,unknown,0
37,blue-collar,married,primary,no,77,yes,no,unknown,16,0,unknown,0
32,management,single,secondary,no,279,yes,no,cellular,1,0,unknown,0
23,technician,single,secondary,no,2726,yes,no,cellular,1,2,failure,0
48,management,married,tertiary,no,-307,yes,no,unknown,5,0,unknown,1
58,housemaid,married,primary,no,124,no,no,cellular,2,0,unknown,0
35,management,married,tertiary,no,2815,yes,no,cellular,14,0,unknown,0
36,blue-collar,divorced,primary,yes,144,yes,no,unknown,5,0,unknown,0
34,management,single,unknown,no,6534,no,no,cellular,6,0,unknown,0
65,management,married,primary,no,546,no,no,cellular,1,0,unknown,0
31,self-employed,married,primary,no,2726,yes,no,cellular,7,0,unknown,1
59,self-employed,married,unknown,no,171,no,yes,cellular,2,0,unknown,0
35,blue-collar,married,primary,no,-368,no,no,telephone,1,0,unknown,0
31,blue-collar,single,secondary,no,65,yes,no,unknown,3,0,unknown,0
61,unemployed,married,primary,no,1946,yes,no,unknown,1,0,unknown,0
30,unemployed,married,secondary,no,92,yes,no,unknown,4,0,unknown,0
36,technician,married,secondary,no,445,yes,no,cellular,3,0,unknown,0
36,blue-collar,married,secondary,no,457,yes,no,cellular,5,5,failure,0
42,blue-collar,married,secondary,no,926,yes,no,unknown,2,0,unknown,0
36,management,single,tertiary,no,-2088,no,no,cellular,2,0,unknown,0
63,management,married,unknown,no,4458,no,no,cellular,1,0,unknown,0
49,management,divorced,tertiary,no,915,no,no,unknown,2,0,unknown,0
45,management,married,tertiary,no,232,yes,no,unknown,2,0,unknown,0
24,services,single,secondary,no,504,yes,no,unknown,1,0,other,0
32,services,married,secondary,no,1186,yes,no,cellular,1,2,failure,0
43,management,married,secondary,no,8451,no,no,cellular,1,5,other,1
33,self-employed,married,tertiary,no,-1566,no,no,cellular,10,3,failure,0
55,services,married,secondary,no,873,yes,no,unknown,1,0,unknown,0
29,management,married,tertiary,no,1279,no,no,cellular,2,0,unknown,0
34,management,married,tertiary,no,-2,yes,no,cellular,1,0,unknown,1
71,retired,married,secondary,no,18957,yes,yes,unknown,1,0,unknown,0
44,services,married,secondary,no,510,yes,no,unknown,3,0,unknown,0
33,services,married,secondary,no,2481,yes,no,unknown,1,0,unknown,0
35,management,married,tertiary,no,1872,no,no,cellular,2,3,failure,0
28,self-employed,single,secondary,no,572,no,no,cellular,2,3,other,1
37,admin.,married,secondary,yes,-100,yes,no,cellular,1,0,unknown,0
74,management,married,primary,no,2320,no,no,cellular,4,0,unknown,0
39,technician,single,tertiary,no,388,yes,no,cellular,5,0,unknown,0
27,technician,single,unknown,no,115,no,no,cellular,1,1,unknown,0
33,management,single,tertiary,no,630,yes,no,unknown,8,0,unknown,0
35,technician,married,secondary,no,1197,yes,no,cellular,3,0,unknown,0
31,services,single,secondary,no,-249,no,no,cellular,2,0,unknown,0
33,technician,single,tertiary,no,-303,no,no,cellular,5,0,unknown,0
32,technician,married,tertiary,no,0,yes,no,cellular,2,0,unknown,0
43,blue-collar,single,secondary,no,70,yes,no,telephone,1,0,unknown,0
53,unemployed,married,secondary,no,2573,yes,no,cellular,4,0,unknown,0
29,blue-collar,married,secondary,no,152,yes,yes,unknown,2,0,unknown,0
77,retired,married,primary,no,9340,no,no,cellular,1,3,other,0
33,admin.,divorced,primary,no,-78,yes,no,cellular,5,0,unknown,0
44,entrepreneur,married,tertiary,no,1354,yes,yes,cellular,1,0,unknown,1
27,blue-collar,single,secondary,no,-418,yes,no,unknown,2,0,unknown,0
55,entrepreneur,divorced,tertiary,no,2059,no,no,cellular,6,2,unknown,0
29,self-employed,married,secondary,no,910,yes,yes,unknown,4,0,unknown,0
33,management,single,tertiary,no,4200,no,no,cellular,1,0,unknown,1
40,technician,married,tertiary,yes,3530,no,no,telephone,4,5,success,0
56,technician,divorced,tertiary,no,-393,yes,no,unknown,2,0,unknown,0
48,entrepreneur,divorced,tertiary,no,120,no,no,cellular,1,0,unknown,0
46,entrepreneur,married,secondary,no,-84,no,no,cellular,3,0,unknown,0
57,unknown,married,secondary,no,176,no,no,cellular,1,5,success,1
50,services,married,primary,no,171,yes,yes,unknown,1,0,unknown,0
42,management,single,unknown,no,394,no,no,cellular,1,1,success,1
48,management,divorced,tertiary,no,2776,no,no,cellular,3,0,unknown,1
33,admin.,divorced,secondary,no,-265,yes,no,cellular,3,0,unknown,0
43,technician,married,tertiary,no,550,no,no,cellular,1,1,failure,1
44,blue-collar,married,secondary,no,-145,yes,no,unknown,2,0,unknown,0
32,technician,married,tertiary,no,11671,no,no,cellular,4,3,failure,1
36,services,married,primary,no,324,yes,no,cellular,1,0,unknown,0
48,blue-collar,single,primary,no,802,no,no,cellular,2,0,unknown,0
32,blue-collar,married,primary,no,88,yes,yes,cellular,2,0,unknown,0
48,services,divorced,primary,no,1507,yes,yes,unknown,3,0,unknown,0
30,technician,single,tertiary,no,-117,yes,no,unknown,4,0,unknown,0
32,technician,married,secondary,no,500,yes,no,cellular,2,4,failure,0
48,technician,divorced,tertiary,no,792,yes,no,unknown,9,0,other,0
45,services,married,secondary,no,23065,no,yes,cellular,7,0,unknown,0
38,blue-collar,married,primary,no,361,no,no,cellular,10,0,unknown,0
40,technician,divorced,tertiary,no,3567,yes,no,cellular,2,0,unknown,0
37,self-employed,married,tertiary,no,11315,no,no,unknown,1,0,unknown,0
38,management,married,secondary,no,3460,yes,no,cellular,2,1,unknown,1
28,self-employed,single,tertiary,no,34,no,no,cellular,1,0,unknown,0
34,management,single,tertiary,no,-245,yes,no,cellular,3,0,unknown,1
37,blue-collar,married,secondary,no,-917,yes,no,unknown,2,0,unknown,0
34,blue-collar,single,primary,no,518,no,no,cellular,1,0,failure,0
47,technician,married,secondary,no,5274,no,no,telephone,5,0,unknown,0
36,admin.,married,secondary,no,20717,yes,no,unknown,6,1,unknown,0
54,management,married,tertiary,no,-145,no,no,cellular,7,0,unknown,0
50,technician,married,secondary,no,277,yes,yes,cellular,1,1,failure,1
32,technician,single,tertiary,no,6,no,no,cellular,2,0,unknown,0
47,management,married,tertiary,no,15402,no,no,cellular,8,0,unknown,0
38,services,married,tertiary,no,-2984,no,no,unknown,2,0,unknown,0
26,technician,married,secondary,no,156,yes,yes,unknown,6,0,unknown,0
31,admin.,married,secondary,no,41,yes,yes,cellular,1,2,unknown,0
35,management,married,tertiary,no,616,yes,no,unknown,1,0,unknown,0
59,retired,married,secondary,no,7862,no,no,telephone,1,0,unknown,0
45,management,married,tertiary,no,370,yes,no,cellular,2,0,unknown,0
33,management,married,secondary,no,-211,yes,yes,unknown,2,0,unknown,0
33,blue-collar,married,secondary,no,877,yes,no,unknown,1,2,unknown,0
44,management,divorced,tertiary,no,79,yes,no,cellular,2,5,failure,0
30,admin.,single,primary,no,-1018,yes,no,cellular,2,0,unknown,0
46,technician,single,tertiary,no,14712,no,no,unknown,2,0,unknown,0
51,technician,married,unknown,no,-294,no,no,cellular,3,3,failure,0
42,blue-collar,married,secondary,no,6854,yes,yes,cellular,3,1,failure,0
47,services,married,primary,no,-16,yes,no,cellular,4,2,other,0
53,self-employed,married,secondary,no,126,no,no,cellular,1,0,unknown,0
26,services,single,tertiary,no,2476,no,yes,unknown,1,0,unknown,0
27,entrepreneur,single,tertiary,no,-27,yes,yes,cellular,3,0,unknown,1
42,admin.,married,secondary,no,728,yes,no,cellular,5,0,unknown,0
38,admin.,married,primary,no,3814,yes,yes,unknown,5,0,unknown,0
39,management,divorced,tertiary,no,8016,no,no,cellular,6,0,unknown,0
52,retired,married,unknown,no,2391,no,yes,cellular,1,0,unknown,0
42,technician,married,secondary,no,587,no,yes,cellular,3,1,unknown,0
39,management,married,tertiary,no,1187,yes,no,cellular,1,0,unknown,0
32,housemaid,married,secondary,no,-227,yes,no,cellular,2,0,unknown,0
45,self-employed,single,secondary,yes,51,no,no,cellular,3,0,unknown,1
64,retired,married,tertiary,no,1607,no,no,cellular,1,1,unknown,0
44,blue-collar,divorced,secondary,no,-137,yes,no,cellular,7,0,unknown,0
39,self-employed,married,secondary,no,8,yes,yes,unknown,1,0,unknown,0
35,unknown,single,secondary,no,4,no,no,cellular,3,0,unknown,0
45,services,married,secondary,no,-5,no,no,cellular,2,0,unknown,0
45,blue-collar,married,unknown,no,113,yes,no,unknown,4,0,unknown,0
74,services,married,primary,no,1410,no,no,cellular,1,0,unknown,1
36,management,married,tertiary,yes,95,yes,no,cellular,5,0,unknown,0
37,entrepreneur,married,tertiary,no,23577,no,no,cellular,1,0,failure,0
37,services,married,secondary,no,1436,yes,no,cellular,1,1,unknown,0
47,admin.,married,secondary,no,670,yes,no,cellular,3,0,unknown,0
43,entrepreneur,married,secondary,no,9224,no,yes,cellular,1,0,unknown,0
33,blue-collar,single,secondary,no,4930,yes,yes,cellular,1,3,unknown,0
47,management,married,secondary,no,3068,yes,no,unknown,6,0,unknown,0
51,housemaid,married,tertiary,no,560,yes,no,telephone,8,0,unknown,0
43,technician,single,tertiary,yes,1115,no,no,cellular,3,0,unknown,0
42,management,married,primary,no,503,yes,no,cellular,1,1,failure,0
39,blue-collar,married,primary,yes,-77,yes,no,unknown,1,0,unknown,0
55,services,single,primary,no,1494,yes,no,unknown,5,0,unknown,0
27,student,married,secondary,no,4832,no,no,cellular,2,0,unknown,0
19,admin.,married,secondary,no,273,yes,no,cellular,1,1,success,0
58,management,married,unknown,no,1472,no,no,cellular,2,1,unknown,1
54,unknown,married,secondary,no,2208,no,no,cellular,5,0,unknown,1
25,student,single,secondary,no,123,yes,no,cellular,4,0,unknown,1
35,technician,married,tertiary,no,8706,no,no,cellular,3,0,unknown,0
36,blue-collar,married,tertiary,no,95,no,no,cellular,2,0,unknown,1
36,management,single,tertiary,no,166,no,no,cellular,2,4,other,1
34,blue-collar,married,primary,no,3594,yes,no,unknown,2,0,unknown,0
40,services,single,secondary,no,271,no,yes,cellular,1,0,unknown,0
33,entrepreneur,married,tertiary,no,795,yes,no,cellular,2,1,unknown,0
27,self-employed,married,tertiary,no,70,yes,no,cellular,2,0,unknown,0
48,admin.,married,secondary,no,17376,yes,no,unknown,2,0,unknown,0
35,technician,divorced,tertiary,no,-387,yes,no,unknown,2,0,unknown,0
66,management,married,primary,no,858,yes,no,cellular,4,0,unknown,0
32,blue-collar,married,secondary,no,400,yes,no,unknown,3,0,unknown,0
49,management,married,unknown,no,450,no,no,cellular,2,0,success,0
45,management,married,primary,no,1511,yes,no,cellular,2,3,failure,0
49,unemployed,married,secondary,no,105,no,no,cellular,21,0,unknown,0
46,entrepreneur,divorced,secondary,no,183,yes,no,unknown,2,0,unknown,0
59,services,single,tertiary,no,-478,yes,yes,unknown,3,0,unknown,0
40,services,married,primary,no,344,yes,no,cellular,1,6,failure,0
42,self-employed,single,tertiary,no,1229,no,no,cellular,2,0,success,1
31,admin.,single,secondary,no,5020,yes,no,cellular,6,0,unknown,0
48,management,married,primary,no,2072,no,no,cellular,3,0,unknown,0
38,housemaid,married,primary,no,-1436,no,no,cellular,2,0,unknown,0
31,services,single,secondary,no,431,no,yes,cellular,2,0,unknown,0
52,management,married,tertiary,no,-271,no,no,cellular,2,0,unknown,0
44,management,single,tertiary,no,1021,yes,no,cellular,2,0,unknown,0
37,blue-collar,married,primary,no,8183,yes,no,cellular,1,0,unknown,0
24,student,divorced,tertiary,no,-824,yes,yes,cellular,2,4,unknown,0
31,entrepreneur,married,secondary,no,37,no,no,cellular,1,1,failure,0
40,management,married,primary,no,265,yes,no,cellular,2,0,unknown,0
43,management,married,secondary,no,1104,no,no,unknown,1,0,unknown,0
35,admin.,single,unknown,no,310,no,no,cellular,4,6,failure,1
26,services,single,tertiary,no,4669,yes,no,cellular,4,0,unknown,0
54,blue-collar,married,unknown,no,180,no,yes,cellular,2,0,unknown,0
62,retired,divorced,tertiary,no,25270,no,no,cellular,1,0,unknown,0
54,management,married,tertiary,no,4813,no,no,cellular,1,2,success,1
35,management,single,tertiary,no,318,no,no,cellular,2,0,unknown,0
33,services,single,tertiary,no,487,yes,no,cellular,1,0,unknown,0
28,student,single,secondary,no,3297,yes,no,cellular,1,0,unknown,0
46,unemployed,divorced,primary,no,845,no,no,cellular,1,4,failure,0
58,unknown,single,tertiary,no,6823,yes,no,telephone,10,0,unknown,0
28,management,single,tertiary,no,-285,no,no,unknown,11,0,unknown,0
53,technician,divorced,tertiary,no,-758,yes,yes,cellular,8,0,unknown,1
33,admin.,married,tertiary,no,815,no,no,cellular,1,0,unknown,0
53,admin.,married,secondary,no,1424,no,no,cellular,3,0,unknown,0
39,blue-collar,divorced,tertiary,no,9181,yes,no,cellular,2,0,unknown,0
69,retired,married,primary,no,1599,no,no,telephone,3,0,unknown,0
38,management,single,tertiary,no,885,no,no,cellular,2,5,failure,0
42,technician,married,secondary,no,188,no,no,cellular,1,0,unknown,0
43,technician,single,primary,no,36,no,no,cellular,3,0,unknown,0
34,management,married,tertiary,no,6564,no,no,cellular,6,1,unknown,0
34,services,married,secondary,no,1559,yes,no,unknown,3,0,unknown,0
26,blue-collar,married,secondary,no,-194,no,no,cellular,1,0,unknown,0
38,blue-collar,divorced,primary,no,5369,yes,no,cellular,5,0,unknown,0
35,blue-collar,married,tertiary,no,3533,no,yes,cellular,15,0,other,0
42,blue-collar,married,primary,no,-31,yes,no,unknown,4,0,unknown,0
42,management,married,tertiary,no,-401,yes,yes,cellular,10,0,unknown,0
36,management,married,tertiary,no,16013,no,no,cellular,2,0,unknown,0
30,technician,married,tertiary,no,768,no,no,cellular,5,0,unknown,0
28,blue-collar,single,secondary,no,8,no,no,unknown,2,0,unknown,0
46,admin.,divorced,secondary,no,4199,no,no,cellular,1,2,failure,0
39,blue-collar,married,secondary,no,1176,yes,no,cellular,1,0,unknown,0
87,retired,single,tertiary,no,3032,no,no,cellular,1,0,unknown,1
59,technician,married,secondary,yes,-126,yes,no,cellular,9,0,unknown,0
32,housemaid,single,tertiary,no,11063,yes,no,cellular,2,1,unknown,0
59,housemaid,married,secondary,no,1188,no,no,cellular,1,0,unknown,1
53,blue-collar,married,secondary,no,3386,yes,no,cellular,1,1,unknown,0
30,technician,married,primary,no,220,yes,no,unknown,8,0,unknown,0
29,entrepreneur,single,secondary,no,-15,yes,yes,unknown,2,0,unknown,0
47,management,married,tertiary,no,1215,yes,no,telephone,5,0,unknown,0
48,technician,single,tertiary,no,6351,no,no,telephone,3,0,failure,1
48,management,married,tertiary,yes,-1315,yes,no,unknown,3,0,unknown,0
25,blue-collar,married,secondary,no,650,yes,no,unknown,7,0,unknown,0
40,management,married,tertiary,no,-367,yes,no,cellular,1,11,failure,0
39,management,divorced,tertiary,no,523,yes,no,cellular,1,0,unknown,0
36,management,married,tertiary,no,738,no,no,cellular,2,0,unknown,0
51,management,married,tertiary,no,852,no,no,unknown,3,0,unknown,0
28,admin.,married,secondary,no,6006,yes,no,cellular,2,2,failure,0
53,unemployed,divorced,secondary,no,399,yes,yes,unknown,2,0,unknown,0
39,technician,single,secondary,no,-37,no,no,cellular,2,0,unknown,0
44,admin.,single,secondary,no,1757,no,no,cellular,6,0,unknown,0
45,unknown,divorced,primary,no,-23,no,no,cellular,2,0,unknown,0
33,admin.,married,tertiary,no,1415,yes,no,cellular,2,0,unknown,0
41,technician,married,secondary,no,1482,yes,no,unknown,7,0,unknown,0
57,retired,married,tertiary,no,1025,yes,yes,cellular,1,0,unknown,0
34,management,married,tertiary,no,12,no,no,cellular,4,0,unknown,0
48,services,married,secondary,no,899,yes,no,cellular,2,2,unknown,0
24,admin.,married,secondary,no,-255,yes,yes,cellular,2,1,failure,0
41,services,divorced,secondary,no,1496,yes,no,unknown,1,0,unknown,0
39,blue-collar,married,secondary,no,3020,no,no,unknown,7,0,unknown,0
47,services,married,secondary,no,531,yes,no,unknown,3,0,unknown,0
45,management,divorced,tertiary,no,136,no,no,cellular,9,0,unknown,0
38,management,single,tertiary,no,258,no,no,cellular,4,0,unknown,0
54,management,married,tertiary,no,4748,no,no,cellular,3,0,unknown,0
22,blue-collar,single,secondary,yes,-10,yes,yes,unknown,8,0,unknown,1
39,management,single,tertiary,no,-43,no,no,cellular,1,0,unknown,0
45,blue-collar,married,primary,no,17,yes,yes,cellular,1,0,unknown,0
28,blue-collar,divorced,secondary,no,362,yes,no,unknown,2,0,unknown,0
51,services,married,secondary,no,-211,yes,yes,cellular,2,0,unknown,0
42,admin.,single,secondary,no,4,yes,no,cellular,5,0,unknown,0
41,management,single,primary,no,20972,no,no,unknown,4,0,other,0
48,management,married,primary,no,2311,yes,no,cellular,1,2,success,1
43,management,married,tertiary,no,2354,no,yes,cellular,10,0,unknown,0
42,management,married,secondary,no,25,no,no,unknown,1,0,unknown,0
25,student,single,secondary,no,1927,no,no,cellular,3,0,unknown,0
34,entrepreneur,divorced,secondary,no,256,yes,yes,unknown,1,0,unknown,0
34,management,married,tertiary,no,-91,yes,no,cellular,1,0,unknown,0
34,blue-collar,married,secondary,no,118,yes,yes,unknown,1,0,unknown,0
30,self-employed,single,tertiary,no,4593,no,no,cellular,3,1,failure,1
60,admin.,divorced,secondary,no,707,yes,no,cellular,1,2,unknown,1
50,admin.,married,secondary,no,513,no,no,cellular,11,0,unknown,0
51,blue-collar,married,secondary,no,877,yes,no,unknown,4,0,unknown,0
71,retired,divorced,secondary,no,-321,no,no,cellular,1,0,unknown,0
34,technician,married,secondary,no,4827,yes,no,unknown,3,0,unknown,0
53,blue-collar,married,tertiary,no,5865,yes,no,cellular,3,0,unknown,0
47,blue-collar,married,secondary,no,1157,yes,no,unknown,2,0,unknown,0
30,services,married,secondary,no,991,yes,no,cellular,13,0,unknown,0
29,unemployed,married,primary,no,239,no,no,cellular,7,0,unknown,0
37,student,single,tertiary,no,-141,no,no,cellular,1,0,unknown,0
23,technician,married,secondary,no,388,yes,no,cellular,6,0,unknown,0
65,retired,married,primary,no,253,yes,no,cellular,1,0,unknown,0
31,management,married,secondary,no,-61,yes,yes,cellular,1,0,unknown,0
32,student,single,secondary,no,433,no,no,cellular,9,0,unknown,0
35,admin.,divorced,secondary,no,1761,yes,no,cellular,9,0,other,0
28,unemployed,single,secondary,no,325,no,no,cellular,1,0,unknown,0
64,blue-collar,married,primary,no,2328,no,no,telephone,5,0,unknown,0
54,blue-collar,married,secondary,no,-11,no,no,unknown,1,0,unknown,0
33,technician,married,secondary,no,1764,yes,no,unknown,4,0,unknown,1
48,blue-collar,married,secondary,no,9816,yes,no,cellular,25,0,unknown,0
33,admin.,single,secondary,no,3039,yes,no,unknown,1,0,unknown,0
36,unemployed,married,secondary,no,2166,no,no,unknown,1,1,unknown,0
39,technician,married,secondary,no,-346,no,no,unknown,2,0,unknown,0
46,management,married,tertiary,no,14252,no,no,cellular,2,0,unknown,0
42,management,single,unknown,no,-763,yes,no,cellular,3,0,unknown,0
83,retired,married,primary,no,5526,no,no,cellular,2,7,unknown,1
47,blue-collar,married,secondary,no,2596,yes,no,telephone,4,0,unknown,0
41,management,single,tertiary,no,4019,no,no,cellular,2,0,unknown,0
42,unemployed,married,tertiary,no,-899,yes,no,cellular,2,8,failure,0
58,management,married,tertiary,no,-10,no,no,cellular,2,4,unknown,1
39,technician,divorced,tertiary,no,-2240,no,no,cellular,4,0,unknown,0
37,blue-collar,divorced,tertiary,no,222,yes,yes,cellular,1,4,other,0
49,admin.,single,secondary,no,1245,yes,no,cellular,2,4,failure,0
36,blue-collar,married,secondary,no,-20,yes,no,unknown,1,0,unknown,0
36,blue-collar,single,secondary,no,503,no,no,unknown,3,0,unknown,0
39,admin.,married,secondary,no,-121,no,yes,cellular,1,0,unknown,0
45,management,single,tertiary,no,670,yes,no,cellular,5,1,failure,0
57,management,married,secondary,no,-153,no,no,unknown,5,0,unknown,0
52,management,married,primary,no,-2445,no,yes,unknown,1,0,unknown,0
51,unemployed,married,secondary,no,24,yes,yes,cellular,1,0,unknown,0
33,blue-collar,single,secondary,no,6726,yes,no,cellular,1,1,unknown,0
44,blue-collar,single,primary,no,337,no,yes,cellular,4,0,unknown,0
42,blue-collar,single,secondary,no,-529,yes,no,cellular,5,0,unknown,0
53,technician,married,secondary,no,1419,no,no,cellular,1,0,unknown,0
45,blue-collar,divorced,primary,no,683,no,yes,unknown,5,0,unknown,0
36,management,single,secondary,no,169,yes,no,cellular,1,0,unknown,0
41,technician,single,secondary,no,-200,yes,no,cellular,7,0,unknown,0
36,management,divorced,tertiary,no,720,yes,no,cellular,2,0,unknown,0
36,blue-collar,married,secondary,no,8995,yes,no,cellular,1,0,unknown,0
32,management,married,secondary,no,4818,yes,no,cellular,1,0,unknown,0
35,management,married,tertiary,no,8072,yes,no,cellular,6,0,unknown,1
36,admin.,married,primary,no,-961,yes,no,cellular,2,0,unknown,1
43,blue-collar,married,primary,no,1168,no,no,cellular,7,0,unknown,1
57,retired,single,secondary,no,800,yes,no,unknown,3,1,unknown,0
29,technician,single,tertiary,no,1034,no,no,cellular,3,0,unknown,0
49,management,married,tertiary,no,344,yes,no,cellular,4,0,unknown,0
38,unemployed,single,secondary,no,2940,no,no,cellular,1,4,success,1
40,technician,married,secondary,no,1,yes,no,telephone,3,0,unknown,0
40,admin.,married,secondary,no,5577,yes,no,unknown,3,0,unknown,0
34,admin.,married,secondary,no,-3106,no,no,cellular,6,0,unknown,0
34,technician,married,secondary,no,72,no,no,cellular,2,0,unknown,0
41,blue-collar,married,secondary,no,-488,no,no,telephone,3,0,unknown,0
49,technician,married,secondary,no,-232,yes,no,cellular,1,3,other,0
32,self-employed,married,tertiary,no,215,yes,no,cellular,1,0,unknown,0
58,blue-collar,married,primary,no,2581,yes,no,cellular,7,0,unknown,1
32,services,married,secondary,no,575,yes,no,cellular,1,0,unknown,0
27,blue-collar,single,secondary,no,1161,yes,no,telephone,6,0,unknown,0
49,entrepreneur,married,unknown,no,56,no,yes,cellular,1,0,unknown,0
39,management,married,unknown,no,593,yes,no,cellular,1,0,unknown,0
39,blue-collar,married,primary,no,-146,no,no,unknown,1,0,unknown,0
33,admin.,married,tertiary,no,7919,yes,no,cellular,1,3,failure,1
45,management,married,tertiary,no,714,yes,no,cellular,1,0,unknown,0
43,services,married,secondary,no,7753,no,no,cellular,2,0,unknown,0
42,services,single,secondary,no,504,yes,no,unknown,4,0,unknown,0
34,management,married,tertiary,no,5,no,no,cellular,3,0,unknown,0
42,technician,married,primary,no,374,yes,no,cellular,2,2,failure,0
29,entrepreneur,married,tertiary,no,5033,no,no,cellular,1,0,unknown,0
37,unknown,single,secondary,no,-1,no,no,cellular,1,0,unknown,0
30,services,divorced,secondary,no,1920,yes,no,unknown,2,0,unknown,0
28,housemaid,single,secondary,no,43,yes,no,cellular,3,1,failure,0
43,blue-collar,married,secondary,no,3741,yes,no,cellular,2,0,unknown,0
39,management,single,tertiary,no,122,yes,no,cellular,2,0,unknown,1
43,admin.,married,secondary,no,5770,yes,no,cellular,5,1,unknown,0
35,blue-collar,married,secondary,no,2276,yes,no,cellular,2,5,other,0
37,unemployed,married,secondary,no,153,yes,no,cellular,1,2,failure,0
27,student,single,unknown,no,692,no,no,cellular,1,0,unknown,0
34,management,married,tertiary,no,1214,yes,no,cellular,2,5,failure,0
34,blue-collar,divorced,secondary,no,-518,no,no,unknown,2,0,unknown,0
84,retired,married,primary,no,80,no,no,telephone,3,0,unknown,0
44,blue-collar,single,secondary,no,0,no,no,cellular,4,0,unknown,0
57,self-employed,single,secondary,no,2090,yes,no,unknown,3,0,unknown,0
35,blue-collar,married,secondary,no,1210,yes,no,cellular,5,0,unknown,0
42,services,single,secondary,no,1370,yes,no,unknown,2,1,unknown,0
41,blue-collar,married,secondary,no,2364,yes,no,telephone,1,0,unknown,0
45,retired,married,secondary,no,3034,no,no,cellular,1,3,success,0
45,housemaid,married,tertiary,no,3976,no,no,telephone,3,0,unknown,0
27,blue-collar,single,secondary,no,3610,no,no,cellular,1,0,unknown,1
29,technician,single,tertiary,no,348,yes,no,unknown,4,0,unknown,0
37,services,married,secondary,no,138,no,no,unknown,3,0,unknown,0
37,blue-collar,married,secondary,no,917,yes,no,cellular,1,0,unknown,0
35,blue-collar,married,secondary,no,152,yes,no,unknown,2,0,unknown,0
31,admin.,married,secondary,no,-10,yes,no,cellular,1,1,failure,0
30,management,married,secondary,no,415,yes,no,cellular,5,0,unknown,0
46,unemployed,divorced,tertiary,no,2076,yes,no,cellular,7,0,unknown,0
40,self-employed,single,tertiary,no,3807,no,no,cellular,3,0,unknown,1
58,admin.,married,secondary,no,5141,no,no,cellular,8,0,unknown,0
58,blue-collar,single,secondary,no,216,yes,no,telephone,3,0,unknown,0
29,management,married,secondary,no,1786,yes,no,cellular,2,2,failure,0
28,technician,divorced,secondary,no,4447,yes,no,cellular,9,0,unknown,0
31,admin.,single,secondary,no,2761,yes,no,cellular,1,1,unknown,0
31,technician,married,tertiary,no,3600,yes,no,cellular,5,2,other,0
46,services,married,secondary,no,128,no,yes,cellular,8,1,unknown,0
42,admin.,married,tertiary,no,68,yes,no,cellular,7,3,other,0
58,blue-collar,single,secondary,no,2891,yes,no,unknown,1,0,unknown,0
26,blue-collar,single,secondary,no,2036,no,no,telephone,14,0,unknown,0
27,self-employed,married,tertiary,no,424,no,no,cellular,1,0,unknown,0
44,entrepreneur,married,tertiary,no,114,yes,no,unknown,4,0,unknown,0
43,blue-collar,divorced,secondary,no,3394,yes,no,cellular,2,1,unknown,0
47,technician,married,secondary,no,2454,yes,no,cellular,5,0,unknown,0
40,retired,married,tertiary,no,1121,no,no,unknown,2,0,unknown,1
31,self-employed,married,primary,no,-1291,no,no,cellular,4,1,unknown,1
51,self-employed,married,secondary,no,1287,no,no,cellular,2,0,unknown,0
32,management,married,secondary,no,8669,no,no,cellular,5,0,unknown,0
42,blue-collar,married,primary,no,4311,yes,yes,cellular,3,0,failure,0
35,management,married,tertiary,no,143,yes,no,cellular,2,0,unknown,0
47,blue-collar,married,primary,no,3011,yes,no,unknown,2,0,unknown,0
34,self-employed,married,secondary,no,878,yes,no,cellular,1,18,unknown,0
49,housemaid,divorced,primary,no,778,yes,no,unknown,2,0,unknown,0
37,management,single,tertiary,no,27282,yes,no,unknown,5,0,unknown,0
28,blue-collar,single,secondary,no,3612,no,no,telephone,2,0,unknown,0
40,management,divorced,tertiary,no,7315,no,no,cellular,3,0,failure,0
41,technician,divorced,secondary,no,-142,yes,no,unknown,2,0,unknown,0
43,technician,single,secondary,no,-1207,yes,no,cellular,1,4,unknown,0
33,technician,single,unknown,no,1135,yes,no,unknown,4,0,unknown,0
28,management,single,secondary,no,90,yes,no,unknown,9,0,unknown,0
34,blue-collar,single,tertiary,no,525,yes,no,cellular,1,0,failure,0
34,management,married,secondary,no,2567,yes,no,cellular,4,4,failure,0
42,technician,married,secondary,no,335,no,no,cellular,15,0,unknown,0
57,services,divorced,primary,no,4490,no,no,cellular,2,1,unknown,0
38,management,married,tertiary,no,4196,yes,no,cellular,1,0,unknown,1
42,services,divorced,tertiary,no,5345,yes,no,cellular,3,3,success,0
41,self-employed,married,tertiary,no,3295,no,no,cellular,2,0,unknown,0
25,technician,married,secondary,no,-45,no,no,unknown,8,0,unknown,0
34,technician,married,secondary,no,3455,no,no,cellular,2,0,unknown,0
33,blue-collar,married,tertiary,no,3365,yes,no,cellular,1,0,unknown,0
35,blue-collar,married,secondary,no,750,yes,no,unknown,2,0,unknown,0
32,technician,divorced,primary,no,-738,yes,no,cellular,5,21,failure,0
42,management,married,tertiary,no,378,yes,no,cellular,7,0,unknown,0
53,admin.,married,secondary,no,732,yes,yes,cellular,1,3,failure,0
37,management,single,tertiary,no,215,yes,no,cellular,2,1,unknown,0
51,blue-collar,married,primary,no,1535,yes,no,unknown,13,0,unknown,0
39,technician,single,tertiary,no,1277,yes,no,cellular,1,0,unknown,0
40,admin.,married,secondary,no,126,yes,yes,cellular,2,0,unknown,0
31,management,married,tertiary,no,597,yes,no,cellular,1,2,other,1
28,self-employed,married,secondary,no,-239,yes,no,cellular,1,0,unknown,0
38,technician,married,secondary,no,490,yes,yes,unknown,4,0,unknown,0
33,management,married,tertiary,no,1470,yes,no,unknown,5,0,unknown,0
51,self-employed,married,secondary,no,50,yes,no,unknown,3,0,unknown,0
42,management,divorced,tertiary,no,739,yes,no,unknown,3,0,unknown,0
50,services,divorced,secondary,no,-208,no,no,cellular,1,0,unknown,0
57,blue-collar,married,secondary,no,359,no,no,telephone,6,0,unknown,0
27,self-employed,married,secondary,no,843,yes,no,cellular,12,0,unknown,0
48,blue-collar,single,secondary,no,3154,yes,no,unknown,1,0,unknown,0
58,retired,married,primary,no,1717,no,no,telephone,4,0,unknown,0
79,retired,married,secondary,no,9729,no,no,cellular,3,0,unknown,0
47,admin.,married,secondary,no,892,yes,no,cellular,1,1,unknown,1
39,technician,married,secondary,no,1073,yes,no,telephone,2,4,unknown,0
52,technician,married,secondary,no,-242,yes,no,cellular,14,0,unknown,0
29,blue-collar,married,secondary,no,-73,yes,no,unknown,1,0,unknown,1
33,blue-collar,single,secondary,no,-53,yes,no,cellular,2,0,unknown,0
28,admin.,single,secondary,no,412,yes,no,unknown,15,0,unknown,0
40,management,married,tertiary,no,5412,yes,no,cellular,8,0,unknown,0
27,management,married,tertiary,no,247,no,no,cellular,1,1,unknown,0
33,management,married,tertiary,no,637,no,no,cellular,5,0,unknown,0
35,management,single,tertiary,no,-1809,yes,no,cellular,1,0,unknown,0
44,admin.,married,secondary,no,1298,yes,yes,unknown,2,0,unknown,0
40,entrepreneur,married,tertiary,no,373,yes,yes,cellular,3,0,unknown,0
29,technician,single,secondary,no,70,yes,no,cellular,1,0,unknown,0
67,retired,divorced,primary,no,1644,no,no,cellular,2,0,success,0
46,technician,married,tertiary,no,-1802,no,no,cellular,3,3,failure,0
38,blue-collar,married,primary,no,-189,yes,yes,unknown,1,0,unknown,0
47,retired,married,primary,no,683,no,no,cellular,1,0,unknown,0
39,management,divorced,tertiary,no,4846,yes,no,cellular,1,4,failure,0
51,management,married,tertiary,no,6532,yes,yes,telephone,2,0,unknown,0
38,blue-collar,married,primary,no,576,yes,no,cellular,1,0,unknown,0
74,retired,married,secondary,no,446,yes,no,cellular,3,0,unknown,0
48,retired,divorced,secondary,no,203,yes,yes,cellular,3,0,unknown,0
49,unemployed,divorced,secondary,no,2861,yes,no,cellular,2,1,unknown,0
29,admin.,married,tertiary,no,1031,yes,no,cellular,2,0,unknown,0
64,technician,married,secondary,no,12999,no,yes,unknown,4,0,unknown,0
53,blue-collar,married,primary,no,249,no,no,unknown,7,0,unknown,0
34,management,single,tertiary,no,-104,no,no,cellular,3,0,unknown,0
54,blue-collar,married,primary,no,1480,no,yes,telephone,3,2,unknown,0
40,admin.,single,secondary,no,217,yes,no,cellular,1,0,unknown,0
49,housemaid,single,tertiary,no,-71,no,no,cellular,2,1,unknown,1
46,technician,single,secondary,no,537,yes,no,unknown,1,0,unknown,0
33,management,married,tertiary,no,3762,yes,no,unknown,1,0,unknown,1
41,management,single,tertiary,no,1354,no,no,cellular,2,0,unknown,0
53,technician,divorced,secondary,no,2011,yes,no,cellular,1,0,unknown,0
36,management,single,tertiary,no,6383,yes,no,unknown,1,0,unknown,0
58,technician,married,secondary,no,195,no,no,cellular,1,2,unknown,1
34,blue-collar,married,tertiary,no,293,no,no,cellular,1,0,unknown,0
39,blue-collar,married,primary,no,3201,no,no,unknown,1,0,unknown,0
27,services,single,secondary,no,-98,yes,no,cellular,3,0,unknown,1
41,student,single,secondary,no,-304,yes,no,cellular,1,2,failure,0
39,management,married,unknown,no,1611,no,no,cellular,8,0,unknown,0
33,blue-collar,single,secondary,no,1120,yes,no,cellular,1,2,other,0
35,entrepreneur,divorced,tertiary,no,133,no,no,cellular,1,0,unknown,1
37,blue-collar,married,unknown,no,129,yes,no,unknown,1,0,unknown,0
32,entrepreneur,single,tertiary,no,-247,no,no,cellular,2,0,unknown,1
31,blue-collar,married,secondary,no,3199,no,no,cellular,1,7,failure,0
36,blue-collar,married,primary,no,417,yes,no,cellular,1,0,unknown,0
32,blue-collar,single,secondary,no,157,yes,no,unknown,2,0,unknown,0
31,unemployed,single,tertiary,no,167,yes,no,unknown,3,0,unknown,0
55,management,married,tertiary,no,11165,no,no,cellular,6,0,unknown,0
47,services,divorced,secondary,no,181,no,no,unknown,3,0,unknown,0
34,management,divorced,tertiary,no,461,no,no,cellular,17,3,unknown,0
39,management,divorced,tertiary,no,21,yes,no,cellular,2,1,failure,0
30,blue-collar,married,secondary,no,768,yes,no,unknown,3,0,unknown,0
33,technician,single,secondary,no,3840,yes,no,cellular,2,3,failure,0
50,blue-collar,married,primary,no,209,yes,no,cellular,4,2,failure,0
26,blue-collar,single,primary,no,3565,no,no,cellular,1,4,other,0
48,management,married,tertiary,no,7430,no,no,unknown,1,0,unknown,0
37,self-employed,single,tertiary,no,2131,yes,yes,unknown,29,0,unknown,0
38,technician,single,secondary,no,1185,yes,no,cellular,2,0,unknown,0
39,services,married,tertiary,no,472,yes,no,cellular,2,0,unknown,0
36,services,single,secondary,no,897,no,no,unknown,2,0,unknown,0
41,blue-collar,married,secondary,no,1746,yes,no,cellular,3,3,failure,0
26,management,single,tertiary,no,1775,no,no,cellular,2,2,failure,0
41,management,married,tertiary,no,622,yes,no,cellular,5,0,unknown,0
38,unemployed,married,tertiary,no,1080,no,no,unknown,2,0,unknown,0
58,management,married,tertiary,no,-1320,yes,no,cellular,1,0,unknown,0
42,technician,married,secondary,no,1539,yes,no,cellular,1,0,unknown,0
40,services,married,secondary,no,1465,yes,no,cellular,2,8,success,0
48,entrepreneur,married,primary,no,1013,no,no,cellular,1,0,unknown,0
31,services,single,tertiary,no,2468,yes,no,unknown,2,0,unknown,0
28,technician,divorced,secondary,no,1788,yes,no,unknown,7,0,unknown,0
44,admin.,married,tertiary,no,1077,no,no,cellular,2,0,unknown,0
37,blue-collar,single,tertiary,no,783,yes,no,unknown,1,0,unknown,0
33,blue-collar,divorced,primary,yes,608,no,no,unknown,4,2,unknown,1
52,unemployed,married,primary,no,209,yes,yes,unknown,1,0,unknown,0
31,admin.,married,secondary,no,1188,yes,no,cellular,2,7,failure,0
36,management,married,tertiary,no,2821,no,no,cellular,1,0,unknown,0
34,blue-collar,married,primary,no,-88,yes,no,unknown,1,0,unknown,0
31,services,single,tertiary,no,7572,yes,no,unknown,1,0,unknown,0
27,housemaid,married,secondary,no,-251,yes,no,cellular,1,0,unknown,0
49,blue-collar,married,secondary,no,529,yes,no,cellular,6,0,unknown,0
32,blue-collar,married,secondary,no,2028,yes,no,cellular,3,0,failure,0
45,blue-collar,divorced,primary,no,-1075,no,no,unknown,4,0,unknown,0
43,blue-collar,married,secondary,no,-645,no,yes,cellular,1,0,unknown,1
37,services,married,secondary,no,2829,yes,no,cellular,1,0,unknown,0
37,management,married,tertiary,no,780,no,no,cellular,1,0,unknown,0
60,housemaid,married,tertiary,no,526,no,yes,telephone,2,1,unknown,0
39,self-employed,married,secondary,no,2894,yes,yes,unknown,1,1,unknown,0
45,retired,married,primary,no,4015,yes,yes,unknown,3,0,unknown,0
35,retired,divorced,secondary,no,-1922,yes,no,unknown,1,0,unknown,0
32,management,divorced,tertiary,no,3009,yes,no,unknown,1,0,unknown,0
30,technician,married,secondary,no,481,no,no,telephone,2,5,failure,1
32,blue-collar,divorced,unknown,no,5234,no,no,unknown,1,0,unknown,0
38,housemaid,married,tertiary,no,475,yes,no,cellular,5,0,unknown,0
37,blue-collar,married,secondary,no,905,yes,no,unknown,2,0,unknown,0
33,technician,married,secondary,no,-3313,yes,no,telephone,1,0,unknown,0
55,blue-collar,single,primary,no,171,no,no,unknown,2,0,unknown,0
50,blue-collar,married,secondary,no,9395,no,no,cellular,3,0,unknown,0
54,admin.,single,secondary,no,2032,yes,no,cellular,1,3,success,1
47,technician,married,secondary,no,5576,yes,no,unknown,1,0,unknown,0
26,technician,married,tertiary,no,563,no,yes,cellular,1,0,unknown,0
57,management,married,secondary,no,539,no,no,cellular,1,0,unknown,0
28,blue-collar,single,secondary,no,463,yes,no,cellular,10,0,unknown,0
53,services,single,primary,no,1875,yes,no,telephone,7,1,unknown,0
46,entrepreneur,divorced,tertiary,no,944,no,no,unknown,2,0,unknown,0
21,technician,single,secondary,no,241,yes,yes,cellular,3,0,unknown,0
50,blue-collar,married,secondary,no,283,yes,no,telephone,1,0,unknown,0
41,entrepreneur,married,tertiary,no,11966,no,no,telephone,2,0,unknown,0
36,management,married,secondary,no,-743,yes,no,unknown,1,0,unknown,0
75,retired,married,primary,no,627,no,no,cellular,2,2,failure,1
47,retired,married,primary,no,937,yes,no,unknown,6,0,unknown,0
29,admin.,single,secondary,no,257,yes,yes,cellular,3,0,unknown,0
41,technician,married,tertiary,no,149,no,no,cellular,5,0,unknown,0
56,services,divorced,secondary,no,1404,yes,no,cellular,1,1,unknown,1
44,blue-collar,married,primary,no,3031,yes,no,unknown,5,0,unknown,0
33,blue-collar,married,secondary,no,340,yes,no,cellular,2,0,unknown,0
51,management,single,secondary,no,1957,no,no,cellular,1,0,unknown,0
35,management,married,secondary,no,43,yes,no,cellular,3,0,unknown,0
30,blue-collar,married,primary,no,10759,no,no,cellular,1,0,unknown,0
46,management,divorced,secondary,no,2288,yes,no,cellular,2,0,unknown,0
56,unemployed,divorced,secondary,no,1255,no,no,cellular,2,3,failure,1
45,technician,married,secondary,no,-343,no,yes,telephone,4,0,unknown,0
51,blue-collar,single,secondary,no,11,no,no,telephone,2,1,unknown,0
37,self-employed,married,tertiary,no,1630,yes,no,unknown,2,0,unknown,0
46,technician,married,primary,no,-132,yes,no,cellular,1,0,unknown,0
53,services,divorced,tertiary,no,10999,yes,no,unknown,1,0,unknown,0
53,management,married,tertiary,no,920,no,no,telephone,2,0,unknown,1
32,student,single,tertiary,no,1415,no,no,cellular,1,15,other,0
49,housemaid,married,tertiary,no,1682,no,no,cellular,2,0,unknown,1
55,services,married,secondary,no,108,no,yes,cellular,8,0,unknown,0
46,technician,married,secondary,no,966,yes,no,cellular,4,0,unknown,0
43,entrepreneur,divorced,tertiary,no,1034,no,yes,unknown,1,0,unknown,0
46,management,married,tertiary,no,977,no,no,unknown,1,0,unknown,0
37,entrepreneur,divorced,unknown,no,2541,no,no,unknown,5,0,unknown,0
27,management,single,secondary,no,71,no,no,telephone,5,0,unknown,0
56,retired,married,primary,no,12,yes,no,unknown,2,0,unknown,0
23,management,married,secondary,no,7791,yes,no,cellular,2,0,unknown,0
45,services,married,secondary,no,7373,no,no,cellular,3,0,unknown,0
41,management,single,tertiary,no,6462,yes,no,cellular,2,2,unknown,1
48,admin.,single,tertiary,no,-404,yes,no,cellular,1,0,unknown,0
46,management,married,tertiary,no,562,no,no,cellular,4,0,unknown,0
33,unemployed,single,secondary,no,687,no,no,cellular,2,0,unknown,0
43,services,married,tertiary,no,7267,yes,no,cellular,9,1,unknown,0
44,management,divorced,tertiary,no,1354,yes,no,cellular,2,0,unknown,0
40,services,single,secondary,no,2644,no,no,cellular,7,0,unknown,0
45,technician,single,secondary,no,4,no,no,unknown,2,0,unknown,0
40,management,single,secondary,no,6877,yes,no,cellular,4,1,failure,0
34,services,married,secondary,no,173,yes,no,cellular,10,0,unknown,0
34,admin.,married,secondary,no,-348,yes,no,unknown,4,0,unknown,0
44,blue-collar,married,secondary,no,1343,no,no,telephone,5,0,unknown,0
45,management,married,tertiary,no,1350,yes,yes,cellular,1,0,unknown,0
35,blue-collar,married,secondary,no,650,yes,no,unknown,4,0,unknown,0
30,admin.,married,unknown,no,2993,no,no,cellular,5,0,unknown,0
61,retired,single,primary,no,-3313,no,no,cellular,5,0,unknown,1
60,self-employed,married,primary,no,-4,no,no,cellular,2,0,unknown,0
44,management,married,primary,no,6624,yes,no,unknown,12,0,unknown,0
34,management,single,tertiary,no,902,no,no,cellular,2,0,failure,0
37,services,married,secondary,no,-29,no,yes,cellular,2,0,unknown,0
43,services,single,secondary,yes,-156,yes,no,cellular,5,0,unknown,0
38,management,married,tertiary,no,450,no,no,cellular,4,0,unknown,0
46,unemployed,married,secondary,yes,-2,no,no,cellular,1,0,unknown,0
24,admin.,single,secondary,no,-135,yes,no,cellular,5,0,unknown,0
62,unknown,married,unknown,no,-926,no,no,unknown,3,0,unknown,0
57,management,married,tertiary,no,-3090,yes,no,cellular,1,0,unknown,0
49,management,married,tertiary,no,-925,yes,no,cellular,4,0,unknown,0
26,technician,single,secondary,no,-1426,yes,no,unknown,3,0,unknown,0
32,management,married,tertiary,no,1774,no,no,cellular,4,0,unknown,1
19,unemployed,divorced,secondary,no,1040,no,no,cellular,2,20,failure,0
84,retired,divorced,primary,no,128,no,no,telephone,4,1,unknown,1
55,admin.,married,secondary,no,12,no,no,cellular,2,0,unknown,1
55,technician,single,secondary,no,-3313,yes,no,cellular,1,3,success,0
44,technician,married,secondary,no,68,yes,no,cellular,3,3,failure,0
32,blue-collar,married,secondary,no,91,no,no,cellular,2,4,other,0
37,management,married,tertiary,no,107,no,no,cellular,2,0,unknown,0
33,management,married,tertiary,no,-183,no,no,cellular,4,0,unknown,0
38,management,married,tertiary,no,5656,yes,yes,cellular,1,0,unknown,0
37,management,single,tertiary,no,5828,yes,no,unknown,2,0,unknown,0
55,housemaid,single,secondary,no,2646,no,no,unknown,2,0,unknown,0
34,unemployed,married,primary,no,2297,no,no,cellular,1,0,unknown,0
38,admin.,married,secondary,no,-679,yes,no,unknown,2,0,unknown,0
51,blue-collar,married,primary,no,1610,no,no,unknown,1,0,unknown,0
53,technician,married,secondary,no,-344,no,no,unknown,2,0,unknown,0
48,management,single,tertiary,no,3212,no,no,cellular,2,0,unknown,0
60,blue-collar,married,secondary,no,1972,no,yes,telephone,10,0,unknown,0
32,housemaid,married,secondary,no,1645,no,no,telephone,1,0,unknown,0
42,management,married,tertiary,no,1055,no,yes,cellular,3,0,unknown,0
24,unemployed,single,secondary,no,612,no,no,cellular,3,0,unknown,1
27,unemployed,single,secondary,no,821,no,yes,unknown,2,0,unknown,0
55,blue-collar,married,primary,no,-154,yes,yes,unknown,2,0,unknown,0
51,services,single,tertiary,no,-229,no,yes,unknown,5,0,unknown,0
48,management,divorced,tertiary,no,220,yes,no,cellular,5,0,unknown,0
37,blue-collar,married,secondary,no,-55,no,yes,unknown,1,0,unknown,0
53,management,divorced,tertiary,no,64,no,yes,cellular,1,0,unknown,0
60,blue-collar,married,secondary,no,393,yes,no,cellular,1,0,unknown,0
29,student,single,tertiary,no,7580,yes,no,cellular,2,5,success,0
48,self-employed,divorced,secondary,no,239,yes,no,cellular,1,2,failure,0
33,management,married,tertiary,no,-23,yes,no,unknown,7,0,unknown,0
41,services,divorced,primary,no,558,yes,yes,unknown,3,0,unknown,0
57,admin.,married,secondary,no,-115,yes,no,cellular,9,0,unknown,0
40,admin.,divorced,secondary,no,6592,yes,no,unknown,1,0,unknown,0
42,unemployed,married,primary,no,96,yes,no,unknown,1,1,unknown,0
34,technician,married,tertiary,no,485,yes,no,cellular,1,0,unknown,0
39,technician,single,primary,no,475,yes,yes,unknown,2,0,unknown,0
34,management,single,secondary,no,-24,yes,no,cellular,5,1,failure,0
58,management,married,tertiary,no,5016,yes,no,cellular,1,2,other,0
32,technician,single,secondary,no,76,no,no,cellular,5,0,unknown,0
31,management,single,tertiary,no,1421,no,no,cellular,5,0,unknown,0
60,management,married,tertiary,no,2336,yes,yes,cellular,2,0,unknown,0
32,technician,single,secondary,no,-825,no,no,cellular,2,0,unknown,0
44,technician,married,tertiary,no,-486,yes,yes,cellular,2,1,unknown,0
42,student,single,tertiary,no,-227,no,no,cellular,2,0,unknown,0
35,admin.,single,secondary,no,-201,yes,yes,cellular,1,0,failure,0
50,self-employed,married,tertiary,no,396,no,no,cellular,2,0,unknown,0
38,technician,single,secondary,no,-2110,yes,no,cellular,1,1,other,0
47,management,married,secondary,no,9232,yes,no,unknown,1,0,unknown,0
58,retired,married,secondary,no,-2345,yes,yes,unknown,3,2,unknown,0
45,technician,married,secondary,no,-447,yes,no,unknown,2,0,unknown,0
48,entrepreneur,married,tertiary,no,746,no,yes,cellular,1,0,unknown,0
45,technician,single,secondary,no,-1,no,no,cellular,20,0,unknown,0
51,management,married,tertiary,no,-3313,yes,yes,cellular,1,0,unknown,0
50,unemployed,married,primary,no,4717,no,no,telephone,4,0,unknown,0
42,blue-collar,divorced,secondary,yes,-71,no,yes,cellular,5,0,unknown,0
25,student,single,secondary,no,833,no,no,cellular,2,0,unknown,0
28,technician,married,secondary,no,1314,yes,no,unknown,2,0,unknown,0
38,blue-collar,married,primary,no,190,yes,no,cellular,1,0,unknown,0
49,services,married,primary,no,128,no,no,cellular,7,0,unknown,0
84,retired,married,primary,no,219,no,no,cellular,1,0,unknown,0
33,management,single,tertiary,no,3912,no,no,cellular,3,0,unknown,1
55,management,married,secondary,no,2036,no,yes,cellular,1,4,failure,0
32,student,single,secondary,no,571,yes,no,cellular,4,0,unknown,0
51,admin.,divorced,secondary,no,2009,yes,yes,unknown,2,0,unknown,0
35,technician,married,primary,no,3553,yes,no,cellular,1,4,other,1
43,blue-collar,married,secondary,no,-169,yes,yes,cellular,2,4,failure,0
32,admin.,married,secondary,no,86,no,no,unknown,6,0,unknown,0
53,housemaid,married,primary,no,1519,yes,no,unknown,3,1,unknown,0
19,blue-collar,single,primary,no,1173,no,yes,cellular,5,0,unknown,0
31,services,single,secondary,no,-178,yes,no,unknown,1,0,unknown,0
45,management,married,unknown,no,121,no,no,cellular,1,0,unknown,0
32,technician,married,tertiary,no,-580,no,no,telephone,2,0,unknown,1
47,self-employed,single,secondary,no,352,no,no,unknown,2,0,unknown,1
44,blue-collar,married,secondary,no,1199,yes,no,cellular,1,0,unknown,0
22,blue-collar,married,tertiary,no,170,yes,no,cellular,1,1,failure,0
58,blue-collar,married,primary,no,1988,no,no,telephone,5,0,unknown,0
46,management,married,tertiary,no,5501,yes,no,cellular,12,0,unknown,0
29,admin.,married,secondary,no,244,yes,yes,telephone,1,0,unknown,0
41,services,single,tertiary,no,3077,no,no,cellular,4,0,unknown,0
45,entrepreneur,single,tertiary,yes,1893,no,no,cellular,1,0,unknown,0
57,management,married,unknown,no,325,yes,no,cellular,1,0,unknown,0
56,blue-collar,married,secondary,no,370,yes,no,unknown,13,0,unknown,0
30,management,married,tertiary,no,2103,yes,no,cellular,1,3,other,0
34,blue-collar,married,primary,no,461,yes,no,cellular,1,0,unknown,0
25,services,married,primary,yes,613,yes,no,cellular,1,0,unknown,0
54,technician,married,secondary,no,3279,yes,no,cellular,2,0,unknown,0
52,blue-collar,married,tertiary,yes,1266,yes,yes,cellular,6,2,other,1
46,management,married,tertiary,no,-36,no,no,cellular,3,0,unknown,0
54,retired,married,primary,no,6193,yes,no,unknown,13,0,unknown,0
37,management,divorced,tertiary,no,61,no,no,unknown,18,0,unknown,0
40,admin.,single,primary,no,-2972,no,no,cellular,1,0,unknown,0
54,management,married,tertiary,no,263,yes,no,cellular,1,0,unknown,0
39,technician,married,secondary,no,441,yes,no,cellular,1,2,failure,0
48,management,married,tertiary,no,-25,yes,no,cellular,2,0,unknown,0
33,technician,married,secondary,no,-234,yes,no,cellular,2,0,unknown,0
84,retired,married,primary,no,557,no,no,telephone,5,2,failure,0
37,housemaid,married,secondary,no,1,no,no,cellular,1,2,failure,0
46,management,married,tertiary,no,5314,no,no,cellular,9,0,unknown,0
49,management,married,tertiary,no,944,no,no,unknown,1,0,unknown,0
69,admin.,married,secondary,no,1752,no,no,cellular,2,2,failure,0
35,management,married,tertiary,no,4274,yes,no,cellular,1,4,failure,0
48,services,married,unknown,no,947,yes,no,unknown,1,0,unknown,0
34,technician,single,tertiary,no,237,no,no,cellular,8,0,unknown,0
52,services,divorced,primary,no,430,no,no,unknown,4,0,unknown,0
40,services,married,secondary,no,163,no,no,cellular,2,0,unknown,0
38,management,married,tertiary,no,2481,no,no,cellular,4,2,unknown,1
51,management,divorced,tertiary,no,263,no,no,cellular,2,0,unknown,0
36,management,divorced,secondary,no,187,no,no,unknown,2,0,unknown,0
73,retired,married,tertiary,no,8951,no,no,telephone,3,1,unknown,0
30,management,single,tertiary,no,-43,no,no,cellular,3,0,unknown,0
58,admin.,divorced,secondary,no,888,no,no,telephone,2,2,unknown,0
77,management,single,secondary,no,6492,no,no,cellular,2,0,unknown,0
38,technician,single,tertiary,no,8469,yes,no,cellular,3,0,unknown,0
37,blue-collar,married,secondary,no,95,yes,no,unknown,2,0,unknown,0
38,management,divorced,tertiary,no,551,no,no,unknown,1,0,unknown,0
33,blue-collar,married,secondary,no,-365,yes,no,cellular,2,0,unknown,0
35,management,married,secondary,no,462,no,no,unknown,3,0,unknown,0
38,technician,married,tertiary,no,1888,yes,no,cellular,4,0,unknown,0
32,blue-collar,divorced,secondary,no,208,yes,no,cellular,2,0,unknown,0
44,management,single,secondary,no,692,yes,yes,unknown,4,0,unknown,0
52,self-employed,divorced,tertiary,no,22,yes,no,cellular,4,0,unknown,0
47,housemaid,married,tertiary,no,4272,yes,no,unknown,1,0,unknown,0
35,admin.,married,secondary,no,-424,yes,no,unknown,3,0,unknown,0
63,housemaid,married,secondary,no,6473,no,no,cellular,1,2,other,0
42,retired,married,secondary,no,-643,yes,yes,cellular,2,0,unknown,0
40,management,married,tertiary,no,-195,yes,no,cellular,1,0,unknown,0
40,services,married,secondary,no,341,yes,yes,cellular,3,0,unknown,1
87,management,married,tertiary,no,236,no,no,telephone,2,0,unknown,1
35,management,single,secondary,no,665,no,yes,cellular,2,0,unknown,0
36,entrepreneur,married,secondary,no,1724,yes,no,cellular,1,4,success,0
39,services,single,tertiary,no,325,yes,no,unknown,1,0,unknown,0
31,technician,single,secondary,no,467,yes,no,unknown,2,0,unknown,0
58,services,divorced,unknown,no,-148,no,no,unknown,3,0,unknown,0
48,management,married,tertiary,no,344,no,no,cellular,7,0,unknown,0
44,technician,married,secondary,no,384,yes,no,unknown,1,0,unknown,0
44,blue-collar,married,secondary,no,272,yes,yes,unknown,5,0,unknown,0
33,management,single,tertiary,no,1135,yes,no,unknown,3,0,unknown,0
34,services,divorced,tertiary,no,-72,yes,no,cellular,2,0,unknown,0
45,self-employed,single,secondary,no,-1646,yes,yes,cellular,1,0,unknown,0
43,technician,single,secondary,no,95,no,no,cellular,4,0,unknown,0
47,management,divorced,tertiary,no,205,yes,no,unknown,12,1,unknown,0
77,unknown,married,secondary,no,18275,no,no,telephone,4,0,failure,0
28,student,single,secondary,no,-100,yes,no,unknown,1,0,unknown,0
49,services,married,secondary,no,-464,yes,yes,cellular,5,0,unknown,0
46,blue-collar,married,secondary,no,8018,yes,no,unknown,1,0,unknown,0
32,blue-collar,single,secondary,no,2889,yes,no,cellular,1,0,unknown,0
34,blue-collar,single,primary,no,3202,yes,no,cellular,1,1,unknown,0
33,blue-collar,married,secondary,no,-166,yes,yes,unknown,5,0,unknown,0
55,technician,married,secondary,no,-3242,yes,yes,cellular,2,0,unknown,0
48,management,married,tertiary,no,16632,no,no,cellular,1,1,unknown,0
54,management,divorced,tertiary,no,9549,yes,no,telephone,2,1,unknown,1
34,admin.,married,secondary,no,4118,yes,no,telephone,12,0,unknown,0
38,blue-collar,single,secondary,no,2188,yes,no,cellular,1,3,other,0
60,retired,single,tertiary,no,4035,no,yes,cellular,7,0,unknown,0
45,technician,married,secondary,no,413,yes,no,cellular,3,0,unknown,0
27,technician,married,tertiary,no,1098,no,no,cellular,5,0,unknown,1
29,blue-collar,single,tertiary,no,232,no,no,cellular,5,0,unknown,1
32,technician,married,primary,no,1815,no,no,cellular,3,0,unknown,0
56,blue-collar,married,primary,no,623,yes,no,cellular,1,0,unknown,0
41,retired,married,secondary,no,2452,no,no,cellular,1,3,failure,0
38,services,married,secondary,no,-16,yes,no,cellular,2,0,unknown,0
33,management,married,tertiary,no,798,yes,no,unknown,2,0,unknown,0
24,admin.,single,secondary,no,-1357,yes,no,cellular,2,0,unknown,0
55,blue-collar,married,primary,no,205,no,no,cellular,6,0,unknown,0
39,blue-collar,married,primary,no,812,yes,no,cellular,2,0,unknown,0
36,technician,married,secondary,no,31,yes,no,unknown,1,0,unknown,0
45,admin.,married,secondary,no,-24,no,no,cellular,1,3,unknown,1
55,blue-collar,single,secondary,no,191,yes,no,cellular,2,0,unknown,0
39,entrepreneur,married,tertiary,no,1076,yes,no,cellular,1,0,unknown,0
26,admin.,single,secondary,no,829,yes,no,cellular,4,0,unknown,0
49,unknown,married,unknown,no,7337,no,no,cellular,1,0,unknown,1
32,technician,divorced,secondary,no,164,yes,no,unknown,5,0,unknown,0
26,student,single,tertiary,no,2675,no,no,cellular,1,0,unknown,0
43,technician,single,tertiary,no,-413,yes,no,unknown,9,0,failure,0
34,management,married,secondary,no,1245,yes,no,cellular,1,0,unknown,0
44,blue-collar,married,secondary,no,274,yes,yes,unknown,3,0,unknown,0
35,technician,married,secondary,no,842,no,yes,cellular,7,0,unknown,0
25,management,married,tertiary,no,680,yes,yes,cellular,1,0,failure,1
41,technician,divorced,secondary,no,1135,no,no,cellular,14,0,unknown,0
46,blue-collar,married,secondary,no,1301,no,no,telephone,1,0,unknown,0
39,blue-collar,married,primary,no,547,yes,no,cellular,1,0,unknown,0
42,technician,married,unknown,no,113,no,no,telephone,3,0,unknown,0
53,technician,single,secondary,no,1322,yes,no,cellular,6,0,unknown,0
40,admin.,married,tertiary,no,944,no,no,cellular,1,0,unknown,0
48,entrepreneur,married,tertiary,no,-6,yes,no,unknown,1,0,unknown,0
36,blue-collar,married,secondary,no,652,yes,yes,unknown,1,0,unknown,0
36,technician,married,secondary,no,457,yes,no,cellular,2,0,unknown,1
34,management,married,tertiary,no,2006,yes,no,unknown,11,0,unknown,0
25,technician,single,secondary,no,606,yes,no,unknown,4,0,unknown,0
39,management,married,tertiary,no,2044,no,yes,telephone,1,0,unknown,0
36,management,married,tertiary,no,-1295,yes,no,cellular,1,0,unknown,0
34,management,single,tertiary,no,13009,yes,no,cellular,2,0,unknown,0
30,blue-collar,married,secondary,no,-329,yes,no,unknown,2,0,unknown,0
39,blue-collar,single,secondary,no,8471,yes,no,unknown,4,0,unknown,0
28,admin.,married,secondary,no,171,yes,yes,cellular,2,0,unknown,0
40,blue-collar,single,primary,no,132,yes,no,cellular,1,4,failure,0
33,blue-collar,married,secondary,no,-330,yes,no,cellular,1,7,success,1
57,admin.,married,secondary,no,-24,no,no,cellular,1,4,success,0
38,management,married,tertiary,no,320,yes,no,cellular,1,0,unknown,0
46,blue-collar,married,primary,no,831,yes,no,cellular,3,7,failure,1
33,technician,divorced,tertiary,no,-659,no,no,cellular,10,0,unknown,0
50,blue-collar,married,secondary,no,249,yes,no,unknown,1,0,unknown,0
35,unemployed,single,secondary,yes,214,yes,no,unknown,2,0,unknown,0
40,admin.,married,secondary,no,9220,yes,no,unknown,4,0,unknown,0
33,admin.,married,secondary,no,-12,yes,no,unknown,2,0,unknown,0
49,services,married,unknown,no,976,yes,no,cellular,3,0,unknown,0
39,technician,divorced,secondary,no,1875,yes,yes,unknown,3,0,unknown,0
34,services,single,tertiary,no,284,no,no,telephone,1,0,unknown,0
48,technician,single,secondary,no,218,yes,no,cellular,3,0,unknown,0
22,services,married,tertiary,no,2633,yes,no,cellular,2,0,unknown,1
46,services,divorced,secondary,no,2714,no,no,cellular,1,4,success,1
36,services,single,unknown,no,2803,yes,no,cellular,1,2,failure,0
55,technician,married,secondary,no,4649,yes,no,cellular,2,0,unknown,0
36,management,married,secondary,no,6029,no,no,cellular,3,0,unknown,0
52,blue-collar,married,primary,no,458,no,no,cellular,3,0,unknown,0
43,management,single,primary,no,8629,yes,no,unknown,4,0,unknown,0
52,management,married,secondary,no,2791,yes,no,unknown,2,0,unknown,0
39,blue-collar,single,secondary,no,294,yes,no,unknown,1,0,unknown,0
40,technician,single,tertiary,no,-55,no,no,cellular,2,0,unknown,0
31,management,single,secondary,no,319,yes,no,unknown,3,0,unknown,0
31,blue-collar,married,secondary,no,4125,yes,no,unknown,1,0,unknown,0
34,services,single,secondary,no,794,yes,no,unknown,3,0,unknown,0
32,unemployed,divorced,secondary,no,-597,yes,yes,cellular,2,0,unknown,0
33,management,single,tertiary,no,-1304,no,no,cellular,2,0,unknown,0
53,technician,married,tertiary,no,1675,yes,no,cellular,2,0,unknown,0
32,retired,single,tertiary,no,601,yes,yes,unknown,1,0,unknown,0
49,technician,married,secondary,no,6624,no,no,cellular,9,0,unknown,0
36,blue-collar,married,secondary,no,3989,yes,no,unknown,4,0,unknown,0
47,management,single,tertiary,no,98,no,no,cellular,7,0,unknown,0
60,retired,married,secondary,no,7561,no,no,cellular,4,0,unknown,0
41,technician,divorced,secondary,no,621,yes,no,unknown,26,0,unknown,0
54,management,married,tertiary,no,4231,no,no,cellular,2,0,unknown,0
25,blue-collar,single,secondary,no,319,yes,no,cellular,3,0,unknown,0
30,admin.,single,secondary,no,27124,yes,no,unknown,2,0,unknown,0
50,self-employed,married,primary,no,167,yes,no,cellular,2,0,unknown,0
36,services,divorced,secondary,no,2318,yes,no,unknown,2,0,unknown,0
30,management,married,tertiary,no,1557,yes,no,cellular,1,0,unknown,1
34,management,married,secondary,no,6371,yes,yes,unknown,1,0,unknown,0
43,technician,married,tertiary,no,1064,no,no,unknown,2,0,unknown,1
37,management,single,tertiary,no,529,no,no,cellular,4,0,unknown,0
34,management,single,tertiary,no,800,yes,no,cellular,2,0,unknown,0
45,management,single,secondary,no,4120,yes,no,cellular,5,4,failure,0
44,management,single,tertiary,no,694,yes,no,cellular,3,0,unknown,0
42,self-employed,married,tertiary,no,1916,no,no,cellular,3,3,success,1
36,management,single,tertiary,no,-3,yes,no,cellular,2,0,unknown,0
38,management,divorced,tertiary,no,3470,no,no,cellular,2,0,unknown,0
46,services,married,secondary,no,8363,no,no,cellular,7,0,unknown,0
44,management,married,tertiary,no,3805,yes,no,cellular,3,0,unknown,0
32,blue-collar,married,secondary,no,1471,yes,yes,unknown,1,0,unknown,0
47,blue-collar,married,secondary,no,1838,yes,no,cellular,1,0,unknown,0
32,student,single,secondary,no,38,yes,no,telephone,4,3,failure,0
57,management,single,primary,no,45,yes,no,cellular,4,0,unknown,0
40,blue-collar,single,primary,no,-850,yes,no,unknown,5,0,unknown,0
44,retired,married,primary,no,9280,no,no,cellular,1,0,unknown,0
42,housemaid,divorced,tertiary,no,617,no,no,cellular,6,0,unknown,0
19,self-employed,married,secondary,no,242,yes,no,cellular,18,0,unknown,0
32,blue-collar,married,primary,no,816,yes,no,unknown,2,0,unknown,0
47,management,married,primary,no,2656,no,no,cellular,1,0,unknown,0
36,admin.,married,tertiary,no,-167,yes,no,unknown,2,0,unknown,0
34,entrepreneur,married,tertiary,no,3022,no,no,cellular,2,0,unknown,0
47,blue-collar,married,tertiary,no,1122,no,no,cellular,2,2,failure,0
47,blue-collar,married,secondary,no,479,no,no,unknown,6,1,unknown,0
68,retired,married,primary,no,304,no,no,cellular,2,0,failure,0
36,blue-collar,married,secondary,no,804,yes,no,unknown,1,0,unknown,0
31,management,married,tertiary,no,683,yes,yes,cellular,4,0,unknown,0
44,retired,single,secondary,no,-62,yes,no,unknown,2,0,unknown,0
36,services,married,secondary,no,-22,yes,no,cellular,1,1,unknown,0
27,technician,married,secondary,no,3306,yes,no,cellular,1,0,unknown,0
33,management,married,secondary,no,1808,yes,no,unknown,3,0,unknown,0
32,self-employed,married,secondary,no,700,yes,no,cellular,3,0,unknown,0
44,blue-collar,married,tertiary,no,-78,yes,no,cellular,2,9,failure,1
42,management,single,unknown,no,1201,no,no,cellular,4,0,unknown,0
37,admin.,married,secondary,no,1295,yes,yes,cellular,1,7,failure,0
27,blue-collar,single,secondary,no,1378,no,no,cellular,1,0,unknown,0
59,management,married,secondary,no,543,yes,no,unknown,4,1,unknown,0
49,self-employed,married,tertiary,no,-1650,yes,yes,unknown,12,0,unknown,0
37,admin.,married,secondary,no,8049,yes,no,cellular,3,4,failure,0
43,technician,single,secondary,no,834,no,no,cellular,1,0,unknown,0
34,blue-collar,divorced,secondary,no,1307,yes,no,cellular,3,1,unknown,0
58,management,married,tertiary,no,-1715,yes,no,cellular,7,0,unknown,0
37,technician,single,secondary,no,44,no,no,cellular,4,0,unknown,0
50,technician,divorced,tertiary,no,-58,no,no,telephone,6,0,unknown,0
43,self-employed,divorced,tertiary,no,1023,no,no,unknown,4,0,unknown,0
37,admin.,married,secondary,no,-116,yes,no,cellular,4,0,unknown,0
40,admin.,married,secondary,no,992,yes,no,cellular,4,0,unknown,0
34,services,single,secondary,no,35,no,no,cellular,2,0,unknown,0
40,blue-collar,married,primary,no,208,yes,no,unknown,2,0,unknown,0
38,entrepreneur,married,tertiary,no,24,yes,no,cellular,1,0,unknown,0
46,management,married,tertiary,no,1363,yes,no,cellular,2,3,failure,0
51,technician,married,tertiary,no,690,no,no,cellular,8,0,unknown,0
57,self-employed,married,secondary,no,238,no,no,cellular,10,0,unknown,0
19,admin.,single,tertiary,no,1430,yes,no,cellular,1,0,unknown,0
33,blue-collar,single,tertiary,no,-225,yes,yes,cellular,1,0,unknown,0
32,management,single,tertiary,no,593,yes,no,cellular,1,0,failure,0
35,management,single,tertiary,no,1476,yes,no,cellular,2,1,failure,0
27,technician,single,secondary,no,258,no,no,cellular,7,0,unknown,0
47,admin.,married,secondary,no,-853,yes,no,cellular,1,0,unknown,0
59,retired,married,secondary,no,953,no,no,unknown,4,0,unknown,0
42,technician,single,secondary,no,4141,no,no,cellular,4,0,unknown,1
36,admin.,married,secondary,no,47,yes,no,unknown,1,0,unknown,0
48,management,divorced,tertiary,no,1420,yes,no,unknown,3,0,unknown,0
43,blue-collar,married,secondary,no,4475,yes,no,cellular,1,0,unknown,0
35,technician,single,secondary,no,-159,no,no,cellular,1,0,unknown,0
39,self-employed,married,tertiary,no,355,no,no,cellular,2,0,unknown,0
26,admin.,single,secondary,no,6927,no,yes,telephone,2,3,other,0
45,blue-collar,married,primary,no,2672,yes,yes,unknown,5,0,unknown,0
55,student,single,secondary,no,20937,no,no,cellular,1,0,unknown,0
43,technician,married,secondary,no,2746,no,no,cellular,1,7,other,0
27,student,married,tertiary,no,1021,yes,no,cellular,2,0,unknown,0
48,admin.,divorced,secondary,no,311,yes,no,telephone,5,1,unknown,0
41,technician,married,secondary,no,-4,yes,yes,unknown,1,0,unknown,0
40,management,married,secondary,yes,325,yes,no,cellular,2,0,unknown,0
38,entrepreneur,divorced,tertiary,no,454,yes,no,cellular,4,0,unknown,0
46,blue-collar,married,primary,no,2143,yes,no,unknown,1,0,unknown,0
29,blue-collar,single,secondary,no,99,no,yes,cellular,9,0,unknown,0
56,self-employed,divorced,secondary,no,3699,yes,no,unknown,1,0,unknown,0
48,services,divorced,tertiary,no,2667,yes,yes,unknown,4,0,unknown,0
35,management,single,tertiary,no,17394,yes,no,unknown,2,0,unknown,0
37,technician,married,tertiary,no,739,yes,yes,unknown,2,0,unknown,0
31,technician,married,secondary,no,242,no,no,cellular,3,0,unknown,0
36,technician,single,secondary,no,5609,yes,no,cellular,3,0,unknown,0
41,technician,married,unknown,no,403,no,no,unknown,1,0,unknown,0
70,retired,married,tertiary,no,2617,no,no,cellular,2,0,unknown,0
32,admin.,married,secondary,no,169,yes,yes,cellular,1,3,failure,0
34,management,single,secondary,no,-514,no,no,unknown,1,0,unknown,0
51,self-employed,married,tertiary,no,2613,yes,yes,unknown,3,2,failure,0
75,retired,married,secondary,no,9785,no,no,telephone,1,3,success,0
55,admin.,divorced,secondary,no,2436,no,yes,cellular,1,5,success,1
34,self-employed,married,secondary,no,215,yes,no,cellular,4,1,unknown,0
56,housemaid,married,primary,no,1279,yes,no,unknown,7,0,unknown,0
40,management,married,tertiary,no,162,yes,no,cellular,1,0,unknown,0
50,services,divorced,secondary,no,2686,yes,no,unknown,6,0,unknown,0
38,blue-collar,married,primary,no,3802,yes,no,unknown,14,0,unknown,0
31,technician,single,tertiary,no,6859,yes,no,unknown,1,0,unknown,0
33,technician,single,secondary,no,-185,yes,no,cellular,3,0,unknown,0
39,management,divorced,tertiary,no,-115,no,yes,cellular,5,0,unknown,0
39,technician,married,secondary,yes,-627,no,no,cellular,3,0,unknown,0
53,self-employed,married,secondary,no,-1720,no,yes,cellular,13,0,unknown,0
27,services,single,secondary,no,172,yes,no,cellular,1,0,unknown,0
40,blue-collar,married,secondary,no,3836,yes,no,cellular,1,0,unknown,0
60,retired,divorced,primary,no,1652,no,no,cellular,3,2,failure,0
34,management,married,tertiary,yes,213,yes,no,cellular,1,0,unknown,0
53,management,married,tertiary,no,2949,no,no,cellular,3,0,unknown,1
34,management,married,tertiary,no,526,no,no,telephone,2,3,failure,0
39,management,married,tertiary,no,-1,yes,yes,cellular,2,0,unknown,0
37,management,married,tertiary,no,3708,no,no,telephone,2,0,unknown,1
39,admin.,divorced,secondary,no,1999,yes,no,unknown,1,0,unknown,0
26,services,single,secondary,no,-265,no,no,cellular,9,0,unknown,0
50,self-employed,married,secondary,no,3092,no,yes,cellular,3,0,unknown,0
31,technician,married,secondary,no,-75,no,no,cellular,1,0,unknown,0
50,retired,married,secondary,no,3901,no,no,cellular,1,2,failure,1
38,self-employed,married,unknown,no,2963,no,yes,cellular,3,0,unknown,0
27,technician,single,tertiary,no,737,no,no,cellular,1,4,failure,0
42,services,single,primary,no,4636,yes,no,unknown,6,0,unknown,0
31,technician,single,secondary,no,3554,no,no,cellular,2,0,unknown,0
64,management,married,secondary,no,134,no,no,telephone,4,0,unknown,0
37,blue-collar,married,secondary,no,-10,yes,no,cellular,1,1,other,0
51,blue-collar,divorced,secondary,no,2217,yes,no,cellular,1,2,failure,0
24,student,single,secondary,no,7207,no,no,unknown,2,0,unknown,0
34,technician,single,secondary,no,738,no,no,unknown,1,0,unknown,0
58,services,single,tertiary,no,1092,no,yes,cellular,1,1,unknown,0
41,management,married,tertiary,no,-1327,yes,no,cellular,19,0,unknown,0
41,services,married,secondary,no,40,no,yes,unknown,2,0,unknown,0
45,blue-collar,married,secondary,no,929,yes,yes,telephone,10,0,unknown,0
32,technician,married,secondary,no,2379,no,yes,telephone,3,3,other,1
47,blue-collar,married,secondary,no,130,no,no,cellular,3,0,unknown,0
44,services,married,secondary,no,294,yes,no,unknown,1,0,unknown,0
41,unemployed,married,tertiary,no,22,yes,no,unknown,4,0,unknown,0
48,retired,married,tertiary,no,3693,yes,yes,unknown,9,0,unknown,0
54,blue-collar,married,secondary,no,2660,yes,no,telephone,1,2,success,1
26,management,married,tertiary,no,10834,no,no,cellular,2,2,failure,0
35,blue-collar,married,secondary,no,-203,no,no,cellular,4,1,failure,0
25,unknown,single,secondary,no,358,no,no,cellular,9,1,unknown,0
38,retired,married,tertiary,no,-17,yes,no,cellular,3,0,unknown,0
54,admin.,married,secondary,no,1153,yes,no,cellular,1,3,unknown,0
55,technician,divorced,secondary,no,14767,no,no,cellular,6,0,unknown,0
25,services,single,secondary,no,236,yes,no,unknown,2,0,unknown,0
39,technician,married,secondary,no,787,no,no,unknown,1,0,unknown,0
27,management,single,tertiary,no,3523,no,no,cellular,1,0,unknown,1
39,technician,single,primary,no,-145,no,no,cellular,2,0,unknown,0
43,admin.,married,unknown,no,302,no,no,unknown,1,0,unknown,0
41,entrepreneur,married,secondary,no,-253,yes,no,unknown,6,0,unknown,0
36,management,single,secondary,no,1009,yes,yes,cellular,3,0,unknown,0
49,management,divorced,tertiary,no,2674,yes,no,cellular,1,0,unknown,0
28,unemployed,single,secondary,no,-2015,no,no,cellular,2,4,other,1
31,technician,single,tertiary,no,4324,yes,no,cellular,2,2,failure,0
48,blue-collar,married,unknown,no,32,yes,no,unknown,1,0,unknown,0
58,management,married,tertiary,no,2374,no,yes,cellular,4,0,unknown,0
31,management,married,tertiary,no,1318,no,no,cellular,2,0,unknown,0
40,services,married,secondary,no,3707,no,no,unknown,1,0,unknown,0
61,retired,married,tertiary,no,736,no,no,cellular,4,1,failure,0
42,management,married,secondary,no,526,no,yes,unknown,3,0,unknown,0
33,blue-collar,married,secondary,no,-17,yes,no,unknown,1,0,unknown,0
35,management,married,secondary,no,586,no,yes,cellular,1,0,unknown,0
33,blue-collar,married,primary,no,-426,yes,no,cellular,1,2,other,0
52,management,married,unknown,no,-352,no,no,cellular,1,0,other,0
48,unknown,married,secondary,no,848,no,no,cellular,3,0,unknown,0
59,unknown,married,unknown,no,3026,no,no,cellular,1,0,unknown,1
41,management,divorced,tertiary,no,3847,no,yes,telephone,3,0,unknown,1
58,services,married,secondary,no,133,yes,no,cellular,1,0,unknown,0
54,blue-collar,married,primary,no,5929,yes,no,cellular,1,0,unknown,0
59,admin.,married,secondary,no,-10,yes,no,unknown,1,0,unknown,0
33,blue-collar,single,secondary,no,-2270,yes,no,cellular,2,0,unknown,1
39,management,married,tertiary,no,1069,yes,no,cellular,7,0,unknown,0
48,admin.,married,secondary,no,2544,yes,yes,unknown,12,0,unknown,0
37,blue-collar,single,primary,no,2716,yes,yes,unknown,1,0,unknown,0
38,technician,married,tertiary,no,1246,yes,no,cellular,2,1,unknown,0
38,admin.,married,tertiary,no,2168,yes,no,unknown,2,0,unknown,0
42,technician,married,secondary,no,-260,yes,yes,cellular,3,0,unknown,0
44,management,married,tertiary,no,13758,no,no,cellular,2,0,unknown,0
56,unemployed,married,secondary,no,4,no,no,cellular,5,0,unknown,0
24,blue-collar,single,secondary,no,1206,yes,yes,cellular,1,0,unknown,0
32,management,single,tertiary,no,626,yes,no,cellular,1,0,unknown,0
34,management,single,secondary,no,439,yes,no,unknown,8,0,unknown,0
39,management,married,tertiary,no,-719,no,no,cellular,3,5,failure,1
34,self-employed,married,tertiary,no,360,yes,no,cellular,3,0,unknown,0
45,admin.,married,secondary,no,1188,yes,no,cellular,1,3,success,0
30,services,single,secondary,no,-65,yes,no,cellular,1,0,unknown,0
37,blue-collar,married,primary,no,289,yes,yes,telephone,1,0,unknown,0
32,blue-collar,married,primary,no,1314,yes,no,cellular,2,0,unknown,0
19,student,single,tertiary,no,11825,no,no,cellular,2,0,unknown,0
26,entrepreneur,married,unknown,no,3129,no,no,cellular,2,4,failure,0
43,management,married,tertiary,no,466,yes,no,cellular,1,0,unknown,0
34,technician,divorced,secondary,no,1120,yes,no,cellular,1,2,other,1
40,admin.,divorced,tertiary,no,231,no,no,cellular,3,0,unknown,0
34,services,married,secondary,no,194,yes,no,cellular,3,0,unknown,0
35,housemaid,married,secondary,no,-191,yes,no,unknown,1,0,unknown,0
59,retired,married,primary,no,1903,yes,no,telephone,2,2,unknown,0
32,technician,married,secondary,no,1426,no,no,cellular,3,0,unknown,0
42,management,single,tertiary,no,2404,yes,no,cellular,2,0,unknown,1
44,admin.,married,secondary,no,7056,no,yes,cellular,2,1,unknown,0
32,technician,married,secondary,no,-956,no,no,cellular,6,0,unknown,0
41,retired,divorced,secondary,no,4053,yes,no,cellular,1,8,failure,0
31,unemployed,married,secondary,no,1665,no,no,unknown,3,0,unknown,0
54,blue-collar,married,primary,no,-303,yes,no,unknown,3,0,unknown,0
52,technician,married,secondary,no,9257,yes,no,unknown,2,0,unknown,0
50,entrepreneur,married,tertiary,no,-168,no,no,cellular,9,0,unknown,0
25,management,married,tertiary,no,277,yes,no,cellular,3,0,unknown,0
49,blue-collar,married,primary,no,1013,yes,no,unknown,13,0,unknown,0
54,technician,married,secondary,no,4902,no,no,cellular,3,1,unknown,0
37,services,divorced,secondary,no,579,yes,no,unknown,1,0,unknown,0
41,management,single,secondary,no,-2976,no,no,telephone,2,0,unknown,1
30,self-employed,single,tertiary,no,-2344,no,no,cellular,1,0,unknown,0
49,technician,married,secondary,no,14836,no,no,cellular,2,0,unknown,0
35,management,married,tertiary,yes,3314,yes,no,cellular,1,0,unknown,0
48,admin.,single,tertiary,no,3423,no,no,cellular,2,1,unknown,0
31,blue-collar,married,secondary,no,2439,yes,no,unknown,3,0,unknown,0
34,services,married,secondary,no,164,yes,no,cellular,1,0,unknown,0
54,admin.,divorced,unknown,no,2345,yes,no,cellular,1,1,unknown,0
32,admin.,married,primary,no,-417,yes,no,unknown,3,0,unknown,0
54,services,married,primary,no,117,yes,no,telephone,2,0,unknown,0
53,technician,married,secondary,no,2453,yes,yes,cellular,5,5,failure,0
28,management,single,tertiary,no,1465,no,no,cellular,2,0,success,0
56,management,married,tertiary,no,2145,no,no,cellular,5,0,unknown,0
31,management,married,tertiary,no,6904,no,no,cellular,1,0,unknown,0
41,management,married,tertiary,no,-3313,no,no,unknown,3,0,unknown,0
44,management,married,tertiary,no,17931,no,no,cellular,11,0,unknown,0
26,entrepreneur,single,secondary,no,345,no,no,cellular,4,0,unknown,0
52,admin.,divorced,secondary,no,1387,no,no,cellular,1,5,failure,1
28,technician,married,unknown,no,483,no,no,cellular,4,0,unknown,0
33,management,single,tertiary,no,1571,yes,no,cellular,2,3,failure,0
77,retired,married,unknown,no,67,no,no,cellular,2,0,unknown,0
51,blue-collar,single,secondary,no,704,no,no,cellular,1,4,failure,0
27,services,single,secondary,no,727,no,no,cellular,3,0,unknown,0
20,services,married,secondary,no,2758,no,no,cellular,1,4,failure,0
34,blue-collar,single,primary,no,355,yes,no,unknown,4,0,unknown,0
29,technician,single,tertiary,no,2902,yes,no,cellular,7,0,unknown,0
47,student,married,unknown,no,-3313,yes,no,unknown,1,0,unknown,0
31,admin.,divorced,secondary,no,1496,no,yes,cellular,1,0,unknown,1
33,technician,married,secondary,no,-852,no,no,cellular,4,0,unknown,0
43,admin.,married,tertiary,no,14176,no,no,cellular,1,3,unknown,0
58,blue-collar,married,primary,no,158,yes,no,telephone,8,0,unknown,0
42,technician,married,primary,no,2,no,no,telephone,1,3,failure,0
31,blue-collar,married,secondary,no,-2974,yes,no,unknown,3,0,unknown,0
39,technician,single,secondary,no,-591,yes,yes,unknown,3,0,unknown,0
42,management,married,secondary,no,-619,no,no,cellular,2,0,unknown,0
43,technician,married,secondary,no,1695,yes,no,unknown,34,0,unknown,0
67,management,married,secondary,no,4770,no,no,cellular,3,0,unknown,1
36,management,married,secondary,no,1069,yes,no,unknown,3,0,unknown,0
47,self-employed,married,secondary,no,1007,no,no,cellular,13,0,unknown,0
31,technician,married,tertiary,no,409,yes,no,cellular,3,0,unknown,0
39,blue-collar,divorced,tertiary,no,484,no,no,cellular,6,0,unknown,1
39,admin.,married,secondary,no,3139,yes,no,telephone,3,1,success,1
41,management,married,tertiary,no,-11,yes,no,cellular,2,1,success,1
30,blue-collar,married,secondary,no,1847,no,yes,cellular,3,0,unknown,0
41,technician,married,primary,no,-13,no,no,unknown,5,0,unknown,0
33,admin.,single,secondary,no,6102,yes,no,cellular,5,0,unknown,0
36,management,married,tertiary,no,-216,yes,no,unknown,3,0,unknown,0
52,retired,married,secondary,no,1083,yes,yes,unknown,11,0,unknown,0
33,services,single,secondary,no,1108,yes,no,unknown,1,0,unknown,0
60,blue-collar,married,secondary,no,244,yes,no,unknown,2,0,unknown,0
40,technician,married,secondary,no,561,no,no,cellular,3,0,unknown,0
45,blue-collar,divorced,secondary,no,205,yes,no,unknown,6,0,unknown,0
39,blue-collar,married,secondary,no,-423,yes,no,cellular,1,0,unknown,0
52,management,single,tertiary,no,-169,yes,yes,cellular,1,2,unknown,0
39,admin.,single,secondary,no,3622,no,no,cellular,4,1,unknown,0
29,student,single,secondary,no,476,yes,yes,unknown,5,0,unknown,0
34,technician,single,secondary,no,661,yes,no,unknown,2,0,failure,0
30,self-employed,single,unknown,no,13717,no,no,cellular,3,0,unknown,1
49,technician,married,secondary,no,-115,no,no,cellular,2,1,unknown,0
36,admin.,married,secondary,no,51,yes,no,unknown,1,0,unknown,0
33,management,married,tertiary,no,-163,no,no,cellular,1,0,success,0
23,services,single,secondary,no,886,no,no,cellular,1,0,unknown,0
47,blue-collar,divorced,primary,no,626,no,no,cellular,2,0,unknown,0
49,admin.,divorced,tertiary,no,52,yes,no,cellular,1,0,unknown,0
42,technician,single,tertiary,no,4402,no,yes,unknown,1,0,unknown,0
53,retired,married,unknown,no,2615,yes,no,unknown,1,0,unknown,0
42,self-employed,married,tertiary,no,11024,no,no,unknown,2,0,unknown,0
30,student,single,secondary,no,-2322,no,no,cellular,1,0,unknown,0
33,management,married,tertiary,no,5358,no,no,cellular,8,0,unknown,0
32,unemployed,married,tertiary,no,3729,no,no,cellular,3,0,unknown,0
26,technician,single,secondary,no,275,no,no,cellular,1,0,unknown,0
42,management,married,tertiary,no,900,no,no,unknown,1,0,unknown,1
44,technician,married,secondary,no,65,no,no,cellular,2,0,unknown,0
37,services,married,secondary,no,-244,no,no,unknown,1,0,unknown,0
28,blue-collar,married,secondary,no,562,yes,yes,cellular,5,0,unknown,0
21,services,married,tertiary,no,1006,yes,yes,cellular,5,0,unknown,1
59,management,married,unknown,no,1434,no,no,cellular,1,0,unknown,0
26,blue-collar,married,secondary,no,62,yes,no,telephone,3,0,unknown,0
40,management,married,secondary,no,380,yes,no,unknown,5,0,unknown,0
35,entrepreneur,divorced,secondary,no,956,yes,no,cellular,1,1,unknown,0
37,unemployed,married,primary,no,-300,yes,no,cellular,3,0,unknown,0
41,admin.,married,secondary,no,1514,no,no,cellular,1,3,success,1
42,student,single,tertiary,no,520,no,no,cellular,2,0,unknown,0
40,housemaid,married,tertiary,no,-20,yes,no,cellular,8,4,failure,1
48,technician,divorced,unknown,no,1284,yes,no,unknown,1,0,unknown,0
34,blue-collar,married,secondary,no,-2296,yes,no,cellular,1,12,success,1
36,blue-collar,single,primary,no,13979,yes,no,unknown,1,1,unknown,0
27,services,single,tertiary,no,1701,no,no,cellular,2,0,unknown,0
33,technician,married,secondary,no,2028,yes,no,unknown,1,0,unknown,0
40,management,divorced,tertiary,no,926,no,no,cellular,3,0,unknown,0
46,self-employed,single,secondary,no,473,yes,no,cellular,5,0,unknown,0
52,management,married,tertiary,no,4518,yes,no,cellular,2,3,failure,0
35,technician,divorced,secondary,no,938,yes,no,cellular,4,0,unknown,0
52,technician,divorced,primary,no,266,yes,no,cellular,4,0,unknown,0
66,retired,married,tertiary,no,-236,no,no,cellular,1,0,unknown,1
27,management,married,tertiary,no,1000,no,no,cellular,3,6,other,1
50,services,married,secondary,no,-961,yes,yes,cellular,2,0,unknown,0
43,blue-collar,married,secondary,no,1265,yes,no,cellular,6,0,unknown,0
50,technician,married,secondary,no,7285,no,yes,cellular,1,0,unknown,0
38,management,married,tertiary,no,65,yes,no,cellular,1,0,unknown,0
26,blue-collar,married,secondary,no,357,yes,no,cellular,5,3,failure,0
57,management,single,tertiary,no,558,yes,yes,cellular,4,0,unknown,0
33,blue-collar,single,secondary,no,3691,yes,no,unknown,5,0,unknown,1
27,services,single,secondary,no,1543,yes,no,cellular,3,0,unknown,0
44,technician,divorced,secondary,no,63,yes,no,cellular,12,0,unknown,0
38,technician,single,secondary,no,757,yes,no,unknown,2,0,unknown,0
30,services,single,secondary,no,2439,no,no,cellular,2,0,unknown,1
42,blue-collar,married,secondary,no,-9,yes,no,telephone,2,0,unknown,0
46,self-employed,married,tertiary,no,151,no,no,cellular,2,0,unknown,0
58,management,married,secondary,no,-1108,yes,no,unknown,1,0,unknown,0
33,admin.,married,secondary,no,-265,yes,no,unknown,1,0,unknown,0
34,management,divorced,tertiary,no,225,yes,no,unknown,1,0,unknown,0
39,services,married,secondary,no,484,yes,no,unknown,10,0,unknown,0
54,technician,married,secondary,no,4289,no,no,cellular,2,10,other,1
46,housemaid,married,primary,no,5906,yes,no,cellular,2,2,failure,1
31,self-employed,married,secondary,no,678,yes,yes,cellular,2,0,unknown,0
37,admin.,divorced,secondary,no,757,yes,no,cellular,2,0,unknown,0
29,management,married,tertiary,no,576,no,no,cellular,3,0,unknown,0
54,admin.,married,secondary,no,564,no,no,cellular,2,3,failure,0
37,blue-collar,single,secondary,no,-2024,no,no,cellular,2,0,unknown,1
35,management,married,tertiary,no,781,yes,no,cellular,2,0,unknown,0
43,admin.,married,secondary,no,5566,no,no,cellular,1,0,unknown,1
44,blue-collar,married,secondary,no,5528,no,no,cellular,3,0,unknown,0
35,admin.,single,secondary,no,6846,yes,no,cellular,1,0,unknown,0
40,services,married,secondary,no,177,yes,no,unknown,23,0,unknown,0
31,services,married,tertiary,no,1698,yes,yes,cellular,23,0,unknown,0
36,entrepreneur,divorced,tertiary,no,326,yes,no,cellular,2,0,unknown,1
32,technician,divorced,secondary,yes,145,no,yes,cellular,7,2,unknown,0
37,management,single,secondary,no,22,no,no,cellular,8,0,unknown,0
34,admin.,married,secondary,no,77,yes,yes,unknown,1,0,unknown,0
36,management,married,tertiary,no,3801,no,no,cellular,1,0,unknown,0
47,self-employed,married,secondary,no,-487,yes,no,unknown,2,0,unknown,0
29,entrepreneur,married,secondary,no,-212,no,yes,unknown,2,0,unknown,0
47,blue-collar,single,tertiary,no,3420,no,no,unknown,1,0,unknown,0
50,blue-collar,married,primary,no,137,yes,no,unknown,1,0,unknown,0
28,technician,married,tertiary,no,-36,yes,no,unknown,1,0,unknown,0
34,management,single,tertiary,no,4170,yes,yes,unknown,2,0,unknown,0
50,management,divorced,primary,no,34,no,no,cellular,5,0,unknown,0
33,blue-collar,single,unknown,no,2965,yes,no,telephone,2,0,failure,0
28,technician,single,secondary,no,196,yes,no,unknown,2,0,unknown,0
35,management,married,secondary,no,1451,yes,no,cellular,2,0,unknown,0
36,self-employed,married,secondary,no,2902,yes,no,cellular,1,3,failure,0
46,management,married,tertiary,no,-3313,no,yes,cellular,2,0,unknown,0
36,blue-collar,married,secondary,no,1148,yes,no,cellular,1,0,unknown,0
29,management,single,tertiary,no,2286,yes,yes,cellular,2,2,unknown,0
27,admin.,divorced,secondary,no,2499,no,no,unknown,1,0,unknown,1
40,management,married,secondary,no,1379,yes,yes,cellular,1,1,failure,0
68,services,married,secondary,no,1357,yes,yes,cellular,2,0,unknown,0
40,technician,single,tertiary,no,739,no,yes,cellular,5,0,unknown,0
56,entrepreneur,married,unknown,no,22,no,no,cellular,2,2,failure,0
33,blue-collar,divorced,secondary,no,127,yes,yes,unknown,3,0,unknown,0
48,management,married,secondary,no,5449,no,no,cellular,1,0,unknown,0
32,technician,single,tertiary,no,1015,yes,yes,cellular,3,0,unknown,0
33,management,married,tertiary,no,-112,yes,no,cellular,16,0,unknown,0
35,blue-collar,married,primary,no,2108,yes,no,unknown,1,0,unknown,0
46,technician,divorced,tertiary,no,8197,yes,no,unknown,5,0,unknown,0
42,management,married,tertiary,no,1754,yes,no,cellular,2,2,failure,0
24,admin.,married,tertiary,no,1911,yes,no,cellular,6,0,unknown,0
39,student,married,tertiary,no,10907,no,no,cellular,1,0,unknown,0
48,services,single,secondary,no,-17,no,no,cellular,2,2,success,1
27,housemaid,married,tertiary,no,2031,no,no,cellular,3,0,unknown,0
30,technician,married,secondary,no,300,no,no,cellular,1,0,unknown,0
38,services,married,secondary,no,4682,yes,no,cellular,4,0,unknown,0
46,admin.,married,secondary,no,-121,yes,no,unknown,3,0,unknown,0
50,technician,divorced,secondary,no,606,yes,yes,unknown,7,0,unknown,0
46,unemployed,married,primary,no,2295,yes,yes,unknown,2,0,unknown,0
46,technician,married,primary,no,9234,no,no,cellular,1,0,unknown,1
39,management,married,tertiary,no,4112,yes,no,cellular,3,0,unknown,0
32,admin.,married,secondary,no,1656,yes,no,cellular,1,0,unknown,0
46,blue-collar,divorced,secondary,no,1636,yes,no,cellular,1,1,unknown,0
40,management,married,primary,no,-221,no,yes,unknown,4,0,unknown,0
37,technician,single,secondary,no,2208,yes,no,telephone,1,1,success,0
38,unemployed,married,secondary,no,1549,yes,no,unknown,1,1,success,0
57,technician,married,secondary,no,-1664,no,no,cellular,4,0,unknown,0
37,entrepreneur,married,tertiary,no,8495,no,no,unknown,2,0,unknown,1
32,services,divorced,secondary,no,33,yes,no,unknown,1,0,unknown,0
33,blue-collar,single,secondary,no,85,no,yes,cellular,2,2,unknown,0
43,technician,married,tertiary,no,3483,no,no,cellular,2,0,unknown,0
29,blue-collar,married,primary,no,639,yes,no,unknown,2,0,unknown,0
34,blue-collar,divorced,primary,no,1412,no,no,cellular,1,0,unknown,0
28,student,single,secondary,no,78,no,no,cellular,3,0,unknown,0
43,self-employed,married,tertiary,no,609,yes,no,unknown,4,0,unknown,0
30,management,married,tertiary,no,742,no,no,cellular,15,0,unknown,0
42,technician,married,secondary,no,404,yes,no,cellular,8,0,unknown,0
37,management,married,tertiary,no,2922,no,no,cellular,1,0,unknown,0
32,unemployed,married,tertiary,no,-523,no,no,unknown,1,1,unknown,1
37,services,divorced,unknown,no,1620,yes,no,cellular,1,5,failure,0
39,management,married,tertiary,no,2138,yes,no,unknown,1,0,unknown,0
32,services,married,tertiary,no,4362,yes,yes,cellular,4,0,unknown,0
42,blue-collar,married,tertiary,no,1861,yes,no,cellular,1,0,unknown,0
33,services,divorced,secondary,no,5,no,no,unknown,1,0,unknown,1
41,management,divorced,tertiary,no,1466,yes,no,cellular,1,0,unknown,0
56,blue-collar,married,tertiary,no,5663,yes,no,cellular,1,3,failure,0
58,management,married,tertiary,no,21,no,no,cellular,4,0,unknown,0
45,retired,married,secondary,no,-513,no,no,unknown,2,0,unknown,0
34,technician,divorced,secondary,no,125,no,no,cellular,4,0,unknown,0
41,blue-collar,married,primary,no,99,yes,no,unknown,1,0,unknown,0
49,blue-collar,married,primary,no,358,yes,yes,cellular,1,0,unknown,0
49,retired,married,secondary,no,-1100,no,no,telephone,1,0,unknown,1
37,technician,single,secondary,no,1871,yes,no,cellular,8,3,failure,0
30,management,single,tertiary,no,1775,no,yes,cellular,1,8,failure,0
45,entrepreneur,married,tertiary,no,9612,yes,no,cellular,3,0,unknown,0
33,blue-collar,married,unknown,no,-280,yes,no,cellular,2,0,failure,0
49,admin.,single,secondary,no,927,no,yes,cellular,5,0,unknown,0
60,management,married,tertiary,no,2865,no,no,cellular,2,0,unknown,0
55,blue-collar,married,primary,no,188,yes,no,unknown,2,0,unknown,0
47,services,married,secondary,no,7143,yes,no,unknown,2,0,unknown,0
34,management,single,tertiary,no,576,yes,no,unknown,16,0,unknown,0
35,management,divorced,tertiary,no,3231,yes,no,cellular,1,0,unknown,0
33,blue-collar,divorced,secondary,no,-79,yes,no,cellular,1,0,unknown,0
39,management,married,tertiary,no,118,no,no,unknown,6,0,unknown,0
37,management,married,tertiary,no,2612,no,yes,cellular,1,0,unknown,0
38,technician,divorced,secondary,no,441,yes,no,cellular,1,1,failure,1
38,services,married,secondary,no,1135,yes,no,unknown,2,0,unknown,0
43,housemaid,divorced,secondary,no,-1333,yes,no,cellular,1,3,unknown,0
30,self-employed,single,secondary,no,81,yes,no,unknown,1,0,unknown,0
59,services,married,secondary,no,40,no,no,unknown,2,0,unknown,0
47,blue-collar,divorced,secondary,no,1611,yes,no,cellular,1,0,unknown,0
40,services,single,tertiary,no,-107,no,no,unknown,2,0,unknown,0
76,retired,divorced,secondary,no,2409,no,no,telephone,2,5,success,1
47,blue-collar,married,tertiary,no,-182,yes,yes,unknown,3,0,unknown,0
31,technician,single,secondary,no,1629,no,no,cellular,4,1,unknown,0
70,management,married,tertiary,no,0,no,no,cellular,5,0,unknown,0
47,blue-collar,married,secondary,no,1244,no,yes,cellular,1,0,unknown,0
48,management,married,primary,no,1870,yes,no,unknown,1,0,unknown,0
37,management,married,tertiary,no,367,yes,no,cellular,1,0,unknown,1
55,technician,married,secondary,no,3170,yes,no,telephone,3,2,failure,1
30,student,single,tertiary,no,3561,no,no,cellular,1,1,failure,1
33,technician,single,tertiary,no,-896,no,no,cellular,3,0,unknown,0
57,retired,married,secondary,no,11592,no,no,cellular,1,0,unknown,0
48,services,married,secondary,no,53,no,no,cellular,1,0,unknown,0
39,housemaid,divorced,secondary,no,310,yes,no,cellular,1,0,unknown,0
58,management,single,tertiary,no,12810,no,no,cellular,1,0,unknown,0
30,services,single,secondary,no,9,yes,no,cellular,2,0,unknown,0
44,self-employed,divorced,primary,no,548,no,no,cellular,4,0,unknown,0
36,management,single,tertiary,no,4542,yes,no,cellular,4,0,unknown,0
51,blue-collar,married,primary,no,-17,no,no,unknown,4,0,unknown,0
42,management,married,secondary,no,2439,yes,no,telephone,3,0,unknown,0
33,blue-collar,single,unknown,no,-14,yes,no,cellular,3,1,failure,0
53,unknown,married,tertiary,no,165,no,no,cellular,10,0,unknown,0
41,entrepreneur,married,secondary,no,-697,yes,no,unknown,3,0,unknown,0
31,admin.,married,tertiary,no,3645,no,no,cellular,8,0,unknown,0
50,technician,married,secondary,no,1384,yes,no,cellular,4,0,unknown,0
59,self-employed,married,secondary,no,4259,no,no,cellular,3,0,unknown,1
49,admin.,married,secondary,no,437,no,no,cellular,6,0,unknown,0
52,technician,divorced,primary,no,376,no,no,cellular,3,0,unknown,0
44,technician,married,tertiary,no,7878,no,no,cellular,2,0,unknown,0
51,technician,married,secondary,no,221,no,yes,cellular,9,1,unknown,0
51,admin.,married,tertiary,no,952,no,yes,cellular,1,0,unknown,0
49,entrepreneur,married,secondary,no,1469,no,no,cellular,3,4,success,0
52,management,divorced,primary,no,261,yes,no,unknown,1,1,unknown,0
44,housemaid,married,primary,no,-49,yes,no,telephone,3,0,unknown,0
34,management,married,tertiary,no,1767,yes,no,telephone,3,0,unknown,1
41,admin.,single,secondary,no,568,yes,no,unknown,1,0,unknown,0
54,services,married,secondary,no,5853,yes,no,unknown,2,0,unknown,0
32,technician,married,secondary,no,-813,yes,no,cellular,5,11,failure,0
59,blue-collar,married,secondary,no,4090,yes,no,telephone,3,0,unknown,0
53,management,married,secondary,no,646,no,no,cellular,2,0,failure,0
23,student,single,secondary,no,-335,yes,no,cellular,2,0,unknown,0
30,admin.,married,secondary,no,392,yes,no,cellular,2,0,unknown,0
39,services,married,secondary,no,-174,no,yes,cellular,1,4,unknown,0
50,blue-collar,married,primary,no,2834,yes,no,unknown,1,0,unknown,0
26,services,divorced,secondary,no,280,yes,no,cellular,6,0,unknown,0
56,retired,married,primary,no,455,yes,no,cellular,2,1,unknown,0
41,management,married,tertiary,no,835,no,no,cellular,2,2,success,1
35,blue-collar,married,secondary,no,867,no,yes,cellular,15,0,unknown,0
27,blue-collar,married,secondary,yes,453,yes,no,unknown,1,0,unknown,0
36,blue-collar,married,secondary,no,853,yes,no,unknown,1,0,unknown,0
51,entrepreneur,married,tertiary,no,469,yes,no,cellular,2,1,failure,0
33,blue-collar,married,secondary,no,513,yes,no,unknown,1,0,unknown,0
50,management,divorced,tertiary,no,728,yes,no,cellular,2,0,unknown,1
56,blue-collar,married,secondary,no,5723,yes,no,telephone,1,4,failure,1
45,management,married,unknown,no,634,no,no,unknown,3,0,unknown,0
46,blue-collar,married,secondary,no,159,yes,no,unknown,1,0,unknown,0
47,management,married,tertiary,no,931,yes,no,cellular,4,0,unknown,0
37,services,married,secondary,no,89,yes,no,cellular,11,0,unknown,0
31,blue-collar,married,tertiary,no,615,yes,yes,unknown,1,0,unknown,0
60,management,married,tertiary,no,2649,no,yes,cellular,8,0,unknown,0
35,blue-collar,married,primary,no,1165,yes,no,cellular,2,0,failure,0
35,technician,married,tertiary,no,-127,yes,no,unknown,4,0,unknown,0
57,retired,divorced,primary,no,18831,yes,no,unknown,1,0,unknown,1
45,blue-collar,single,secondary,no,314,yes,no,cellular,1,4,failure,0
45,entrepreneur,married,primary,yes,-443,yes,no,unknown,1,0,unknown,0
36,admin.,divorced,tertiary,no,-599,no,no,cellular,2,2,failure,0
20,admin.,single,secondary,no,586,yes,no,cellular,2,1,unknown,1
46,blue-collar,married,secondary,no,763,yes,no,cellular,3,0,unknown,0
46,technician,married,secondary,no,-61,no,no,unknown,1,0,unknown,0
39,blue-collar,married,primary,no,3303,yes,no,unknown,2,0,unknown,0
30,management,divorced,tertiary,no,448,no,no,cellular,12,0,unknown,0
37,management,divorced,tertiary,no,558,no,no,unknown,1,0,unknown,0
34,unemployed,divorced,unknown,no,278,no,no,cellular,1,0,unknown,0
49,technician,divorced,tertiary,no,110,no,yes,cellular,6,0,unknown,0
68,admin.,married,primary,no,448,no,no,cellular,2,0,unknown,0
55,unknown,married,primary,no,-85,no,no,unknown,1,0,unknown,0
57,admin.,married,secondary,no,369,no,no,cellular,4,0,success,1
65,retired,single,tertiary,no,-109,no,yes,cellular,4,0,unknown,0
19,management,single,tertiary,no,1301,no,no,cellular,2,0,unknown,0
29,student,single,unknown,no,337,no,no,telephone,1,0,unknown,0
22,student,single,secondary,no,290,yes,no,cellular,9,6,unknown,0
46,admin.,married,unknown,no,269,yes,no,cellular,1,0,unknown,0
43,technician,married,secondary,no,1038,yes,yes,cellular,1,0,unknown,1
49,management,married,primary,no,3306,no,no,telephone,5,0,unknown,0
35,blue-collar,single,secondary,no,1837,yes,no,cellular,2,0,unknown,0
29,blue-collar,married,secondary,no,-157,no,no,unknown,1,0,unknown,0
57,housemaid,married,primary,no,-88,no,no,unknown,1,0,unknown,0
35,technician,married,secondary,no,150,yes,no,telephone,3,0,unknown,0
32,blue-collar,married,secondary,no,-482,yes,no,cellular,1,0,unknown,0
45,blue-collar,married,secondary,no,-107,yes,no,unknown,2,0,unknown,0
46,blue-collar,married,secondary,no,601,yes,no,cellular,7,0,unknown,0
60,unemployed,divorced,primary,no,291,no,no,cellular,1,0,unknown,0
38,blue-collar,divorced,secondary,no,2160,yes,no,unknown,10,0,unknown,1
30,admin.,single,secondary,no,1896,yes,yes,cellular,1,0,unknown,0
55,management,divorced,secondary,no,2550,yes,no,telephone,1,2,failure,0
45,technician,married,tertiary,no,-226,no,no,cellular,3,0,unknown,0
31,blue-collar,married,secondary,no,475,yes,no,unknown,1,0,unknown,0
46,management,married,tertiary,no,3337,no,no,cellular,9,0,unknown,0
51,blue-collar,married,primary,no,5667,yes,no,unknown,1,0,unknown,0
54,blue-collar,married,primary,no,447,yes,no,cellular,3,0,unknown,0
19,services,single,secondary,no,4021,yes,no,unknown,1,0,unknown,0
36,self-employed,married,secondary,no,181,yes,no,cellular,1,1,success,1
38,blue-collar,married,primary,no,4684,yes,no,unknown,3,0,unknown,0
43,blue-collar,married,primary,no,187,yes,no,cellular,1,0,unknown,0
34,blue-collar,married,primary,no,737,yes,no,unknown,4,0,unknown,0
29,technician,married,tertiary,no,5446,yes,no,cellular,2,0,unknown,0
32,blue-collar,divorced,secondary,yes,5,yes,no,cellular,3,2,failure,0
29,admin.,single,primary,no,3557,yes,no,cellular,1,1,failure,0
39,unemployed,married,secondary,no,-149,no,no,cellular,3,0,unknown,0
46,admin.,single,secondary,no,1863,yes,yes,unknown,5,1,unknown,0
32,services,married,secondary,no,1772,yes,no,cellular,1,1,failure,0
59,retired,married,secondary,no,2059,no,no,cellular,2,0,unknown,0
64,retired,married,unknown,no,3859,no,yes,cellular,3,0,unknown,0
53,entrepreneur,married,secondary,no,945,no,no,cellular,2,1,failure,0
41,management,single,tertiary,no,1090,yes,no,cellular,4,5,failure,0
43,management,married,secondary,no,306,yes,yes,unknown,1,0,unknown,0
34,blue-collar,divorced,primary,no,184,yes,no,cellular,4,0,unknown,0
36,technician,single,secondary,no,4,no,no,cellular,4,0,unknown,0
38,entrepreneur,married,tertiary,no,4970,yes,no,cellular,1,0,unknown,0
34,services,single,secondary,no,249,yes,no,unknown,1,0,unknown,0
29,technician,single,secondary,no,2134,no,no,cellular,1,3,failure,0
30,blue-collar,married,primary,no,1676,yes,no,unknown,2,0,unknown,0
50,blue-collar,married,unknown,no,725,no,no,cellular,3,0,unknown,0
48,management,married,tertiary,no,-407,no,no,cellular,7,0,unknown,1
39,technician,married,secondary,no,249,yes,no,unknown,1,0,unknown,0
30,services,single,secondary,no,3555,yes,no,unknown,1,0,unknown,0
33,self-employed,married,secondary,no,1185,yes,no,cellular,1,0,unknown,0
42,management,divorced,tertiary,no,-44,yes,no,unknown,1,0,unknown,0
61,management,divorced,primary,no,2178,yes,no,unknown,1,0,unknown,0
57,admin.,married,secondary,no,-161,yes,no,telephone,6,0,unknown,0
41,blue-collar,married,secondary,no,7615,yes,no,cellular,3,0,unknown,1
45,services,divorced,secondary,no,-6,no,no,unknown,13,0,unknown,0
53,unemployed,married,unknown,no,3166,no,no,unknown,5,0,unknown,0
80,retired,married,secondary,no,4772,no,no,cellular,2,0,success,1
34,services,single,secondary,no,188,yes,yes,cellular,2,2,failure,0
37,blue-collar,single,secondary,no,8878,yes,no,unknown,1,0,unknown,0
41,admin.,married,secondary,no,-1343,no,no,cellular,2,0,unknown,0
49,admin.,divorced,secondary,no,-325,yes,yes,unknown,17,0,unknown,0
29,management,single,tertiary,no,4778,yes,no,cellular,8,0,unknown,0
30,student,single,tertiary,no,22145,no,no,cellular,2,0,unknown,0
19,services,single,secondary,no,257,no,no,unknown,4,0,unknown,0
19,management,divorced,tertiary,no,5073,no,no,cellular,2,0,unknown,0
35,admin.,single,secondary,no,289,no,yes,cellular,4,0,unknown,0
28,student,single,secondary,no,1032,yes,no,cellular,1,0,unknown,0
52,technician,married,tertiary,no,3998,no,no,cellular,3,0,unknown,0
35,technician,married,secondary,no,1238,yes,no,cellular,4,2,failure,0
33,self-employed,divorced,tertiary,no,-1684,yes,no,cellular,5,0,unknown,0
28,technician,single,secondary,no,559,yes,no,cellular,8,0,unknown,1
47,admin.,married,secondary,no,244,yes,no,cellular,3,0,failure,0
59,housemaid,married,unknown,no,3359,no,no,cellular,8,2,unknown,0
35,management,married,secondary,no,871,yes,no,unknown,3,0,unknown,0
38,blue-collar,single,secondary,no,-999,yes,no,cellular,2,0,unknown,1
39,blue-collar,married,secondary,no,5,no,no,cellular,1,0,unknown,0
55,technician,married,primary,no,11,no,yes,cellular,3,0,unknown,0
33,technician,divorced,secondary,no,-2,no,no,cellular,1,0,unknown,0
44,blue-collar,married,secondary,no,-518,yes,no,cellular,2,9,other,0
35,management,married,tertiary,no,168,no,yes,cellular,1,0,unknown,0
44,admin.,married,secondary,no,206,no,no,cellular,6,0,unknown,0
46,unemployed,married,secondary,no,618,yes,no,unknown,1,0,unknown,0
41,technician,married,tertiary,no,3213,no,no,cellular,1,0,unknown,1
32,technician,married,secondary,no,249,no,yes,unknown,1,0,unknown,0
58,services,married,tertiary,no,649,no,no,cellular,3,0,failure,0
43,management,married,secondary,no,1183,yes,yes,unknown,3,0,unknown,0
33,management,married,tertiary,yes,909,no,no,cellular,1,0,unknown,0
71,management,divorced,tertiary,no,1970,no,no,cellular,3,0,unknown,0
57,housemaid,married,secondary,no,-314,no,no,unknown,1,0,unknown,0
37,unknown,married,secondary,no,6509,no,yes,cellular,9,0,unknown,0
38,unemployed,married,secondary,no,287,yes,no,cellular,11,0,failure,0
44,admin.,divorced,secondary,no,3080,yes,no,cellular,1,0,unknown,0
64,retired,married,secondary,no,1784,no,no,cellular,1,3,unknown,1
58,management,married,secondary,no,473,yes,no,cellular,5,0,unknown,0
52,blue-collar,married,secondary,no,158,yes,no,cellular,1,0,unknown,0
45,blue-collar,married,primary,no,1503,no,no,cellular,5,0,unknown,0
44,blue-collar,married,secondary,no,694,yes,no,cellular,1,0,unknown,0
39,services,single,secondary,no,521,no,no,cellular,2,2,success,0
28,management,single,tertiary,no,18425,no,no,cellular,5,0,unknown,0
33,blue-collar,married,secondary,no,367,yes,no,cellular,2,0,unknown,0
41,management,married,tertiary,no,572,yes,no,cellular,3,0,unknown,0
27,admin.,married,secondary,no,180,yes,yes,cellular,2,0,unknown,0
30,services,married,secondary,no,6207,yes,no,unknown,14,0,unknown,0
35,technician,single,tertiary,no,79,no,no,cellular,2,0,unknown,0
35,management,married,tertiary,no,5114,yes,no,cellular,2,0,unknown,0
22,retired,married,tertiary,no,3730,yes,yes,cellular,2,2,failure,1
40,admin.,married,secondary,no,2362,no,no,unknown,1,0,unknown,0
44,blue-collar,married,primary,no,68,yes,no,unknown,4,0,unknown,0
26,student,single,tertiary,no,852,no,no,cellular,1,0,unknown,1
53,unemployed,married,secondary,no,395,no,yes,cellular,5,0,unknown,0
35,technician,married,primary,no,187,yes,no,unknown,1,0,unknown,0
30,technician,single,secondary,no,323,no,no,cellular,3,0,failure,0
40,unemployed,married,secondary,no,126,yes,no,cellular,2,0,unknown,0
44,self-employed,married,tertiary,no,317,yes,no,cellular,2,0,unknown,1
30,blue-collar,single,secondary,no,-1538,no,no,cellular,5,0,unknown,0
51,management,married,unknown,no,1250,yes,no,cellular,3,4,unknown,0
31,blue-collar,married,secondary,no,92,yes,no,unknown,2,0,unknown,0
44,technician,married,secondary,no,418,yes,no,cellular,6,2,other,1
43,technician,single,tertiary,no,1965,yes,no,cellular,8,0,unknown,0
30,admin.,married,secondary,no,160,no,no,unknown,3,0,unknown,0
46,technician,married,tertiary,no,7421,no,no,cellular,2,1,unknown,0
50,student,married,tertiary,no,-34,yes,no,cellular,1,0,unknown,0
50,technician,married,secondary,no,-1168,yes,yes,telephone,10,0,unknown,0
36,blue-collar,married,primary,no,94,yes,no,unknown,3,0,unknown,0
50,retired,married,tertiary,no,748,yes,no,cellular,2,1,failure,0
41,technician,single,tertiary,no,5117,yes,no,cellular,2,0,unknown,0
39,management,single,tertiary,no,-72,no,no,cellular,3,0,unknown,0
48,blue-collar,married,secondary,no,1926,yes,no,cellular,1,0,failure,0
34,technician,single,tertiary,no,1371,no,no,cellular,2,0,unknown,1
47,technician,married,secondary,no,2467,no,no,cellular,7,0,unknown,0
52,admin.,married,secondary,no,2247,yes,yes,cellular,6,0,unknown,0
33,technician,single,secondary,no,2375,no,no,telephone,5,0,unknown,0
46,blue-collar,married,secondary,no,2906,yes,no,telephone,2,10,success,0
53,blue-collar,married,secondary,no,3604,yes,no,cellular,1,5,other,1
33,blue-collar,married,secondary,no,312,yes,no,cellular,6,0,unknown,0
44,unemployed,single,secondary,no,1126,yes,no,cellular,7,1,success,1
41,technician,married,tertiary,no,4300,yes,yes,unknown,14,0,unknown,0
58,unknown,married,secondary,no,1210,yes,no,cellular,2,0,unknown,0
48,blue-collar,married,primary,no,1148,yes,no,cellular,2,0,unknown,0
49,blue-collar,married,tertiary,no,672,yes,no,cellular,3,0,unknown,0
53,management,married,tertiary,no,253,no,yes,cellular,2,0,unknown,0
34,management,single,secondary,no,-2029,yes,no,cellular,1,1,failure,0
38,services,married,secondary,no,-37,yes,no,cellular,4,1,failure,0
37,management,divorced,unknown,no,-379,yes,no,cellular,7,0,unknown,0
28,admin.,single,tertiary,no,48,no,no,cellular,1,0,unknown,0
57,retired,single,unknown,no,10935,yes,no,unknown,1,0,unknown,0
44,housemaid,divorced,secondary,no,291,no,no,cellular,2,0,unknown,0
37,technician,married,secondary,no,124,yes,no,unknown,1,0,unknown,0
32,blue-collar,single,secondary,no,10354,yes,no,cellular,1,0,unknown,0
27,services,single,secondary,no,-157,no,no,unknown,3,0,unknown,0
40,management,married,tertiary,no,314,yes,no,cellular,1,0,unknown,0
28,blue-collar,married,primary,no,365,yes,no,cellular,4,6,failure,0
36,blue-collar,married,secondary,no,-282,yes,yes,unknown,1,0,unknown,0
53,blue-collar,divorced,primary,no,137,yes,no,cellular,1,2,other,0
31,blue-collar,single,secondary,no,3018,yes,yes,cellular,2,0,unknown,0
37,services,married,secondary,no,897,yes,yes,unknown,2,0,unknown,0
40,admin.,married,secondary,no,1528,yes,no,cellular,3,4,failure,0
30,student,single,primary,yes,311,no,no,cellular,1,0,unknown,0
33,blue-collar,single,secondary,no,-279,no,yes,cellular,2,0,unknown,0
43,admin.,divorced,secondary,no,714,yes,no,cellular,2,0,unknown,0
39,management,married,tertiary,no,3955,no,no,cellular,3,0,unknown,0
47,blue-collar,married,primary,no,1506,yes,no,unknown,3,0,unknown,0
46,admin.,married,secondary,no,2261,yes,no,cellular,5,1,unknown,0
51,blue-collar,married,primary,no,991,no,no,telephone,3,0,unknown,0
42,entrepreneur,married,secondary,no,8089,no,no,cellular,8,0,unknown,1
36,management,married,tertiary,no,1204,yes,no,cellular,1,0,unknown,1
32,technician,single,tertiary,no,290,yes,no,cellular,3,0,unknown,0
27,management,married,secondary,yes,375,no,no,unknown,1,0,unknown,0
40,technician,married,tertiary,no,13203,no,no,cellular,3,0,unknown,0
77,retired,married,tertiary,no,333,no,no,cellular,2,1,failure,0
33,management,married,primary,no,499,yes,no,cellular,6,0,unknown,0
66,housemaid,married,secondary,no,19,no,no,telephone,2,0,unknown,0
55,blue-collar,married,primary,no,1508,yes,yes,telephone,7,0,unknown,0
50,admin.,married,unknown,no,2953,no,no,unknown,2,0,unknown,0
77,retired,married,secondary,no,6480,no,no,telephone,1,0,unknown,0
30,admin.,single,secondary,no,264,yes,no,cellular,1,1,unknown,1
59,blue-collar,married,primary,no,6749,yes,no,cellular,9,0,unknown,0
43,management,married,tertiary,no,3028,yes,yes,telephone,5,0,unknown,0
39,self-employed,married,secondary,no,79,yes,no,cellular,1,0,unknown,0
46,management,single,tertiary,no,3165,no,no,telephone,2,0,unknown,0
19,technician,single,secondary,no,2809,no,no,unknown,1,0,unknown,0
48,services,married,tertiary,no,-339,no,no,telephone,10,0,unknown,0
49,services,married,secondary,no,3,yes,no,unknown,1,0,unknown,0
41,services,divorced,secondary,no,6243,yes,yes,cellular,2,0,unknown,0
36,self-employed,married,tertiary,no,410,no,no,cellular,4,0,unknown,0
41,technician,married,unknown,no,1052,yes,no,cellular,2,0,unknown,0
64,management,single,tertiary,no,1828,no,no,cellular,1,0,unknown,1
46,entrepreneur,married,secondary,no,1056,yes,no,unknown,4,0,unknown,0
44,management,married,primary,no,6264,no,no,unknown,1,0,unknown,0
54,blue-collar,married,secondary,no,2026,yes,no,unknown,4,0,unknown,0
56,services,married,tertiary,no,115,no,no,cellular,2,0,unknown,0
37,management,married,secondary,no,-534,yes,no,cellular,2,2,failure,1
57,admin.,married,secondary,no,216,yes,no,cellular,4,0,unknown,0
32,management,single,tertiary,no,1449,yes,yes,unknown,4,0,unknown,0
32,management,married,tertiary,no,278,yes,no,cellular,2,6,success,1
45,self-employed,married,tertiary,no,2357,yes,no,unknown,11,0,unknown,0
52,services,divorced,tertiary,no,3553,yes,yes,telephone,3,0,unknown,0
55,services,single,secondary,no,-4,yes,no,cellular,1,1,other,0
66,retired,married,primary,no,-135,no,no,cellular,1,3,unknown,1
26,technician,married,secondary,no,1528,no,no,cellular,2,1,unknown,0
38,admin.,single,primary,no,26,no,no,cellular,25,0,unknown,0
46,technician,single,primary,no,3624,yes,yes,cellular,2,5,failure,0
43,management,single,tertiary,no,42,yes,no,unknown,12,0,unknown,0
39,blue-collar,married,secondary,no,913,yes,no,unknown,32,0,unknown,0
36,blue-collar,married,secondary,no,2101,yes,no,cellular,1,0,unknown,0
51,blue-collar,married,primary,no,199,yes,no,unknown,1,0,unknown,0
39,admin.,married,secondary,no,-1426,yes,no,cellular,1,0,unknown,0
39,management,single,tertiary,no,1512,yes,no,cellular,1,9,other,1
34,blue-collar,married,secondary,no,126,yes,no,cellular,1,0,unknown,0
31,management,married,tertiary,no,352,no,yes,cellular,14,0,unknown,0
33,blue-collar,married,secondary,no,986,yes,yes,cellular,4,0,unknown,0
41,management,married,tertiary,no,-213,yes,yes,unknown,1,0,unknown,0
48,retired,married,secondary,no,1356,yes,no,cellular,1,0,unknown,0
56,services,married,tertiary,no,1253,yes,yes,cellular,4,0,unknown,0
50,services,divorced,secondary,no,2371,no,no,unknown,1,0,unknown,0
34,management,single,tertiary,no,81,yes,yes,cellular,4,0,unknown,0
35,management,married,tertiary,no,9,no,no,cellular,3,0,unknown,0
48,management,married,tertiary,no,8444,no,no,cellular,4,0,unknown,0
60,technician,married,secondary,no,126,yes,no,unknown,1,0,unknown,0
58,services,married,secondary,no,802,no,no,cellular,1,2,failure,0
37,technician,single,secondary,no,1420,no,no,cellular,1,0,unknown,0
31,technician,single,tertiary,no,1497,yes,no,cellular,1,0,unknown,0
45,management,married,secondary,no,3069,no,no,cellular,2,1,failure,0
52,management,married,tertiary,no,572,no,no,cellular,3,0,unknown,0
47,services,married,tertiary,no,736,no,no,cellular,3,0,unknown,0
28,management,married,secondary,no,561,no,no,cellular,2,7,other,1
48,management,married,tertiary,no,264,no,yes,cellular,1,0,unknown,0
55,entrepreneur,married,tertiary,no,6770,yes,no,cellular,3,0,unknown,0
30,blue-collar,married,primary,no,486,no,no,cellular,1,0,unknown,0
34,management,single,tertiary,yes,817,yes,no,cellular,10,0,unknown,0
31,services,single,secondary,no,2118,yes,no,cellular,1,0,unknown,0
58,management,married,tertiary,no,2572,yes,no,cellular,6,0,unknown,0
51,admin.,married,primary,no,471,yes,no,telephone,3,0,unknown,0
31,technician,married,secondary,no,-51,yes,no,cellular,2,0,unknown,0
35,services,married,secondary,no,509,yes,yes,unknown,2,0,unknown,0
30,blue-collar,single,primary,no,957,no,yes,cellular,1,0,unknown,0
32,student,single,secondary,no,7405,yes,no,cellular,1,0,unknown,0
41,housemaid,married,secondary,no,-276,yes,no,unknown,1,0,unknown,0
51,entrepreneur,married,primary,no,5759,yes,no,cellular,1,2,failure,0
36,management,married,tertiary,no,122,yes,no,unknown,9,0,unknown,0
39,technician,married,tertiary,no,-3,no,no,cellular,4,0,unknown,0
29,technician,single,secondary,no,583,yes,no,unknown,9,0,unknown,0
43,management,divorced,tertiary,no,11217,no,no,cellular,1,10,failure,0
31,management,married,tertiary,no,907,yes,no,unknown,3,0,unknown,0
30,self-employed,single,secondary,no,313,yes,no,cellular,2,0,unknown,0
38,blue-collar,married,primary,no,170,no,no,cellular,3,0,unknown,0
46,blue-collar,married,primary,no,-11,yes,no,cellular,2,0,unknown,0
39,technician,married,secondary,no,-42,yes,no,unknown,2,0,unknown,0
28,blue-collar,married,secondary,no,143,yes,no,unknown,2,0,unknown,0
76,retired,married,secondary,no,-17,yes,no,cellular,3,2,unknown,0
26,self-employed,married,tertiary,no,1096,yes,no,unknown,1,0,unknown,0
31,technician,single,secondary,no,-1037,no,no,cellular,13,2,unknown,0
52,blue-collar,divorced,primary,no,-1193,yes,no,unknown,5,0,unknown,0
35,admin.,single,secondary,no,58,yes,yes,cellular,1,0,unknown,0
50,self-employed,married,primary,no,164,yes,no,unknown,16,0,unknown,0
47,management,single,tertiary,no,2486,yes,no,unknown,26,0,unknown,0
47,blue-collar,married,primary,no,2236,no,no,unknown,6,0,unknown,0
34,blue-collar,married,primary,no,-35,no,no,cellular,3,0,unknown,0
38,technician,married,secondary,no,-1346,yes,yes,cellular,2,0,unknown,0
55,admin.,divorced,unknown,no,1231,no,yes,cellular,1,4,failure,0
44,housemaid,married,unknown,no,399,no,no,unknown,1,0,unknown,0
39,management,married,tertiary,no,169,yes,no,unknown,3,0,unknown,0
37,management,divorced,tertiary,no,10593,yes,no,unknown,12,1,unknown,0
54,blue-collar,divorced,tertiary,no,21909,yes,no,unknown,7,0,unknown,0
48,unemployed,married,secondary,no,243,no,no,cellular,23,0,unknown,0
48,blue-collar,married,secondary,no,90,yes,no,cellular,3,1,other,0
38,services,married,unknown,no,3423,yes,no,unknown,4,0,unknown,0
34,management,single,tertiary,no,669,no,no,cellular,3,0,unknown,0
36,blue-collar,married,primary,no,5523,yes,no,cellular,5,0,unknown,0
23,blue-collar,married,secondary,no,398,yes,no,unknown,4,0,unknown,0
47,management,married,tertiary,no,250,no,no,cellular,4,0,unknown,0
33,services,married,secondary,no,529,yes,no,unknown,1,0,unknown,0
45,management,married,tertiary,no,22230,no,no,cellular,2,0,unknown,0
38,entrepreneur,married,tertiary,no,5987,yes,no,unknown,1,1,unknown,0
56,retired,single,tertiary,no,1000,no,no,cellular,1,0,unknown,0
50,blue-collar,divorced,secondary,no,1546,yes,no,unknown,24,0,unknown,0
49,technician,married,secondary,yes,-1,no,no,cellular,9,0,unknown,0
42,blue-collar,married,secondary,no,680,yes,no,unknown,1,0,unknown,0
34,management,married,secondary,no,3163,yes,no,cellular,8,0,unknown,0
35,technician,single,tertiary,no,-826,yes,no,cellular,1,0,unknown,0
80,services,divorced,secondary,no,8639,no,no,cellular,1,4,success,0
47,admin.,married,secondary,no,-9,no,no,cellular,1,0,unknown,1
61,management,divorced,tertiary,no,-550,no,no,cellular,3,0,unknown,0
49,blue-collar,single,primary,no,0,yes,no,cellular,6,0,unknown,0
36,entrepreneur,divorced,secondary,no,2771,yes,yes,cellular,2,6,failure,0
51,retired,married,primary,no,760,no,no,cellular,4,0,unknown,0
27,technician,single,tertiary,no,190,no,no,cellular,5,0,unknown,0
42,unemployed,divorced,secondary,no,1401,yes,no,telephone,1,0,unknown,0
30,student,single,secondary,no,2825,no,no,cellular,2,0,unknown,0
59,technician,married,secondary,no,9295,yes,no,cellular,1,2,failure,0
34,self-employed,married,secondary,no,1881,no,no,cellular,5,0,unknown,0
34,technician,single,tertiary,yes,1743,yes,no,cellular,2,0,unknown,0
33,admin.,married,secondary,no,12672,no,no,cellular,1,2,unknown,0
41,self-employed,single,secondary,no,1173,yes,no,unknown,3,0,unknown,0
44,technician,married,secondary,no,-244,yes,no,cellular,1,0,unknown,0
41,unemployed,married,tertiary,no,-826,no,no,telephone,4,0,unknown,1
36,management,single,tertiary,no,-43,no,no,cellular,2,0,unknown,0
48,management,married,unknown,no,34,yes,no,cellular,4,1,unknown,0
30,admin.,single,secondary,no,17578,yes,no,cellular,2,0,unknown,0
27,services,single,tertiary,no,3641,yes,no,unknown,1,0,unknown,0
48,blue-collar,single,secondary,yes,-43,no,no,unknown,1,0,unknown,0
52,self-employed,single,unknown,no,406,no,no,cellular,2,0,unknown,0
36,services,divorced,unknown,no,735,no,yes,cellular,4,0,unknown,1
32,services,married,tertiary,no,8202,yes,no,unknown,1,0,unknown,0
38,admin.,married,secondary,no,-335,yes,no,cellular,2,0,unknown,0
34,student,divorced,unknown,no,9009,no,no,cellular,1,0,unknown,0
65,technician,single,tertiary,no,3826,yes,no,telephone,4,1,failure,1
36,blue-collar,married,primary,no,-489,yes,no,cellular,3,0,unknown,0
31,blue-collar,single,primary,no,6199,no,no,cellular,2,2,failure,0
41,technician,divorced,tertiary,no,3499,yes,no,unknown,1,0,unknown,0
46,technician,divorced,secondary,no,2019,yes,no,cellular,5,0,unknown,0
48,services,married,secondary,no,3143,no,yes,cellular,2,0,unknown,0
29,blue-collar,single,primary,no,981,no,no,cellular,7,0,unknown,0
33,blue-collar,single,secondary,no,1408,yes,no,cellular,2,1,unknown,0
44,blue-collar,single,primary,no,-51,yes,no,cellular,2,3,other,0
36,blue-collar,married,secondary,no,2103,yes,no,unknown,3,0,unknown,0
39,housemaid,married,primary,no,6423,no,no,unknown,1,0,unknown,0
38,management,married,tertiary,no,-374,no,yes,cellular,2,0,unknown,0
39,admin.,divorced,secondary,no,-73,yes,no,unknown,2,0,unknown,0
35,blue-collar,married,secondary,no,642,no,no,unknown,1,0,unknown,0
41,blue-collar,married,primary,no,1411,yes,no,cellular,3,0,unknown,0
47,technician,married,tertiary,no,322,no,no,cellular,2,0,unknown,1
44,services,single,secondary,no,-78,no,no,cellular,2,2,unknown,1
39,blue-collar,married,primary,no,-115,yes,no,unknown,1,0,unknown,0
32,management,single,secondary,no,1846,no,no,cellular,1,1,other,0
34,technician,single,secondary,no,2701,yes,no,cellular,6,0,unknown,0
72,blue-collar,divorced,primary,yes,1320,no,no,unknown,1,0,unknown,0
52,blue-collar,married,primary,no,684,yes,no,unknown,4,0,unknown,0
48,blue-collar,married,secondary,no,360,no,yes,unknown,1,0,unknown,0
43,technician,married,secondary,no,235,no,no,cellular,4,0,unknown,0
54,management,married,secondary,no,2862,yes,yes,unknown,6,0,unknown,0
32,blue-collar,married,secondary,no,305,yes,no,cellular,1,0,unknown,0
35,management,married,tertiary,no,4525,yes,no,cellular,2,0,unknown,1
35,services,married,secondary,no,77,yes,no,unknown,1,0,unknown,0
44,entrepreneur,divorced,tertiary,no,2143,yes,no,unknown,6,0,unknown,0
37,blue-collar,married,secondary,no,2899,yes,no,cellular,1,1,failure,0
31,blue-collar,single,secondary,no,8050,yes,no,unknown,1,0,unknown,1
37,management,married,tertiary,no,5780,yes,no,unknown,1,0,unknown,0
27,technician,single,secondary,no,598,no,no,cellular,1,0,unknown,0
53,management,married,tertiary,no,763,no,no,cellular,1,0,unknown,0
27,blue-collar,married,secondary,no,37,yes,no,cellular,3,1,unknown,0
19,student,single,tertiary,no,7355,yes,no,cellular,2,1,other,1
45,unemployed,divorced,secondary,no,199,yes,no,cellular,3,1,unknown,0
39,management,married,tertiary,no,1041,no,no,cellular,2,2,failure,0
31,management,single,secondary,no,3204,yes,yes,unknown,2,0,unknown,0
29,management,married,tertiary,no,93,yes,no,unknown,2,0,unknown,0
36,management,divorced,tertiary,no,348,no,no,cellular,2,0,unknown,0
36,management,married,tertiary,no,161,no,no,cellular,2,0,unknown,0
57,management,married,tertiary,no,8286,yes,no,cellular,2,1,unknown,0
39,blue-collar,married,primary,no,1256,yes,no,unknown,4,0,unknown,0
34,entrepreneur,married,tertiary,no,270,no,no,cellular,2,1,unknown,0
42,unemployed,divorced,tertiary,no,3894,no,no,cellular,2,2,failure,0
46,blue-collar,divorced,primary,no,2233,yes,no,unknown,4,0,unknown,0
37,admin.,single,secondary,no,1818,no,no,cellular,1,4,success,1
29,retired,married,tertiary,no,4555,no,no,cellular,4,0,unknown,0
43,services,married,secondary,no,182,no,no,cellular,5,0,unknown,0
54,technician,divorced,secondary,no,480,yes,no,cellular,1,0,unknown,0
26,services,single,secondary,no,254,yes,no,unknown,5,0,unknown,0
32,management,single,unknown,no,-213,yes,no,cellular,2,0,unknown,0
33,management,married,secondary,no,150,yes,no,unknown,2,0,unknown,0
25,blue-collar,married,secondary,no,-242,yes,no,unknown,2,0,unknown,0
42,blue-collar,married,secondary,no,239,no,no,cellular,6,0,unknown,0
64,retired,married,secondary,no,6609,no,no,cellular,2,7,failure,0
48,housemaid,married,primary,no,525,yes,no,unknown,1,0,unknown,0
22,services,single,secondary,no,861,no,no,cellular,2,0,unknown,0
31,management,single,tertiary,no,7723,no,no,cellular,10,0,unknown,0
37,unknown,married,unknown,no,305,no,no,unknown,2,0,unknown,1
36,management,single,tertiary,no,41,no,no,cellular,3,1,unknown,1
42,management,married,tertiary,no,-1059,yes,no,cellular,2,0,unknown,1
50,technician,married,secondary,no,-44,yes,yes,cellular,3,0,unknown,1
49,technician,single,secondary,no,1256,yes,no,cellular,3,1,other,1
23,technician,married,secondary,no,1509,no,no,cellular,2,2,unknown,0
43,management,married,secondary,no,154,yes,yes,unknown,2,0,unknown,0
43,management,married,tertiary,no,5885,no,no,cellular,9,1,unknown,0
32,admin.,married,tertiary,no,993,no,no,cellular,3,0,unknown,0
33,technician,married,secondary,no,1281,yes,no,unknown,3,0,unknown,0
36,services,single,secondary,no,1699,yes,no,cellular,3,0,unknown,0
40,admin.,married,primary,no,2930,yes,no,cellular,3,7,failure,0
54,technician,married,unknown,no,260,no,no,cellular,3,0,unknown,0
48,admin.,divorced,secondary,no,1135,no,no,cellular,2,0,unknown,0
34,technician,single,tertiary,no,6799,no,no,cellular,2,1,success,0
36,housemaid,married,tertiary,no,8414,yes,no,unknown,3,0,unknown,0
29,admin.,married,secondary,no,985,yes,no,cellular,1,0,unknown,0
43,blue-collar,married,secondary,no,2836,no,no,cellular,1,0,unknown,0
41,unknown,married,unknown,no,1285,no,no,unknown,3,0,unknown,0
32,blue-collar,married,secondary,no,2490,yes,no,cellular,4,0,unknown,0
30,self-employed,single,tertiary,no,784,yes,no,unknown,2,0,unknown,0
31,management,married,secondary,no,-298,yes,no,unknown,6,0,unknown,0
45,unemployed,single,tertiary,no,2385,no,no,cellular,1,0,unknown,0
26,technician,single,secondary,no,494,yes,yes,unknown,1,0,unknown,0
34,management,married,tertiary,no,-25,yes,no,cellular,3,0,unknown,0
54,management,married,secondary,no,-648,no,no,cellular,8,0,failure,0
35,services,single,secondary,no,2524,yes,no,telephone,2,0,unknown,0
45,entrepreneur,divorced,secondary,no,-154,no,no,cellular,1,0,unknown,0
32,blue-collar,married,secondary,no,-686,yes,yes,unknown,4,0,unknown,0
33,admin.,married,secondary,no,672,yes,yes,cellular,2,9,other,0
36,management,single,primary,no,1205,yes,no,unknown,3,0,unknown,0
31,management,single,tertiary,no,6852,yes,no,cellular,1,0,unknown,0
29,services,married,secondary,no,844,yes,no,unknown,8,0,unknown,0
45,unknown,single,tertiary,no,2963,no,no,cellular,6,0,unknown,0
54,housemaid,married,secondary,no,1988,no,no,cellular,3,0,unknown,0
29,blue-collar,married,secondary,no,285,yes,no,unknown,1,1,unknown,0
47,services,married,secondary,no,976,yes,no,unknown,1,0,unknown,0
46,admin.,married,secondary,no,1493,yes,no,cellular,1,0,unknown,0
54,technician,married,secondary,no,1057,no,no,cellular,6,1,unknown,1
37,management,married,tertiary,no,8281,no,no,cellular,9,0,unknown,0
47,entrepreneur,married,unknown,no,539,yes,no,unknown,2,0,unknown,0
40,technician,divorced,secondary,no,-181,no,yes,cellular,10,0,unknown,0
50,technician,married,secondary,no,193,no,no,unknown,2,0,unknown,0
34,management,married,primary,no,36,yes,no,cellular,16,0,unknown,0
29,blue-collar,single,tertiary,no,4267,yes,no,telephone,1,0,unknown,0
49,management,married,tertiary,no,713,yes,no,cellular,1,0,unknown,0
37,technician,divorced,secondary,no,-134,no,no,cellular,2,0,unknown,0
48,blue-collar,married,secondary,no,710,no,no,cellular,1,1,unknown,0
42,management,married,unknown,no,173,yes,no,cellular,1,0,failure,0
52,management,married,tertiary,no,2059,yes,no,cellular,11,0,unknown,0
29,blue-collar,divorced,primary,no,-231,yes,no,cellular,2,4,other,0
35,unknown,single,tertiary,no,4779,yes,no,cellular,3,2,other,1
26,blue-collar,married,secondary,no,-516,yes,no,unknown,2,0,unknown,0
29,blue-collar,single,tertiary,no,1776,no,no,cellular,4,0,unknown,0
58,entrepreneur,married,tertiary,no,1670,no,no,cellular,7,2,failure,0
56,housemaid,married,primary,no,2658,no,no,unknown,4,0,unknown,0
49,unemployed,single,tertiary,no,-1479,no,no,telephone,1,0,unknown,0
37,technician,married,secondary,no,1473,yes,no,cellular,6,0,unknown,0
31,technician,divorced,secondary,no,-95,no,no,cellular,4,0,unknown,0
49,admin.,married,primary,no,258,yes,no,unknown,7,0,unknown,0
57,admin.,divorced,secondary,no,-120,no,yes,cellular,8,0,unknown,1
34,admin.,single,secondary,no,3307,no,yes,cellular,15,0,unknown,0
50,technician,married,tertiary,no,1398,no,no,cellular,3,0,unknown,1
47,management,married,tertiary,no,-657,yes,yes,unknown,4,0,unknown,0
50,unemployed,married,secondary,no,251,yes,no,cellular,1,6,failure,0
42,technician,married,tertiary,no,-113,no,no,cellular,6,0,unknown,0
37,blue-collar,divorced,secondary,no,2754,yes,no,unknown,1,0,unknown,0
34,management,married,secondary,no,-629,yes,no,cellular,7,0,unknown,0
40,retired,married,secondary,no,96,no,no,cellular,1,0,unknown,0
42,management,single,tertiary,no,214,no,no,cellular,2,0,unknown,1
57,unknown,married,unknown,no,-203,no,no,unknown,1,0,unknown,0
48,management,married,tertiary,no,6120,yes,no,cellular,1,2,unknown,0
42,technician,married,secondary,no,4885,no,no,cellular,3,0,unknown,0
32,technician,single,tertiary,no,1092,yes,no,cellular,3,0,unknown,0
33,services,single,secondary,no,16,no,no,cellular,1,0,unknown,0
33,management,single,tertiary,no,6944,no,no,cellular,2,0,unknown,0
23,student,single,secondary,no,-27,no,no,cellular,8,0,unknown,0
38,management,married,secondary,no,732,yes,no,cellular,1,0,unknown,0
56,unemployed,married,secondary,no,875,yes,no,cellular,5,1,unknown,0
38,self-employed,married,tertiary,no,140,no,no,unknown,3,0,unknown,0
31,self-employed,married,secondary,no,116,yes,no,cellular,5,0,unknown,0
57,blue-collar,divorced,primary,no,751,no,no,unknown,5,0,unknown,0
65,blue-collar,married,secondary,no,14823,no,no,unknown,1,0,unknown,0
41,blue-collar,married,primary,no,-1378,yes,no,telephone,1,0,unknown,0
51,management,married,secondary,no,81,yes,no,unknown,5,0,unknown,0
34,technician,divorced,secondary,no,135,yes,yes,cellular,13,0,unknown,0
49,admin.,married,primary,no,3491,yes,no,cellular,3,0,unknown,0
58,management,married,unknown,no,14171,yes,yes,unknown,2,2,unknown,0
30,management,married,tertiary,yes,420,no,yes,cellular,1,0,unknown,0
28,blue-collar,married,secondary,no,105,yes,no,unknown,3,0,unknown,0
45,technician,married,secondary,no,431,no,no,unknown,1,0,unknown,0
35,admin.,single,secondary,no,245,yes,no,cellular,13,0,unknown,0
31,services,married,secondary,no,2363,yes,no,cellular,3,0,unknown,0
35,entrepreneur,married,secondary,no,1388,yes,no,telephone,3,4,failure,0
39,blue-collar,single,secondary,no,2386,yes,no,cellular,6,0,unknown,0
46,blue-collar,married,primary,no,741,yes,no,cellular,2,2,other,0
35,services,divorced,secondary,no,2513,no,no,unknown,2,0,unknown,0
53,management,married,secondary,no,-450,yes,no,cellular,2,0,unknown,0
46,technician,married,secondary,no,4708,yes,no,cellular,1,0,unknown,0
27,blue-collar,married,secondary,no,7,yes,no,cellular,2,1,unknown,0
37,blue-collar,single,secondary,no,-255,yes,no,cellular,2,0,unknown,0
54,technician,divorced,secondary,no,1206,no,no,cellular,1,3,success,1
27,services,single,secondary,no,113,yes,no,unknown,7,0,unknown,0
64,management,married,tertiary,no,3244,yes,no,cellular,1,0,unknown,0
35,entrepreneur,single,tertiary,no,48,no,no,cellular,1,0,unknown,0
38,management,married,tertiary,no,196,yes,no,cellular,1,5,other,0
36,management,single,secondary,no,1319,yes,no,cellular,1,0,unknown,0
33,blue-collar,married,secondary,no,1677,yes,no,cellular,1,3,failure,0
48,management,married,tertiary,no,66,no,no,cellular,1,5,failure,1
43,services,single,tertiary,no,197,yes,no,cellular,3,0,unknown,1
34,management,married,tertiary,no,959,yes,no,unknown,2,0,unknown,0
32,management,married,tertiary,no,10225,no,no,cellular,2,0,unknown,0
62,management,divorced,secondary,no,5980,yes,no,cellular,1,0,unknown,0
46,technician,married,secondary,no,3207,no,no,unknown,1,0,unknown,0
34,blue-collar,married,tertiary,no,247,no,no,cellular,3,2,failure,0
33,blue-collar,single,secondary,no,4827,yes,no,cellular,1,10,other,1
39,services,single,secondary,yes,-222,yes,yes,cellular,1,0,unknown,1
34,management,single,tertiary,no,1808,yes,yes,cellular,3,0,unknown,0
34,technician,married,secondary,no,4724,yes,no,cellular,1,0,unknown,0
44,technician,single,secondary,no,711,yes,no,unknown,1,0,unknown,0
51,management,married,tertiary,no,3499,no,no,cellular,2,0,unknown,0
42,housemaid,married,tertiary,no,-5,no,no,cellular,4,3,failure,0
51,management,married,tertiary,no,-2262,no,no,cellular,9,0,unknown,0
39,management,married,tertiary,no,2063,no,no,cellular,14,0,unknown,0
68,retired,married,secondary,no,4569,no,no,cellular,3,1,unknown,1
29,technician,married,secondary,no,2,yes,yes,cellular,8,0,unknown,0
20,technician,single,tertiary,no,2184,yes,no,cellular,3,1,failure,0
38,blue-collar,married,primary,no,165,no,no,telephone,4,0,unknown,0
46,entrepreneur,single,tertiary,no,-418,yes,yes,cellular,6,0,unknown,0
30,entrepreneur,married,tertiary,no,551,yes,yes,cellular,10,0,unknown,0
55,admin.,married,secondary,no,1669,yes,yes,cellular,4,0,unknown,0
37,blue-collar,married,secondary,no,2094,yes,no,cellular,4,0,unknown,0
27,blue-collar,divorced,primary,no,364,yes,no,cellular,1,0,unknown,0
38,management,divorced,secondary,no,-243,no,no,cellular,3,0,unknown,0
34,housemaid,married,tertiary,no,2626,no,no,cellular,2,1,failure,0
49,retired,divorced,primary,no,5,yes,no,unknown,5,0,unknown,0
26,management,married,primary,no,-184,no,no,cellular,6,0,unknown,1
58,housemaid,single,tertiary,no,190,no,yes,cellular,1,2,unknown,0
40,technician,single,secondary,no,1223,yes,no,cellular,2,0,unknown,0
24,self-employed,single,tertiary,no,5224,no,yes,cellular,1,1,unknown,0
31,blue-collar,single,primary,no,1320,yes,no,cellular,2,0,unknown,0
38,admin.,divorced,secondary,no,1543,yes,no,cellular,1,1,other,0
35,technician,married,tertiary,no,-512,no,yes,cellular,7,0,unknown,0
35,management,divorced,tertiary,no,-2909,yes,no,cellular,2,0,unknown,1
37,unemployed,married,secondary,no,-349,no,no,cellular,7,0,unknown,0
34,admin.,divorced,secondary,no,1606,yes,no,unknown,1,0,unknown,0
31,student,single,secondary,no,3187,yes,no,unknown,1,0,unknown,0
36,blue-collar,single,primary,no,-467,yes,no,cellular,1,1,other,0
54,retired,married,primary,no,133,yes,no,unknown,2,0,unknown,0
49,technician,married,secondary,no,2201,no,no,cellular,1,0,unknown,0
40,self-employed,divorced,secondary,no,4588,yes,no,unknown,2,0,unknown,0
40,management,married,secondary,no,615,yes,no,cellular,3,0,unknown,0
55,blue-collar,married,secondary,no,2202,yes,no,cellular,3,2,other,0
35,blue-collar,single,secondary,no,1275,no,yes,unknown,1,0,unknown,1
41,technician,married,secondary,no,-787,yes,yes,cellular,1,0,unknown,0
19,services,single,secondary,no,-16,no,yes,cellular,1,0,unknown,0
29,blue-collar,single,secondary,no,-792,yes,yes,unknown,4,0,unknown,0
40,blue-collar,married,secondary,no,658,no,no,unknown,2,0,unknown,0
48,technician,married,secondary,no,619,no,no,telephone,1,8,failure,0
37,technician,divorced,secondary,no,14,no,no,cellular,3,0,unknown,0
47,management,single,tertiary,no,676,yes,no,cellular,2,0,unknown,0
42,blue-collar,married,primary,no,6635,yes,no,cellular,3,0,unknown,0
37,management,married,tertiary,no,330,yes,no,unknown,4,0,unknown,0
48,blue-collar,single,secondary,no,1631,no,no,cellular,1,5,other,1
53,management,married,secondary,no,5140,yes,no,cellular,1,0,unknown,0
33,blue-collar,single,secondary,no,214,yes,no,unknown,1,1,unknown,0
45,blue-collar,married,primary,no,-1190,no,no,cellular,2,0,unknown,0
52,technician,married,secondary,no,-512,yes,yes,cellular,5,0,unknown,1
45,technician,married,secondary,no,187,no,no,unknown,3,0,unknown,0
38,management,married,tertiary,no,-830,yes,no,cellular,12,0,unknown,0
43,blue-collar,married,tertiary,no,-3313,yes,no,unknown,1,0,unknown,0
35,management,single,tertiary,no,594,yes,no,cellular,5,0,unknown,0
54,blue-collar,married,primary,no,1490,no,no,unknown,1,0,unknown,0
68,retired,married,secondary,no,1787,yes,no,telephone,6,0,failure,1
30,admin.,married,secondary,no,-350,yes,no,cellular,4,1,failure,0
31,services,single,secondary,no,282,yes,no,unknown,2,0,unknown,0
55,blue-collar,married,primary,no,1059,yes,no,unknown,2,0,unknown,0
40,technician,single,secondary,no,-348,no,yes,cellular,2,0,unknown,0
40,unemployed,married,secondary,no,1980,yes,no,cellular,3,0,unknown,0
50,admin.,married,secondary,no,157,no,yes,cellular,2,0,unknown,0
41,admin.,single,primary,no,1218,no,no,cellular,1,1,success,0
35,admin.,divorced,tertiary,no,2429,no,no,cellular,3,0,unknown,1
39,management,married,tertiary,no,8790,no,no,cellular,1,3,failure,0
36,management,married,tertiary,no,304,yes,no,unknown,5,0,unknown,0
43,blue-collar,married,secondary,no,2343,no,no,cellular,5,0,unknown,1
44,blue-collar,married,secondary,no,7225,yes,yes,telephone,2,0,unknown,0
47,technician,divorced,tertiary,no,733,yes,no,cellular,3,0,unknown,0
30,admin.,single,secondary,no,12,yes,no,cellular,4,0,unknown,0
37,unemployed,married,tertiary,no,6575,yes,no,cellular,24,0,unknown,0
57,retired,single,tertiary,no,-3313,no,yes,cellular,1,0,unknown,1
67,retired,married,secondary,no,309,no,no,cellular,3,0,failure,0
40,self-employed,married,tertiary,no,503,no,no,unknown,2,0,unknown,0
41,management,divorced,tertiary,no,2484,yes,no,telephone,1,0,unknown,0
24,management,single,secondary,no,-80,yes,yes,cellular,8,0,unknown,0
32,technician,married,secondary,no,2712,yes,no,cellular,2,0,unknown,0
32,management,single,tertiary,no,665,yes,no,unknown,18,0,unknown,0
46,housemaid,single,tertiary,no,6557,no,no,cellular,2,0,unknown,0
30,services,married,secondary,no,6411,no,no,cellular,1,4,failure,0
34,services,single,secondary,no,6832,yes,no,cellular,1,0,unknown,0
39,admin.,married,secondary,no,278,yes,yes,unknown,4,0,unknown,0
61,self-employed,married,primary,no,3070,yes,no,unknown,5,0,unknown,0
49,blue-collar,married,secondary,no,1181,yes,no,unknown,3,0,unknown,0
45,services,married,tertiary,no,15,no,yes,telephone,10,0,unknown,0
62,housemaid,divorced,primary,no,425,yes,no,cellular,3,0,unknown,0
45,technician,divorced,secondary,no,658,no,yes,cellular,3,0,unknown,0
38,blue-collar,married,primary,no,227,no,no,cellular,17,0,unknown,0
70,management,married,secondary,no,-2304,no,no,cellular,1,0,unknown,0
32,blue-collar,married,secondary,no,84,yes,no,cellular,2,0,unknown,0
67,blue-collar,married,secondary,no,3681,no,no,cellular,2,0,unknown,0
43,services,married,secondary,no,1415,yes,no,cellular,1,14,failure,0
42,management,single,tertiary,no,1464,yes,no,unknown,2,0,unknown,0
46,admin.,married,primary,no,-3313,yes,yes,unknown,4,0,unknown,1
56,blue-collar,married,primary,no,151,no,no,cellular,1,0,unknown,0
22,unemployed,single,secondary,no,-81,no,no,unknown,2,0,unknown,0
37,self-employed,single,secondary,no,1226,yes,no,cellular,7,0,unknown,0
50,technician,married,secondary,no,1121,no,yes,unknown,1,0,unknown,0
36,services,married,secondary,no,1536,yes,no,unknown,1,0,unknown,0
37,management,married,tertiary,no,-90,yes,no,cellular,2,0,unknown,0
39,management,divorced,secondary,no,3799,no,no,cellular,5,0,unknown,0
45,technician,divorced,secondary,no,527,yes,yes,cellular,1,1,failure,0
28,blue-collar,single,secondary,no,806,no,no,cellular,7,0,unknown,0
35,management,married,secondary,no,2455,yes,no,unknown,3,0,unknown,0
51,blue-collar,married,primary,no,-429,yes,no,unknown,2,0,unknown,0
33,admin.,single,secondary,no,1584,yes,no,cellular,3,3,failure,0
44,services,single,secondary,no,2078,yes,no,cellular,2,0,unknown,0
71,retired,married,tertiary,no,5381,no,no,cellular,3,0,unknown,1
30,services,married,tertiary,no,194,yes,no,unknown,6,0,unknown,0
44,technician,divorced,secondary,no,61,no,no,cellular,2,0,unknown,0
47,services,married,secondary,no,262,yes,no,unknown,12,0,unknown,0
53,technician,married,secondary,no,7,no,yes,cellular,1,0,unknown,1
57,services,divorced,secondary,no,2637,no,no,cellular,1,0,unknown,0
39,management,married,secondary,no,1838,yes,no,unknown,1,0,unknown,0
46,housemaid,single,tertiary,no,-532,no,yes,cellular,6,0,unknown,0
30,technician,single,secondary,no,710,no,no,unknown,3,0,unknown,0
55,technician,married,primary,no,1536,no,no,cellular,4,1,unknown,0
44,management,divorced,tertiary,no,341,yes,yes,cellular,3,0,unknown,0
48,management,married,secondary,no,123,no,no,cellular,1,0,unknown,0
30,management,single,tertiary,no,3,no,no,telephone,3,0,unknown,0
36,services,single,secondary,yes,611,no,no,unknown,1,0,unknown,0
54,blue-collar,married,secondary,no,1546,yes,no,unknown,2,0,unknown,0
35,management,married,tertiary,no,1035,no,no,unknown,1,0,unknown,0
71,management,divorced,tertiary,no,909,no,no,cellular,2,0,unknown,0
29,blue-collar,single,secondary,no,738,yes,no,cellular,4,0,unknown,0
30,blue-collar,married,secondary,no,-709,yes,no,unknown,5,0,unknown,0
39,admin.,married,primary,no,-24,yes,no,cellular,2,0,unknown,0
34,services,single,unknown,no,8446,no,no,cellular,1,5,success,0
49,management,married,secondary,no,2011,no,no,cellular,5,4,success,1
31,admin.,single,secondary,no,680,no,no,cellular,3,0,unknown,0
49,admin.,married,secondary,no,-1100,no,yes,cellular,2,0,unknown,0
59,blue-collar,married,secondary,no,1587,yes,no,unknown,2,0,unknown,0
47,blue-collar,married,primary,no,514,yes,no,cellular,2,1,other,0
33,technician,single,secondary,no,5012,yes,no,cellular,1,3,failure,0
40,management,married,tertiary,no,6212,yes,no,cellular,17,0,unknown,0
38,services,married,secondary,no,3826,no,no,unknown,1,0,unknown,0
34,management,married,tertiary,no,5289,no,no,cellular,1,0,unknown,0
52,blue-collar,married,primary,no,2442,no,no,unknown,3,0,unknown,0
31,management,single,tertiary,no,400,no,no,cellular,1,0,unknown,0
35,unemployed,divorced,secondary,no,-444,yes,no,cellular,1,0,unknown,0
24,management,single,tertiary,no,1005,no,no,cellular,1,0,unknown,0
57,entrepreneur,divorced,tertiary,no,2177,yes,no,telephone,2,0,failure,1
57,retired,married,secondary,no,-1772,yes,no,unknown,4,0,unknown,0
36,admin.,married,secondary,no,724,no,no,cellular,1,0,unknown,1
30,management,married,tertiary,no,412,yes,no,cellular,1,1,failure,0
34,technician,single,secondary,no,157,no,no,telephone,4,0,unknown,0
58,blue-collar,married,secondary,no,1640,yes,no,cellular,1,1,failure,0
46,unknown,married,secondary,no,10615,no,no,cellular,12,0,unknown,0
36,technician,single,tertiary,no,5202,yes,no,unknown,1,0,unknown,0
42,technician,married,unknown,no,1902,no,no,unknown,10,0,unknown,0
43,technician,single,secondary,no,337,yes,no,cellular,5,3,failure,0
34,management,single,tertiary,no,2971,yes,yes,unknown,3,0,unknown,0
34,management,married,tertiary,no,275,no,no,cellular,1,0,unknown,0
39,blue-collar,married,secondary,no,548,yes,yes,cellular,1,1,unknown,0
69,blue-collar,divorced,secondary,no,124,yes,no,unknown,2,0,unknown,0
45,self-employed,married,tertiary,no,6664,no,no,unknown,2,0,unknown,0
54,retired,married,secondary,no,142,yes,no,cellular,7,0,unknown,0
38,blue-collar,married,secondary,no,-300,no,yes,cellular,6,0,unknown,0
48,blue-collar,married,secondary,no,4087,yes,yes,cellular,1,0,unknown,0
34,technician,married,tertiary,no,1771,no,no,cellular,1,0,unknown,0
43,unemployed,single,unknown,no,487,no,no,unknown,1,0,unknown,0
59,blue-collar,married,primary,no,-838,no,yes,unknown,3,0,unknown,0
54,admin.,married,secondary,no,200,yes,no,telephone,3,0,unknown,1
36,technician,single,secondary,no,9,no,no,cellular,3,0,unknown,0
37,management,married,tertiary,no,353,yes,no,cellular,1,1,other,1
58,retired,married,primary,no,1266,no,no,cellular,1,0,success,1
50,services,divorced,secondary,no,206,no,yes,cellular,4,0,unknown,0
46,unemployed,divorced,tertiary,no,606,yes,no,unknown,1,0,unknown,0
32,management,married,tertiary,no,28,no,no,cellular,2,0,unknown,0
38,entrepreneur,single,secondary,no,7179,yes,no,telephone,1,0,unknown,0
32,blue-collar,single,secondary,no,-46,yes,no,unknown,3,0,unknown,1
41,management,single,tertiary,no,149,yes,yes,cellular,2,2,unknown,0
57,management,single,tertiary,no,2927,yes,no,cellular,4,6,failure,0
40,blue-collar,married,primary,no,880,no,no,cellular,1,0,unknown,0
33,blue-collar,single,tertiary,no,5492,yes,no,cellular,7,0,unknown,0
39,management,married,secondary,no,-147,yes,no,unknown,2,0,unknown,0
62,technician,divorced,tertiary,no,2460,yes,no,cellular,1,5,failure,1
26,management,married,tertiary,no,4041,yes,yes,unknown,31,0,unknown,0
32,admin.,single,secondary,no,147,no,no,cellular,5,1,unknown,0
53,management,married,primary,no,-848,no,no,unknown,3,0,unknown,0
32,admin.,married,secondary,no,2022,yes,no,cellular,1,0,unknown,0
41,technician,married,secondary,no,2339,yes,no,unknown,2,0,unknown,0
54,admin.,divorced,secondary,no,389,no,no,cellular,2,2,other,0
53,blue-collar,married,primary,no,-109,no,no,cellular,6,0,unknown,0
40,admin.,married,tertiary,no,8025,no,no,cellular,1,3,success,0
37,technician,married,secondary,no,138,yes,no,unknown,3,2,other,1
58,retired,married,secondary,no,3374,no,no,cellular,3,0,failure,0
49,retired,single,secondary,no,-645,no,no,cellular,2,0,unknown,0
43,blue-collar,married,secondary,no,412,yes,no,cellular,1,0,other,0
34,technician,single,tertiary,no,1520,no,no,cellular,1,0,unknown,0
34,blue-collar,married,primary,no,315,yes,yes,cellular,1,0,unknown,0
36,management,married,tertiary,no,6360,yes,no,unknown,1,0,unknown,0
39,admin.,married,tertiary,no,1289,no,no,cellular,3,0,unknown,0
35,blue-collar,married,tertiary,no,-156,yes,no,telephone,2,1,failure,0
47,management,married,secondary,no,674,yes,no,cellular,2,0,unknown,0
39,technician,married,unknown,no,10790,no,no,cellular,2,2,other,0
44,technician,divorced,secondary,no,-121,no,no,cellular,4,0,unknown,0
43,management,married,tertiary,no,14982,no,no,unknown,4,3,failure,0
35,blue-collar,married,secondary,no,1952,yes,no,cellular,2,7,failure,0
55,management,married,primary,no,1171,yes,no,unknown,1,0,unknown,0
49,blue-collar,divorced,tertiary,no,3277,yes,no,unknown,3,0,unknown,0
29,blue-collar,single,secondary,no,418,no,yes,unknown,4,2,other,0
31,entrepreneur,married,secondary,no,524,yes,yes,cellular,10,0,unknown,0
41,blue-collar,married,secondary,yes,-1407,no,yes,telephone,3,0,unknown,0
35,management,single,tertiary,no,186,no,no,unknown,1,0,unknown,0
41,blue-collar,married,secondary,no,5968,yes,no,unknown,2,0,unknown,0
36,services,married,secondary,no,36,yes,no,cellular,4,0,unknown,0
36,management,married,tertiary,no,177,no,no,cellular,2,0,unknown,0
48,management,single,tertiary,no,227,yes,no,cellular,2,9,failure,0
58,services,married,secondary,no,26,no,no,unknown,1,0,unknown,0
47,retired,married,secondary,no,1813,yes,yes,unknown,4,0,failure,0
28,blue-collar,single,primary,no,-2524,yes,no,unknown,3,0,unknown,0
53,management,divorced,tertiary,no,14761,yes,no,cellular,3,0,unknown,0
50,management,married,tertiary,no,9905,yes,no,cellular,1,0,unknown,0
50,blue-collar,married,primary,no,1770,no,no,unknown,2,0,unknown,0
39,blue-collar,married,secondary,no,5811,yes,no,cellular,1,0,unknown,0
42,blue-collar,married,secondary,no,547,yes,no,unknown,1,0,unknown,0
29,blue-collar,married,secondary,no,-270,yes,no,cellular,5,0,unknown,0
33,admin.,married,secondary,no,226,no,no,unknown,2,0,unknown,0
36,management,single,tertiary,no,288,no,no,cellular,3,0,unknown,0
28,blue-collar,single,secondary,no,790,yes,no,unknown,1,0,unknown,0
62,retired,married,primary,no,2451,no,no,telephone,1,0,unknown,1
33,management,married,tertiary,no,694,yes,no,unknown,11,0,unknown,0
29,technician,single,tertiary,no,7040,no,no,cellular,4,0,unknown,0
56,blue-collar,single,secondary,no,990,no,no,unknown,4,4,other,0
51,management,married,primary,no,220,yes,no,telephone,3,0,unknown,0
43,services,married,secondary,no,-87,yes,no,unknown,2,0,unknown,0
31,blue-collar,married,secondary,no,-118,yes,no,cellular,3,1,failure,0
40,admin.,married,secondary,no,1117,yes,no,cellular,1,7,failure,0
25,technician,married,secondary,no,2899,no,no,cellular,1,10,other,0
35,blue-collar,married,secondary,no,2671,yes,no,unknown,2,0,unknown,0
25,self-employed,single,tertiary,no,199,no,no,cellular,14,0,unknown,0
52,technician,divorced,secondary,no,59,yes,no,telephone,1,0,unknown,0
39,management,divorced,tertiary,no,-1568,no,yes,cellular,2,0,unknown,0
32,management,married,tertiary,no,926,yes,no,cellular,4,0,unknown,0
25,services,married,tertiary,no,-85,yes,yes,cellular,3,2,unknown,1
35,technician,divorced,secondary,yes,-57,yes,yes,cellular,5,0,unknown,0
50,blue-collar,married,primary,no,2934,no,yes,cellular,3,0,unknown,0
34,management,married,secondary,no,-1628,yes,yes,cellular,1,5,failure,0
39,admin.,married,secondary,no,1767,no,no,unknown,4,0,unknown,0
35,blue-collar,married,secondary,no,666,yes,no,unknown,1,0,unknown,0
58,retired,married,unknown,no,3,no,no,cellular,1,0,unknown,0
51,admin.,single,secondary,no,1271,yes,no,cellular,3,0,unknown,0
40,technician,married,secondary,no,203,no,yes,cellular,3,0,unknown,0
29,self-employed,single,tertiary,no,44,no,no,cellular,1,0,unknown,0
33,blue-collar,single,tertiary,no,6761,yes,yes,unknown,2,0,unknown,0
43,services,married,primary,no,597,no,no,telephone,1,2,failure,0
51,technician,single,secondary,no,494,no,no,unknown,4,0,unknown,0
72,retired,married,secondary,no,1062,no,no,telephone,3,0,unknown,1
52,blue-collar,married,secondary,no,519,yes,yes,unknown,3,0,unknown,0
57,management,divorced,secondary,no,906,no,no,cellular,2,0,unknown,0
