age,job,marital,education,default,balance,housing,loan,contact,campaign,previous,poutcome,y
49,management,married,tertiary,no,383,yes,no,cellular,1,9,other,0
42,self-employed,married,tertiary,no,4063,no,no,cellular,3,0,unknown,0
42,technician,single,secondary,no,18,yes,no,telephone,1,0,unknown,0
36,entrepreneur,married,secondary,no,1005,yes,no,cellular,7,0,unknown,1
56,housemaid,married,tertiary,no,473,no,yes,cellular,1,0,unknown,1
55,entrepreneur,married,secondary,no,289,no,no,cellular,4,0,unknown,0
50,blue-collar,married,secondary,no,75,no,no,cellular,1,1,unknown,0
38,technician,married,primary,no,78,yes,yes,unknown,1,0,other,0
34,services,married,secondary,no,2061,yes,no,unknown,1,0,unknown,0
31,technician,single,tertiary,no,110,no,no,unknown,3,0,unknown,0
40,technician,married,secondary,no,1758,yes,no,cellular,5,0,unknown,0
56,retired,married,secondary,no,889,no,no,cellular,3,0,unknown,0
31,blue-collar,single,secondary,no,-20,no,no,unknown,6,0,failure,0
49,admin.,married,tertiary,no,7190,no,no,unknown,8,0,success,0
32,blue-collar,divorced,secondary,no,386,no,no,cellular,3,2,unknown,0
40,blue-collar,divorced,tertiary,no,340,yes,yes,unknown,6,0,failure,0
33,technician,single,secondary,no,0,no,no,unknown,1,0,failure,0
39,retired,married,primary,no,679,no,no,cellular,1,0,unknown,0
32,blue-collar,married,secondary,no,47,yes,no,cellular,2,0,unknown,0
35,unknown,single,tertiary,no,1925,yes,no,telephone,2,0,unknown,1
26,admin.,single,secondary,no,410,no,no,cellular,1,0,unknown,0
31,housemaid,married,secondary,no,3616,yes,no,cellular,2,0,unknown,0
70,blue-collar,married,tertiary,no,-405,no,no,telephone,1,2,unknown,0
30,entrepreneur,married,secondary,no,0,no,no,unknown,1,2,success,0
72,unknown,married,tertiary,no,6,no,yes,cellular,1,0,unknown,0
27,management,married,secondary,no,3,yes,no,unknown,1,2,unknown,0
35,technician,married,secondary,no,1323,no,no,telephone,2,0,unknown,1
31,management,single,secondary,no,-196,yes,no,cellular,2,0,unknown,1
36,blue-collar,married,tertiary,no,80,yes,no,cellular,1,0,unknown,0
24,management,single,secondary,no,586,yes,no,cellular,1,0,unknown,0
32,technician,married,tertiary,no,17,yes,no,cellular,6,0,unknown,0
49,services,single,primary,no,-770,yes,no,cellular,3,0,failure,0
42,technician,married,secondary,no,231,no,yes,unknown,3,0,unknown,0
44,management,married,secondary,no,144,no,no,cellular,2,0,failure,0
37,management,married,secondary,no,89,yes,yes,cellular,1,0,unknown,0
46,blue-collar,single,secondary,no,169,yes,no,unknown,7,0,unknown,1
58,blue-collar,single,secondary,no,0,no,no,cellular,4,0,unknown,1
48,services,married,secondary,no,0,yes,no,cellular,2,0,failure,0
36,technician,married,secondary,no,671,yes,yes,unknown,1,0,unknown,0
38,services,single,secondary,no,246,yes,no,unknown,1,0,unknown,0
45,unknown,married,secondary,no,353,no,no,unknown,2,0,unknown,0
31,technician,single,secondary,no,31,no,no,cellular,2,1,unknown,0
37,blue-collar,married,secondary,no,375,yes,no,telephone,2,1,unknown,0
32,blue-collar,married,primary,no,9,no,no,cellular,1,0,unknown,0
48,management,married,unknown,no,0,yes,no,cellular,2,0,success,0
30,entrepreneur,single,secondary,no,116,yes,no,cellular,2,0,other,1
39,blue-collar,single,tertiary,no,252,yes,no,cellular,1,0,unknown,0
50,student,married,secondary,no,1847,yes,no,cellular,2,0,unknown,1
62,management,married,tertiary,no,472,no,yes,cellular,6,0,unknown,0
57,blue-collar,married,primary,no,0,yes,no,cellular,3,5,unknown,0
25,blue-collar,single,primary,no,30,yes,no,cellular,1,0,unknown,0
52,admin.,married,secondary,no,579,yes,no,cellular,1,0,unknown,0
50,services,married,secondary,no,0,yes,no,cellular,3,0,unknown,0
34,services,single,unknown,no,929,yes,no,cellular,3,0,unknown,0
35,entrepreneur,single,primary,no,1339,yes,no,cellular,8,2,unknown,0
38,technician,single,tertiary,no,0,yes,no,cellular,6,0,unknown,0
58,management,married,primary,no,427,yes,yes,telephone,1,0,success,1
37,self-employed,married,unknown,no,147,yes,no,cellular,5,0,unknown,0
36,admin.,married,primary,no,0,yes,no,cellular,5,0,unknown,0
42,management,married,secondary,no,255,yes,no,unknown,2,0,unknown,0
58,housemaid,married,secondary,no,-34,yes,yes,cellular,1,0,unknown,0
37,technician,married,tertiary,no,598,yes,no,unknown,2,0,unknown,0
40,technician,single,secondary,no,1927,yes,no,cellular,6,0,unknown,0
28,management,single,secondary,no,2934,yes,no,cellular,1,0,unknown,0
35,technician,single,tertiary,no,-454,yes,no,cellular,1,0,unknown,1
56,services,married,secondary,no,6101,yes,no,cellular,3,0,unknown,0
34,services,single,secondary,no,0,yes,no,cellular,2,1,unknown,0
49,management,married,secondary,no,2581,yes,no,cellular,2,0,unknown,0
56,management,divorced,secondary,no,338,no,yes,cellular,3,0,unknown,0
32,technician,married,primary,no,98,no,no,unknown,5,0,failure,0
32,blue-collar,married,tertiary,no,0,no,no,cellular,4,0,failure,0
40,blue-collar,married,secondary,no,0,yes,no,unknown,1,0,unknown,0
36,blue-collar,married,secondary,no,251,yes,no,cellular,4,1,unknown,0
35,retired,married,secondary,no,0,no,no,unknown,1,0,unknown,0
49,entrepreneur,married,secondary,no,2887,yes,yes,cellular,1,0,unknown,0
31,retired,married,secondary,no,322,no,no,cellular,1,0,unknown,0
32,management,single,secondary,yes,3163,yes,no,telephone,2,0,failure,1
50,retired,married,tertiary,no,289,yes,no,cellular,1,4,unknown,0
40,technician,single,primary,no,35,yes,no,unknown,1,0,unknown,0
58,blue-collar,single,secondary,no,-849,no,no,cellular,1,0,unknown,0
52,services,divorced,secondary,no,0,yes,no,cellular,12,0,unknown,0
31,admin.,married,primary,no,37,yes,no,cellular,1,0,unknown,0
60,management,married,tertiary,no,839,yes,no,telephone,1,1,unknown,0
49,blue-collar,single,secondary,no,396,yes,no,cellular,7,1,unknown,0
39,housemaid,single,secondary,no,133,yes,no,cellular,1,0,unknown,1
52,management,married,unknown,no,435,yes,no,unknown,6,0,unknown,0
44,services,married,secondary,no,1210,no,yes,cellular,4,0,failure,0
57,management,married,primary,no,-123,no,yes,telephone,2,0,unknown,0
46,housemaid,single,secondary,no,66,no,no,cellular,1,0,unknown,0
33,management,single,secondary,no,2157,yes,no,unknown,1,0,unknown,0
32,housemaid,married,secondary,no,424,yes,no,cellular,3,0,unknown,0
38,admin.,married,secondary,no,1060,no,yes,cellular,3,5,failure,0
30,blue-collar,single,tertiary,no,795,no,yes,telephone,3,0,success,0
57,admin.,married,unknown,no,2179,yes,no,unknown,1,0,unknown,0
32,blue-collar,married,secondary,no,0,no,no,cellular,12,0,unknown,0
58,unknown,married,secondary,no,0,no,yes,cellular,1,0,unknown,1
45,housemaid,divorced,secondary,no,405,no,no,cellular,1,0,unknown,0
42,blue-collar,divorced,secondary,no,-118,yes,no,unknown,1,0,unknown,0
39,unemployed,married,unknown,no,616,yes,no,unknown,7,0,unknown,0
48,technician,divorced,secondary,no,65,no,no,unknown,2,0,unknown,0
56,technician,married,secondary,no,849,no,yes,unknown,1,0,failure,0
35,retired,divorced,secondary,no,977,yes,no,cellular,3,0,unknown,0
37,blue-collar,married,tertiary,no,168,yes,no,telephone,3,0,unknown,0
42,self-employed,divorced,tertiary,no,2707,yes,no,cellular,5,0,unknown,0
53,technician,married,secondary,no,1970,yes,yes,cellular,1,0,unknown,0
42,technician,single,tertiary,no,998,yes,no,cellular,3,17,unknown,0
46,technician,married,secondary,no,44,yes,no,cellular,2,0,unknown,0
55,blue-collar,married,tertiary,no,-154,yes,no,unknown,1,0,unknown,0
29,management,married,tertiary,no,113,yes,no,telephone,5,0,failure,0
37,student,married,primary,no,1626,yes,no,unknown,3,0,unknown,0
41,management,married,secondary,no,199,yes,no,unknown,1,4,unknown,0
21,management,married,secondary,no,28,no,no,unknown,1,0,other,0
58,blue-collar,married,tertiary,no,4968,no,no,unknown,2,0,unknown,0
28,blue-collar,single,unknown,no,-133,no,no,unknown,1,1,unknown,0
53,blue-collar,divorced,secondary,no,76,yes,no,cellular,2,0,other,0
51,technician,married,tertiary,no,-3,yes,yes,cellular,2,0,unknown,0
39,admin.,married,secondary,no,9,no,no,unknown,2,0,failure,0
45,technician,single,secondary,no,195,yes,no,telephone,13,0,unknown,0
29,blue-collar,married,secondary,no,491,no,no,cellular,3,0,failure,1
41,technician,married,secondary,no,894,no,no,cellular,1,0,success,0
36,blue-collar,married,secondary,no,103,yes,no,cellular,1,0,failure,0
31,management,married,secondary,no,1193,no,no,cellular,12,0,unknown,0
35,management,single,secondary,no,819,yes,yes,cellular,2,0,unknown,0
43,technician,single,secondary,no,1034,yes,no,unknown,1,0,unknown,0
33,blue-collar,single,secondary,no,1022,no,no,cellular,1,0,unknown,0
31,services,married,tertiary,no,75,yes,yes,cellular,8,0,unknown,0
46,self-employed,single,primary,no,1034,no,no,cellular,3,0,unknown,0
34,management,married,secondary,no,341,yes,no,telephone,2,0,unknown,0
39,services,single,secondary,no,435,yes,no,cellular,2,0,other,0
41,management,single,tertiary,no,5045,no,no,cellular,1,0,unknown,0
34,services,married,secondary,no,-242,no,no,unknown,8,6,unknown,0
36,management,married,secondary,no,701,no,yes,cellular,2,0,unknown,0
50,services,divorced,tertiary,no,475,yes,no,cellular,2,0,failure,0
51,admin.,married,secondary,no,722,yes,no,cellular,2,1,success,0
57,management,married,tertiary,no,13893,no,no,cellular,1,0,success,0
41,services,single,secondary,no,103,yes,no,unknown,3,0,unknown,0
36,retired,married,secondary,no,351,no,no,cellular,1,0,unknown,0
47,services,single,secondary,no,581,yes,no,unknown,2,0,failure,1
37,technician,married,tertiary,no,733,no,no,cellular,1,4,unknown,0
57,management,married,unknown,no,134,yes,no,cellular,6,0,unknown,0
37,self-employed,married,secondary,no,1471,yes,yes,cellular,8,4,unknown,0
57,services,divorced,tertiary,no,1067,no,no,unknown,12,0,unknown,0
33,retired,single,secondary,no,2370,no,no,cellular,1,0,success,0
37,admin.,married,secondary,no,167,no,no,unknown,1,0,unknown,0
43,admin.,single,secondary,no,1415,no,no,telephone,1,0,unknown,0
36,management,divorced,tertiary,no,6850,yes,no,cellular,3,0,unknown,0
41,management,married,primary,no,3561,yes,no,unknown,1,0,failure,0
27,blue-collar,married,primary,no,-133,yes,no,cellular,1,0,unknown,0
29,management,married,primary,no,109,yes,no,cellular,1,0,unknown,0
31,retired,divorced,tertiary,no,998,no,no,unknown,5,0,failure,0
40,housemaid,married,secondary,no,0,yes,no,unknown,2,0,unknown,0
47,student,single,secondary,no,13156,no,no,cellular,2,0,failure,0
45,blue-collar,married,secondary,no,1238,yes,no,telephone,1,8,failure,0
29,unemployed,married,primary,no,5045,yes,no,cellular,5,0,unknown,0
47,blue-collar,single,tertiary,no,2700,no,no,cellular,7,0,unknown,0
43,unknown,married,secondary,no,-226,no,no,cellular,9,0,other,0
43,management,married,secondary,no,1069,yes,no,cellular,1,0,unknown,0
42,management,married,secondary,no,329,no,yes,cellular,1,0,unknown,0
50,blue-collar,divorced,tertiary,no,592,yes,no,telephone,1,0,unknown,1
54,admin.,married,tertiary,no,5780,yes,no,cellular,1,0,unknown,0
49,retired,married,secondary,no,2892,no,no,cellular,5,0,unknown,0
48,services,divorced,secondary,no,-97,yes,no,cellular,3,1,unknown,0
37,student,single,secondary,no,1052,yes,no,unknown,1,0,failure,0
55,technician,single,secondary,no,3706,yes,no,cellular,1,0,unknown,0
31,management,married,primary,no,2727,no,no,cellular,2,0,unknown,0
37,blue-collar,married,secondary,no,2420,yes,no,cellular,6,0,unknown,0
32,blue-collar,married,secondary,no,332,no,no,unknown,1,0,failure,0
29,management,married,secondary,no,1466,yes,no,unknown,2,0,unknown,0
53,entrepreneur,married,unknown,no,313,no,no,cellular,3,0,unknown,0
51,admin.,married,primary,no,66,yes,no,unknown,5,0,unknown,0
30,management,married,secondary,no,1053,yes,no,cellular,2,1,unknown,0
32,admin.,married,secondary,no,1175,no,no,cellular,3,0,failure,0
44,technician,married,secondary,no,0,yes,no,cellular,13,0,unknown,0
39,blue-collar,married,primary,no,1550,yes,no,unknown,1,0,unknown,0
53,management,divorced,secondary,no,705,no,no,cellular,1,0,unknown,0
59,admin.,divorced,secondary,no,0,yes,no,cellular,1,0,success,1
49,student,married,secondary,no,86,yes,yes,cellular,1,0,unknown,0
53,admin.,married,tertiary,no,87,no,no,cellular,1,2,unknown,0
40,management,married,secondary,no,505,yes,yes,cellular,1,0,unknown,0
31,retired,divorced,secondary,no,9,no,no,cellular,2,0,unknown,0
47,technician,married,secondary,no,2304,no,yes,cellular,1,0,unknown,0
42,services,married,secondary,no,-55,yes,no,cellular,1,0,other,0
31,blue-collar,single,primary,no,1989,yes,no,unknown,5,1,unknown,0
40,management,divorced,secondary,no,4130,no,no,cellular,3,1,unknown,0
34,unemployed,married,secondary,no,1972,yes,no,cellular,1,0,unknown,0
47,retired,single,secondary,no,1550,yes,no,cellular,11,0,unknown,1
33,blue-collar,married,unknown,no,4761,yes,no,telephone,2,0,unknown,0
37,admin.,single,tertiary,no,271,yes,no,cellular,1,0,unknown,0
27,admin.,married,tertiary,no,13893,no,no,cellular,2,0,unknown,0
35,admin.,married,tertiary,no,22370,yes,no,cellular,3,0,failure,0
39,management,single,tertiary,no,2380,yes,no,cellular,2,0,unknown,0
46,housemaid,married,secondary,no,-407,no,no,cellular,2,6,unknown,0
33,blue-collar,married,secondary,no,4,yes,yes,cellular,3,0,unknown,0
45,admin.,divorced,primary,no,16,yes,no,cellular,2,0,unknown,1
45,self-employed,married,primary,no,386,no,yes,telephone,3,1,unknown,0
51,student,married,primary,no,228,yes,no,cellular,2,0,unknown,0
47,entrepreneur,married,tertiary,no,73,no,yes,cellular,2,24,unknown,0
37,student,married,tertiary,no,284,yes,no,unknown,1,0,unknown,0
34,retired,married,primary,no,373,yes,yes,unknown,3,0,unknown,0
59,management,single,tertiary,no,724,no,no,cellular,2,0,unknown,0
76,admin.,married,primary,no,548,no,no,cellular,5,0,failure,0
59,services,married,secondary,no,-79,yes,no,telephone,2,0,unknown,0
36,services,divorced,secondary,no,1058,no,no,cellular,1,2,unknown,0
46,management,married,secondary,no,56,yes,no,telephone,6,0,unknown,0
28,technician,married,tertiary,no,4968,yes,yes,cellular,3,0,unknown,0
32,management,married,secondary,no,0,no,no,cellular,5,0,unknown,0
42,blue-collar,married,secondary,no,-20,no,no,unknown,3,1,unknown,0
39,admin.,married,secondary,no,10,yes,yes,unknown,3,0,unknown,0
40,services,married,primary,no,1372,no,no,telephone,2,3,unknown,1
29,services,married,unknown,no,0,yes,no,unknown,6,0,unknown,1
31,housemaid,married,secondary,no,1602,no,no,cellular,1,0,unknown,0
40,admin.,divorced,secondary,no,-11,yes,no,unknown,2,0,success,0
40,admin.,married,secondary,no,-614,yes,no,cellular,1,0,unknown,0
23,management,divorced,secondary,no,12531,yes,no,unknown,1,0,unknown,0
53,services,single,tertiary,no,864,yes,yes,cellular,5,1,unknown,0
22,blue-collar,married,secondary,no,167,yes,no,cellular,1,0,unknown,0
50,management,single,tertiary,no,46,yes,no,cellular,1,0,unknown,0
31,self-employed,married,secondary,no,4539,yes,no,cellular,1,0,unknown,0
50,unemployed,married,primary,no,265,yes,no,cellular,1,0,failure,0
41,technician,married,secondary,yes,2644,yes,no,telephone,2,0,unknown,0
32,management,single,primary,no,50,no,no,telephone,6,0,unknown,0
29,admin.,single,secondary,no,1611,no,no,cellular,1,1,unknown,0
29,technician,married,unknown,no,2974,yes,no,unknown,1,0,unknown,0
53,admin.,married,unknown,no,187,no,no,cellular,2,0,unknown,0
40,entrepreneur,single,primary,no,243,yes,no,telephone,1,2,unknown,0
34,admin.,married,primary,no,18,yes,no,telephone,1,0,unknown,0
27,technician,divorced,secondary,no,92,yes,no,unknown,2,8,unknown,1
31,technician,single,tertiary,no,1331,yes,no,cellular,2,2,unknown,0
75,technician,single,secondary,no,-568,yes,no,cellular,4,0,unknown,0
68,technician,married,tertiary,no,389,no,no,unknown,8,4,unknown,0
35,blue-collar,married,tertiary,no,1242,yes,no,unknown,1,0,unknown,0
38,blue-collar,married,tertiary,no,802,yes,no,unknown,17,0,unknown,1
45,admin.,single,primary,no,518,no,no,unknown,2,0,success,0
31,blue-collar,married,unknown,no,699,no,no,cellular,2,0,unknown,0
32,technician,married,tertiary,no,1738,yes,no,cellular,4,0,unknown,0
39,entrepreneur,single,secondary,no,4130,no,yes,unknown,1,0,unknown,0
39,technician,single,tertiary,no,3554,yes,no,cellular,4,0,unknown,0
45,self-employed,married,secondary,no,4665,no,no,cellular,1,0,unknown,0
77,services,divorced,primary,no,0,no,no,cellular,2,0,unknown,0
37,retired,married,secondary,no,386,no,no,telephone,2,0,unknown,0
54,blue-collar,married,tertiary,no,2805,no,no,cellular,1,0,unknown,0
43,blue-collar,single,primary,no,409,yes,no,cellular,1,0,unknown,0
28,technician,married,secondary,no,1464,no,yes,unknown,1,0,unknown,0
29,blue-collar,married,tertiary,no,3658,yes,no,unknown,1,0,unknown,0
34,self-employed,married,secondary,no,6421,yes,no,cellular,2,0,unknown,0
53,blue-collar,married,tertiary,no,261,no,no,cellular,5,2,unknown,0
51,management,single,tertiary,no,0,no,no,cellular,2,0,failure,1
54,management,married,secondary,no,79,yes,no,cellular,1,0,unknown,0
34,self-employed,married,secondary,no,245,yes,no,cellular,4,0,failure,0
49,unknown,single,secondary,no,340,no,no,cellular,2,0,unknown,1
24,blue-collar,married,secondary,no,92,yes,no,cellular,2,0,unknown,0
53,services,divorced,secondary,no,236,yes,no,cellular,4,0,unknown,0
34,technician,divorced,secondary,no,0,no,no,cellular,2,0,failure,0
34,management,married,secondary,no,142,no,yes,cellular,3,0,other,0
33,management,single,secondary,no,1439,yes,yes,cellular,3,0,unknown,0
40,admin.,married,tertiary,no,3196,no,no,cellular,1,0,unknown,0
48,blue-collar,married,secondary,no,-46,no,no,unknown,10,0,success,0
33,services,married,tertiary,no,1781,yes,no,cellular,2,0,unknown,0
43,blue-collar,married,primary,no,-302,yes,no,telephone,3,1,unknown,0
42,management,divorced,tertiary,no,800,no,no,cellular,4,0,unknown,0
48,blue-collar,divorced,secondary,no,305,yes,no,cellular,4,0,unknown,0
51,self-employed,single,secondary,no,959,yes,no,unknown,2,0,unknown,0
33,management,single,tertiary,no,0,yes,no,cellular,2,0,unknown,0
36,management,single,secondary,no,751,yes,no,cellular,5,0,unknown,0
56,self-employed,single,secondary,no,0,no,no,unknown,2,3,unknown,0
28,technician,single,tertiary,no,920,no,no,cellular,2,0,unknown,0
29,management,single,secondary,no,-335,yes,no,telephone,1,0,unknown,0
45,admin.,divorced,primary,no,413,no,no,cellular,1,0,other,0
31,admin.,single,secondary,no,11303,yes,no,cellular,3,0,unknown,0
53,technician,married,tertiary,no,259,no,no,cellular,5,0,unknown,0
32,technician,married,tertiary,no,517,no,no,unknown,2,0,unknown,1
36,technician,married,secondary,no,0,no,no,cellular,1,1,unknown,0
46,self-employed,married,secondary,no,361,no,yes,telephone,1,0,unknown,1
38,blue-collar,married,secondary,no,-67,yes,no,cellular,3,2,unknown,0
31,services,married,tertiary,no,-97,no,no,cellular,4,5,unknown,0
43,housemaid,single,unknown,no,897,yes,no,cellular,2,0,unknown,0
59,admin.,married,secondary,no,-256,yes,no,unknown,2,0,unknown,0
45,retired,married,secondary,no,872,yes,no,cellular,6,0,failure,0
34,management,single,secondary,no,5639,yes,no,unknown,7,0,unknown,0
44,admin.,married,secondary,no,2374,no,no,cellular,2,0,failure,0
27,technician,married,tertiary,no,1026,no,yes,unknown,4,0,unknown,0
37,blue-collar,married,primary,no,60,no,no,cellular,2,0,unknown,0
46,admin.,married,tertiary,no,-2082,yes,no,cellular,2,0,unknown,0
25,admin.,divorced,secondary,no,1680,no,yes,cellular,1,0,unknown,0
35,services,married,tertiary,no,103,no,no,cellular,2,0,unknown,0
35,entrepreneur,married,tertiary,no,-220,yes,no,cellular,1,0,unknown,0
33,management,single,secondary,no,8,yes,no,unknown,1,1,unknown,0
40,management,divorced,primary,no,3470,yes,no,cellular,3,0,unknown,0
38,technician,married,secondary,no,208,no,no,unknown,1,1,unknown,0
51,blue-collar,married,secondary,no,198,yes,no,cellular,3,0,unknown,0
33,blue-collar,married,secondary,no,982,yes,no,cellular,2,0,unknown,0
57,management,married,secondary,no,1626,yes,no,cellular,1,1,unknown,0
31,management,single,tertiary,no,472,no,yes,telephone,1,0,unknown,0
47,blue-collar,single,tertiary,no,272,yes,no,cellular,2,0,unknown,0
56,admin.,married,secondary,no,1663,no,no,cellular,1,0,unknown,0
56,management,married,secondary,no,334,no,no,cellular,1,0,failure,0
48,technician,single,secondary,no,116,yes,no,telephone,1,0,unknown,1
30,entrepreneur,single,secondary,no,157,yes,no,cellular,2,0,unknown,0
52,services,married,tertiary,no,484,no,yes,unknown,10,0,failure,0
29,entrepreneur,married,tertiary,no,123,yes,no,cellular,2,0,unknown,0
59,blue-collar,single,secondary,no,1100,yes,no,cellular,1,0,unknown,0
39,admin.,single,tertiary,no,2408,no,no,unknown,1,0,failure,0
37,management,married,secondary,no,4541,no,no,cellular,2,0,success,0
56,retired,married,secondary,no,5739,yes,yes,unknown,2,0,other,0
36,technician,divorced,tertiary,no,1291,no,no,telephone,4,0,unknown,0
40,technician,married,secondary,no,4531,yes,no,cellular,2,0,unknown,0
47,management,married,secondary,no,515,yes,no,telephone,1,0,success,1
41,blue-collar,single,unknown,no,2,no,no,unknown,2,0,unknown,0
48,management,married,secondary,no,311,yes,no,cellular,2,0,unknown,1
31,services,married,secondary,no,8131,yes,no,telephone,6,4,unknown,0
52,management,married,secondary,no,1557,no,no,unknown,1,0,unknown,0
24,technician,married,secondary,no,0,yes,no,cellular,1,3,failure,0
41,retired,married,tertiary,no,61,no,no,unknown,2,1,unknown,0
46,retired,married,tertiary,no,781,yes,no,unknown,1,0,unknown,0
40,blue-collar,married,primary,no,4906,yes,no,unknown,4,0,unknown,0
51,technician,divorced,tertiary,no,0,yes,no,cellular,4,0,success,0
38,blue-collar,married,secondary,no,266,no,no,cellular,2,0,unknown,0
49,services,married,tertiary,no,1,yes,no,cellular,1,0,failure,0
41,management,single,secondary,no,3333,no,no,cellular,1,3,unknown,1
37,services,married,tertiary,no,262,yes,no,cellular,4,0,unknown,0
74,entrepreneur,married,tertiary,no,1279,yes,no,unknown,1,0,unknown,0
47,admin.,married,secondary,no,26306,yes,no,unknown,1,0,success,0
41,housemaid,married,secondary,no,-249,no,no,cellular,2,0,unknown,0
49,services,married,secondary,no,-94,yes,no,telephone,4,0,other,0
43,retired,divorced,secondary,no,481,no,no,unknown,2,3,unknown,0
50,housemaid,single,secondary,no,-617,no,no,cellular,1,0,unknown,0
51,management,single,secondary,no,3222,yes,yes,telephone,2,0,unknown,0
53,blue-collar,married,secondary,no,860,yes,no,cellular,2,0,unknown,0
38,admin.,married,tertiary,no,209,no,no,telephone,1,1,failure,0
53,technician,married,tertiary,no,136,yes,no,unknown,2,0,unknown,0
54,services,divorced,tertiary,no,1270,no,no,cellular,3,0,unknown,0
39,blue-collar,single,tertiary,no,2923,yes,no,cellular,5,0,unknown,0
27,management,married,secondary,no,126,yes,no,cellular,2,0,other,0
54,admin.,divorced,secondary,no,2,yes,no,cellular,9,3,failure,1
56,blue-collar,single,tertiary,no,179,no,no,unknown,2,0,unknown,1
40,services,married,tertiary,no,1594,yes,yes,cellular,3,0,unknown,1
53,technician,married,primary,no,0,no,no,cellular,1,0,unknown,0
55,management,married,tertiary,no,443,no,no,cellular,2,0,unknown,0
24,admin.,married,secondary,no,502,yes,no,unknown,2,2,unknown,0
32,self-employed,married,unknown,no,390,yes,no,cellular,2,0,unknown,0
40,blue-collar,married,tertiary,no,0,yes,no,cellular,1,0,unknown,0
60,blue-collar,married,primary,no,9851,no,no,unknown,5,0,unknown,1
49,management,married,tertiary,no,140,yes,yes,unknown,2,0,unknown,0
29,admin.,married,secondary,no,-28,yes,no,cellular,1,1,unknown,0
31,technician,married,tertiary,no,18,yes,yes,cellular,1,0,unknown,0
37,management,married,tertiary,no,0,no,no,cellular,1,0,unknown,0
41,blue-collar,married,secondary,no,1185,yes,no,cellular,2,0,unknown,0
30,self-employed,married,tertiary,no,218,yes,no,unknown,1,0,failure,1
28,self-employed,married,secondary,no,259,yes,no,cellular,3,0,unknown,0
58,admin.,single,secondary,no,163,yes,no,cellular,28,2,unknown,1
57,technician,single,tertiary,no,8883,yes,no,cellular,1,0,failure,0
37,unemployed,married,secondary,no,-22,yes,no,cellular,6,0,unknown,1
34,management,single,secondary,no,7190,yes,no,cellular,6,0,failure,1
37,technician,divorced,secondary,no,543,yes,no,unknown,7,0,unknown,0
41,blue-collar,married,secondary,no,1594,yes,no,unknown,2,0,other,0
31,management,married,unknown,no,1772,no,no,unknown,4,2,unknown,0
56,admin.,single,tertiary,no,1012,no,no,cellular,2,0,unknown,0
31,services,married,tertiary,no,1459,no,no,cellular,3,0,unknown,0
48,technician,married,secondary,no,775,no,no,unknown,2,0,unknown,0
48,management,married,tertiary,no,0,yes,no,telephone,2,1,unknown,0
38,management,married,secondary,no,1190,yes,no,cellular,3,0,unknown,0
38,services,married,secondary,no,1727,no,no,cellular,1,4,unknown,0
50,unemployed,single,tertiary,no,0,no,no,telephone,1,0,failure,0
33,services,married,secondary,no,131,yes,no,unknown,5,0,unknown,0
43,admin.,single,unknown,no,14,yes,no,unknown,1,0,unknown,0
33,management,married,tertiary,no,167,yes,yes,cellular,1,4,unknown,0
39,management,married,primary,no,44,no,yes,cellular,2,0,other,0
31,services,married,secondary,no,0,yes,no,unknown,3,0,other,0
36,admin.,married,tertiary,no,80,yes,no,cellular,4,0,failure,0
47,retired,married,tertiary,no,4565,no,yes,cellular,2,0,unknown,0
34,admin.,married,tertiary,no,359,yes,yes,cellular,1,0,unknown,0
39,management,married,tertiary,no,4503,yes,no,telephone,5,1,unknown,0
39,admin.,married,secondary,no,4848,yes,no,cellular,2,1,unknown,0
28,admin.,divorced,tertiary,no,374,yes,no,cellular,1,0,failure,0
41,technician,married,secondary,no,-53,no,no,cellular,1,0,unknown,0
59,blue-collar,married,tertiary,no,255,yes,yes,cellular,3,0,success,0
58,management,married,secondary,no,3163,yes,no,cellular,2,0,unknown,0
29,blue-collar,married,secondary,no,88,no,no,telephone,1,0,unknown,0
38,management,married,secondary,no,1548,yes,no,cellular,3,0,unknown,0
31,housemaid,single,secondary,no,477,no,no,cellular,1,0,unknown,0
57,entrepreneur,married,secondary,no,37,no,no,cellular,2,0,unknown,0
80,management,married,secondary,no,835,yes,yes,unknown,1,0,failure,0
33,management,single,unknown,no,879,yes,no,unknown,3,0,success,0
31,blue-collar,divorced,secondary,no,775,yes,no,telephone,5,0,unknown,0
34,admin.,single,tertiary,no,37,yes,no,cellular,1,0,failure,0
51,admin.,married,primary,no,47,no,no,cellular,1,0,unknown,0
30,self-employed,married,tertiary,no,624,yes,yes,cellular,3,0,unknown,0
41,services,single,secondary,no,1007,yes,no,cellular,1,0,unknown,0
47,management,single,primary,no,10177,yes,no,cellular,2,0,unknown,0
28,admin.,married,secondary,yes,23,no,yes,cellular,1,0,unknown,0
33,retired,divorced,secondary,no,217,no,no,unknown,1,0,unknown,0
38,blue-collar,married,tertiary,no,0,no,no,telephone,1,0,unknown,0
25,management,married,tertiary,no,-292,no,no,cellular,3,0,unknown,0
50,retired,single,tertiary,no,2,yes,no,telephone,1,0,unknown,0
35,management,married,tertiary,no,470,no,no,cellular,5,3,success,0
31,admin.,single,secondary,no,390,yes,no,unknown,2,0,unknown,0
42,management,married,secondary,no,778,yes,no,cellular,3,0,unknown,0
57,admin.,divorced,tertiary,no,47,yes,no,cellular,4,0,unknown,0
56,technician,divorced,tertiary,yes,70,yes,no,cellular,1,0,unknown,0
32,services,married,tertiary,no,603,yes,yes,cellular,2,0,unknown,0
36,technician,married,secondary,no,2206,yes,no,cellular,3,0,unknown,0
49,student,single,tertiary,no,0,no,no,unknown,2,0,unknown,1
36,blue-collar,married,secondary,no,104,yes,no,cellular,1,0,unknown,0
61,entrepreneur,married,tertiary,no,95,no,no,cellular,8,0,unknown,0
31,management,single,primary,no,389,no,yes,unknown,6,1,unknown,0
53,management,married,secondary,no,630,yes,no,cellular,2,0,unknown,1
30,management,married,unknown,no,744,yes,no,cellular,4,0,unknown,0
34,services,single,tertiary,no,1904,no,yes,telephone,1,0,unknown,0
35,admin.,married,secondary,no,1960,yes,no,unknown,2,0,unknown,0
48,technician,single,secondary,no,13117,no,no,cellular,4,0,unknown,0
28,management,single,primary,no,-464,no,no,cellular,2,0,unknown,0
28,blue-collar,single,unknown,no,8304,yes,no,cellular,1,0,unknown,0
35,management,married,tertiary,no,1680,yes,no,telephone,6,0,other,1
45,management,married,primary,no,2769,yes,no,cellular,4,0,unknown,0
28,blue-collar,single,secondary,no,705,yes,no,cellular,2,0,unknown,0
27,management,married,secondary,no,569,no,no,cellular,2,0,failure,0
36,admin.,married,secondary,no,94,yes,no,cellular,1,0,unknown,0
47,unemployed,married,secondary,no,206,yes,no,cellular,1,0,unknown,0
44,blue-collar,married,unknown,no,473,no,yes,cellular,2,0,unknown,0
46,blue-collar,married,primary,no,3676,yes,no,cellular,2,0,other,0
41,technician,married,tertiary,no,391,no,no,unknown,2,0,unknown,0
32,retired,married,secondary,no,168,no,no,cellular,4,0,unknown,0
44,technician,single,secondary,no,136,no,no,cellular,4,0,unknown,0
21,management,divorced,secondary,no,-230,yes,no,cellular,3,0,unknown,0
37,management,married,tertiary,no,-3,yes,no,unknown,2,4,unknown,0
52,admin.,married,tertiary,no,148,yes,no,cellular,5,1,unknown,0
40,services,married,secondary,no,3196,yes,no,cellular,2,0,unknown,0
31,services,single,secondary,no,759,no,no,telephone,2,0,unknown,0
35,management,married,secondary,no,3163,yes,no,cellular,1,0,unknown,0
32,technician,married,tertiary,no,489,yes,no,cellular,1,0,unknown,0
45,management,single,tertiary,no,72,yes,no,cellular,1,0,unknown,0
51,blue-collar,single,secondary,no,1772,yes,no,cellular,5,0,unknown,0
34,student,married,secondary,no,4438,yes,no,cellular,1,0,unknown,0
55,unemployed,single,tertiary,no,1034,yes,no,cellular,2,0,unknown,0
37,blue-collar,married,secondary,no,5086,yes,no,cellular,1,0,unknown,0
45,services,single,primary,no,0,no,yes,cellular,11,0,unknown,0
26,admin.,married,secondary,no,645,yes,no,cellular,1,5,unknown,0
35,retired,single,tertiary,no,204,no,no,unknown,4,0,unknown,0
35,blue-collar,divorced,secondary,no,1621,yes,no,cellular,1,0,unknown,0
35,self-employed,divorced,tertiary,no,1438,no,no,cellular,5,0,other,0
44,blue-collar,married,secondary,no,1472,yes,yes,cellular,3,0,unknown,1
35,admin.,married,primary,no,0,no,no,unknown,3,0,unknown,0
57,management,married,primary,no,1509,no,no,unknown,1,0,unknown,0
30,blue-collar,married,tertiary,no,1721,no,yes,cellular,2,0,unknown,0
39,blue-collar,married,secondary,no,96,no,yes,telephone,4,0,unknown,0
34,admin.,single,unknown,no,0,no,no,cellular,2,0,unknown,0
32,blue-collar,divorced,secondary,no,4665,yes,no,unknown,2,0,success,0
37,blue-collar,married,secondary,no,822,yes,no,unknown,1,0,unknown,0
28,admin.,divorced,secondary,no,0,yes,no,cellular,4,0,unknown,0
28,management,married,secondary,no,-163,no,no,cellular,1,0,unknown,0
46,blue-collar,married,primary,no,1062,yes,no,cellular,1,0,unknown,0
52,entrepreneur,married,secondary,no,772,no,no,cellular,3,0,unknown,0
28,technician,married,secondary,no,4994,yes,no,cellular,11,0,unknown,0
41,services,single,secondary,no,453,no,no,unknown,1,0,unknown,0
31,technician,married,secondary,no,99,yes,no,cellular,1,0,unknown,0
52,self-employed,divorced,secondary,no,0,yes,no,cellular,1,0,unknown,0
45,management,single,tertiary,no,28,yes,no,unknown,3,0,unknown,0
49,blue-collar,divorced,tertiary,no,399,no,no,unknown,1,0,unknown,0
36,blue-collar,divorced,primary,no,2552,no,yes,telephone,1,0,unknown,0
49,technician,divorced,tertiary,no,3472,yes,no,cellular,2,0,failure,0
49,blue-collar,single,tertiary,no,0,no,no,cellular,1,0,unknown,1
53,management,divorced,secondary,no,2793,no,no,cellular,1,0,unknown,0
38,blue-collar,single,secondary,no,1649,yes,no,cellular,9,0,unknown,0
38,entrepreneur,married,tertiary,no,1987,yes,no,cellular,1,0,unknown,0
43,technician,married,tertiary,no,771,yes,no,unknown,1,0,unknown,0
46,retired,married,tertiary,no,421,yes,no,cellular,4,1,unknown,0
33,blue-collar,single,secondary,no,0,no,no,cellular,3,1,unknown,0
50,technician,married,primary,no,790,no,no,cellular,1,0,unknown,0
44,entrepreneur,married,secondary,no,360,yes,no,cellular,1,0,unknown,0
30,blue-collar,married,primary,no,2557,yes,no,unknown,3,0,unknown,0
58,management,married,secondary,no,14,yes,no,telephone,2,0,unknown,1
46,technician,married,tertiary,no,238,yes,no,cellular,5,0,unknown,0
49,management,single,primary,no,18,no,no,cellular,11,0,unknown,0
35,blue-collar,single,primary,no,1343,no,no,cellular,2,1,unknown,0
44,management,single,secondary,no,620,yes,no,cellular,2,0,unknown,0
36,self-employed,single,secondary,no,2378,yes,no,telephone,9,0,unknown,0
54,management,single,secondary,no,2769,no,no,cellular,8,0,unknown,0
34,technician,married,secondary,no,599,no,no,cellular,1,5,unknown,0
38,self-employed,single,primary,no,31,yes,yes,unknown,1,0,unknown,0
34,technician,single,secondary,no,-665,no,no,unknown,4,0,unknown,0
28,retired,single,secondary,no,440,no,no,cellular,2,1,unknown,0
24,blue-collar,married,primary,no,757,yes,no,unknown,3,1,unknown,0
36,management,married,primary,no,-37,no,yes,cellular,1,0,unknown,0
30,management,married,secondary,no,1328,yes,no,cellular,4,0,unknown,0
34,unemployed,married,tertiary,no,70,no,no,cellular,2,0,unknown,0
34,management,married,secondary,yes,5431,yes,no,unknown,1,0,unknown,0
34,retired,married,secondary,no,71188,no,no,cellular,4,0,unknown,0
44,blue-collar,married,tertiary,no,556,no,yes,unknown,1,0,success,0
27,admin.,married,tertiary,no,1568,yes,no,telephone,4,0,unknown,0
40,admin.,married,tertiary,no,470,yes,no,cellular,7,0,unknown,0
41,housemaid,married,secondary,no,1266,yes,no,unknown,8,0,unknown,0
45,blue-collar,married,primary,no,3873,no,no,cellular,2,0,unknown,0
35,blue-collar,married,tertiary,no,99,yes,no,cellular,2,3,unknown,0
36,technician,married,secondary,no,13044,no,no,cellular,1,0,unknown,0
42,services,married,secondary,no,1057,no,no,cellular,3,0,unknown,0
60,management,divorced,tertiary,no,1080,no,no,cellular,2,6,unknown,0
46,technician,married,secondary,no,925,no,no,cellular,4,4,unknown,0
30,management,divorced,tertiary,no,-9,yes,yes,unknown,1,0,unknown,0
40,entrepreneur,married,secondary,no,8,no,no,unknown,5,0,unknown,0
40,technician,married,primary,no,565,no,no,cellular,1,0,unknown,1
46,technician,married,secondary,no,428,no,no,unknown,3,4,unknown,0
55,technician,married,secondary,no,0,yes,no,unknown,1,3,unknown,0
43,blue-collar,married,tertiary,no,604,yes,yes,unknown,1,0,unknown,0
46,management,divorced,tertiary,no,1185,no,no,unknown,5,0,unknown,0
37,technician,married,tertiary,no,0,yes,no,unknown,1,0,unknown,0
33,blue-collar,single,primary,no,800,no,no,cellular,5,0,unknown,0
53,self-employed,single,secondary,no,876,yes,yes,cellular,1,0,unknown,0
39,retired,married,tertiary,no,459,no,no,cellular,13,1,other,0
53,blue-collar,married,tertiary,no,15311,yes,no,telephone,6,0,failure,1
40,retired,single,tertiary,no,925,no,no,cellular,4,0,unknown,0
36,student,divorced,secondary,no,0,yes,no,cellular,2,0,unknown,0
36,admin.,married,secondary,no,0,yes,no,unknown,1,0,unknown,0
29,technician,married,secondary,no,4099,yes,no,unknown,2,0,unknown,0
43,blue-collar,single,secondary,no,3401,no,no,unknown,1,2,unknown,1
44,admin.,married,tertiary,no,912,yes,no,telephone,1,0,success,0
26,blue-collar,single,tertiary,no,-81,yes,no,unknown,1,0,unknown,0
27,management,married,tertiary,no,773,no,yes,unknown,2,0,unknown,0
24,retired,married,secondary,no,1242,yes,no,cellular,3,0,unknown,0
65,technician,married,secondary,no,479,yes,yes,cellular,4,0,unknown,0
46,technician,married,primary,yes,2104,no,no,cellular,4,0,failure,0
53,management,single,secondary,no,1333,no,no,unknown,3,0,failure,0
51,technician,married,secondary,no,17555,yes,yes,cellular,2,0,unknown,0
32,management,married,primary,no,769,yes,yes,unknown,1,0,unknown,0
52,blue-collar,married,secondary,no,0,no,no,cellular,1,0,unknown,0
44,self-employed,married,secondary,no,230,yes,no,unknown,2,0,unknown,0
36,technician,married,secondary,no,459,yes,no,cellular,1,0,unknown,1
57,services,divorced,secondary,no,0,no,no,cellular,4,0,unknown,0
33,management,single,unknown,no,-824,yes,no,cellular,1,0,unknown,0
26,blue-collar,single,secondary,no,304,yes,no,cellular,4,0,unknown,0
58,services,married,secondary,no,6095,yes,no,unknown,3,0,unknown,0
55,entrepreneur,single,tertiary,no,378,yes,yes,telephone,2,0,unknown,0
51,management,divorced,primary,no,21244,yes,no,cellular,1,1,unknown,0
34,admin.,married,secondary,yes,5549,yes,no,unknown,1,0,other,0
50,technician,married,primary,no,49,yes,no,unknown,2,0,unknown,1
38,admin.,married,secondary,no,2416,yes,no,cellular,1,2,unknown,0
43,technician,married,secondary,no,0,no,no,cellular,2,0,other,1
32,blue-collar,divorced,tertiary,no,2506,yes,no,cellular,6,0,unknown,0
55,services,single,secondary,no,343,yes,no,telephone,1,0,unknown,0
58,self-employed,married,secondary,no,142,no,yes,cellular,3,1,unknown,0
26,services,married,secondary,no,757,no,no,cellular,1,0,unknown,0
49,management,married,secondary,no,5092,yes,no,unknown,2,0,unknown,0
34,admin.,divorced,tertiary,no,1594,yes,no,cellular,1,0,unknown,0
49,blue-collar,married,secondary,no,16,yes,no,cellular,3,0,unknown,0
45,management,married,secondary,no,384,yes,no,cellular,1,0,unknown,0
34,admin.,single,secondary,no,5181,yes,no,unknown,1,0,unknown,0
25,self-employed,married,secondary,no,1027,no,no,unknown,1,0,unknown,1
28,blue-collar,married,unknown,no,759,yes,no,cellular,4,0,unknown,0
32,self-employed,married,secondary,no,-701,yes,no,cellular,50,0,unknown,0
51,admin.,married,primary,no,46,no,no,unknown,3,0,unknown,0
38,management,married,tertiary,no,1049,yes,no,unknown,2,0,unknown,0
22,blue-collar,single,secondary,no,1161,no,no,unknown,4,0,unknown,0
64,technician,married,tertiary,no,0,no,yes,telephone,4,0,unknown,0
37,management,single,primary,no,1171,yes,no,cellular,3,0,unknown,0
30,unemployed,married,secondary,no,26452,yes,no,cellular,1,0,unknown,1
34,admin.,married,tertiary,no,0,yes,no,unknown,1,0,unknown,0
56,blue-collar,married,secondary,no,72,yes,no,cellular,3,0,unknown,0
27,self-employed,single,secondary,no,1566,no,no,cellular,29,0,unknown,1
54,management,married,tertiary,no,913,no,no,cellular,2,14,unknown,0
42,blue-collar,married,tertiary,no,9228,yes,no,cellular,2,0,unknown,0
55,blue-collar,single,secondary,no,1097,yes,yes,unknown,1,0,unknown,0
31,admin.,married,secondary,no,-202,no,no,cellular,2,0,other,0
28,services,married,secondary,no,34,yes,yes,cellular,2,4,unknown,0
29,technician,divorced,tertiary,no,1148,no,no,telephone,1,0,unknown,0
54,management,single,tertiary,no,5527,yes,no,cellular,1,0,unknown,1
60,technician,single,tertiary,no,82,yes,no,cellular,1,0,unknown,0
49,technician,married,secondary,no,199,no,no,unknown,6,0,unknown,0
32,admin.,single,primary,no,2488,yes,no,cellular,3,0,unknown,0
28,blue-collar,single,secondary,no,473,yes,no,unknown,1,0,unknown,0
25,blue-collar,married,secondary,no,133,no,no,cellular,2,0,unknown,0
31,management,married,secondary,no,178,no,no,telephone,2,5,unknown,0
25,management,married,tertiary,no,100,yes,no,cellular,4,0,unknown,0
63,blue-collar,divorced,secondary,no,801,no,no,cellular,4,0,unknown,0
35,retired,single,secondary,no,2893,yes,yes,unknown,2,0,unknown,1
32,blue-collar,married,secondary,no,3285,no,no,unknown,3,0,unknown,0
35,management,married,secondary,no,334,no,no,cellular,7,0,unknown,0
37,self-employed,married,secondary,no,541,yes,no,unknown,5,0,unknown,1
46,blue-collar,married,tertiary,no,3132,no,no,cellular,2,0,unknown,1
60,admin.,married,secondary,no,81,no,no,cellular,1,0,other,0
50,technician,single,tertiary,no,2921,no,no,cellular,2,0,unknown,0
59,technician,married,secondary,no,353,yes,no,cellular,2,1,unknown,0
31,services,married,primary,no,0,no,no,cellular,6,1,unknown,0
42,technician,married,tertiary,yes,351,yes,no,cellular,1,0,unknown,0
35,blue-collar,divorced,primary,no,474,yes,no,unknown,3,0,unknown,0
35,services,married,secondary,no,11555,yes,no,cellular,5,0,unknown,0
53,self-employed,single,secondary,no,15,no,yes,cellular,1,0,unknown,0
24,management,married,primary,no,42,no,no,cellular,1,0,unknown,0
55,management,divorced,secondary,no,516,yes,yes,cellular,10,3,unknown,0
58,retired,married,primary,no,1265,no,no,cellular,5,0,success,0
48,blue-collar,married,tertiary,no,22,yes,no,cellular,2,1,other,0
53,entrepreneur,single,secondary,no,2142,no,no,cellular,4,0,unknown,0
42,services,married,primary,no,2179,yes,yes,cellular,1,0,unknown,0
49,management,married,secondary,no,-650,yes,no,cellular,4,0,failure,0
38,retired,married,primary,no,556,no,no,unknown,2,0,unknown,0
37,entrepreneur,single,secondary,no,1224,yes,no,cellular,2,0,unknown,0
28,blue-collar,married,secondary,no,-33,yes,no,cellular,7,0,failure,0
34,services,single,secondary,no,574,no,yes,cellular,2,0,unknown,1
39,management,single,secondary,no,259,yes,no,cellular,3,0,unknown,0
50,admin.,married,secondary,no,1032,no,no,cellular,2,0,success,0
29,admin.,married,tertiary,no,123,no,no,unknown,2,0,unknown,0
37,blue-collar,married,secondary,no,4565,no,no,unknown,2,0,unknown,0
60,self-employed,married,secondary,no,7727,no,no,unknown,1,0,unknown,0
50,admin.,divorced,secondary,no,0,no,no,telephone,1,0,failure,1
42,management,married,primary,no,2643,yes,no,telephone,3,0,unknown,0
59,blue-collar,married,secondary,no,4855,yes,no,unknown,3,0,unknown,0
49,technician,divorced,tertiary,no,417,no,no,cellular,2,0,failure,1
32,management,married,tertiary,no,7929,yes,no,cellular,2,0,failure,0
54,technician,married,tertiary,no,6563,yes,no,cellular,1,0,unknown,0
47,retired,single,primary,no,-1206,yes,no,unknown,2,0,success,0
54,blue-collar,married,secondary,no,1216,yes,no,unknown,1,0,unknown,0
50,management,married,secondary,no,26452,yes,no,cellular,2,0,unknown,0
59,unemployed,married,secondary,no,37,yes,no,cellular,2,0,unknown,0
47,unemployed,married,secondary,no,592,yes,no,cellular,17,0,unknown,0
52,management,married,secondary,no,10924,no,no,cellular,4,0,failure,0
55,management,married,unknown,no,0,yes,no,cellular,2,0,other,0
39,blue-collar,married,secondary,no,0,yes,no,cellular,4,0,failure,0
30,technician,married,tertiary,no,-162,yes,no,cellular,2,0,unknown,0
49,admin.,single,secondary,no,66,no,no,cellular,1,0,unknown,0
45,unemployed,married,tertiary,no,1088,yes,no,unknown,2,0,success,0
52,management,single,tertiary,no,105,yes,no,cellular,1,0,unknown,0
35,blue-collar,divorced,tertiary,no,71188,yes,no,cellular,7,1,unknown,0
72,blue-collar,single,secondary,no,2644,yes,no,unknown,3,0,failure,0
22,blue-collar,divorced,secondary,no,1159,no,no,cellular,2,0,unknown,0
49,admin.,married,tertiary,no,1987,no,no,cellular,1,0,unknown,0
31,admin.,single,tertiary,no,0,yes,no,unknown,3,0,unknown,0
35,management,married,tertiary,no,0,yes,no,cellular,1,0,failure,0
37,management,married,primary,no,902,yes,no,cellular,1,0,unknown,0
46,blue-collar,single,secondary,no,157,yes,no,cellular,1,0,unknown,0
24,services,divorced,tertiary,no,667,yes,no,unknown,1,0,unknown,0
33,entrepreneur,single,secondary,no,1670,no,no,unknown,2,0,failure,0
32,management,single,secondary,no,158,no,no,cellular,1,0,unknown,0
55,admin.,single,tertiary,no,0,yes,no,unknown,3,0,unknown,0
55,blue-collar,single,tertiary,no,376,no,no,unknown,2,0,unknown,0
38,technician,single,secondary,no,817,no,no,cellular,1,0,unknown,0
49,unemployed,married,tertiary,no,22370,yes,no,unknown,1,0,unknown,0
58,blue-collar,single,secondary,no,117,yes,yes,unknown,6,2,other,0
49,management,single,secondary,no,9,yes,no,cellular,1,4,unknown,0
46,technician,single,primary,no,13683,no,yes,cellular,4,0,unknown,0
55,admin.,married,primary,no,357,no,no,unknown,2,0,unknown,0
34,student,married,tertiary,yes,-179,yes,no,unknown,32,0,unknown,0
41,technician,married,primary,no,0,no,no,cellular,2,1,unknown,0
39,blue-collar,married,secondary,no,925,no,no,cellular,3,0,unknown,0
46,management,single,unknown,no,0,no,yes,cellular,1,0,unknown,0
44,blue-collar,single,primary,yes,696,yes,no,cellular,3,7,unknown,0
31,management,married,secondary,no,6,yes,no,telephone,3,0,unknown,0
51,blue-collar,married,tertiary,no,0,yes,yes,unknown,1,0,unknown,0
34,student,married,tertiary,no,751,yes,no,cellular,3,0,unknown,1
29,technician,single,secondary,no,-522,no,no,cellular,2,0,unknown,0
33,blue-collar,divorced,secondary,no,3945,yes,no,unknown,5,0,unknown,0
47,services,single,secondary,no,1987,no,no,cellular,1,0,unknown,0
30,unemployed,single,primary,no,1626,yes,yes,cellular,2,0,unknown,0
53,services,single,tertiary,no,9121,yes,no,cellular,4,3,unknown,0
26,services,married,secondary,no,2706,no,no,unknown,4,0,unknown,0
34,admin.,single,tertiary,no,6969,no,yes,cellular,1,0,success,0
37,technician,married,tertiary,no,1665,yes,no,unknown,1,3,unknown,0
38,technician,married,secondary,no,308,yes,yes,cellular,2,0,unknown,0
44,blue-collar,single,secondary,no,2657,yes,no,cellular,3,0,unknown,0
51,blue-collar,single,secondary,no,44,no,no,unknown,7,0,unknown,0
48,blue-collar,married,secondary,no,88,yes,no,cellular,4,0,unknown,0
32,management,married,secondary,no,2628,yes,no,unknown,5,0,unknown,1
39,entrepreneur,married,tertiary,no,0,yes,no,unknown,3,0,unknown,0
41,management,married,secondary,no,396,yes,no,cellular,9,0,unknown,0
46,technician,divorced,secondary,no,223,yes,yes,unknown,1,1,unknown,0
57,unemployed,married,tertiary,no,478,yes,no,cellular,2,0,unknown,0
34,entrepreneur,married,tertiary,no,2927,no,no,cellular,2,0,failure,0
38,self-employed,married,secondary,no,1297,yes,no,cellular,2,0,unknown,1
59,management,single,tertiary,no,3382,yes,no,cellular,1,0,unknown,0
49,entrepreneur,married,secondary,no,0,no,no,unknown,6,0,unknown,1
53,management,divorced,unknown,no,105,yes,no,unknown,5,0,unknown,1
57,technician,married,tertiary,no,-226,no,no,unknown,5,0,failure,0
33,blue-collar,single,secondary,no,40,yes,no,unknown,4,1,unknown,0
42,management,married,tertiary,no,-435,yes,no,unknown,1,0,unknown,0
40,blue-collar,married,tertiary,no,100,no,no,unknown,2,0,unknown,0
42,technician,single,primary,no,826,yes,no,cellular,2,0,unknown,1
48,blue-collar,married,secondary,no,0,no,no,telephone,1,0,unknown,1
32,management,married,secondary,no,330,no,no,cellular,4,0,unknown,0
36,management,single,tertiary,no,8652,yes,yes,unknown,3,0,unknown,0
40,management,divorced,tertiary,yes,7020,yes,yes,unknown,4,0,unknown,0
44,blue-collar,married,secondary,no,16063,yes,no,cellular,1,0,failure,0
41,management,married,secondary,no,800,yes,no,unknown,2,0,unknown,0
34,unemployed,single,secondary,no,5235,no,no,cellular,2,0,unknown,0
33,technician,married,tertiary,no,769,yes,yes,unknown,2,5,unknown,0
33,technician,married,unknown,no,678,yes,no,unknown,1,1,failure,0
29,retired,single,secondary,no,1259,yes,no,telephone,6,0,unknown,0
50,admin.,married,secondary,no,177,no,no,cellular,10,0,unknown,0
31,unemployed,married,secondary,no,-3,no,no,telephone,2,0,unknown,0
42,self-employed,married,tertiary,no,-118,yes,no,unknown,4,0,unknown,0
37,blue-collar,single,primary,no,136,yes,no,cellular,1,0,unknown,1
29,entrepreneur,married,primary,no,285,yes,no,cellular,8,0,unknown,0
40,unemployed,married,secondary,no,1855,yes,no,cellular,1,0,unknown,0
57,admin.,single,tertiary,no,82,yes,no,unknown,4,0,unknown,0
42,management,married,secondary,no,573,yes,no,cellular,2,0,unknown,0
33,management,divorced,secondary,no,690,yes,no,cellular,1,0,success,0
36,housemaid,single,secondary,no,264,yes,no,cellular,4,0,unknown,0
42,management,married,tertiary,no,6649,yes,no,cellular,2,0,unknown,0
47,management,married,tertiary,no,4539,yes,no,telephone,1,1,unknown,0
37,retired,married,primary,no,413,yes,yes,cellular,2,0,unknown,0
59,retired,married,secondary,no,2,no,no,cellular,5,0,unknown,0
43,technician,married,primary,yes,214,yes,no,cellular,1,0,unknown,1
53,management,married,secondary,no,307,no,no,cellular,2,0,unknown,0
36,management,married,tertiary,no,3304,yes,no,telephone,1,0,unknown,0
51,management,single,tertiary,no,176,no,no,cellular,3,9,unknown,0
41,management,single,primary,no,4629,no,no,unknown,2,0,unknown,0
50,admin.,single,tertiary,no,226,yes,no,cellular,2,0,unknown,0
59,blue-collar,married,tertiary,no,0,yes,no,unknown,1,0,success,0
44,blue-collar,divorced,secondary,no,221,no,no,unknown,3,0,unknown,0
57,entrepreneur,married,secondary,no,-34,yes,no,telephone,4,0,unknown,0
43,blue-collar,single,secondary,no,7195,yes,no,cellular,3,0,unknown,0
50,technician,divorced,secondary,no,1327,no,no,cellular,1,0,failure,0
30,technician,divorced,primary,no,671,yes,no,cellular,2,0,unknown,0
39,blue-collar,married,tertiary,no,451,no,yes,unknown,2,0,unknown,0
27,blue-collar,single,secondary,no,432,yes,no,cellular,3,0,unknown,0
57,technician,single,secondary,no,739,yes,yes,cellular,1,0,unknown,0
57,admin.,single,secondary,no,3230,no,yes,telephone,2,0,unknown,0
49,management,married,primary,no,2893,yes,no,telephone,1,0,unknown,0
37,technician,married,secondary,no,1787,yes,no,telephone,3,0,other,0
39,blue-collar,married,tertiary,no,1133,yes,no,cellular,1,0,unknown,0
51,management,married,secondary,no,4664,yes,no,unknown,1,0,unknown,0
34,management,married,secondary,no,347,yes,yes,unknown,2,0,unknown,0
47,blue-collar,married,primary,no,2543,yes,yes,cellular,2,0,unknown,1
59,management,married,secondary,no,318,no,no,unknown,1,0,unknown,0
44,management,married,tertiary,no,872,no,no,cellular,2,0,unknown,0
25,management,divorced,tertiary,no,697,yes,yes,unknown,12,0,unknown,0
48,self-employed,married,tertiary,no,548,no,no,unknown,1,0,unknown,0
30,blue-collar,divorced,secondary,no,422,no,no,cellular,4,0,unknown,0
34,services,married,tertiary,no,-196,yes,yes,cellular,3,0,unknown,0
36,management,married,tertiary,no,876,no,no,unknown,2,0,unknown,0
28,technician,married,secondary,no,2038,no,no,unknown,2,0,unknown,1
62,blue-collar,single,secondary,no,838,no,no,telephone,2,0,unknown,0
28,blue-collar,married,tertiary,no,-182,yes,yes,telephone,1,0,unknown,0
34,services,single,tertiary,no,10,yes,no,telephone,1,0,unknown,0
51,retired,married,tertiary,no,-551,yes,yes,unknown,4,0,unknown,0
38,services,single,tertiary,no,0,yes,yes,cellular,1,0,failure,0
27,unemployed,married,unknown,no,2,yes,no,unknown,7,0,unknown,0
23,management,single,primary,no,20,no,no,telephone,6,0,unknown,0
52,technician,single,secondary,no,366,no,no,cellular,2,1,unknown,0
27,technician,married,primary,no,-3,no,no,cellular,2,0,unknown,0
31,services,married,tertiary,no,0,no,no,cellular,1,3,unknown,0
33,technician,single,tertiary,no,973,no,no,cellular,3,0,unknown,0
52,entrepreneur,single,secondary,no,9449,yes,no,cellular,3,0,failure,0
57,technician,married,secondary,no,755,yes,no,unknown,1,0,unknown,0
58,blue-collar,married,tertiary,no,1553,yes,no,unknown,3,0,unknown,0
35,self-employed,single,tertiary,no,326,no,no,cellular,8,0,unknown,0
40,retired,single,secondary,no,3403,no,no,unknown,3,2,unknown,0
36,unemployed,married,secondary,no,427,yes,no,cellular,1,0,unknown,0
56,admin.,single,secondary,no,887,no,no,unknown,2,0,unknown,0
34,management,married,secondary,no,744,yes,no,cellular,1,0,unknown,0
30,blue-collar,divorced,tertiary,no,21,no,yes,unknown,1,0,unknown,0
40,admin.,married,tertiary,no,879,no,no,telephone,1,0,unknown,0
33,management,single,secondary,no,214,yes,no,cellular,1,0,unknown,0
59,management,married,tertiary,yes,747,yes,no,cellular,2,0,unknown,0
36,housemaid,married,secondary,no,440,no,no,cellular,1,0,unknown,0
39,blue-collar,married,secondary,no,-379,yes,no,unknown,3,0,unknown,0
27,unemployed,married,secondary,no,137,yes,no,cellular,4,7,unknown,0
41,management,married,secondary,no,745,no,no,cellular,8,0,other,0
36,management,married,secondary,no,5,yes,no,unknown,3,0,other,0
50,management,married,tertiary,no,360,yes,no,cellular,1,2,unknown,0
37,technician,single,tertiary,no,913,yes,no,cellular,6,0,unknown,0
32,admin.,married,secondary,no,-584,yes,no,cellular,2,0,other,0
70,retired,married,secondary,no,894,yes,no,telephone,4,0,unknown,0
36,admin.,married,secondary,no,183,no,no,cellular,1,0,unknown,0
23,blue-collar,married,tertiary,no,703,no,no,cellular,2,0,unknown,1
58,blue-collar,married,primary,no,0,no,no,telephone,1,0,unknown,0
31,technician,married,secondary,no,2323,yes,no,cellular,2,0,other,0
43,services,single,tertiary,no,492,yes,no,cellular,1,6,failure,0
32,management,married,primary,no,42,yes,no,cellular,6,0,unknown,0
38,retired,married,secondary,no,6411,no,no,unknown,3,0,unknown,0
39,services,married,tertiary,no,673,yes,no,cellular,2,0,failure,0
38,retired,married,secondary,no,969,no,yes,cellular,1,0,unknown,1
42,blue-collar,married,secondary,no,1159,no,no,cellular,6,0,failure,0
36,blue-collar,married,secondary,no,697,yes,no,unknown,1,0,unknown,0
52,blue-collar,married,secondary,no,0,no,no,telephone,1,1,unknown,0
31,technician,single,tertiary,yes,316,yes,no,unknown,2,5,unknown,0
39,management,divorced,secondary,no,0,yes,no,unknown,1,0,unknown,0
34,blue-collar,married,tertiary,no,201,yes,no,cellular,1,2,unknown,0
34,blue-collar,divorced,secondary,no,978,yes,no,cellular,1,0,unknown,0
49,blue-collar,married,primary,no,-335,yes,no,cellular,3,0,unknown,0
32,admin.,divorced,secondary,no,186,yes,no,cellular,1,0,success,0
42,technician,single,tertiary,no,1641,no,no,unknown,2,0,failure,0
30,self-employed,divorced,secondary,no,65,yes,no,unknown,4,0,unknown,0
57,services,married,secondary,no,90,no,yes,cellular,1,0,unknown,0
28,technician,married,secondary,no,2403,yes,no,unknown,1,0,unknown,0
31,entrepreneur,married,secondary,no,6269,no,no,cellular,1,0,unknown,0
47,student,married,secondary,no,459,no,no,unknown,2,0,failure,0
48,management,single,secondary,no,221,no,no,cellular,1,3,unknown,0
40,student,married,unknown,no,1808,no,yes,cellular,2,0,unknown,0
35,entrepreneur,married,primary,no,-3,yes,no,cellular,2,1,unknown,0
34,blue-collar,married,tertiary,yes,252,no,no,unknown,1,0,other,0
39,admin.,divorced,tertiary,no,427,no,no,cellular,2,0,unknown,0
33,technician,married,secondary,no,3990,no,yes,unknown,2,0,unknown,0
51,management,divorced,unknown,no,1370,yes,no,unknown,3,0,unknown,1
30,management,single,secondary,no,501,yes,no,telephone,1,0,unknown,0
58,admin.,single,tertiary,no,1567,yes,no,cellular,3,0,unknown,0
51,blue-collar,single,secondary,no,179,yes,no,cellular,1,0,unknown,0
30,management,single,primary,no,714,yes,no,cellular,2,0,unknown,0
34,entrepreneur,married,secondary,no,179,no,no,cellular,2,0,unknown,0
31,management,married,secondary,no,433,yes,no,cellular,1,8,failure,0
31,unemployed,married,secondary,no,257,no,no,cellular,2,0,unknown,0
24,blue-collar,divorced,secondary,no,-220,yes,no,cellular,1,0,unknown,0
57,blue-collar,single,tertiary,no,2685,no,no,telephone,2,0,failure,0
74,technician,single,tertiary,no,1495,no,no,unknown,1,3,unknown,0
28,services,married,tertiary,no,2,no,no,cellular,5,0,unknown,0
33,management,single,tertiary,no,174,yes,no,unknown,2,0,unknown,0
36,technician,divorced,secondary,no,883,yes,no,cellular,2,0,failure,0
51,entrepreneur,married,tertiary,no,78,no,no,cellular,1,0,unknown,0
43,services,single,secondary,no,847,yes,yes,unknown,4,0,success,0
26,blue-collar,married,unknown,no,5092,no,no,unknown,3,0,unknown,0
31,admin.,single,primary,no,634,yes,no,cellular,2,0,unknown,0
43,admin.,married,tertiary,no,227,no,no,cellular,1,0,unknown,1
37,admin.,married,primary,no,-23,no,no,cellular,10,3,failure,1
36,blue-collar,single,secondary,no,0,no,no,cellular,4,0,failure,0
26,unemployed,married,secondary,no,1699,yes,no,unknown,2,0,unknown,0
27,admin.,divorced,tertiary,no,110,yes,no,cellular,11,1,unknown,0
49,technician,married,primary,no,290,yes,no,cellular,1,0,unknown,0
35,entrepreneur,single,tertiary,no,1076,no,yes,cellular,1,0,unknown,1
42,admin.,married,secondary,no,-294,no,no,cellular,2,0,unknown,0
27,management,single,primary,no,145,yes,no,unknown,8,0,unknown,1
32,management,married,tertiary,no,10655,no,no,cellular,1,0,failure,1
47,retired,married,secondary,no,491,yes,no,cellular,3,0,unknown,0
26,admin.,married,unknown,no,2679,yes,no,cellular,9,0,failure,0
55,management,married,tertiary,yes,-319,yes,no,cellular,2,0,failure,0
38,entrepreneur,single,tertiary,no,-242,yes,yes,cellular,1,0,success,0
46,blue-collar,married,secondary,no,221,no,no,cellular,5,0,unknown,1
28,self-employed,married,secondary,no,1469,yes,no,unknown,1,0,unknown,0
28,blue-collar,divorced,tertiary,no,0,yes,no,cellular,4,12,unknown,0
69,admin.,married,primary,no,0,no,no,unknown,17,0,unknown,0
58,management,married,tertiary,no,856,yes,no,cellular,3,0,unknown,1
27,management,divorced,tertiary,no,1019,yes,no,cellular,1,0,success,0
49,technician,single,tertiary,no,633,no,no,unknown,2,0,unknown,0
55,admin.,single,secondary,no,199,no,no,unknown,3,0,failure,0
39,management,married,secondary,no,5,yes,no,cellular,1,0,unknown,0
50,self-employed,married,primary,no,-285,yes,no,cellular,5,0,unknown,0
39,technician,married,primary,no,2486,no,no,cellular,1,0,unknown,0
84,admin.,single,secondary,no,0,yes,no,cellular,1,0,failure,0
26,entrepreneur,married,secondary,no,412,yes,no,telephone,13,0,unknown,0
33,services,single,tertiary,no,73,yes,no,cellular,2,0,unknown,0
30,blue-collar,married,secondary,no,5958,no,no,unknown,2,0,unknown,0
30,admin.,married,primary,no,242,no,no,unknown,2,0,unknown,0
35,blue-collar,single,secondary,no,288,yes,no,cellular,1,0,failure,1
50,technician,single,secondary,no,0,no,no,cellular,10,0,unknown,0
33,retired,single,tertiary,no,0,yes,no,cellular,3,0,failure,0
36,admin.,married,unknown,no,2416,no,no,telephone,3,0,unknown,0
31,admin.,married,secondary,no,3571,no,no,cellular,2,4,unknown,0
40,management,single,secondary,no,77,yes,no,cellular,4,1,unknown,0
39,services,single,secondary,no,21,yes,no,cellular,2,1,unknown,0
48,management,divorced,tertiary,no,8023,no,yes,cellular,1,0,unknown,0
35,services,married,primary,no,688,yes,yes,unknown,1,0,failure,0
83,admin.,married,secondary,no,440,yes,no,unknown,2,14,unknown,0
25,self-employed,single,unknown,no,176,yes,no,cellular,1,0,unknown,0
43,management,divorced,secondary,no,266,no,yes,cellular,4,0,unknown,0
38,retired,married,tertiary,no,4380,no,no,cellular,3,0,unknown,0
50,services,single,primary,no,307,no,no,cellular,2,0,unknown,0
49,management,married,tertiary,no,231,yes,no,cellular,3,0,unknown,0
45,unemployed,married,secondary,no,7108,no,no,cellular,3,0,failure,0
27,management,married,secondary,no,16957,yes,no,cellular,2,0,unknown,0
30,admin.,single,tertiary,no,751,yes,no,unknown,2,0,unknown,0
35,blue-collar,married,secondary,no,1114,yes,no,cellular,6,0,unknown,0
45,blue-collar,married,secondary,no,186,yes,no,unknown,1,0,unknown,0
27,blue-collar,married,secondary,no,55,no,no,cellular,4,7,unknown,0
44,retired,married,tertiary,no,35,yes,no,cellular,1,0,unknown,0
39,blue-collar,married,tertiary,no,8494,no,no,cellular,3,0,unknown,0
34,admin.,married,secondary,no,25,no,no,unknown,7,0,unknown,0
47,management,single,secondary,no,50,yes,no,cellular,4,0,unknown,0
44,technician,married,secondary,no,750,yes,no,cellular,7,0,unknown,1
27,management,married,tertiary,no,696,yes,yes,cellular,2,3,unknown,1
48,retired,married,tertiary,no,440,yes,no,cellular,1,6,other,0
36,blue-collar,married,primary,no,0,yes,yes,unknown,2,0,unknown,0
50,housemaid,married,secondary,no,3706,yes,no,cellular,1,0,unknown,0
34,retired,married,secondary,no,389,yes,no,unknown,7,0,unknown,0
49,technician,married,primary,no,3301,yes,no,unknown,6,0,unknown,0
38,technician,married,secondary,no,1076,yes,no,cellular,2,0,unknown,0
35,admin.,married,secondary,no,427,no,no,cellular,6,0,unknown,0
53,retired,single,secondary,no,0,no,no,cellular,1,0,unknown,0
29,management,single,secondary,no,584,yes,yes,unknown,2,0,unknown,1
27,blue-collar,single,tertiary,no,1743,no,yes,cellular,1,0,unknown,0
37,services,married,primary,no,-179,yes,yes,cellular,2,0,unknown,0
35,admin.,divorced,primary,no,126,no,no,cellular,1,4,unknown,0
58,technician,single,secondary,no,-189,no,no,cellular,1,0,failure,0
43,blue-collar,single,secondary,no,393,no,no,unknown,1,0,failure,0
47,technician,divorced,primary,no,0,yes,no,cellular,2,6,unknown,0
28,management,married,secondary,no,1623,no,no,cellular,3,0,failure,0
38,technician,married,secondary,no,759,no,yes,cellular,5,0,other,0
47,technician,married,secondary,no,1910,no,no,cellular,2,0,failure,0
34,technician,married,secondary,no,47,yes,no,cellular,1,0,unknown,1
39,entrepreneur,divorced,tertiary,no,222,no,no,cellular,1,0,unknown,0
49,services,married,secondary,no,1012,yes,no,cellular,32,2,unknown,1
39,technician,married,secondary,no,8883,yes,no,unknown,3,0,failure,0
38,admin.,divorced,tertiary,no,73,yes,no,cellular,2,0,failure,0
49,blue-collar,married,secondary,no,318,no,no,cellular,1,3,failure,1
26,technician,single,secondary,no,0,yes,no,cellular,1,0,unknown,1
28,services,single,secondary,no,455,yes,no,cellular,2,3,unknown,0
32,management,married,tertiary,no,1327,yes,no,cellular,2,0,unknown,0
39,housemaid,married,unknown,no,103,no,no,cellular,1,0,unknown,1
35,services,married,secondary,no,-614,yes,no,cellular,1,1,unknown,0
52,services,single,secondary,no,-300,no,yes,unknown,1,0,unknown,0
57,admin.,married,tertiary,no,326,no,no,cellular,2,0,unknown,0
38,management,single,secondary,no,1351,yes,no,cellular,2,0,unknown,0
29,technician,divorced,tertiary,no,201,yes,yes,cellular,1,0,unknown,0
42,housemaid,single,secondary,no,244,yes,yes,cellular,6,0,success,0
53,management,married,secondary,no,757,yes,no,cellular,2,0,other,0
36,technician,divorced,tertiary,no,6,yes,yes,cellular,6,3,other,0
43,housemaid,divorced,secondary,no,2603,yes,no,cellular,2,0,unknown,0
40,blue-collar,divorced,unknown,no,4286,yes,no,cellular,1,0,unknown,0
39,admin.,divorced,secondary,no,523,no,no,cellular,2,0,unknown,0
38,management,married,tertiary,no,109,no,no,cellular,2,0,unknown,0
57,self-employed,married,primary,no,2146,no,no,unknown,3,0,failure,0
37,blue-collar,married,primary,no,1188,no,no,unknown,4,0,unknown,0
36,management,divorced,tertiary,no,2610,yes,no,cellular,1,0,unknown,0
32,blue-collar,married,secondary,no,-1206,no,no,cellular,4,0,success,0
33,entrepreneur,divorced,secondary,no,966,yes,no,unknown,2,0,unknown,0
32,services,married,secondary,no,593,no,no,cellular,2,0,unknown,0
53,admin.,married,tertiary,no,451,yes,no,unknown,4,0,unknown,0
59,management,single,tertiary,no,633,no,no,unknown,3,0,unknown,0
31,admin.,married,secondary,no,-242,no,no,unknown,3,0,unknown,1
35,management,married,secondary,no,126,yes,no,telephone,1,1,unknown,0
47,management,single,primary,no,0,no,no,unknown,8,4,other,0
42,management,married,secondary,no,920,no,no,cellular,1,0,failure,0
51,management,single,secondary,yes,132,no,no,cellular,6,0,unknown,0
30,services,married,secondary,no,-311,no,no,cellular,3,0,unknown,0
47,student,married,secondary,no,2,yes,no,unknown,3,0,unknown,0
48,technician,married,secondary,no,428,yes,no,cellular,1,0,other,1
40,technician,single,secondary,no,270,no,no,cellular,15,0,unknown,1
50,management,married,primary,no,816,no,no,cellular,1,0,unknown,0
55,management,single,primary,no,102,yes,no,cellular,1,2,unknown,1
29,services,married,unknown,no,1948,no,no,cellular,2,0,unknown,0
52,blue-collar,single,secondary,no,3672,yes,no,unknown,5,0,failure,0
40,management,single,primary,no,3196,no,yes,cellular,2,0,unknown,0
41,management,married,secondary,no,223,no,no,cellular,1,0,unknown,0
44,blue-collar,married,tertiary,no,1355,yes,no,cellular,1,0,other,0
28,blue-collar,married,secondary,no,1057,no,no,cellular,1,0,unknown,0
48,housemaid,married,secondary,no,280,yes,no,cellular,2,2,unknown,0
61,technician,divorced,secondary,no,251,yes,no,cellular,3,0,unknown,0
39,management,single,unknown,no,4196,no,no,unknown,1,0,unknown,0
34,technician,married,tertiary,yes,743,yes,no,unknown,4,0,failure,1
37,technician,single,secondary,no,284,no,no,cellular,2,0,unknown,0
42,blue-collar,married,primary,no,80,no,no,unknown,2,3,success,0
41,housemaid,married,secondary,no,0,yes,no,cellular,1,0,success,0
52,technician,married,tertiary,no,995,yes,no,cellular,1,0,unknown,1
37,services,married,tertiary,no,618,yes,no,cellular,6,0,unknown,0
55,admin.,married,primary,no,9339,yes,no,unknown,1,0,unknown,0
47,blue-collar,married,secondary,no,320,no,no,telephone,2,0,unknown,0
42,self-employed,married,primary,yes,1214,no,no,cellular,2,0,unknown,0
43,management,married,secondary,no,1490,no,no,unknown,2,0,unknown,0
28,management,married,tertiary,yes,1094,yes,yes,cellular,1,1,unknown,0
37,services,married,secondary,no,92,no,yes,cellular,1,0,other,0
27,services,married,secondary,no,555,yes,no,cellular,5,0,failure,0
35,blue-collar,married,secondary,no,1588,yes,no,unknown,1,0,unknown,0
37,blue-collar,divorced,tertiary,no,47,yes,no,cellular,2,0,unknown,0
55,blue-collar,married,tertiary,no,666,no,no,cellular,1,0,unknown,0
46,technician,married,primary,no,415,no,no,telephone,1,0,other,0
34,management,single,tertiary,no,0,yes,yes,cellular,6,0,other,0
39,management,married,secondary,no,1477,no,no,unknown,5,0,unknown,0
44,retired,married,secondary,no,220,yes,no,cellular,4,0,unknown,0
45,blue-collar,married,tertiary,no,874,yes,no,unknown,1,0,unknown,0
33,retired,divorced,tertiary,no,5436,yes,yes,cellular,2,0,unknown,1
48,blue-collar,married,secondary,no,0,yes,no,cellular,1,0,unknown,0
45,technician,married,tertiary,no,745,yes,no,unknown,2,1,unknown,0
46,retired,married,unknown,no,235,no,no,telephone,2,0,failure,0
34,services,married,tertiary,no,351,yes,no,cellular,1,0,success,1
55,retired,married,secondary,no,-280,no,yes,cellular,5,3,unknown,0
29,services,single,secondary,no,46,yes,no,cellular,2,2,unknown,0
37,management,married,secondary,no,0,yes,yes,cellular,1,0,unknown,0
58,blue-collar,married,secondary,no,102,no,no,telephone,1,0,unknown,0
30,services,single,secondary,no,233,yes,no,cellular,7,0,failure,0
31,technician,married,secondary,no,4,yes,no,cellular,6,0,unknown,0
35,management,married,secondary,no,23663,no,no,cellular,2,0,unknown,0
60,services,single,secondary,no,31,yes,no,unknown,2,0,failure,0
31,technician,single,secondary,no,3800,yes,no,unknown,1,0,unknown,0
58,blue-collar,married,primary,no,5639,yes,yes,cellular,2,0,unknown,1
36,management,married,secondary,no,-770,no,yes,unknown,1,0,unknown,0
36,blue-collar,married,tertiary,no,0,no,no,cellular,2,2,unknown,0
33,admin.,married,tertiary,no,133,yes,no,unknown,3,2,success,0
31,management,married,secondary,no,143,no,no,cellular,2,0,unknown,0
34,technician,married,secondary,no,421,no,no,unknown,1,0,unknown,0
40,technician,single,tertiary,no,1424,no,yes,cellular,3,0,unknown,0
52,admin.,married,secondary,no,19,no,yes,cellular,1,0,unknown,0
42,admin.,married,tertiary,no,0,yes,no,cellular,6,0,unknown,1
48,management,married,primary,no,726,yes,no,cellular,2,1,unknown,0
58,unemployed,single,primary,no,849,yes,no,cellular,3,0,unknown,1
40,technician,married,unknown,no,4848,yes,no,cellular,3,0,unknown,0
43,blue-collar,married,secondary,no,473,no,yes,unknown,1,0,unknown,0
77,admin.,married,tertiary,no,259,no,no,cellular,2,0,failure,0
28,retired,single,secondary,no,2552,yes,yes,cellular,2,0,success,0
34,self-employed,married,tertiary,no,4629,yes,no,cellular,3,0,unknown,0
43,management,married,secondary,no,65,no,no,unknown,1,0,unknown,0
48,entrepreneur,married,secondary,no,627,no,no,telephone,2,0,unknown,0
59,blue-collar,divorced,secondary,no,6850,yes,yes,cellular,2,0,unknown,0
42,blue-collar,divorced,tertiary,no,2929,yes,no,telephone,5,0,unknown,0
30,admin.,married,tertiary,no,-183,yes,no,cellular,1,0,unknown,0
30,management,single,tertiary,no,-401,no,yes,unknown,5,0,unknown,0
36,blue-collar,married,unknown,yes,94,no,yes,cellular,2,0,unknown,0
40,technician,single,tertiary,no,1712,yes,no,unknown,1,0,unknown,0
27,admin.,married,secondary,no,2488,no,yes,telephone,4,0,failure,0
39,blue-collar,married,tertiary,no,2186,yes,no,telephone,3,0,unknown,0
32,services,single,tertiary,no,157,yes,no,cellular,1,0,unknown,0
45,management,married,tertiary,yes,3608,no,no,unknown,31,0,unknown,0
43,blue-collar,single,tertiary,no,0,yes,no,cellular,1,0,unknown,0
38,admin.,married,primary,no,317,yes,no,cellular,4,0,unknown,1
61,management,single,tertiary,no,402,yes,yes,cellular,1,0,success,0
36,management,single,secondary,no,705,no,no,cellular,2,3,unknown,0
33,management,married,secondary,no,-179,yes,no,cellular,3,0,unknown,0
25,retired,married,secondary,no,2693,yes,no,cellular,3,0,unknown,0
32,services,single,tertiary,no,833,yes,no,unknown,3,0,failure,0
45,admin.,married,secondary,no,15,no,no,cellular,2,0,unknown,1
62,blue-collar,single,tertiary,no,838,no,yes,cellular,5,0,unknown,1
30,admin.,married,secondary,no,-375,yes,no,cellular,4,0,failure,0
51,management,married,secondary,no,1670,yes,no,unknown,2,0,unknown,0
33,self-employed,married,tertiary,no,138,no,no,cellular,5,0,unknown,0
51,services,single,primary,no,-27,yes,no,cellular,8,0,unknown,0
38,entrepreneur,single,tertiary,no,0,no,no,cellular,1,0,unknown,0
47,self-employed,married,secondary,no,0,no,no,unknown,1,0,failure,0
44,management,single,secondary,no,1459,yes,no,unknown,3,0,unknown,1
33,management,divorced,secondary,no,-53,no,yes,unknown,2,0,failure,0
37,technician,single,secondary,no,151,no,no,unknown,1,0,unknown,0
41,housemaid,married,tertiary,no,245,no,no,unknown,1,5,unknown,0
31,management,married,secondary,no,267,yes,yes,unknown,1,0,unknown,0
42,management,divorced,secondary,no,238,yes,no,cellular,1,0,other,0
31,blue-collar,married,secondary,no,2033,yes,no,cellular,2,0,unknown,0
31,technician,married,secondary,no,1169,yes,no,unknown,2,0,unknown,0
44,management,married,tertiary,no,1382,no,no,cellular,1,2,unknown,0
19,blue-collar,married,tertiary,no,2343,no,no,cellular,1,0,other,0
28,services,married,tertiary,no,50,no,no,unknown,2,0,unknown,0
53,admin.,single,tertiary,no,2552,no,no,cellular,4,0,unknown,1
39,admin.,married,tertiary,no,5706,no,yes,cellular,1,0,failure,1
32,admin.,married,secondary,no,3859,yes,no,cellular,5,1,failure,0
54,blue-collar,married,secondary,no,1043,yes,no,unknown,6,0,unknown,0
31,management,married,tertiary,no,511,yes,no,cellular,1,0,unknown,0
36,technician,single,tertiary,no,-10,no,no,unknown,2,0,unknown,1
45,management,married,tertiary,yes,660,yes,no,cellular,2,0,unknown,0
54,management,single,primary,no,-88,yes,no,cellular,6,0,unknown,0
41,entrepreneur,single,secondary,no,88,yes,no,telephone,2,4,other,0
34,blue-collar,married,secondary,no,0,no,no,cellular,1,1,unknown,0
46,retired,married,primary,no,420,no,no,cellular,3,0,unknown,1
32,blue-collar,single,secondary,no,505,no,no,unknown,3,0,unknown,1
29,technician,married,primary,no,94,no,no,cellular,1,7,failure,0
40,management,single,tertiary,no,206,no,no,cellular,1,0,other,1
39,management,married,tertiary,no,102,yes,no,cellular,1,0,unknown,0
43,unemployed,divorced,tertiary,no,451,no,no,unknown,1,2,unknown,0
47,admin.,married,secondary,no,7066,yes,no,cellular,2,0,unknown,0
36,technician,single,secondary,no,6922,no,no,unknown,3,0,unknown,0
46,management,divorced,secondary,no,2892,no,no,telephone,4,0,unknown,0
38,technician,single,secondary,no,-194,no,no,cellular,2,0,unknown,0
49,retired,single,tertiary,no,105,no,no,unknown,2,0,unknown,0
23,blue-collar,single,secondary,no,-124,no,no,unknown,2,1,failure,0
46,admin.,single,tertiary,no,2805,no,yes,cellular,2,0,unknown,0
33,management,married,unknown,no,739,no,no,cellular,1,0,unknown,0
42,entrepreneur,single,secondary,no,3601,yes,no,cellular,1,0,unknown,0
50,blue-collar,single,primary,no,3228,yes,no,cellular,1,5,success,0
57,admin.,married,tertiary,no,338,no,no,cellular,3,0,unknown,0
31,management,single,secondary,no,1640,yes,no,cellular,4,0,other,0
36,blue-collar,married,tertiary,no,0,yes,no,unknown,1,0,failure,0
32,retired,married,tertiary,no,511,no,no,cellular,6,0,failure,0
55,management,married,primary,no,-19,yes,no,telephone,3,0,unknown,0
29,management,single,tertiary,no,319,yes,no,unknown,2,1,unknown,1
51,blue-collar,married,secondary,no,-247,no,no,cellular,1,0,unknown,0
48,services,married,secondary,no,138,no,no,cellular,2,0,unknown,0
35,services,married,secondary,no,1187,yes,no,telephone,4,0,unknown,0
53,management,single,tertiary,no,931,no,no,unknown,4,0,other,0
53,technician,married,primary,no,1415,yes,no,cellular,2,0,unknown,0
40,unemployed,married,secondary,no,422,no,yes,telephone,3,3,unknown,0
30,management,married,secondary,no,6269,yes,no,unknown,1,0,unknown,1
43,management,divorced,secondary,no,1007,no,no,telephone,4,0,unknown,0
42,self-employed,married,secondary,no,353,yes,no,cellular,2,0,unknown,0
45,technician,single,primary,no,1331,yes,no,unknown,9,1,unknown,0
27,management,married,secondary,no,0,yes,no,cellular,4,0,failure,0
28,technician,single,secondary,no,103,yes,yes,unknown,1,0,unknown,0
40,management,single,secondary,no,18,yes,no,cellular,3,0,unknown,0
26,management,married,tertiary,no,397,no,no,cellular,3,0,unknown,0
52,services,married,secondary,no,-336,no,yes,telephone,2,2,unknown,0
30,blue-collar,married,secondary,no,490,yes,no,telephone,2,0,unknown,0
56,retired,divorced,secondary,no,959,yes,no,cellular,1,0,unknown,0
51,blue-collar,single,secondary,no,-49,yes,no,cellular,2,0,unknown,0
25,technician,married,secondary,no,625,yes,no,cellular,2,0,unknown,0
40,technician,single,tertiary,no,7685,yes,no,cellular,1,0,unknown,0
54,management,married,secondary,no,-242,yes,no,cellular,1,0,unknown,1
44,blue-collar,single,secondary,no,991,no,no,cellular,2,0,unknown,0
25,management,married,secondary,no,116,yes,no,cellular,1,0,unknown,0
39,blue-collar,married,tertiary,no,1992,yes,no,unknown,1,0,unknown,0
46,admin.,married,tertiary,no,14,no,no,unknown,3,0,unknown,0
31,admin.,married,secondary,no,18,no,no,cellular,4,0,other,0
37,housemaid,married,tertiary,no,5403,yes,yes,cellular,1,0,unknown,1
37,blue-collar,married,primary,no,0,yes,no,unknown,2,0,unknown,0
35,housemaid,single,secondary,no,1429,no,no,cellular,15,1,unknown,0
33,management,single,unknown,no,4189,no,no,cellular,2,0,unknown,0
28,management,divorced,secondary,no,178,yes,no,cellular,3,3,unknown,0
57,technician,single,tertiary,yes,868,no,no,cellular,2,0,unknown,0
36,blue-collar,single,secondary,no,108,no,no,cellular,2,0,unknown,0
31,services,single,secondary,no,18,no,no,cellular,1,0,unknown,0
60,student,divorced,secondary,no,115,no,no,cellular,2,0,unknown,1
36,technician,single,secondary,no,1666,yes,no,cellular,1,0,unknown,0
49,admin.,married,primary,no,26306,yes,no,cellular,1,1,unknown,0
41,blue-collar,married,secondary,no,1040,yes,no,unknown,2,4,success,0
52,technician,married,secondary,no,3777,no,no,cellular,4,4,unknown,0
43,blue-collar,single,primary,no,125,yes,no,unknown,1,0,unknown,1
52,technician,married,secondary,no,982,yes,no,cellular,2,0,unknown,0
48,admin.,married,tertiary,no,4286,no,no,cellular,2,3,unknown,0
42,blue-collar,married,secondary,no,13683,yes,no,unknown,1,0,unknown,0
45,entrepreneur,married,secondary,no,-28,no,no,cellular,1,0,unknown,0
33,management,single,primary,no,0,no,no,cellular,2,0,unknown,0
36,management,single,secondary,no,-140,yes,no,cellular,2,0,unknown,0
79,management,single,primary,no,1670,no,no,cellular,3,0,unknown,0
31,management,single,secondary,no,-94,no,no,cellular,2,0,unknown,1
53,blue-collar,single,secondary,no,186,no,no,unknown,2,0,unknown,0
36,management,single,primary,no,1992,yes,no,unknown,3,0,failure,0
50,retired,single,secondary,no,-650,no,no,unknown,5,0,unknown,0
28,technician,married,tertiary,no,338,no,no,unknown,2,0,unknown,0
38,admin.,single,secondary,no,420,yes,no,cellular,5,2,unknown,0
42,blue-collar,married,secondary,no,1160,yes,no,unknown,5,0,unknown,0
35,entrepreneur,married,tertiary,no,681,yes,no,cellular,2,0,unknown,0
60,management,married,tertiary,no,-824,no,no,cellular,1,0,unknown,0
57,management,married,secondary,no,1416,yes,yes,telephone,4,0,unknown,1
42,technician,married,primary,no,13229,yes,no,cellular,1,0,other,0
70,services,married,secondary,no,226,yes,yes,cellular,1,0,unknown,0
30,blue-collar,married,secondary,no,2370,no,no,cellular,1,0,unknown,0
29,retired,single,tertiary,no,483,yes,yes,cellular,2,0,unknown,1
36,management,single,secondary,no,0,yes,no,unknown,2,0,unknown,0
36,student,divorced,tertiary,no,1080,yes,no,cellular,2,0,unknown,0
27,technician,married,secondary,no,264,yes,no,cellular,7,0,unknown,0
47,student,married,primary,no,0,yes,yes,telephone,1,0,unknown,0
49,management,single,primary,no,0,yes,yes,unknown,2,0,success,0
48,technician,single,secondary,no,0,no,no,unknown,12,0,unknown,0
53,technician,single,secondary,no,2366,yes,no,cellular,5,0,unknown,0
34,technician,single,tertiary,no,2145,yes,no,cellular,2,0,unknown,0
38,retired,married,secondary,no,0,no,no,cellular,1,0,unknown,0
30,blue-collar,single,tertiary,no,609,no,no,cellular,1,0,unknown,0
53,management,married,tertiary,no,-101,yes,no,cellular,1,0,failure,0
36,technician,married,unknown,no,0,no,no,cellular,1,0,unknown,0
49,blue-collar,single,tertiary,no,179,yes,no,telephone,1,0,unknown,0
40,retired,married,secondary,no,49,yes,yes,cellular,2,1,unknown,0
58,services,married,secondary,no,19,no,no,telephone,1,0,unknown,0
37,admin.,married,unknown,no,103,no,no,cellular,4,0,failure,0
33,student,married,secondary,no,-887,no,yes,cellular,4,1,unknown,0
60,management,married,tertiary,yes,3165,yes,no,cellular,7,0,other,0
29,entrepreneur,married,secondary,no,1147,yes,no,cellular,3,0,unknown,1
40,admin.,married,secondary,no,6979,no,no,cellular,2,0,failure,0
46,self-employed,single,secondary,no,2923,no,no,cellular,1,0,unknown,0
28,technician,married,tertiary,no,38,yes,no,cellular,6,0,unknown,0
37,services,single,secondary,no,313,no,no,cellular,2,2,failure,0
43,blue-collar,married,tertiary,no,852,yes,no,cellular,4,0,failure,0
25,technician,single,primary,no,-306,yes,yes,unknown,4,1,unknown,0
37,retired,married,secondary,no,1159,no,no,cellular,2,12,failure,1
49,management,married,tertiary,no,556,no,no,unknown,3,0,unknown,0
29,management,married,tertiary,no,2685,no,no,unknown,3,0,unknown,0
33,technician,single,secondary,no,119,yes,no,cellular,5,0,unknown,1
59,technician,divorced,primary,no,1466,no,no,cellular,4,0,unknown,0
36,blue-collar,married,tertiary,no,280,yes,no,unknown,1,0,unknown,0
30,management,divorced,secondary,no,3706,yes,no,cellular,1,0,unknown,0
28,unemployed,married,primary,no,1790,no,no,unknown,1,0,other,0
37,blue-collar,single,tertiary,no,9449,no,yes,cellular,6,0,failure,0
45,admin.,married,secondary,no,229,yes,no,cellular,1,0,unknown,0
58,blue-collar,single,tertiary,no,541,yes,no,cellular,1,0,unknown,1
44,admin.,married,secondary,no,3014,no,no,telephone,3,0,failure,0
48,management,married,tertiary,no,0,yes,no,cellular,2,0,unknown,0
38,technician,single,primary,no,1790,yes,no,cellular,1,0,unknown,1
45,services,single,tertiary,no,1922,no,no,cellular,2,0,unknown,0
42,admin.,married,secondary,no,604,yes,no,unknown,2,0,unknown,0
42,housemaid,married,secondary,no,96,no,no,cellular,2,0,success,0
26,management,married,unknown,no,2885,no,no,cellular,13,0,unknown,1
31,technician,married,tertiary,no,2812,no,no,unknown,1,0,unknown,0
57,services,married,secondary,no,3180,yes,no,unknown,3,0,unknown,0
33,blue-collar,married,tertiary,no,1171,yes,no,cellular,3,0,other,0
19,management,married,secondary,no,321,yes,no,cellular,1,0,unknown,0
33,management,married,secondary,no,42,yes,no,cellular,1,0,unknown,0
41,services,married,secondary,no,1088,yes,no,unknown,1,0,unknown,0
33,housemaid,married,secondary,no,1466,no,yes,cellular,1,0,unknown,0
37,technician,married,primary,no,1981,yes,no,cellular,1,0,unknown,0
34,unemployed,married,secondary,no,358,yes,no,unknown,2,0,unknown,0
47,blue-collar,single,tertiary,no,511,yes,no,cellular,3,0,unknown,0
46,retired,married,secondary,no,100,no,yes,unknown,1,0,unknown,0
55,student,single,tertiary,no,5304,yes,no,unknown,8,0,unknown,0
28,blue-collar,divorced,secondary,no,136,yes,no,cellular,3,0,unknown,0
32,technician,single,secondary,no,-328,yes,no,cellular,4,0,unknown,0
50,technician,divorced,secondary,no,2240,yes,no,cellular,1,0,unknown,1
30,self-employed,divorced,tertiary,no,980,no,yes,cellular,2,0,failure,0
35,admin.,married,tertiary,no,487,no,no,cellular,1,0,failure,0
33,management,married,secondary,no,2,yes,no,cellular,5,1,unknown,0
26,retired,divorced,tertiary,no,1633,no,no,unknown,2,0,unknown,0
55,admin.,divorced,secondary,no,66,no,no,unknown,4,0,unknown,0
27,management,married,secondary,no,226,no,no,telephone,4,0,unknown,0
66,retired,single,secondary,no,210,no,no,unknown,2,0,failure,0
31,technician,married,secondary,no,0,no,no,unknown,3,0,failure,0
35,blue-collar,single,primary,no,223,no,no,unknown,1,1,failure,0
27,blue-collar,married,tertiary,no,180,no,no,unknown,6,3,unknown,0
45,technician,married,primary,no,549,no,no,cellular,3,0,unknown,1
52,services,single,secondary,no,326,no,no,telephone,1,0,unknown,0
37,management,single,tertiary,no,239,yes,no,cellular,3,0,unknown,1
42,housemaid,single,tertiary,no,6,no,no,cellular,1,0,unknown,0
40,admin.,married,tertiary,yes,174,yes,no,cellular,1,0,unknown,0
37,management,divorced,secondary,no,16178,yes,no,unknown,1,0,unknown,0
25,blue-collar,married,secondary,no,1405,yes,no,unknown,4,0,unknown,0
35,services,married,secondary,no,8131,yes,no,unknown,2,0,failure,0
39,management,married,tertiary,no,4,no,no,unknown,6,0,unknown,0
23,management,married,tertiary,no,0,yes,yes,unknown,1,0,unknown,0
32,management,married,secondary,no,8515,yes,no,telephone,6,0,failure,0
36,technician,married,tertiary,no,4543,no,no,unknown,3,0,unknown,0
30,services,married,secondary,no,6164,yes,no,cellular,1,1,unknown,1
54,services,single,secondary,no,2727,no,no,cellular,1,0,unknown,0
31,admin.,divorced,tertiary,no,93,no,yes,cellular,7,0,unknown,0
38,management,married,unknown,no,1291,yes,no,cellular,2,0,unknown,0
49,management,married,secondary,no,1117,no,no,unknown,2,0,unknown,0
34,entrepreneur,married,secondary,no,111,yes,no,unknown,1,0,unknown,0
34,management,divorced,secondary,no,0,yes,no,unknown,2,0,unknown,1
49,services,married,secondary,no,75,yes,yes,unknown,2,0,unknown,0
37,management,single,tertiary,no,1210,no,no,unknown,2,1,unknown,0
53,retired,single,primary,no,0,yes,no,cellular,2,0,unknown,0
39,blue-collar,married,secondary,no,1281,no,no,unknown,1,0,unknown,1
24,management,married,primary,no,299,yes,no,cellular,1,2,unknown,0
43,blue-collar,married,secondary,no,4824,no,no,cellular,1,0,unknown,0
53,admin.,married,primary,no,77,yes,no,unknown,2,1,unknown,0
36,technician,single,tertiary,no,4665,yes,no,cellular,6,2,unknown,0
48,student,married,secondary,no,2420,no,no,cellular,5,0,unknown,1
32,blue-collar,single,primary,no,5543,yes,yes,unknown,1,2,unknown,0
55,technician,married,tertiary,no,608,yes,yes,unknown,2,0,failure,0
51,technician,married,secondary,no,-99,yes,no,unknown,2,0,unknown,1
60,management,married,tertiary,no,101,yes,no,unknown,1,0,unknown,0
43,services,married,secondary,no,320,yes,no,cellular,2,0,other,0
39,blue-collar,married,primary,no,6619,yes,yes,cellular,1,0,unknown,0
44,blue-collar,married,primary,no,696,yes,yes,unknown,1,0,unknown,1
44,services,married,primary,no,3727,yes,no,cellular,1,0,unknown,0
36,services,married,secondary,no,275,yes,no,cellular,2,0,unknown,0
40,student,married,secondary,no,5,yes,yes,cellular,5,0,unknown,0
53,admin.,single,tertiary,no,1054,no,yes,unknown,2,1,unknown,0
42,blue-collar,married,tertiary,no,4384,yes,no,telephone,1,0,unknown,0
31,blue-collar,divorced,primary,no,-251,yes,no,cellular,4,0,unknown,0
59,technician,single,secondary,no,65,no,no,cellular,2,0,unknown,0
24,technician,single,secondary,no,75,yes,no,cellular,1,0,unknown,0
24,admin.,married,secondary,no,235,yes,no,cellular,2,0,unknown,0
46,services,single,primary,no,117,yes,no,unknown,1,0,success,0
37,services,married,tertiary,no,11417,no,no,cellular,1,0,other,0
28,unknown,single,secondary,no,125,no,no,unknown,2,0,unknown,0
44,retired,divorced,primary,no,6483,no,no,cellular,3,0,failure,0
31,technician,married,primary,no,876,yes,no,cellular,2,0,unknown,1
42,management,married,tertiary,no,139,yes,no,cellular,1,0,unknown,0
49,services,single,secondary,no,1222,yes,yes,unknown,2,0,unknown,1
19,technician,divorced,secondary,no,1623,yes,no,cellular,2,0,unknown,0
33,services,single,secondary,no,1412,yes,no,cellular,1,0,unknown,0
53,blue-collar,single,unknown,no,4438,yes,no,cellular,2,0,other,0
50,technician,single,primary,no,1,yes,no,unknown,2,0,unknown,0
34,management,married,tertiary,no,1064,yes,no,cellular,1,0,failure,0
78,management,married,primary,no,816,yes,no,telephone,1,0,unknown,0
41,blue-collar,married,secondary,no,-315,yes,no,unknown,1,1,unknown,0
25,housemaid,single,tertiary,no,2793,no,no,cellular,1,0,unknown,0
42,unemployed,married,secondary,no,2603,yes,yes,unknown,5,2,unknown,0
39,blue-collar,married,secondary,no,247,no,no,cellular,7,0,unknown,0
34,technician,married,tertiary,no,1210,no,no,cellular,2,0,unknown,0
28,blue-collar,married,secondary,no,0,yes,no,unknown,2,0,unknown,0
30,management,single,tertiary,no,235,no,no,cellular,1,0,unknown,0
34,services,divorced,secondary,no,0,yes,no,unknown,20,0,unknown,0
46,management,married,tertiary,no,251,no,no,cellular,1,0,other,0
42,management,married,secondary,no,0,yes,no,telephone,3,0,unknown,1
56,management,married,unknown,no,-242,no,no,cellular,1,3,unknown,0
42,management,married,secondary,no,305,yes,no,unknown,5,0,unknown,0
31,blue-collar,single,tertiary,no,705,no,no,unknown,2,0,other,1
53,management,married,secondary,no,434,yes,no,cellular,2,0,failure,0
34,entrepreneur,married,secondary,no,31,yes,no,unknown,5,2,unknown,0
37,blue-collar,single,tertiary,no,363,yes,no,unknown,2,0,unknown,0
49,entrepreneur,married,tertiary,no,634,no,no,cellular,1,0,unknown,0
67,admin.,single,secondary,no,524,no,yes,unknown,2,0,unknown,0
37,admin.,divorced,secondary,no,3196,yes,no,cellular,1,0,failure,1
27,management,married,tertiary,no,13,no,no,cellular,1,0,unknown,0
23,services,married,secondary,no,275,no,no,cellular,2,0,success,0
27,housemaid,married,tertiary,no,2519,yes,no,unknown,2,0,unknown,0
42,blue-collar,single,tertiary,no,5774,no,no,cellular,2,1,unknown,0
51,student,single,tertiary,no,4030,yes,no,unknown,2,1,unknown,0
53,management,married,primary,no,15,no,no,cellular,18,5,unknown,1
28,blue-collar,single,tertiary,no,13,no,no,cellular,2,0,unknown,0
53,management,married,unknown,no,168,yes,no,cellular,2,3,unknown,0
37,blue-collar,married,secondary,no,2,yes,no,cellular,1,0,failure,0
32,entrepreneur,divorced,tertiary,no,10655,no,no,unknown,1,1,unknown,0
50,blue-collar,single,secondary,no,1173,no,yes,cellular,2,0,failure,0
30,management,married,primary,no,142,yes,no,unknown,1,0,unknown,0
42,blue-collar,single,secondary,no,16178,yes,no,cellular,2,0,unknown,1
46,technician,single,secondary,no,2190,no,no,telephone,1,0,unknown,0
40,blue-collar,married,tertiary,no,-518,yes,no,cellular,2,0,unknown,0
43,technician,married,secondary,no,146,no,yes,cellular,1,0,unknown,0
28,management,married,secondary,no,589,yes,no,cellular,2,0,unknown,1
55,technician,single,primary,no,-1,yes,no,cellular,2,0,unknown,1
29,admin.,married,secondary,no,2096,no,no,cellular,1,0,other,0
41,technician,single,secondary,no,2881,no,no,unknown,1,0,unknown,0
33,blue-collar,single,tertiary,no,4567,yes,yes,unknown,1,0,unknown,0
48,technician,married,primary,no,33,no,no,unknown,1,0,unknown,0
40,self-employed,married,secondary,no,7876,no,no,cellular,2,0,failure,0
52,management,married,tertiary,no,48,no,no,cellular,1,0,unknown,1
24,management,married,secondary,no,7353,no,no,unknown,4,0,failure,0
37,admin.,single,tertiary,no,314,yes,yes,cellular,2,0,unknown,1
53,blue-collar,married,secondary,no,92,yes,no,unknown,1,0,unknown,1
29,self-employed,divorced,secondary,no,543,no,yes,cellular,1,0,unknown,0
40,blue-collar,married,secondary,no,668,no,yes,unknown,2,0,failure,0
59,blue-collar,single,tertiary,no,-151,no,no,unknown,3,1,unknown,0
33,blue-collar,married,primary,no,889,yes,no,unknown,3,0,unknown,0
37,entrepreneur,single,secondary,no,177,yes,yes,cellular,1,0,unknown,0
42,blue-collar,single,tertiary,no,4365,yes,no,cellular,14,0,unknown,0
40,blue-collar,single,secondary,no,-90,no,no,cellular,1,0,unknown,0
30,technician,married,primary,no,3636,no,no,unknown,1,0,unknown,0
41,blue-collar,divorced,primary,no,2323,yes,no,cellular,1,0,unknown,0
30,blue-collar,married,secondary,no,55,no,no,cellular,1,0,unknown,0
35,management,divorced,primary,no,1,yes,no,cellular,1,0,success,0
46,self-employed,married,secondary,no,3355,no,no,cellular,6,0,unknown,0
64,blue-collar,single,secondary,no,225,yes,no,unknown,1,0,unknown,0
60,retired,single,primary,no,101,no,yes,cellular,2,2,failure,0
32,services,married,tertiary,no,131,yes,no,telephone,1,0,unknown,0
35,technician,single,tertiary,no,58,yes,no,cellular,1,0,unknown,0
44,technician,divorced,secondary,no,5958,yes,yes,cellular,1,2,unknown,0
33,admin.,single,tertiary,no,209,no,no,cellular,1,0,unknown,0
47,technician,single,secondary,no,244,yes,yes,cellular,1,0,unknown,0
41,services,single,primary,no,442,yes,no,cellular,2,0,unknown,0
48,management,divorced,primary,no,192,yes,no,unknown,1,0,failure,0
49,admin.,married,secondary,no,1339,yes,no,cellular,1,0,failure,0
38,admin.,married,tertiary,no,236,yes,yes,unknown,1,0,unknown,0
49,admin.,married,tertiary,no,434,no,no,cellular,2,0,unknown,0
34,blue-collar,divorced,secondary,no,2323,yes,no,cellular,2,0,failure,0
53,entrepreneur,married,secondary,no,0,no,no,unknown,3,2,unknown,0
47,management,married,unknown,no,1727,no,no,cellular,1,0,unknown,1
37,services,married,secondary,no,95,yes,yes,unknown,2,0,unknown,0
40,blue-collar,divorced,secondary,no,324,yes,no,cellular,2,0,failure,0
49,retired,married,primary,no,902,yes,no,telephone,2,0,unknown,0
37,student,married,secondary,no,1832,no,no,cellular,4,0,unknown,1
57,management,married,secondary,no,4900,yes,no,unknown,1,0,unknown,0
59,management,married,unknown,no,2,yes,no,unknown,3,0,unknown,0
41,entrepreneur,divorced,secondary,no,72,no,no,unknown,1,0,failure,0
52,retired,divorced,secondary,no,302,no,yes,cellular,1,0,unknown,0
52,management,married,secondary,no,260,yes,yes,cellular,3,0,unknown,1
42,blue-collar,married,secondary,no,19,no,no,cellular,3,0,failure,0
37,admin.,married,tertiary,no,769,yes,no,unknown,1,8,unknown,0
37,management,married,secondary,no,-242,yes,no,unknown,2,0,failure,0
31,management,single,primary,no,3071,no,no,cellular,1,0,unknown,0
35,blue-collar,married,secondary,no,6000,yes,no,cellular,1,0,unknown,0
36,blue-collar,divorced,tertiary,no,1242,yes,yes,cellular,1,0,unknown,0
30,management,single,secondary,no,1217,no,yes,unknown,2,0,unknown,0
34,unemployed,married,secondary,no,914,no,no,cellular,2,1,unknown,1
30,services,married,tertiary,no,6145,no,no,cellular,1,0,unknown,0
42,technician,single,primary,no,51,yes,no,cellular,1,0,unknown,0
27,housemaid,married,secondary,no,137,yes,no,unknown,4,2,unknown,0
22,blue-collar,married,secondary,no,3873,yes,no,cellular,2,0,unknown,0
27,blue-collar,married,secondary,no,48,yes,no,cellular,1,2,unknown,0
31,services,single,tertiary,no,428,no,no,unknown,2,0,unknown,0
42,technician,married,unknown,no,10,no,no,cellular,3,0,unknown,0
32,management,married,secondary,no,1060,no,yes,unknown,2,0,unknown,0
33,blue-collar,married,primary,no,2171,yes,no,cellular,1,0,unknown,0
32,technician,divorced,tertiary,no,204,yes,no,telephone,2,0,unknown,0
34,technician,single,primary,no,2039,yes,no,unknown,3,0,failure,0
52,retired,single,secondary,no,5173,no,no,cellular,1,0,failure,1
22,management,married,secondary,no,1433,no,no,cellular,2,0,unknown,0
59,management,married,primary,no,401,yes,yes,cellular,1,0,unknown,0
30,blue-collar,married,tertiary,no,467,yes,no,unknown,1,0,unknown,0
42,technician,single,secondary,no,439,no,no,unknown,1,0,unknown,0
54,student,married,tertiary,no,1,yes,yes,unknown,2,0,unknown,0
31,retired,married,tertiary,no,-401,yes,no,cellular,1,3,unknown,0
56,management,single,secondary,no,0,no,no,unknown,1,2,failure,0
27,student,married,tertiary,no,77,yes,no,cellular,2,0,unknown,1
32,self-employed,divorced,secondary,no,2988,yes,yes,cellular,2,0,unknown,0
34,technician,single,secondary,no,235,yes,no,unknown,6,0,unknown,0
27,blue-collar,divorced,secondary,no,7702,no,no,cellular,1,1,failure,0
43,management,married,primary,no,2330,no,no,cellular,1,0,unknown,0
46,entrepreneur,married,primary,no,4384,yes,no,cellular,4,0,failure,1
49,retired,divorced,tertiary,no,4415,yes,no,unknown,5,0,unknown,0
47,admin.,single,tertiary,no,131,yes,yes,unknown,2,1,unknown,0
43,technician,married,primary,no,1798,yes,no,unknown,1,0,other,0
45,blue-collar,single,secondary,no,5173,yes,no,unknown,17,0,other,0
40,self-employed,married,secondary,no,4824,yes,no,cellular,2,0,unknown,0
36,retired,divorced,tertiary,no,-129,yes,no,cellular,2,0,unknown,0
51,technician,single,secondary,no,66,yes,no,telephone,2,0,unknown,0
27,services,married,tertiary,no,7802,no,no,unknown,1,0,unknown,0
50,student,married,tertiary,yes,1150,yes,no,unknown,4,0,unknown,0
26,management,married,secondary,no,3540,yes,no,cellular,1,0,unknown,0
56,technician,married,secondary,no,16874,no,no,cellular,2,0,other,1
37,management,married,unknown,no,975,yes,no,cellular,1,0,unknown,0
37,services,married,secondary,no,-11,no,no,cellular,3,0,unknown,0
37,blue-collar,married,unknown,no,795,yes,yes,unknown,2,0,failure,0
40,housemaid,married,tertiary,no,562,yes,no,unknown,1,0,unknown,0
30,technician,married,secondary,no,500,no,no,cellular,1,0,unknown,0
63,management,married,tertiary,no,8295,no,no,cellular,1,0,unknown,0
67,management,married,secondary,no,634,yes,yes,telephone,1,0,unknown,1
44,blue-collar,married,secondary,no,-294,no,no,unknown,1,0,unknown,0
45,management,single,secondary,no,0,yes,no,unknown,4,3,unknown,0
34,blue-collar,married,primary,no,866,no,no,cellular,1,0,unknown,0
36,technician,married,tertiary,no,1012,yes,no,unknown,1,5,unknown,1
52,blue-collar,single,secondary,no,0,yes,yes,cellular,6,0,other,0
34,entrepreneur,married,primary,no,-966,yes,no,cellular,3,0,failure,0
29,admin.,married,secondary,no,-674,yes,no,unknown,17,0,failure,0
49,technician,married,secondary,no,625,yes,no,cellular,5,4,unknown,1
38,management,divorced,tertiary,no,0,yes,no,cellular,2,0,unknown,0
56,admin.,single,secondary,no,2431,no,no,cellular,2,0,unknown,0
38,services,married,tertiary,no,1415,yes,no,cellular,1,0,unknown,0
50,blue-collar,married,tertiary,no,81,yes,no,unknown,2,0,unknown,0
33,management,married,tertiary,no,94,yes,no,cellular,1,0,unknown,0
34,blue-collar,single,secondary,no,35,yes,no,telephone,3,0,unknown,1
38,blue-collar,divorced,secondary,no,462,yes,no,unknown,3,0,unknown,1
52,technician,married,tertiary,no,1657,yes,no,cellular,4,7,unknown,1
42,admin.,married,tertiary,no,131,no,no,unknown,5,0,unknown,0
43,blue-collar,married,tertiary,no,0,yes,yes,cellular,2,0,unknown,0
29,technician,single,secondary,no,3,yes,no,cellular,1,0,unknown,0
41,services,married,tertiary,no,4994,yes,no,cellular,1,0,unknown,0
37,blue-collar,single,primary,no,163,yes,no,unknown,5,2,unknown,0
55,technician,married,tertiary,no,-41,yes,no,telephone,1,0,other,0
59,management,single,tertiary,no,-183,yes,no,cellular,1,0,unknown,0
32,entrepreneur,single,secondary,no,2294,no,no,cellular,5,0,unknown,0
41,student,single,secondary,no,23,yes,no,telephone,2,4,unknown,0
49,management,divorced,secondary,no,428,yes,no,cellular,2,1,unknown,1
36,management,married,secondary,no,5,no,no,cellular,2,5,unknown,0
27,technician,single,secondary,no,202,yes,yes,telephone,5,0,success,0
55,technician,divorced,primary,no,0,no,no,telephone,1,0,other,0
33,entrepreneur,married,secondary,no,1916,no,no,telephone,3,0,unknown,0
39,management,married,tertiary,no,1322,no,no,cellular,3,0,unknown,0
39,blue-collar,married,secondary,no,-105,yes,no,cellular,1,0,unknown,0
59,technician,married,primary,no,524,yes,no,unknown,1,0,unknown,0
27,admin.,married,secondary,no,334,yes,no,cellular,1,1,unknown,0
53,management,married,secondary,no,614,yes,no,cellular,1,0,unknown,0
36,technician,married,primary,no,261,yes,no,unknown,3,0,unknown,0
30,technician,married,secondary,no,5533,no,no,cellular,4,0,unknown,0
26,management,married,tertiary,no,5403,yes,no,cellular,4,0,unknown,0
49,blue-collar,married,secondary,no,15311,no,no,cellular,1,0,unknown,0
58,unemployed,divorced,secondary,no,1464,yes,yes,unknown,1,0,unknown,0
45,blue-collar,divorced,secondary,no,18,yes,no,unknown,1,0,unknown,0
32,student,single,tertiary,no,887,no,no,unknown,2,0,unknown,0
79,services,single,tertiary,no,0,yes,no,unknown,2,0,unknown,0
46,blue-collar,single,tertiary,no,9339,yes,no,unknown,1,0,unknown,0
29,retired,divorced,secondary,no,0,no,no,cellular,4,0,unknown,1
33,blue-collar,single,secondary,no,1790,no,no,unknown,13,0,unknown,1
31,services,married,secondary,no,295,no,no,cellular,1,3,unknown,0
41,admin.,married,secondary,no,543,yes,yes,cellular,5,0,unknown,0
32,retired,married,primary,no,0,yes,yes,cellular,4,0,unknown,1
33,management,married,tertiary,no,4256,yes,yes,unknown,2,0,unknown,0
30,management,married,secondary,no,582,no,no,unknown,2,0,unknown,0
26,admin.,single,tertiary,no,810,yes,no,cellular,2,0,unknown,0
43,unemployed,single,secondary,no,781,yes,no,cellular,8,0,unknown,0
35,admin.,married,primary,no,3436,yes,yes,cellular,1,3,failure,0
36,unemployed,married,tertiary,no,1790,no,yes,cellular,2,0,unknown,0
54,admin.,married,secondary,no,2,no,no,unknown,2,4,unknown,0
59,services,single,unknown,no,326,yes,yes,unknown,1,0,unknown,0
36,management,married,secondary,no,1594,yes,no,cellular,1,0,unknown,0
28,management,single,secondary,no,89,yes,no,cellular,1,2,unknown,0
40,blue-collar,divorced,unknown,no,280,yes,no,cellular,1,4,unknown,0
40,admin.,married,secondary,no,492,yes,no,cellular,1,2,unknown,0
45,unemployed,married,tertiary,no,3107,yes,no,cellular,2,0,success,0
31,admin.,single,secondary,no,244,no,no,unknown,2,0,unknown,0
33,services,married,secondary,no,0,no,no,cellular,6,0,unknown,1
43,management,divorced,secondary,no,-386,yes,no,cellular,1,0,unknown,0
61,blue-collar,married,tertiary,no,574,no,yes,unknown,7,1,failure,0
41,technician,married,tertiary,no,46,yes,no,unknown,5,1,unknown,0
41,technician,married,tertiary,no,-401,yes,no,unknown,4,0,unknown,0
32,unemployed,married,primary,no,1148,yes,no,cellular,4,1,unknown,0
31,unemployed,married,tertiary,no,4539,yes,yes,cellular,1,0,unknown,0
46,management,married,primary,no,0,yes,no,cellular,1,3,unknown,0
42,admin.,single,tertiary,no,377,yes,no,cellular,2,0,unknown,0
40,student,married,tertiary,no,20,no,no,telephone,1,0,failure,1
51,blue-collar,married,tertiary,no,4194,no,no,cellular,1,0,unknown,0
50,blue-collar,married,unknown,no,8556,yes,yes,cellular,2,0,unknown,0
33,student,divorced,secondary,no,1448,no,no,cellular,1,0,failure,0
34,technician,single,primary,no,192,yes,yes,unknown,2,0,failure,0
28,self-employed,married,secondary,no,5887,yes,no,cellular,2,0,unknown,0
44,management,single,tertiary,no,849,yes,no,cellular,3,0,unknown,0
31,blue-collar,married,primary,no,413,yes,no,cellular,2,2,unknown,0
38,blue-collar,single,primary,no,306,yes,no,cellular,2,0,unknown,0
36,management,single,tertiary,no,3355,yes,no,telephone,7,0,failure,0
45,technician,married,tertiary,no,-220,yes,no,telephone,2,0,unknown,0
36,self-employed,single,tertiary,no,142,yes,no,unknown,1,0,unknown,0
38,technician,single,secondary,no,0,no,no,cellular,1,0,unknown,0
32,entrepreneur,married,primary,no,1211,yes,yes,cellular,1,0,unknown,0
55,admin.,single,secondary,no,4667,no,no,cellular,2,0,unknown,0
36,blue-collar,divorced,primary,no,1738,yes,yes,cellular,3,0,unknown,0
47,technician,married,secondary,no,7513,no,no,unknown,1,0,failure,0
41,technician,married,secondary,no,230,yes,yes,telephone,2,0,failure,0
40,unemployed,married,tertiary,no,173,no,no,cellular,3,0,unknown,0
46,admin.,married,primary,no,-406,yes,yes,cellular,1,0,unknown,0
31,services,single,secondary,no,994,yes,no,unknown,5,0,failure,0
38,blue-collar,single,secondary,no,479,no,no,cellular,1,0,unknown,0
32,admin.,married,primary,no,2398,yes,no,cellular,1,0,unknown,1
32,blue-collar,single,primary,no,541,yes,no,cellular,1,0,unknown,1
42,technician,married,tertiary,no,372,yes,yes,unknown,1,0,unknown,0
31,blue-collar,single,secondary,no,2013,no,no,cellular,1,0,unknown,0
41,technician,married,secondary,yes,-498,yes,yes,telephone,3,2,unknown,0
43,self-employed,divorced,secondary,no,0,yes,no,unknown,2,0,unknown,0
43,blue-collar,single,tertiary,no,315,yes,no,cellular,2,0,unknown,0
34,management,married,secondary,no,-196,no,no,cellular,2,0,unknown,0
26,admin.,married,primary,no,43,yes,no,unknown,3,0,failure,0
39,services,married,secondary,no,18,yes,no,cellular,2,0,unknown,0
41,retired,married,tertiary,no,1,yes,no,cellular,9,0,unknown,0
54,services,married,tertiary,no,60,no,no,unknown,8,0,unknown,0
36,blue-collar,married,tertiary,no,3298,yes,yes,cellular,1,0,unknown,0
48,management,divorced,secondary,no,0,yes,yes,cellular,2,3,unknown,0
50,services,married,secondary,no,2488,no,yes,cellular,3,0,unknown,0
30,services,divorced,secondary,no,1333,no,no,telephone,1,2,success,1
41,technician,married,tertiary,no,474,yes,yes,cellular,2,0,unknown,0
33,blue-collar,married,secondary,no,3285,no,no,cellular,2,0,unknown,0
32,retired,married,tertiary,no,2,yes,yes,cellular,3,0,unknown,0
34,technician,married,primary,no,1069,yes,no,cellular,2,0,failure,0
35,retired,married,secondary,no,610,yes,no,cellular,3,9,unknown,0
51,entrepreneur,married,tertiary,no,1772,yes,no,telephone,1,0,unknown,1
48,retired,married,secondary,no,0,yes,no,cellular,3,0,unknown,0
30,blue-collar,single,unknown,no,4897,no,no,cellular,4,0,failure,0
34,management,married,unknown,no,411,yes,no,cellular,2,0,unknown,0
39,management,married,secondary,no,137,no,no,cellular,1,1,unknown,0
43,management,married,tertiary,no,2885,yes,no,unknown,1,5,unknown,0
36,management,married,tertiary,no,473,no,no,cellular,2,0,unknown,0
60,management,married,secondary,no,0,no,no,cellular,1,0,unknown,0
38,technician,divorced,secondary,no,998,yes,no,cellular,2,0,failure,0
33,management,married,primary,no,-105,no,no,cellular,1,0,unknown,0
44,management,divorced,secondary,no,1998,no,no,unknown,2,0,unknown,1
42,housemaid,married,secondary,no,691,no,yes,telephone,1,0,unknown,0
33,blue-collar,married,secondary,no,121,no,no,cellular,1,6,failure,0
43,admin.,married,secondary,no,703,yes,no,telephone,1,0,unknown,0
33,technician,married,secondary,no,26965,no,no,unknown,1,0,failure,0
39,retired,married,secondary,no,1611,yes,no,cellular,3,0,unknown,1
72,blue-collar,single,unknown,no,-632,yes,no,unknown,4,0,unknown,0
54,management,single,secondary,no,1623,no,no,unknown,8,0,unknown,0
32,student,married,secondary,no,442,no,no,cellular,1,1,unknown,0
61,services,married,tertiary,no,699,yes,no,cellular,1,0,failure,0
39,technician,married,secondary,no,2304,yes,yes,unknown,7,0,unknown,0
41,management,married,secondary,no,-256,no,no,telephone,17,0,failure,0
33,technician,divorced,unknown,no,4900,no,no,unknown,1,0,unknown,0
54,technician,married,secondary,no,5,no,no,cellular,3,0,unknown,0
49,services,single,secondary,no,0,yes,no,telephone,1,0,failure,0
53,student,married,secondary,no,365,yes,no,unknown,1,0,unknown,0
61,retired,married,secondary,no,681,no,no,unknown,30,0,unknown,0
35,blue-collar,single,secondary,no,59,yes,no,cellular,1,0,unknown,0
44,technician,married,secondary,no,2094,no,no,telephone,5,0,unknown,0
53,technician,married,tertiary,no,127,yes,no,cellular,1,0,unknown,0
41,blue-collar,married,tertiary,no,2154,no,no,cellular,2,0,unknown,0
53,management,married,tertiary,no,454,no,no,cellular,1,0,other,0
55,management,divorced,tertiary,no,293,no,yes,cellular,1,0,unknown,0
47,blue-collar,married,tertiary,no,351,no,no,cellular,2,0,unknown,0
52,technician,single,secondary,no,0,no,no,cellular,5,0,unknown,1
66,blue-collar,married,secondary,no,299,no,no,cellular,1,0,unknown,0
27,admin.,married,tertiary,no,642,yes,no,cellular,3,0,unknown,0
36,technician,married,secondary,no,1011,no,no,cellular,1,0,unknown,0
36,blue-collar,married,secondary,no,0,no,no,cellular,2,0,unknown,1
30,self-employed,married,secondary,no,323,yes,no,unknown,11,0,unknown,1
27,technician,married,primary,no,72,no,no,cellular,1,0,unknown,0
54,admin.,married,secondary,no,2537,yes,no,cellular,1,0,unknown,0
55,management,married,secondary,no,47,yes,no,unknown,2,0,failure,0
60,management,single,tertiary,no,1027,no,no,cellular,2,0,unknown,0
27,student,single,primary,no,0,yes,no,cellular,4,5,unknown,0
34,self-employed,single,primary,no,5878,no,no,cellular,2,0,other,0
64,management,married,tertiary,no,5060,yes,no,cellular,8,0,unknown,0
36,technician,divorced,unknown,no,291,no,no,cellular,1,0,unknown,0
31,management,single,secondary,no,1199,yes,no,unknown,2,0,unknown,0
41,unemployed,married,primary,no,623,no,no,unknown,1,0,unknown,0
37,management,married,tertiary,no,604,yes,no,unknown,2,0,unknown,0
48,blue-collar,single,tertiary,no,1235,yes,no,cellular,1,0,unknown,0
27,blue-collar,single,secondary,no,2070,yes,no,cellular,1,0,unknown,1
29,management,married,secondary,no,2658,no,no,cellular,1,0,success,0
54,management,divorced,secondary,no,13117,no,no,cellular,2,0,unknown,0
39,technician,married,secondary,no,1149,yes,no,cellular,1,0,unknown,0
49,services,married,unknown,no,308,no,no,cellular,4,1,unknown,0
42,services,married,unknown,no,385,yes,no,cellular,4,1,unknown,0
55,admin.,married,secondary,no,3875,yes,no,unknown,4,0,other,0
40,unemployed,married,primary,no,7813,yes,no,unknown,4,0,unknown,0
59,technician,married,unknown,no,7780,yes,yes,cellular,3,0,unknown,0
54,services,married,tertiary,no,12223,yes,no,unknown,1,0,unknown,0
29,management,single,secondary,no,215,no,no,unknown,10,0,success,0
60,management,single,tertiary,no,28,no,no,cellular,1,2,unknown,0
48,technician,married,secondary,no,388,no,no,unknown,1,0,unknown,1
55,retired,single,secondary,no,151,yes,no,cellular,1,0,unknown,1
26,self-employed,married,tertiary,no,8023,yes,no,unknown,1,0,unknown,0
47,blue-collar,single,tertiary,no,145,yes,no,cellular,1,0,unknown,0
38,technician,single,secondary,no,757,yes,no,cellular,2,0,failure,0
34,blue-collar,divorced,primary,no,-932,yes,yes,cellular,3,0,unknown,0
57,services,single,tertiary,no,60,yes,no,cellular,1,1,unknown,1
32,management,married,secondary,no,0,yes,yes,cellular,3,1,unknown,1
36,housemaid,married,secondary,no,8,no,no,cellular,3,0,success,0
37,retired,married,secondary,no,1594,yes,no,cellular,1,1,unknown,0
53,management,married,secondary,no,999,no,no,cellular,30,0,unknown,0
39,management,single,secondary,no,275,yes,no,unknown,1,0,unknown,0
35,technician,married,tertiary,no,73,no,yes,cellular,1,0,unknown,0
48,technician,married,tertiary,no,691,yes,no,unknown,4,0,unknown,0
34,management,married,primary,no,664,yes,no,cellular,8,0,other,0
43,management,married,tertiary,no,2587,yes,no,cellular,2,0,unknown,0
35,retired,married,tertiary,no,490,no,no,cellular,1,0,unknown,0
30,technician,married,secondary,no,293,yes,no,cellular,1,0,unknown,1
31,management,married,secondary,no,2225,no,no,cellular,2,0,unknown,0
59,management,married,secondary,no,4895,no,no,cellular,2,2,unknown,0
33,management,single,tertiary,no,3285,yes,no,cellular,2,4,unknown,0
47,entrepreneur,married,secondary,no,267,yes,no,cellular,9,0,unknown,0
29,blue-collar,married,secondary,no,318,yes,no,cellular,2,0,other,0
50,admin.,single,secondary,no,1008,yes,no,cellular,2,0,unknown,0
44,unemployed,married,secondary,no,769,no,no,cellular,3,0,unknown,0
23,admin.,single,tertiary,no,0,no,no,cellular,4,0,unknown,0
44,admin.,married,secondary,no,0,yes,no,cellular,2,0,unknown,0
58,management,divorced,secondary,no,728,no,yes,unknown,3,0,other,0
38,management,single,secondary,no,1584,no,no,cellular,1,0,unknown,0
43,services,married,secondary,no,0,yes,no,cellular,4,0,unknown,1
39,technician,married,primary,no,230,yes,no,cellular,1,1,unknown,0
49,housemaid,married,tertiary,no,1783,yes,no,unknown,1,0,unknown,0
26,blue-collar,married,secondary,no,232,yes,no,cellular,13,0,unknown,0
42,management,married,secondary,no,1844,no,no,unknown,3,0,other,0
52,blue-collar,married,tertiary,no,1291,yes,no,cellular,5,0,unknown,0
41,blue-collar,single,tertiary,no,47,yes,no,cellular,15,0,failure,0
23,technician,married,secondary,no,3676,no,no,cellular,1,1,unknown,0
34,technician,married,primary,no,0,yes,no,telephone,8,0,unknown,0
57,housemaid,single,secondary,no,5195,no,no,unknown,1,0,unknown,0
27,services,married,tertiary,no,246,yes,no,cellular,4,0,unknown,0
54,management,single,secondary,no,2812,no,yes,cellular,1,2,unknown,0
54,management,married,primary,no,5235,no,no,cellular,9,0,unknown,0
79,blue-collar,single,primary,no,1415,no,no,cellular,2,4,other,0
30,management,single,primary,no,3872,yes,no,unknown,1,0,unknown,0
45,technician,single,tertiary,no,1550,no,no,cellular,1,0,unknown,0
48,blue-collar,married,secondary,no,309,yes,no,cellular,1,0,unknown,0
39,technician,divorced,tertiary,no,581,yes,yes,unknown,1,0,unknown,0
33,services,married,primary,no,-73,no,no,unknown,3,0,failure,0
60,services,married,secondary,no,0,no,no,cellular,1,1,unknown,1
49,technician,married,unknown,no,3401,no,no,unknown,1,0,unknown,0
32,technician,married,primary,yes,433,yes,no,cellular,2,2,unknown,0
46,housemaid,married,secondary,no,1738,no,no,cellular,2,0,unknown,0
30,services,married,secondary,no,1032,yes,yes,cellular,6,0,unknown,0
37,management,married,tertiary,no,1665,yes,no,unknown,1,0,unknown,0
51,services,single,secondary,no,2240,yes,no,cellular,2,0,failure,0
48,housemaid,married,primary,no,722,no,no,telephone,2,3,unknown,0
38,unemployed,single,primary,yes,1,no,no,unknown,2,0,unknown,0
36,management,married,secondary,no,86,yes,no,cellular,1,0,unknown,1
46,blue-collar,married,secondary,no,1970,yes,no,cellular,1,0,unknown,0
30,services,married,secondary,no,641,yes,no,unknown,3,0,unknown,0
52,blue-collar,single,secondary,no,1533,yes,no,unknown,5,0,unknown,0
26,technician,single,tertiary,no,732,yes,no,cellular,4,0,unknown,0
42,services,single,secondary,no,819,no,no,cellular,6,1,unknown,0
30,blue-collar,married,secondary,no,16,no,no,cellular,1,0,failure,0
27,blue-collar,married,secondary,no,119,no,no,cellular,1,0,unknown,0
48,blue-collar,married,unknown,no,579,no,no,unknown,2,1,unknown,0
47,student,single,secondary,no,-246,yes,no,cellular,8,0,other,0
48,blue-collar,single,secondary,no,1587,no,no,cellular,1,0,unknown,0
65,admin.,single,secondary,no,92,no,no,cellular,1,0,unknown,0
37,technician,single,secondary,no,37,yes,no,cellular,5,1,unknown,0
59,student,single,primary,no,1696,yes,no,cellular,1,1,unknown,0
39,admin.,married,secondary,no,-105,no,no,cellular,1,2,unknown,0
47,management,married,primary,no,14,no,no,cellular,6,0,unknown,0
56,management,married,primary,no,1,yes,no,unknown,1,0,unknown,0
41,services,married,primary,no,3608,yes,no,unknown,2,0,unknown,0
31,admin.,married,secondary,no,143,yes,yes,cellular,1,0,unknown,0
53,technician,single,secondary,no,1308,yes,yes,cellular,1,0,unknown,0
46,blue-collar,married,primary,no,3939,no,no,cellular,1,0,unknown,0
47,self-employed,married,tertiary,no,385,yes,no,cellular,4,0,unknown,0
39,technician,single,tertiary,no,265,no,no,cellular,2,0,unknown,0
35,blue-collar,married,unknown,no,188,yes,no,cellular,7,0,unknown,0
31,technician,married,primary,no,0,no,no,cellular,1,0,unknown,0
37,blue-collar,single,secondary,no,225,yes,no,cellular,4,0,failure,0
31,technician,married,tertiary,no,-423,yes,no,cellular,8,0,unknown,0
25,management,married,secondary,no,403,no,no,cellular,2,0,unknown,0
42,blue-collar,single,secondary,no,360,yes,no,cellular,6,0,unknown,0
41,management,married,secondary,no,8876,yes,no,cellular,1,0,unknown,0
28,admin.,single,primary,no,6421,yes,no,telephone,6,0,unknown,1
23,unemployed,married,primary,no,305,yes,no,cellular,2,0,unknown,0
38,management,married,secondary,no,93,no,no,unknown,8,0,unknown,0
58,management,married,unknown,no,541,yes,no,cellular,1,0,unknown,0
32,blue-collar,married,secondary,no,3463,no,no,unknown,4,0,unknown,0
46,technician,married,secondary,no,2893,yes,no,telephone,1,0,failure,0
40,management,married,unknown,no,573,yes,yes,cellular,3,0,unknown,0
43,blue-collar,married,tertiary,no,171,no,yes,cellular,8,0,other,1
48,blue-collar,married,primary,no,3990,no,no,cellular,1,0,unknown,0
54,management,married,secondary,no,75,no,no,cellular,2,0,unknown,0
41,retired,married,primary,no,406,yes,no,unknown,1,0,unknown,0
35,blue-collar,married,tertiary,no,2395,no,no,cellular,2,0,unknown,0
25,blue-collar,married,tertiary,yes,2727,no,no,unknown,1,0,unknown,0
42,management,married,secondary,no,505,no,no,unknown,1,0,unknown,0
45,housemaid,single,secondary,no,473,no,no,cellular,2,0,unknown,1
32,management,divorced,tertiary,no,1679,no,yes,telephone,1,0,failure,0
55,management,single,tertiary,no,379,no,yes,cellular,6,0,unknown,0
84,management,married,secondary,no,3694,yes,no,cellular,1,1,unknown,0
49,self-employed,divorced,tertiary,no,0,no,yes,unknown,1,0,unknown,0
29,blue-collar,single,secondary,no,8647,yes,no,unknown,2,0,unknown,0
45,admin.,married,secondary,no,2146,no,no,unknown,1,0,unknown,0
58,management,married,tertiary,no,0,no,no,unknown,2,12,unknown,0
44,entrepreneur,single,secondary,no,1380,yes,no,cellular,7,0,unknown,0
50,technician,married,primary,no,385,no,no,cellular,7,0,unknown,0
59,services,divorced,secondary,no,301,no,no,cellular,2,0,unknown,0
38,unemployed,married,secondary,no,257,yes,no,cellular,2,0,unknown,0
36,services,single,secondary,no,326,no,no,cellular,2,1,unknown,1
41,technician,married,secondary,no,1944,yes,yes,cellular,2,0,unknown,0
43,admin.,married,tertiary,no,1380,no,no,cellular,8,0,unknown,0
37,management,married,secondary,no,280,yes,no,cellular,3,2,unknown,0
25,blue-collar,married,tertiary,no,419,no,no,cellular,1,0,unknown,0
34,retired,married,secondary,no,7195,no,no,cellular,1,0,unknown,0
51,admin.,married,secondary,no,102,yes,no,unknown,1,0,unknown,0
25,services,married,secondary,no,7696,no,yes,telephone,2,2,failure,1
36,services,single,secondary,no,1025,yes,no,unknown,1,0,unknown,0
28,services,married,tertiary,no,14093,yes,no,cellular,4,0,unknown,0
39,blue-collar,single,secondary,no,342,yes,no,cellular,1,0,unknown,1
45,blue-collar,married,secondary,no,-498,no,no,cellular,1,0,unknown,0
35,technician,married,secondary,no,0,no,no,cellular,3,0,unknown,1
57,blue-collar,married,tertiary,no,1970,yes,no,unknown,1,0,unknown,0
31,technician,single,primary,no,1027,yes,no,cellular,3,0,other,0
56,management,single,secondary,no,0,no,no,cellular,3,0,failure,0
48,management,married,secondary,yes,145,yes,yes,unknown,4,1,unknown,0
34,management,divorced,secondary,no,128,no,no,cellular,2,0,unknown,0
38,blue-collar,single,secondary,no,1291,yes,no,unknown,1,2,unknown,0
47,management,single,tertiary,no,8,no,yes,cellular,5,0,unknown,0
32,management,married,secondary,no,978,yes,yes,unknown,1,1,failure,0
39,technician,married,tertiary,no,2160,yes,no,cellular,3,5,unknown,0
44,services,married,tertiary,no,935,yes,no,unknown,5,4,unknown,0
49,blue-collar,married,primary,no,-220,no,yes,cellular,2,0,unknown,0
61,technician,married,secondary,no,499,no,yes,cellular,4,0,unknown,0
56,entrepreneur,married,tertiary,no,200,yes,no,cellular,4,0,unknown,0
40,unemployed,single,tertiary,no,1274,no,no,unknown,2,0,other,0
35,housemaid,married,primary,no,849,yes,no,unknown,1,0,failure,0
65,technician,married,tertiary,no,525,yes,no,cellular,2,0,unknown,0
50,blue-collar,married,secondary,no,44,no,yes,cellular,8,0,unknown,0
52,entrepreneur,married,tertiary,no,61,no,no,cellular,4,0,unknown,0
30,management,single,primary,no,-56,no,yes,cellular,4,0,unknown,1
27,blue-collar,single,secondary,no,694,yes,no,unknown,2,0,unknown,0
37,management,single,secondary,no,2157,no,no,cellular,7,1,unknown,0
53,blue-collar,single,tertiary,no,5278,no,yes,cellular,1,0,unknown,0
50,blue-collar,married,secondary,no,4994,yes,yes,cellular,1,1,unknown,0
42,blue-collar,single,secondary,no,19447,yes,no,cellular,4,0,unknown,0
35,retired,married,secondary,no,4,yes,no,cellular,1,0,unknown,0
31,management,married,tertiary,no,2013,yes,no,cellular,2,0,unknown,0
38,housemaid,married,tertiary,no,649,no,no,cellular,1,0,unknown,0
25,management,divorced,tertiary,no,33,yes,no,cellular,1,1,unknown,0
33,blue-collar,married,secondary,no,3401,no,no,cellular,1,4,unknown,0
32,admin.,single,primary,no,0,yes,no,cellular,1,0,unknown,1
44,blue-collar,married,secondary,no,412,yes,no,cellular,10,0,unknown,0
45,technician,married,tertiary,no,0,yes,no,cellular,1,0,unknown,0
45,services,divorced,tertiary,no,130,no,no,unknown,2,0,unknown,0
59,management,married,secondary,no,202,yes,no,unknown,4,0,unknown,0
43,management,single,secondary,no,1200,yes,no,unknown,1,0,failure,0
35,entrepreneur,married,tertiary,no,292,yes,no,unknown,28,0,unknown,0
43,management,married,secondary,no,1757,no,no,unknown,1,0,unknown,0
34,management,single,primary,no,-20,no,no,cellular,2,0,unknown,0
54,blue-collar,divorced,tertiary,no,440,yes,no,cellular,1,0,unknown,0
35,management,divorced,secondary,no,788,no,no,telephone,3,0,unknown,0
37,retired,single,tertiary,no,3096,yes,no,unknown,5,0,unknown,0
50,admin.,divorced,tertiary,no,2,yes,yes,cellular,1,0,unknown,1
53,retired,married,secondary,no,75,yes,no,unknown,2,0,failure,0
40,management,single,secondary,no,6053,yes,no,cellular,2,0,unknown,0
43,blue-collar,single,secondary,no,743,no,no,cellular,5,0,unknown,0
58,unemployed,divorced,secondary,no,6483,no,no,cellular,1,0,unknown,0
35,management,married,secondary,no,584,no,no,cellular,6,0,unknown,0
49,unemployed,married,tertiary,no,2519,yes,no,cellular,1,1,unknown,0
61,technician,married,secondary,no,1580,no,no,cellular,2,0,unknown,0
31,blue-collar,married,secondary,no,2,no,no,unknown,1,0,unknown,0
42,management,married,secondary,no,823,no,no,unknown,10,0,failure,1
39,blue-collar,married,tertiary,no,744,no,no,cellular,2,0,unknown,0
32,retired,married,secondary,no,1927,no,no,cellular,7,1,unknown,0
53,technician,married,tertiary,no,466,no,no,unknown,6,0,other,0
58,management,married,secondary,no,782,yes,yes,telephone,1,3,unknown,1
32,blue-collar,single,secondary,no,464,no,no,unknown,1,0,unknown,0
40,management,single,secondary,no,608,no,no,cellular,2,0,unknown,0
58,management,divorced,tertiary,no,0,no,no,cellular,1,0,unknown,0
33,student,married,tertiary,no,208,yes,no,cellular,2,0,unknown,0
59,blue-collar,married,primary,no,887,no,no,cellular,4,0,other,0
66,management,married,unknown,no,0,no,no,unknown,1,0,unknown,0
52,blue-collar,married,primary,no,-242,yes,no,telephone,13,0,unknown,0
42,admin.,married,secondary,no,-280,yes,no,unknown,7,2,unknown,1
38,management,single,secondary,no,-464,no,no,cellular,2,24,unknown,0
41,services,single,tertiary,no,475,yes,no,cellular,3,0,failure,0
43,management,divorced,tertiary,no,4,no,no,unknown,2,0,unknown,0
42,management,single,primary,no,94,yes,yes,cellular,1,2,unknown,0
43,unemployed,married,primary,yes,473,no,no,cellular,6,0,unknown,0
46,technician,married,secondary,no,16,no,no,unknown,4,0,unknown,0
32,management,married,secondary,no,55,no,no,unknown,4,0,unknown,0
32,admin.,married,primary,no,700,yes,no,unknown,3,0,unknown,0
58,services,married,tertiary,no,2767,no,yes,cellular,1,0,unknown,0
43,management,married,tertiary,no,994,no,yes,cellular,3,0,unknown,0
39,management,married,tertiary,no,1242,yes,no,cellular,4,0,unknown,0
42,blue-collar,single,primary,no,9121,no,no,cellular,6,0,other,0
49,blue-collar,married,primary,no,1210,no,no,cellular,3,0,failure,0
31,blue-collar,divorced,tertiary,no,453,yes,no,unknown,3,0,unknown,0
49,technician,married,tertiary,no,0,no,no,unknown,4,0,unknown,0
42,services,single,secondary,no,1721,yes,no,cellular,3,0,unknown,0
32,admin.,married,secondary,no,179,yes,no,unknown,1,0,other,0
71,admin.,married,tertiary,no,3043,no,no,telephone,1,0,unknown,1
53,blue-collar,single,tertiary,no,0,yes,no,cellular,4,0,unknown,0
41,admin.,single,primary,no,816,no,no,cellular,1,0,unknown,0
37,services,divorced,secondary,no,54,no,yes,cellular,8,0,unknown,0
35,services,single,tertiary,no,133,no,no,cellular,15,0,unknown,0
54,admin.,single,secondary,no,2987,yes,no,unknown,5,0,unknown,0
46,blue-collar,married,tertiary,no,473,no,no,cellular,1,0,unknown,0
36,management,single,secondary,no,3450,no,no,cellular,2,4,unknown,0
37,technician,divorced,secondary,no,462,yes,no,cellular,4,2,unknown,0
57,admin.,single,secondary,no,3234,no,no,cellular,2,0,unknown,0
42,management,divorced,unknown,no,732,yes,no,telephone,1,0,unknown,0
32,technician,married,primary,no,2013,no,no,unknown,2,0,unknown,1
32,self-employed,married,primary,no,6290,yes,yes,cellular,1,0,failure,0
42,technician,married,secondary,no,1927,yes,no,cellular,1,0,unknown,0
40,management,married,secondary,no,57,no,no,cellular,11,0,unknown,0
25,management,married,secondary,no,701,yes,no,cellular,4,0,unknown,0
36,admin.,married,secondary,no,65,no,no,cellular,1,0,unknown,0
63,management,single,secondary,no,353,no,no,unknown,1,0,unknown,0
38,services,single,primary,no,68,yes,no,cellular,4,0,unknown,0
58,entrepreneur,married,tertiary,no,764,no,yes,cellular,2,0,unknown,0
38,entrepreneur,married,unknown,no,422,yes,no,cellular,8,0,failure,0
41,management,divorced,primary,no,67,no,no,unknown,8,0,unknown,0
35,blue-collar,divorced,tertiary,no,-872,no,no,cellular,6,0,other,0
27,entrepreneur,married,secondary,no,0,yes,no,cellular,1,0,failure,0
30,management,divorced,secondary,no,1269,no,no,cellular,2,0,unknown,0
36,technician,married,secondary,no,3792,yes,no,cellular,1,0,unknown,1
56,blue-collar,married,primary,no,1,yes,no,cellular,2,0,failure,0
56,blue-collar,divorced,secondary,no,6699,no,no,cellular,1,0,unknown,0
42,unknown,single,tertiary,no,13,no,no,cellular,2,0,unknown,0
30,technician,married,unknown,no,1429,yes,no,cellular,3,1,unknown,0
29,retired,married,secondary,no,872,no,no,cellular,11,0,unknown,1
27,retired,married,primary,no,102,no,no,cellular,4,0,unknown,1
27,technician,divorced,secondary,no,-140,no,no,cellular,3,0,unknown,0
34,blue-collar,divorced,secondary,no,1043,no,no,cellular,2,0,unknown,0
39,blue-collar,divorced,secondary,no,871,no,yes,cellular,1,0,unknown,0
47,unemployed,married,secondary,no,27,yes,no,unknown,1,0,failure,0
41,blue-collar,married,secondary,no,7317,yes,no,cellular,2,0,failure,0
51,management,married,secondary,no,396,no,no,unknown,2,0,unknown,1
39,unemployed,married,secondary,no,1429,yes,no,cellular,1,0,unknown,0
26,blue-collar,divorced,tertiary,no,388,yes,no,cellular,1,0,unknown,0
51,technician,married,secondary,no,2431,yes,no,cellular,1,0,unknown,0
39,technician,single,secondary,no,2685,yes,no,cellular,3,0,unknown,0
55,management,married,tertiary,no,8876,no,no,cellular,1,0,unknown,1
46,management,single,tertiary,no,874,yes,yes,unknown,12,0,unknown,0
49,admin.,divorced,tertiary,no,0,yes,no,cellular,3,0,unknown,0
33,blue-collar,single,primary,no,416,yes,no,cellular,2,3,unknown,0
34,admin.,single,secondary,no,314,yes,no,cellular,2,0,unknown,0
32,management,married,secondary,no,20,yes,no,unknown,1,0,failure,0
41,services,single,secondary,no,427,no,no,unknown,3,0,unknown,0
41,management,divorced,primary,no,407,no,no,cellular,2,0,unknown,0
27,admin.,single,tertiary,no,9207,no,no,cellular,1,0,unknown,0
33,entrepreneur,married,primary,no,424,yes,no,cellular,1,0,unknown,0
46,unknown,married,secondary,no,3432,yes,no,cellular,4,0,unknown,0
48,management,single,secondary,no,2246,yes,no,cellular,1,0,unknown,1
60,admin.,married,secondary,no,0,yes,no,cellular,3,0,unknown,0
33,management,married,secondary,no,1043,yes,no,cellular,2,0,unknown,0
34,housemaid,married,unknown,no,14,no,no,cellular,2,0,unknown,0
74,technician,married,primary,no,816,no,yes,cellular,8,0,unknown,0
38,technician,married,secondary,no,8312,no,no,cellular,3,1,unknown,0
26,management,married,secondary,no,623,yes,no,unknown,10,0,unknown,0
58,technician,divorced,tertiary,no,-110,no,no,cellular,1,0,failure,1
30,services,married,secondary,no,3573,no,yes,cellular,2,0,unknown,0
34,admin.,single,secondary,no,2974,no,yes,cellular,2,0,unknown,0
52,blue-collar,divorced,secondary,no,306,yes,yes,cellular,8,0,unknown,1
37,management,divorced,primary,no,1327,no,no,unknown,1,0,unknown,0
48,management,married,tertiary,no,712,no,no,cellular,4,9,success,0
39,blue-collar,single,tertiary,no,4020,yes,no,unknown,1,1,unknown,0
30,self-employed,married,primary,no,1052,no,yes,cellular,1,0,unknown,1
42,technician,single,unknown,no,15,yes,no,cellular,1,1,unknown,0
33,blue-collar,married,primary,no,2700,yes,no,cellular,2,0,unknown,1
56,technician,single,secondary,no,2294,yes,no,cellular,1,7,unknown,1
50,management,married,secondary,no,206,yes,no,cellular,1,0,unknown,0
42,self-employed,single,tertiary,no,3432,no,no,cellular,9,0,unknown,1
54,services,married,tertiary,no,3134,yes,yes,unknown,9,0,unknown,0
45,technician,married,secondary,no,2395,yes,no,cellular,1,0,unknown,0
42,technician,married,secondary,no,-29,no,no,unknown,1,0,failure,0
33,blue-collar,divorced,tertiary,no,4831,no,yes,cellular,8,0,unknown,0
30,services,single,secondary,no,261,no,no,cellular,4,0,unknown,0
35,blue-collar,married,secondary,no,3230,no,no,cellular,29,0,unknown,0
35,blue-collar,married,secondary,no,2767,yes,no,cellular,1,0,unknown,0
38,self-employed,single,primary,no,181,no,no,unknown,4,0,unknown,0
36,technician,married,secondary,no,130,no,no,cellular,1,0,unknown,0
50,technician,divorced,tertiary,no,292,yes,no,cellular,1,0,failure,0
38,services,single,tertiary,no,27,no,no,cellular,2,0,unknown,0
32,services,married,secondary,no,4075,yes,no,cellular,2,0,unknown,0
52,management,married,secondary,no,5431,no,no,unknown,2,0,failure,0
73,technician,married,tertiary,no,668,yes,no,unknown,1,0,unknown,0
35,admin.,single,tertiary,no,9,yes,no,cellular,2,1,other,0
37,management,married,tertiary,no,8,no,no,cellular,1,0,unknown,0
59,unemployed,married,secondary,no,5108,yes,no,cellular,1,0,unknown,0
51,admin.,married,secondary,no,21,yes,no,cellular,2,0,failure,0
43,admin.,married,secondary,no,647,yes,yes,unknown,1,0,unknown,0
45,blue-collar,single,primary,no,0,yes,no,cellular,2,1,other,0
32,unemployed,married,secondary,no,712,no,no,telephone,7,0,unknown,0
32,technician,divorced,secondary,no,105,no,no,cellular,2,0,unknown,0
42,blue-collar,married,tertiary,no,1825,yes,no,cellular,1,0,failure,0
42,services,married,secondary,no,2769,no,no,cellular,1,0,unknown,1
40,management,single,secondary,no,6269,no,yes,cellular,1,0,failure,0
35,admin.,married,tertiary,no,4758,yes,no,cellular,1,0,unknown,0
57,entrepreneur,single,tertiary,no,1020,yes,no,cellular,4,0,other,1
51,management,married,secondary,no,168,yes,no,cellular,5,0,unknown,0
35,blue-collar,married,tertiary,no,14,yes,no,cellular,1,0,unknown,0
33,admin.,single,primary,no,18,yes,no,cellular,2,0,unknown,0
31,technician,married,secondary,no,-218,no,no,unknown,2,0,failure,0
58,blue-collar,married,secondary,no,1270,yes,no,cellular,2,0,failure,0
28,blue-collar,married,secondary,no,469,no,no,unknown,2,0,unknown,1
40,services,married,secondary,no,103,no,no,cellular,1,0,unknown,0
58,admin.,single,secondary,no,1235,yes,no,cellular,2,0,failure,1
42,admin.,married,tertiary,no,541,yes,no,unknown,4,0,unknown,0
54,admin.,married,secondary,no,477,yes,no,cellular,1,0,other,0
47,student,married,secondary,no,-28,yes,yes,cellular,3,0,failure,0
44,self-employed,married,secondary,no,1453,no,yes,unknown,3,0,success,0
47,admin.,married,primary,no,199,yes,no,cellular,1,0,unknown,0
30,blue-collar,single,secondary,no,2195,yes,no,telephone,2,0,failure,0
21,blue-collar,married,secondary,no,6421,no,yes,cellular,1,0,unknown,0
55,management,divorced,tertiary,no,5527,no,no,cellular,2,0,unknown,0
34,blue-collar,single,secondary,yes,1274,no,no,unknown,3,0,failure,0
53,technician,married,secondary,no,103,yes,no,cellular,1,0,unknown,0
39,retired,single,primary,no,0,no,no,cellular,1,0,success,0
37,management,single,secondary,no,-162,yes,no,unknown,2,0,unknown,0
53,technician,married,secondary,no,499,yes,no,unknown,3,0,unknown,0
57,admin.,single,secondary,no,0,yes,no,cellular,4,0,unknown,0
35,services,single,tertiary,no,2662,no,yes,unknown,1,0,unknown,0
51,technician,single,secondary,no,-306,yes,no,cellular,1,0,unknown,0
27,blue-collar,single,primary,no,2070,yes,yes,unknown,3,0,unknown,0
31,self-employed,divorced,tertiary,no,9,no,no,unknown,2,0,unknown,0
27,entrepreneur,single,secondary,no,-584,no,no,unknown,2,0,unknown,0
38,blue-collar,single,secondary,no,219,yes,no,unknown,2,0,unknown,0
33,management,married,tertiary,no,4424,yes,no,unknown,1,0,unknown,0
56,unknown,single,secondary,no,833,no,yes,cellular,25,0,unknown,0
35,blue-collar,married,primary,no,2195,yes,no,telephone,5,0,unknown,0
40,management,married,secondary,no,784,yes,no,unknown,1,0,unknown,0
31,retired,married,unknown,no,1007,yes,no,cellular,6,0,unknown,0
36,blue-collar,married,tertiary,no,105,no,no,cellular,8,0,unknown,0
41,technician,divorced,primary,no,353,yes,no,cellular,1,0,other,0
27,unemployed,married,tertiary,no,318,no,no,cellular,1,0,unknown,0
33,management,married,secondary,no,874,no,no,unknown,1,4,unknown,0
58,management,single,secondary,no,282,yes,no,cellular,2,1,unknown,0
42,housemaid,single,tertiary,no,2769,no,no,cellular,2,0,unknown,0
34,blue-collar,married,tertiary,no,252,yes,no,cellular,2,0,unknown,0
64,management,single,tertiary,no,10,yes,no,unknown,2,3,unknown,0
58,blue-collar,married,secondary,no,1580,yes,no,unknown,2,2,unknown,1
57,blue-collar,married,tertiary,no,622,yes,yes,cellular,1,0,unknown,0
46,management,married,tertiary,no,2,yes,no,unknown,3,0,unknown,0
46,blue-collar,married,secondary,no,2998,yes,no,cellular,1,0,unknown,1
52,housemaid,married,tertiary,no,1472,yes,no,unknown,2,0,unknown,0
51,management,married,tertiary,no,-9,no,no,unknown,1,0,unknown,0
39,management,married,secondary,no,8139,yes,no,cellular,1,0,unknown,0
36,blue-collar,married,secondary,no,-2,yes,yes,cellular,1,0,unknown,0
53,blue-collar,married,secondary,no,338,yes,no,cellular,1,0,unknown,0
28,blue-collar,married,tertiary,no,0,yes,no,cellular,3,0,unknown,0
48,self-employed,married,tertiary,no,489,no,no,unknown,5,0,unknown,0
42,blue-collar,divorced,secondary,no,2305,yes,no,cellular,10,0,unknown,0
32,housemaid,single,primary,no,83,yes,no,unknown,5,0,other,0
31,admin.,married,secondary,no,308,yes,no,cellular,1,0,unknown,0
49,management,married,secondary,no,-221,yes,no,cellular,14,0,other,0
51,services,married,secondary,no,0,no,no,cellular,5,0,unknown,0
25,admin.,single,primary,no,1721,yes,no,cellular,1,0,unknown,0
72,blue-collar,single,secondary,no,6767,no,no,cellular,4,0,unknown,0
33,technician,single,tertiary,no,1203,no,no,cellular,4,0,unknown,0
34,student,married,secondary,no,1308,yes,no,unknown,11,0,unknown,0
51,housemaid,divorced,tertiary,no,2980,no,no,unknown,10,3,unknown,0
39,management,divorced,tertiary,no,230,no,no,cellular,1,0,unknown,0
36,admin.,married,secondary,no,226,yes,no,cellular,1,0,success,1
41,management,married,secondary,no,3658,yes,no,unknown,1,0,unknown,0
39,technician,married,primary,no,98,yes,no,unknown,1,0,unknown,0
25,management,divorced,tertiary,no,641,no,no,cellular,1,0,unknown,0
35,self-employed,married,primary,no,286,no,no,unknown,1,0,unknown,1
32,entrepreneur,married,primary,no,700,yes,no,cellular,1,0,unknown,0
55,technician,married,tertiary,no,1386,yes,no,unknown,3,0,unknown,0
31,self-employed,single,secondary,no,669,yes,no,cellular,2,0,failure,0
49,management,married,tertiary,no,0,yes,no,telephone,4,0,unknown,0
37,admin.,married,secondary,no,2819,no,no,unknown,1,0,unknown,0
36,management,married,secondary,no,63,yes,no,unknown,8,0,unknown,0
38,services,married,tertiary,no,478,yes,no,telephone,1,0,unknown,0
27,retired,single,secondary,no,-375,yes,no,cellular,1,2,unknown,0
58,technician,married,primary,no,-15,no,no,cellular,1,0,unknown,0
40,admin.,married,primary,no,61,yes,no,cellular,2,0,unknown,1
49,technician,divorced,tertiary,no,0,no,no,unknown,4,3,failure,0
35,management,divorced,secondary,no,2892,yes,yes,cellular,1,0,unknown,1
34,technician,married,primary,no,2039,yes,no,cellular,2,0,unknown,0
29,admin.,single,tertiary,no,235,yes,no,cellular,1,1,unknown,0
36,technician,divorced,secondary,no,2881,yes,no,cellular,5,3,unknown,0
29,blue-collar,married,secondary,no,914,yes,no,cellular,4,0,unknown,0
37,technician,married,secondary,no,1743,no,no,cellular,1,2,unknown,0
33,management,married,secondary,no,812,no,no,unknown,1,0,unknown,0
34,services,married,secondary,no,0,yes,no,cellular,2,0,unknown,0
43,technician,single,secondary,no,27359,no,yes,unknown,2,0,other,0
39,management,single,secondary,no,1100,no,no,cellular,1,0,unknown,0
48,blue-collar,married,secondary,no,4,yes,no,unknown,2,0,success,0
34,management,single,tertiary,no,-70,yes,no,cellular,4,0,unknown,0
60,technician,married,secondary,no,2380,yes,yes,cellular,3,0,unknown,0
35,self-employed,single,secondary,no,1592,yes,no,cellular,2,3,unknown,0
37,blue-collar,married,tertiary,no,32,yes,no,cellular,3,0,unknown,0
32,self-employed,married,primary,no,259,yes,no,unknown,3,0,unknown,0
43,admin.,single,tertiary,no,0,yes,yes,cellular,1,0,unknown,0
58,blue-collar,divorced,secondary,no,56,no,no,cellular,1,0,unknown,1
29,blue-collar,married,tertiary,no,3387,no,no,cellular,1,1,unknown,0
50,blue-collar,married,secondary,no,10910,yes,no,cellular,3,2,unknown,0
53,self-employed,married,tertiary,no,177,yes,no,cellular,2,0,unknown,0
35,technician,single,tertiary,no,775,yes,no,cellular,2,0,unknown,0
74,blue-collar,single,secondary,no,839,yes,no,cellular,2,8,unknown,0
50,management,married,secondary,yes,202,no,no,cellular,5,0,unknown,0
31,technician,married,secondary,no,3301,no,yes,cellular,3,2,unknown,0
51,entrepreneur,married,tertiary,no,227,yes,no,telephone,3,0,success,0
37,retired,single,primary,no,-308,yes,no,cellular,3,0,unknown,0
58,blue-collar,divorced,secondary,no,260,yes,no,cellular,3,0,unknown,0
25,technician,married,tertiary,no,575,no,no,cellular,3,1,unknown,0
37,technician,married,tertiary,no,822,no,no,unknown,3,0,unknown,0
33,technician,married,tertiary,no,895,yes,no,cellular,1,18,unknown,0
41,technician,single,secondary,no,287,yes,no,cellular,2,0,unknown,0
46,technician,married,secondary,no,191,yes,no,cellular,1,0,unknown,1
32,student,married,tertiary,no,0,yes,no,cellular,6,0,unknown,0
28,blue-collar,married,tertiary,no,781,yes,no,cellular,2,0,unknown,0
33,management,married,secondary,no,1566,yes,no,unknown,1,0,unknown,0
39,blue-collar,married,secondary,no,410,yes,no,cellular,6,0,failure,0
34,retired,married,primary,no,372,yes,no,cellular,7,6,unknown,0
33,services,married,primary,yes,21,no,yes,cellular,1,0,unknown,0
61,student,married,primary,no,3663,no,no,telephone,1,0,unknown,0
20,management,single,tertiary,no,34,yes,yes,cellular,1,0,failure,0
30,self-employed,married,primary,no,88,yes,no,cellular,7,0,unknown,0
45,retired,single,primary,yes,2706,yes,yes,unknown,1,0,unknown,1
47,entrepreneur,married,secondary,no,7,yes,no,cellular,5,0,unknown,0
55,blue-collar,divorced,tertiary,no,33,no,no,cellular,4,0,unknown,0
28,blue-collar,single,tertiary,no,5436,yes,no,cellular,4,1,unknown,0
50,entrepreneur,married,tertiary,no,-454,no,yes,unknown,2,0,unknown,0
38,blue-collar,single,tertiary,no,0,yes,no,cellular,9,0,other,0
28,retired,single,tertiary,no,-339,yes,yes,cellular,3,0,unknown,1
42,blue-collar,married,primary,no,231,yes,no,unknown,1,0,unknown,0
29,blue-collar,married,primary,no,0,yes,no,cellular,5,0,unknown,0
44,blue-collar,married,secondary,no,1534,no,no,telephone,2,0,unknown,0
34,admin.,married,secondary,no,1143,yes,no,unknown,1,0,unknown,0
32,management,divorced,secondary,no,16874,no,no,cellular,2,0,unknown,0
31,admin.,divorced,secondary,no,-502,no,no,cellular,4,0,unknown,1
30,technician,married,secondary,no,434,no,no,cellular,2,0,unknown,0
66,technician,married,primary,no,137,yes,no,cellular,19,12,unknown,0
31,admin.,married,secondary,no,-495,yes,no,unknown,5,3,unknown,0
39,management,married,tertiary,no,0,yes,no,cellular,1,1,unknown,0
51,management,single,primary,no,-196,no,no,telephone,3,0,unknown,0
31,technician,married,secondary,no,168,yes,no,cellular,2,0,unknown,0
54,blue-collar,divorced,tertiary,no,117,yes,no,cellular,2,0,unknown,0
36,management,single,secondary,no,10177,yes,yes,unknown,1,2,unknown,0
29,admin.,married,secondary,no,250,yes,no,unknown,3,0,failure,0
55,admin.,single,secondary,yes,1621,yes,no,cellular,5,0,unknown,0
40,unemployed,married,secondary,no,-163,yes,yes,telephone,4,0,unknown,0
37,admin.,married,secondary,no,205,yes,no,cellular,1,0,unknown,1
34,admin.,married,tertiary,no,566,no,no,cellular,2,0,failure,0
47,management,married,tertiary,yes,-701,yes,no,cellular,12,0,unknown,0
41,blue-collar,single,secondary,no,1847,yes,yes,telephone,2,0,unknown,0
29,management,married,primary,no,0,yes,no,unknown,1,1,failure,1
50,services,single,tertiary,no,4667,no,no,telephone,2,1,unknown,1
34,blue-collar,married,secondary,no,211,yes,no,telephone,2,0,unknown,0
38,technician,married,unknown,no,582,yes,no,unknown,3,0,unknown,0
60,technician,married,tertiary,no,0,no,no,unknown,4,2,unknown,0
57,technician,married,tertiary,no,3990,yes,no,unknown,3,0,unknown,0
49,management,married,tertiary,no,319,yes,no,cellular,3,0,failure,0
34,management,married,tertiary,no,2881,yes,no,unknown,1,0,unknown,0
49,management,divorced,tertiary,no,834,no,no,cellular,2,0,other,0
51,blue-collar,married,primary,no,308,no,no,telephone,1,0,unknown,0
51,housemaid,single,primary,no,6164,yes,no,telephone,8,0,unknown,0
40,management,single,secondary,no,1354,yes,yes,telephone,2,0,unknown,0
79,services,married,secondary,no,1534,yes,no,cellular,1,0,unknown,0
44,self-employed,married,tertiary,no,202,yes,no,cellular,1,0,unknown,0
42,entrepreneur,married,tertiary,no,0,no,no,cellular,1,4,unknown,1
32,unknown,married,primary,no,1210,yes,no,unknown,1,0,unknown,0
53,entrepreneur,married,primary,no,0,no,no,cellular,1,0,success,0
35,self-employed,single,tertiary,no,2959,yes,no,cellular,2,0,unknown,0
59,technician,single,secondary,no,26,no,no,cellular,1,2,unknown,0
25,retired,married,tertiary,no,133,yes,no,telephone,1,1,unknown,0
49,technician,single,secondary,no,-1,no,yes,cellular,3,0,unknown,0
30,management,married,tertiary,no,331,no,no,cellular,1,0,unknown,0
55,retired,married,secondary,no,4415,yes,no,unknown,1,0,unknown,0
52,blue-collar,single,tertiary,no,3250,yes,no,cellular,2,0,unknown,0
32,blue-collar,single,tertiary,no,9121,yes,no,cellular,1,1,unknown,0
69,management,married,primary,no,141,yes,no,cellular,2,0,unknown,0
40,blue-collar,married,tertiary,no,228,no,no,cellular,2,0,failure,0
48,blue-collar,married,primary,no,8023,no,no,unknown,1,0,unknown,0
39,blue-collar,divorced,secondary,no,295,no,no,cellular,2,0,unknown,0
36,self-employed,married,unknown,no,1832,no,no,unknown,1,0,unknown,0
27,technician,married,tertiary,no,501,no,no,cellular,1,0,failure,0
59,management,divorced,secondary,yes,784,yes,no,cellular,1,0,unknown,0
36,management,married,secondary,no,775,yes,no,cellular,1,0,unknown,0
57,admin.,married,primary,no,695,yes,no,cellular,1,0,unknown,1
35,housemaid,single,secondary,no,1327,no,no,cellular,2,0,unknown,0
39,unemployed,married,tertiary,no,52,no,no,cellular,1,0,unknown,0
50,services,married,secondary,no,14,yes,no,cellular,1,0,unknown,0
47,blue-collar,married,tertiary,no,33,yes,no,cellular,1,0,unknown,0
29,services,married,unknown,no,127,yes,no,unknown,1,0,unknown,0
36,technician,married,primary,no,541,yes,no,cellular,1,1,unknown,0
37,services,single,tertiary,no,-19,yes,no,cellular,1,0,unknown,0
31,admin.,single,tertiary,no,-228,no,no,cellular,2,0,unknown,0
38,technician,married,secondary,no,420,yes,no,unknown,2,2,success,0
35,unknown,married,secondary,no,3370,no,yes,unknown,2,0,unknown,0
34,blue-collar,single,secondary,no,230,yes,no,cellular,2,3,failure,0
31,technician,single,secondary,no,51,yes,yes,telephone,2,0,unknown,0
42,technician,single,secondary,no,674,no,no,cellular,4,0,unknown,0
38,services,single,secondary,no,15,yes,no,cellular,6,0,unknown,1
59,management,married,tertiary,no,823,yes,no,unknown,2,0,failure,0
58,technician,married,tertiary,no,452,no,yes,unknown,1,2,unknown,0
38,technician,married,secondary,no,84,yes,no,unknown,4,0,unknown,1
34,technician,married,tertiary,no,952,no,no,cellular,1,0,unknown,0
55,entrepreneur,married,secondary,no,290,no,no,cellular,7,0,failure,0
40,management,married,secondary,no,-294,yes,no,unknown,3,0,unknown,0
29,management,single,secondary,no,5181,no,no,cellular,3,1,unknown,0
41,blue-collar,married,tertiary,no,895,no,yes,unknown,3,0,unknown,0
36,blue-collar,married,secondary,no,0,no,no,cellular,17,3,unknown,1
23,technician,married,primary,no,846,no,no,cellular,2,2,unknown,0
32,blue-collar,married,primary,no,20453,yes,no,cellular,6,0,unknown,0
32,unemployed,married,unknown,no,340,no,no,unknown,6,0,other,0
32,technician,single,tertiary,no,604,yes,no,cellular,1,0,unknown,0
34,housemaid,married,secondary,no,1746,no,no,cellular,9,0,unknown,0
45,admin.,married,secondary,no,1200,yes,yes,cellular,2,0,unknown,0
44,housemaid,single,primary,no,1097,no,no,cellular,3,0,unknown,0
35,self-employed,married,secondary,yes,3939,yes,no,cellular,2,0,failure,0
48,technician,married,tertiary,no,96,yes,no,telephone,2,0,unknown,0
46,services,single,tertiary,no,407,no,yes,cellular,3,0,unknown,0
39,unemployed,married,tertiary,no,67,yes,no,cellular,3,0,unknown,0
33,blue-collar,single,primary,no,440,yes,no,cellular,1,0,unknown,0
33,blue-collar,divorced,secondary,no,1214,yes,no,cellular,8,0,unknown,0
40,admin.,married,primary,no,1044,yes,no,unknown,2,0,failure,0
45,management,divorced,secondary,no,625,no,no,cellular,2,0,unknown,0
34,management,married,secondary,no,1012,yes,no,cellular,1,3,unknown,0
31,entrepreneur,married,primary,no,436,yes,no,cellular,8,4,other,0
66,blue-collar,single,primary,no,-218,yes,no,unknown,2,0,unknown,1
41,self-employed,married,tertiary,no,2643,yes,no,unknown,1,0,failure,0
60,services,single,tertiary,no,2343,no,no,cellular,3,0,unknown,1
35,housemaid,single,primary,no,338,yes,no,cellular,1,1,unknown,0
59,retired,married,secondary,no,273,no,no,cellular,5,0,unknown,1
33,blue-collar,married,secondary,no,-242,no,no,cellular,13,0,unknown,0
39,technician,married,secondary,no,233,no,no,cellular,3,0,unknown,0
43,services,divorced,secondary,no,5291,yes,no,unknown,3,0,unknown,1
36,admin.,married,secondary,no,0,no,no,cellular,1,0,unknown,0
34,self-employed,divorced,tertiary,no,192,no,no,cellular,1,1,failure,0
31,student,single,tertiary,no,2998,no,no,cellular,5,0,unknown,0
24,blue-collar,married,secondary,no,57,yes,no,cellular,2,9,unknown,0
48,admin.,married,secondary,no,8139,yes,no,unknown,3,0,unknown,0
47,unknown,married,secondary,no,13683,yes,no,cellular,1,0,failure,0
32,technician,married,secondary,no,1325,yes,no,unknown,1,0,unknown,0
49,technician,divorced,unknown,no,353,no,no,telephone,1,0,unknown,0
84,retired,single,secondary,no,174,no,no,unknown,1,0,failure,0
52,blue-collar,married,tertiary,yes,1499,no,no,cellular,1,0,unknown,0
34,blue-collar,married,primary,no,1738,no,no,cellular,2,0,unknown,0
37,blue-collar,single,secondary,no,242,yes,no,cellular,3,0,failure,0
31,management,single,secondary,no,307,yes,yes,cellular,14,0,failure,0
28,admin.,married,primary,no,4646,no,no,cellular,1,0,failure,1
30,management,married,secondary,no,3470,no,no,unknown,1,2,unknown,0
40,management,married,secondary,no,-241,no,no,cellular,5,2,other,0
31,technician,married,secondary,no,3540,no,no,cellular,3,3,success,0
42,entrepreneur,married,tertiary,no,0,no,no,unknown,1,0,unknown,0
31,self-employed,married,unknown,no,48,no,no,cellular,2,0,unknown,0
36,management,married,secondary,no,390,no,no,cellular,1,0,unknown,1
36,blue-collar,married,tertiary,no,94,no,no,cellular,1,0,unknown,0
53,technician,married,secondary,no,0,no,no,unknown,4,0,failure,0
30,technician,married,primary,no,194,yes,no,telephone,3,0,success,0
30,housemaid,married,tertiary,no,243,yes,yes,unknown,2,0,unknown,0
55,management,married,secondary,no,6,no,no,telephone,4,0,failure,0
33,management,single,secondary,no,2980,yes,yes,cellular,1,1,unknown,0
46,blue-collar,single,secondary,no,795,yes,no,telephone,1,0,unknown,0
36,management,single,tertiary,no,265,yes,yes,cellular,2,0,unknown,0
24,services,single,primary,no,0,yes,no,unknown,2,0,unknown,0
39,management,married,tertiary,no,645,yes,no,telephone,4,0,unknown,1
44,blue-collar,married,secondary,no,4287,no,no,unknown,1,0,unknown,1
51,housemaid,married,secondary,no,-13,yes,no,unknown,6,0,unknown,0
38,technician,single,tertiary,no,22,yes,no,cellular,1,0,failure,0
49,services,married,primary,no,899,no,yes,cellular,1,0,failure,0
29,technician,married,secondary,no,263,no,no,unknown,10,0,other,1
27,management,married,secondary,no,1160,no,no,unknown,9,0,unknown,0
34,management,married,secondary,no,469,yes,no,cellular,3,0,unknown,1
40,technician,married,secondary,no,-121,yes,no,unknown,2,0,failure,0
33,admin.,single,secondary,no,2262,yes,no,unknown,2,0,unknown,0
37,services,married,secondary,no,221,no,no,unknown,1,0,unknown,0
66,management,divorced,secondary,no,2538,yes,yes,cellular,1,0,failure,0
50,housemaid,married,secondary,no,844,yes,no,unknown,4,0,unknown,1
42,blue-collar,married,primary,no,1147,yes,no,cellular,1,0,unknown,0
51,entrepreneur,single,tertiary,no,0,yes,no,unknown,1,0,unknown,0
32,blue-collar,married,secondary,no,280,yes,no,cellular,1,0,unknown,0
55,blue-collar,single,tertiary,no,318,yes,no,cellular,3,1,failure,0
34,blue-collar,divorced,secondary,no,15,yes,no,cellular,4,0,unknown,0
50,technician,married,secondary,no,-33,yes,no,cellular,2,0,unknown,0
33,technician,married,tertiary,no,1199,yes,no,telephone,2,0,unknown,0
34,technician,single,secondary,no,10924,no,no,cellular,1,1,unknown,0
28,self-employed,divorced,secondary,no,1663,no,no,unknown,2,0,unknown,0
44,entrepreneur,single,tertiary,no,0,no,no,cellular,2,0,unknown,0
24,technician,divorced,secondary,no,35,yes,yes,cellular,2,0,unknown,0
59,technician,married,tertiary,no,0,yes,no,cellular,6,6,unknown,0
59,blue-collar,married,secondary,no,30,no,no,cellular,3,0,unknown,0
54,blue-collar,married,secondary,no,475,no,no,cellular,1,0,unknown,0
39,services,single,secondary,no,35,yes,no,cellular,4,0,unknown,0
27,management,married,secondary,no,502,no,yes,unknown,5,0,unknown,1
51,technician,single,primary,no,-17,no,no,unknown,2,0,unknown,0
39,blue-collar,married,tertiary,no,5106,no,no,cellular,1,1,other,0
36,self-employed,married,secondary,no,4897,yes,no,cellular,1,0,unknown,0
37,technician,married,secondary,no,360,yes,no,cellular,1,0,unknown,0
55,unemployed,married,secondary,no,46,no,no,cellular,5,0,unknown,0
44,blue-collar,married,secondary,no,1598,no,no,cellular,5,0,failure,0
33,services,single,secondary,no,439,no,no,cellular,6,0,other,0
26,blue-collar,divorced,tertiary,no,1315,no,no,cellular,3,0,failure,0
27,admin.,married,primary,no,126,yes,no,cellular,1,0,unknown,0
66,management,single,tertiary,no,6269,yes,no,telephone,2,0,unknown,0
34,blue-collar,single,secondary,no,866,yes,no,cellular,1,0,unknown,0
55,technician,married,secondary,no,422,no,no,cellular,1,4,success,0
47,technician,married,tertiary,no,427,yes,yes,cellular,1,0,unknown,1
59,blue-collar,single,tertiary,no,-464,no,no,cellular,5,0,unknown,0
44,admin.,married,secondary,no,493,yes,no,cellular,1,0,unknown,0
30,blue-collar,single,primary,no,322,no,yes,cellular,4,2,unknown,0
58,self-employed,single,tertiary,no,1281,no,no,cellular,1,0,failure,1
37,technician,married,secondary,no,1370,yes,no,cellular,2,0,unknown,1
38,admin.,single,secondary,no,67,yes,no,cellular,5,0,unknown,0
28,technician,single,tertiary,no,590,no,yes,cellular,2,0,unknown,0
73,blue-collar,married,primary,no,340,no,yes,cellular,1,0,unknown,0
32,unemployed,married,tertiary,no,2145,yes,no,cellular,3,0,unknown,0
37,admin.,married,secondary,no,2366,no,no,unknown,4,0,unknown,0
34,management,single,secondary,yes,4758,no,no,cellular,2,0,unknown,0
32,retired,married,primary,no,1222,yes,no,unknown,3,3,failure,0
33,blue-collar,single,secondary,no,-1310,no,no,cellular,13,0,other,0
59,unknown,married,unknown,no,0,no,yes,cellular,2,0,unknown,0
55,blue-collar,married,secondary,no,502,no,no,cellular,1,0,unknown,0
36,services,married,primary,no,1429,no,no,cellular,1,0,unknown,0
48,entrepreneur,married,secondary,no,427,yes,no,unknown,2,0,unknown,0
27,retired,married,tertiary,no,257,yes,no,unknown,2,1,unknown,1
33,services,married,secondary,no,362,no,no,cellular,2,0,unknown,0
41,blue-collar,married,secondary,no,105,yes,no,cellular,1,0,unknown,0
36,retired,married,tertiary,no,64,no,yes,unknown,2,0,unknown,1
31,unknown,married,secondary,no,11,yes,no,cellular,1,0,unknown,0
81,services,married,secondary,no,1852,yes,no,unknown,3,0,unknown,0
32,blue-collar,married,tertiary,no,452,yes,no,unknown,1,0,unknown,0
46,management,divorced,primary,no,321,no,no,cellular,1,0,unknown,1
38,admin.,single,secondary,no,228,yes,no,cellular,6,0,unknown,0
32,retired,married,unknown,no,80,no,yes,cellular,1,0,unknown,0
37,housemaid,single,tertiary,yes,-3,no,no,cellular,4,0,failure,0
51,blue-collar,married,unknown,no,3450,yes,no,cellular,5,0,failure,0
31,technician,divorced,secondary,no,440,yes,no,cellular,2,0,other,0
35,admin.,single,secondary,no,1129,no,no,cellular,2,0,unknown,0
39,services,married,secondary,no,4664,yes,no,cellular,1,0,unknown,1
53,management,married,secondary,no,4063,yes,yes,cellular,1,2,unknown,0
35,blue-collar,married,secondary,no,326,no,no,cellular,1,0,unknown,0
59,management,divorced,tertiary,no,0,yes,no,cellular,9,2,unknown,0
51,admin.,divorced,secondary,no,8304,yes,no,cellular,3,0,unknown,0
36,blue-collar,divorced,tertiary,no,2587,no,no,unknown,2,0,unknown,0
39,management,single,unknown,no,1477,yes,no,cellular,1,0,unknown,0
48,blue-collar,married,primary,no,1327,yes,no,cellular,1,0,unknown,0
46,management,divorced,secondary,no,800,yes,no,cellular,2,0,unknown,0
36,technician,married,secondary,no,1529,no,no,cellular,2,0,unknown,0
30,blue-collar,married,secondary,no,-28,yes,yes,cellular,2,2,unknown,0
39,blue-collar,divorced,secondary,no,1580,yes,no,cellular,2,0,failure,0
27,management,married,secondary,no,2048,yes,yes,cellular,1,2,unknown,0
46,management,married,tertiary,no,130,no,no,cellular,1,0,other,0
28,services,married,secondary,no,-41,yes,yes,cellular,1,4,unknown,0
40,unemployed,single,primary,no,2195,no,yes,cellular,2,0,unknown,0
38,retired,single,tertiary,no,678,yes,no,cellular,2,20,unknown,0
46,self-employed,married,primary,no,674,yes,no,unknown,1,0,unknown,0
39,services,single,secondary,no,26,no,no,unknown,2,0,unknown,1
37,blue-collar,married,secondary,no,2506,yes,no,telephone,1,8,unknown,0
30,management,divorced,unknown,no,97,no,no,unknown,1,0,unknown,0
55,housemaid,married,primary,no,0,yes,no,cellular,3,0,unknown,0
59,services,married,tertiary,no,-319,yes,no,telephone,2,0,unknown,0
48,management,married,secondary,no,273,no,no,cellular,2,0,failure,0
42,entrepreneur,divorced,secondary,no,179,yes,no,cellular,2,0,unknown,0
34,services,married,secondary,no,75,yes,no,unknown,2,0,failure,0
33,services,single,unknown,no,543,yes,no,unknown,1,0,unknown,0
52,technician,divorced,secondary,no,273,no,no,unknown,5,0,unknown,0
45,management,married,tertiary,no,1022,no,no,cellular,1,0,unknown,0
42,retired,married,secondary,no,556,yes,no,cellular,2,0,failure,0
34,management,single,primary,no,0,yes,no,cellular,3,0,unknown,0
45,admin.,married,tertiary,no,0,yes,no,cellular,1,0,unknown,0
42,blue-collar,married,tertiary,no,27,no,no,cellular,2,0,success,0
57,technician,married,primary,no,1235,yes,no,telephone,6,0,unknown,1
22,retired,married,tertiary,no,5244,yes,no,cellular,7,0,success,0
48,entrepreneur,divorced,secondary,no,0,no,no,unknown,1,2,unknown,0
58,technician,married,tertiary,no,2223,yes,no,unknown,2,0,unknown,0
28,services,married,secondary,no,773,no,no,unknown,5,0,unknown,1
27,unemployed,married,primary,no,3931,yes,no,cellular,2,0,unknown,0
30,management,married,secondary,no,1448,yes,no,cellular,2,0,unknown,0
58,admin.,divorced,secondary,no,3315,yes,no,cellular,2,0,unknown,0
57,services,married,tertiary,no,1626,no,no,cellular,3,0,unknown,0
56,services,single,tertiary,no,44,yes,no,cellular,2,0,unknown,0
42,management,single,tertiary,no,1960,yes,no,cellular,1,1,unknown,0
46,technician,married,primary,no,9216,no,no,cellular,1,0,unknown,0
35,blue-collar,married,primary,no,-217,yes,no,unknown,4,2,failure,0
61,admin.,married,secondary,no,148,yes,no,cellular,6,0,failure,0
49,management,divorced,tertiary,no,-94,yes,no,unknown,3,0,unknown,0
48,technician,married,secondary,no,-204,no,yes,cellular,5,0,unknown,0
36,services,married,secondary,no,838,no,no,cellular,1,0,unknown,0
44,management,married,secondary,no,0,yes,yes,cellular,3,0,unknown,0
51,admin.,divorced,tertiary,no,100,no,yes,cellular,1,0,unknown,0
34,blue-collar,married,unknown,no,280,no,no,unknown,2,0,unknown,0
48,blue-collar,single,tertiary,no,22,no,no,cellular,1,3,unknown,0
33,blue-collar,single,tertiary,no,261,no,no,cellular,2,1,unknown,1
37,technician,married,secondary,no,1147,no,no,cellular,1,0,unknown,0
31,blue-collar,married,secondary,no,907,no,no,cellular,1,0,other,0
34,technician,married,secondary,no,902,yes,no,cellular,1,0,success,0
56,management,single,secondary,no,748,yes,no,cellular,4,2,unknown,1
42,management,divorced,tertiary,no,616,yes,no,cellular,5,0,unknown,0
42,services,divorced,primary,no,75,no,no,telephone,1,0,unknown,0
29,management,single,primary,no,2317,no,no,unknown,3,0,unknown,0
46,management,married,primary,no,710,yes,no,cellular,20,0,unknown,1
40,technician,married,secondary,no,439,yes,no,telephone,4,0,unknown,1
26,admin.,married,secondary,no,-6,yes,no,unknown,1,0,unknown,1
36,blue-collar,married,secondary,no,2358,yes,no,cellular,2,0,unknown,0
31,admin.,married,unknown,no,-121,yes,no,unknown,4,0,unknown,0
38,blue-collar,married,primary,no,1770,yes,no,unknown,3,0,unknown,0
59,unknown,married,secondary,no,170,no,yes,cellular,1,2,unknown,0
44,technician,married,tertiary,no,769,no,no,unknown,2,1,other,0
57,technician,divorced,secondary,no,0,no,no,cellular,2,6,unknown,0
32,management,divorced,secondary,no,191,yes,no,cellular,2,0,unknown,0
42,management,married,secondary,no,2,yes,no,telephone,3,0,unknown,0
31,blue-collar,divorced,unknown,no,0,no,no,cellular,3,0,unknown,0
32,management,single,secondary,no,1430,yes,no,cellular,1,0,unknown,0
53,technician,married,secondary,no,360,yes,yes,unknown,1,1,unknown,0
33,management,married,secondary,no,155,yes,no,unknown,1,2,success,0
44,services,married,primary,no,1380,no,no,unknown,1,4,unknown,0
31,technician,married,secondary,no,6102,no,no,cellular,1,0,unknown,0
36,admin.,single,secondary,no,259,yes,no,unknown,1,0,unknown,1
46,blue-collar,married,secondary,no,4539,no,no,telephone,6,0,success,1
35,blue-collar,single,secondary,yes,0,no,no,cellular,1,4,unknown,0
36,blue-collar,single,secondary,no,478,yes,no,cellular,2,0,unknown,0
34,management,married,secondary,no,784,yes,no,cellular,2,1,unknown,0
36,management,married,tertiary,no,0,yes,no,cellular,2,3,failure,0
30,management,married,secondary,no,1372,yes,no,cellular,2,0,unknown,1
36,blue-collar,married,secondary,no,377,yes,no,cellular,1,0,failure,0
32,blue-collar,married,secondary,no,473,yes,yes,unknown,2,0,unknown,0
46,management,married,primary,no,0,yes,no,cellular,1,0,unknown,0
27,student,single,tertiary,no,1810,no,no,cellular,3,0,unknown,1
57,management,single,tertiary,no,541,yes,no,cellular,2,0,unknown,0
44,admin.,married,tertiary,no,-306,yes,no,unknown,2,0,unknown,0
41,retired,married,secondary,no,0,no,no,unknown,2,1,unknown,0
37,blue-collar,married,primary,no,2731,yes,no,telephone,2,0,unknown,0
53,admin.,single,secondary,no,139,yes,no,cellular,2,5,unknown,0
57,technician,married,tertiary,no,1796,yes,no,cellular,1,0,unknown,0
33,technician,married,secondary,yes,4,no,no,cellular,3,0,failure,0
30,technician,single,tertiary,no,351,yes,no,cellular,3,2,unknown,1
29,entrepreneur,single,tertiary,no,1164,yes,no,unknown,1,0,unknown,0
30,management,married,tertiary,no,2850,yes,no,cellular,2,1,unknown,0
40,management,married,tertiary,no,412,no,no,unknown,3,0,failure,0
30,management,single,secondary,no,228,yes,yes,cellular,2,0,unknown,0
31,retired,married,primary,no,51,no,no,unknown,3,0,unknown,0
57,admin.,married,secondary,no,2486,yes,no,cellular,1,0,unknown,0
74,self-employed,married,tertiary,no,1048,no,no,unknown,1,0,unknown,0
38,management,married,secondary,no,14,no,no,cellular,3,0,unknown,0
26,entrepreneur,married,tertiary,no,1278,no,no,cellular,1,0,unknown,0
35,admin.,married,tertiary,no,56,yes,no,cellular,1,0,unknown,0
46,services,single,secondary,no,1,yes,no,cellular,4,0,unknown,0
50,blue-collar,married,secondary,no,345,no,no,cellular,3,0,unknown,0
42,management,married,tertiary,no,175,yes,no,unknown,1,0,unknown,0
55,management,married,secondary,no,757,no,no,cellular,1,0,unknown,0
37,technician,married,tertiary,no,-759,no,no,cellular,2,0,unknown,0
32,retired,single,secondary,no,1459,no,no,unknown,2,0,unknown,0
31,services,married,secondary,no,589,no,no,cellular,3,0,unknown,0
38,blue-collar,married,tertiary,no,1339,no,no,telephone,2,0,unknown,0
33,self-employed,single,primary,no,140,yes,no,cellular,1,7,unknown,0
35,blue-collar,married,secondary,no,0,no,no,cellular,1,1,unknown,0
56,services,married,tertiary,no,-1053,no,no,cellular,1,0,unknown,0
33,admin.,married,tertiary,no,5462,yes,no,cellular,8,4,unknown,0
55,blue-collar,married,tertiary,no,1934,yes,yes,telephone,1,0,other,0
32,admin.,married,tertiary,no,235,no,no,unknown,1,0,unknown,0
25,services,married,tertiary,no,551,yes,no,unknown,2,0,unknown,0
32,blue-collar,married,tertiary,no,980,yes,no,unknown,1,0,unknown,0
56,management,married,secondary,no,6217,no,no,cellular,3,0,unknown,0
37,technician,married,tertiary,no,19,yes,yes,unknown,2,3,unknown,0
30,technician,married,secondary,no,223,no,no,unknown,2,4,unknown,0
41,technician,married,secondary,no,0,no,no,cellular,1,0,unknown,0
38,admin.,married,unknown,no,0,no,yes,cellular,3,0,unknown,0
25,technician,married,tertiary,no,-399,no,no,cellular,2,0,unknown,0
33,blue-collar,married,tertiary,no,627,no,no,cellular,6,0,unknown,0
48,retired,single,tertiary,no,0,yes,yes,cellular,1,0,unknown,0
42,management,married,tertiary,no,517,no,no,cellular,2,0,unknown,0
30,management,single,secondary,no,101,no,no,cellular,1,0,unknown,0
41,technician,single,secondary,no,-97,no,no,unknown,2,0,unknown,0
56,blue-collar,single,tertiary,no,14093,yes,yes,telephone,2,1,unknown,0
43,services,married,primary,no,8218,yes,no,cellular,4,0,unknown,0
41,blue-collar,married,secondary,no,94,yes,no,cellular,2,0,unknown,0
35,blue-collar,married,primary,no,14440,yes,no,telephone,1,0,unknown,0
46,admin.,divorced,tertiary,no,1269,no,no,cellular,2,0,unknown,0
45,blue-collar,single,tertiary,no,346,no,yes,cellular,1,1,unknown,0
50,admin.,married,unknown,no,-254,no,no,unknown,2,0,other,0
57,management,married,secondary,no,602,yes,no,unknown,1,0,unknown,0
42,self-employed,married,tertiary,no,273,yes,no,cellular,1,0,unknown,0
36,admin.,married,secondary,no,-53,yes,no,telephone,2,0,unknown,1
34,blue-collar,married,secondary,no,2034,yes,no,cellular,1,14,unknown,0
32,management,married,secondary,no,260,yes,no,cellular,1,0,unknown,1
36,admin.,married,tertiary,no,541,yes,no,unknown,3,0,unknown,0
40,blue-collar,married,tertiary,no,907,yes,no,telephone,1,0,success,1
41,management,single,secondary,no,84,yes,no,unknown,1,0,unknown,0
52,management,divorced,secondary,no,-34,no,no,unknown,5,4,unknown,0
30,housemaid,married,secondary,no,428,no,no,unknown,1,0,unknown,0
56,self-employed,divorced,tertiary,no,100,no,no,cellular,1,0,unknown,0
40,retired,divorced,primary,no,2881,no,yes,cellular,2,5,unknown,1
34,blue-collar,married,primary,no,3163,no,no,cellular,1,0,unknown,0
33,services,divorced,tertiary,no,23,no,no,cellular,1,0,unknown,0
56,blue-collar,married,tertiary,no,575,yes,no,cellular,11,0,unknown,0
41,entrepreneur,divorced,tertiary,no,-70,yes,no,unknown,2,0,unknown,0
48,services,married,primary,no,3016,no,no,unknown,2,0,failure,0
61,admin.,married,secondary,no,186,yes,no,unknown,2,1,unknown,0
56,blue-collar,married,secondary,no,2431,yes,no,cellular,5,0,unknown,0
32,admin.,married,secondary,no,519,yes,no,unknown,2,0,unknown,0
48,management,single,secondary,no,0,yes,no,cellular,7,0,other,0
41,technician,married,secondary,no,606,no,no,cellular,3,0,unknown,0
54,services,married,primary,no,-220,no,no,unknown,2,0,unknown,0
30,admin.,married,secondary,no,575,yes,no,cellular,2,0,unknown,0
51,services,married,secondary,no,5958,yes,no,cellular,2,0,unknown,0
41,technician,single,secondary,no,221,no,no,cellular,2,0,unknown,0
33,technician,married,primary,no,1467,no,no,cellular,2,0,unknown,0
49,technician,single,tertiary,no,-204,yes,no,unknown,1,0,unknown,0
50,management,married,tertiary,no,-762,yes,no,unknown,2,0,unknown,0
36,management,married,tertiary,no,1266,yes,no,unknown,3,0,unknown,0
49,management,married,secondary,no,1691,no,no,cellular,1,0,unknown,0
54,services,married,tertiary,no,913,no,no,cellular,1,0,unknown,0
42,management,married,secondary,no,1582,yes,no,cellular,1,0,failure,0
30,retired,divorced,primary,no,784,yes,no,unknown,5,2,unknown,0
36,blue-collar,single,secondary,no,4040,yes,yes,unknown,3,1,unknown,0
32,technician,single,secondary,no,259,yes,no,unknown,3,0,failure,0
59,technician,married,secondary,no,789,yes,no,cellular,1,1,unknown,0
34,services,married,secondary,no,779,yes,no,cellular,6,0,unknown,0
43,management,married,secondary,no,828,yes,no,cellular,3,0,unknown,0
59,technician,married,unknown,no,436,yes,no,cellular,4,0,failure,0
46,management,single,secondary,no,1111,no,no,unknown,1,0,unknown,0
30,blue-collar,single,tertiary,no,4543,yes,no,cellular,4,1,unknown,0
26,admin.,married,tertiary,no,23,no,no,unknown,5,0,unknown,0
43,management,married,tertiary,no,355,yes,no,cellular,3,4,failure,0
40,management,married,secondary,no,168,no,no,cellular,1,0,unknown,0
50,blue-collar,single,secondary,no,440,yes,no,cellular,1,0,other,0
42,management,married,primary,no,5137,yes,no,cellular,2,7,unknown,0
42,retired,divorced,secondary,no,490,yes,no,unknown,3,0,unknown,0
57,management,single,tertiary,no,50,no,no,cellular,1,0,success,0
65,management,married,secondary,no,1949,yes,no,unknown,2,0,unknown,0
44,blue-collar,married,tertiary,no,606,yes,yes,cellular,1,0,failure,0
37,management,married,secondary,no,7020,yes,no,telephone,1,0,unknown,0
36,blue-collar,married,tertiary,no,978,yes,no,cellular,10,2,unknown,1
34,blue-collar,single,tertiary,no,-182,no,no,cellular,3,0,unknown,0
34,management,married,tertiary,no,15,yes,no,unknown,6,0,unknown,0
35,entrepreneur,divorced,secondary,no,89,yes,no,cellular,3,0,other,0
41,blue-collar,divorced,primary,no,104,no,yes,cellular,2,0,unknown,0
39,admin.,married,secondary,no,4885,yes,no,unknown,1,4,unknown,0
36,admin.,single,secondary,no,389,yes,no,unknown,6,0,unknown,0
47,blue-collar,single,tertiary,no,1147,no,no,unknown,2,0,unknown,0
51,management,married,secondary,no,883,yes,no,cellular,1,0,unknown,0
43,services,single,tertiary,no,7735,no,no,cellular,5,0,unknown,0
58,blue-collar,divorced,secondary,no,168,yes,no,cellular,1,4,unknown,0
51,blue-collar,married,tertiary,no,10,yes,no,cellular,20,3,unknown,0
59,housemaid,married,secondary,no,433,yes,no,unknown,3,0,other,0
59,unemployed,married,secondary,no,899,yes,no,cellular,1,0,unknown,0
44,services,married,primary,no,329,no,yes,unknown,4,0,unknown,0
29,unemployed,married,primary,no,2921,yes,no,unknown,3,0,unknown,0
58,management,single,primary,no,406,yes,no,unknown,6,0,unknown,0
42,blue-collar,single,primary,no,333,yes,no,cellular,2,0,unknown,0
47,services,married,secondary,no,920,no,no,unknown,2,0,unknown,0
34,technician,married,secondary,no,15,no,yes,unknown,16,0,failure,0
58,housemaid,divorced,secondary,no,1477,yes,yes,cellular,4,0,unknown,0
29,technician,married,tertiary,no,1044,yes,no,cellular,2,0,unknown,0
34,services,married,primary,no,136,yes,no,cellular,1,0,unknown,0
48,blue-collar,single,secondary,no,377,yes,no,unknown,1,0,unknown,0
37,entrepreneur,single,secondary,no,452,yes,no,cellular,1,0,failure,0
41,blue-collar,divorced,primary,yes,-133,yes,no,cellular,5,0,unknown,0
46,retired,single,secondary,no,1210,no,no,cellular,1,8,unknown,0
46,management,married,secondary,no,420,yes,no,cellular,2,0,unknown,0
38,technician,married,secondary,no,2921,no,no,unknown,3,0,unknown,0
30,management,single,tertiary,no,7108,no,no,cellular,1,0,unknown,0
27,technician,divorced,tertiary,no,-56,yes,no,cellular,6,0,unknown,0
46,admin.,single,secondary,no,1160,yes,no,unknown,1,0,failure,0
42,admin.,single,primary,yes,141,yes,no,cellular,2,0,unknown,0
31,blue-collar,married,tertiary,no,2817,yes,no,cellular,3,0,unknown,0
60,unemployed,single,primary,no,105,yes,yes,unknown,1,0,unknown,0
57,blue-collar,married,secondary,no,4256,yes,no,cellular,1,0,unknown,0
43,technician,married,secondary,no,3972,yes,no,unknown,5,2,unknown,0
40,blue-collar,single,tertiary,no,1050,yes,no,unknown,1,0,unknown,0
45,retired,married,tertiary,no,2700,yes,no,cellular,4,0,unknown,1
35,management,single,tertiary,no,2793,yes,no,telephone,2,1,unknown,0
27,retired,married,tertiary,no,815,yes,no,cellular,1,0,other,0
46,technician,married,secondary,no,606,yes,no,cellular,2,0,failure,0
31,services,married,primary,no,-407,no,no,unknown,1,0,unknown,0
32,management,divorced,tertiary,no,0,yes,no,telephone,1,15,unknown,0
32,blue-collar,married,tertiary,no,992,no,no,unknown,2,0,unknown,0
48,retired,married,secondary,yes,248,yes,no,cellular,5,0,unknown,0
45,retired,single,secondary,no,-1212,yes,yes,telephone,2,0,failure,0
54,admin.,divorced,primary,no,1495,no,no,unknown,19,0,failure,0
56,entrepreneur,single,tertiary,no,4895,yes,no,unknown,1,0,unknown,0
48,technician,single,secondary,no,2817,no,no,unknown,2,0,unknown,0
70,admin.,married,primary,no,168,yes,no,telephone,1,0,unknown,0
44,blue-collar,married,tertiary,no,94,yes,no,cellular,4,0,unknown,0
48,admin.,married,secondary,no,3777,yes,no,cellular,2,0,unknown,0
39,unknown,married,tertiary,no,0,yes,no,unknown,3,2,success,0
37,admin.,married,primary,no,1924,yes,yes,cellular,2,0,unknown,0
42,management,single,tertiary,no,542,yes,no,unknown,2,2,unknown,0
21,services,single,secondary,no,-375,no,no,unknown,3,0,unknown,0
35,management,single,tertiary,no,3064,yes,no,cellular,1,0,unknown,1
43,technician,divorced,tertiary,yes,2034,no,no,cellular,17,1,unknown,0
48,management,single,secondary,no,0,no,no,cellular,1,0,failure,0
44,technician,divorced,primary,no,203,no,yes,unknown,1,0,unknown,1
31,blue-collar,married,secondary,no,-120,no,yes,cellular,1,0,unknown,0
55,technician,divorced,primary,no,2420,yes,yes,telephone,1,0,unknown,0
44,technician,married,secondary,no,378,no,no,unknown,4,0,unknown,0
50,technician,single,secondary,no,179,yes,no,cellular,6,0,unknown,0
32,services,married,tertiary,no,9,no,no,unknown,7,4,success,0
53,blue-collar,married,secondary,no,725,no,no,cellular,1,0,unknown,0
50,self-employed,married,tertiary,no,4415,no,no,telephone,1,1,unknown,1
36,services,married,primary,no,2850,yes,no,cellular,2,0,unknown,0
60,blue-collar,single,secondary,no,62,no,no,cellular,2,4,unknown,0
34,unemployed,married,secondary,no,2885,yes,no,telephone,3,4,unknown,0
33,admin.,married,secondary,no,10,no,no,telephone,4,0,unknown,0
57,self-employed,married,secondary,no,0,no,no,cellular,1,0,unknown,0
58,management,married,tertiary,no,64,no,no,unknown,1,1,unknown,0
41,unknown,single,secondary,no,186,yes,no,cellular,1,0,unknown,0
38,admin.,divorced,secondary,no,1787,no,no,cellular,2,0,unknown,0
56,services,single,tertiary,no,-241,no,yes,cellular,1,0,success,0
32,self-employed,married,tertiary,no,5366,yes,no,telephone,25,0,failure,1
33,management,single,unknown,yes,-34,yes,no,cellular,2,0,unknown,1
47,admin.,married,tertiary,no,4103,no,no,cellular,1,0,failure,0
59,blue-collar,married,secondary,no,1327,yes,no,cellular,1,0,unknown,0
30,technician,single,tertiary,no,8,yes,no,cellular,2,0,unknown,0
30,management,single,secondary,no,348,no,no,cellular,1,0,unknown,0
41,blue-collar,single,primary,no,360,no,no,unknown,2,0,unknown,0
45,management,married,secondary,no,9146,yes,no,cellular,1,0,failure,1
34,blue-collar,divorced,secondary,no,694,no,no,unknown,5,0,unknown,1
31,management,married,primary,no,1071,no,no,cellular,2,15,unknown,1
31,blue-collar,single,tertiary,no,2089,yes,no,telephone,3,0,other,0
34,blue-collar,married,tertiary,no,189,no,no,cellular,3,0,unknown,0
52,unknown,single,secondary,no,42,no,no,telephone,2,0,unknown,0
52,admin.,single,tertiary,no,168,yes,no,unknown,1,0,unknown,0
29,management,married,secondary,no,92,yes,yes,cellular,5,0,unknown,0
55,unemployed,married,tertiary,no,584,yes,no,unknown,4,0,unknown,0
29,admin.,single,secondary,no,167,yes,yes,cellular,1,0,unknown,0
45,management,single,tertiary,yes,1033,no,yes,unknown,3,0,unknown,0
66,housemaid,married,secondary,no,0,no,no,unknown,1,0,unknown,0
31,blue-collar,married,tertiary,no,-20,yes,yes,cellular,2,0,unknown,0
48,technician,single,secondary,no,381,no,yes,cellular,2,3,unknown,1
52,management,single,secondary,no,105,yes,no,telephone,2,1,unknown,0
36,blue-collar,divorced,secondary,no,1221,yes,no,unknown,2,0,unknown,1
47,technician,married,secondary,no,340,yes,no,telephone,2,3,unknown,0
26,services,married,tertiary,no,156,no,no,unknown,2,0,unknown,0
38,technician,single,tertiary,no,8627,no,no,cellular,6,0,unknown,0
58,blue-collar,married,tertiary,no,2538,no,yes,cellular,1,1,unknown,0
31,technician,married,unknown,no,3163,yes,no,cellular,2,0,unknown,0
40,technician,single,secondary,no,669,no,no,cellular,1,0,unknown,0
44,technician,married,tertiary,no,16992,no,no,unknown,2,0,unknown,0
60,technician,married,secondary,no,300,yes,no,cellular,1,0,failure,0
59,technician,single,secondary,no,13494,yes,yes,unknown,1,0,unknown,0
41,technician,single,tertiary,no,1175,yes,no,cellular,1,0,unknown,0
32,management,divorced,secondary,no,280,no,yes,cellular,4,0,unknown,0
47,self-employed,married,secondary,no,8652,no,no,cellular,8,0,unknown,0
32,admin.,divorced,secondary,no,245,no,no,cellular,9,0,unknown,1
44,retired,married,secondary,no,-253,yes,no,cellular,6,4,unknown,0
56,services,single,tertiary,no,795,yes,no,cellular,4,0,unknown,0
36,blue-collar,single,primary,no,25,no,no,cellular,3,0,unknown,0
46,technician,married,tertiary,no,1944,yes,no,cellular,2,1,unknown,0
32,management,divorced,tertiary,no,6046,no,no,telephone,2,0,unknown,0
46,management,married,secondary,no,20453,no,no,cellular,2,0,unknown,0
47,blue-collar,married,secondary,no,1781,no,no,cellular,4,0,unknown,0
52,management,single,tertiary,no,1242,yes,no,unknown,1,3,unknown,0
34,technician,married,secondary,no,1257,no,yes,cellular,2,0,unknown,1
32,blue-collar,married,secondary,no,321,yes,no,cellular,1,0,unknown,0
53,admin.,married,tertiary,no,1310,no,no,unknown,4,0,unknown,0
26,retired,married,secondary,no,99,no,no,cellular,4,0,unknown,0
45,retired,married,primary,no,1987,yes,no,cellular,4,0,unknown,0
34,blue-collar,divorced,primary,no,710,no,no,cellular,2,0,failure,0
48,blue-collar,single,secondary,no,385,yes,no,cellular,2,0,unknown,0
31,management,single,unknown,no,0,yes,no,cellular,1,0,unknown,0
50,admin.,married,unknown,no,-67,yes,yes,cellular,3,0,failure,0
55,blue-collar,single,secondary,no,3485,yes,yes,cellular,1,0,unknown,0
54,blue-collar,married,secondary,no,982,no,no,telephone,2,0,unknown,0
36,technician,married,secondary,no,1242,yes,no,cellular,2,1,unknown,0
30,unemployed,married,secondary,no,994,yes,no,unknown,1,0,unknown,1
33,admin.,married,primary,no,2304,yes,no,cellular,3,0,unknown,0
27,management,married,tertiary,no,7944,yes,no,unknown,6,0,unknown,1
39,technician,married,secondary,no,2378,yes,no,cellular,4,1,unknown,0
33,management,divorced,tertiary,no,360,yes,no,cellular,3,0,unknown,0
49,services,single,tertiary,no,-251,yes,no,unknown,2,0,unknown,0
29,retired,married,secondary,no,0,yes,yes,cellular,1,0,unknown,0
60,management,married,secondary,no,4012,no,no,cellular,1,5,other,0
41,management,married,secondary,no,-22,no,no,unknown,2,1,unknown,0
30,blue-collar,single,secondary,no,10,no,no,cellular,3,1,unknown,0
34,services,married,secondary,no,201,no,no,cellular,1,0,unknown,0
31,blue-collar,married,secondary,no,-3,yes,no,unknown,9,0,unknown,0
48,management,married,secondary,no,3412,yes,no,unknown,6,0,unknown,1
83,admin.,married,secondary,no,6495,no,no,cellular,3,2,unknown,0
41,services,married,secondary,no,1729,no,yes,unknown,2,0,unknown,1
33,blue-collar,married,tertiary,no,769,yes,no,cellular,1,0,unknown,1
59,management,single,secondary,no,795,yes,no,cellular,3,0,unknown,0
75,admin.,married,secondary,no,647,no,no,cellular,1,0,unknown,0
45,admin.,married,secondary,no,823,no,no,cellular,3,0,unknown,0
43,services,married,primary,no,0,yes,yes,unknown,2,0,unknown,0
34,management,divorced,secondary,no,0,no,no,cellular,2,4,unknown,0
41,services,married,secondary,no,7190,yes,no,cellular,2,0,unknown,0
57,blue-collar,single,secondary,no,-149,yes,no,unknown,1,0,unknown,0
52,retired,single,primary,no,5549,no,no,cellular,5,0,unknown,0
44,student,single,tertiary,no,341,yes,no,cellular,1,1,unknown,0
61,admin.,single,tertiary,no,4063,no,no,unknown,3,0,unknown,0
43,blue-collar,married,primary,no,44,no,no,unknown,10,0,unknown,0
63,self-employed,married,unknown,no,1679,no,no,cellular,1,0,unknown,1
26,technician,divorced,secondary,no,4438,no,no,cellular,3,3,failure,1
35,technician,married,secondary,no,279,yes,no,unknown,2,0,unknown,0
38,self-employed,single,secondary,no,1114,yes,no,unknown,4,0,failure,0
37,unemployed,divorced,tertiary,no,1161,no,no,telephone,6,0,unknown,0
42,admin.,divorced,tertiary,no,0,no,yes,unknown,2,0,unknown,0
39,management,divorced,secondary,no,1509,no,no,unknown,1,0,unknown,0
26,self-employed,married,tertiary,no,329,yes,no,cellular,1,0,failure,0
34,management,married,tertiary,no,-59,yes,no,cellular,2,1,unknown,0
36,technician,single,unknown,no,246,yes,no,cellular,1,0,unknown,0
55,blue-collar,married,tertiary,no,1368,no,no,telephone,1,0,unknown,1
37,entrepreneur,married,secondary,no,47,yes,no,cellular,21,0,success,0
35,management,married,tertiary,no,4415,yes,no,cellular,2,0,unknown,0
37,blue-collar,single,tertiary,no,105,yes,no,unknown,2,0,unknown,0
40,services,married,secondary,no,860,no,no,cellular,5,0,unknown,0
41,entrepreneur,single,secondary,no,271,no,yes,unknown,4,0,unknown,0
39,management,single,primary,no,37,no,no,cellular,3,3,failure,0
44,management,married,secondary,no,111,yes,no,cellular,2,2,failure,0
58,management,married,tertiary,no,0,yes,no,cellular,2,0,unknown,0
28,admin.,married,primary,no,2146,no,no,cellular,6,0,unknown,0
64,technician,married,secondary,no,59,no,no,cellular,1,0,unknown,0
34,admin.,married,secondary,no,2657,yes,no,cellular,6,0,unknown,0
29,blue-collar,married,secondary,no,901,yes,no,cellular,9,0,unknown,0
38,technician,married,primary,no,679,no,no,cellular,6,0,success,0
37,admin.,married,secondary,no,50,yes,no,cellular,3,0,unknown,0
31,technician,married,tertiary,no,2,yes,no,cellular,2,9,unknown,1
45,technician,married,primary,no,515,no,no,unknown,2,1,unknown,1
63,technician,married,secondary,no,411,yes,no,cellular,1,0,failure,0
33,management,single,tertiary,no,2685,no,no,cellular,1,1,unknown,0
66,blue-collar,married,tertiary,no,291,no,no,cellular,4,0,unknown,0
42,technician,married,tertiary,no,343,no,no,unknown,2,1,unknown,0
41,blue-collar,single,secondary,no,0,no,no,cellular,1,0,unknown,0
60,services,married,secondary,no,11269,yes,no,unknown,2,0,unknown,0
36,admin.,single,tertiary,no,3571,yes,no,cellular,4,0,unknown,0
29,management,married,tertiary,no,1044,yes,no,cellular,2,0,unknown,0
49,housemaid,married,primary,no,795,no,no,cellular,4,0,unknown,0
32,technician,married,secondary,no,-53,yes,no,cellular,1,0,other,0
44,admin.,married,secondary,no,1548,no,no,unknown,1,0,other,0
34,housemaid,married,secondary,no,297,yes,yes,cellular,1,0,unknown,0
36,technician,married,tertiary,no,5106,no,no,cellular,2,0,unknown,0
27,blue-collar,married,primary,no,2558,no,yes,cellular,3,0,failure,0
36,unemployed,single,primary,no,259,no,no,cellular,8,0,unknown,0
39,student,married,tertiary,no,293,no,no,cellular,1,0,unknown,0
32,services,married,secondary,no,-375,yes,no,cellular,2,0,failure,0
22,self-employed,married,secondary,no,5780,yes,no,cellular,5,5,unknown,0
55,housemaid,single,tertiary,no,2145,no,no,cellular,1,0,unknown,0
46,blue-collar,divorced,secondary,no,2116,no,no,cellular,2,0,unknown,0
38,blue-collar,single,tertiary,no,653,yes,yes,cellular,1,0,unknown,0
55,admin.,single,tertiary,no,2488,no,no,unknown,1,0,unknown,0
80,admin.,married,primary,no,534,no,no,cellular,2,7,unknown,0
29,technician,single,tertiary,no,218,yes,no,unknown,4,0,unknown,0
32,technician,married,tertiary,no,148,yes,no,unknown,11,0,unknown,0
51,technician,divorced,primary,no,428,yes,no,cellular,1,0,unknown,0
44,services,married,secondary,no,0,yes,no,cellular,1,4,unknown,0
35,entrepreneur,single,tertiary,no,1327,yes,no,cellular,1,0,unknown,0
34,technician,married,tertiary,no,148,no,no,cellular,1,0,success,1
34,blue-collar,married,tertiary,no,-120,yes,no,cellular,2,2,unknown,0
41,blue-collar,single,tertiary,no,0,yes,yes,cellular,3,0,unknown,0
37,blue-collar,divorced,secondary,no,9720,yes,no,unknown,1,0,unknown,1
51,admin.,single,secondary,no,133,no,no,unknown,1,2,unknown,0
45,technician,single,secondary,no,2700,yes,no,unknown,1,1,unknown,0
75,admin.,married,primary,no,0,no,no,unknown,7,0,unknown,0
34,blue-collar,married,secondary,no,479,yes,no,cellular,2,0,success,0
41,management,single,tertiary,no,181,no,yes,unknown,1,0,failure,0
42,blue-collar,single,secondary,no,2567,no,no,cellular,1,0,other,0
42,technician,single,secondary,no,6072,yes,no,unknown,1,0,unknown,0
35,blue-collar,single,primary,no,3283,yes,yes,cellular,2,0,unknown,0
39,management,married,tertiary,no,8652,yes,yes,unknown,2,2,unknown,0
53,admin.,married,secondary,no,3068,no,no,unknown,3,0,unknown,1
41,management,divorced,secondary,no,2572,no,no,unknown,2,0,unknown,1
42,blue-collar,divorced,tertiary,no,1584,yes,no,cellular,3,0,unknown,0
49,management,single,tertiary,no,936,yes,no,telephone,1,2,unknown,0
48,entrepreneur,married,tertiary,no,745,yes,no,cellular,2,0,failure,0
59,self-employed,married,unknown,no,1602,no,no,cellular,1,0,unknown,0
53,entrepreneur,married,secondary,no,658,yes,no,cellular,11,0,unknown,1
57,management,single,secondary,no,1159,no,no,unknown,3,0,unknown,0
57,blue-collar,married,tertiary,no,687,no,no,unknown,1,0,unknown,0
33,admin.,single,secondary,no,3616,yes,no,cellular,3,0,unknown,0
29,blue-collar,single,tertiary,no,755,no,no,cellular,11,0,unknown,1
59,blue-collar,married,tertiary,no,3298,yes,no,telephone,1,0,failure,0
39,technician,married,tertiary,no,117,no,no,cellular,1,1,unknown,0
27,technician,single,tertiary,no,12607,yes,no,cellular,16,0,unknown,0
38,blue-collar,single,secondary,no,5037,no,yes,cellular,1,2,unknown,0
49,blue-collar,married,tertiary,no,0,no,no,unknown,2,0,unknown,0
33,retired,married,primary,no,2,yes,no,unknown,5,0,unknown,0
49,blue-collar,married,tertiary,no,-970,yes,no,cellular,1,2,unknown,0
39,student,single,secondary,no,1048,yes,no,cellular,3,0,unknown,0
33,blue-collar,divorced,secondary,no,0,yes,no,cellular,15,1,unknown,0
74,technician,married,tertiary,no,9976,yes,no,cellular,6,0,unknown,0
36,blue-collar,single,secondary,no,4374,yes,yes,unknown,3,0,unknown,0
45,entrepreneur,divorced,unknown,no,364,yes,no,unknown,8,0,failure,0
32,technician,single,secondary,no,864,no,no,telephone,1,4,unknown,0
52,technician,single,tertiary,no,781,no,no,cellular,1,0,unknown,0
58,housemaid,married,tertiary,no,133,yes,no,cellular,3,0,unknown,0
28,management,married,tertiary,no,1257,yes,no,cellular,1,0,unknown,1
51,services,divorced,secondary,no,-183,no,no,cellular,4,0,unknown,0
26,technician,married,tertiary,no,2805,yes,yes,cellular,1,3,unknown,0
32,admin.,single,secondary,no,6850,yes,yes,unknown,1,0,failure,0
25,services,married,secondary,no,966,yes,no,cellular,2,0,unknown,0
28,technician,married,primary,no,475,yes,no,unknown,3,0,unknown,1
37,management,married,tertiary,no,1937,no,no,cellular,1,0,unknown,0
55,blue-collar,married,tertiary,no,610,yes,no,unknown,2,0,unknown,0
34,blue-collar,married,secondary,no,125,yes,no,cellular,2,0,failure,0
37,services,married,primary,no,3102,no,no,telephone,1,0,unknown,0
53,management,married,secondary,no,763,yes,no,unknown,1,0,unknown,1
39,blue-collar,married,tertiary,no,452,yes,no,cellular,12,0,other,0
48,retired,married,secondary,no,32,no,no,cellular,5,0,unknown,0
35,services,divorced,tertiary,no,826,yes,no,cellular,2,0,unknown,0
37,technician,married,secondary,no,-34,yes,no,cellular,2,0,unknown,0
59,technician,married,secondary,no,902,yes,no,unknown,1,0,unknown,0
30,blue-collar,married,tertiary,no,0,yes,no,telephone,1,0,unknown,0
39,self-employed,married,secondary,no,75,no,yes,unknown,1,1,unknown,0
37,admin.,married,unknown,no,871,yes,no,unknown,5,0,failure,0
50,student,divorced,primary,no,105,yes,no,unknown,1,0,unknown,0
32,blue-collar,married,tertiary,no,420,no,no,unknown,1,0,unknown,0
57,self-employed,single,secondary,no,491,yes,yes,cellular,1,0,unknown,0
38,retired,married,secondary,no,149,no,yes,cellular,4,0,unknown,0
58,blue-collar,married,secondary,no,1980,yes,no,unknown,2,0,unknown,0
33,technician,married,secondary,no,275,no,no,unknown,8,0,unknown,0
38,management,married,secondary,no,856,yes,no,cellular,1,4,unknown,0
38,services,single,tertiary,no,102,no,yes,unknown,3,0,unknown,0
31,management,married,secondary,no,164,yes,yes,cellular,1,0,unknown,0
38,management,single,tertiary,no,2160,yes,no,cellular,1,0,unknown,0
43,admin.,single,tertiary,no,518,no,no,cellular,5,0,unknown,0
29,admin.,married,tertiary,no,5045,yes,no,unknown,4,0,unknown,0
26,management,married,primary,no,2540,yes,yes,cellular,3,2,unknown,0
30,management,married,secondary,no,4,yes,no,cellular,6,0,unknown,0
51,admin.,divorced,secondary,no,934,yes,no,cellular,1,0,unknown,0
40,services,single,tertiary,no,104,yes,yes,cellular,1,0,unknown,0
27,technician,married,secondary,yes,0,yes,no,cellular,1,0,unknown,0
32,services,married,tertiary,no,604,yes,no,cellular,6,0,unknown,0
29,technician,married,primary,no,14533,yes,no,cellular,2,1,unknown,0
35,admin.,married,secondary,no,117,no,no,cellular,1,0,unknown,0
63,admin.,married,secondary,no,230,no,no,cellular,2,0,unknown,0
30,management,married,secondary,yes,2,no,no,unknown,4,0,unknown,0
49,self-employed,married,tertiary,no,440,no,no,unknown,6,0,unknown,0
36,management,single,tertiary,yes,-28,yes,no,cellular,1,0,unknown,0
48,unemployed,married,secondary,no,1088,no,yes,cellular,1,0,unknown,0
39,blue-collar,married,secondary,no,828,yes,no,cellular,2,0,unknown,0
41,management,married,secondary,no,0,no,yes,cellular,2,0,unknown,0
36,management,married,secondary,no,1217,yes,yes,telephone,1,0,other,0
33,blue-collar,married,primary,no,0,no,no,unknown,1,0,unknown,0
53,admin.,married,primary,no,1354,yes,no,unknown,5,1,unknown,0
29,technician,married,secondary,no,378,yes,no,cellular,5,0,failure,0
32,blue-collar,married,secondary,no,3238,no,yes,cellular,3,0,failure,0
47,services,married,secondary,no,221,no,yes,cellular,2,4,unknown,0
31,services,married,unknown,no,603,no,no,unknown,1,0,unknown,0
44,blue-collar,married,tertiary,no,-632,yes,no,cellular,1,0,unknown,0
42,blue-collar,married,secondary,no,3071,yes,no,cellular,3,0,unknown,0
33,services,single,primary,no,1691,no,no,cellular,1,0,unknown,0
42,blue-collar,single,secondary,no,157,no,no,cellular,5,0,unknown,0
39,management,married,primary,no,1097,yes,no,cellular,7,3,failure,0
38,management,married,secondary,no,6649,no,yes,cellular,3,0,unknown,0
41,blue-collar,married,secondary,no,1665,yes,no,cellular,1,0,unknown,0
57,management,married,primary,no,6563,yes,no,cellular,11,0,unknown,1
45,self-employed,married,secondary,no,255,no,no,telephone,16,0,unknown,0
35,blue-collar,single,tertiary,no,1621,no,no,cellular,1,5,unknown,0
64,technician,married,secondary,no,1069,yes,no,cellular,6,0,unknown,0
32,management,married,tertiary,no,2,yes,no,cellular,18,0,unknown,0
27,self-employed,married,tertiary,no,787,yes,no,unknown,1,0,unknown,0
35,management,single,secondary,no,33,yes,no,cellular,2,0,unknown,0
59,blue-collar,married,secondary,no,0,no,no,unknown,1,1,unknown,0
60,unemployed,single,primary,no,490,no,no,cellular,4,0,unknown,0
40,technician,married,secondary,no,0,no,no,unknown,2,6,unknown,0
33,retired,single,secondary,no,146,no,no,cellular,1,0,unknown,0
28,technician,married,secondary,no,280,yes,no,cellular,1,0,unknown,0
38,management,single,secondary,no,697,no,no,cellular,2,0,unknown,0
47,retired,single,secondary,no,3931,yes,no,cellular,2,0,unknown,0
26,admin.,married,tertiary,no,211,no,no,cellular,4,0,unknown,0
48,technician,divorced,secondary,no,925,yes,no,unknown,1,0,unknown,1
43,blue-collar,married,tertiary,no,4287,no,no,cellular,1,0,unknown,0
52,housemaid,single,tertiary,no,75,no,no,cellular,2,0,unknown,0
47,technician,married,unknown,no,6766,yes,no,unknown,1,0,unknown,0
38,retired,married,tertiary,no,204,no,no,cellular,1,0,unknown,0
28,management,married,tertiary,no,991,yes,no,cellular,1,0,unknown,0
43,blue-collar,married,secondary,no,133,no,no,unknown,2,0,unknown,0
39,blue-collar,single,primary,no,3696,yes,no,unknown,1,0,unknown,0
52,blue-collar,married,tertiary,no,469,no,yes,cellular,25,5,unknown,0
48,entrepreneur,single,secondary,yes,178,no,no,cellular,2,0,failure,0
33,management,divorced,secondary,no,883,no,no,unknown,3,0,failure,0
48,retired,married,secondary,no,2892,yes,yes,unknown,10,0,unknown,0
49,blue-collar,single,unknown,no,5106,yes,no,cellular,4,0,unknown,0
34,admin.,single,primary,no,1049,yes,no,cellular,2,0,unknown,0
37,services,married,secondary,no,283,no,no,cellular,6,0,unknown,0
41,unemployed,married,secondary,no,1792,no,no,cellular,2,0,unknown,0
62,services,married,tertiary,no,389,yes,no,telephone,3,1,unknown,0
51,admin.,married,tertiary,no,990,yes,no,unknown,3,0,failure,0
46,management,single,unknown,no,125,no,no,cellular,2,0,unknown,1
53,blue-collar,single,primary,no,1283,yes,no,cellular,2,0,unknown,0
35,services,married,tertiary,no,1143,no,no,unknown,1,0,failure,0
25,entrepreneur,married,secondary,no,378,yes,yes,telephone,2,0,unknown,0
41,admin.,single,tertiary,no,2294,yes,no,cellular,4,0,unknown,0
53,retired,married,secondary,no,1308,no,no,unknown,7,0,failure,0
46,management,single,secondary,no,9,no,yes,cellular,1,1,unknown,0
35,admin.,married,tertiary,no,4446,no,yes,cellular,2,1,unknown,0
39,blue-collar,married,secondary,no,5996,yes,no,cellular,8,0,failure,0
31,admin.,married,primary,no,998,yes,no,unknown,1,0,unknown,0
31,management,single,tertiary,no,308,no,no,cellular,3,0,unknown,0
31,blue-collar,single,unknown,no,745,yes,no,cellular,1,0,unknown,0
28,management,married,secondary,no,1341,yes,no,unknown,2,0,unknown,0
31,self-employed,single,tertiary,no,-35,yes,no,cellular,1,1,failure,0
47,admin.,single,tertiary,no,27733,yes,no,cellular,4,2,unknown,0
45,blue-collar,married,secondary,no,444,yes,no,cellular,2,0,failure,0
54,technician,single,primary,no,-254,yes,yes,unknown,1,0,unknown,0
43,admin.,married,primary,no,866,no,no,cellular,1,2,unknown,0
39,blue-collar,married,tertiary,no,827,no,no,unknown,1,0,other,0
50,management,married,tertiary,no,3672,yes,no,cellular,2,0,unknown,0
52,services,married,secondary,no,66,no,no,cellular,1,0,unknown,0
60,technician,married,primary,no,15311,yes,no,cellular,1,6,unknown,0
47,blue-collar,married,primary,no,865,no,no,unknown,2,0,unknown,1
40,admin.,single,secondary,no,0,no,no,cellular,4,0,unknown,1
41,unemployed,married,secondary,no,5,yes,no,cellular,1,0,other,0
34,management,married,primary,no,6766,yes,no,cellular,2,7,unknown,0
23,unemployed,married,tertiary,no,836,yes,no,cellular,1,6,unknown,1
56,admin.,divorced,secondary,no,217,no,no,cellular,2,0,unknown,0
57,entrepreneur,married,secondary,no,487,yes,no,unknown,11,0,unknown,0
37,admin.,married,tertiary,no,2104,no,no,cellular,1,0,unknown,0
45,technician,single,primary,no,2223,no,no,unknown,2,0,unknown,0
48,housemaid,single,tertiary,no,489,no,yes,unknown,1,0,unknown,0
33,blue-collar,divorced,unknown,no,1331,yes,yes,cellular,6,0,unknown,0
44,blue-collar,married,secondary,no,1160,no,yes,cellular,1,0,unknown,0
46,technician,single,secondary,no,259,yes,no,unknown,2,0,unknown,0
38,management,divorced,tertiary,no,2769,yes,no,cellular,1,1,unknown,0
35,self-employed,single,secondary,no,19,yes,no,cellular,3,0,unknown,0
53,self-employed,single,tertiary,no,0,yes,no,cellular,1,0,unknown,0
56,admin.,married,tertiary,no,1,yes,no,cellular,4,0,unknown,0
58,admin.,married,secondary,no,3706,no,no,unknown,1,0,unknown,1
33,technician,married,secondary,no,2731,no,yes,cellular,4,0,success,0
30,technician,married,secondary,no,276,yes,yes,unknown,1,0,unknown,0
38,housemaid,married,secondary,no,148,no,no,cellular,1,0,failure,0
30,admin.,married,secondary,no,472,no,no,cellular,3,0,unknown,0
42,admin.,divorced,tertiary,no,1544,yes,no,unknown,1,0,failure,0
40,services,single,secondary,no,790,yes,no,cellular,1,0,unknown,0
38,unemployed,divorced,secondary,no,2285,yes,no,unknown,2,0,unknown,0
41,services,married,secondary,no,157,no,no,cellular,2,0,unknown,0
60,admin.,married,secondary,no,75,yes,no,cellular,1,0,failure,0
42,self-employed,divorced,primary,no,137,no,no,cellular,7,0,unknown,0
41,self-employed,married,secondary,no,1206,no,no,cellular,3,0,failure,0
51,blue-collar,married,secondary,no,0,yes,no,unknown,5,0,unknown,0
51,self-employed,divorced,secondary,no,3232,yes,no,unknown,2,0,unknown,0
33,blue-collar,married,secondary,no,1734,no,no,cellular,10,0,unknown,0
65,blue-collar,married,primary,no,16874,yes,no,cellular,1,0,unknown,0
36,technician,married,tertiary,no,217,yes,no,cellular,2,0,unknown,1
45,self-employed,single,primary,no,1160,yes,yes,cellular,4,3,unknown,0
29,blue-collar,married,secondary,no,5549,yes,no,cellular,2,0,success,0
35,management,married,secondary,no,969,yes,no,unknown,1,0,failure,0
37,technician,single,tertiary,no,4895,no,no,cellular,4,2,failure,0
57,blue-collar,married,primary,no,301,yes,yes,cellular,2,0,unknown,0
34,blue-collar,married,unknown,no,233,no,no,telephone,1,0,unknown,0
38,management,married,tertiary,no,1680,yes,no,unknown,1,0,unknown,0
55,management,married,secondary,no,0,yes,no,unknown,1,2,failure,0
37,blue-collar,single,secondary,no,661,yes,no,cellular,2,0,unknown,0
28,technician,married,tertiary,no,342,yes,no,cellular,2,0,unknown,0
37,housemaid,married,secondary,no,935,yes,no,cellular,1,0,unknown,1
28,services,single,tertiary,no,509,no,no,cellular,2,0,unknown,0
39,entrepreneur,married,secondary,no,5462,no,no,cellular,3,0,unknown,0
59,management,married,unknown,no,2343,no,no,cellular,2,0,unknown,1
41,management,married,primary,no,95,yes,no,cellular,3,0,unknown,0
28,retired,divorced,secondary,no,811,yes,no,cellular,7,2,failure,1
37,technician,married,secondary,no,1279,yes,no,telephone,2,0,other,0
70,blue-collar,single,secondary,no,4758,no,no,cellular,2,0,unknown,0
80,management,married,secondary,no,28,no,yes,unknown,1,0,unknown,0
38,blue-collar,married,secondary,no,201,yes,no,cellular,25,0,unknown,0
42,admin.,divorced,tertiary,no,1130,no,no,cellular,1,0,unknown,0
51,management,married,unknown,no,4438,no,yes,cellular,3,0,unknown,1
32,technician,divorced,secondary,no,35,yes,no,unknown,1,0,unknown,0
29,blue-collar,divorced,secondary,no,7735,no,no,cellular,1,2,unknown,0
32,blue-collar,married,secondary,no,764,no,no,telephone,2,0,failure,0
39,blue-collar,married,tertiary,no,5462,yes,yes,unknown,4,3,unknown,0
34,unemployed,married,primary,no,680,no,no,cellular,3,2,unknown,0
26,blue-collar,married,tertiary,no,1847,yes,no,cellular,1,0,unknown,0
45,blue-collar,divorced,tertiary,no,26,no,no,cellular,2,3,unknown,0
48,blue-collar,married,secondary,no,22,no,no,unknown,2,0,other,0
30,blue-collar,married,secondary,no,-970,yes,no,cellular,5,0,unknown,0
56,blue-collar,married,secondary,no,3927,yes,no,cellular,5,0,unknown,0
39,management,divorced,primary,no,174,yes,no,cellular,8,2,unknown,0
59,blue-collar,married,secondary,no,319,yes,no,cellular,2,0,unknown,0
28,admin.,married,tertiary,no,-315,no,no,cellular,2,0,unknown,0
34,technician,married,tertiary,no,1567,no,no,cellular,15,0,unknown,0
53,student,married,secondary,no,-70,no,no,unknown,4,3,unknown,0
59,technician,single,secondary,no,252,yes,no,unknown,2,0,unknown,0
54,blue-collar,divorced,secondary,no,0,yes,yes,unknown,1,7,unknown,0
38,admin.,married,tertiary,no,225,yes,no,cellular,2,0,failure,0
55,blue-collar,married,secondary,no,30,yes,no,cellular,7,0,other,0
35,technician,divorced,tertiary,no,231,yes,no,cellular,2,0,unknown,0
44,services,married,secondary,no,52,yes,no,cellular,1,0,unknown,0
46,technician,married,tertiary,no,828,yes,no,cellular,1,0,unknown,0
69,blue-collar,married,tertiary,no,3096,yes,no,unknown,3,0,unknown,0
53,blue-collar,divorced,primary,no,1306,yes,yes,cellular,6,5,unknown,0
48,entrepreneur,married,tertiary,no,2921,no,no,cellular,1,0,unknown,0
28,technician,single,tertiary,no,61,yes,no,unknown,3,0,other,0
45,housemaid,married,tertiary,no,204,yes,no,unknown,1,0,unknown,0
38,admin.,married,primary,no,116,yes,no,cellular,3,0,unknown,1
45,technician,married,primary,no,1623,no,no,unknown,1,0,unknown,0
72,housemaid,single,secondary,no,551,yes,no,unknown,4,0,unknown,0
52,blue-collar,married,tertiary,no,54,yes,no,unknown,1,2,unknown,0
32,technician,single,secondary,no,15,yes,no,cellular,2,0,unknown,0
42,management,married,secondary,no,2647,yes,no,unknown,2,0,unknown,0
43,services,single,tertiary,no,-118,yes,no,cellular,2,0,unknown,0
29,technician,single,secondary,no,5,no,no,cellular,2,0,unknown,1
33,blue-collar,married,tertiary,no,347,yes,no,cellular,1,0,unknown,0
32,student,married,secondary,no,72,no,no,cellular,1,0,unknown,0
43,management,single,primary,no,2644,yes,no,unknown,2,4,unknown,0
32,management,married,secondary,no,490,yes,no,unknown,6,0,unknown,0
46,entrepreneur,married,secondary,no,4539,no,no,unknown,3,0,unknown,0
27,blue-collar,married,secondary,no,-49,no,yes,unknown,1,0,unknown,0
51,self-employed,married,secondary,no,819,yes,yes,unknown,8,0,unknown,0
54,self-employed,married,secondary,no,5673,no,no,telephone,1,0,unknown,0
52,technician,divorced,secondary,no,523,yes,no,cellular,1,0,unknown,0
48,blue-collar,married,unknown,no,-226,no,no,unknown,4,3,unknown,0
40,management,married,unknown,no,1275,yes,no,unknown,2,0,unknown,0
42,retired,married,secondary,no,0,yes,no,unknown,1,0,failure,0
35,management,married,secondary,no,3576,yes,no,unknown,1,0,unknown,0
33,blue-collar,married,secondary,no,92,no,yes,cellular,4,0,unknown,0
59,services,single,tertiary,no,168,no,no,telephone,2,2,failure,0
31,blue-collar,single,tertiary,no,110,no,no,cellular,4,0,unknown,1
30,admin.,married,secondary,no,0,yes,no,unknown,5,2,unknown,1
55,admin.,single,primary,no,472,yes,yes,cellular,1,0,unknown,1
34,admin.,married,tertiary,no,788,yes,no,unknown,6,0,unknown,1
41,admin.,married,tertiary,no,54,yes,no,telephone,5,0,unknown,1
38,management,married,secondary,no,25,yes,no,cellular,1,0,unknown,0
42,management,single,secondary,no,1185,no,yes,cellular,2,0,unknown,0
32,technician,married,primary,no,586,yes,no,unknown,1,0,other,1
43,technician,married,secondary,no,475,yes,no,cellular,3,0,unknown,1
33,blue-collar,married,primary,no,33,no,no,cellular,3,0,unknown,0
25,blue-collar,married,primary,no,0,yes,no,telephone,2,0,unknown,1
43,self-employed,married,tertiary,no,641,yes,no,unknown,1,0,unknown,0
30,management,married,secondary,no,0,yes,no,unknown,1,0,unknown,0
47,unknown,married,tertiary,no,3238,yes,no,cellular,4,0,failure,0
34,management,married,secondary,no,1367,no,no,cellular,2,0,success,0
19,blue-collar,married,secondary,yes,3939,no,no,unknown,6,4,unknown,0
58,blue-collar,single,tertiary,no,3242,no,yes,cellular,2,0,unknown,0
33,self-employed,married,tertiary,no,64,no,no,cellular,7,0,failure,0
55,technician,married,secondary,no,1169,yes,no,unknown,3,0,unknown,0
39,services,divorced,secondary,no,879,yes,yes,unknown,4,0,unknown,0
31,blue-collar,divorced,secondary,no,3339,yes,no,cellular,1,0,unknown,0
40,services,married,tertiary,no,-194,no,no,unknown,9,0,unknown,0
30,management,married,tertiary,yes,0,yes,no,unknown,3,0,unknown,0
37,services,married,primary,no,49,no,no,unknown,4,0,unknown,0
35,management,single,secondary,no,0,no,no,unknown,2,1,unknown,0
40,admin.,married,secondary,no,295,yes,no,cellular,5,0,unknown,0
27,blue-collar,married,tertiary,no,39,yes,no,unknown,3,0,unknown,0
26,technician,married,secondary,no,44,no,no,cellular,1,0,unknown,0
41,management,married,secondary,no,-218,no,no,unknown,1,0,unknown,0
35,blue-collar,married,tertiary,yes,0,yes,no,cellular,3,1,unknown,0
42,technician,married,tertiary,no,7,yes,no,cellular,1,0,unknown,0
35,admin.,married,secondary,no,781,no,no,telephone,1,0,unknown,0
32,retired,married,primary,no,293,yes,yes,unknown,1,0,unknown,0
31,blue-collar,married,primary,no,1238,yes,yes,cellular,1,0,unknown,0
49,technician,single,tertiary,no,427,no,no,telephone,6,0,other,0
35,blue-collar,married,tertiary,no,452,no,no,cellular,1,0,failure,1
40,services,single,primary,no,2171,yes,no,cellular,1,0,unknown,0
62,blue-collar,divorced,tertiary,no,469,no,no,cellular,4,0,unknown,0
33,services,married,secondary,no,349,yes,no,cellular,2,0,unknown,0
56,management,married,secondary,no,474,yes,no,telephone,3,0,success,0
42,services,married,secondary,no,3485,no,no,cellular,2,0,unknown,0
37,management,single,tertiary,no,0,no,no,cellular,1,0,failure,0
45,management,divorced,secondary,no,468,no,yes,unknown,2,0,unknown,1
34,self-employed,married,tertiary,no,260,yes,no,cellular,3,4,unknown,0
49,management,single,secondary,no,70,no,no,cellular,1,0,success,0
32,blue-collar,married,secondary,no,7944,no,no,unknown,1,0,unknown,0
48,technician,single,tertiary,no,176,yes,yes,cellular,3,0,unknown,0
34,admin.,married,secondary,no,876,no,no,cellular,1,3,unknown,0
27,management,married,secondary,no,1981,yes,no,cellular,2,0,unknown,0
62,blue-collar,married,secondary,no,994,yes,no,cellular,3,0,unknown,0
47,blue-collar,married,primary,no,-28,no,no,telephone,3,0,success,0
56,management,single,secondary,no,464,no,yes,cellular,1,0,failure,0
57,blue-collar,married,secondary,no,0,yes,no,cellular,2,4,unknown,0
60,management,married,primary,no,46,yes,no,cellular,1,0,unknown,0
35,blue-collar,divorced,tertiary,no,1424,no,yes,cellular,2,0,failure,0
37,blue-collar,married,primary,no,5980,yes,no,unknown,2,0,unknown,0
61,blue-collar,married,tertiary,no,386,yes,no,unknown,2,0,unknown,0
56,services,divorced,secondary,no,5310,yes,no,cellular,10,0,unknown,0
35,blue-collar,married,secondary,no,1172,yes,no,telephone,6,0,unknown,0
35,student,married,secondary,no,1094,yes,no,unknown,1,0,unknown,0
66,blue-collar,divorced,secondary,no,7,yes,no,cellular,1,0,unknown,0
49,blue-collar,married,tertiary,no,323,no,no,unknown,1,0,unknown,0
47,technician,married,tertiary,no,872,yes,no,unknown,2,0,unknown,0
48,technician,single,unknown,no,1034,no,no,cellular,1,0,unknown,0
47,entrepreneur,married,tertiary,no,822,yes,no,unknown,1,0,unknown,0
38,unemployed,married,tertiary,no,130,yes,no,unknown,5,4,unknown,0
31,unemployed,married,secondary,no,0,no,yes,cellular,2,0,unknown,0
31,blue-collar,married,tertiary,no,605,yes,no,cellular,3,4,unknown,0
35,management,single,tertiary,no,1222,yes,no,cellular,4,0,unknown,0
41,technician,single,secondary,no,644,yes,no,telephone,1,0,unknown,1
60,blue-collar,married,secondary,no,0,no,no,cellular,5,0,unknown,0
22,services,divorced,secondary,no,-204,yes,no,cellular,1,0,unknown,0
42,retired,married,tertiary,no,2442,yes,yes,unknown,4,0,unknown,0
36,services,married,secondary,no,6968,yes,no,cellular,1,0,unknown,0
24,technician,married,secondary,no,6904,yes,no,cellular,1,0,unknown,1
50,blue-collar,married,primary,yes,1916,no,no,unknown,2,0,unknown,0
47,management,married,tertiary,no,1787,no,no,unknown,1,0,unknown,0
32,management,married,tertiary,no,556,yes,no,cellular,4,0,failure,0
71,management,single,primary,no,199,yes,no,cellular,2,0,unknown,0
28,technician,divorced,tertiary,no,6053,no,no,cellular,1,0,unknown,0
44,retired,divorced,secondary,no,265,yes,no,unknown,2,0,unknown,0
38,entrepreneur,single,tertiary,no,230,no,no,cellular,2,0,failure,0
45,technician,divorced,primary,no,177,yes,no,cellular,2,0,unknown,0
41,unemployed,divorced,tertiary,no,3873,no,no,unknown,2,0,unknown,0
33,entrepreneur,married,primary,no,386,yes,no,unknown,1,0,failure,1
47,admin.,married,tertiary,no,279,yes,yes,cellular,1,0,failure,1
45,blue-collar,single,secondary,no,821,no,no,unknown,2,0,unknown,0
43,technician,married,tertiary,no,291,yes,no,unknown,1,2,unknown,0
33,admin.,married,unknown,no,0,yes,no,cellular,2,0,success,0
52,retired,married,secondary,no,-407,no,no,unknown,1,0,failure,0
58,management,single,tertiary,no,817,yes,yes,telephone,1,0,unknown,1
42,admin.,married,tertiary,no,55,no,yes,cellular,3,0,unknown,0
32,technician,single,secondary,no,432,yes,no,cellular,2,0,failure,0
52,entrepreneur,married,secondary,no,2729,yes,no,cellular,3,0,unknown,0
47,management,married,secondary,no,148,yes,no,cellular,5,0,unknown,0
33,self-employed,single,secondary,no,23,no,no,cellular,1,0,failure,0
43,admin.,married,secondary,no,1424,yes,no,telephone,12,0,unknown,0
33,management,married,primary,no,5173,no,no,cellular,1,0,failure,0
36,technician,divorced,tertiary,no,-1206,yes,yes,cellular,1,0,unknown,0
45,blue-collar,married,secondary,no,812,yes,no,unknown,1,0,unknown,0
25,services,married,secondary,no,-88,yes,no,unknown,4,0,failure,0
19,self-employed,married,secondary,no,6839,yes,no,unknown,6,5,unknown,0
55,housemaid,married,primary,no,137,yes,yes,unknown,1,5,unknown,0
36,blue-collar,married,secondary,no,188,yes,no,cellular,2,0,unknown,0
32,self-employed,married,secondary,no,828,yes,yes,cellular,3,0,failure,0
30,services,married,secondary,no,199,yes,no,cellular,1,0,unknown,0
22,blue-collar,married,secondary,no,3665,yes,no,cellular,3,0,unknown,0
57,management,divorced,primary,no,1433,no,no,unknown,2,0,failure,0
25,technician,married,unknown,no,135,yes,no,cellular,2,0,unknown,0
44,retired,married,secondary,no,6836,no,no,cellular,1,0,unknown,0
56,blue-collar,married,secondary,no,3620,no,yes,cellular,3,0,unknown,0
30,management,divorced,tertiary,no,5,yes,no,unknown,2,0,unknown,0
32,entrepreneur,married,tertiary,no,1159,yes,no,cellular,4,2,unknown,0
33,management,married,tertiary,no,1012,no,yes,cellular,2,0,unknown,0
48,blue-collar,married,secondary,no,226,no,yes,cellular,2,0,unknown,0
49,management,married,tertiary,no,178,no,no,unknown,24,0,unknown,1
56,services,divorced,tertiary,no,-311,no,no,unknown,2,0,unknown,0
43,entrepreneur,married,tertiary,no,1295,no,no,unknown,2,0,unknown,0
35,management,married,tertiary,no,0,yes,no,telephone,2,1,failure,0
27,technician,single,primary,no,795,yes,no,unknown,3,1,failure,0
30,management,divorced,secondary,no,874,no,yes,unknown,2,0,unknown,0
53,blue-collar,married,secondary,no,212,no,no,unknown,8,0,unknown,0
44,unemployed,single,tertiary,no,345,yes,no,unknown,2,0,unknown,0
34,management,married,secondary,no,0,yes,no,cellular,2,0,unknown,1
44,management,married,primary,no,4020,yes,yes,cellular,1,0,unknown,0
29,blue-collar,married,secondary,no,56,yes,no,unknown,12,0,unknown,1
55,blue-collar,single,tertiary,no,112,no,no,telephone,3,2,unknown,0
34,services,single,secondary,no,638,yes,no,cellular,4,0,unknown,0
37,unemployed,married,tertiary,no,3529,yes,no,unknown,2,0,unknown,0
59,technician,single,secondary,no,2349,no,no,cellular,3,0,unknown,0
26,technician,married,secondary,no,1948,yes,no,cellular,1,2,unknown,0
39,management,single,tertiary,no,1623,no,no,unknown,2,0,unknown,1
47,technician,single,tertiary,no,168,no,no,cellular,1,0,unknown,0
31,management,married,primary,no,-280,yes,yes,cellular,1,0,unknown,0
43,management,divorced,secondary,no,902,yes,no,cellular,1,0,other,0
52,management,divorced,secondary,no,838,yes,no,cellular,1,0,unknown,0
28,blue-collar,married,primary,no,13,no,no,cellular,2,0,failure,0
30,blue-collar,married,secondary,no,8652,no,no,cellular,2,0,unknown,0
53,technician,divorced,tertiary,no,0,no,no,unknown,1,0,unknown,0
53,blue-collar,married,secondary,no,469,yes,no,telephone,3,0,unknown,0
39,management,married,tertiary,no,381,no,no,cellular,8,1,success,0
57,management,married,tertiary,no,326,yes,no,cellular,1,0,unknown,0
58,management,married,secondary,yes,-182,no,yes,cellular,3,3,unknown,0
34,blue-collar,married,secondary,no,275,yes,no,unknown,2,0,unknown,0
56,technician,married,secondary,no,5181,yes,no,unknown,3,0,unknown,0
29,admin.,married,tertiary,no,266,no,no,cellular,2,0,unknown,1
38,management,single,secondary,no,424,yes,no,telephone,1,0,success,1
37,technician,single,secondary,no,225,no,yes,unknown,1,5,unknown,0
30,management,married,secondary,no,1012,yes,no,cellular,1,0,unknown,0
25,technician,married,secondary,no,3913,no,no,cellular,2,0,unknown,0
32,admin.,divorced,secondary,no,171,yes,no,cellular,2,0,unknown,0
51,management,married,primary,no,2237,yes,no,cellular,1,0,unknown,0
31,blue-collar,single,tertiary,no,297,yes,no,cellular,2,0,unknown,0
43,management,married,secondary,no,0,no,no,cellular,1,24,unknown,0
53,technician,single,tertiary,no,41,yes,no,unknown,1,0,unknown,0
63,blue-collar,married,secondary,no,2921,no,no,cellular,2,0,unknown,1
27,admin.,married,secondary,no,0,yes,no,cellular,1,0,other,1
32,technician,divorced,secondary,no,440,no,no,telephone,1,0,unknown,0
36,management,married,secondary,no,1076,no,no,unknown,2,0,unknown,0
33,technician,married,tertiary,no,8494,no,no,cellular,2,0,success,0
36,technician,single,secondary,no,54,yes,no,cellular,1,0,unknown,0
27,services,married,secondary,no,428,no,no,telephone,2,0,other,0
36,technician,single,secondary,no,1430,no,yes,cellular,7,0,failure,0
42,blue-collar,single,tertiary,no,1067,no,no,unknown,1,4,failure,1
55,management,single,primary,no,1661,no,no,unknown,3,0,unknown,0
26,self-employed,married,tertiary,no,3658,yes,no,cellular,1,0,unknown,0
75,management,married,unknown,no,5314,no,no,cellular,1,0,unknown,0
26,technician,married,secondary,no,-54,no,no,cellular,4,0,unknown,0
33,blue-collar,married,secondary,no,2747,no,no,cellular,1,0,unknown,0
36,admin.,single,tertiary,no,4945,yes,no,cellular,3,1,unknown,1
43,technician,married,tertiary,no,259,yes,no,cellular,1,0,unknown,0
41,self-employed,married,secondary,no,58,no,no,cellular,1,0,unknown,0
51,management,single,secondary,no,54,no,no,unknown,8,0,unknown,0
53,admin.,divorced,secondary,no,-145,no,no,cellular,1,0,unknown,0
56,management,married,secondary,no,1531,no,no,cellular,1,0,unknown,0
52,technician,married,secondary,no,1060,yes,no,cellular,1,0,unknown,0
29,management,married,tertiary,no,10177,yes,yes,cellular,6,0,other,0
74,entrepreneur,married,secondary,no,5191,yes,no,cellular,1,0,unknown,0
24,self-employed,married,secondary,no,511,yes,no,cellular,1,0,unknown,0
41,management,married,tertiary,no,-67,yes,no,cellular,1,0,unknown,0
32,self-employed,married,secondary,no,24,yes,no,cellular,2,6,unknown,0
38,student,divorced,primary,no,3068,yes,no,telephone,1,6,unknown,0
38,retired,married,secondary,no,6728,yes,no,unknown,1,0,unknown,0
23,management,married,tertiary,no,98,no,no,unknown,1,0,unknown,0
25,technician,married,secondary,no,0,yes,no,cellular,4,0,unknown,0
58,blue-collar,single,primary,no,56,yes,yes,cellular,2,0,unknown,0
41,management,single,secondary,no,183,no,no,cellular,2,0,success,0
31,retired,married,primary,no,1415,no,no,unknown,2,0,unknown,0
60,technician,single,unknown,no,505,no,yes,cellular,3,0,unknown,0
26,technician,married,secondary,no,25,yes,yes,cellular,1,0,unknown,0
33,management,single,tertiary,no,665,yes,no,cellular,3,0,unknown,1
31,blue-collar,divorced,secondary,no,6000,yes,no,telephone,3,0,unknown,0
33,blue-collar,married,tertiary,no,13893,no,no,cellular,1,1,unknown,0
55,technician,single,secondary,no,495,no,no,cellular,2,4,unknown,1
23,management,single,primary,no,242,no,no,cellular,1,0,unknown,1
57,blue-collar,single,secondary,no,6766,no,no,cellular,2,0,failure,0
34,technician,married,secondary,no,1980,no,no,telephone,2,0,unknown,0
42,retired,married,tertiary,no,569,no,no,cellular,1,0,unknown,0
47,retired,married,secondary,no,1275,no,no,telephone,2,0,unknown,0
48,admin.,married,primary,no,238,no,no,cellular,4,1,unknown,0
31,blue-collar,single,secondary,no,654,no,no,cellular,2,0,unknown,0
41,management,married,secondary,no,1577,yes,no,cellular,4,0,unknown,0
38,technician,married,tertiary,no,214,yes,yes,cellular,8,0,failure,0
29,entrepreneur,married,tertiary,no,134,yes,no,telephone,2,0,unknown,0
57,admin.,married,secondary,no,428,yes,no,unknown,2,7,success,0
34,unemployed,single,secondary,no,15,yes,no,cellular,1,0,unknown,0
47,services,married,secondary,no,230,yes,yes,cellular,2,0,unknown,0
60,blue-collar,married,secondary,no,318,no,no,cellular,2,0,unknown,0
37,management,married,unknown,no,375,yes,no,unknown,1,0,other,0
59,unemployed,married,primary,yes,0,yes,no,cellular,6,0,unknown,0
29,technician,married,tertiary,no,369,yes,yes,cellular,1,0,unknown,0
29,blue-collar,married,secondary,no,-320,yes,no,cellular,1,0,unknown,0
30,blue-collar,married,tertiary,no,827,no,no,unknown,3,0,unknown,0
55,technician,married,tertiary,no,214,yes,no,cellular,2,18,unknown,0
35,management,married,tertiary,no,5462,yes,yes,cellular,2,0,unknown,0
44,admin.,divorced,tertiary,no,-163,no,no,unknown,2,0,failure,0
38,management,married,secondary,no,1191,no,no,cellular,4,3,unknown,0
28,blue-collar,married,secondary,no,882,yes,no,unknown,2,5,unknown,0
53,blue-collar,married,tertiary,no,440,no,no,cellular,5,0,unknown,0
46,blue-collar,single,unknown,no,877,yes,no,unknown,1,0,failure,0
43,student,married,secondary,no,687,no,no,unknown,1,0,success,0
48,blue-collar,divorced,secondary,no,75,no,no,cellular,2,0,unknown,0
42,admin.,single,primary,yes,29,yes,no,cellular,3,0,unknown,0
25,blue-collar,married,secondary,no,1937,yes,no,cellular,1,1,unknown,0
59,services,married,secondary,no,319,yes,no,unknown,2,2,unknown,0
40,blue-collar,married,tertiary,no,1253,yes,no,cellular,1,0,unknown,0
39,unemployed,divorced,tertiary,no,865,no,no,cellular,2,2,other,0
36,services,married,secondary,no,2343,no,no,unknown,2,0,unknown,0
39,services,married,secondary,no,399,no,no,cellular,6,0,unknown,0
38,unemployed,single,primary,no,119,no,no,cellular,3,0,failure,0
43,technician,married,tertiary,no,1052,yes,no,cellular,15,0,unknown,0
59,technician,married,secondary,yes,0,no,no,unknown,2,0,unknown,0
56,management,divorced,tertiary,no,-249,no,yes,unknown,2,0,unknown,0
38,management,married,secondary,no,1840,yes,no,unknown,1,0,unknown,0
47,blue-collar,married,tertiary,no,-72,no,no,unknown,1,0,failure,0
47,services,single,tertiary,no,759,yes,no,cellular,2,0,unknown,1
33,services,married,secondary,no,2678,no,no,cellular,8,0,unknown,0
39,services,divorced,tertiary,no,2246,no,no,unknown,1,0,unknown,0
31,self-employed,married,tertiary,no,6102,yes,no,cellular,1,0,unknown,0
47,services,single,tertiary,no,105,no,no,unknown,2,0,unknown,1
36,admin.,married,tertiary,no,-23,yes,no,cellular,4,0,unknown,0
31,blue-collar,married,secondary,no,424,yes,no,unknown,2,0,unknown,0
57,retired,divorced,secondary,no,6046,no,no,unknown,7,0,unknown,0
31,technician,single,tertiary,yes,466,no,no,unknown,3,0,other,0
37,self-employed,single,secondary,no,2,yes,no,unknown,4,0,unknown,0
50,management,married,tertiary,no,566,yes,no,unknown,2,4,unknown,0
49,blue-collar,married,secondary,no,4968,no,no,unknown,4,0,failure,0
35,self-employed,married,secondary,no,1750,no,no,cellular,1,2,unknown,0
54,technician,married,tertiary,no,126,yes,no,cellular,1,0,unknown,0
30,technician,married,secondary,no,3315,yes,no,cellular,1,0,other,0
45,housemaid,married,secondary,no,145,yes,no,unknown,10,0,unknown,0
41,blue-collar,married,secondary,no,83,yes,yes,unknown,1,0,unknown,0
37,services,single,secondary,no,1416,no,no,cellular,1,1,unknown,0
58,retired,married,tertiary,no,190,yes,no,telephone,1,3,unknown,0
37,self-employed,married,secondary,no,674,yes,no,telephone,1,1,unknown,0
69,technician,married,secondary,no,2485,yes,no,cellular,3,2,unknown,0
52,management,married,secondary,no,5092,yes,no,cellular,2,0,unknown,0
44,management,married,secondary,no,133,yes,no,cellular,1,0,unknown,0
52,management,divorced,primary,no,-55,no,no,cellular,1,0,unknown,0
35,management,married,secondary,no,64,no,no,unknown,2,0,unknown,0
32,self-employed,divorced,secondary,no,351,yes,no,cellular,4,1,unknown,0
37,technician,divorced,tertiary,no,0,yes,no,cellular,2,0,unknown,0
55,blue-collar,single,secondary,no,142,yes,no,cellular,4,2,unknown,0
34,management,divorced,tertiary,no,704,no,no,cellular,5,0,unknown,0
25,blue-collar,married,secondary,no,-19,no,yes,telephone,1,0,unknown,0
37,technician,married,tertiary,no,4196,no,no,unknown,2,3,unknown,0
34,management,divorced,tertiary,no,0,yes,yes,cellular,1,3,unknown,0
46,admin.,divorced,tertiary,no,14093,yes,no,cellular,1,0,unknown,0
32,retired,married,tertiary,no,4,yes,no,telephone,3,0,unknown,0
30,blue-collar,married,secondary,no,883,yes,no,cellular,6,0,unknown,0
40,management,married,secondary,no,385,yes,no,unknown,1,0,unknown,0
49,technician,married,secondary,no,2658,no,no,cellular,4,0,unknown,1
49,blue-collar,married,tertiary,no,340,no,no,unknown,1,0,unknown,0
30,admin.,married,secondary,no,2613,no,no,cellular,2,4,unknown,0
38,services,divorced,secondary,no,1847,no,no,cellular,2,0,unknown,1
53,management,divorced,secondary,no,0,yes,no,unknown,5,4,unknown,0
27,management,married,secondary,no,134,yes,no,unknown,5,0,unknown,0
52,blue-collar,single,secondary,no,3825,no,no,cellular,1,0,unknown,0
47,management,single,primary,no,769,no,no,cellular,1,0,failure,0
34,unemployed,married,tertiary,no,333,yes,no,unknown,2,0,unknown,0
50,management,divorced,tertiary,no,1700,yes,no,cellular,2,0,unknown,0
23,blue-collar,married,secondary,no,1221,yes,no,cellular,14,0,unknown,0
36,blue-collar,married,secondary,no,187,no,no,cellular,3,0,unknown,0
44,management,married,tertiary,yes,666,yes,no,cellular,1,0,unknown,0
45,entrepreneur,single,secondary,no,-612,no,no,cellular,2,0,unknown,0
50,management,single,secondary,no,12877,yes,no,cellular,2,0,unknown,0
41,management,single,secondary,no,-50,yes,no,unknown,1,0,other,0
33,blue-collar,married,secondary,no,5436,no,yes,cellular,4,0,unknown,0
58,retired,single,secondary,no,116,no,no,cellular,4,0,unknown,0
57,self-employed,divorced,primary,no,1934,no,no,cellular,1,0,unknown,0
37,unknown,married,tertiary,no,10177,no,no,cellular,2,0,other,1
38,admin.,married,secondary,no,-140,yes,no,cellular,5,0,unknown,0
25,management,married,secondary,no,3748,no,no,cellular,50,0,unknown,0
42,admin.,married,tertiary,no,1242,yes,no,cellular,2,0,failure,0
34,management,married,primary,no,9339,no,no,unknown,2,0,success,0
38,services,married,primary,no,3972,yes,no,unknown,1,0,unknown,0
34,unemployed,married,secondary,no,288,no,no,unknown,2,2,unknown,0
47,blue-collar,married,tertiary,no,6248,yes,no,cellular,2,1,unknown,0
32,blue-collar,divorced,secondary,no,1114,yes,no,unknown,2,0,unknown,0
34,blue-collar,married,primary,no,1469,no,no,unknown,8,0,unknown,0
34,blue-collar,divorced,secondary,no,-404,yes,yes,cellular,1,2,failure,0
53,services,married,secondary,no,542,yes,no,cellular,6,0,unknown,0
33,services,married,secondary,no,741,no,no,cellular,2,11,unknown,0
43,management,married,secondary,no,179,yes,no,unknown,3,0,failure,0
31,management,married,primary,no,-242,no,no,cellular,2,3,unknown,0
29,technician,married,primary,no,8309,yes,no,unknown,3,8,unknown,0
59,management,married,primary,no,4280,yes,no,unknown,18,0,failure,0
39,admin.,married,primary,no,214,no,no,unknown,1,0,unknown,0
39,management,single,tertiary,no,16264,no,no,cellular,1,0,unknown,0
50,technician,married,secondary,no,1796,yes,no,unknown,6,0,unknown,0
43,technician,single,secondary,no,1978,no,yes,cellular,1,0,unknown,0
50,retired,single,secondary,no,137,no,no,cellular,2,2,unknown,0
28,management,single,secondary,no,1855,no,no,unknown,1,0,unknown,0
52,student,divorced,tertiary,no,3274,yes,no,cellular,3,0,unknown,0
35,admin.,single,secondary,no,1188,yes,no,unknown,2,0,unknown,0
38,technician,married,primary,no,0,yes,no,unknown,2,0,failure,0
49,retired,married,tertiary,no,8312,no,no,cellular,8,0,unknown,0
42,retired,married,tertiary,no,61,no,no,unknown,2,0,failure,0
42,blue-collar,married,tertiary,no,189,no,no,cellular,7,0,other,1
60,blue-collar,married,primary,no,-33,yes,no,cellular,1,0,unknown,1
61,management,married,secondary,no,58,yes,no,unknown,5,0,success,1
59,management,single,tertiary,no,13683,no,no,cellular,2,0,unknown,0
31,entrepreneur,single,tertiary,no,235,no,no,telephone,2,0,unknown,0
48,housemaid,single,tertiary,no,415,yes,yes,cellular,1,0,unknown,0
50,blue-collar,married,tertiary,no,619,no,no,cellular,2,4,unknown,0
36,admin.,married,secondary,no,3726,yes,no,cellular,1,0,failure,0
46,technician,married,secondary,no,160,yes,yes,cellular,2,1,failure,0
40,admin.,married,tertiary,no,994,yes,no,cellular,1,0,unknown,0
36,technician,divorced,secondary,no,37,no,no,cellular,4,0,unknown,0
39,admin.,single,secondary,no,-333,no,no,unknown,4,0,success,0
41,entrepreneur,divorced,tertiary,no,2581,no,no,unknown,1,4,unknown,0
39,blue-collar,single,secondary,no,1281,yes,no,cellular,1,0,unknown,1
52,services,married,primary,no,-145,yes,no,cellular,3,2,unknown,0
34,self-employed,married,secondary,no,472,yes,no,cellular,1,0,failure,0
48,technician,married,secondary,no,2246,no,no,unknown,24,0,unknown,0
60,management,married,secondary,no,36,yes,no,cellular,2,3,unknown,0
40,technician,married,secondary,no,900,no,yes,cellular,5,2,unknown,0
37,technician,single,secondary,no,373,no,yes,cellular,1,3,unknown,0
57,self-employed,married,secondary,no,472,yes,no,cellular,3,1,unknown,0
58,blue-collar,single,primary,no,497,yes,no,cellular,1,2,unknown,0
44,management,married,tertiary,no,0,no,no,telephone,13,0,unknown,0
34,blue-collar,married,secondary,no,78,no,no,cellular,1,0,unknown,1
36,blue-collar,married,secondary,no,3696,yes,no,unknown,1,3,unknown,0
40,technician,married,secondary,no,-11,no,yes,cellular,5,0,failure,0
44,blue-collar,married,primary,no,56,yes,yes,cellular,2,0,unknown,0
41,services,married,tertiary,no,3534,no,no,unknown,2,0,unknown,0
47,management,single,secondary,no,292,yes,no,cellular,1,0,unknown,0
27,management,married,unknown,no,1405,yes,no,unknown,3,0,other,0
36,services,married,secondary,no,932,no,no,cellular,1,0,unknown,0
36,technician,married,secondary,no,1491,yes,no,cellular,1,0,unknown,0
43,services,married,tertiary,no,48,no,yes,cellular,1,0,unknown,0
49,management,married,secondary,no,23,yes,no,unknown,1,0,failure,0
41,technician,married,secondary,no,226,no,no,cellular,2,0,unknown,1
42,technician,single,secondary,no,317,no,no,unknown,8,0,unknown,0
54,retired,married,secondary,no,26,no,no,cellular,1,0,unknown,0
42,blue-collar,married,tertiary,no,163,no,yes,unknown,2,0,unknown,0
37,services,single,primary,no,8627,yes,yes,cellular,3,0,unknown,0
47,technician,married,secondary,no,48,no,no,unknown,2,0,failure,0
40,retired,married,secondary,no,92,no,yes,cellular,1,2,unknown,0
28,housemaid,divorced,tertiary,no,6850,no,no,cellular,1,0,unknown,0
31,technician,married,secondary,no,-55,yes,yes,cellular,2,0,unknown,1
28,services,married,tertiary,no,362,no,yes,telephone,1,0,unknown,0
34,admin.,married,tertiary,no,802,yes,no,cellular,1,0,unknown,0
34,management,married,secondary,no,19317,no,no,cellular,2,0,unknown,0
56,technician,married,secondary,no,640,yes,no,unknown,1,0,failure,0
35,self-employed,single,secondary,no,34,yes,no,cellular,2,1,unknown,0
26,technician,married,tertiary,no,-107,yes,no,unknown,4,1,unknown,0
42,blue-collar,married,secondary,yes,1060,yes,no,cellular,1,0,unknown,1
32,technician,married,tertiary,no,2232,no,no,cellular,6,9,unknown,0
38,entrepreneur,married,secondary,no,304,no,no,cellular,1,0,unknown,1
30,blue-collar,married,tertiary,no,308,no,no,unknown,6,0,success,1
33,entrepreneur,married,tertiary,no,7513,yes,no,cellular,2,0,unknown,0
38,blue-collar,married,tertiary,no,3575,no,no,cellular,6,0,unknown,0
54,technician,married,secondary,no,442,no,no,cellular,2,0,unknown,0
34,blue-collar,married,secondary,no,565,yes,yes,unknown,28,0,unknown,0
28,services,married,tertiary,no,167,no,no,unknown,1,0,other,0
32,admin.,married,tertiary,no,1221,no,no,cellular,1,0,unknown,0
30,retired,married,tertiary,no,1808,yes,no,cellular,1,0,failure,0
43,management,divorced,primary,no,990,no,no,unknown,3,1,failure,0
34,retired,single,secondary,no,0,no,no,unknown,1,0,unknown,0
31,retired,married,secondary,no,2,no,yes,telephone,4,0,unknown,0
27,blue-collar,married,secondary,no,18,yes,yes,unknown,1,0,unknown,0
48,technician,married,secondary,no,2142,no,no,cellular,1,0,unknown,0
39,services,single,unknown,no,553,no,yes,cellular,1,0,unknown,1
45,retired,married,secondary,no,635,yes,yes,unknown,2,0,unknown,0
43,technician,divorced,primary,no,2643,no,no,cellular,2,0,unknown,0
42,blue-collar,married,secondary,no,5092,yes,no,unknown,1,0,unknown,0
41,unemployed,single,tertiary,no,1269,yes,no,cellular,1,0,unknown,1
42,technician,married,tertiary,no,1191,yes,no,unknown,1,0,unknown,0
44,blue-collar,single,tertiary,no,-148,no,no,cellular,1,0,unknown,0
41,technician,divorced,primary,no,0,no,no,telephone,4,0,unknown,0
49,admin.,married,tertiary,no,1210,yes,no,cellular,2,3,failure,0
57,services,married,secondary,no,46,yes,no,cellular,2,0,unknown,0
41,unknown,single,tertiary,no,770,no,no,unknown,1,0,unknown,0
32,technician,married,secondary,no,162,yes,yes,cellular,1,0,unknown,0
60,management,married,secondary,no,375,yes,no,unknown,1,2,unknown,0
35,admin.,divorced,primary,no,189,no,no,unknown,1,1,unknown,1
30,blue-collar,single,primary,no,-196,yes,yes,cellular,1,0,unknown,0
45,housemaid,married,secondary,no,1598,yes,no,cellular,3,0,success,1
87,unemployed,married,tertiary,no,89,no,no,unknown,3,0,unknown,0
55,blue-collar,married,tertiary,no,10,yes,no,cellular,2,0,unknown,0
32,management,married,tertiary,no,199,yes,no,cellular,5,0,unknown,0
29,blue-collar,single,primary,no,2008,yes,no,cellular,1,4,unknown,0
26,management,married,secondary,no,14,yes,no,unknown,5,0,unknown,1
33,services,married,secondary,no,4897,no,no,cellular,1,0,unknown,0
36,student,married,secondary,no,221,no,no,unknown,1,0,unknown,1
46,management,single,secondary,no,196,yes,no,cellular,1,0,unknown,0
59,technician,married,tertiary,no,289,yes,no,cellular,1,0,unknown,0
50,management,married,secondary,no,598,no,no,cellular,2,0,unknown,0
42,technician,married,secondary,no,951,no,yes,telephone,1,0,unknown,0
30,self-employed,married,tertiary,no,1466,no,no,cellular,2,0,unknown,0
33,management,married,secondary,no,0,yes,no,telephone,1,0,failure,0
37,management,divorced,tertiary,no,1948,yes,no,cellular,3,0,unknown,0
34,blue-collar,married,secondary,no,148,no,no,cellular,6,5,failure,0
38,services,married,tertiary,no,771,yes,no,telephone,2,0,unknown,0
40,unemployed,married,secondary,no,23,yes,no,cellular,2,0,unknown,0
33,services,divorced,secondary,no,2186,yes,no,cellular,1,0,unknown,0
47,management,divorced,tertiary,no,0,yes,no,cellular,3,4,failure,0
42,technician,married,primary,no,3419,no,no,cellular,2,1,unknown,0
40,blue-collar,married,secondary,no,847,yes,no,cellular,2,0,unknown,0
35,blue-collar,married,secondary,no,1840,no,no,cellular,2,0,unknown,0
45,technician,divorced,tertiary,no,231,yes,no,unknown,2,0,unknown,0
30,management,single,secondary,no,921,yes,no,cellular,4,0,unknown,0
32,services,married,tertiary,no,779,yes,no,unknown,2,3,unknown,0
34,blue-collar,single,secondary,no,0,no,no,cellular,1,4,unknown,1
45,management,single,secondary,no,55,no,no,cellular,2,2,unknown,0
29,management,married,secondary,no,0,no,no,cellular,3,4,unknown,0
36,management,divorced,secondary,no,50,yes,no,cellular,1,0,other,0
47,blue-collar,married,secondary,no,209,no,no,unknown,2,0,unknown,0
41,services,married,secondary,no,1012,yes,no,cellular,1,1,unknown,0
51,blue-collar,single,tertiary,no,2169,yes,no,telephone,1,0,unknown,0
43,services,single,secondary,no,65,no,yes,cellular,1,0,other,0
23,technician,married,secondary,no,228,yes,no,unknown,1,0,unknown,1
54,management,married,primary,no,286,no,no,cellular,1,0,unknown,0
42,blue-collar,married,secondary,no,-246,no,no,cellular,1,0,failure,0
55,retired,single,secondary,no,-256,no,yes,cellular,3,0,failure,0
40,management,divorced,secondary,no,16,yes,no,cellular,1,0,unknown,0
52,management,married,primary,no,112,yes,no,cellular,2,0,unknown,0
28,retired,single,tertiary,no,60,yes,no,unknown,1,0,unknown,0
36,technician,married,tertiary,no,887,yes,no,cellular,2,24,unknown,0
27,management,single,secondary,no,6290,yes,no,unknown,28,0,unknown,0
32,management,single,secondary,no,691,yes,no,cellular,5,0,other,0
41,technician,married,primary,no,6979,no,no,cellular,2,0,unknown,0
28,blue-collar,married,secondary,no,-932,no,no,cellular,4,0,unknown,0
63,management,married,unknown,no,401,yes,no,cellular,3,0,unknown,0
53,entrepreneur,divorced,secondary,no,8,yes,no,cellular,1,0,unknown,1
26,technician,single,secondary,no,872,yes,no,unknown,1,3,success,0
34,technician,single,tertiary,no,174,yes,no,unknown,1,0,unknown,0
34,blue-collar,single,tertiary,no,889,yes,no,cellular,3,5,other,0
54,entrepreneur,married,secondary,no,764,yes,no,cellular,8,0,unknown,1
46,unknown,married,tertiary,no,553,no,no,cellular,3,0,unknown,0
43,services,married,tertiary,no,2374,no,no,cellular,1,0,unknown,1
52,entrepreneur,married,secondary,no,81,yes,no,cellular,2,0,unknown,0
28,blue-collar,married,secondary,no,6,yes,no,cellular,2,0,unknown,0
33,admin.,married,primary,no,4039,no,yes,unknown,1,0,unknown,0
26,retired,married,secondary,no,1415,no,no,unknown,4,0,unknown,0
51,blue-collar,married,tertiary,no,1570,yes,no,cellular,1,0,unknown,0
34,management,married,secondary,no,2058,yes,no,cellular,1,0,success,0
42,blue-collar,divorced,tertiary,no,2420,yes,no,cellular,2,2,unknown,0
28,management,married,secondary,no,1877,yes,no,cellular,1,0,unknown,0
35,admin.,single,tertiary,no,37,yes,no,telephone,4,0,unknown,0
40,management,single,secondary,no,89,yes,no,cellular,4,0,unknown,1
41,management,married,primary,no,32,yes,no,cellular,1,0,unknown,0
47,management,married,secondary,no,2323,yes,no,cellular,1,0,failure,0
27,management,divorced,secondary,no,-308,no,no,unknown,1,0,failure,1
54,blue-collar,married,tertiary,no,198,no,no,cellular,1,1,unknown,0
57,self-employed,single,tertiary,no,1727,no,no,telephone,6,0,unknown,0
56,management,single,primary,no,1,yes,no,unknown,1,0,success,1
60,self-employed,married,secondary,no,1050,yes,yes,cellular,2,0,unknown,0
46,blue-collar,married,secondary,no,-339,yes,no,cellular,4,0,unknown,0
53,retired,single,tertiary,no,-244,no,no,telephone,3,0,unknown,0
38,blue-collar,single,primary,no,310,no,no,unknown,3,0,other,0
35,blue-collar,married,tertiary,no,130,yes,no,unknown,2,0,unknown,0
29,blue-collar,married,tertiary,no,479,yes,no,telephone,6,0,unknown,0
32,self-employed,divorced,secondary,no,0,no,yes,cellular,3,2,unknown,0
32,services,married,secondary,no,0,yes,no,unknown,1,0,unknown,0
31,management,married,primary,no,50,no,no,unknown,1,0,unknown,1
48,blue-collar,married,tertiary,no,3676,yes,no,cellular,2,0,unknown,0
53,housemaid,married,secondary,no,2552,yes,yes,unknown,17,0,unknown,0
36,blue-collar,married,secondary,no,61,no,no,cellular,2,0,unknown,0
54,management,married,tertiary,no,-98,no,no,unknown,1,0,unknown,0
34,blue-collar,married,tertiary,yes,4958,no,yes,cellular,2,0,unknown,0
51,self-employed,single,secondary,no,429,yes,no,cellular,3,0,unknown,0
27,services,married,tertiary,no,3904,yes,no,cellular,1,0,unknown,0
39,admin.,divorced,secondary,no,5426,no,no,cellular,3,1,unknown,0
37,admin.,divorced,secondary,no,127,no,no,unknown,5,0,unknown,0
42,management,married,secondary,no,661,yes,no,cellular,2,0,unknown,0
32,entrepreneur,married,secondary,no,1649,no,no,unknown,1,0,unknown,0
50,management,single,secondary,no,199,yes,no,unknown,2,0,unknown,0
34,management,married,tertiary,no,2788,no,no,unknown,1,0,success,0
35,services,single,secondary,no,1048,yes,no,cellular,1,0,unknown,0
28,management,married,secondary,no,7317,yes,no,cellular,1,1,unknown,1
31,entrepreneur,married,secondary,no,677,yes,no,cellular,2,0,unknown,0
53,management,single,secondary,no,144,yes,no,cellular,2,0,unknown,0
33,blue-collar,married,secondary,no,-459,yes,no,unknown,5,0,unknown,0
42,blue-collar,married,secondary,no,694,no,no,cellular,6,0,failure,0
29,blue-collar,married,secondary,no,-244,yes,yes,cellular,1,2,unknown,0
48,housemaid,single,primary,no,8,no,no,cellular,1,0,unknown,1
47,technician,married,secondary,no,5195,yes,no,unknown,2,2,unknown,0
46,management,married,tertiary,no,1594,no,no,unknown,3,9,unknown,1
34,retired,single,tertiary,no,353,yes,yes,cellular,2,0,unknown,0
37,technician,married,secondary,no,4667,no,no,unknown,2,0,other,0
29,management,married,tertiary,no,-966,yes,no,cellular,1,0,unknown,1
33,technician,single,secondary,no,22,yes,no,cellular,2,5,unknown,0
33,management,married,primary,no,474,yes,no,cellular,3,7,unknown,0
34,management,married,tertiary,no,569,no,no,cellular,2,0,unknown,0
61,blue-collar,divorced,secondary,no,2984,yes,no,cellular,2,0,unknown,0
56,blue-collar,married,tertiary,no,1881,no,no,unknown,1,0,unknown,1
52,self-employed,single,secondary,no,81,yes,no,cellular,1,0,unknown,0
57,management,married,secondary,no,286,yes,no,unknown,3,0,unknown,0
43,admin.,single,secondary,no,76,yes,no,unknown,3,0,failure,0
32,technician,married,secondary,no,6000,no,no,cellular,1,1,other,1
34,student,single,secondary,no,1,no,no,cellular,2,0,unknown,0
57,unknown,married,tertiary,no,517,yes,no,cellular,2,0,unknown,0
29,housemaid,single,secondary,no,0,yes,no,unknown,1,0,failure,1
47,admin.,single,secondary,no,2370,no,no,cellular,7,0,unknown,0
29,self-employed,married,secondary,no,624,yes,no,cellular,1,0,unknown,0
56,services,single,secondary,no,222,no,yes,cellular,4,0,unknown,0
53,blue-collar,single,secondary,no,6483,no,no,cellular,4,0,unknown,0
43,technician,married,secondary,no,0,yes,no,unknown,1,0,unknown,0
29,admin.,married,tertiary,no,948,no,no,cellular,1,0,unknown,0
31,technician,married,secondary,no,2998,yes,no,cellular,7,2,unknown,0
33,services,married,secondary,no,0,yes,no,cellular,2,1,unknown,0
44,housemaid,married,primary,no,475,no,no,cellular,6,18,unknown,0
52,management,married,tertiary,no,1160,no,no,cellular,7,1,failure,0
33,blue-collar,divorced,primary,no,1555,yes,no,unknown,1,0,unknown,0
56,blue-collar,divorced,primary,no,232,yes,no,unknown,1,2,unknown,0
27,blue-collar,married,secondary,no,94,no,no,cellular,1,0,failure,0
37,management,single,secondary,no,-300,yes,no,cellular,4,0,unknown,0
