fixed acidity,volatile acidity,citric acid,residual sugar,chlorides,free sulfur dioxide,total sulfur dioxide,density,pH,sulphates,alcohol,quality
8.566920242547376,0.576773624588174,0.11567454324323861,1.9392793779570203,0.07299093706273588,9.971894875378933,42.47389473205067,0.9959352781474564,3.2130378424733514,0.5152560713578848,10.762072320119657,5
8.844820770755518,0.7026292594592072,0.00837034550410995,1.8192083951458364,0.09518377947142193,20.07657266865264,42.52352219281751,0.997170709289525,3.3209477170279644,0.6807009584416019,9.768630834945771,5
9.435981679996948,0.5508892195570998,0.3451369743702706,2.5373047453998736,0.08258029974706574,20.31724607068813,52.40330528847663,0.9986615663543127,3.2277521926555233,0.7646471627132732,9.761145674610843,6
6.401427977723802,0.4854732817736187,0.24038030174015868,1.2,0.041722123607361966,23.256531277566864,105.57700007048174,0.9927712630029474,3.335806175339957,0.7103117311881855,11.12092276025573,7
7.988311844660335,0.4964306141846405,0.5447929576701729,3.2550482958150053,0.10860151337795741,15.801782756034516,74.39525001055995,0.9952782915180217,3.228008199678774,0.8299919136067169,10.132145825709065,7
7.60181356920625,0.49144736304887815,0.48195705384073423,2.4416991221055384,0.0664033687705714,26.266389906376325,40.462864033930714,0.99671400899718,3.276850297050265,0.880102968706382,8.929071116182294,7
11.70116924167159,0.28908128501861396,0.588379710873251,1.2,0.06295639587053313,12.763659323649264,23.82346388092217,0.9969107624427872,3.05233466533567,0.6500832241694148,10.89359861878712,7
8.241107085788734,0.5029354052455122,0.5741809725920844,2.273275581989587,0.08083565880907011,19.066445571578267,97.37732739074217,1.0001234929976688,3.3471051453056053,0.5099555961309745,9.000235197798014,5
9.262678621061967,0.368767608222917,0.3395627602125368,2.020967580832518,0.08790518384508988,4.898668294987706,23.622170933817426,0.9986624777213304,3.3918548891377314,0.4549016995675865,10.28146780175613,6
8.512653802975677,0.7450226833028035,0.17513295092653497,3.9262599859583305,0.09580611874594856,25.611086331585444,107.1185147497025,0.9956332785819392,3.150046243600544,0.6149613604494886,10.836313008282143,6
7.259018758973546,0.5610456116144419,0.07008104558866271,2.9676584519809226,0.10078948546157311,23.623584903657754,75.06497766991919,0.9966613463494599,3.196110555694016,0.5930042924454508,9.861436237383636,5
6.919387513045414,0.5723583495337808,0.6651298556474747,4.872954532884245,0.11323878451606628,3.160108069380245,24.31590310766483,0.9972341440084744,3.2311909459728843,0.6227324858402442,11.08961444010462,4
8.044846170802638,0.5451890022893409,0.2775677626799403,3.743624216568424,0.051507092435601275,28.68785097002588,56.326231377902566,0.9955794323238135,3.531910262527254,0.6485123593583061,11.93992823593903,5
7.564946557822771,0.35466976069270284,0.4079871049907134,4.367530828283756,0.05592240648068943,22.90789066663996,65.63735596660241,0.9949699551018151,3.3375890561534285,0.6839084938870307,12.244605923076191,6
6.901005172397658,0.3610944522777191,0.540139646607552,4.590199846336679,0.0549862749608349,32.200234225115466,75.96304226970864,0.9966628875938743,3.317258814334113,0.8533582216131168,9.698024058704515,4
6.625509855631041,0.6820246369417168,0.05759071731637101,1.492723793477297,0.0974805748040178,10.983007678255747,19.997624490938453,0.9970296112844373,3.3308885432834217,0.6202956891423832,10.84464966525885,5
10.010960478164273,0.6642348998052132,0.4987122302352401,2.8914015876973966,0.09178655279859615,9.120106225605465,146.89022730667529,0.9986638751529032,3.213026627041423,0.5701702813586704,9.38813072353992,5
6.446326952014671,0.5652527511874645,0.04266519417722714,1.7689169839580328,0.09600135654716667,11.868677053591423,53.3065723155608,0.9957044107404897,3.566931488457686,0.6132808610337765,10.78527739133867,6
7.750120374871579,0.4110854496388371,0.33007162480293106,1.9746365276809297,0.15591042274800665,22.70837558054419,81.24196145408602,0.9966284257900854,3.303548924207869,0.7973960247615217,9.410766837297972,4
7.987671017201348,0.3360955020754393,0.18033024564552602,2.4347217953028464,0.0786079028990776,29.448427454871535,71.18483683840199,0.9964883900124334,3.4411788788956765,0.5355340629099596,9.549292985657399,6
8.765615377670157,0.5146996965080158,0.25047107790876416,1.6951282098258023,0.06828182740437025,1.9945761477430022,17.923107169580092,0.9972653675144308,3.3634425637136465,0.9222127315303202,12.05781219470002,4
6.686299508441821,0.7369963785149056,0.0906810825191843,2.7066715288930374,0.09341123007679562,4.8151105863701265,14.444153733096616,0.9970176937935561,3.5069998524683985,0.4942005406080971,9.298455760954976,4
5.946064115157271,0.4447666952817237,0.44644577844518474,3.312279309355773,0.0334832426481336,18.12752489527202,149.89152648313055,0.9928248708524857,3.4923270757484546,0.45522964458645,12.035071622102079,6
8.854234636325712,0.5115412755580098,0.35151031514510445,1.8966605958825768,0.0685160343466589,10.536106623206162,19.97201575703278,0.9953870703340797,3.294557960826966,0.49490138413117357,9.788632379149634,6
7.597109543667878,0.531831088951854,0.5358753277406453,1.7326343569326381,0.09134312715895683,13.557886085342943,109.80256204084895,0.9969805476775135,3.2926387105971573,0.7122626848204678,9.29974626883988,5
7.760754244837201,0.2943497416440568,0.4075764472135055,1.8943028547024743,0.08918365757660746,18.527680078489933,48.901228357669105,0.9966133632426929,3.2677734094172526,0.7807101250488743,8.4,5
10.139499442524576,0.42616917190792714,0.7543417086847132,2.331959092934578,0.1160706814123254,10.41057080361108,6.0,0.9960201086359877,3.2109579746461687,0.7212519954673662,11.681588118412714,6
10.674879769627836,0.3902089561778883,0.397202429081797,1.2,0.06484511464527988,3.5237044801287776,6.0,0.9960596584981017,3.1413970612901028,0.534732981846333,12.759286835679701,6
6.9180580151779845,0.47182564331429905,0.0,1.732374316451554,0.06476417719379081,30.8823199636374,29.232866482150047,0.99360059729973,3.3495202533469217,0.3753490024252097,10.618160870839619,6
7.77010338347423,0.48661284989641546,0.4150429903456485,2.393632912088768,0.034141814999950074,4.116247269779075,27.251524144424955,0.9941576442032218,3.527190569416553,0.530476788583697,12.416326134708545,6
6.998878839632792,0.3137072565321726,0.2936468788538744,2.5572285756982067,0.02772480951473045,26.933196023632238,114.54726198513683,0.9925339120798621,3.420574448395136,0.6980806763487198,11.485667024459989,6
7.274915084545019,0.4810184129416438,0.25164127235897427,1.9748538745994786,0.08812664504235405,15.179561123152707,31.356050615773004,0.9952779116444463,3.431881990401141,0.6682344954314481,10.991271519519312,7
6.444004620476366,0.8797723490350877,0.036781679194863026,1.7057276773249899,0.05750426669673333,13.068754961258556,21.410498761822474,0.9968960715672347,3.4979006218506807,0.6187662927807115,10.339162482078377,4
7.5101239388738605,0.3969641893512327,0.561695992616228,2.3097070901969445,0.20217265861334494,16.71939905722352,55.3852066832179,0.9977494720193305,2.9961502910484437,0.37,10.02931615711056,5
8.274565739700321,0.7192132655925071,0.18792804264709673,2.292223505177195,0.113932866483395,26.730570906223363,63.08378581655798,0.9978886097528828,3.3123994950172544,0.6211518029126919,8.998597506527194,5
7.770856411737656,0.20548400250284854,0.24070010667782055,1.5509287444199047,0.06644712614458623,3.403440958606427,23.333074630918922,0.9955492253672967,3.40964658460099,0.5264351958920914,10.921079769362168,6
6.9773939073174995,0.427604676048356,0.03960147791776582,1.483368903653505,0.06662530483208617,12.393995062458794,74.1450092195238,0.9961954181230992,3.121839139047493,0.6289488734188415,9.50978516819896,5
7.139918391841874,0.3409397572466648,0.3332178519736609,2.1946129299286645,0.0635330819478215,3.822868202161007,7.191208811312425,0.9939235615025083,3.317486139879617,0.5810694775783073,12.42280156272432,8
7.021447246074971,0.7103282129985852,0.055939979385994536,2.6213178885369044,0.06780055410891732,3.0,9.069081378960178,0.9941130849488427,3.208203674942807,0.4045684000235692,11.257220073777992,4
9.56242137995487,0.34947148401132777,0.4160967030027119,1.2,0.057487592532993285,1.0,12.189194789731054,0.99550958893087,3.310887708505421,0.8843079750593857,10.25779730760792,8
7.385642688116506,0.9540136415714616,0.09743059310800323,2.684651411548481,0.07915079398805847,11.632626185362188,51.01314291616473,0.9965759927182614,3.3595943279813465,0.49623663055396416,10.358656103911539,5
9.767860573595485,0.3318503514748625,0.5362241533371719,2.7720808973275792,0.08530757030544767,16.775960894452354,11.033117508737917,0.9983741917606285,3.2119498431538736,0.591430152028614,10.206928182272462,5
8.359376186175531,0.17716590135331484,0.31008953600254624,2.916401184617832,0.07685098025394478,23.42928234021365,75.55064462580322,0.9976927449767748,3.3701693144204596,0.5867570120782082,11.543770323127376,5
10.230208293032208,0.5303029717245288,0.10078613891945448,2.786122756733771,0.08705194470045058,19.99620361279475,23.153625278880064,0.997097916484995,3.3133616253349385,0.6380791712873882,10.164079053893406,5
8.47056004627187,0.36323243426985086,0.3655625676447806,2.4782612171801652,0.08393999105035985,21.291923079523922,65.2333859311684,0.9971812557295602,3.193753492713215,0.8613659172982323,11.537390275957302,6
7.6836061578515515,0.30157181395899363,0.12645236854215353,2.136664471623894,0.06556554946693405,9.51197609775781,9.758379484366909,0.9953394344112173,3.2974356087684895,0.6084179605284241,11.93472914404974,7
7.757815815315819,0.5622213607495066,0.28755893748442923,1.9014781790536055,0.0707246986089103,8.583662501769368,35.40174878932328,0.9956510726847287,3.333830127279213,0.7069875081066263,11.145430884993603,5
7.7628331218518,0.5212359486576206,0.08641455646839798,2.1033601365407666,0.058548231289759695,12.115423453386947,77.50422570029097,0.9936003426701606,3.3571279161910645,0.6176578602883932,11.799286803992567,5
7.5054085507628345,0.3234282941092104,0.2905674932550135,1.9149191206903304,0.08412976770968142,9.633522639406204,40.869973806634526,0.9970635164148687,3.3987406667764204,0.751633776483322,9.165153495907743,6
8.60935028648745,0.1810863867178391,0.46665195503730383,1.8424164493416866,0.1105565854346507,10.84268234749726,35.13290284323541,0.9979512492511515,3.362206018281794,0.5580171181638174,9.262051771033672,5
7.501569677721722,0.4826287063101447,0.21080416865283041,1.51107523352702,0.07294184915085315,7.8611469866269434,32.43547850095476,0.9964601088140282,3.366215661735766,0.5072043054695793,8.99919901932408,5
6.754257310026907,0.5901498938720152,0.3328605757144084,2.3324087543365533,0.10236848221159331,13.712053892183823,35.97057766648591,0.9974818596154555,3.5103420791714224,0.6380099723444086,10.187229072089222,6
11.638311713646537,0.3677022132460327,0.42631736964058553,1.7312478389545487,0.12474816531109692,4.2121451138725075,6.0,0.9979779606106226,3.170562535501436,0.6947139450672417,13.797919531572669,6
7.486505133289932,0.43126793183322554,0.3155897748175067,2.497185996368743,0.07467430327659823,25.950619494969025,21.32585020481607,0.9948590908493531,3.4742768331206695,0.5866431437600389,11.458951401040709,5
8.567803387820454,0.501298144277681,0.17899231296542634,7.532839728112083,0.10924004871026397,6.110347770122971,172.53492314502256,1.0003571502711284,3.231790141415816,0.6573633242067753,9.773992584517222,7
7.294195258256168,0.5571104786005615,0.1335687849571379,2.0123870521891556,0.10876547114674628,40.83186688941883,39.32105821160047,0.9956408425433552,3.0429509040237837,0.7138088593671932,9.477064727002245,5
13.41398384287938,0.505964106198387,0.5293483410047378,2.431032124504952,0.1692046077875495,9.833359485341074,26.02303204890582,0.999204177155378,3.331188665336637,0.575275428088951,9.033657265680917,5
7.827859030993812,0.6499391226802957,0.5794476519241158,2.2397525823818696,0.275363017398568,15.26782083458647,40.60758406634769,0.996498364132932,3.2013791836531498,0.5286390791165503,8.714997788697794,5
7.726169954983225,0.3039972024845611,0.34587145772316197,1.2,0.07070172090762189,19.447590764792395,64.2915347074864,0.994996540938552,3.2997061250369426,0.7684803414199867,11.280678937875075,5
11.270693185617038,0.8439623945046989,0.20065304818980736,7.596487513606622,0.07911790952316132,30.633390015372903,90.2289237624284,0.9968225641380438,3.3589287818241536,0.6611416859156974,10.056607599122989,6
7.75486852076054,0.8255046420269062,0.045913210583695005,1.8218878830947753,0.06997361028670498,7.060191530837167,18.59013200114663,0.9967439088886332,3.425344129416401,0.4610453483854878,10.125183951633495,5
7.820098113926142,0.7817052199236272,0.06742599673299038,1.7955975064897527,0.10015718197827973,1.0,13.98787793822461,0.9950816126419425,3.3697152673392465,0.561516138190188,10.511071672697867,5
5.982506673387074,0.4266805916398123,0.23478166978024392,1.5473224962940921,0.04836034115629129,16.052160185737662,75.62676356126813,0.9938435027967232,3.210830854234256,0.7619855201854122,10.438163419896316,6
4.6,0.8460141956193088,0.04394074083476111,3.9101663062648875,0.07011469661583279,36.49549382013596,55.664751997592596,0.9941081669431299,3.63026290614043,0.5788443273773034,12.013943530696492,5
6.436578771516661,0.5035819617550943,0.22624195011260506,2.3600202168495623,0.05450423844577357,24.533557630301456,51.916713992724986,0.9944892530216676,3.805915726444566,0.3809422739120947,11.40885666908093,6
10.065923667606945,0.45282510101535806,0.502102074942003,2.379646959662292,0.08531003399466063,35.11201351901116,11.382656563495388,0.9975886873781153,3.102255223615421,0.6539685725266675,11.494471738393369,6
6.74635666980444,0.5990877679879484,0.05453689272934084,1.6244332462311966,0.07193971575426514,20.76931655263086,40.02416253307535,0.9956322875060983,3.4740806824578057,0.6546201525970297,10.514981593053099,6
10.551143550851389,0.32022398953046866,0.5927234807169444,1.3673671210083103,0.07191533641823596,7.305466165292905,10.363275032945033,0.9945867685203521,3.2173265079263453,0.7323345427182614,11.723157722605649,8
8.367738183557792,0.6489003117223311,0.4691233869254407,1.6011048736311397,0.38516781799000255,17.211625173775055,54.01832178377493,0.9971040970548617,2.9568202543023836,1.076052209801142,9.250884765475698,6
8.406360796499923,0.8320460021639094,0.009217398006429421,4.4716281066230845,0.07430671851289164,19.037901733920254,20.39957174592793,0.9961368036318542,3.421528294442812,0.6439743957020169,10.979335624904547,5
7.794007503588459,0.6427812612706846,0.08596154343320386,2.0729512498539435,0.10847096566259595,34.86993642593351,41.55920810578797,0.9953547925677846,3.3380439446499954,0.5301843197372734,9.32130445116094,5
9.763626518031398,0.6127258779700787,0.2639606716608487,2.106961394108225,0.0936350900592329,18.684770138663964,58.29840247076853,0.9974249289479601,3.2668380538107598,0.672504161781978,9.894844794283696,5
10.285411951379906,0.26347409145473305,0.42922730677243576,2.408665825714956,0.08725019365217648,3.884598149327858,31.01183393999522,0.9965702976472087,3.2292404785045705,0.7900951291068323,11.202501936966673,6
15.41143822035844,0.4221572152886186,0.37886057990125627,4.166933373655192,0.1671291534503007,19.1422359693976,31.19569743223176,1.0018522846096156,3.061453111879047,0.739891833829655,14.44471721099934,7
8.430235483250346,0.3084989304084734,0.4509730805616202,1.794803545058973,0.0814955806654217,20.680697309589803,56.63375472884603,0.9939923724331541,3.1242411211190997,0.5495488251744152,11.97585845171892,6
5.726761168314801,0.9749521444171485,0.186864332164613,1.9519076084180322,0.052081173323817925,1.0,53.733017573395315,0.9947701924380683,3.5412980583481994,0.508494216515056,10.31841776492507,4
7.533335765259885,0.6967285633962361,0.09386019648641516,3.722116139549307,0.09733922774766396,15.059085400521619,45.26980977229513,0.9980364228071579,3.438424220847964,0.4917452294061029,10.666100742626185,6
6.442231006440277,0.7672455439656197,0.007820555553720613,2.103647407226196,0.10772600901192549,35.95935673896291,31.715557719408242,0.9930977079022464,3.6521206631342142,0.7972928493249455,12.057185267552699,7
7.054923863063529,0.6704097116216844,0.10900160187624498,1.8134978169546407,0.07001448397275285,11.361584190777148,62.018391163849415,0.9965157387433443,3.4118111208990882,0.6415650334418441,8.95544427994413,5
8.159573360859621,0.5576090428939822,0.18373041427555983,2.2067181028901026,0.1139279443774678,15.602585611981619,48.56583724652635,0.9962721918568096,3.257964032671397,0.574139427200468,9.493718222638705,5
8.217210302540431,0.38546167558532785,0.5023914829309044,3.8914279953895603,0.08048289911385909,36.78107027395104,86.30377437060562,0.9968798330027095,3.296337018345293,0.5918675124488787,9.894979144593869,5
8.40615397698139,0.41912886203880634,0.36193762357817905,2.2527068523099243,0.08045132187763245,20.547849331236893,37.95763797491828,0.9943658250204168,3.3356249590832263,0.9933454791896665,11.690088278725364,7
8.050729473926658,0.34059708809107625,0.02028910911542947,1.2915172901814906,0.05492749244716417,8.455179914479082,23.73712299308813,0.9947329706053001,3.4896944284869087,0.614415615898078,12.2836095678876,7
8.096578917538594,0.5429475139810375,0.11986341086701578,2.6814260536277397,0.0777041327358436,11.865217339574839,51.282238027284016,0.9977257553621968,3.561843318035707,0.583432388956853,9.450540103392928,5
6.35250033055348,0.6514376286991004,0.08066229981936086,2.1708685173013165,0.08378110656503525,14.771029480732233,50.164825917871674,0.995092165941551,3.787956379625397,0.5195358547222446,10.228165688382132,6
7.770957922033027,0.8133096695093109,0.0,1.5560009395238281,0.06474926762407435,13.742750723183585,18.981053212481786,0.995758794557602,3.5206866005031,0.7935380227694373,10.179227967333597,4
8.639899510113567,0.681306140131679,0.17674733814131252,2.7913159373351633,0.07984691555776684,9.134286014679867,27.065336176429625,0.9986232939554769,3.2994576799697506,0.6102816156758849,9.318925515839044,5
5.81001355773675,0.7234878576433845,0.2568051955946353,4.393038459487685,0.05934431238429924,4.79898535302506,8.86173232851074,0.9977720043150337,3.4224491881617367,0.609519932094663,11.129943357250506,5
9.466651644331444,0.48153053795691564,0.31477323994705725,2.584006919133355,0.0657507987778764,19.326653173956224,118.82114699553506,0.9977253689375006,3.3279808553484562,0.5427751345260656,9.553957051539783,5
11.763541685815618,0.22647182267023003,0.6098679990053604,1.770154821026804,0.048271836633002684,17.49502722330937,23.416616408957328,0.9965792515537207,3.259408226129823,0.8364453174316494,9.702544709623474,7
7.874952246026097,0.6254055080584219,0.1419702231752513,1.978309947665397,0.09899044324953198,13.948429178693967,84.04485482611051,0.9955241826827584,3.1995986487615617,0.5543122925020135,9.821154944469908,5
7.952215357117412,0.286783632991104,0.35803080924080133,1.6246574997306078,0.040947195686552154,18.4143027947646,46.1895403164511,0.9949133950114861,3.3284871411718213,0.6415278269208123,11.714983501236025,7
9.594260288953183,0.6661786359958011,0.4189006015223513,1.6817186859669968,0.14395488810316664,11.374824996931878,6.727806048664089,0.9986821175091835,3.2929358864628675,0.7321302152314716,8.574979719636596,6
8.383231364344606,0.40380662027351777,0.38412975553757356,2.541705004965826,0.08633831754329704,29.825247364178285,82.23152273303022,0.9968658529167603,3.1776289141483707,0.5939079652932162,9.834718441552347,5
11.325033982632187,0.22459864990504058,0.5308418926761556,1.9315933723064802,0.05509253570903196,4.744248649783339,6.0,0.9975382546267632,3.110486046929634,0.6176379650537112,10.407654759094768,5
6.7736424774010215,0.37565571243307605,0.05794726659280623,1.4976742347996206,0.09313006442036512,13.3911077668206,13.335533713313687,0.9954351450811043,3.4385944713728507,0.6893669840500356,10.964887450910078,7
10.645215378574138,0.38811400792798895,0.5005773313109518,2.4539255339113906,0.08041781596668082,1.2053805319927795,9.09483935445725,0.9961898700128263,3.0101992705819667,0.5621798266547984,8.612788528735667,7
8.969108333924588,0.7173216390649461,0.3259172552839097,2.1414987669599572,0.07398193870610019,32.27262367119837,116.54845055449725,0.9971001129378794,3.2487727883591533,0.48599208886070394,9.672282005910384,5
5.963910727727935,0.8711378631771874,0.052795801136681926,1.2,0.05298731030472296,14.674588609587643,6.0,0.9935122492389304,3.527953493859181,0.8921000622129777,12.3323351152105,5
6.78838009309699,0.7824171626860359,0.1698142391960031,2.2177780370594538,0.058464187153423997,28.078665779594115,31.589020125578863,0.992105128214037,3.5408539890597597,0.42593749112496626,10.784039912569302,5
7.619436696089229,0.12,0.08755269030587742,2.4682893544412132,0.07204142782270562,9.992087861418234,45.086682376196585,0.9960186681387776,3.277992511813764,0.4893223371037558,10.199587966678205,4
12.007607365004437,0.42654473598343645,0.5184085866222485,2.4358298830348692,0.08162384416040556,24.675567738432825,71.1071896989549,0.9973276573609915,3.015834048439185,0.8776907554381128,14.245041337797154,5
7.19379318313212,0.5301815575924639,0.07851430416047389,1.48424381846511,0.07846292382104592,14.692466817914372,47.87231254093477,0.9964809486799041,3.4226965231949578,0.6468391012052831,10.499751543226104,5
12.154935206656923,0.4563144231139396,0.6797044328222213,2.151945877132245,0.0688525180619499,9.93476651602037,109.45203460028151,0.9979476795916551,3.2098203257111644,0.522790967002349,10.168351843434397,5
6.533965079910379,0.4878863991174995,0.11377393314035392,1.6478149878084019,0.08086048993016522,2.186813196917134,57.94477226239146,0.995668877265187,3.5130620040799627,0.5980668253935325,10.772065277143904,5
8.482873728291692,0.5376556544881664,0.2563755379080045,3.0146765829728768,0.07217636217563833,6.498697955792422,18.160949441567347,0.9979598594257914,3.227657117072263,0.49303458647655807,10.054524774835869,6
9.182013396571739,0.7656111261399982,0.3991425641045687,2.8324352515962716,0.09440988077104993,5.961131410880505,49.24759746629361,0.9986165285069684,3.376137583843384,0.5716053217680183,10.019367969146124,6
10.168817763156131,0.4876174887988881,0.08634716320157504,2.7418513000275535,0.09285915536276561,29.31863682662703,96.6086148984693,0.9985566579411319,3.1756573518963807,0.6401386835138455,9.698108209593343,5
11.403353792445927,0.5033131841056535,0.7078335203192014,2.74350447152092,0.1802996585014326,6.605078822768176,15.877277567905399,0.9984635552620118,3.2030590031303072,0.7706970721275872,9.619272957238064,6
7.519607743164443,0.19111948625097147,0.39708125763087726,1.284250688255841,0.05764292658851841,25.009891957851202,61.51618774123068,0.9952158176426515,3.5186313585781477,0.8514796929957141,11.656578901088952,8
8.055164970059973,0.733605636798736,0.05460574857693956,1.9888402039251136,0.23065427926982718,20.864984777855785,78.556366189211,0.996456792303806,3.2692737183206693,0.37,9.57783527231219,5
7.046266151076659,0.3154562568317153,0.34943723710224917,1.7959795984160083,0.06448487260679323,17.426251197210956,56.90583344748032,0.9932947546765957,3.367457576897792,0.8017240629122326,10.911095293818581,7
7.76097403739337,0.9458678960729572,0.398351540892603,2.0738688318342757,0.030259888891732124,17.775084058447494,72.2550957376401,0.9935783467561226,3.6104441836348067,0.5928629353202124,12.14010399740268,6
7.022521534057158,0.38643621090666297,0.2602474726343359,1.7787735664877289,0.1766851177224612,30.547938097954905,40.760877771943356,0.9964622381189551,3.20770075534179,0.6150356866190019,10.216932102127002,5
12.409288905225583,0.39498335539192236,0.5905656847879996,2.736432061462522,0.09114642646921138,10.131901596067527,30.042973234800787,0.9990758522374209,3.161831021242702,0.9966566027615628,9.781553512161048,7
8.479090608894413,0.3486755397631512,0.1987762184339696,2.352123519829771,0.062477849772084225,45.92284270723188,14.855528947291887,0.99403071766307,3.4086651659672556,0.7149073753457239,10.364923378688776,6
4.9192298369906755,0.5576169317616261,0.19520403767370884,1.2575922743857773,0.029023578265184997,19.30092338657795,110.71766900028862,0.9934075652452581,3.604282083705164,0.8378987886624176,11.949256748112068,7
12.745728055680592,0.5662967038548558,0.6491908145158781,3.117611322530213,0.17028820671294512,7.18635062842671,35.174476352406344,1.000291719900128,2.9355604937117428,0.8084837332900123,11.001906260582322,4
7.646586989176842,0.513562481499699,0.38923991128200264,1.6469926735836724,0.07057112817265097,11.699557023037396,132.5682942838073,0.9933364033631049,3.216007221318446,0.5041962966382629,9.756132054374397,5
9.25665139858383,0.7147595682684116,0.42410781721841717,2.4550968678276788,0.07975822048492001,31.792825149451094,148.00670155819984,0.9980593823387278,3.261378042486936,0.5972421021693474,9.077537970714749,5
7.637774613217416,0.44640374636801783,0.0,2.7925027414504493,0.07273540178364,5.353559574737895,16.619029294664767,0.996042215514233,3.3738352781333463,0.5717482717578893,9.649824254323459,3
9.581365301741553,0.7554380674647907,0.14919812598741972,2.687683024668041,0.07839543979359628,32.21015310212715,38.22685078011685,0.9965838890032559,3.337921349809984,0.6480819403196526,10.66203435002583,6
8.768461681474434,0.4827074050629183,0.18776357694436194,1.8339495841785909,0.07006560048558066,10.927155329946416,25.566552593704017,0.9954355173812528,3.22488436787716,0.765666570358125,10.061189733195704,5
7.349439130693281,0.5533904255309572,0.05530083974238574,1.8390019238813438,0.07506393902810732,11.891123262473076,45.57688129996845,0.9967889542567056,3.3848309068349454,0.6473234475894792,9.439506291353007,6
5.748911077981067,0.4752300861234562,0.0,1.9920532391945345,0.0520816450529823,17.706795767551274,96.65295340987221,0.992835217408596,3.6456540910174824,0.48171172680536056,12.148402480095593,6
12.743380651621735,0.23822393886909063,0.47245507187999924,2.1104002386940452,0.06287376360054503,5.975427187854697,16.71030117921091,0.9979590103805914,3.2930760143848214,0.9596928969989735,10.317156499563456,6
6.734354334005101,0.7979164858782981,0.2844789248359465,2.4207451193921066,0.05654001598571989,29.52018038088621,9.520419470946361,0.9957147334533102,3.408211931403482,0.5371192554720045,12.182574581036196,5
7.362427137982848,0.9514944571930664,0.06752427324294961,3.344597540575381,0.08692135476484207,5.633903974533,21.83540986759604,0.9970154326885641,3.2724957319050736,0.615834266493084,10.254922951781532,5
8.346776270962986,0.6590324749859627,0.0,2.098990122378767,0.07766609604841002,8.298155839884743,23.177322077074884,0.9954696610927823,3.081591340020625,0.6526020780517143,9.416444220860535,5
6.261975923772247,0.17388534059575023,0.3850842107382177,1.2,0.03463483454185812,5.860781574943807,10.0,0.9955060807049788,3.204301514476899,0.37,10.431973314997231,7
6.800426997425362,0.7737817326121565,0.0,2.2100519277973234,0.08186691253881667,19.14036026754199,31.84667889834861,0.9970858348957254,3.5004398412850177,0.4649653068611309,10.451308902864923,6
6.379142800406781,0.6369651966528953,0.049190451354689774,2.2821596486499245,0.06259234934539211,8.624586634773582,33.614037611273105,0.9944500730422774,3.3316673534398884,0.5869372816932888,11.389869559771686,6
8.98699484854166,0.4290224223195339,0.4179014085404729,2.6074923108636185,0.1004648638088895,11.68157507493605,52.81298278037889,0.9950400202385647,3.332575084028696,0.6135620276498588,12.967579713202294,7
9.007255664555476,0.8241516438995358,0.024636796525129005,3.0964080016110604,0.08019963140253716,7.837462525809275,14.303021028673983,0.9983904638393013,3.3145033211328845,0.6177811506764367,9.666643736304575,5
6.222649824368972,0.6959634568234703,0.09452943161698937,4.271279043129985,0.05936663546061234,16.08335222041875,10.286160273574234,0.9961796896694091,3.4316975239708127,0.5854574824030347,11.784184233081639,5
8.095231582775643,0.5296973297003975,0.06935540820346425,1.2,0.07205201422806645,18.12212206114136,107.36971473038214,0.9941495992965809,3.4518128170487996,0.5726039859188565,9.479305054500802,6
6.386422142756189,0.21618185708048468,0.44569131872861323,2.009176031647275,0.06104665069395,12.0521197881359,79.19779966869245,0.9944830315082791,3.3971865593151316,0.6847443366668688,10.569586839587501,6
5.76053917713685,0.7823307955677564,0.0802773492533729,1.9374961746877934,0.05688784153896853,27.19638432093405,80.93307602550033,0.9914024224063707,3.6780672652461677,0.6125628560002109,11.646394632514259,7
7.9227044349687095,0.39533463213842,0.07805265256797889,1.7781507453366545,0.0696169110148461,10.626241344060551,43.50104530665605,0.9944784502492697,3.189685653557656,0.469812249120923,10.052379669852556,6
6.807725366009821,0.3699944632288987,0.42970729626606,1.4264699863162529,0.08027324097293459,5.74888241195241,22.066444872483792,0.9953202121567124,3.33613806601709,0.6671912936731024,11.642194188802588,6
6.483537715869341,0.45195066371204384,0.13107392951556474,2.2853664352575263,0.08613103369456629,31.923904414459184,98.16784678407193,0.9945653891184268,3.218327659926273,0.7950084936886723,10.662963151118948,6
9.167644072784,0.8429993959524542,0.16857526421445496,2.2331795374947943,0.0812162934062573,21.783715518294173,56.090420590969714,0.9988990328292999,3.2308119876178547,0.6573832294734603,10.65026480535097,5
8.625354086059323,0.6396683693671342,0.138141693427175,2.136962787688784,0.06873975787165146,37.98863251698236,86.49051033852655,0.9964238429313316,3.2328756968128345,0.5654646912833813,9.456064233416846,5
7.919192777855442,0.3384525578628446,0.42751701777818785,3.556492209674021,0.1121361535845472,5.363524636932316,13.023431949045763,0.9962313413212363,3.2784755742713325,0.563554164863667,13.29854577004512,6
7.687736740868408,0.406824789593673,0.6731053326520754,1.7679271784308663,0.0707813132197518,11.050974609230186,9.426463252925563,0.9961475935595618,3.348572930545808,0.9591999043402514,11.770768830544982,7
9.19125614304742,0.39902046307760625,0.3014999490645686,2.6404434607033003,0.05016918479961502,22.948958830575485,52.91784454333162,0.9953532458361442,3.274917829548596,0.8168516692251334,9.095488315544168,7
8.491222117006036,0.9985153307854744,0.13998074685620804,3.457719568471788,0.10575843003061682,9.834775406848811,37.10788975422427,0.9966810782872684,3.50420781667492,0.5598277825017971,8.4,5
9.600917246792939,0.4898309058249396,0.39997631494440783,1.7955598206049113,0.09147942502037959,19.439111915562968,65.77999025303377,0.9957975346452409,3.116496229642176,0.5861658366359528,12.299142662583465,4
10.611860353440418,0.350150381143012,0.6865907985003137,2.2192665834058722,0.07309311889416722,12.193733340879335,11.47634776147557,0.997389339583479,3.218655174610109,0.7854996771247434,12.122255060523187,6
11.430810625770098,0.36235175575513473,0.5809090680621817,2.8295483441484848,0.08354240212349821,8.671877176322338,60.8666421222171,1.0000925180561746,3.1830255368440694,0.6494960750934641,10.343392381799449,5
7.616395945224816,0.46104250727351487,0.29057127308483793,2.4477758162878196,0.07601186924742305,23.431069100753664,104.972778632546,0.9961007030609385,3.2462180235132623,0.5512771707202201,9.567844994301216,5
8.322335985924825,0.47495703206510986,0.09455120216917241,1.7810958841658806,0.09156679521613977,15.949707989408882,95.6195425366953,0.9963352762209317,3.45863451665134,0.7745902370419793,9.365204801892393,5
7.312072845470509,0.5602166664706132,0.38740711084765383,3.2156355068265015,0.07743346646384527,18.681699249782703,91.09681422278521,0.9975515772892142,3.3111972219401884,0.6264575368189914,9.657896413963032,5
7.333970073703893,0.5557501328273928,0.6366858207908597,2.2844638447204186,0.07684864757773047,12.703299639298057,23.030992074623803,0.9960485373008314,3.407347239549768,0.7930426819923608,11.127641789371504,6
6.597442657665709,0.5062807756416949,0.0,2.61161362952598,0.05961292085558179,16.56362582189341,17.32995996414101,0.9945300357526815,3.4471826464012887,0.6588664707475118,12.221062084941877,4
5.815764635419072,0.5681813555473615,0.20048577840645326,1.838092740525164,0.0659938598933448,24.9294993776001,6.0,0.9954339645378383,3.6755493390513365,0.840131241899328,10.891065671790406,6
6.352784018963009,0.6364639471039029,0.0,1.2771382403718023,0.08168945686754606,21.865381884937104,34.1650237715536,0.9946281460017845,3.4866267638245088,0.6152176639483004,10.370176986040804,6
9.4811643557863,0.3909278395365436,0.4214402429990642,1.9164342965829233,0.06978178844684013,9.947788337255261,37.41136960652032,0.9975837363362307,3.0987772507701106,0.7972633238412461,9.894271489033615,5
8.492677001956274,0.7024958601728991,0.2833232171126698,2.244199694267578,0.10645315255384473,5.289357483384499,51.43420726299465,0.9962899755789708,3.253756667097301,0.6060650641795853,9.969770820123303,6
7.031027706077364,0.6217382818770532,0.08227807898828175,2.825856293270049,0.062275468435650724,4.659356860013027,21.30695784274807,0.995453274521819,3.5131565178883983,0.5096420519098778,9.641683454265465,5
8.899389794403678,0.4582911814541638,0.08781603948204843,4.361042978813208,0.07649206236265338,10.92711981137074,49.17102523897735,0.995225773016294,3.523710187751247,0.5654890317970149,10.902409245408911,5
8.257059410768283,0.18336749038166245,0.0,1.2,0.09644303282589181,3.299518297468082,22.034110798954664,0.9966814773358462,3.449779565867458,0.8972660712024417,8.4,5
8.534578847968223,0.6996365075414762,0.45423853850691664,1.669229572471652,0.08824806150752373,19.92081450031283,49.786142928197194,0.9982933037877173,3.442493881728094,0.6144953239508136,10.158126675045494,5
7.129596475326146,0.7600879452553913,0.03277449081309044,1.6617126837360132,0.0779831873086056,27.30235988293472,41.65084231116606,0.9961877192701828,3.3129624877985733,0.6293366906245094,10.203384401098909,6
7.162568141861454,0.7987489614301957,0.1162404596728101,3.6519347585798556,0.09581149237560695,22.290116614392474,73.04124933599073,0.9949789817238162,3.4826777831604456,0.5900009610053792,10.484323796258682,4
6.4605358049697905,0.9918018143262386,0.0,2.3285271093087947,0.07340744324324573,1.0146226596909358,29.16671333967598,0.9951438186959172,3.2567789340353595,0.6839820357254228,9.200751714516274,5
6.172222651028977,0.6963387714118139,0.1508436989504055,1.696391965183054,0.07287143210637093,7.491731271205728,55.65413337687234,0.9915234973574192,3.5038871826431883,0.4602184114950269,10.807420590073837,5
7.236316992029983,0.5819202982278029,0.019555319876326978,1.470848484735496,0.05782013448870743,13.098260378097605,22.465082695550297,0.9941603720716476,3.37352985711403,0.6247478261385819,12.317472793045305,7
7.503574889153352,0.3668655539323097,0.1360965270688589,5.540730328085628,0.12688710438128448,3.9194124243335784,7.576462892756717,0.997549968202322,3.116475225772443,0.6164447432869127,10.541990031318024,3
11.14033858900956,0.632354901842913,0.5103785025427643,1.9665477806317497,0.05683203871449291,9.085896485327513,22.450553591203075,0.9987416495414609,3.049730739560801,0.5576743329919871,10.111325144156865,5
8.135050969689221,0.3917752396160641,0.59168730273266,2.6192015145683953,0.08270251095239785,20.215598704789876,75.8573805559149,0.9990371466758154,3.4075907512446246,0.7516021674859343,9.69546554068747,5
9.531177406663279,0.2811794027081552,0.48412857076145377,1.7863328153071831,0.08056594742200404,26.125346614094802,54.83038393480834,0.9977648250132964,3.2981486969527323,0.7511503875427953,10.59575461805553,6
10.144485421575732,0.6526341657704995,0.3990696251775453,2.058710705282031,0.06224151405745651,16.61651708182617,52.74868443045807,0.9979892902402677,3.2612271386622296,0.3936969968076447,10.56493702860579,6
9.615255734869775,0.5061740539190165,0.49494658720907797,2.927574600314705,0.05750692591027035,17.709906667456693,16.02904572918294,0.9972444134422978,3.464274721298881,0.5622266985773294,10.111874694131421,7
9.379334477841049,0.6896756504091882,0.2570237632096255,2.248063317086032,0.13388052313901566,11.454007141696644,53.15377750757073,0.9991152568786223,3.077554633627593,0.9276384013381589,11.218294840313328,4
9.524049508996905,0.48826089144002943,0.2143343010572941,2.033983398109027,0.06428946655125557,14.41763696364729,53.47135895060506,0.996960795274877,3.2035819214095103,0.7716334602536283,10.183872034019773,5
6.976112189062417,0.7670118083841098,0.02670494398078144,2.471220415082742,0.0797582237208202,19.185187826661544,32.831435552522635,0.9975776499859902,3.357025070437651,0.6188734822558106,10.00193117800793,5
7.025343020774044,0.5014485799819723,0.3173960139968299,2.0,0.08487315839397999,25.982038126719097,70.12414615688463,0.9963390076058511,3.2945512764312097,0.4532665864202242,9.154239536150477,5
7.783681019672706,0.9893146747877326,0.16900261995903765,2.1898943734012914,0.08765874322676355,8.078448592412283,21.16634740717864,0.9972270416705425,3.28590136557811,0.5271907599023402,9.443988403976508,4
7.202952645144984,0.46909208049074413,0.3224705251800494,4.604403712363482,0.076690982185279,7.178282043662581,61.5264310422944,0.9962375018565234,3.411383780332851,0.7015386932610194,9.800800044358072,5
9.601911560345613,0.680353476430448,0.6071684987635823,12.00604179659113,0.06623889228384983,22.19301257145084,198.4231810917022,1.0014235805713603,3.4469640257626675,0.5361848216959516,12.137524894720581,6
6.939965262234573,0.5706017441477298,0.037656526406504576,2.145556895678823,0.07199043474127993,8.427561429608577,34.234741512510496,0.997687043798278,3.5103607938792982,0.5546813544402718,9.535298491035952,5
7.15785417982299,0.4178855900881914,0.03589024151671921,2.919075663553703,0.02579375883006562,12.27953707905047,6.0,0.9948392458798331,3.2968542645101215,0.9920110644959258,11.31087606101404,7
8.792984790942679,0.8032370516407482,0.007586558936840293,2.310352876473418,0.06604647334968723,17.450041709553993,30.34121626206955,0.9975474855758262,3.4872881485254155,0.5878867552229375,9.313916857044108,5
7.77774148695749,0.48230141570845236,0.20496671914748749,2.9455656404785584,0.08436696746836615,15.000017042306597,84.32540231035732,0.9968467072473991,3.278783839952806,0.47264335770325133,10.908088374368186,6
7.865627356109437,0.6946900329781662,0.03468173720962883,1.6636583965060556,0.07978749928319961,28.83353491935591,117.14473628315922,0.9951566065694716,3.3348328445638824,0.5323457303664537,9.740209911093825,5
9.906302457657663,0.43664183174934273,0.4436411698074323,5.859676919358976,0.08039095674219376,9.001405430659673,67.67615669703703,0.9989530384335013,3.1432654850397794,0.7227193057281481,9.876726915980905,5
8.735675037465821,1.1714255572877752,0.021215771931375416,3.812718758026909,0.1768313381560313,43.732316610864885,91.9379025656779,0.9944966066470873,3.3327416568024564,0.6432186544782713,11.352327942823475,6
11.304240428457833,0.3599144640546885,0.5915701362769314,2.5399906503843477,0.07444245140736082,3.0237599072619474,61.14286285156179,1.0007179976448277,3.296314851190155,0.7676561618818133,11.882263211783917,8
6.824895950727039,0.8846420976361723,0.019580664432476656,3.713865356259422,0.11406428851697499,19.11161918990824,60.758404361170264,0.9960963729942606,3.3798348904001725,0.5387535501977299,10.937452269247936,6
6.806002796131035,0.6664089915538133,0.06747203585142872,2.2062978657966683,0.06485697286285225,9.47596462104452,31.94827632110945,0.9951274524012186,3.433109250814747,0.6059673147185461,10.562788023670253,6
10.392272727622364,0.5638815160926454,0.5067528270584966,2.529163589536603,0.07044601694885538,19.44313118454918,14.9190347688672,0.9986517210563773,3.359932411186507,0.791691363542301,12.72570523484758,3
8.046704667904562,0.636441268945425,0.13494393153044415,1.91740833510547,0.11197962772509075,4.826621043081561,18.998892968224165,0.9967750066275468,3.2813623842280264,0.95567105877137,9.428080177019844,5
8.137820477668559,0.558877525923249,0.4469913352464595,4.226872638586847,0.08072685370938447,9.073753957489501,81.0397109168984,0.9964981820246248,3.237982196586128,0.7607825080321164,11.560773944139303,5
7.401854048873859,0.5121625789646452,0.26377518363077873,1.6775621361017494,0.08612690691156671,5.2255847523437575,19.159414420340205,0.9943587330267116,3.412257844456109,0.5993572665541697,10.462191949062056,7
9.609573546656224,0.5127413896490824,0.565326196895866,2.2623819601147885,0.09810243444543398,14.811904541166783,17.164967608408435,0.9989871199487353,3.2911634135247216,0.7026872714105497,11.790668526354596,6
8.133695783602311,0.48946532576956436,0.14527169851195354,2.4970535729219754,0.05752687745401904,33.461498421132944,95.05421035642574,0.992297000631571,3.39090517156205,0.7943982932212446,13.646654097494732,8
8.04193582043593,0.6902520904527503,0.15015675931175743,2.63835851245436,0.0937135850166437,6.692173531469528,21.21360793632352,0.9972541105039545,3.4557613811833603,0.4733420675075374,10.737781652162068,5
8.101495288264736,0.7348987908186827,0.2950456007028634,1.7234556586777925,0.417480612475638,8.627120995156941,6.0,0.9954041815498256,3.0750409152167166,1.4885138557911386,10.823381155504533,6
8.126137517807129,0.26448411878865535,0.4151109406354813,1.2,0.05713818576530479,19.704783705502727,80.57852618099369,0.9963347863945325,3.354344297647782,0.8883089915442614,11.863269472636551,5
6.278265314776833,0.8167334706194066,0.48839690395744656,2.533555966917151,0.12396851298932786,3.0239473609908383,10.38934266832132,0.996714074449078,3.0545149780671097,0.5320453562173868,11.2654203359088,5
8.628025751978292,0.2867580525934197,0.5202112008090156,1.877103996093952,0.05386755273398253,18.46696603384718,61.21948820419436,0.9964404408136144,3.402627372306428,0.8309428843200457,11.636241381921053,6
9.864036644618764,0.8504289350479127,0.3172026216751073,4.081580872629153,0.07501726290058836,9.928732096091702,40.31380695977818,0.996128533108171,3.4205617934500494,0.4114769729688339,11.376909909259624,4
5.72584902706657,0.5197246370464249,0.0,2.4224809653806996,0.08915291252040854,38.39389395204756,71.5824899002332,0.995647174741791,3.511983329664269,0.5112788571203523,11.20107501975248,6
7.084241860840182,0.5580194409435267,0.0,2.218600083390722,0.08528674156020945,15.658357284301243,6.0,0.9966228633121661,3.4829871450948753,0.633555447844705,9.884695372878818,5
6.474998270132119,0.39704234427859736,0.16828299082322562,2.1204694056251316,0.07926666556862963,8.030404095834522,34.3895120985874,0.995690988191761,3.247282851354966,0.5559968856198769,8.881380109226685,5
7.494030154497704,0.4359327572123685,0.79,3.8036160427441255,0.11295888616187993,14.3175502329795,24.110670681986388,0.9984204984121854,3.2764613199432966,1.0251232130015142,11.607226487451792,5
6.63327508038971,0.42670990534548814,0.2361736198378171,2.1682945400145077,0.07817163663177325,17.548939580027344,62.20826422907783,0.9967866255090949,3.443700034715844,0.6167638499211331,9.56075041644278,5
13.80484906959828,0.33306008070397264,0.6688438604054977,2.779630384402426,0.08724040832020785,23.47941181099115,6.0,0.998551076648567,3.1382922191769387,0.9048777862300479,9.694615601472238,6
6.976944718257055,0.6024424819497447,0.251798023996573,2.0344209357742424,0.10200262145084807,15.424397137006801,24.566895391446685,0.9967100755818737,3.469153252118268,0.5730598829080301,10.138894634575603,5
11.247120594776934,0.15330924005379737,0.23794607096426768,2.2089040556311037,0.07568362934349555,9.521900462553319,11.003334646041626,0.9988617614691274,3.232448832100057,0.7622091732665885,10.997833189276394,6
9.089767048845626,0.3236384962820834,0.5528243259643393,1.7381346333172063,0.2584653049484781,18.811147480017645,56.33660622636068,0.9969214988130888,3.0448445914942117,0.9004021816573945,9.197493535627771,5
6.611560186685573,0.5477928199481934,0.0729971985180064,1.2,0.08065737206259313,6.841606337076762,14.243071863201918,0.997598209917449,3.344302352287773,0.6374688718584685,9.57484856135633,5
8.465110359869598,0.6192410281142035,0.12198313820679942,4.485756792999112,0.0931469090224664,32.06889951413304,58.70783502730557,0.997332704938212,3.1275338195576095,0.6589972745831015,9.555038960433503,5
7.643244584810709,0.3479301949305945,0.14377257359092818,1.9902147896745803,0.07816460491107187,34.23567393691752,110.09317944655584,0.9967370231161751,3.1826689252922495,0.5028568662484325,10.052987069710392,5
7.509657900057673,0.7698904390269493,0.12212474146507465,2.2302452898136758,0.08658922571416154,7.505790549169603,48.17742725492555,0.9966650769461197,3.391880761987044,0.6907728922233043,9.347763794126339,6
6.3239958176345406,0.7414900434836977,0.15017452809111065,2.4610703771292086,0.09429976778390696,10.910085683496789,22.813326016211075,0.9934199764565205,3.414674530238523,0.7489046935633895,11.498602643962455,6
10.008275235753471,0.4236256384122994,0.31749669863046354,2.925978820744647,0.09362015661743125,32.309317502172725,46.96716472533514,0.9985405442957237,3.347046918760488,0.7201347913901708,10.051488632738828,7
8.860025267476479,0.4138796948539098,0.3837591794616509,3.5679225593729895,0.06608688205812424,17.735869356067525,48.408495514139084,0.9964930431068991,3.308333836787612,0.6421308628102411,11.579146573764351,5
7.310437286552283,0.715984595213927,0.07518744070666299,3.6366846681741665,0.08239807760343332,31.819917068789103,88.34802376094886,0.9964098453087405,3.266221427047682,0.4930760515713775,9.450290954558197,6
6.821221624620223,0.5741415726024355,0.10662370191787669,1.6043309497085874,0.07086366771456616,19.39403597538123,50.23118324175807,0.9959185754525068,3.33877263860604,0.7630958983050591,9.35284773676452,5
9.638907958513482,0.6293086240941806,0.3267592255682613,3.733025551243715,0.12973279194525095,12.238355424070752,56.81181050705684,1.0000675731781168,3.425015499795836,0.7402137640431595,10.07184424250904,7
7.884702544670975,0.6683777964161184,0.2014422488965179,1.8541085978060219,0.0882283122525145,9.526374295300945,37.72171352363596,0.9987569144363475,3.198051653710663,0.5897707307875087,9.11843772121903,5
6.995665015427105,0.5551576846656228,0.052786420246039134,1.7010351062222642,0.07686629355561238,34.40654580069403,27.748132381945446,0.9975015852240529,3.212981154150222,0.5427595790242277,9.218075003886288,5
9.178676509499432,0.2838565902115078,0.46351505612490757,3.196959183303834,0.08656346983196142,7.324765181014629,24.81095281934035,0.9985156379088368,3.126675389393164,0.6871593384493451,9.900465598293673,6
8.34051113910403,0.5516651764179444,0.11889897250995855,1.2,0.060553404397741865,25.725793038092515,64.3244888925054,0.9932643380629951,2.9256098251716556,0.7040877427472791,12.744209122500301,6
10.878534673099647,0.5103679067595446,0.4571711047124135,2.776111442118012,0.0923781600323258,6.816682171615998,49.6813662275882,0.9968928504304567,3.475301466622521,0.5882185380549987,9.532658205728938,5
9.577687035592275,0.2597050430955886,0.3508663354401276,1.2,0.057817269886742156,1.0,29.939442822793133,0.9949937342772416,3.2273166009805,0.7677843328232539,11.520572964617822,7
7.178939973504678,0.5146736973315523,0.13815155160569514,1.6835272924510365,0.08655307960026566,17.236217060630505,46.262607247231095,0.9955243879217425,3.3774127253489037,0.6640391682849892,10.571042091400653,7
6.555880510414355,0.5184917829113295,0.05112535638374591,1.6027978462136692,0.05169243664946629,4.1585131819756205,42.983084536275754,0.9956908554078335,3.455348439236641,0.5566628726158299,11.004495283285495,5
9.56044482020873,0.472926497745547,0.08243391704654666,1.4781795295330462,0.08850732636213825,8.768309590803504,24.040693301390107,0.9949027168141475,3.4693806663211415,0.4689921114734624,9.731984626910027,5
6.565236127318084,0.5262426689646793,0.17268127275758713,2.2212262776431007,0.07932364057716373,16.14716455651151,27.19829644680666,0.9964121429833023,3.4028884870183527,0.6809639433704606,10.5256799913793,6
7.151328437670483,1.0579783045860682,0.06255680385001514,1.7331140098254485,0.15532441206017808,9.25548188769985,9.184277063782615,0.9936065738768286,3.37484864923346,0.5086339244906,11.074802370712488,4
10.937595023715916,0.40424416740786173,0.5212828651037351,1.9041078384234595,0.08400661859424033,6.859902825518939,17.09009224168213,0.994486931467998,3.1930776584541705,0.5868504543076054,11.319608859551614,6
5.03539336142844,0.28628068493243924,0.11704573238651562,1.2,0.05686246684067227,25.70716666263884,61.8134948888452,0.9902,3.618493726175827,0.6246240845177419,11.401569786618147,5
5.490825694972926,0.5413027618171536,0.26497519179000173,2.179392552661165,0.03267811671832672,54.030814620881266,113.77505583533494,0.9926656451324924,3.7783772156586464,0.732362849944616,11.748432789246833,5
7.921878575494346,0.7584108321357474,0.07831089389811088,3.4409329151185606,0.08182289310833528,24.062274093771386,100.88839146580106,0.9953648129126822,3.456272386108803,0.6074983357481843,10.555454933675932,6
6.799065733764261,0.28704261724506985,0.2816747856316486,1.8684231392970487,0.06958428498197114,7.455700770467521,28.364804926286,0.9938477034607024,3.5721362223303035,0.8414525249696189,12.468734486427095,7
6.661554583101034,0.5455963379734701,0.3039007117113558,2.1247810266378955,0.08429506608056526,7.521122124163313,12.571899713430112,0.9950572591189538,3.4977184431732247,0.5655221815001388,11.218872288050864,6
7.403012857128893,0.6934374442978353,0.09411334364524357,2.210187145842925,0.07023431574397607,21.66568378855704,77.46238912300771,0.9963366675937979,3.698528715948425,0.599598978230445,12.15081980776416,5
7.307769752377373,0.7398661827807993,0.0515545311516786,1.974849221199184,0.0808197527041544,20.79028643110958,60.96421864182386,0.9963935750001652,3.4462036313542255,0.6466165181382021,11.102985141404252,6
6.437530303988318,0.2244482624561373,0.10626805006635628,1.9067721469196164,0.0828112544146044,12.382247464909634,47.585569075549785,0.9963799921716671,3.3712198506382847,0.3871695106424191,10.555388450033623,7
7.789246375616749,0.9811814686034515,0.0,1.7517768305423371,0.1915707340740156,8.840542304637305,40.10607495699411,0.9950847973404848,3.412215966925676,0.5524244279634519,10.180196630120573,4
7.328594076295542,0.7925992695907143,0.14813804974388614,2.059475485017768,0.06716805573658326,23.664366102284554,53.830868915449855,0.9962494953329902,3.226131643812385,0.8298909424285246,9.65881974278927,5
6.494154929710536,0.7647168339262396,0.17626137586706153,1.897916864123407,0.05483027394503211,13.629641609138607,24.3378205836782,0.9950428778330216,3.4583747631955375,0.6067240107919167,11.519115830142457,5
7.7000426709881955,0.45645799946112925,0.3117159707943789,2.0208249962580815,0.09204429159704954,50.793145791637784,103.16522746660081,0.9971295162565632,3.3277316548065317,0.5302344977033796,9.541844240973434,5
5.2475283449889005,0.5221271273772261,0.17527517335329637,1.4827673992357644,0.0910653223766412,38.360183599696065,130.1717939126931,0.997395961669375,3.4364824669228637,0.8466099624411435,10.157371906727393,5
8.169752280799674,0.657897207099551,0.31932039473938095,1.7555094373866098,0.07343347959649363,14.944074052054036,47.35146490846863,0.9976033651992644,3.3755906727393996,0.48008046218600364,9.867545484839573,3
6.803250285192714,0.7261783967729205,0.2867876078578449,2.0813261661368507,0.12864960645084098,21.505929869393412,46.86923611251833,0.9959008309540793,3.332137795109249,0.5157526702283696,10.241070110245612,5
8.280084419610121,0.6710269988224074,0.0,1.777297985695909,0.0739167083987222,34.07264241376039,59.37796152303383,0.99209998533904,3.4127301155257572,0.5345123718498161,11.628182691801113,6
9.119425226245774,0.2746669950240584,0.7298499709747839,2.1092358783958045,0.07307528382344747,19.602842569648175,53.11518845137239,0.9951805937850488,3.0236277210598304,1.0313773767117878,10.007137345482203,5
6.9142855828892085,0.2782254402452325,0.3110680517312558,1.8920739555961839,0.07582346770209943,26.82441541546001,22.215860440075247,0.9938564601709976,3.402140557512319,0.8506274255567509,11.427375214704867,6
8.164264304554356,0.7343317522511585,0.12685173406819278,1.7408360924970516,0.0652424841359671,22.472584078426728,64.15878213600865,0.9951086202376422,3.4494863520024794,0.7288509156456837,10.537414028982136,6
6.9781180925953015,0.6799206437292376,0.10925845455566746,2.714354968168744,0.08222870409889751,6.352366451309548,40.52004813207517,0.9960487422204424,3.672917124442618,0.5477583065721123,11.112252114246903,6
7.717679153776698,0.28315305077425584,0.38699401128635813,1.414389732440338,0.08974155948278326,3.292048818726484,12.582265268229733,0.9944349329908997,3.1596507985490434,0.6923421403019058,11.889058248990974,6
6.856172688805495,1.0718500402649274,0.07891704485256859,4.6122181457335785,0.06930320994350485,49.10241062813097,20.47646296412405,0.9958381226944063,3.6303048672289533,0.6121120109679984,10.92523829565613,6
6.769737194432176,0.4611088657006745,0.2266903160320804,1.2527515336905688,0.04070610063945173,8.076883277674884,17.880158350994407,0.9935259101428167,3.5072197872025748,0.37,9.623653805655545,6
10.310754980002365,0.24745373429499135,0.27276541326679277,1.6556991373221863,0.07451689642503675,4.875013421906678,16.791182183312504,0.9999969892002774,3.382296756597595,0.4832552545676335,9.214271871044524,6
6.491876046400902,0.5666393697041068,0.09426911338517699,1.8869791917879162,0.11028736717848911,22.86369128306185,79.52923292737563,0.9939867863803086,3.4675226868731555,0.5226710591008698,10.740871667866617,6
8.072366075019364,0.2668517285227807,0.4157702015570409,1.2764983818128681,0.07196678811487744,25.325461064578974,6.0,0.9982924444328056,3.272482063521002,0.9409880856089314,11.21756577479704,7
9.609016284262125,0.458640643678795,0.5161537351021155,3.648653048515194,0.09215217604921043,31.41965633381282,136.09325134206546,0.9984525764290366,3.2221519655945117,0.9055203076042785,9.645680196673865,5
8.22769731982831,0.8662243260260959,0.20477718222202335,2.2435887594566486,0.0669509712478171,25.009518092949754,50.75566257545401,0.9973386166050074,3.271594343954047,0.536539965816154,10.252081044821757,4
7.724122710607876,0.4539761102169182,0.3743131525678883,1.9993663580098786,0.09701745970919512,34.43648402199999,90.31313898677277,0.9972942618975003,3.3139562547232546,0.8446457548336821,9.412338463328839,5
7.389849244117069,0.628125771850174,0.1826450493933454,2.2303148936659634,0.08483065281599064,37.31337456419825,77.70985056250441,0.9954567007214434,3.1040109824331,0.4535750939611436,11.227648647424916,5
9.726154314232916,0.5735956530849778,0.43017491023073967,1.2832136775199205,0.012,7.362599396932805,30.089982289078804,0.9988699364435923,3.2290497013137394,0.7313458379046139,10.554823040111353,6
7.6241724939388575,0.3485321153623515,0.4229600892208498,2.8017395167956383,0.0841193436258142,15.984610910058516,85.74073685454846,0.9967084753746637,3.3398440983805884,0.65555270352277,8.4,6
8.468759133659793,0.6701491976374547,0.2997071953965049,1.2,0.13852777393981303,34.950541139429916,164.80860734174883,0.9985591685258998,3.135117168313073,0.8009669716241669,9.17975007703792,5
7.368530793640128,0.4363829033593357,0.12400124376401724,1.8442560731326865,0.0540577453812889,9.43541558493824,6.0,0.9961407333924853,3.42994775488088,0.8019901163077225,10.395522205578029,7
6.812996661869138,0.33786803414345734,0.23910329779494785,2.2799817104361746,0.1887586039672499,14.338419074661868,147.7116614625229,0.9971683424422364,3.3707601412660333,0.37,9.084913667441448,5
8.726235823789471,0.6045150946146568,0.0,2.0365138686011477,0.08606163585893815,25.684353021874024,99.91712496060566,0.9967500153398112,3.248866756459024,0.5421987906472636,9.502197109819399,5
10.304484765367674,0.6231951719704909,0.5213444416340612,3.302389838060946,0.19493596919709205,6.096066518073309,14.773072761585597,0.9992374336477711,3.1645584424264914,0.7433505453599636,9.504273734851537,7
6.20283259782413,0.5092772342735146,0.27278042211045234,1.8285871061300598,0.08802516262956482,18.93488269191199,34.66564006286849,0.9977982953237831,3.3407605382621193,0.647505498700426,9.757393340349273,5
8.3447506387634,0.6430706713830903,0.06295004591147735,2.412533064983675,0.0964406908269226,28.675343756343615,115.71564183566785,0.9954529149149552,3.0553912373744803,0.7430759726903173,9.17169849114371,5
8.251432625171631,0.31827285531444327,0.5139592884986304,2.41848099581987,0.05618503671189652,14.00100944829871,46.138891046378085,0.9951473149711453,3.41368689370897,0.7058488145741048,10.383826419828312,6
10.648366369792308,0.32045038819546096,0.24006155246959812,1.7813378869230243,0.0703759687489847,1.0,12.864797571948724,0.9949445248946007,3.3825232803068457,0.54737781622719,10.168180982211194,7
10.88608659964634,0.2404826311370967,0.5203690848908437,1.2,0.09289213858010661,7.295258609204479,19.393955503185534,0.996911432065904,3.103175192658553,0.6410231629350209,10.752079353591954,5
7.002752136888917,0.2264620279680956,0.45492816799151825,2.240224362330403,0.09967834151285525,47.22465445122269,44.91228073727172,0.9974449836444748,3.4351433231690893,0.872198770628013,9.934213479551522,5
6.151404701305942,0.7484637176844239,0.2574918660096691,3.461818418817865,0.09774271570827447,13.568124729289481,59.441726547212795,0.9935450995299738,3.2674941913333395,0.38886995335299174,12.286777045305497,5
9.096801884620616,0.7053532776308595,0.465563229558548,1.8004110075394295,0.048200404055499135,26.76270627494905,56.39902801519687,0.9967134214920413,3.1589893063093637,0.4288653953945268,10.662845197233956,6
11.392262197066717,0.4296580540175267,0.40314365205557245,2.1256412296992995,0.17159000540922403,25.011303159151066,43.60309974723977,1.000277863156669,3.1264634759683068,0.6510101715868211,11.35323495994741,7
12.918559439976951,0.3100807924736292,0.4192514997673754,2.237011714920714,0.1478645239420084,7.462845130524623,26.986049657786438,0.999083746463395,3.0636043840980123,0.652995282738301,9.46407638263467,7
9.305808469094504,0.8467587212454719,0.3034281633845633,2.300166727412733,0.08589163128854733,24.56277807737848,127.68313460819618,0.9977958470402927,3.281662980473688,0.47303950577198356,9.415707039078773,5
7.239316762305359,0.3266025357688049,0.4481547269984426,3.2478386698669595,0.06747201322022012,5.065295581656856,9.777269166279023,0.995318862484402,3.234976077537771,0.5986101651077868,12.866962295275885,6
10.583571469737684,0.4805696435590779,0.6772654893662018,1.844239328933413,0.06630856902371744,14.345931979426917,6.0,0.9986685056757859,3.158095519256745,0.8824025134297422,10.576684841889268,6
8.70416685936012,0.5871454370090372,0.15142441369892132,2.271027494569271,0.09285194682776769,17.575419510574758,29.02194213160611,0.9984576109326426,3.178554189634184,0.5679332793702934,9.95862264112879,6
7.743499158726298,0.4049739915343923,0.40117359085464555,2.5060633841913025,0.07152795646048957,29.056030439034885,78.29937664118405,0.9996634002860111,3.4854770144576643,0.6651399878439939,9.136385710738512,5
6.765088285303039,0.6646325486668544,0.4099723112602377,5.007291120164965,0.02917743745189791,49.505698397440966,115.22972252343911,0.9970502108444431,3.2718591421363126,0.7466109543362094,8.89527207242772,5
11.268358093109624,0.30312946124060125,0.6861457277526164,2.0635540154253222,0.07329946092075264,22.159043681504414,26.413363013106682,1.0005768070145464,3.101803594280852,0.5363747189596451,10.557134819736715,5
8.095948577776177,0.4126761267017056,0.2611081023288615,3.4692986951816223,0.09319692524192004,50.154053382359294,110.04492519630585,0.9994620680778344,3.4567869125177615,0.8019363889116689,9.522398647831585,5
10.747854933418612,0.6565057677975483,0.37980924690209455,1.6726824455137579,0.15948026635597576,19.584640164096832,41.01494847365842,0.9999304756576621,3.3468432108692006,0.6696999636924402,9.42592258853369,3
7.550995136553485,0.7729529953435996,0.20320355770184667,5.947021757407995,0.12548875289989594,47.21365466709675,81.895234325717,0.9981117187681581,3.364144066221748,0.5643128222338583,9.99541567159419,5
7.211101159615191,0.642878372245249,0.2010007774550181,1.9025087786691381,0.07311642599470641,13.472182217764878,71.2858108447174,0.9976127179738338,3.3567963155571188,0.5323874465781278,10.000799913049317,6
7.38842831995902,0.6364488259477334,0.2788327256422386,2.856760959347767,0.10414374480619172,14.466007974533154,80.42688015746316,0.996932749415229,2.9698930267472745,0.5382743077654393,10.067764099810091,6
8.46856926752544,0.1905474728129599,0.31882036901630373,2.128240078359663,0.06419428439225831,42.19889137234587,57.55914914539451,0.9955729049429672,3.3042555938050726,0.82625565743346,10.563058160823626,6
10.719945725498816,0.5600259987389935,0.45796166710358877,2.32192721418352,0.09282725304417411,23.85485606496724,70.57944618196538,0.9974507635755945,3.22901749558538,0.6260253327432866,10.803164544471942,7
10.54371955327244,0.6533084343242073,0.5273501778597125,2.740576618502601,0.15210990326262547,8.172563529839346,18.270086456246784,0.9997022587520535,3.069826001353481,0.952167167146303,11.237895351977173,7
7.956619768843117,0.6347072131437557,0.0,3.1190161216473693,0.1543568378603218,9.449494714997357,29.323319186403758,0.9978200936730369,3.22923008810169,0.6191487367494294,9.019789694966558,5
7.931014985652148,0.5397304249021312,0.0,2.160493998077194,0.0830846368596815,16.65139889025541,32.54793439620954,0.9982746926701649,3.5913526633975406,0.6117124845259627,9.633954972427171,5
8.485765513606811,0.5884917317215709,0.11830938806531521,1.9566271332163456,0.08204484841935408,6.182227564526774,43.867475026657104,0.9986602744367915,3.5790829794685175,0.7989590154631787,8.936468586611182,6
8.19599482423475,0.6551267565303158,0.4525627859592665,1.2182931741440504,0.06484803256087264,16.35893977904307,40.926336153156356,0.9983246529654096,3.42304618504288,0.6963704344366041,9.803090984509996,5
7.018999129082202,0.6006043561448009,0.01682490608527133,2.9754124635921366,0.07747335242595796,12.238462094098109,29.598063720759527,0.9942228756222611,3.376925785939861,0.4799835567714279,9.56979070031362,6
6.473150948245263,0.6164594421430085,0.2609522641440623,2.161740990404221,0.0955964016559809,18.557683957348807,34.274375875222205,0.9939856073591439,3.245006478035706,0.772200944228149,10.778055535271204,6
6.950816378248604,0.22383226508494788,0.3243808140401534,1.4385131036024044,0.06333261292395241,1.0,27.469393766803933,0.9938425394242146,3.2473446439913376,0.640597433222966,13.16629498763481,8
7.165827495242371,0.4380864106990148,0.01056310442958927,2.702513374829655,0.08606763009099183,24.462555398359775,67.77896711545769,0.9957034003752503,3.451978524729762,0.550760073067302,10.579077854510862,6
7.639497193796483,0.2520652716463412,0.3066268022855499,3.576669263930172,0.08214695693116698,4.666556802905867,18.100560786922138,0.9976726029115421,3.3649776399176616,0.7338039408365403,10.14125490375314,7
8.264856567477942,0.4677558307443437,0.13734124181288276,2.1389217894982893,0.12290250233911362,22.13577045307461,24.14597905934105,0.99827159734937,3.304090829133217,0.6004209544190117,9.092326369067289,5
15.079414468005666,0.4657764499720226,0.6973622752603451,4.828775550129041,0.28345552459792617,9.25222781909811,81.28637892420456,0.9992606833300861,2.9931239078660976,1.0067441505520012,12.26310304908824,8
12.513915120694845,0.5267755788813089,0.40996991939279437,1.5687651698422784,0.07297041205449149,5.318744725198098,22.33929662776616,0.9982680893527057,3.2016677710577994,0.6103878605352774,10.36372800223853,6
10.026563608959307,0.6731970370516223,0.09930875921912224,3.7506673815353277,0.0633806221231577,9.129276942955855,60.863589361298295,0.9994778545004107,3.077916813631969,0.5466771809672982,9.391090795208447,5
4.6,0.4428291356373021,0.11098276413614534,2.943386410673975,0.1292466688131628,9.914788860936753,60.2239995022651,0.9939968549324756,3.3953493148469787,0.7292631912563331,10.948809183714612,5
8.688198963451214,0.2530840204420859,0.1914103020500097,1.950286122316325,0.059471503225407195,1.4150254822088755,32.01528568869872,0.9938961864370064,3.2026703310610247,0.5051743927669823,9.638527913598226,6
14.160895511061117,0.32137442713356723,0.5572123396795455,4.2761638809550035,0.1338612937932297,12.276049180585677,28.031903552564234,0.9981756499229892,3.062666415634337,0.4503939783346022,11.799853774177832,6
11.436169468655407,0.38115489368501765,0.7636681995817226,2.966603823835625,0.5429451311328257,14.189479046088637,27.87777590755793,0.9993200659923009,3.142792223994392,0.5969603529994713,11.464463003756045,7
7.961126200689213,0.47992177796669444,0.2702883291406616,3.180561271595691,0.08494405228067599,11.434882502986618,29.073622767541885,0.9998557437101575,3.2285153561965148,0.5653381813518286,9.517828509070611,5
7.722509222612858,0.34038014479652523,0.16216691143357853,4.914350091398823,0.13723288866978156,30.39179960230448,107.24216692886712,0.9980338835658429,3.1675642238796984,0.8398614844229885,9.130980554307074,5
10.56475796332841,0.6286804174412836,0.5432295828612855,1.2,0.2941523664172939,16.038078441950933,48.88430586339545,1.00369,3.0361074453886796,1.114836851751099,10.051273744993285,6
8.832902533330154,0.3820084027674722,0.5038374036862436,1.919547041927489,0.09297803469029395,10.902832037109063,27.35476468057845,0.9962423651719791,3.234607042759709,0.7777345447563724,10.84252974965767,6
7.573863027910298,0.6499777265590373,0.0,1.6579827647447833,0.165406637261581,26.455767782497013,6.0,0.9950413063660672,3.0900938574729864,0.43328400142816176,9.216186659890012,5
8.391009177518203,0.3898433450456478,0.3018480050683646,2.7189770593567664,0.10164409808764394,12.14908532295134,75.2696810198423,0.9971940917430162,3.268682629783125,0.6067553771258626,10.78520807371231,7
7.509790341232009,0.4932626451220557,0.02717517346361442,2.6002880269655617,0.1503954958843113,26.79799858820573,83.74574157525191,0.9979176783772247,3.078586508845425,0.6764721858617293,10.519040324396766,6
9.167238003280413,0.5223974130531881,0.5436107210140736,2.954726942536263,0.13069529495382595,2.864865538102766,28.999248849473634,0.9978177237067848,3.2985358046054865,0.45061543360622314,9.007603080444506,6
6.50237857982706,0.6408650098201149,0.0,1.2,0.09957751856186813,4.487158800404835,8.604951654933561,0.9961114423196562,3.540187878675057,0.48769619405621184,11.714480440760042,3
7.734550368822884,0.9510328898845133,0.52610005565272,4.889828858556644,0.10332029327309808,24.65985556380787,167.28414080414967,0.9977701847648787,3.3404682626231503,0.570293050766019,9.412892992489319,5
8.008801769837959,0.6634374232510851,0.08895757587575814,2.5998808963613387,0.07741835020197828,11.670067479025905,64.65867059656497,0.9963277342437348,3.481656926700514,0.7103512335001427,9.39400549475816,5
6.184250791986024,0.4859836998751623,0.05908698495950733,3.6574835806907187,0.06780280461112738,17.18977293794782,47.38832884123401,0.9952235808198373,3.319076145155994,0.6203206473273306,9.161044748399654,5
7.898118473511801,0.72769312187316,0.24632078550432393,1.2,0.09371164361232878,7.178289576910518,48.39398722598234,0.9974831607699068,3.213175876556567,1.40597435621329,10.993520532561101,6
9.018217008273266,0.717043237812745,0.07218947497689732,2.8352853965155873,0.09038504603911508,13.899737492800536,49.78058686069705,0.9947341880652466,3.1477039218486995,0.6906404845434942,9.338768994625138,5
9.847652893558394,0.5474415947351777,0.45054735578427174,2.9786539074887712,0.0743146000911159,11.2877664124151,98.13145466723628,0.998099066589029,3.1273251304368945,0.7861150319721314,9.458118769031769,5
9.801705725061767,0.591016361711936,0.12729933443676744,2.170965446609316,0.06509169952026767,18.132471301233036,64.79491225194135,0.9990230651294125,3.0877589574501587,0.4469738663068154,12.584589937428127,5
6.140915098380641,0.5784844479315705,0.11385644661677968,1.9812906882977799,0.10174208469907442,11.377293131631216,34.47850527728049,0.9955167761510483,3.728736857377406,0.5823937789053042,12.059139231343988,6
7.153447268009789,0.32208139392847907,0.2262267784247341,1.557198783447149,0.12073467123647977,17.800097617502953,60.83062348094056,0.9954851404395304,3.380371063259628,0.784248513304453,11.03144148576342,7
10.608644197726992,0.3043762187905221,0.3113964704981026,1.8006409389892646,0.0554265153310469,1.0,14.126035482109831,0.9967731437666815,3.3535096739696155,0.7745033162009234,10.67657817866816,7
8.12306214215357,0.5295018401326843,0.5990678095577053,2.2728564309510695,0.10997706821004187,6.152339223033895,25.42894502808625,0.9949080530835908,3.18570381524773,0.6714183431942156,12.24421828666509,8
7.0478558919092755,0.25209387839102865,0.5155071768762064,2.6834378895954765,0.06430095179772602,37.504523497195166,91.8343156112851,0.9962930002384206,3.3612116947954997,0.6763806606533275,11.07462030525957,6
7.908430832854991,0.72613138192556,0.07695410872719093,2.781363987391353,0.08998432721812998,17.268255473582368,31.353489318931842,0.9981093806780807,3.345557934645292,0.4825842698840893,9.792603289597942,6
9.506499195311218,0.39378744913704006,0.47949796187051397,2.8254703771664635,0.19755163906809664,7.117237989961533,10.875337189696605,0.9981608878233226,3.1770537554095184,0.6703715593979822,9.392927679555935,4
7.013985872252164,0.9439779716207173,0.10388793639115781,1.2,0.05499160869793865,11.528621855470124,96.07564881504291,0.9977127643102726,3.3187875304848027,0.5321977975431359,10.725748996287242,4
4.6,0.6185272599977445,0.08084497777077079,7.789420644963073,0.06704401913139862,22.2169308476462,108.72592465196594,0.9923394987952774,3.203466257874508,0.6219907936607159,14.102793177210751,5
11.469745489032533,0.4235935313142365,0.2559214307657368,2.2628583867768644,0.12096288021776994,1.6516816100754639,113.55484908760114,0.999456629757179,3.106450282199507,0.5940805695437089,10.882716266483781,6
7.498856667149111,0.7203355836984359,0.006032085577978231,4.875655842289935,0.13640656389666547,42.345848749770994,53.66171501961177,0.9994758096861636,3.307135461486514,0.608298915323002,10.980580555023089,5
6.409051648600867,0.4934154685737667,0.3616004507797443,1.5277273388720127,0.07085658039378037,4.564268523489972,9.21555690038665,0.9936153110011788,3.303337094969397,0.5715280287005613,12.681799674953803,6
8.229241773049084,0.694448465973143,0.19732531935064362,2.102437847595685,0.07541402084170723,6.6346637204815675,44.66272091613792,0.9964589163646574,3.38159309093907,0.6216073471300709,9.36604454765062,5
9.975197625288924,0.30879681273905507,0.25794636392882175,1.612464566939377,0.06113928265355075,14.995267895469702,38.79053856688197,0.9954932096242806,3.245530158797501,0.6425855812761279,11.16899309539005,6
7.486998513914842,0.5964754643594048,0.16685127370371636,2.6323349539072005,0.0680159638593147,8.582953146317031,24.435865669233237,0.9924566637971508,3.2663785084259724,0.5596484381314482,10.653876835401793,4
9.734558389759147,0.9542833817065867,0.19789733274981872,5.857185878897524,0.13262359713084848,13.662258067564997,93.46558632563293,1.000151850095725,3.045623380927271,0.5301881983355982,9.883184641127857,5
7.949919563252627,0.6478629321065444,0.34521396443697294,2.0479393109434465,0.11043107899301426,16.820338151515024,76.70737306042815,0.9981776427803563,2.978792594321425,1.836068882222151,9.449069199500157,5
7.665371127702681,0.7890637341157474,0.2715347210405444,2.2314280559473803,0.07856849405031076,10.93072685079273,87.34770564595765,0.9960094614186886,3.1844125572829167,0.6380069415494019,9.126333198498845,5
6.966937753527516,0.8269535940807273,0.32560237439316897,2.125831943886774,0.07784624841155366,24.114394203589324,99.89889150155908,0.9962210314062314,3.3217214055092765,0.506119545677284,9.148593823439889,5
10.072204955417645,0.3803642966429771,0.08028098943182421,2.054610881627176,0.07419150748837665,28.989607874809536,64.98275294353876,0.9975722306731609,3.0318491663776834,0.37,10.550391821796591,6
13.202363223836118,0.4165867869188854,0.522453862069795,2.0096586227946087,0.06911153968819503,17.10713748676516,37.44171368764462,1.000540979511405,3.0689224178600694,0.7390751794381467,10.112450710104953,7
9.260982652490085,0.42562295120649074,0.4826111075953666,6.421183046814734,0.15151726935996024,44.46974379883237,27.214975010098982,1.002267033796828,3.1349025684875675,0.45364063030600404,9.095700857463903,6
7.087942991108838,0.5052204867458744,0.3149408878758161,2.4289790600949437,0.09269502369599326,6.460599802158306,27.410500481098826,0.9922649110283148,3.4803970875386443,0.608255013978526,13.238330365531894,6
6.909987092562882,0.555538592306533,0.33952512728798895,4.65737528342071,0.0632099605367843,22.696684773630004,207.02889375711578,0.9931859517269666,3.0258616947505708,0.498330643908722,11.51692773501496,4
7.103313288610959,0.2664363167494015,0.03961023799809313,1.2092216750366558,0.070005009490817,31.84021570030906,82.01356520728791,0.9967814499777159,3.4033178877354597,0.7302053203217985,9.401142928506871,6
7.358298114569815,0.6852177516980136,0.30306250446166916,2.105036509247856,0.13394039967868648,3.919261562389238,14.197100447443066,0.9953136123619594,3.31920511872263,0.6859376743800641,10.696253729015673,6
8.068647924403052,0.632591829376121,0.4104156491197106,2.9899801209251895,0.11328888115101984,31.729679812325596,119.7465139488275,0.9998677687180617,3.094654372087566,0.8532071482485575,10.18821007278388,5
7.526320256290214,0.6963709440669553,0.0864176376481563,3.1975338985779085,0.08247563601410887,21.145474416155338,96.25173114438205,0.9971377105156856,3.5693084679100058,0.6077346193535528,9.875657638074635,5
8.40623542330408,0.3638491770720563,0.41544597730189775,1.51204906692784,0.08000699575558314,24.248985642540777,38.777846590400266,0.9966261648169279,3.317841182661007,0.7448311222560476,12.426412661966154,5
12.500055227589192,0.4193725696874483,0.535215683427107,1.2,0.0823660580273163,15.384356539012675,65.8315116891082,0.9975861491206816,3.227053486740631,0.6547896433986474,10.700481031295107,6
6.734507761488431,0.662189103683839,0.0,3.4187902663327217,0.10942120427824234,18.03947554229147,26.305057220124546,0.9956189081009282,3.456040057611,0.6507900899832114,9.545831822713524,6
6.921729022934911,0.5299573742940438,0.38422751023437396,2.2447000825568213,0.07778687202360668,17.13838901118689,28.4604765075358,0.9943844659934264,3.3625758179144887,0.6864695261830268,12.009945271141852,6
9.885612824054503,0.3496386467099296,0.47724822716982085,3.5672629512776335,0.06468582175249851,2.8725573410808014,12.263161627736837,0.9966732063158662,3.2072072905607425,0.6544781671709189,11.968872527751273,6
5.835389686310651,0.5825684472435116,0.07412141315049842,2.168845282838896,0.06225576947833373,17.857970145660033,55.545135063618616,0.995989983404829,3.3351767743997414,0.7099878530104242,10.247868939424812,5
9.484852345677679,0.33314447088211874,0.43844237101454464,2.7166156384567572,0.14168956435289654,3.2750339680067526,152.5877731092433,0.9983653960420655,3.137405557510537,0.48216649540333467,9.675623966638506,6
8.042053534174975,0.645081430964087,0.10717074103727145,1.8995699807142903,0.09238423486300505,37.32422692814414,48.076312242408,0.9956742028387338,3.4233517222478245,0.7303957881765227,10.754011665299924,6
10.591715972636306,0.27204195399428766,0.4535466141789637,1.8720949097535255,0.08803281514139968,9.589918144729607,94.9559811995893,0.9964333134931185,3.3181412348949357,0.6017742670935947,9.503621138414015,5
8.115294932972338,0.8465391246601808,0.05099639866505154,2.0594101393025923,0.07008172075336917,12.363242562676993,33.91804588372004,0.9955894631407224,3.443367278829557,0.6187686053088041,11.43451891624162,7
9.957382483434474,0.3604778248081141,0.7338330757986682,8.987902414070268,0.07364965203261807,30.394232057634227,100.52996705243227,0.9946467044719919,3.422480915273414,0.6296948709987037,9.868776499224063,5
8.40347856343788,0.783610418225323,0.03522483374624988,2.33065930317884,0.09023845753505606,1.0,37.77041474338188,0.9971115720028134,3.3885425155885756,0.575312348491507,9.60663069192245,6
6.162401356868853,0.7728027067085288,0.12769645728480017,2.3149134708005805,0.08149985192253562,13.596977149590622,54.04879731408053,0.9917659141050527,3.450857491160431,0.5250522858373666,12.375615912124982,6
10.698750877353254,0.6238717411333524,0.28094587867371895,3.2726652063289787,0.09466824698866397,17.028737864459433,57.11551801610835,0.9973195801475783,3.1324400847434752,0.664352964773173,9.627514750462424,5
7.940359323760179,0.6080527684617045,0.17647439580059654,2.596565443735888,0.07781662613330839,19.181038618836848,45.855361360677,0.9939003967235618,3.2701929183912752,0.42015652632659584,10.890148186696505,6
6.231405688642684,0.5704893997510257,0.00042565490604069486,1.5329824813985362,0.07709176090147336,21.827453172046702,64.26502323451237,0.9915009145960659,3.327735079375395,0.8480005244378939,11.648079516879232,6
8.166493371095598,0.45010324108324234,0.29347022077627055,2.9509266683356334,0.07092942189980513,40.47388281059312,125.1218338710332,0.9964946926186391,3.3444551012816324,0.9562838109902121,10.544046260624372,5
8.105562223269471,0.6324840852114542,0.22225586702238223,2.9400849382997274,0.08308310716283512,7.95340589131741,8.69605190847694,0.9975557084089961,3.3063148596315446,0.5985420709443485,9.582079000744443,6
9.434566607806497,0.12,0.0535751324371066,1.5182257894708036,0.06798231444239553,3.090028653453475,12.139245394602918,0.9949977228098761,3.3008131834480823,0.4315834691854843,12.096644974784626,6
7.7091512981773045,0.6257042555784383,0.4158873871435634,1.5036625147409635,0.2722113825483698,5.416574515326074,22.485088383369245,0.9964438528217927,3.2874610832180786,0.7204720558900575,8.4,8
6.572987722767122,0.4317716544971776,0.09666592320968193,2.2957495779422086,0.07364174337470704,3.3638158303612853,28.727608420803726,0.9954505439820776,3.3972232526214645,0.6234554413046859,9.352874188095276,4
7.0457739282693135,0.5001723475558243,0.40283223967867937,2.3878566227367397,0.06521472462079883,4.002205483293557,12.755458221776745,0.9947807042566207,3.3282961301892464,0.5148780834646945,10.441903962540561,5
5.827181494717398,0.5885311143570472,0.009156127522735974,1.9046620218095993,0.07887665126679948,1.0,22.933387697825218,0.9961853411310078,3.363210635385862,0.6146371866888353,11.533399651999447,6
8.591315085200506,0.3620834661364528,0.5429599768127912,2.7427230944702434,0.062494620668285844,14.05234785207875,23.244227063426344,0.9958347454090719,3.2340948859029512,0.7057593451940515,11.932925067269476,5
6.403086970033253,0.5341790808265209,0.0,2.5308950715419374,0.09659435041523229,25.29290958774719,30.28797616660642,0.9953497346098107,3.368537091187605,0.7269396000681873,11.515370180645156,5
12.46910852320113,0.42953082484750266,0.6729984681982826,1.6379957015322173,0.08698062269980492,19.28991915576702,42.26417963821828,1.0017268020319798,3.293017148538785,0.4528104728111694,10.512589336585267,5
12.85897394900087,0.4008767523266813,0.4667286212845413,2.657372977246246,0.07481404582638566,23.883604875369862,62.21006315041982,0.9996416637522854,3.1207904857088904,0.46441595620639387,9.504968045863123,5
7.412468946085444,0.7006174751983102,0.026043660740016836,2.1907275043915377,0.0839727099551266,22.730639498207754,42.88348051627845,0.9937920381892877,3.3649337569838895,0.7453055049243168,12.22619899546081,6
7.52626973427617,0.3785978401588808,0.2706302255271379,2.290137924504158,0.0712696246851417,37.161191693140516,65.89846707406869,0.9958553162021687,3.281115652111124,0.7903785133355702,12.378706403571151,6
7.851738713815528,0.5846056740841922,0.2709122166941814,3.389977017854336,0.0872472809889177,18.424177768303316,27.79643782759632,0.9990889165108872,3.50609203802082,0.5284954456801837,9.83905970048971,6
5.779795172297927,0.9039000576390577,0.00965817640652751,2.6867838509010604,0.034391845993040925,27.852947041283908,48.49740516869723,0.992330763926736,3.547870527365252,0.7112403311784185,12.982997457979419,6
8.25348434074178,0.7455512848380219,0.19348702408271296,3.293684088150206,0.07882330005997429,17.311796811311797,70.9956363364382,0.9990047918012738,3.416657590868709,0.5432774174747588,10.010141273542235,6
6.243292093599936,0.4359062046252624,0.04910361065789514,2.485071270575328,0.08773896102376523,17.88026252220341,69.52130432745226,0.9953569449903062,3.332983259406072,0.6453618967745726,10.466919034298826,6
7.366754136642517,0.767086640930786,0.22599954402992362,3.018361050426153,0.09318045376302757,37.47264402263197,56.87529352491395,0.999094022995165,3.2486380157096875,0.6836534069104865,9.371233105747823,6
6.962755008860627,0.8753311434913638,0.006912533489725051,2.991719134747408,0.06354142088995683,2.1690891808205306,16.54754437657903,0.9975084843078746,3.4830324524226177,0.5795991930145994,10.71330004970424,5
8.280810980986372,0.29343283576414625,0.24814636970509668,2.2298577600242027,0.07108789722576447,23.482503787164852,82.64521837032683,0.9967282016564644,3.2816799262760488,0.7957414089424708,9.29030138677716,5
7.446927654484912,0.6461886408403241,0.16443839931306006,2.4996736982230208,0.10626214478507667,10.180489721704676,99.64575468474374,0.9960304210645489,3.352950427136336,0.5071294132966978,9.291342370816169,5
7.888993321460696,0.7909416399251306,0.11036342686570827,1.8979298062239462,0.09615973562757996,23.352317095542332,48.12780045295754,0.9960526252492268,3.086900350233738,0.38913737764551515,10.425135452870926,5
6.9007424896000655,0.41839794453801016,0.23557776096852148,2.7605788091625003,0.07288971465833219,12.546944003929312,31.23766360603078,0.9938439912165494,3.3107860410745107,0.4235655626151802,9.311829619883675,6
9.0734786022633,0.46687454527358424,0.3108946996213525,2.175029193850321,0.0860432082951794,34.19555959455605,65.27782244238114,0.9959877488949356,3.127647766190902,0.5493068314643752,9.181990832028964,5
9.314981147804744,0.42464513127351844,0.0059327357645866385,1.5078191856188918,0.0586070054514514,9.538627869555558,18.01195413205527,0.995158455740425,3.368925075518753,0.9350264281776048,9.592687966561877,7
7.753040837780958,0.9127849398460299,0.128517450650335,1.8716207372774798,0.07393889996122202,13.147976582013346,117.00696331192535,0.996543435570312,3.2520662140908896,0.5882742811367269,9.991979383935512,5
7.39216742356891,0.279903271237138,0.38718472168964146,1.9343092462180864,0.11366409563117393,29.197266616480764,122.89324855086849,0.9924688445491238,3.3124582048769784,0.8478397135184879,11.127675620103567,6
6.981348246859707,0.12,0.024640394060687437,2.3867967257141163,0.1020788632436293,3.158074349512788,6.0,0.994919933036597,3.572538812629937,0.6116458229414836,11.894024332781774,4
9.341340362588946,0.9428833343225635,0.02841282476850022,3.2063183246940983,0.07382698678423927,18.319195793879487,52.36631903738828,0.9987514626716516,3.4448538692633153,0.4801881081979872,10.468337339837527,5
8.98544995796883,0.5809046698783318,0.08051966485629812,2.363552654341143,0.08796410720380321,10.158203864499258,27.278580907287754,0.9973470377654063,3.281730588153295,0.659969476309608,9.460513216466602,6
7.057308839820403,0.7921038721634555,0.015768442424155614,2.0393085280098107,0.1335895482537121,7.75756415661476,14.111896159957375,0.9950949380656982,3.318538636531356,0.48119207040186884,9.651950632239572,6
10.217664067576665,0.41685741597518927,0.5758608520501295,3.61761753481981,0.13004448466210836,10.01033320771665,59.1811897268625,0.9992845992657176,3.2338832223898453,0.9205823970518401,10.695505407900264,6
7.51872723794909,0.4549761434843804,0.0,1.6276107197699725,0.1581557646082524,11.791537495518167,70.59047110305127,0.995657573455315,3.326809462467831,0.7569657733479973,10.029631453236778,4
8.628168592128562,0.6745066620839459,0.35244319120141354,2.2505672830084604,0.05611376992702124,6.404259157506953,18.21274445083278,0.9976014919697704,3.3627721039044984,0.446685443180498,10.856937544156015,4
8.705222523696913,0.6032025940199367,0.3124224497974574,2.5970523110646693,0.07591898126553764,19.986102707965568,120.19149590803319,0.9974281238114211,3.22489474646459,0.5873067060427565,9.450800605084586,5
6.782478733460758,0.6016148918589798,0.252063432194222,2.9328212156731723,0.06674087111389518,8.05932489647341,23.05751589090599,0.9966272614818993,3.343314947253762,0.5513431384088975,10.677119996518481,5
8.48557757675457,0.49125137741755587,0.08301615144924218,1.7902516104921944,0.04487888225003647,10.70762164160801,31.819909222617,0.9961221813351873,3.354632376904336,0.8082819396666254,8.656893730057167,6
7.071980819666581,0.7633446439213029,0.09001200730187273,3.2728182174866545,0.10150426320536408,24.07556660804513,23.909343729946045,0.9951890838381378,3.323362310153833,0.5847784029625533,10.868819332877493,6
6.504326166539884,0.48222232376304847,0.050784861067955635,2.013267335303002,0.049341928930446484,27.92066764216504,55.67311187657865,0.9946368576679818,3.4089107994112053,0.8141632793357816,11.372833112603084,6
8.879549339793716,0.16988210478223775,0.4829476621350764,1.6644680126753517,0.096476767137034,1.0,40.522519350558035,0.9975306892351946,3.324643404717684,0.8502733989911325,10.2669366394352,5
8.491662764199434,0.7107362407109487,0.7342217980782069,1.2,0.10503964506742117,1.0,35.132756904959905,0.9966918402765,3.2119813582454695,0.5855627905252043,9.972842304026363,7
8.945657739185911,0.6913169883371579,0.007547158082783084,1.6147660415528877,0.12346187529929693,15.910113055866491,52.89914521062417,0.9943834778723737,3.3136192939985962,0.6967669702523476,10.81865193052714,6
11.017345189994517,0.5769352336634364,0.5383115694607074,1.2,0.17650987106906915,5.233410819670462,11.847488586909412,0.9985328800223623,3.1164134157032986,0.6969484035456401,11.323691853832383,6
6.0313591234864745,0.6569114989837184,0.0,4.5397098608167585,0.0689249555915619,13.184421137262987,53.912037632462635,0.9947111164589871,3.3542920970561947,0.7312040764974483,12.408228913766564,6
6.274010496986602,0.6138059720305316,0.38828456433337993,3.4054050386977073,0.06170446527759074,32.65737009942465,86.81121870081253,0.9936236790929609,3.3503424174796774,0.607571146070506,12.096889832745926,6
8.499510337674945,0.5853282467420313,0.3317262148543777,3.8849543127269843,0.0695603732269352,3.980604887091566,6.0,0.9956884448095602,3.063891279819236,0.7514062908297544,11.022190892736155,7
6.78343212602675,0.46571102116038077,0.06536283136177011,1.7803002294813979,0.07176570667729101,25.609002902778826,77.00054241651355,0.9942106649174622,3.618682897173523,0.5441251165913196,10.70989817755055,6
6.574449448542009,0.4375497669463301,0.24100451485546917,1.557486676531601,0.08051561920114574,25.938107170466466,46.97022721164656,0.9974462867094516,3.5552751778755742,0.5778602326386967,9.376771378159798,5
7.122122740514833,0.5544691934790025,0.04263682490833216,2.5080046697239338,0.09926031653136186,11.473597501965378,32.947438647497016,0.9958884424120648,3.381214787677888,0.842660586048947,11.598458763615081,4
6.9458236119970405,0.7109372595748491,0.0,1.5340371897558622,0.07999561379971269,21.815171788861377,16.956390453537274,0.995104846331814,3.4505066474979826,0.6028635970856503,8.986868496651637,5
6.700571243192295,0.2969469192540808,0.4368090793026723,2.352563616236091,0.16267283316174208,22.013143053901928,72.832452237827,0.9945766208546465,3.3539204347572786,0.9192369068509527,12.616941862085337,6
6.586985570255051,0.3852034426081682,0.0534731641798272,1.2,0.056325171402194577,14.984374277602578,6.4373602525673554,0.9932130518777892,3.4710552886793584,0.48657329652734926,12.059846809641135,5
13.075488560685281,0.5764785297119372,0.655968907217937,3.5428268059785535,0.05713884922730185,9.427048360512835,50.97317162889025,0.9973710288381411,3.240646733010003,0.7762939008317802,10.661097821231778,6
7.200437501448499,0.34969953372270135,0.32674751699345084,1.9129747364181884,0.06880306934172392,15.804569952033853,51.347013766064805,0.9946467635414052,3.38596668311966,0.5710259690750923,11.278421418312714,5
7.5666034819229075,0.5117575858487846,0.06296790883952624,3.3508289785291514,0.08774381899484135,16.571630053628283,87.93611655788126,0.9989501394513273,3.4129670814556845,0.6777306039149467,10.439327055365771,5
8.182666435889962,0.41421067819327717,0.2774245457679809,2.2508441654848506,0.07375440299973474,23.276266299464837,44.44836562243425,0.9970306009449049,3.5011962549086446,0.5527187712129635,10.133008250133642,6
6.601655953467438,0.9696639783460852,0.18536160591699652,1.590768505362252,0.051970012834699,10.585669265960071,15.545819368339622,0.9963019413660474,3.4904042759645484,0.536008576371554,10.401199560369085,5
11.167809348608486,0.5783929840313362,0.09946403668003145,3.4862642494418727,0.18036831313492946,15.108889675344946,113.44354332490485,0.9989921472913544,3.2375937849877574,0.8204453369739392,9.724720768405472,5
6.456967498503396,0.5156015708395392,0.2031439259021597,2.114325208130134,0.03809231081573122,3.6453753744865747,84.39388859699517,0.9913718589852395,3.6721858408618258,0.5832825721999879,13.04675571449197,7
7.840909860344727,0.28340901670328705,0.19711756101164016,2.6788248535480936,0.060303421217350786,17.254229537273527,32.667358238042304,0.9954838694747076,3.4345094947239945,0.5961736300457733,10.965533154514272,5
6.1494369073271145,0.6281051005352454,0.49078295706397956,2.4759656571297466,0.09913258723863945,22.37185991849076,114.68193929930325,0.9962046057624042,3.123766595311684,0.6054869710477568,9.291262552952286,6
7.461808704041604,0.5377166921622367,0.1854888969757486,2.246433269442852,0.06651168840216046,30.950384824737547,94.1451597955705,0.9939724714428769,3.4151660268675106,0.6415407668540666,11.222131795791,6
8.244637501986807,0.5995944200422517,0.07678928561387963,2.7567047650410696,0.061149484856553304,4.015093729334602,15.197982358394295,0.9941897463955902,3.318276663787132,0.5561927444985467,12.933550784567537,6
7.554059314242176,0.5486426776315043,0.12763379529486799,2.546178956875414,0.0833959642975331,1.0,141.2880983607091,0.9982202540315136,3.408647909549084,0.6905466340021156,8.639728456703969,5
8.846900029406614,0.5655119696522287,0.4484270201230778,2.2039707001222864,0.040397502761922624,1.0,32.8087860951675,0.9986817278791689,3.3338555906606713,0.7601246039244639,8.812066388109386,6
7.845443462438497,0.22619490464067799,0.44879235761561115,2.5803092783359403,0.04742492746964677,16.72610445005952,32.26468844820383,0.9973292911215129,3.331791964657971,0.7145586967613881,10.06254546329107,6
10.614338121392862,0.39780581039042817,0.3529529037095792,1.2,0.09266531138805767,18.811862071096037,34.52772514272515,0.9978337706399836,2.9895173505825703,0.6250488435830831,11.877495646379593,7
6.554474474338115,0.5401804829665066,0.0037493179275893155,2.3256267937513804,0.027527603715354294,15.782924521586093,34.291734500013945,0.996477397968096,3.185064353824251,0.7157166892461685,11.946009511844666,6
11.727784193995648,0.6078530299620909,0.5235514598494146,2.1361961616066405,0.1468256903871976,3.6089036053158505,32.130102149318056,0.9990408340552002,3.153855695788238,0.593134395342694,11.038794386330634,5
10.650933664208752,0.3700238804301414,0.32871554544392034,2.017256264599439,0.32606424352144187,22.478335181894067,112.73751342569537,0.9981451880600607,3.386105700837378,1.3130848789086023,9.54220988118785,4
5.831790402321401,0.5192705867157986,0.23847107801836434,1.4767420892995222,0.08200091258437017,14.186901802717237,70.79514010935992,0.9963379502903584,3.3285546539712567,0.627829499749109,9.273323992025343,5
7.657443230424164,0.42439927995290766,0.30224288490906576,3.737325090840452,0.05149876915006007,9.400374177405336,71.73209921816334,0.9945290090091939,3.375141845172555,0.6800620789326658,12.550743520404612,5
7.441505199542161,0.6608961848716249,0.1913635506497643,1.2,0.0712419666559134,16.816166481110276,54.62279994925946,0.9960141389757979,3.3554763797789384,0.6932803569433793,9.672442884749495,5
9.81221180249159,0.5776620758171173,0.6370690544035702,3.7442853952502544,0.11697824633464317,1.0,23.902835105886336,0.9987015573067132,3.092460365655548,0.6204357396424636,10.578801061438964,6
11.994572222760493,0.32442537619418454,0.6519124789456251,2.8193556894109877,0.08973738319782144,1.0,19.356509206541183,0.9990388808529301,3.0536635874462537,0.7262091810628306,9.882128288311545,5
7.80667682062835,0.6015880345028005,0.18924124250667113,2.5847358288101625,0.07152483998409206,10.257486530397504,25.068423074856355,0.9965333750963931,3.479726665731978,0.6964568098797624,9.610333255023713,5
6.888647068265204,0.816127003043707,0.01582116844419185,1.639958555390496,0.06139323118677834,15.284924105478716,23.143432989650396,0.994571289999439,3.4731580017477732,0.5541355546968569,11.631463813875575,6
10.301420870028382,0.3334745396804331,0.6409266510317666,1.2,0.08402406344999945,13.94993767995027,21.97756868700135,0.9960574763361565,3.089982656181471,0.5594998070627839,11.025885636716326,6
8.345857279709936,0.526048710022686,0.18321360573271075,3.9603934887761874,0.11027101794402673,23.128230263099454,66.18683911618379,0.9977222833130769,3.3119024940118194,0.698148706353046,10.10903512325796,6
6.611643292938355,0.5979468759453468,0.12389242356388228,2.278895766159348,0.09010611480635351,8.485030342836405,54.082441184227605,0.9961252145027893,3.3653873391364537,0.60638994971701,10.387210801897396,4
10.854253336248092,0.40366059057288883,0.478239612384341,1.910082220613017,0.09046849510464039,22.099673625124492,6.292412896857265,0.9983212388697469,3.195296451467371,0.7169086601693597,9.591252135988537,6
6.394695919056904,0.6087222932096664,0.5212370034221041,2.632454379277742,0.2622759524199022,17.888740106239638,54.87477587440762,0.9975526352256401,3.121234357108615,1.2644809984049956,9.494431343579445,5
7.366366654130734,0.41962837252476554,0.2525250432679228,3.631425747724111,0.07501178158953126,19.54456811750464,116.75151507744583,0.9978312410994824,3.391688871908882,0.6434659916744171,10.486855496975597,5
8.34136568856668,0.38614649014008007,0.42678472319171035,1.8940863118484208,0.1693592217159214,20.19582930094805,28.858557939608403,0.9965580609078316,3.376751845223535,0.8699411001362739,9.419688185370237,6
8.216033213839149,0.5195381686811206,0.212604320128863,1.7472984490770962,0.11040188221527386,26.846848447438585,109.07082806332427,0.9971481511329333,3.1956955614352482,0.7819963751046656,9.01105199159915,5
8.732000922248535,0.6285361873480231,0.06996215509840407,2.5712762992979212,0.09988471477704727,13.362715740466427,58.43752221469609,0.9974464287275685,3.355322768094348,0.573727328964875,9.953825749719424,5
7.169960405893226,0.7084080628554639,0.30411959029827795,2.1262666573063482,0.0708528019785649,18.536534971023155,98.98476511419575,0.9964931026512432,3.2616638648922147,0.6370035668599798,10.557517388274288,4
7.655155690648187,0.6288148930116284,0.3200009765078242,2.9566721660245943,0.08213790733311606,1.0,43.56215274200287,0.993894908197935,3.2902805576677916,0.626293293754944,11.51071506931719,6
9.053256811578912,0.5936700644256185,0.18139502153308965,2.2508672396166753,0.04836116240470562,21.417736074915332,40.09617266285572,0.9939342574442153,3.3501604789251638,0.5912140129589933,13.146484780592127,6
9.372003444393343,0.6537005956410219,0.12274462084224001,2.8158217868493884,0.07385492201073399,4.781213081227763,23.867638603471473,0.9976061203865809,3.6058751793000057,0.612232283546597,9.532360333384917,6
6.677709735503616,0.6408713536478943,0.15756136195414902,6.551605275811525,0.08874975298755962,19.894392382308563,86.4633126469628,0.9955088706881018,3.381975253292771,0.6243130323678882,11.219227093450094,6
6.663238198649787,0.48019495241436994,0.02180753531448193,2.288652617933784,0.07963420257988493,9.879930167233622,68.94296532077138,0.995000879778407,3.4344531298020784,0.5923303757100155,9.404391564323063,7
8.159839383746426,0.7759148966984565,0.1867137538952239,2.243023668117051,0.012,13.210187541314138,6.0,0.9947864991117864,3.126619706564083,0.5291309731310946,9.970420376166713,5
9.895391271066133,0.30862825458915216,0.5270224433837951,2.18426937415195,0.09368947622677502,7.897866612552195,26.741185529009922,0.9967474129139908,3.2319493278875493,0.8308742728507749,10.811289440412189,7
10.305391929046646,0.3300354361874673,0.4055060765246039,1.7080943128381338,0.19704498714809587,16.466340464641906,35.98893015614398,1.0011499052038197,3.1533232451977034,1.0169434976420402,9.51054064838701,6
8.188419650153968,0.3692130127157302,0.4533287130603424,2.1100011345177347,0.0710313969995422,15.742054657775405,65.73768925923085,0.9937370832712443,3.390045660825951,0.4437642849824872,11.081643956798214,6
10.642757265284024,0.478583140499136,0.1967895668730431,2.33501867004271,0.07530022206745032,26.07443221870376,62.22260760024463,0.9975038639890899,3.213064045193996,0.6547955936366447,9.764641010009743,6
10.764964570234362,0.38629081869044757,0.5423528652631815,2.705971469513146,0.07323275296357148,6.1155169547230965,27.128619314462377,0.9950552524599086,3.4343119603519003,0.6613241530438778,11.767637118434097,6
12.288775379962182,0.5703791295164119,0.6888337353774157,2.9175611666069723,0.10916901730416184,10.386012645002026,16.602434499290755,0.9952597280078214,3.1881957319320593,0.6491204687940713,11.805742289854573,7
7.260514825510404,0.5400020744840746,0.06905024379639778,2.537932831512532,0.016421412574038632,8.894866195218796,34.89636280049196,0.9957426441582127,3.401980514187304,0.37,10.29503490494219,5
7.993355682507092,1.0221343656217308,0.0062879125534425,1.2,0.06273494628997267,3.6120252306117244,22.444584578753034,1.0003171785355,3.522575508941366,0.550557627266112,11.190247959595473,5
7.148068480195825,0.41968391702995456,0.2386758301874842,1.491443940600239,0.06298443829855731,25.09467631698166,32.180254242322775,0.9971540367543708,3.4572779169835743,0.563273626266722,10.66068514018422,4
8.07167697768055,0.5182216088508315,0.24649163462058976,2.079982745627761,0.059758994621443254,6.069580665665452,25.388861133659947,0.9946862602085409,3.4287789113912717,0.5290574102068517,10.487378300998042,5
12.077982825160039,0.47482612767396737,0.4245462535771317,2.604614149946927,0.12975770684484841,9.576798910229668,42.95567062281577,0.9973456670367926,3.168331963772976,0.6671814157781817,8.4,6
8.746069446836337,0.7940978354619493,0.05903387486152134,2.923585999275097,0.08326035029339542,21.02978686699294,99.40531022094265,0.9976661661069844,3.2494976096161583,0.7496333539429189,9.864449835588571,5
6.900063331617633,0.5163247481305526,0.3587916184191502,2.6385609834908412,0.05499177227313196,3.0,9.821833445202564,0.9931197164402995,3.3732075121746137,0.7633702723647475,11.48112900331896,6
7.900566186424522,0.3866039363219453,0.29997383050824755,1.6649731364364189,0.07844704710750958,38.009340600755955,109.28752823935385,0.9966240326582453,3.223103303736161,0.7298216825289194,9.780437462549383,6
10.618355432487503,0.24768970148338626,0.3994760132712165,1.7612951235981749,0.04952140530877587,2.693237525258497,25.91125306447453,0.995820940513906,3.4308884923944385,0.6289109336844178,11.42012208279495,7
10.642467542312191,0.29053982895279595,0.5083941153121884,1.860817710066316,0.03308410208741444,17.862511230482234,44.42902553558566,0.9987465764736447,3.59601789317713,0.7772123619760136,9.258627103001144,6
7.457844660989485,0.5839652872907608,0.14817591961583038,1.9988757679168436,0.08819072334238263,26.48727328354215,58.22090858352808,0.9962620964832041,3.446293061007949,0.5779892213452633,9.60078212953013,7
6.7836406917758945,0.769520296362299,0.06788528292421421,1.6240348737745525,0.06535382509402723,1.0,32.15138827063446,0.9926908706416726,3.558587562030072,0.5316002637383819,13.035542142316844,8
6.544088888902255,0.582516834835747,0.04683632441463621,2.341137711427348,0.13420477892174523,26.853349809046964,62.11526325605383,0.995071747274883,3.230305271608185,0.5019811174208102,9.515699490402673,4
8.767058227412384,0.47928120503136734,0.14768594208433714,2.1479629807142944,0.07981864809872072,6.566637027731501,56.04771015846021,0.9957951973019249,3.092362251836046,0.85738740565347,9.09803359850919,4
6.594051080819047,0.488281826490289,0.041855292096588906,1.2,0.1825122473010763,24.469343727158524,48.581950869390596,0.9950232692800637,3.0768016354143555,0.37,9.523864232725925,4
9.281777122695466,0.28120662636531807,0.41129429043622207,1.6362368342346651,0.06519404332777491,24.88930396278957,54.991002585278004,0.9959429160535247,3.2286263876819574,0.719762292919709,11.51942937808842,7
6.53159319121527,0.5857509308842601,0.11570223107489597,2.3039034653970125,0.056253294541781754,11.725239567447835,13.832716148824783,0.9953875406474376,3.461827307067163,0.601631644959928,9.794909873856438,5
9.084662044615818,0.1726201272123215,0.24935637980074263,2.2006362322743946,0.07374776387259976,6.617061453754935,17.049185399318446,0.9948884686998075,3.3005313361260837,0.7347123053408511,10.628882016079295,6
6.853775177434129,0.41399813482057907,0.30118024002179944,2.5461768680441437,0.05939197821280066,11.092554470807036,42.299689343054354,0.9928129657924879,3.312745041242458,0.5327034847602711,11.914453465018374,6
7.899865339260308,0.4949411069313966,0.10914447630307007,2.4679768383230773,0.07353116351553325,28.87713583617758,69.05211871770267,0.9978045653673261,3.338634642068314,0.72722014628266,10.652767852397075,6
6.546983392756166,0.6744816200789155,0.11292534303996965,1.8228012842192698,0.0691197312283306,19.38330866341229,54.015395965727215,0.9936157295489219,3.343316151045137,0.803765299872928,11.87710224456372,6
11.422538880189757,0.3628711853684435,0.6493918597974816,2.777636259834577,0.09802299008027175,10.07829528862745,61.822108812509256,0.999270609135923,3.193194721718667,0.5759978556205123,10.9968150012024,5
6.684889565448801,0.5526771125171525,0.0,1.2,0.09553216692188354,7.079446761357476,20.442822047372086,0.9965938510429966,3.3438041856751672,0.544580340069709,10.34823857163917,5
7.991003130202189,0.6380392010019994,0.4619122881716131,2.46446687741475,0.0601693195584381,29.34305261984482,41.58571394483918,0.9931314903004737,3.4104335208462215,0.7007265709563774,13.440501631822922,6
8.253941832904118,0.3347356017561999,0.5158706934043911,2.8038310556341717,0.10947778596158558,25.723386212929157,42.61437666849401,0.9944295186493479,3.3607082767565135,0.566186794162603,11.425188971501116,5
6.71588116976883,0.6171721727302868,0.15581974944054935,2.506788319864989,0.08862642680454144,11.941268194921536,26.824730200920573,0.9966212074017304,3.5203674326579937,0.5017525287145601,9.070748185555113,5
8.200563264613349,0.6146901567542498,0.3587727431862935,1.5393233826679193,0.07201808904130247,1.0,51.96448914244364,0.998173346759585,3.3922326702056487,0.8270375035850069,12.053780080191258,6
7.5656570621033055,0.7405403474912048,0.04153344795506285,1.5247356235661649,0.036941522233215306,11.997123544976438,8.043426051796736,0.9962477060732805,3.406976956262096,0.6020034226744359,9.51808227989226,5
10.486655406701841,0.2565039539108625,0.42386260626468625,2.4760188163377004,0.06946687360399015,17.964440178767923,20.239958845544486,0.997148335470502,3.224120413587739,0.8438035919057457,11.864902368936296,6
8.722149459920121,0.5767467292488054,0.30349160075166365,2.610725982513743,0.0910289960086425,33.20921138835124,6.0,0.9976606675183247,3.2495145714260163,0.5323036926662272,9.65109193842794,4
7.799080318729094,0.6440691916646122,0.023705982367374354,2.3728370949917355,0.07747891469995281,12.620594374934825,34.792329534628685,0.9957521870255579,3.5485683608519265,0.603890995917501,10.94031804992906,7
8.487705023101691,0.6578609084772848,0.46729157340194805,5.449809166201156,0.11150594112794085,37.58167334428628,86.730367754414,0.9990356099207436,3.2204821065436224,0.7284587398054626,8.934761347239002,5
7.338830844917618,0.47658851923415835,0.1935419871776572,1.7592434526040692,0.13033718546085082,16.484970961083427,46.415378728605184,0.9974510162061468,3.2844133454890145,1.3254340971864795,9.096842321655934,5
8.94027459283172,0.6279720825531173,0.3120084643301739,2.482817195415586,0.08510635100436069,26.26584714519402,121.07392532820244,0.9977296579469348,3.2100052542759467,0.5118568511451997,9.081849177188811,5
7.7113478318097775,0.5230072202839938,0.11799730570364535,2.3567921418104962,0.055108365292212046,8.99126902487975,18.359572253630702,0.9964307252530344,3.335393153619387,0.5458873258841647,10.459605352880915,5
7.795537231542972,0.5772428026673616,0.03613102548768733,1.9554168813132509,0.07797791036868738,23.82107803960399,35.804315211602066,0.9952974157492818,3.4037111049851774,0.5306662865243514,11.449491609687845,6
14.067942077353775,0.6614116799698734,0.7627435169795479,1.2,0.4419156433302346,18.408195619017285,46.291492498257035,1.0008802488627468,3.1110504307520683,0.8265937900822375,13.666199372446851,7
9.337021474138105,0.6356968200701146,0.28681897974216575,2.1458046493219234,0.0898071149777022,27.598542786976964,112.05793590394875,0.9976618981963314,3.2425656438006527,0.7397616844356999,9.173432820600446,5
9.445302304896652,0.2425148074701889,0.5914327635895663,2.65039338546298,0.07661005596962317,7.503826041463818,10.465164142438788,0.9996053641220435,3.2244423298460005,0.8003795483016464,11.613672900196985,6
6.9275258951134635,0.5697442279429641,0.25380457967743303,6.394089728556544,0.0565037858028096,27.812800238033475,82.21487155991034,0.9958341478462845,3.4033775942488322,0.715342584280492,10.439483738893147,6
9.87887282577331,0.24342009151289676,0.47901350719527347,1.6301940520840004,0.053597289566618564,22.816152775016327,40.272904987240324,1.0006165125323854,2.86,0.5493314099948372,9.39539199203302,6
4.6,0.3226641641375818,0.14326858037996035,2.0356177985185755,0.054227471935497824,8.901951997181685,46.98678269342348,0.9957359169060289,3.0894211439859722,0.7254702941997425,8.605201181335634,6
9.287624146104484,0.37661903851869377,0.08969482784945604,2.414898083519632,0.15888961013147632,21.011029445610404,71.24302407261705,0.9986837392625225,3.066872516928777,0.8356165075347356,10.648414702541878,5
7.927277488834003,0.705382642795443,0.2104558767169559,2.14160696953619,0.07838883918078096,20.790596311967523,68.40625414306311,0.9973692684158477,3.3609275304452115,0.6548131571277026,10.066489516300846,5
7.686953386659662,0.5479137971800463,0.29551948434329567,2.0104656753895918,0.08594207684571457,20.48960695328958,39.6984724790139,0.9972853064322856,3.3273349041030134,0.5035278192036691,10.119635661542105,5
11.185473152294355,0.3379187779893841,0.42391009917628986,1.9255955449433955,0.05189279811248779,9.58159747175325,23.211930280125713,0.9973321382113058,3.438115574175752,0.618810655269573,10.915763615914154,6
8.108094013873432,0.36243761566678656,0.4128700487345501,2.4103054414198697,0.0674103010492003,7.592327440919755,18.699787199359474,0.9949563814530578,3.3639369155757564,0.7550825219743356,10.768260838111964,6
6.554695979365808,0.6851462210959689,0.04169065598456394,2.5804991382277245,0.05781260655137761,18.51216251308656,20.98943297649426,0.9953590432319762,3.3027747981880573,0.6451117273900551,10.68139342068103,5
7.5709346052332105,0.6333830026140083,0.35955780896977063,3.770878180938274,0.027365370666273175,46.381979991968386,117.8792397121544,0.9991618359304633,3.2922407621153975,0.9880471130231314,9.592482368630955,5
8.02362872561122,1.3737709467066512,0.010565341105206474,1.9497502508350442,0.11351294728479791,4.7469558487853805,13.560261461899163,0.9966116960021191,3.3843143569823684,0.4674738873985354,10.192402370375591,4
7.543614643225185,0.690009601154754,0.1940851249862366,2.489915998767121,0.06696195557279971,20.819572159736513,26.479944862161542,0.9971697865690003,3.3751841956098936,0.6463451794286731,9.844596038500883,5
9.548517120075791,0.31502359484874276,0.5055956330873191,5.699435613060158,0.07833896926102141,5.737193663827747,11.424061328787602,0.9999922141941006,3.3285294107889802,0.8175069710231603,12.271692480246422,6
11.704296715536291,0.33130642937696475,0.4636509932056875,2.3738923309896838,0.06605526648508232,13.109337288744541,15.35014848177071,0.9972496502757836,3.1667715704871844,0.9695773773400272,9.976972467737506,7
4.6,0.8511941865605264,0.0,1.767918404439976,0.040039657055669496,16.602290850938054,85.4602039912532,0.9922490599143777,3.7464428816075297,0.7209062552676622,12.382427223831998,5
7.384793840284493,0.2833032225966806,0.43901322611311117,2.68319876614855,0.08198996461452439,33.113271950707826,34.284333374209105,0.9978515896968865,3.3831424058092265,1.0164493628750992,10.428249117956627,6
8.178313711915097,0.7306667535233826,0.5178789847478271,2.6911639374497094,0.08050281614952225,29.91310158900974,97.40566262481876,0.9974986542950266,3.247915364838341,0.6310360586541911,10.166526738425292,6
7.259836210666741,0.6523938648013401,0.0,2.0868888340101996,0.06313285877220233,22.475776684821973,48.70279735983483,0.9943729595849754,3.2919081133947734,0.6763083535085832,10.676245332659224,7
8.157664658015443,0.12177949392061535,0.46932783070637024,1.539101137089793,0.06060240653793304,15.942485294271641,29.070996788833224,0.994612363725546,3.3887872271028745,0.8282906065708555,14.78932092823678,6
6.918497121003652,0.3216770820447764,0.21287875302185363,2.396929232726966,0.06408106443191311,4.567404610320391,30.350341661425226,0.9954959904951881,3.3229820409453907,0.793254663061014,12.257277904078467,7
11.453941318811076,0.3082926778814518,0.3965682164568157,3.2639305441176063,0.08045629764589896,5.224072573528911,10.935744948951276,0.9961117113603503,3.196986196368633,0.9131350479302984,12.781289489204939,8
6.504892866896539,0.36402868777395186,0.5669662181799611,4.1170634415953735,0.10225829776374151,14.218197880193555,35.76761514738095,0.998223936925486,3.1286949784611817,0.4074137021203258,9.939642186980787,6
8.377734711580828,0.6820297013742209,0.48157804767234214,3.4646789557674227,0.06315587119006863,12.477616169736343,18.870109997604924,1.0007110863057076,3.1495903552702456,0.5647127253080229,9.461325476916155,5
9.349605414454633,0.43479690739356913,0.3116126763686041,2.5187205038784657,0.08453706587972853,7.903716887888204,17.14041781028965,0.9974680037636009,3.1548299949107457,0.5223855097142839,10.665577615960128,5
6.9143427521912715,0.3116030804699468,0.20379510138178908,2.469259108489323,0.06855497423463615,14.498672808763912,57.52342125307679,0.9952159491274265,3.3764213827912206,0.5835069127879858,10.377516483856294,6
5.314078860130093,0.3061198794623121,0.5793992013524206,1.7661835899935627,0.1340080711130602,10.875635424785969,15.910651869749636,0.9967722792714444,3.2402330082034103,0.5773877955843978,9.228004024940207,5
7.853849612791321,0.5086585662417472,0.1405958510322364,1.9366227609012283,0.08695544354631028,7.290759364472784,18.887639283880347,0.9938247779843098,3.350689360361773,0.6646339974950743,11.16379722811633,6
10.203564536533388,0.2845222368456002,0.6745076722299965,2.277079254863768,0.1725685840307788,2.777720296295197,66.33908606716635,0.9996184729658332,3.213338576570315,0.7672197334450712,10.625915263483705,6
11.185155769543465,0.2767902711903931,0.3240168501469459,2.351497240812708,0.08427323874258469,11.867134271799568,15.892287423745655,1.0001679707749858,3.0971441671596156,0.7520690179420552,8.544014899804646,6
8.717704008152184,0.48015002810957735,0.2676739693887069,1.2093526076466115,0.08365601395987789,29.384605976213148,48.87981867942695,0.997440905476068,3.1865254862100194,0.50698816714543,9.659800026764035,6
10.7612677629861,0.2685649154941556,0.497565490724693,1.2,0.06985035197659677,23.703667210807556,48.46586985511208,0.9967059779409946,3.0421013351868424,0.7162885256137588,12.21152219357368,5
6.012718265991607,0.516617682490836,0.07733358867480983,2.0141870826541197,0.0911140703427888,11.14742085607999,33.88470566564006,0.9945157285787726,3.441349862117872,0.6124497327475485,9.58680925622134,7
9.31357434469991,0.7685184327681055,0.12088006404581234,1.952359826949451,0.06726844791392025,32.30660486087539,148.4714748670337,0.9958118061386105,3.19672850941768,1.1200817029352972,9.67745016269451,5
8.100934251780933,0.5543734256523042,0.5168784679802669,1.6261297067881655,0.17857408099752328,22.053861569878293,73.48139906582637,0.9971560281095088,3.3964544295345513,1.0769785767209488,9.608833146895872,5
11.147326576600507,0.4244358578459049,0.7212426595457573,2.0058176499270495,0.1062614959396109,16.083031685947176,24.43106821816366,1.00054691277862,3.0033669931731666,0.80153997851889,9.992044976195704,7
8.474706344590277,0.6065271808853233,0.0,4.054614366254431,0.07728819604799785,15.093150517557298,35.52879470282502,0.9990831221986491,3.318163685797916,0.6295683140942822,9.309293909237851,5
7.970779527972365,0.6417931862016047,0.1467887369786447,1.977427408534664,0.07951141362723861,22.218972687204047,68.30315949885475,0.9979322761065519,3.4969036578058343,0.7024081210770078,9.610169955633436,6
9.045975810898314,0.24806655882566958,0.6987720747040038,1.9908293795621343,0.2813140415720409,14.014081911397597,79.89233592749804,0.9970439274164217,3.085773936342612,0.6977207498580935,9.419082878109526,5
7.842653415118642,0.5336406067211557,0.084995587835973,2.3375175624156133,0.0818861633945967,15.30036143836002,29.588028952368283,0.9967776417385411,3.2227565818675146,0.60156998540744,11.116838258574806,6
5.919330697706091,0.8620062340820215,0.05044407998707112,4.936391040763451,0.080079002794894,5.933319103526609,6.0,0.9963321954201593,3.4512933517489817,0.5494295419953382,11.619122811866083,5
7.996449266255697,0.6812272646014477,0.29465042639858074,2.6603402816481947,0.07533823594824168,43.61628773968775,95.42619665251515,0.9981158962759789,3.1062751252160496,0.5298449383777492,9.635881128356091,6
7.052779961509092,0.596857798704636,0.08046282269401411,1.7462052461780382,0.07011060833626594,25.43704635914188,37.48308709623516,0.9951927520439553,3.5099836702750595,0.6891478882684305,9.871140070542141,7
7.399135838627349,0.7143560592857553,0.5987060525532272,4.351317573095684,0.09177133552315626,17.394882500006247,30.878944846974505,0.9937128516094499,3.4617385033585166,0.5017841329806298,12.230683661911845,5
6.890963731675656,0.8096658702758246,0.08223424303462995,2.2575556780138353,0.08230348362662264,12.647005483725717,38.07258765250191,0.9989605776873919,3.1428163715383275,0.5745883189460393,10.878152017469203,4
7.977411291284675,0.34059194420839256,0.1609394183876564,1.8857508323876426,0.08755292116932181,5.538354607320869,20.913235413200578,0.9973677574937168,3.2428056037533883,0.8665874562574901,9.65145232111398,5
13.046062791603761,0.4598728603151369,0.6414059311827071,2.208882217254449,0.0804642511627767,18.91557380762802,54.623544823863966,1.0009337351269865,3.0679526365947996,0.5879556754208176,9.908098143669806,6
6.636146455484081,0.2967282259688284,0.4362834857061838,2.115524635540469,0.10951912760905544,12.647744066717557,33.00962728976635,0.9965702629444043,3.3473595168101715,0.7652134370964536,9.962294573640017,7
6.29192999446588,0.3133596348090796,0.20328628390013065,2.3458700732391415,0.07018472332885377,20.313789187675575,44.84446877981163,0.996705816650147,3.384968726626454,0.7055218591188853,11.968564117364156,6
10.206767958743566,0.4438904852485631,0.5278493217173361,4.397598644930737,0.13984896058078417,3.4947708527159547,14.887748953612018,0.9981530693036001,3.055410963613808,0.6222754171488623,11.091904053382674,7
7.182992198099487,0.6035646130649632,0.153387008246209,1.9963671608351543,0.05712031049940915,30.558444524516805,39.5907718331711,0.996726107909008,3.5522885773504473,0.6466115300019928,12.900068869315271,6
6.871555078272528,0.32973670314618697,0.28232028346150706,1.8856703235024492,0.0819429487193417,5.984632772175392,6.267962464452413,0.9934672986386192,3.762737594925437,0.509259000150458,12.500570413969335,6
7.760381604640747,0.5543835401899723,0.2766046241169249,2.416215773621541,0.07858937485036659,17.711176086137296,55.2320949682788,0.9964633239957473,3.3037038416377693,0.4686278778897619,9.673305555679804,5
7.213134987992726,0.3986676291136023,0.2651927375660711,4.123584040887666,0.0653513188144371,20.663509312138533,43.00230892786168,0.9995632633583604,3.318880159600371,0.7218296445204196,11.445327912169128,8
8.29995611050132,0.7255004656579513,0.36780582814028073,2.695812627980343,0.0541459592602564,16.084775590173642,77.50810840313413,0.9973931238840769,3.4264898755430155,0.41782846626907744,10.312082049916498,6
8.455399362191375,0.392735142576274,0.16049256301647183,1.3445777397873764,0.054430789010178074,38.42331088842355,69.50254522958419,0.9972433896772052,3.336062216855701,0.8273943399875479,11.286966992928745,7
9.950499234642141,0.6323250587589255,0.7018558980947948,9.216897741455602,0.0744738705937153,24.770471199996113,114.11425738652932,0.998192991827067,3.078231664966741,0.6647457810793592,13.446050266995256,4
7.710068522049239,0.2866741314984806,0.16263172105178447,2.0789871661984827,0.09674648016912457,40.33632490275534,71.67183502951897,1.0001417401335166,3.225054795410003,0.7830458477004858,9.153563096387327,6
10.144934427303966,0.7345819158765708,0.4203104478430637,2.7016987214146946,0.06884146589410123,17.567662400743636,57.65980456723023,0.9997714027300951,3.2193433989255236,0.8461210700312828,10.112026904810431,6
8.127472980041041,0.8321505570279312,0.11873544979709026,2.078732155123612,0.09117425450231559,2.355392440122733,37.87622149450011,0.9961513318807013,3.155012003619948,0.5986018795269971,9.807220242224206,6
8.360756737964445,0.5516622575392719,0.13144270201599306,2.5842081813498705,0.08710425759089717,21.467594012324863,85.24418008883521,0.9975406108877358,3.142146896342539,0.5668219471555587,9.205204925945765,6
7.246879781357326,0.3365094115788855,0.2211819040058513,1.5864703771639512,0.211526111899764,17.958976409055246,6.0,0.9953836249697939,3.170297116318437,0.7787010378168902,11.72232971918475,7
7.232746025084483,0.5544751504523961,0.0,2.592107725783329,0.09105149840073257,24.37089732910332,70.65659999644394,0.9950516950781935,3.2233088049720373,0.4677716079143163,9.046992600625575,5
9.155484573147815,0.5269720165875482,0.09914002738957936,2.74042975292937,0.14591090309552163,6.829724411029771,17.300409987923835,0.9938409315220369,3.2972506168071654,0.7486427162459381,10.807578983784603,5
6.101391303965594,0.4148206689822476,0.40872757192396447,1.8224719459642336,0.0642857592135529,3.1924621787772898,11.938917733293636,0.9952559621303576,3.3567712478814435,0.6458518552925897,9.831438697502591,4
9.172234216791486,0.6221065016600831,0.135623583064074,2.719607859345228,0.0849817068579634,16.88286202128142,72.24633529397056,0.9994374133399204,3.4863862474183516,0.896274608299394,9.644522429554685,6
7.252956162579993,0.5534369627555882,0.0811557967089034,2.2900115746682914,0.07109128413983279,4.301518972679617,39.11434860638654,0.9951116046552029,3.205535793219377,0.46882420998457724,9.709240512681841,5
10.23180120629365,0.39654809196055446,0.3627437768926763,2.480528205544213,0.09134208473264877,10.600930508379559,42.697312925756066,0.9969433100289767,3.098526000077318,0.6261818033716915,9.162776752317809,7
9.168913267834485,0.6197296796671138,0.06655857569770027,1.9689368614350524,0.08066706849007378,32.3630497245596,60.09325492600733,0.997402893814691,3.2040910713449806,0.38923730639258663,9.864463617979174,6
5.147392196226512,0.5294280471607326,0.017971433203533074,2.2412863275341235,0.054648484087089264,23.000423150864933,19.2252525414576,0.991254626798689,3.659821131011028,0.7404216993019865,11.942990856909981,6
9.271418927007957,0.8260976222361596,0.19669336213159863,3.994573558674184,0.0916030650750706,12.121836515806422,68.39642667271016,0.9999332755273375,3.362570215198293,0.5154586784070406,11.454094791259038,5
6.57846900791688,0.5293953862838473,0.28769848945281534,1.752849453066701,0.04972166308505791,4.747765948550368,11.34157136208466,0.9958141238875131,3.1764811566045417,1.219722286859834,9.876007970513403,5
7.518090057060963,0.2916863453639831,0.7330428127846171,6.752941199789084,0.06972774339725689,10.293709726705982,63.892499432760246,0.9971591232670015,3.423427380198864,0.5545497416264946,10.81712255955444,6
9.401802210991457,0.43182894037168973,0.2986270284970989,1.9727422174208884,0.07689574748948647,9.479961994048159,30.623553915794485,0.9976528954747466,3.292459344972233,0.7592715660318237,10.975866607003928,6
9.610736096492476,0.12173070395428603,0.5453867432336497,2.287348429465229,0.09057701348795232,11.832182981815658,29.459258605341958,0.9973426040864564,3.1755347330255836,0.6384282526793612,10.805533451109948,6
8.873047071748971,0.47413991532102634,0.27651176875597505,2.6542493233383495,0.09773685177009618,6.872679457787463,6.0,0.9960662330115284,3.2846998879645195,0.7461447484023324,10.435022312727673,6
8.306800063984104,0.5229530442000698,0.344456228332498,1.675604002624122,0.07589543684522812,7.521880861022556,41.258256629716584,0.9951021540881018,3.265253140088766,0.668950845198246,12.76264559975738,5
9.713224505784035,0.3114556974979537,0.4688823980963259,1.5291485679555628,0.13103292093871172,22.285442883685523,46.135531220375164,0.9980209883988619,3.047981093146483,0.7943093254034831,10.011482853819675,6
10.092125445437604,0.29575224881908174,0.24403293825547778,1.7683985675932532,0.09277111128983781,1.0,31.91251291203355,0.9967317422958926,3.2850005835100085,0.7100666683867535,10.104033786486646,6
7.417112615153043,0.8963251481161476,0.11271235237706347,1.6018275839373812,0.06592470475543095,16.455107455200455,42.247674621119074,0.9957061327013547,3.3925431528032943,0.596898035948757,10.772772008037455,5
11.78548115596126,0.31834647725380805,0.5286695304730057,2.4739743572533377,0.09299564593509446,2.178742174085796,44.02529906719017,0.9967003103041632,3.2461740318816625,0.7650262762855153,8.95108257771657,5
11.13097253167331,0.41628063527129355,0.79,3.348622805236089,0.08130431281959015,11.598849484603397,66.78906492265887,0.9976297993984972,3.094137395157904,0.680606461520219,13.232111690006903,4
10.814630302950995,0.6518032680897543,0.004918248732014435,2.7942394290633756,0.1931381294293727,28.13275720889275,102.50196321304763,0.9963715166935874,3.137353227687369,0.7575284433363848,8.4,5
12.192171013362838,0.661572750286457,0.7204752943280777,6.706468117216146,0.08238932981994015,8.130825294181282,11.782276039513532,0.9999334371623647,3.1452141354457193,0.7798808618817823,12.487490646032581,6
7.033921318081247,0.7328161289059947,0.09212913011977253,1.5406452819386374,0.07910720166444012,7.807039677522567,20.77205429782372,0.9954140840829455,3.1595573970584145,0.5699915536646565,9.643323646041607,5
7.421105697412777,0.4718185357741656,0.14212528222641949,1.2,0.06068017054679353,34.477177672815415,106.16731522061573,0.9970071392303682,3.5224053921687157,0.5111736317972061,10.047907911082511,5
8.194719470754611,0.2854552942848824,0.4005004895986686,2.461106516806906,0.09226911308852237,29.360912715039813,38.14481614197221,0.9931118448559021,3.2206063882222247,0.6548218279070633,12.572666224897935,6
8.062766660300316,0.600586391416556,0.07523541258645515,2.16442278292653,0.07999578985295024,11.167531106862752,22.90654026833162,0.9972767848679289,3.3911880995768797,0.8163496368136326,10.015145869729206,6
7.071012368541476,0.37337838141185453,0.18146214805364924,1.863614208353985,0.07935727705416976,33.433583583524964,35.055731538353335,0.996228389330891,3.4027715055662093,0.6326514327415146,9.45669636178692,5
7.862822947332742,0.501722127504983,0.19089962057147317,4.995966860370445,0.12132026753944627,17.135720603072013,133.88340344915838,0.9982901518255951,3.204884595674063,0.7323448215175743,9.333700402773015,5
11.070645440088079,0.7848717495962161,0.1548027930564955,2.6189423928364852,0.10333626930686256,20.313493627066038,6.0,0.9945947212231797,3.360392400558624,0.6157174747698511,11.485395510757883,6
9.356188000586174,0.2925162020982552,0.719925972402438,3.1603692985956062,0.0934433771830506,9.87648168705104,25.108551774033337,0.9986240259019586,3.4183358369331613,0.7451078402304856,10.376403797636803,8
9.840222475367996,0.23945971331879948,0.7559772692275067,1.9003161798584631,0.27069124604188277,37.002314054345135,61.33432188724481,0.9974105925292479,3.349323524713185,0.826158759340905,10.057588055164285,7
8.261034710950211,0.5106157889298258,0.24206272672514106,1.8514883924014387,0.08641122821691018,22.770029075856772,105.3448433130147,0.996529858152344,3.2734661797360727,0.5355795526818569,9.839751310830781,5
7.111577335736801,0.8711706839400941,0.20607406633514957,1.9537778468887264,0.09257038975004507,4.784715998415747,10.775595643945538,0.9992989178931928,3.5959813749206107,0.43689853426969294,11.863214590795526,6
6.78722491542265,0.5226369928674782,0.21438036829388668,2.2718216207781508,0.07541081548271064,39.40093988033697,68.06615514758666,0.9946481084440395,3.3687539679230296,0.6363772197009452,8.607609393714386,5
6.033041379243441,0.3271759763833835,0.0,4.552239702973684,0.05492327767062364,29.884098675063754,56.61845166344851,0.992446466403548,3.2718713928585834,0.4979202426546569,13.315837586490101,6
7.905228354913021,0.2898128048648924,0.4037922677566198,5.175242357329169,0.05409064926873285,19.682355049931736,24.765063901692777,0.9953826934731307,3.312745195871706,0.6359342195363223,12.736730600691637,6
9.413112974351876,0.6505355581152008,0.5978604270541243,2.032142767156207,0.0860955158879547,11.754199290645847,36.43303012984073,0.9975578910252272,3.3673830797317663,0.6307140345198424,10.804480327349253,6
6.645579328310378,0.817904376313713,0.08813241575544706,1.6456789805407341,0.14526970973672268,3.2816335136791803,18.752760445684736,0.9956086179237251,3.398909209068579,0.7550127713219833,10.324226515710812,6
9.58730371424514,0.3687702379480883,0.5043009548635158,2.187924457723898,0.14035725112357894,17.993577097120315,70.13475141327,0.9996307342669212,3.2913230691280675,1.2423015451378265,9.24204065755166,6
9.620777789115495,0.3803071825346795,0.3879481707304932,2.007106812172732,0.07621114603117862,8.780506232714908,21.718086846827667,0.9943991871015943,3.1433663138787815,0.5926108312958482,11.051678212305308,7
5.5096121546153185,0.8755976398085787,0.010565763929521167,1.7477647829896434,0.06873575888279118,30.999461349497842,10.944721159348582,0.9914990826117643,3.502569810565895,0.5759822115147262,10.332549786008208,5
6.476663254825388,0.4275357685540928,0.31407837766810914,1.7111884275593976,0.0794465682191641,33.81561601466537,19.889079005661053,0.9972983072065766,3.470978218865814,0.5969631862708596,10.729791385917268,5
8.26735328044522,0.8111975358966698,0.0,1.4418273275087612,0.11876214366004578,7.115458794338999,79.4837992349778,0.9960863878233271,3.4083276379174254,0.7417273125242576,9.435614799784856,5
8.415341162563934,0.2684765603471292,0.1227544101834884,1.2946591753886216,0.10195606364090969,14.99439550260948,79.16557548230124,0.9970504147799365,3.226105944694983,1.0726973216121234,9.137498665196613,5
7.1551433024750395,0.6037387420488091,0.21848816552550274,2.6975500193867643,0.11101260748679745,34.55687204576367,83.45197801211742,0.9969491177150833,3.412689566993906,0.5832454750412519,9.242546231614536,5
7.711183373428099,0.7774477453756791,0.0,1.9275930105148333,0.09405827923019333,8.942871228761195,37.84118546046504,0.997744927310874,3.2848875943598146,0.5745498152582982,8.51546606982682,6
11.482790807040475,0.2379839782432628,0.5549429386995121,1.2,0.10791130136538918,15.081351008930493,6.0,0.9983182587536933,3.3155744470376853,0.6874170480120831,11.680817167580454,7
10.064707837674272,0.5712375206996683,0.20508753411416425,2.6953609788176163,0.10540666657531599,17.864897562961865,27.965364487356304,0.9944996883144684,3.4209715725418888,0.578384743486904,10.661048950005622,6
7.464429169519581,0.252341971743298,0.31422939318982557,2.442843391638746,0.09484467641490182,7.3621405041004495,15.815243440861217,0.9959833722128248,3.376234002969721,0.6627589184610472,11.553600940405651,6
7.020292880593088,0.38126730016747756,0.01496935855157116,2.070115642781136,0.06637639773306236,18.569254084807977,11.092313627946726,0.9953522003821352,3.4620889354473703,0.5565961013373893,11.706466115286098,5
8.66374288855231,0.6565034062936753,0.24154107706429595,1.381489294901483,0.07567455130728402,15.306646283380086,8.666908354951907,0.9965460107926682,3.210411253908881,0.5385839352124201,9.368000661700561,4
7.428413435449195,0.13777109678925992,0.5753533449688835,1.841213861917176,0.1214672317515251,32.4493364582577,110.54925247272458,0.9963518750950079,3.329794400989193,0.6016592110045916,10.327882241101717,6
8.091387498676287,0.3458182661880182,0.4185622570557831,2.7614041613048874,0.06817896957597477,24.42517519143609,50.316210213615165,0.9952930447438152,3.361335435630184,0.8003671895069147,11.337689251622441,7
8.425332632883393,0.5560992772186232,0.20448996833936717,3.1233227938037,0.08654320619643974,27.867905427892254,95.71234199029402,0.9963717087212232,3.0284277904512984,0.4975811798759505,9.095263829187987,5
8.0446679759366,0.6166585980829907,0.33583839679057725,2.971761003087099,0.07460284968498591,7.72632548202007,58.66626272724553,0.9962745332620554,3.3451407688922656,0.613779541804952,10.531887274923136,5
9.684004668836527,0.5288229185460974,0.06817864834759091,4.482956827757526,0.11696386561526201,13.480217921953347,6.0,1.0016677105230005,3.1819144045033187,0.5753372771486542,11.841370708544247,7
8.718317967158592,0.6932278219085022,0.020514265754845773,1.2,0.10928122091967601,20.994945855223897,60.826444420181986,1.000302970602277,3.280279069086971,0.6535689390776074,10.292027991246496,6
6.632764496466623,0.46471849316132263,0.09674242499939194,2.5309669734159077,0.07080307455778598,17.08038999314533,53.869036856590824,0.9951842217638737,3.6024224139051357,0.5511913283990516,11.850021720789222,6
9.398890758172461,0.4559441681851708,0.41860117421101767,3.2259602987797726,0.10471688833190472,17.235709163973304,79.24493185367508,0.9967990487139239,3.17172566808063,0.903780044318955,11.580009346759724,7
7.027996412078623,0.42323318774461144,0.3498940936262498,3.382249648593629,0.07036979390670971,31.709267383075073,44.8138538888481,0.994213273904025,3.447779642215176,0.615508695984062,11.435345019646595,6
7.89149962523207,0.6932444563923236,0.6867408937903949,1.8526774952334366,0.3357044401963776,19.79958206996468,110.3884606370649,0.9972853693013699,2.9651927091318244,0.49210863388528575,9.407700572809176,5
8.657374678746908,0.25474039451190217,0.4586625152298319,2.073722868395471,0.0499757201049734,15.146818989196447,36.78851544639725,0.9937054572937218,3.3471907100225615,0.6240419383434483,11.041131220390069,7
6.918117741078415,0.5363600184968604,0.1826087617904429,3.046008747801476,0.08328544230881761,23.98485597865507,65.04701175125712,0.9957783548521237,3.282892082345177,0.552022108942508,9.866413550893018,5
11.684885465337782,0.40945999740898115,0.5898247412623752,1.373296944546909,0.07470818705395918,4.40684725850688,17.20335280720783,1.0000184648194692,3.043824037911297,0.7922297876619067,8.4,5
6.535483371400186,0.9635803323137457,0.1558340045975198,1.5329284446988671,0.06767213077001366,32.24764562127607,56.43433793490701,0.9943003541125186,3.1655093551471976,0.7459873404199285,11.299314322213377,6
10.085874914610681,0.2860239402221164,0.27096035339672436,2.302044170142302,0.06022603678316456,22.26076303170155,29.464785670600506,0.9954627227672342,3.4041442374780932,0.5690498623403454,12.438424902678447,7
7.863961734902819,0.6794082918199364,0.17443883843769775,1.894082023539493,0.07660242218883141,21.725820371235187,113.77095459645085,0.9962277255995169,3.148052625433358,0.54165900366188,9.955883801995396,5
9.316581666521474,0.7797877428119435,0.4374394535800826,4.258275686055351,0.07463179700622784,22.057396876881917,90.33282130043087,0.9984168906256771,3.3349723622520453,0.46686732598057235,9.584564499604573,6
10.890442162675518,0.3881661143676838,0.7118623832346456,2.8273900426861345,0.18436426321332156,7.462449693327043,24.003206149609227,0.9974474792138843,3.440424212381574,1.0232318427215574,10.332516615755155,5
9.143754554655297,0.415534790119246,0.6198373315305359,2.399795868360202,0.2616208786664661,34.85094636917347,37.444687602265745,0.996976255401789,3.014276070326892,0.9178096540046108,9.762667773438077,6
11.023483014315628,0.39046413526505014,0.32965680292930466,1.2,0.06462447665408563,19.192608044951648,65.82420048607676,0.9957182949012665,3.311852476928289,0.9077835548988188,10.22971021611245,7
8.70540341833454,0.5978569050151473,0.33404820207401686,4.488482958060367,0.09190773238729506,13.344019206944418,67.48619413235228,0.9972461595214321,3.2805033436429367,0.7960273634334164,10.043315449803368,5
8.645345718029944,0.5127089547229629,0.10039353321383418,3.274326096893939,0.06910696130743864,19.249039904750642,48.02025446108146,0.9970247809811489,3.0993322982644966,0.5683238876872533,9.6389994179678,6
6.781089281568192,0.4499254957762036,0.09219574047617707,3.199509265557781,0.055892893745578966,2.058066751104203,35.85821169466889,0.9953128096261171,3.3376119823222976,0.5871024869904222,11.00756479813985,8
8.646364158240035,0.46294645451178285,0.2146612915051044,3.6611824213618522,0.1817086517769342,23.796280598372505,41.90253296993283,0.997499481090522,3.1882512588276835,0.9464971366080555,9.78226470754486,5
7.902111831676898,0.704956553909782,0.14173230174352786,2.3333393243983807,0.050877852703033494,5.566740658074403,18.93528415097977,0.9967138490219949,3.380332831908995,0.5593000716470775,11.441100706564514,5
7.448792151798785,0.6020447099273711,0.16939382636465347,1.4695160016848954,0.12302637328546828,21.24545893713166,47.550030780857,0.9957902924929253,3.58097434116861,0.5492892044290165,11.605112447000176,5
7.308470585945301,0.5521002218261963,0.024384930462406612,1.9076173572734536,0.09477260837842348,15.958809638580888,134.69339827092344,0.9966930852571358,3.104139792661156,0.5657522891175234,9.244265149393913,5
7.049659354843779,0.1473780291249576,0.3406886892596722,2.212301781045806,0.0519275908290051,19.000434071766065,12.624161312367836,0.9954683511690203,3.317942090726409,0.7761844540726424,12.697657373935877,6
6.647347603639565,0.4266469015097024,0.011136224305468456,3.1551824902946164,0.0686596488113441,24.05640448319297,95.06620039303849,0.9919417926839482,3.46397888175968,0.5177394171342209,12.686964198952804,6
9.461798621237245,0.23778997748665495,0.33828977257303894,1.5667912673662305,0.061155759778321765,9.861849944151517,15.09974319466658,0.9976677659999893,3.1781459659276625,0.7901599768053813,9.466479979274878,6
8.836440055208653,0.951722997884898,0.042071206940282685,2.0893755403955114,0.07592820394839488,25.167556774656013,56.38221265778442,0.9963646362040415,3.32794067784259,0.6829300915715129,8.753850327667992,5
7.416034386325542,0.6449032262072696,0.09455617310032859,2.5149443265865306,0.06958281631405014,14.91616713015718,57.16458977018451,0.9957904000737541,3.4763824004191095,0.6416466022735419,10.483793940226768,5
7.840816344609798,0.49554094937318505,0.39448271728883055,1.9091746178597626,0.08125723544382293,42.00241555184294,74.56791901368182,0.9999171878969031,3.361403757017451,0.6938585688793444,8.995003873200199,6
7.538477079110698,0.42303215130691985,0.21979851334440187,2.7577829383340244,0.07597401643568165,35.741317484564064,41.03578807835125,0.9973614118129445,3.183449622969772,0.6983024755182273,9.701325076153832,5
6.358755571063469,0.6714312039361154,0.22098857657253473,2.1200055131661966,0.07725094387640738,14.189404471450288,29.795742633236195,0.996029760884452,3.4109852650090113,0.7329227173059589,11.24253096741247,5
12.095844404793098,0.21987725772077948,0.546010779778691,6.1086217873882385,0.1731169372749957,11.672267373860503,15.86835189986553,0.9991275365380152,3.100328265190197,0.8358195398502394,10.697690230554501,7
6.874068564616133,0.7658204319974053,0.0,2.106581578521765,0.1117829281540917,13.825109196186574,30.97504731527134,0.9960605330753916,3.568264874684808,0.5454913039716475,9.508833598533098,4
6.244017624820649,0.781173838543367,0.3040583925884388,3.147147465911478,0.08927067402615307,11.394008371931076,77.31932954276537,0.9997654969385291,3.2754797512317877,0.9074829013430286,8.503483557252354,5
6.971508041165139,0.30840226216835886,0.3211880523358868,3.188668618453625,0.06900489598078656,4.329721469437331,108.48439456303936,0.9935668178799218,3.161170035157747,0.7061270754198872,11.264405009977047,5
7.778775837551559,0.38842867911939905,0.4076801428382222,2.5061824156618355,0.04572186551521258,19.319179326052073,130.29447510682564,0.9964194351671579,3.243831159999521,0.695091095139932,9.747539463554565,5
8.560970609757506,0.7840063918627296,0.32,2.6559870482604597,0.08483494292232625,36.8651008333257,67.46352863663962,0.9994086708581035,3.3323496113373787,0.7135738488618877,11.804789306532209,5
12.456374322060302,0.4097859738609097,0.6580694767324363,3.5090025357889885,0.09312632444284855,5.790034331473265,6.792779065538433,0.9969318717137449,3.077502418734802,0.8471235930663314,11.240108825157323,6
9.32723507020511,0.7820032505071013,0.27820892586687274,5.151430378803458,0.09815095190493532,6.837020105545193,138.01344323966333,0.9973548532380017,3.322980880951215,0.532333057249625,9.115358906124422,5
10.813000541099166,0.16683813851150248,0.5009518478844532,2.9783053458363495,0.0740430813266121,4.763012783252449,12.64281611638571,0.9973086496226073,3.198697003104307,0.7063366710510277,11.424216563710829,7
9.138533736226938,0.4111540173198123,0.5571684618370247,1.802720486021897,0.11348870807320331,6.687809083880738,6.0,0.998961226755751,3.2560887690055393,0.6261807642865108,10.446749732142992,6
7.708775842562647,0.5040461210563477,0.1857431082400347,3.2465623020291043,0.07544691403681326,24.3713174498195,64.69205310919264,0.9981472749295351,3.495452674919744,0.7556821783247947,8.70072479538697,4
6.871435360403859,0.6916799193209876,0.2546693924576772,1.2,0.08792957847253552,1.107798463972145,95.78513139213038,0.9979061625136525,3.3453435478766536,0.6465043936456494,9.306473787314664,5
7.604980593451147,0.4358196699391199,0.007165504679660456,2.4122396201423033,0.09564605887171646,17.092500422306433,34.25361949607129,0.9968005011168278,3.488042326654827,0.4196885906681665,10.010301148783562,5
6.275780152592567,0.6503331107156907,0.008949182678298861,4.119604791700729,0.07086514456592263,35.12402158974112,140.85738735908467,0.9977598112737267,3.348504925000139,0.5453635231577582,9.518827842452387,5
11.609219438006091,0.39140252880625725,0.503028591158642,3.4338676644080866,0.087209958327964,28.713702557155038,59.860019799879744,1.000309208263274,3.1421597031421507,0.776570976668593,10.436683534569166,7
7.48683791027383,0.6563468611745139,0.2577461155686981,2.450510866729573,0.07152773178080808,12.81129905372238,10.51258605180957,0.9934449311259238,3.2935649599467403,0.5990106970026032,10.81415565972937,5
5.776089053376938,0.32938805120906334,0.1841724191932383,1.728404363708613,0.05492753453088747,4.697294812639823,6.0,0.994028525274604,3.288440415192338,0.8211772581016009,11.146557599948249,5
7.0482525567397145,0.5160997403092749,0.0,1.9855151552669585,0.07852453811875552,12.31861620152554,16.185834477086683,0.9965691064761565,3.2462055046671723,0.625437114947991,9.8354861117066,5
7.385335943203167,0.2970075281359697,0.2863260085014371,3.884094662208745,0.07874270634058847,19.543646309179803,12.598707257419354,0.9937059581592995,3.1687055824857273,0.7983550732717521,10.706758830246704,7
11.344274108889309,0.3407606559326726,0.4969835667194588,2.1089429265517956,0.06378518202014453,20.346997668485734,143.94309641585158,0.9951640474620637,3.134299843641538,0.6825121911877767,9.994876297926055,7
6.250650965992692,0.5045780572028841,0.0,1.5017001670050039,0.03953447394919954,11.616794910146075,6.0,0.994549977665945,3.57089436465562,0.8010711821139123,11.184342993578603,6
7.62618513271286,0.6578047519730479,0.13992722240079958,4.916276125041693,0.07517548115752401,55.00594799643608,117.19144636896037,0.9978210531651773,3.2463273925279235,0.9035028234558132,10.303524475905629,5
8.445377288579854,0.4760143944152607,0.15618034327596692,2.3360287724962534,0.09135403152106217,23.96549291479377,112.9736683058695,0.99673213216924,3.261597549325577,0.45391378528807075,9.191359969351895,5
7.284674449829396,0.5256054078413469,0.13914692766751383,2.1658969227142593,0.047272286747144704,22.89106350757861,143.3159786179971,0.9981057431199585,3.3182729613840505,0.48693768322599923,9.924585131101288,6
7.100205938965558,0.7061845802401769,0.0889907391651927,2.3471595616871994,0.08101788268092447,5.321393588570775,14.991916595340124,0.9953852706568944,3.4621408819119575,0.553265797736489,10.87700209839178,6
11.053605032079291,0.4528124140304044,0.5948406144680501,2.3369706101146,0.09651909428587599,23.307961266867544,28.016990551920507,0.9993937856915921,3.160314282446241,0.49753532742771206,10.789938033094186,5
7.409962115027297,0.5079293580005793,0.05369774686294643,2.2738882834724454,0.0788528349807295,20.223218110108284,67.1092847053451,0.9948110890040793,3.434099278929643,0.5809693903732726,10.776880544482982,5
5.538835228626938,0.6189696952120987,0.05379255008001615,2.1289449057107475,0.07412298367704247,16.364773898009283,41.280853944670724,0.9966712590551201,3.5364531568469912,0.7256883250465709,10.53953670605802,5
11.160320940235202,0.3402078784272491,0.4481046730213556,2.358108349284799,0.06903649508660284,4.612227402626358,28.50566423060508,0.9993206521392282,2.9879203382365334,0.6138646004265326,9.205571344666843,5
8.547711697605557,0.6201965364954283,0.13768449010180284,1.2,0.059927964976939814,6.793923255428527,28.934018056296907,0.9968175950186317,3.163755991278549,0.5385347115115093,10.231981175982355,5
6.3237651731325695,0.6405218909621319,0.10260184158201181,2.497329514850591,0.1024740257511897,19.43671500699603,83.17472310693097,0.9972513238411049,3.2407266208475685,0.6225685132448499,9.51500820996961,5
7.572499440878014,0.6189314203663228,0.29642593871591344,2.5632618178291433,0.036909828763708234,7.620816858468338,26.013365438574994,0.9951230427385382,3.0840372520718105,0.5915078999184512,11.172921149142491,5
6.888256585583431,0.6551475153817621,0.09159526931829495,1.9532534579191245,0.07041254032061615,15.529430524290543,33.46020683272524,0.9958747157202998,3.58000546139013,0.6235589102328027,11.221734288349737,6
6.950834309289237,0.46149714628660776,0.0,1.9499360048909598,0.08239014503914252,32.513760595342106,38.54855874194498,0.9950626489275214,3.408600684012474,0.8155336348808313,10.41150191501266,7
6.389840311154819,0.2387295431149422,0.35930233852046956,2.00597299160731,0.06535830706340708,6.0242279402619445,15.979995568409608,0.9927833423913117,3.2242552455397937,0.6015057217323518,12.463198346617096,7
7.711698415620857,0.5687964533217867,0.2738233235372342,3.293276272727579,0.046849568368125157,11.254106160434407,46.67483251488191,0.9969813742184711,3.3361122983342217,0.5908364710517566,9.551701857548176,4
8.730625456797677,0.5630837130013665,0.23405015036034754,2.26576463293384,0.11136197090894642,16.8635152389334,48.02909715623201,0.9966477611810263,3.2571939096900984,0.6940207845210294,10.805802970707862,5
8.426092484404005,0.7281437279922124,0.25025824050504275,1.8552423129030964,0.10444092194678435,28.095755165486263,105.59487604134858,0.9969102223506658,3.0360242335332313,0.37,9.028717695104941,6
6.714795890992848,0.6123575225166787,0.3194773342830228,1.6999185553467389,0.051319017065661665,18.930302063983465,26.953225225044,0.9962751634823095,3.4425030786900295,0.7668285510623698,11.02050906226375,6
6.414158403631616,0.5786031545586322,0.011829672418737128,2.579476803909059,0.06931270063458865,22.96109675284349,71.40567068282053,0.9932971367804222,3.212308479069799,0.5627626475984117,11.218946774063705,6
8.555309043400698,0.7571771277976976,0.22363977032295268,1.680364629781874,0.1898085001292245,26.65933873298658,6.0,0.99672454355196,3.211622470466682,0.7134676657232378,10.202647344702163,5
7.067749331920419,0.7378229742436954,0.025592096304081997,3.65255984942539,0.05285475533217028,23.92500900056594,56.90759591776196,0.9957707175527828,3.3848751880248487,0.5520598747973039,11.210068854645552,6
8.512854747523944,0.2641858627170113,0.5054289686280439,2.813385315497361,0.06643377449208526,3.4588980236757556,12.847480314084736,0.9952807856845075,3.2545291016840125,0.787543068611766,12.951966464449205,6
7.060103404679904,0.77289870325927,0.0,2.8192093634960598,0.06838818869684418,19.909765484646123,89.97957660554236,0.9949450110197938,3.4536531340275545,0.5498606990840442,10.471106609189556,5
8.297712827511639,0.3041088964598261,0.43959636413627534,2.2505121743797125,0.0816797186194259,4.226692111465838,7.553037173489871,0.9944975543350685,3.449374433093439,0.5676055151374662,12.689031546086705,6
8.506127973609392,0.8138252420047171,0.3075936367919578,2.0490302157144464,0.09952440279930641,13.566594565376306,21.10792172507519,0.9967728823342231,3.2421847556236987,0.9210536005188943,9.76391431713709,5
6.992506716374646,0.6224580888904695,0.09445853084646388,2.171648107262341,0.06666134089773833,6.366591868419443,16.043222549143156,0.9981836919691705,3.133885218912968,0.4092421118542803,9.965116680786668,5
7.780220238547159,0.33119981762772616,0.4405924197628839,2.1533650574194456,0.10117264773639326,14.528033483508512,76.1801977534556,0.9970174632204353,3.4168920665276477,0.5393734041889772,9.350798604797006,5
8.196056417664673,0.3702708928795858,0.7556106940804594,1.2,0.21716703791484498,13.248198826048695,104.13697337105997,1.0001087837751097,3.1295092804937488,0.8563563638884558,11.780843324163294,4
6.1084659912757875,0.6453062484712191,0.2016712413220771,2.3844223012798778,0.0673172905620926,5.933537576625781,81.99957851501891,0.9947590198711961,3.301810723731095,0.8067077013842165,10.406382634100613,5
7.104970119764943,0.46259880606273696,0.0623685145044205,1.9015213906730946,0.06880263775926077,6.245877973909148,23.059940227464306,0.9957482754998108,3.1909903868570404,0.5576873945629215,9.555299220760194,4
10.104415270849422,0.5129374924366842,0.5810910123932519,1.5662793161565691,0.060173446394599844,20.45836123798521,16.67718527222567,0.9980703849786832,3.085233382437623,0.4455116834795798,10.792517501137805,5
8.04355587698481,0.6212881606423389,0.1856642139112001,2.214335924213664,0.08424995495881996,13.722297481766773,27.698057403075246,0.9976792417415382,3.3108171737032532,0.6960351157828261,9.61160960414243,6
5.959803435435791,0.27873516531525727,0.5073169377325519,1.7743762380925279,0.06527262215264525,2.725962037174746,51.01342786605923,0.9946532015644756,3.545843974176047,0.6543121922968235,11.843960724976577,7
10.764023334214983,0.41968553355463517,0.6032661236444613,1.2,0.07086929621578078,9.013355879997638,12.08191953314855,0.9934493122323071,3.2584568095329782,0.4938394722386024,11.689994800192379,5
5.577744199439878,0.5407020975987344,0.0,1.8289444817817255,0.0610427117092928,27.314170101445526,147.86708431795597,0.9930590738307933,3.207716342255079,0.657507719697377,10.5335770894099,7
8.72241337509012,0.6050429116169622,0.2429477163788812,2.939474077144417,0.10494805026863027,1.178982299969768,10.56045185902683,0.9960138874753454,3.242848286952856,0.7358616138335832,11.338107759363847,5
8.833843076078372,0.3792329126439453,0.3665780064657295,2.1266158192699103,0.123468888486395,9.72610600506646,41.5453355826752,0.9964487995724879,3.1419892724919705,0.70456140261624,12.143075215257674,7
7.228589420647301,0.5274951361476653,0.0,2.4358050289187005,0.05030565439778323,4.739609099062775,8.549348692473167,0.9960342794279985,3.4206193183394293,0.5675432064613773,12.215550688202908,5
9.267956745567146,0.6057884288540748,0.520076622813267,2.2269707815908406,0.09551554541350041,4.353497218341098,9.501491324251514,0.9953544296227316,3.279189460541548,0.5574916784389986,9.854320199376579,6
7.4044106578098745,0.6412452596250482,0.1991954840556504,1.5960647909750056,0.11646265561063547,27.951980167225827,34.64701780628008,0.9952319917505582,3.226260803005561,0.8036787503970074,10.463877851472585,6
10.725082417024794,0.2752711195524882,0.7136481652789455,2.1790740560248554,0.19951925970349454,13.07518747767369,72.6585117899202,0.9969366839160724,3.417099791933898,1.044980883199474,11.226529584838472,3
7.0557288296466485,0.6767355299494408,0.0,2.7371953653142884,0.08599916931803558,9.776531663450848,24.56548715117878,0.9965858563721163,3.393474188366387,0.6082471772016954,9.542058565009846,6
8.195987849579659,0.35810839709627296,0.38171341223944344,5.555954234911514,0.06942361308318845,8.428220703549579,87.1787019454772,0.9959267503859315,3.3329516999306406,0.5523062464668088,8.800374857919975,5
6.987997045705045,0.5931629646552442,0.0,2.367500929019939,0.07431553846892866,25.09548665248309,28.637607446606445,0.9961329874200965,3.4904298920282164,0.6056307421403866,12.124736153447657,7
7.073216865965148,0.5173073341755132,0.1528105409464599,2.393426418875776,0.11883974954001267,13.434727249754193,109.10942016476105,0.9956410981648601,3.354470764370984,0.37,9.681592708260288,5
7.066500256712835,0.4717433209535581,0.21087286156354607,3.231012830185719,0.0669230613506304,1.0,6.0,0.9956656063853289,3.365073923867633,0.5321619229056587,11.084780517818606,5
6.590040088003966,0.7377559271720053,0.0,2.0223079393419607,0.05804211830458408,19.478321542464347,76.77305420722594,0.9952669333142495,3.3259631430986056,0.6338637002958235,10.639064939786643,5
8.608543384376368,0.41424765434418487,0.4440632951491961,2.3046724792388305,0.0678444336138604,15.166616306565064,29.27925788265253,0.9955344342420194,3.185903381480389,0.5257271067814556,12.22741617710654,6
10.578528910928162,0.4673635722157552,0.2293920713623436,4.893934235442578,0.10235788567356977,19.675492077401532,92.1626300580053,1.0002132377977977,3.1521289112985156,0.387610699237023,9.663524374708636,5
9.199838791596152,0.6346275210660398,0.313527832464066,1.5322640596054424,0.056645569114142244,20.862061595906013,30.215656256650544,0.9952259399496369,3.2630982271680895,0.5761099885691576,11.280820480806204,6
10.861653087366768,0.17441739893534267,0.3682269546756184,1.5364392407341725,0.06431779867010687,5.196521361757269,19.811440818215228,0.9979179887628641,3.3100932198744033,0.7210949054573145,10.173947465116536,6
7.043439466975194,0.35004250922833036,0.3682294585090478,2.62284767747377,0.06777392834665946,18.12435904321826,32.24047096758262,0.9958655313262628,3.399056505395833,0.8082499612192939,12.457953580714754,6
7.7244976431425085,0.2998383191331602,0.09529888581857737,1.6607710148389112,0.0605254674312387,8.68904458219726,59.5835089580692,0.9942049104131971,3.4945750244068763,0.9376848887027507,10.111840787832424,8
8.1505256463836,0.574981118161314,0.004670651902798445,2.119049007016462,0.07702599051281687,13.229614831492524,29.14997010467312,0.9967429355652042,3.443104083902264,0.64941838131019,9.315749440807188,6
10.004829530729992,0.6051155384866743,0.4050288506132274,1.8453555598005225,0.08374721404415786,27.469991894662513,44.7764619176169,0.9979639188268766,3.250588469595634,0.7884116812128544,10.095800659428878,5
9.301045682004363,0.25967716360375226,0.37623259182910235,2.2599515061663116,0.07075312268127398,9.774054086541717,22.038286075585336,0.9995669194801822,3.1217952634037243,0.7184673821763731,9.212140250838564,6
10.288093619518765,0.6911101754382826,0.5111940189920325,1.7636972330680434,0.2547516406154694,9.011924769653909,29.816940862483897,0.9970759875226289,3.0432625635473474,1.1006904572116334,9.228449672881062,6
12.579489036335545,0.441740920057522,0.5587993035199673,4.027672217378493,0.088539722183089,3.822020921904441,15.061209366909509,0.9975291382003263,3.2083415035362886,0.5754416328463368,11.362318490680616,6
6.211010219379064,0.5642941981390743,0.007169403809664989,1.2976180186090183,0.05761440673429642,9.50165845151425,50.52325643824752,0.9955334973248339,3.4542725362008326,0.377260212707632,10.472363609767964,5
6.998013071196171,0.45387034743683935,0.4600046371672988,2.6265161433864983,0.11684177707230814,3.69527345327921,53.183758466127045,0.9956744573937261,3.1139581415304822,0.7812644334540909,11.077611818673585,6
8.906719418653164,0.41515216923843024,0.13516457888707178,2.9915106618468905,0.08525586762014373,25.769289741778117,19.057614383882743,0.9946659158079063,3.4284098630552484,0.9202154531610658,11.108625903847722,7
7.119531037505744,0.5195626800034695,0.16166774732326386,1.2,0.07090633413484002,25.07800690580341,80.95489039734547,0.9971196429697148,3.4076819300618646,0.5472949389971468,9.648708228735126,5
8.526756146139748,0.7168348149885176,0.79,3.12984149735011,0.11388953589136497,41.926271534413914,85.22370221067557,0.9963715043598224,3.2736727854717365,0.6222767006708374,11.009598611449055,6
7.768051466112963,0.7284783486485217,0.22888737237915546,2.871352680634789,0.08567979171126201,28.386946283358746,134.3817652215015,0.9984414263422645,3.187860974866804,0.5103501469385335,9.31944546643938,5
6.976711219646106,0.6756741886017853,0.10290233995845031,2.610825288114549,0.09181282685458689,12.260889763384803,42.35476547064772,0.9983794505099857,3.598029756725972,0.5363699207881614,9.646060171398792,5
9.453010939680903,0.8150666905747908,0.0,2.634144404961065,0.06025658874275025,31.520643467617745,50.639676772314886,0.9934192835217072,3.4494402425815833,0.49234304601359247,12.731567188694648,6
6.6485491038985325,0.6142269175910005,0.43024804219484614,2.247571574465985,0.08228996462459942,6.489934374881795,18.474988551485687,0.9968830362028865,3.341982536829144,0.6162682668592275,8.972916794775601,5
6.632340901510554,0.7660924174418653,0.33773843213128424,2.1471150574737745,0.09813382996166546,8.20901618662563,33.73793250255212,0.9964193459115374,3.473042997864871,0.4861940533541537,9.490987266483675,5
5.792471826505963,0.45148891146584974,0.42577150337069214,3.9682513969812656,0.07257604310463575,19.018814746385225,49.790332731403026,0.9954358467659501,3.2878713603075274,0.7771865755671277,12.682474863043698,7
7.3085390420453615,0.4282684468923295,0.15940511036630184,5.830309922406089,0.10574403944149367,10.352255206168005,52.742829837450934,0.9940610058324761,3.512068523414848,0.5401031656626181,11.132204922243364,4
6.236878229958988,0.163716657094941,0.19594442820119712,1.9665972355780865,0.05684549944847599,16.90753544438892,54.208651113488436,0.9945180628795536,3.5843628293151664,0.9192925205519286,12.491745291315988,7
7.005198868187779,0.6262255755925153,0.1860869971935718,3.63174272417183,0.14825643852586912,17.842187347435637,57.75358275308575,0.9987515628345294,3.095674828759903,0.44788553215148585,10.070796262154058,5
8.243098767314802,0.5055509662891295,0.09401462371486012,1.9735229856535845,0.09165837962643311,11.530634485144601,35.47657588964268,0.996716448968655,3.522970194549368,0.6316662145589229,9.56978066917728,6
6.848776290462052,0.7948410818710548,0.035303707342802,2.221808450778117,0.08387094062322854,23.029384024549667,56.34554161189851,0.9941883177103605,3.424505713755342,0.5052593041520812,11.65643769445782,5
8.016718982794508,0.5035424800599713,0.18862456162637242,1.7723454928459357,0.06834557899103637,6.046683814510763,35.952196599491955,0.9968184604951347,3.3314412665242443,0.64649333539373,9.996859522482389,6
11.910831062256856,0.39059777274681046,0.585136819264824,2.4223330884605616,0.0577966621998944,14.56145593237008,35.243232787083855,0.998150054810155,3.162325876630972,0.6795540808417451,9.82118816278091,7
8.15811556749895,0.9735509368343042,0.010348747263279771,4.717236815125562,0.10160697759649531,17.726853660703433,44.41743748017457,0.9975385359271376,3.5123074929847182,0.45463517758916433,10.796574605790783,4
9.042136244481735,0.6935776649596399,0.04103021380662952,3.5774741885909855,0.09156392104476088,13.001934322265203,126.6198086745583,0.9976420204620682,3.2164577883026584,0.6692341056907839,9.79227730274225,5
7.692810886681583,0.9036064264740232,0.06821086090813631,1.6894124870781515,0.07098639924150296,5.251439121260467,16.75937215140942,0.9967397394911295,3.2655350800742484,0.43141169872928065,9.60425911978665,4
7.791910657840445,0.48041899469471794,0.2252674314029404,1.8475844332848224,0.06963809083674985,13.45416046101553,13.30858471345363,0.9978445163760272,3.211933811898233,0.6383388242258201,10.418757938983676,6
9.870955309872592,0.6685927712741271,0.38849065932037974,3.821858543861313,0.09275699148342406,15.553903973037338,39.13367639097527,0.9975145839296574,3.3433955638853323,0.9296324680186714,11.733534636223235,5
7.25751467046489,0.691074309729035,0.007714080396320682,1.3991886948854413,0.09058589899235986,12.929837553542667,36.01310876988561,0.9972992982527187,3.438503772212515,0.5863191992425477,11.475584140653295,7
6.090618567365629,0.36089926603501643,0.40752333596104695,2.0340811905216647,0.1896315046548523,16.224421882948505,82.0223572076633,0.9986749834872328,2.86,1.6310293798693227,9.590328507379725,6
9.510229291113557,0.36237339536569235,0.5077788606035865,1.2,0.052668173544700096,23.794376001307867,33.853696727412235,0.9976859311286208,3.4008545276790643,0.9230218026905923,12.022299299921704,7
7.852085771737274,0.6639791045261951,0.6195418272406482,3.2693985971090265,0.12323832048720486,6.439966539397269,34.09295978987285,0.9980111658268327,2.970220522511746,0.7776516585183707,11.97814838093179,6
8.26235755190984,0.680331996668704,0.1434343668313368,1.967403027983957,0.07660680183460424,3.454328483469511,8.527136756884284,0.9947553512217848,3.2289689269000705,0.6928058980196472,12.403483253169323,7
8.540791009116345,0.42396806532261966,0.3792267798404228,2.12184344081288,0.08126666397752082,29.691429183339302,54.88711913679798,0.997725907310519,3.3622539678470784,0.524872919174117,9.402962300864306,5
6.573426225324524,0.7008902779866034,0.0,2.219732601015622,0.06384716038161388,16.186342346687745,31.777284804383214,0.9970174080038243,3.521571542876348,0.5745009794141496,9.263582690691072,7
8.789005799118542,0.45936299894576843,0.13552548422156324,3.057104211397262,0.08430566319226626,33.84572352437905,94.64171740325382,0.995540535070592,3.2418049684982315,0.663013870460563,10.58765233594588,5
8.026532895492597,0.43630234885540586,0.1911949254059003,8.239522523182114,0.05505045487704784,11.08777392961122,34.91817416619641,0.9942810546589678,3.2686913801364934,0.5862587554406737,12.163609651732262,5
7.726629091575992,0.6153465383321156,0.79,2.4654079194693765,0.05044590400858881,26.657003879632356,68.04285803498396,0.9964715705722303,3.3396342732153537,0.6443666502513312,10.987103101275205,6
8.606741911437323,0.6236657927751867,0.44061941334210764,3.6198603300734042,0.08730194519522995,8.696201778319754,101.42802263970253,0.9976709351415776,3.2962772018949082,0.6633374117292071,10.319509471870019,6
5.764157375265813,0.9991650489641871,0.14655018032515013,1.910148492794692,0.06932677033039619,25.376899507597614,14.354570334045572,0.9957633668959298,3.519831356606604,0.4607653121356017,10.768210672739048,5
12.82228332939482,0.43512242812832014,0.5716733764826174,4.245667331313199,0.08225680022598456,6.458911262087403,35.13889904678905,1.0008224039393039,3.1176344410789913,1.0089615767024966,10.460238822621738,5
8.615275734848687,0.48938769668534876,0.10831648230238645,1.6745886790607467,0.08814632597992667,13.443489043752999,31.096735187824947,0.9940909743672836,3.475101943586888,0.6451737337128478,9.902712723201773,6
11.421172393869464,0.3371351342292467,0.4275138803844592,2.40175156286859,0.11366473956483132,13.45006767108218,44.5845071783675,0.9979319982349232,3.2194084371984375,0.8343397209532254,11.156903412417417,6
10.292452621125703,0.4113282266714944,0.6178067351371221,1.2,0.07805825906060605,15.226063326328823,63.775384171121026,1.0014173454551238,3.200016932924562,0.8546029784469166,10.913479822089752,6
6.947386360601101,0.3551189244004352,0.28835207222753567,1.605773909566159,0.12844758976722181,7.51750106393513,36.05849205639329,0.997157942234318,3.3105418044417747,0.7525985710892968,8.814033906205763,6
8.467611878573623,0.6630865654514456,0.26323396912186964,1.7544838859668639,0.012,16.70795463743466,46.84575391553644,0.9972371131856078,3.078105418279616,0.640315647992163,9.775559743654009,6
9.968971181011353,0.4685225930618771,0.7614455342315078,2.2396570458955503,0.077777094091603,10.778059541340307,6.0,0.9997828639891715,3.11947214675671,0.7292212116299821,10.98485278422459,5
6.923717173809781,0.6615548899244834,0.03686997835078768,2.023844176426352,0.07998652856281036,16.366214932632573,51.81371679785527,0.9963771388383079,3.293046472983794,0.6304987196490891,9.358590875085387,5
7.1574704239351705,0.6083619681714174,0.08070713382746592,2.3088602688285262,0.0960667219827471,33.54575345321922,39.29715109920479,0.994595800153556,3.4688381198772498,0.6119247792558189,11.437449700753943,6
6.497879582564387,0.4627026628657058,0.052205040786013755,2.515953300774571,0.07700403280156753,13.244915334028512,23.017770825304382,0.993791885455899,3.5004665632827487,0.5936840030369899,11.759810577309999,4
4.6,0.5843214709249436,0.13969730605864444,4.894003008216593,0.1102436022393831,27.640675451632887,33.82047488175975,0.9962360016239331,3.31952657844841,0.61979483451848,11.622538285644975,6
6.965033007654412,0.6528813083701359,0.31654436661544033,1.2,0.0927148452655371,17.48362096586133,78.57759613241822,0.9975413936573589,3.2116396413309287,0.678582854288103,8.973414743524476,6
7.0505441664760315,0.3166150675222515,0.3168975385657362,3.903473366357918,0.03859114080100869,8.97215782847888,91.96882031583087,0.9944195345939325,3.282501736592211,0.5027384794954584,11.704889819523755,7
7.252359713414241,0.39522996906201857,0.2101252499869325,1.949977452935513,0.0784840068293764,13.060989783821672,51.918984246370684,0.9935099971649851,3.222472200022584,0.6623864560357933,11.436379419013255,6
7.272077548630564,0.5463842393123044,0.41145718169241563,2.0,0.0832845610200189,20.12502873607377,51.10198835890132,0.9958933662632001,3.2840294197932196,0.5277755139594654,10.965682705176109,5
7.298263618176479,0.5682880756703005,0.24286057771620176,1.9595949055837667,0.07825921572411977,31.93550570599064,130.9057715284653,0.9955177500439285,3.3502665271628906,0.5567376986995306,9.891807230087528,5
5.096546833221702,0.7908920782069506,0.08884404270620647,2.0440011021025457,0.03765060615962754,22.206979572617232,79.10692546849675,0.9929497953602475,3.61736699625712,0.657123667457223,13.595561213864695,7
8.476175163605058,0.43433489240663886,0.18503160288223833,1.6613612282003325,0.1156870940849281,5.12233915907661,23.123317414302505,0.9969015507109957,3.2179850434366934,0.6437617385083894,9.672260493502664,5
9.62267235416773,0.2483866063652338,0.5402779080368921,3.1726729325315493,0.08569735628125773,27.046102894745903,9.534703623248063,0.9964599246169493,3.2401419693632896,0.8534495138216962,12.975924525461418,7
9.249584611990157,0.38743681873159563,0.4279799712172435,1.8678333531645996,0.03154981096192378,18.35750592533201,32.25609284286138,0.9954955227053649,3.142319306066997,0.38952368634795054,11.000356479463347,5
7.8375271987149295,0.4538664750949072,0.5414654019915592,1.2,0.10096055182468835,11.141471034914963,25.42125270962642,0.9969610510144723,3.3751898807406433,0.7218606322357412,13.095955711592197,7
6.355359318634177,1.0030612184883225,0.0870691186169032,4.629290418217921,0.1536750676800598,10.405664928258346,13.632562937128837,0.9945151811461367,3.5636338627307507,0.5771607317222202,9.69256842097838,5
7.446783412677089,0.5678044409735841,0.29371077448138827,3.7170398122281965,0.1208637177306221,22.950811638598545,135.33003994992936,0.9963560548538598,3.2516541618880512,0.4726019870583063,9.47814871340279,5
10.379673185763362,0.4375318943235688,0.4665595577080149,1.840224941129674,0.07536595945468966,11.39198242539266,36.98986062590215,0.9986918885279922,3.3290521443674144,0.8312866716110305,9.809254349272798,6
4.838464768474494,0.3815510130930223,0.23188153107877413,2.53846078150683,0.11361102066928808,11.206389618734004,50.52219587068275,0.9966913619488397,3.6895389783503902,0.6157231472115928,10.131269412650363,6
5.306457989980186,0.35970661384298314,0.3096397445095777,1.787026029817838,0.07333444875452409,4.063947931760585,6.0,0.9937079925307725,3.380155652569976,0.5548857844801073,10.671606030121502,5
10.324462035067596,0.3134649187947014,0.44502657473213947,2.6956102609410513,0.13029888294373146,3.609621807638961,16.44296070604181,0.9984893346659209,3.1655646062662344,0.6812045839951584,11.556608933978096,6
12.724215299992336,0.34673718943301396,0.42549844956642724,4.670426258388629,0.14494704442877576,3.058984283136269,6.0,0.9982561242099709,3.2601695038062335,1.0744721153904988,9.766592859407332,5
7.439184573551448,0.7329752456615136,0.40455875603026065,2.1152201979869316,0.0815495663319276,42.24692357823518,50.48911008931349,0.9973751110489766,3.170915134185774,0.675979673564461,9.409008314954496,5
9.522361805868204,0.2937498133994894,0.41949669335144774,1.9921004201883306,0.07165684099846983,13.470819919435943,14.245807809023587,0.9976724959749316,3.327948642881282,0.5306226295624945,11.525476837750368,6
8.588709766637885,0.6406042201163098,0.22171891596096677,2.1831598232969727,0.07624194608658756,14.597378901843925,47.86140627998236,0.9969441593171694,3.4270387760505097,0.5000191155028538,10.483954959412264,6
8.103987844212005,0.4602556018300397,0.4156393690292568,5.928326607828069,0.06849524170191933,13.584675033104077,6.0,0.9943740796018556,3.4003465162413504,0.7551088102776291,11.954796148845293,7
7.839527231256289,0.5405798117536308,0.24068639289332744,3.159080360194153,0.10658449963562396,27.11815297202731,154.67967184081868,0.9971532875713695,3.32241854735501,0.5570658548145137,9.216478489624798,5
8.278076850654623,0.4723549286829203,0.05715438405080803,1.8823082832860951,0.33353931916755253,9.082054125019338,69.21295161900348,0.9964480558884304,3.1684962151436937,0.9607282034903257,9.342891874674965,5
8.876427330259771,0.32573319008443835,0.328430861212292,2.0885902499788545,0.058760713002190254,9.2450893921656,68.05545295618641,0.9947097063816891,3.366348176105808,0.6509557757831559,9.392319547891097,6
7.968301961461425,0.20402689842062952,0.16366475528860747,1.6920350991466238,0.058543949281984566,22.1137352208249,18.381931367797243,0.9938644867491526,3.262516216651422,0.7894710780520973,12.24767859641489,6
7.274956287563322,0.652727722839491,0.0,2.035272139022659,0.10462056553659861,12.7998740970932,6.0,0.9963166667328249,3.3590352875235054,0.7029289393319295,10.586417599071513,5
11.639554151367916,0.23060199992488295,0.5815627875399154,1.484774043899483,0.07736609944276197,21.961021440326938,55.79879277458711,1.0000452165744493,3.2321244986988,0.5387981680531833,10.58870496867493,5
7.058278821013166,0.7949507278571784,0.0,3.284976928298395,0.10825331779138517,10.723763225199832,44.97886609766079,0.9977216287805166,3.24929671416225,0.590615894690787,9.77031506254833,5
6.523186687191269,0.3418469592906054,0.09340364528338167,1.841015312417267,0.09405544194013922,4.170227344447583,15.097554138665396,0.9953579289209932,3.3711331657941304,0.745452233948117,9.449040830974045,6
12.200220142526117,0.8550946326804016,0.0,1.8511815379564194,0.06949934710225943,5.869757726642708,32.292857963432986,0.9983257919656211,3.02307678942672,0.6485695159729532,10.13614068011669,6
6.464600301748252,0.6126061241367166,0.007775159847951026,1.7699472516285106,0.06850711815196198,11.76269973734767,22.94630317892317,0.9932808033904674,3.575609171200819,0.5566579994197313,13.718908745967138,5
7.500521007938942,0.7362429556644263,0.1698930159674925,1.722869249033872,0.09639875779315482,8.755482507455602,26.511811246204154,0.9971942973410707,3.382720465148069,0.7331614270063305,9.633611471521967,5
7.659991141793299,0.5398855965944943,0.08148712449873337,1.926413430767096,0.13411871249762475,13.243656818331733,24.207524465400326,0.9976566483631399,3.3688770593381063,0.5645569645615898,9.87454368471785,4
5.750907096800342,0.6525197532504607,0.2602237716226345,2.5178504258029584,0.08520040766401712,12.823612380681086,24.3497102646232,0.9958911862549387,3.4059511942750755,0.7644726070438087,10.783810746051845,6
7.4449717379405005,0.31476002405621245,0.25894779170490256,4.599480903562046,0.03974830353730964,25.247476666584962,70.04374752831892,0.9929420705871652,3.2731727324105098,0.6075120105463963,12.239304480764924,8
7.68059150962634,0.7358627581981335,0.15623786926856864,3.6325507501717826,0.10444314624402172,32.180585303147204,152.70610684386187,0.9995069934631948,3.0967960716168266,0.8070947029843294,9.455583672120536,5
9.596613270548835,0.6143741445538811,0.4694598262568245,1.9997728306739706,0.08975767612179442,26.074038917297074,6.0,0.9985366296483145,3.0192574183695102,0.8360262768492759,10.78708086414588,5
5.684602025057765,0.497371598636831,0.19620212680660354,2.890981978845101,0.05664910002167269,39.06684538774077,88.77048817303931,0.9931845703184703,3.685710264932819,0.5223066379845628,11.194348114676238,5
7.810150390165929,0.543975272743907,0.019472452800103922,3.0755465648559093,0.06585712719182969,5.62839868426876,13.383791880621843,0.9940819524017763,3.324138199259705,0.44588994335328147,9.777483809481792,5
8.912292644606865,0.44764333269441114,0.25617623861854527,1.6342499955099328,0.06991594943575825,10.989142316340859,35.019640460353536,0.9957401494640961,3.266666610319059,0.8126701163749642,12.877847477877324,7
8.023201495966516,0.3495052971333298,0.261485479613193,1.5453925311539496,0.273364277378322,26.410222969856644,37.11058881276992,0.9968514180224124,3.5904170824471984,0.6547033436838675,10.119298430082836,5
7.650113354804187,0.629094299896449,0.10880779308215599,4.272804903381979,0.0791392315162646,8.026439667769228,109.13850486259473,0.9951061438163012,3.3362994928902947,0.4829757522960716,9.454770468519776,5
7.074486901715286,0.4402315668441064,0.3468290442475784,2.5841558639924385,0.06774552835214213,6.791642734163469,21.079072688389026,0.9946318200236822,3.2709066702001994,0.7903333115281984,10.764813174887404,6
12.269629756391646,0.39017807522227677,0.5784529956879537,3.4155302476223897,0.06761633805957187,5.892275899615973,18.73345010342534,0.998220629549908,3.2079093475277856,0.6088430248702841,11.910220076970715,7
6.0246306396306295,0.49989284729354305,0.29075480408620674,1.4506016417661058,0.05304569818321318,7.727310543772974,19.534360790360072,0.9946566471774763,3.6471161479771794,0.7184012545319614,9.525958506940613,6
8.665759617214864,1.1051792643051654,0.24692695481525664,1.739209185088177,0.06585421778804801,9.863721605755503,16.656229672877892,0.9941298636104557,3.3260511211439456,0.62715160962227,11.746669817589622,4
11.090346880627992,0.32840495116370216,0.3414872575438013,4.201106108232812,0.06553903715120284,18.15332572786573,41.45769591895214,0.9987015999194546,3.138637830009183,0.40449233531395107,9.425966355166484,6
4.667543129177969,0.5767758873792854,0.26977282800130037,1.5829429691382995,0.1068307573454392,3.2553458319989916,50.88781804520211,0.9958155655916823,3.219219656255387,0.8034501121421651,10.894197736915741,6
8.668057913566109,0.6197162010244909,0.07812408681162585,2.365812061688306,0.24600060644642713,17.514968517338822,39.50692361533044,0.9968906569473526,3.2028782188873812,0.6151367619032077,9.10976633620548,6
6.938733676262511,0.8625634315694517,0.07221699347069267,1.3989269647456333,0.07908970302204799,1.0,23.707292483634568,0.9950774909284548,3.4416474256126497,0.4259839000637311,11.151448619557279,3
7.677232894280917,0.32992056977775885,0.0,2.3956023069701464,0.055094244927177426,8.343815769916299,54.32756178343773,0.993132432296878,3.23423409394283,0.5837458555875952,11.721902557086334,6
6.9899093865577875,0.1661568351975152,0.4167397756741731,1.6068084079815639,0.053371988250529974,25.59224625125872,14.959502949278376,0.9955650726378061,3.210252940894066,0.7543123377762457,10.312341863762374,7
6.862396250952917,0.9028032338237503,0.22065929315582478,2.505147028085176,0.056805154651240364,4.832554188261086,24.841180808396974,0.9949496270376965,3.2800718175385972,0.47620907860964684,10.089145278982993,5
7.7729574713585645,0.4554956374673577,0.12073919124286528,2.4488306532566924,0.07283209816622753,24.85093516758088,26.489429066836237,0.996465620215538,3.448872043763949,0.6250011844485652,9.57601129996368,5
9.565703398308216,0.3841577118809133,0.436335545028161,2.362113520968894,0.09447669030799735,33.59301895781388,84.46110923453982,0.9968795329089803,3.346000276952516,0.6354641401788519,9.948052915701938,5
6.87152022831742,0.698628727600711,0.0228637799901771,2.2938377891171258,0.08088915299631212,20.38373952436036,38.33056700538556,0.9953858135021635,3.4593591014699423,0.6265133845222449,10.82747555615228,6
7.627216732065489,0.5284898955672256,0.039869946725833647,4.251542425740716,0.13715847081809454,11.672483460564852,59.74695905659027,0.9970862832204916,3.2056813972808826,0.6853255210649081,10.128926006831989,6
6.330456782790487,0.6731283254260232,0.31222526126246686,2.720894422648346,0.056476314774436015,48.37203434398041,46.47839823749554,0.9942267215942823,3.4914930891178004,0.6049196307300344,10.604323891619273,7
6.8506501044548855,0.47872943962079884,0.23060917404265324,1.2091088024920642,0.19514590976527246,31.17953862373795,6.0,0.9965804466594367,3.262757919843679,0.5383600861456739,11.20214897816549,7
9.010479447362572,0.3695671531111199,0.4940824036935238,2.554724409891737,0.06934141312995107,34.18865466859848,37.659639323081194,0.9947000388701952,3.320500495611614,0.8988997854371749,12.748411295499084,6
10.319324519797663,0.21821324592766245,0.2351254199732153,1.2,0.0975937639522341,12.47749183135867,77.90390389871743,0.9975010560657391,3.182329816145875,0.69635622387449,10.8218101873752,4
6.3816547943570345,0.6719997440930991,0.18223230907333568,1.4743692321719708,0.06326893240111574,10.107819177776996,32.62175039318162,0.9933846955275368,3.3320660231338683,0.49039630086916136,11.273971580123806,5
7.4712245209573656,0.7649547954897755,0.0,2.208019828146797,0.06554260663481351,31.227477559191712,53.95641005378583,0.9971081615894153,3.3387419739096655,0.6052945560366985,9.126275067104793,6
9.231618357219308,0.3695573969383291,0.2756058855597024,5.213380542401726,0.1652976649640793,42.46457816194362,102.52373631475942,0.9981690822888306,3.2277935562035083,0.7408830457985662,9.42907459135074,5
7.734286670982903,0.4443620250302339,0.29122108912531464,2.022366794927796,0.0769222500040164,10.219555346473438,129.41919181043494,0.9967504812371233,3.3143384696913443,0.42622385548380193,9.609368675216082,5
7.619882521493342,0.5779025528921822,0.08194596700956168,2.42360402628799,0.09884220862256815,7.260440481024127,26.241592271995927,0.9944724526977493,3.3453147706292072,0.5478544249862615,9.97780648570586,5
7.644801637907242,0.5514158538043515,0.11024929935734276,4.007941421554669,0.12003322586535699,18.62555503504938,97.4613380505199,0.9962071510381881,3.291901899680526,0.8396532317481737,10.140789179510296,5
7.667553239931894,0.6022328159140272,0.11937581801235292,1.9977553343708105,0.1000512201418752,16.89517411782873,55.502917562068895,0.9962186203050943,3.318399414786756,0.4815650463673079,11.521428187504732,7
7.999354380888722,0.3776576802221546,0.5042922235022127,2.0554430546272386,0.09184922600687562,19.26041760890033,37.98260135707827,0.9940448669386737,3.2663222704622847,0.7201097925631819,11.398799885395725,6
8.223486979602006,0.7587276928783157,0.31200168046464094,2.0287818856644395,0.08935342131509781,21.634594707996037,149.2044329855598,0.996743435824858,3.20307092879803,0.650334218277676,9.428307733981523,5
10.348794278210715,0.46513377675167683,0.3274686548370014,1.2,0.08992571423997638,40.11273000648798,52.26474537424197,1.001089828791254,3.353934079428927,0.9202915079446881,10.106194730580818,7
12.663361876964053,0.32477189915702065,0.5570236774254067,3.3237687797981623,0.07264984623102756,17.417358085395186,64.4796658565036,0.9984197513231657,3.2509421941122603,0.9023880515779545,11.131762314258939,5
8.306034060280039,1.271040077298711,0.0,2.031830884178175,0.0836548377847738,21.182511597429222,20.23668175507592,0.9965456343199927,3.45727303667899,0.6218146677081842,10.804003608007577,4
5.620328018628075,0.6458250387071066,0.0,1.3283105724011017,0.07185003677277546,21.618403770899448,39.18146621788637,0.992546828570972,3.6295231071475795,0.6821642991175942,12.142474259839169,7
8.037752973356453,0.651596386186691,0.10951368884969256,1.7714641584636497,0.11375027160759692,12.42281782512733,38.39351979027514,0.997410020481282,3.3912009442780886,0.5051284541769238,10.619970448656483,4
9.067578372271818,0.702856626646168,0.08960444219357645,2.728817348485156,0.0942690961860936,7.282032057000684,43.42544213386831,0.999468783465347,3.3073078425912663,0.6563127665352759,9.604902768255728,6
7.076044168344293,0.5621100417518032,0.18855797085523732,1.9094947940692035,0.08420236188879238,7.9987357833917345,13.07039813358615,0.9979484976846545,3.504127522162695,0.6577775354714931,9.298562715539497,5
8.194012180055745,0.45990198009435923,0.20484863052941418,1.803585407874165,0.060360133714860084,11.788718895493478,46.69824098706134,0.9975345359331441,3.3898810052203885,1.0573575920965443,9.873630456425989,5
6.92481285613222,1.0543078718476757,0.050715033076046245,2.433214161243126,0.04873777735668889,25.201303544069617,69.2594644395048,0.9948452758182277,3.605762275998376,0.40666302464307297,11.86287457946769,5
10.79036572247384,0.4177010101755058,0.5675878113745365,5.955761982113305,0.09008740897584036,10.370500077884545,32.353556223435014,0.9987576664647297,3.2874588965236167,0.3762225533528413,10.03844442725679,7
6.137667449734715,0.5603497944663952,0.038606906243682,3.0603990495007234,0.07230559432159636,9.6829423631465,26.646677159753285,0.9924888340361153,3.3975521878062507,0.4591681610611994,12.59957245484709,5
6.301412324946627,0.38897697771376094,0.4405688981611564,2.8449400345409153,0.09143742326541074,16.949242537586,53.85684844732547,0.9958404971766758,3.1812391153968407,0.7860665487305979,10.192495925219653,6
7.279271528372059,0.5691607100841586,0.21435431877353603,1.9664468390192935,0.09511676186120985,10.395053851440013,14.945495577304538,0.9969011312349437,3.2290077854030197,0.5525512277671316,9.563348550593807,5
7.58771852145812,0.4050766654066647,0.46584276569601957,2.09138850771068,0.05487193441639781,24.889185811053924,56.62892400277185,0.9942626170589299,3.2916272783308096,0.958168298492461,10.71007411960054,5
9.331148974536593,0.7038611801005467,0.112137867362238,2.97410228863003,0.0876705093222074,17.378719267358505,47.29782815306316,0.9992197301547945,3.2132220682130654,0.5070556366827759,9.478071782810073,5
10.102122030866102,0.47513832358378855,0.6837861977776365,3.3930333845263623,0.10241254698233673,15.700825296765576,36.280674789672915,0.9969422500179826,3.014274330110431,0.7441046615467783,10.132933553715102,7
6.82554660411912,0.6459143422780157,0.23268870168271194,2.605979912640323,0.06605650623349295,22.175511224793503,53.01036273252735,0.9948979757068415,3.3010294136357565,0.5613747552800015,11.918106243924637,5
6.906855335007559,0.5118617211981458,0.09398107886484633,1.7924241016052784,0.07607508899707019,17.281567097898108,73.6954980193257,0.9957586843659053,3.318307869025664,0.5544557466456611,10.101105134060125,5
5.846671393112106,0.8718958766052249,0.23798332925181284,2.068424132548893,0.03999150448579245,20.624502948504333,87.1883627925755,0.9916231762331406,3.641589744269272,0.7114332937920953,12.054144373825787,6
6.730622199508397,0.49070529142866925,0.2295715496830557,1.8884491452668493,0.0628250545323592,8.288425698825996,26.483570394338248,0.996991401978303,3.4567867280473825,0.48542229914606877,9.745043322618569,6
7.787887301282257,0.6456572231569575,0.019342578119689986,1.857166042901787,0.07700709003473408,15.846570440952378,42.60299267260541,0.9956236086931446,3.3733284435732265,0.5145299365880862,10.010865276844589,6
8.555264763833948,0.42578767289286473,0.26270817679143266,2.0207533332815233,0.08607131732838404,24.81857470126476,50.331026656818494,0.9949814315131238,3.2753056148052906,0.5984379645213275,10.770162307803728,5
7.715408291906347,0.6457941485077038,0.3099030332267877,2.386624413424487,0.07836431087398542,12.5110259858896,21.588406151300447,0.998542588525218,3.424290344235254,0.6710836906166654,9.789947971172165,6
8.389604379134484,0.8462438089882051,0.10234666542119288,4.604787961575003,0.07848958049718777,34.780340798044556,61.57917656941674,0.9995386614613129,3.6140442459061033,0.4930916624125361,8.695153297221973,5
9.028545311244567,0.9146464424867712,0.1493390732304952,5.650633430336811,0.07021031528707702,15.387195431654616,6.760673741521856,0.9941981397515917,3.372189027819076,0.49554495780490077,8.79109564061908,3
7.866718796050737,0.5806282324296658,0.5073910561185909,2.0564678333340063,0.13170086491260952,21.262037593495855,132.4885990489642,0.997623204541352,3.3504406063118624,0.56045669313516,9.490456176865639,5
8.258209192156206,0.8096302254546326,0.3029852470542776,2.0317576579748544,0.09481324528063316,18.845667765921636,19.07853313507249,0.9967822106804421,3.27091549038238,0.6342921773833495,9.251233034383892,5
7.463558002520494,0.5864926811374729,0.03639610597561659,2.7811408505331343,0.07825204928433127,9.809233649193338,38.17431883233192,0.9958972151985757,3.371008258708532,0.43605839263446666,10.838713966101595,7
8.891576582648023,1.114023044490272,0.6037234598820997,2.239012627639308,0.07805699326332509,5.602148950303424,10.84272269317056,0.9930356410498801,3.488312797950633,0.5978989941670394,11.866119527067376,7
6.783580688676217,0.481402392771925,0.18141500025390314,2.262315657758521,0.07674405423324288,15.193224014272966,30.877834377251578,0.9959476727899873,3.543550621174272,0.43590548838118476,10.217038233610266,5
5.173327544003787,0.3590695865457533,0.5702775769045488,2.136180404658395,0.2820105284457751,8.043813566170705,41.718452137446626,0.9961804362616667,3.297669638627503,0.5895477262280472,10.060933320526154,4
7.95287568838427,0.7938224424851446,0.0,2.3159426427142864,0.0650962408914152,12.484632020460108,28.341443500902816,1.0002815937407938,3.466196857009748,0.8475265756775296,9.348307684734253,6
7.02002712676198,0.6257089670315438,0.22525816043612806,2.0338504962899258,0.0696070963719312,16.232130840929067,95.25306443916543,0.9961600104238966,3.2538357273623824,0.561138649751095,9.975263879188699,5
10.99152558004769,0.490714829566124,0.4734949836570259,2.921054591982494,0.08342815374835832,1.1467664767823784,74.60731536734407,0.9955534403257565,3.1525201174131654,0.70497284449239,10.517282662189473,6
4.920370446465622,0.3632458302091746,0.12965779608823635,1.9711761640904613,0.0495650606902643,20.761419007858507,26.650021083209825,0.9939137224871476,3.7296617184037526,0.5985831097539336,12.541499398824312,7
10.837618681130325,0.5337586837300754,0.734506106022298,3.3551354969665543,0.078748342876979,8.88556148385924,51.848112333722405,1.0002340886020076,3.2348776503614314,0.846202395384513,10.609824905667454,7
8.408829989300795,0.5621162202274057,0.3740339674154263,2.043385535646396,0.1599661426981009,15.540893265999173,28.21438629087092,0.9958958369826559,3.280612062168475,1.0817754292696784,12.157131545525962,5
7.175091163718864,0.553596197449733,0.16585137580263748,1.7389740005980237,0.06650203393374164,12.886727711635507,11.782970975810436,0.9972759570942956,3.415175323574667,0.46089766900172435,9.362318821355617,5
6.601909573214536,0.5576446923935408,0.0534684078022436,2.301183933847458,0.08372023758028156,6.950665178976967,11.032219642051073,0.995212661612143,3.2620000941689704,0.546577949287272,10.694715475143576,6
8.183853322181182,0.42356512625292014,0.09432064508695417,2.092301228372322,0.0820330897457156,7.835402457911444,8.123782525927115,0.995282542160979,3.33946371453706,0.7047907158761632,12.315721180514192,8
6.437376584126444,0.5150338109682963,0.25525002670080477,1.399444724723542,0.07294932048198514,1.0,30.918895683836062,0.996642954298595,3.325980569502775,0.5032790510575234,9.29883991719092,4
7.626613140407603,0.26886342480691244,0.5116425175714416,2.486261351572114,0.08261547151285994,4.7498581845401375,17.346198823937442,0.9978466681517734,3.057330236323326,0.9112093695582557,9.91968715374066,6
10.458406282607404,0.3466382299415192,0.5213729860553656,2.56086844592046,0.3125123663581151,12.153170017019585,15.709745920220456,0.9970114856097817,3.4723686630103856,1.395731882537428,9.611694636576624,5
6.150093329926115,0.5625803478111167,0.16951692845832303,1.685273410269156,0.06253037921101377,14.794857962305636,46.88633472120464,0.9945611268956718,3.5161941847187004,0.6666175525628474,10.140073872535266,5
6.979093016524075,0.5218357345750287,0.4044361888952048,1.6161597422384215,0.08642004523930355,22.31149372018218,86.95393750486193,0.9989474101982132,3.5347970170570235,0.674163815477572,12.333209070345145,5
7.435115264004471,0.6558574416741099,0.12078159469596153,1.9258972526505018,0.051166519363149705,7.203033464545984,46.56875174816858,0.9981293790548521,3.2960725148473853,0.7802698711129598,9.235012122501555,5
7.585646377995444,0.552785339364247,0.6241427524865866,1.730497747963079,0.31970687146831567,14.216065639163169,81.16468811194969,0.9968472850013745,3.2348995330027357,0.7407707082484905,9.275594297881453,5
11.936089012659894,0.6461302047361108,0.43475590924596474,3.896015192143368,0.1399706660237909,32.31092522778962,28.273146154121818,0.9997746000461175,3.297313801113879,0.9658511348925338,11.346155342284415,6
6.340856859527833,0.38945559340944047,0.24715700165795002,3.105168860719694,0.07171214205713276,35.02035722676396,87.81598384194052,0.993211603344751,3.2832762641040567,1.0188005177816533,10.38246924522412,5
10.21427662090425,0.4766936265868027,0.37552537704288025,2.3590256701315417,0.08647752235916947,9.317574872881105,30.605642342024314,0.9967772288579798,3.199817416196401,0.6270409083764074,11.153367019339633,6
7.972757176837253,0.5659776128675991,0.11111105152068422,2.2943524379674183,0.06985433447939333,6.273944675300075,17.09836308469808,0.9963226267892139,3.3744886827828453,0.5854736400606197,10.17982569728682,4
9.60867146650421,0.3036006473061921,0.3915482694038923,1.9443686769597242,0.08234711228807282,5.926658379818487,19.192921394663667,0.9976096076804624,3.0865768814395453,0.9438559470490914,10.846718166199249,7
7.976161377659119,0.35021252440125,0.28034673947159316,2.2597403448475326,0.07465342041365435,40.804940027551055,73.88470973828342,0.9973614938522826,3.123564338695464,0.5702551189915136,9.427470911296744,4
9.9121347507821,0.536130318884201,0.2806896545590787,2.337640929505704,0.23357186096449833,14.017937742839788,54.83930475139277,0.9963970005028018,3.0937309182326675,1.1782568413262278,10.088207825428526,5
6.616858327050844,0.47145946000485905,0.06648193691212373,1.9229653967049716,0.13273303095342742,6.465283133560591,19.96283343474579,1.0004160254929773,3.2076199730458286,0.9364799704326411,10.658021467868279,6
8.942074025726331,0.5072479756103622,0.5363174036806808,2.0373464707711277,0.06264649328583903,13.250486413807101,18.650639672385104,0.9967393569903641,3.2716728014641325,0.8214189970291634,10.18264134091419,5
8.000339304143434,0.5958870515988524,0.0,2.3477430314656385,0.03724293929231571,8.59869744237255,52.285365199844165,0.9966295018697832,3.3807168797388676,0.573172045963266,9.664861891905671,5
13.073669796213334,0.28596015138525266,0.5117977608897075,2.770764408263081,0.07759280320616121,16.843783563280013,32.75543076086381,0.9995955516991046,3.0510171704147044,0.6393278793357278,10.21690659603433,5
8.926382676824078,0.5389501956952263,0.3592432822888505,2.7835082940464133,0.07115997675906979,20.369168716530112,104.5873033894116,0.9967493277957995,3.3588796210178615,0.5924924085828446,9.485673044639647,5
6.129740522273632,0.5026669129724786,0.13500717775797497,2.5616527960715283,0.07392196598384641,26.17165583466645,93.29965295801642,0.9969188624585461,3.327532597440867,0.43390271390644025,9.320875663252776,6
7.2329253003562,0.49417574654326357,0.2517708797098054,1.5634006417346331,0.13032939058468676,8.32200585584403,6.0,0.9953718549002806,3.1774062347664604,0.6167216123121011,9.525728565633957,6
9.39412074141489,0.2774693214835197,0.6258030269706871,3.950501326442344,0.041716576224134105,5.4520076705755685,23.43775495584521,0.997669995778588,3.2030204806581697,0.7048088243938561,9.245731548055074,6
5.811862875391299,0.5683182379081558,0.14552249696586472,2.455152890144725,0.08623877151463477,22.056844792913683,57.9569239862959,0.995939770894063,3.348133628319251,0.592612428209017,9.845772307442745,5
8.575867915113614,0.5568714307412418,0.3267722601744829,4.1014409760040325,0.07091870326165214,37.65458783822723,102.64872320008777,0.9961460401347382,3.3694085226428587,0.5413058498848626,9.511450430902647,5
9.623081671010574,0.4861616936842701,0.6966408399325028,1.673570015219785,0.08235145247203572,41.20724480291025,18.83471709565785,0.9968998097370083,3.0936288425934544,0.6663913343205778,9.830410366966117,5
8.852147883314808,0.3876058531082369,0.3438605396500136,2.3912634718475623,0.051650937487781046,6.978292828361113,14.958876437319779,0.994221184588952,3.400759104408315,0.6948373404708119,13.029247255019353,7
7.000109997201505,0.4824090516287219,0.024867016162997045,1.9283132439328865,0.07467739984458469,41.70215958486041,69.90596157584889,0.9950366157876692,3.407054663543087,0.41232050140457854,9.775519580462232,5
11.89807068716441,0.6083050470965274,0.4998065500064092,3.1846211390925716,0.08175230238306165,15.16346333317534,71.00407466163838,0.9992959578820748,3.1769019225457744,0.6989475365639375,12.141684927887216,5
6.279570325646717,0.6411174918592534,0.05921638431785983,2.835338027527045,0.06553592939261632,38.756393773985735,43.47169577738031,0.9946704016726394,3.3940618181783826,0.6219384288052997,9.468606597828366,6
8.050845695334036,0.6081830043742087,0.11121048604202018,1.52421224176859,0.08346643716976816,19.812869576861097,36.824450061532644,0.9971136633141423,3.164173720074838,0.6454499391693812,9.322914753590563,5
6.646233168618129,0.7019047016538608,0.37989506173425924,3.7545010775896315,0.0783382695052508,18.86586455785855,102.55349343595435,1.0003205116843388,3.150080223639476,0.9100089494620183,9.277757283502483,5
7.4043736294481075,0.7089293216292826,0.0,2.478809552909027,0.07793895732640173,10.126405408707452,53.55221745251083,0.9975254624587957,3.3965178045163267,0.5989835791708487,10.320032051850482,7
9.1110065109219,0.3279428186182675,0.3618235996123109,1.609109067182348,0.06825498598078657,12.604084852384267,49.45019976546392,0.9967352106228436,3.2656015836569514,0.7608562254758664,9.727327593032976,6
7.751417098107162,0.347002117526622,0.19263150248482913,2.5188760490334317,0.08648903522706597,3.232114010236679,6.0,0.9953456913807318,3.2188102030564325,0.48209467140876217,10.41907285315418,6
6.904282883745013,0.2604498123171137,0.19313317629568738,1.7327564308681607,0.10172116843797635,18.51165268741838,103.58944086265159,0.9954094333095717,3.2055689928163638,0.4779600846637083,9.713938386976187,5
10.783796909175146,0.544010947833068,0.6963395564941725,4.183988719183259,0.1699377561371767,16.73438213761171,28.568255878195696,0.9975081820802082,3.2937490991630245,0.6824565366133417,9.67891907490796,5
7.551092193007099,0.5734367879763331,0.0,2.453981327749546,0.19187704568516242,1.0,38.423583414140666,0.9970990989704674,3.4514029152434436,0.6124262489915222,9.845435136912444,6
7.430979392980881,0.49716268310034784,0.0010162700032299715,2.655516573027305,0.06171939920466704,17.190133948227697,68.40176357138563,0.9940866024845388,3.331655629864534,0.6036009350401839,11.11283426479079,6
14.98177855745613,0.489685401421718,0.7297479345758826,1.2,0.012,14.663793651370407,27.112690310954598,0.9980485811177204,3.3242187798297715,0.8207872328777011,11.822268287465944,5
7.347441986756492,0.40772030352534167,0.26200314894131077,2.4745454954686084,0.07662051343373308,6.509661020961703,17.27603509626004,0.9938362610454453,3.186920830357092,0.3739656206387574,10.383686134639557,7
6.536426675126514,0.5838316049312925,0.0,1.679987914511504,0.07616848091414291,25.922831786056282,55.60166257833742,0.9934990782909776,3.451182581289144,0.531555667285961,10.32847445050098,5
6.437217501702745,0.5946824151907736,0.2811538045181574,2.116458653507139,0.07774356516514086,32.0606184292116,82.24040777842822,0.9973764287120338,3.3409175954812738,0.5890496079486579,9.442188184015038,5
7.1615027630788965,0.7598911644685531,0.04143187355246296,3.256624639347762,0.07240375141311514,10.013140243407356,34.941386020716834,0.9979939636815348,3.524985507662626,0.7159711676884678,9.271542460970112,6
8.200818274997866,0.3140050730679991,0.5128777675500545,2.170593056969219,0.09728468214410269,23.77463289329349,149.4060437931039,0.9970059211368517,3.1985379681429595,0.5182558774663166,9.555153103692028,6
10.452210157424966,0.4896745566211289,0.4663014494003087,2.357488816289402,0.07454348167256662,28.05188247365519,37.8258238441219,0.9981816537595611,3.335769516638544,0.6608133308982351,9.424863279182695,6
7.840293614473184,0.3106087607648642,0.1545931283059822,2.848821917757297,0.08889343949229156,15.200916691829992,64.16881239214408,0.9969066099719793,3.411875579293275,0.7479753718213993,10.074664593979366,6
7.538960365265261,0.595185182790651,0.24754187200082012,2.699417536500534,0.07765128454878502,7.794016005070952,6.0,0.9972843668658429,3.07999936747878,0.44995190688463926,9.49380318214836,4
8.363560833378184,0.24906588569753327,0.7084131642425187,1.2,0.09531208126194231,5.7211372222097,19.56618248117695,0.9957661917109378,3.184306330061478,0.7550084065786101,10.814175201334717,7
8.234226271165635,0.3047770533665935,0.44463225741040646,4.104087352268997,0.07967794578612923,5.6230462504701055,29.10825767543129,0.9968429727858674,3.2180801049234407,0.48697626214510453,9.162951842656025,5
7.28765966741065,0.5006532953980846,0.19097229171202243,1.9042132954085995,0.0703207762549514,17.145920831943265,67.62971877167827,0.9965757465174225,3.2710109235174327,0.5144799890595686,9.586040415622605,5
7.336316805955594,0.719538077003703,0.11689945825727427,1.7866207717904474,0.0804801373441979,17.907968371293038,41.14004147379809,0.9961535915903927,3.2895597897692808,0.8206581387433224,9.256050623307198,5
7.206750043527529,0.7611020054176508,0.14512493572708157,1.6206349131204731,0.08122825429661396,4.383902363832291,56.42530923556094,0.9951022600276935,3.2253803662864318,0.5091688511065096,10.399551335139588,6
6.753456792158855,0.5465660000046955,0.0,1.2,0.07889370650781717,13.104840769233004,22.994371464817014,0.9957926246801627,3.6244584571066008,0.5529605247364031,10.091740157349474,5
8.197972419267536,0.7174874490923538,0.5085978819191785,1.727568873191533,0.15424148926306439,21.183895726612423,80.0898579677299,0.9972036653539856,3.1539263321799114,0.6676230328225152,9.345351818329606,5
8.189835779005476,0.3441031908646526,0.32189055919847975,3.3471828289705154,0.061280156968079605,25.27059548478926,48.817957240506985,0.9968059776404066,3.4648129109232433,0.6656574951816135,12.95498849969627,7
8.311988174594998,0.24383694862122968,0.3981142891498636,1.7354380850994688,0.05585372176817119,5.423047987228141,26.833498296268836,0.9970467415097759,3.196380051847904,0.8461436782981426,10.899666849822394,6
8.586080145005614,1.262878997858834,0.1037241005628427,1.69273693584362,0.12809291646132576,1.9419578007809415,19.590678179320115,0.994434993227853,3.361436083364561,0.7182732241322547,10.097015987605348,5
7.619021726233991,0.5082280967352408,0.15281601598340439,1.8893796613873741,0.08024024095185174,16.40217850189609,41.02108282218161,0.9980294206025683,3.4303899325670306,0.7579769474664904,9.055565374614792,5
6.7134143832153494,1.1953340081889257,0.28060617480954064,2.388469587910587,0.09108541627689122,8.246604239404041,12.528261469931845,0.9962898359560436,3.3014547938569407,1.1421969967304624,10.749738958512443,7
10.952627687981161,0.4089473081119197,0.3360377792485547,2.556817875065906,0.11500239448772269,13.272148577276964,21.299792467785323,0.9977785343864661,3.35733227324048,0.6754210245177467,10.366604024990886,6
7.803690387766758,0.5521066346883344,0.03705937283925355,1.9723989344653121,0.07740618551748209,16.807613278778852,21.676283259881693,0.9991262886938811,3.570163975629371,0.6453853060490338,9.26789365853323,5
12.9914753323857,0.3756963267735892,0.513327769380437,1.921638023051851,0.17331462405369064,6.368195024790085,20.364823461909534,0.9989058566172286,3.1230438003381216,0.7793011711593436,11.33165774698117,6
6.952938268758335,0.4529941184432866,0.10432366305151064,1.932185980487553,0.04520355637230246,14.958163340058343,59.707470201375614,0.9962569996365099,3.4551745769260966,0.648105752535365,10.498311536721111,6
7.546273675557956,0.5317991789912233,0.31770215184672485,2.254269790040598,0.0802124888603976,31.406900167270376,58.94653444483046,0.9978096172943844,3.340314345849492,0.5702964476304829,10.371317760350346,6
6.838611629716212,0.779476412775146,0.1628901706144721,2.8649046782171688,0.07809839293104794,10.152740800268903,52.13818401026221,0.9956448534427822,3.069778123167308,0.4935629998332898,9.572287327826015,5
8.277200125758005,0.3494009650691355,0.49071538387628033,2.047502642075839,0.12354398938390276,2.744925382536654,10.541183485671665,0.9956031511854181,3.3362070111479083,0.6046653433684024,14.542350554917313,6
5.957743253268285,0.5421923207402158,0.6238034825326939,3.172964994268097,0.13659539100177717,1.0,6.0,0.9978570385860378,3.3344402838063187,0.6265377172961343,10.012244877948707,6
7.684489556036437,0.4129658149617193,0.49898982943594067,2.5132830416179086,0.07743143815000994,11.761502188791944,30.80352091816718,0.9959930578093806,3.0229946286308045,1.1885765433524031,9.723896437905807,5
9.476082672278881,0.5931215669939771,0.494840427488064,1.5329205888934827,0.2505742635442142,30.011936463760613,146.95265382162358,0.9976587082187259,3.124829182132202,0.9293926150399152,9.919538465186847,5
7.46653700907821,0.631165208661156,0.37809043577717216,1.927985728353362,0.14301279457386296,3.484318935619653,34.740995016712944,0.9960732019140744,3.5303046798003455,0.7813944714564353,9.250279834391659,6
8.054644191141577,0.38982488192631654,0.5641437871316622,2.6848449767229137,0.07087016080594609,7.753948144175437,7.9927061952144,0.9955146646881134,3.2403488696440106,0.7204916122088529,12.863614563000414,5
6.574876852365209,0.6294278939070759,0.10096397625160494,1.6812344689031435,0.055792048970696215,3.970610638849176,14.231546125526165,0.9973442887654698,3.179491924699856,0.47475281289983917,9.782642140282956,7
7.649051268895627,0.6992215124179522,0.049990396896903516,1.6479797550221271,0.056026022481965386,6.0616835536486455,23.71181529356315,0.9944814713655306,3.286990531064101,0.6619482071486278,8.617321916267503,5
6.394207604678204,0.5013785858883091,0.3473930125814899,2.1079056748280296,0.08588707625752919,22.04664210915955,25.592429865767237,0.9963634162789358,3.0895780603956458,0.5910091253213309,11.834499938789847,7
6.042729612088417,0.44023607856993136,0.5439195724492054,1.7386910527536434,0.11751710101507634,6.204203853719505,45.12945713298567,0.9963814280008493,3.399268039252671,0.980773936100347,10.320471161758709,6
7.743182182346078,0.7393823668889452,0.2836980087365712,1.2,0.07530864836711142,31.92410101930394,27.679008424829412,0.9964202211311248,3.3146572257768887,0.7676070841943108,9.954467325367236,5
12.659342911814536,0.6391034678877012,0.4945681834869432,1.5287452799139394,0.09804675861947021,6.3163029429078925,14.79469453565622,0.9989706666046886,2.881141107671227,0.6839341603286415,9.640553196187211,5
9.77873204671454,0.809164309033199,0.4414835043917103,2.5667998603934117,0.3313963327842632,19.754525737709326,71.14527227637845,0.998665693378657,3.406261141187089,0.8210555114693152,9.835116403135377,5
7.2063999525599725,0.21239027275824096,0.2809222337525439,1.8205129942749854,0.09871545323256596,24.930685650980987,39.39652269124299,0.9973524726124661,3.366419082901873,0.6155070969498928,9.267294775700716,5
6.673310468998402,0.2422167045953263,0.29111518688260785,2.9466761063789173,0.0635599349993792,13.217950929778993,18.31290245692297,0.9948355884044571,3.2616198925447413,0.5981127481841724,9.392685984118277,6
7.913436806988086,0.5320162111057667,0.10313786044154283,2.2304241913522924,0.06890612275474198,7.772016659087335,29.313427613820743,0.9948446628120017,3.215720119614382,0.4309257661624372,10.995169414495948,6
9.79514379023993,0.3791895903071152,0.5055367832281253,1.8282979555945897,0.046890746530150934,8.688197499308922,39.560939323319765,0.995321288574528,3.243027760340385,0.796542720413421,11.177477090854909,6
8.057357862531337,0.2848968594567564,0.36439601882910316,2.764275274631536,0.10077141175448523,5.33776254144482,13.58038888541915,0.9949470613897118,3.252445757774599,0.5997226844541932,10.380507221008456,7
6.7673478388882815,0.19991662959033168,0.3817415523268177,1.9175794850840462,0.06388068393336682,26.869311120858274,62.18830345430171,0.9949366924290921,3.3796943200139884,0.8287493155645816,12.716082667013625,7
11.591734475463168,0.6503352757607443,0.6536156309118792,2.2636490577193213,0.09790011482511987,14.959785274371914,18.060438704562564,0.999431432122074,3.214629005271861,0.7530555856757825,13.283656283374231,5
9.02248415926651,0.48637121448424336,0.232459544010965,1.7946810205021144,0.047028681937837304,6.4897622965988395,32.434197040178155,0.9940331789226768,3.3511569131771846,0.5437387881738482,10.161660632519071,6
8.258658631453518,0.6071449435123052,0.2039726594239343,2.121529064410514,0.1162626022492053,37.45017527519487,48.930653416607385,0.999258489430349,3.0126759171679756,0.37,9.94658471286439,5
10.623757823158464,0.3781615956936437,0.5668343631678299,1.9516993013512398,0.08765372278796976,16.049321037541347,20.33701921015941,0.9967767654769333,3.380032481098111,0.6474815584447845,9.983094808082674,4
7.7,0.4441604792990047,0.1217106674947726,3.0421885528611097,0.08438712554259138,25.42774879222614,56.9919160711286,0.9967816551226374,3.1512489201991576,0.42557143561071964,9.603483808909163,5
10.612196573053309,0.12,0.47434838341523855,1.8366084233766422,0.0723875514513597,6.3614642945706175,50.24121112595817,0.9980536365444312,3.1880751906815212,0.7118663035127434,10.461405537858575,7
9.091262189077248,0.43927873661183503,0.5204861951982671,1.8352180659031982,0.09961675816684361,32.31268401849479,103.12755204988942,0.9989819832068545,3.3577468337133114,0.8990787215064888,10.033863254971083,6
6.038979962764479,0.5494147943225968,0.027411848633481246,1.6972504063092457,0.06265907252754012,37.976427082705456,13.961564388480326,0.9932932301161094,3.7700565770587278,0.6037821617479696,12.243966052863156,6
11.67476687560601,0.5974277889083305,0.4498392065784979,2.389893073166274,0.057356308504856915,12.874939718158542,32.28415706938389,0.9965815543041542,3.022650302307606,0.6385019957691167,9.088728453901833,6
8.169341893664825,0.7394981311507073,0.3398626140437695,3.4436767723986543,0.05150625178443054,9.757162725176926,63.140951987951176,0.9962805367953601,3.0988900116890075,0.6281206985056356,9.736101987267125,6
9.704541776539601,0.6020933310652549,0.18496702081485727,1.5451174385472515,0.08809690594640673,27.482583159058244,133.9960368235822,0.9982614106376319,3.253400139637637,0.548235324881074,9.5408611267732,6
8.495336305265392,0.8684317692225921,0.02076246834782763,1.8967663877771916,0.11966299524552092,24.337452065037322,45.78537322627033,0.995851521772612,3.262090587893981,0.6339876651365763,9.783373090777603,5
6.886262801804631,1.0225687817405598,0.0,1.2837886872920985,0.06664997980591897,14.10203041941815,50.719338604195826,0.9940114067548229,3.4548235347873337,0.4221717067459458,9.967250236098073,6
7.496613505669573,0.3537816110198869,0.22843938216322268,1.72265207596804,0.05884934594561353,16.648933199085914,38.547580419516514,0.9960281224316296,3.222432319863343,0.448054956872961,11.057712105635426,6
8.53745849154919,0.5465700223440815,0.1856626409027516,1.925284294078177,0.051955577100428044,46.74346489935949,76.86162160196712,0.9927878671255559,3.5415650434030774,0.7807754511291501,14.9,7
6.385670267791237,0.403546781054097,0.07945994893687948,1.3225053651640337,0.06654133484990207,11.627274586748383,35.28370136174205,0.9965386808682918,3.3968902836108286,0.5205341406445784,9.107994315482905,5
5.1437853169799705,0.5549498553354476,0.0,1.3857415771869979,0.07527473809574535,11.933429888560118,35.89468831176614,0.9954961024475677,3.302530999313661,0.5368018122937137,9.45602722111578,5
6.806857551812501,0.6589778882798277,0.020945531140091428,1.2,0.09681844185818217,29.226731365057354,91.96969002292722,0.997272717664399,3.2384369077357467,0.5430765711256289,9.234678682900697,5
10.369324093650032,0.44673359869735885,0.5609691697233585,3.5026521991639914,0.10358017129867333,4.7280012909733795,38.36244574573008,0.9980652402152108,3.392538072906696,0.6103875175626021,11.38243015857221,6
10.20807797311318,0.5950256247619236,0.1922408247165994,1.9147694989094841,0.07864047876628188,20.25718987093893,67.38065564950114,0.9944118524226156,3.2462572819954727,0.6186555671724554,11.473395529332056,6
8.756440124788138,0.8482658479295485,0.17858629655970293,2.554742522127858,0.10460209968181361,17.414102020845164,101.14405618309493,0.9967417433924591,3.4130074387243536,0.5861219300190619,9.790418746071321,5
6.5938816853473465,0.6342195099012036,0.16013228125617102,1.806686238945873,0.0527275444683572,26.04548783028952,48.05176520053571,0.9942898121205868,3.698854631891322,0.5421692811719562,11.806077216854272,5
9.946927104497133,0.4636730792383945,0.21097020524990007,2.5208457652416354,0.08378147032963831,16.684913229806206,132.35473414506944,0.9974001691132978,3.3397304036712057,0.5836103612496722,9.820966278325375,5
6.938524420970121,0.48685968011496583,0.287924571174754,1.8256631551201277,0.07071633835232875,32.85029297330911,121.54960576053227,0.9989655021759307,3.591502493384526,0.616550500276493,9.888369734588988,5
7.039273808083925,0.5076571084089023,0.168610740074221,2.10508648094327,0.07473925667693687,3.0316521510186574,6.0,0.9945078349013765,3.1371056824767036,0.45283494590949147,11.591494490978869,8
7.5073389071424845,0.4561248072177944,0.3822632880087092,1.2,0.012,31.977430885342685,112.57286786737762,0.9921002515058455,3.232341475392922,0.40832805816921414,13.77619631969458,7
11.175869104884582,0.26367993119507427,0.5384409258717616,2.69848097234892,0.061801789095000136,6.0380573573681415,17.039168944013273,0.9966372363397631,3.265454453390837,0.6503236606183835,9.645459812510417,5
11.122446785483593,0.6505036870492489,0.1258088417261932,2.0348160110649194,0.08716889112669118,11.848017173284173,64.20389589657536,0.99877734659365,2.9150413136548106,0.6290921575282379,10.411554131460631,6
6.5434395459118635,0.37164899335559687,0.11320391339996082,3.3209535947880733,0.06870444313416998,28.95003617629059,100.91423531602169,0.9955306958623343,3.407136958266921,0.732104815124043,9.645843906694457,6
7.133565413355597,0.3941204962801167,0.19565362671741246,2.2744312457812033,0.08802082510189917,33.39794769014121,43.56049176135955,0.9951653824496647,3.4029538957950134,0.5736575058889141,8.922460214452752,5
9.249367667616262,0.4350580582981912,0.2980323074631109,2.108527358572278,0.06360727336606216,18.332103029526987,25.95854922731724,0.9943663587387207,3.2288515629567707,0.7050954701384695,12.028986876457243,7
5.930957763669785,0.7909718753584143,0.3224577662427822,2.5425356936171952,0.04702329341668176,29.806732305347715,102.84109070543857,0.9952535848870152,3.8199359144613556,0.5289032180238483,9.2305885090696,5
7.188221006212885,0.5344739654410955,0.16357685877074876,2.519779621670768,0.07864416573615368,23.45332795040695,64.0609688223833,0.9952430485615594,3.424449455748231,0.5977055926879447,9.35571545852046,6
7.416131711975661,0.4242066856942761,0.14059442287006393,4.113684536013468,0.0829064553055336,38.46264717341199,121.41648746554029,1.0006428565734882,3.2944874067381207,0.7116516768694992,9.514809043517864,5
8.794032687649555,0.40572206355496043,0.38252949912647954,4.339792659747418,0.05727128085922318,21.83090135763718,41.535755205514334,0.9961578726739148,3.2464523358388244,0.7662652296048286,11.78786365410559,6
7.734146726628693,0.5601667274717175,0.32731228618674846,4.69320038463328,0.08783172627575127,33.60468238428479,41.03283975341691,0.9954075810153292,3.269264841040181,0.49700612464650407,9.82153891300137,5
8.518726377763848,0.33107062979170826,0.2393864065997978,1.4746355876685318,0.06838018386270486,8.17686884847317,6.0,0.9941371099839569,3.350692305227962,0.7635269632300471,10.18745616047693,6
7.867439999586533,0.44530224192438317,0.15326115082366243,3.257431458631884,0.09704717278079789,14.775931308246202,98.14377135907586,0.9974243441423479,3.2594997846578124,0.5645033516370637,9.916851328631749,5
6.751562644819945,0.3019199051809668,0.2999970982087296,1.5517377906265182,0.10469757979957539,8.255950771220798,32.89507627333299,0.997495534218646,3.344342174854283,0.579300992055153,9.404009463723058,6
5.173795552577536,0.3644897308785663,0.79,4.159184006335775,0.06524153134860404,23.125930086319006,67.66876966508264,0.9936696829762075,3.34186302857954,0.5362592722177173,9.840075315400107,6
13.708609552403361,0.2767754318329578,0.4022191112860667,2.1969951754478356,0.06676386058626298,9.522584235119385,34.972813317572125,0.9985363638651401,2.97094456086862,1.0836932951386282,10.908998459118443,6
13.501255750590113,0.6024545857674521,0.3579907555945823,1.6718806341961032,0.125604594790358,19.10303675934727,12.350725664852206,0.997733576070496,3.3435008726078252,0.8367120528361036,10.590115519242241,5
