age,job,marital,education,default,balance,housing,loan,contact,campaign,previous,poutcome,y
76,housemaid,married,primary,no,268,no,no,cellular,3,0,unknown,0
56,admin.,divorced,secondary,no,-3167,no,no,cellular,6,1,unknown,0
32,technician,single,secondary,no,3235,yes,no,unknown,4,0,unknown,0
56,entrepreneur,married,secondary,no,-629,no,no,cellular,4,1,unknown,0
36,services,divorced,tertiary,no,-7,yes,no,unknown,5,1,unknown,1
56,technician,divorced,secondary,no,8053,no,no,cellular,6,1,unknown,1
40,services,married,secondary,no,-3134,no,no,cellular,4,2,unknown,0
56,housemaid,married,primary,no,-2557,yes,no,cellular,2,2,unknown,0
37,blue-collar,single,secondary,no,2538,yes,yes,cellular,10,3,failure,0
38,blue-collar,single,secondary,no,833,no,yes,cellular,3,1,unknown,0
53,unknown,married,unknown,no,362,no,no,cellular,6,1,unknown,0
48,self-employed,married,tertiary,no,-752,no,no,cellular,6,1,unknown,0
46,blue-collar,married,secondary,no,2284,yes,yes,cellular,1,3,other,0
51,management,married,tertiary,no,435,no,yes,telephone,16,2,unknown,0
64,management,divorced,primary,no,2590,yes,no,telephone,1,6,other,0
33,blue-collar,married,secondary,no,2913,no,no,cellular,4,0,unknown,0
32,technician,married,secondary,no,10797,yes,no,unknown,3,2,unknown,0
32,blue-collar,single,secondary,no,2095,yes,no,unknown,4,1,unknown,0
37,blue-collar,married,primary,no,1708,yes,no,cellular,3,1,unknown,0
70,retired,married,secondary,no,22476,no,no,cellular,9,2,unknown,0
54,management,married,tertiary,no,661,yes,no,cellular,1,1,unknown,0
26,services,single,secondary,no,1001,no,no,cellular,2,0,unknown,0
69,retired,married,secondary,no,600,yes,no,cellular,5,1,unknown,0
53,management,married,tertiary,no,2790,yes,no,unknown,2,0,unknown,0
40,technician,married,secondary,no,3080,no,no,cellular,2,1,unknown,0
27,technician,single,secondary,no,-2925,no,no,cellular,4,0,unknown,0
26,services,single,secondary,no,2290,yes,no,unknown,6,0,unknown,0
29,blue-collar,single,secondary,no,1278,no,no,cellular,6,2,unknown,0
35,entrepreneur,divorced,secondary,no,1145,yes,no,cellular,5,1,unknown,0
31,blue-collar,single,secondary,no,3454,yes,no,telephone,4,1,success,1
29,blue-collar,married,primary,no,-2944,yes,no,cellular,1,2,unknown,0
57,admin.,married,secondary,no,226,yes,yes,unknown,2,0,unknown,1
49,technician,married,secondary,no,-516,yes,no,cellular,4,1,unknown,1
23,technician,married,tertiary,no,11203,yes,no,unknown,4,1,unknown,0
35,entrepreneur,single,primary,no,-2087,no,no,cellular,5,2,unknown,1
48,blue-collar,married,primary,no,882,no,yes,telephone,1,1,unknown,1
26,services,single,secondary,no,-2238,no,yes,cellular,4,0,failure,0
32,management,married,tertiary,no,2303,yes,no,cellular,1,1,unknown,0
45,management,married,tertiary,no,331,yes,no,unknown,5,0,unknown,0
37,management,married,secondary,no,2166,yes,no,cellular,1,0,success,1
55,blue-collar,married,secondary,no,-1025,yes,no,cellular,3,1,unknown,1
27,technician,single,secondary,no,3268,no,no,cellular,5,2,unknown,0
41,management,divorced,tertiary,no,-3261,no,no,cellular,6,1,unknown,0
80,retired,married,primary,no,-1639,no,no,telephone,5,1,unknown,0
51,services,married,unknown,no,2151,yes,no,cellular,5,14,failure,0
48,admin.,married,tertiary,no,3235,no,no,cellular,2,1,failure,0
51,blue-collar,married,primary,no,2478,no,no,cellular,9,2,unknown,0
68,retired,married,secondary,no,-1263,no,yes,unknown,4,0,unknown,0
52,unknown,married,unknown,no,-2710,no,no,cellular,3,0,unknown,1
45,blue-collar,married,secondary,no,1972,yes,no,unknown,4,1,unknown,0
26,blue-collar,single,tertiary,no,2136,yes,no,unknown,3,1,unknown,0
34,blue-collar,married,primary,no,-2862,yes,no,telephone,3,1,unknown,0
45,technician,single,tertiary,no,3651,yes,no,cellular,5,11,success,0
29,services,single,primary,no,619,yes,no,unknown,4,0,unknown,0
32,management,single,secondary,no,-3063,yes,no,cellular,6,2,unknown,0
55,retired,married,primary,no,260,no,no,cellular,6,3,failure,0
26,management,single,secondary,no,-794,no,no,cellular,5,2,unknown,0
43,admin.,single,secondary,no,-2536,yes,no,cellular,6,3,failure,0
51,management,married,tertiary,no,3283,no,no,cellular,13,1,unknown,0
28,admin.,single,secondary,no,3650,yes,no,cellular,3,0,unknown,0
26,management,divorced,tertiary,no,-2389,no,no,cellular,24,2,unknown,1
41,self-employed,married,tertiary,no,7,yes,yes,cellular,5,1,unknown,0
46,entrepreneur,married,secondary,yes,-1276,no,no,cellular,7,1,failure,0
31,management,married,tertiary,no,1696,no,no,cellular,1,0,unknown,0
47,blue-collar,married,secondary,no,4955,no,no,unknown,5,1,unknown,0
47,blue-collar,divorced,primary,no,-828,yes,no,unknown,6,1,unknown,0
53,admin.,married,secondary,no,-256,yes,no,cellular,3,2,unknown,0
33,management,married,secondary,no,209,no,no,cellular,9,1,unknown,0
38,technician,single,tertiary,no,-71,yes,no,unknown,3,2,unknown,0
34,technician,married,secondary,no,1128,no,yes,unknown,3,1,unknown,0
43,self-employed,married,secondary,no,3692,yes,no,unknown,4,2,unknown,0
29,services,single,secondary,no,3627,yes,no,unknown,4,1,unknown,0
34,blue-collar,married,primary,no,3447,no,yes,cellular,5,2,unknown,0
31,technician,married,tertiary,no,2863,yes,no,cellular,3,0,failure,0
47,services,married,secondary,no,-1612,yes,no,cellular,3,1,unknown,1
37,management,divorced,tertiary,no,-1492,no,no,unknown,3,2,unknown,0
33,management,married,tertiary,no,112,yes,no,unknown,6,0,unknown,0
29,student,divorced,tertiary,no,8930,no,no,cellular,4,1,unknown,0
41,management,married,secondary,no,1204,no,no,cellular,5,1,unknown,0
34,management,single,tertiary,no,-709,yes,no,cellular,6,0,unknown,0
66,blue-collar,divorced,primary,no,4076,yes,no,cellular,1,4,failure,0
58,management,married,tertiary,no,-986,no,no,cellular,10,0,unknown,0
28,blue-collar,single,primary,no,-3169,yes,no,unknown,2,1,unknown,0
45,technician,married,secondary,no,-2637,no,no,cellular,3,0,unknown,0
41,blue-collar,married,primary,no,-1753,yes,no,unknown,4,2,unknown,0
28,services,married,secondary,no,2132,yes,no,unknown,1,2,unknown,0
52,management,married,secondary,no,10401,no,no,cellular,9,2,unknown,0
30,technician,married,secondary,no,-3002,yes,no,cellular,4,1,other,0
46,management,married,tertiary,no,13353,no,no,cellular,3,2,failure,0
32,blue-collar,married,primary,no,-1507,no,yes,cellular,4,2,unknown,0
34,technician,married,secondary,no,2547,yes,no,unknown,3,1,unknown,0
21,admin.,single,secondary,no,3375,no,no,cellular,7,2,unknown,0
44,management,married,primary,no,6099,no,no,cellular,2,11,other,0
35,services,divorced,unknown,no,-2550,yes,no,unknown,6,1,unknown,0
48,blue-collar,married,secondary,no,3890,yes,no,cellular,9,2,failure,0
40,unemployed,married,tertiary,no,3924,no,no,telephone,4,0,unknown,0
40,management,single,tertiary,no,2026,yes,no,cellular,5,1,unknown,0
43,blue-collar,single,secondary,no,208,yes,no,cellular,5,2,unknown,0
41,entrepreneur,married,tertiary,no,2251,no,no,cellular,5,1,unknown,1
30,technician,married,secondary,no,9854,yes,no,unknown,3,0,unknown,0
48,blue-collar,married,primary,no,482,yes,no,cellular,4,1,unknown,0
29,technician,single,secondary,no,-1292,no,no,cellular,3,2,unknown,0
46,blue-collar,married,secondary,no,8049,no,yes,cellular,1,1,unknown,0
42,blue-collar,single,secondary,no,1621,yes,no,cellular,6,1,unknown,0
36,admin.,married,secondary,no,-897,yes,no,cellular,11,8,failure,0
38,management,single,tertiary,no,1450,yes,no,cellular,3,2,unknown,0
40,management,divorced,tertiary,no,-2220,yes,no,unknown,5,0,unknown,1
27,services,single,secondary,no,3920,yes,no,unknown,12,2,unknown,0
52,entrepreneur,married,primary,no,-1738,no,no,telephone,5,1,unknown,0
51,blue-collar,married,secondary,no,-1627,no,no,cellular,1,1,unknown,1
41,technician,married,tertiary,no,3841,yes,yes,cellular,2,20,failure,0
47,admin.,married,secondary,no,3765,yes,no,cellular,3,2,unknown,0
51,services,divorced,secondary,no,3580,yes,no,cellular,4,2,unknown,0
52,management,married,secondary,no,2954,yes,no,unknown,5,0,unknown,0
27,blue-collar,married,secondary,no,3009,yes,no,cellular,5,0,unknown,0
66,retired,married,primary,no,2805,no,no,cellular,5,2,other,0
45,blue-collar,married,secondary,no,909,no,no,cellular,2,1,unknown,0
36,admin.,divorced,secondary,no,-2760,yes,yes,telephone,6,1,unknown,0
49,unknown,single,tertiary,no,2139,no,no,telephone,1,1,other,0
46,technician,married,secondary,no,2914,no,no,cellular,3,1,unknown,1
53,unemployed,married,secondary,no,2929,no,no,cellular,3,2,unknown,0
52,technician,married,tertiary,no,26812,yes,yes,cellular,1,2,unknown,0
27,blue-collar,single,secondary,no,-2856,yes,no,unknown,17,1,unknown,0
44,management,married,tertiary,no,2130,no,no,unknown,11,2,unknown,0
27,blue-collar,married,secondary,no,322,no,no,unknown,6,2,unknown,0
38,technician,married,secondary,no,3345,no,no,cellular,3,1,unknown,0
43,management,divorced,tertiary,no,4068,no,no,cellular,6,0,unknown,0
48,management,married,tertiary,no,17,yes,no,cellular,5,1,unknown,0
34,services,divorced,secondary,no,1720,yes,yes,unknown,1,0,unknown,0
31,services,single,secondary,no,1642,no,yes,cellular,4,2,unknown,0
33,management,married,tertiary,no,1855,no,no,unknown,2,1,unknown,0
34,admin.,married,secondary,no,-574,yes,no,cellular,2,1,unknown,0
50,services,married,secondary,no,1451,no,no,cellular,5,2,unknown,0
58,management,married,primary,no,-2808,no,no,cellular,2,1,unknown,0
43,management,married,tertiary,no,3393,no,yes,telephone,3,0,unknown,0
21,technician,married,secondary,no,9528,no,no,cellular,1,2,unknown,0
52,management,divorced,secondary,no,2666,yes,yes,cellular,3,0,unknown,0
27,management,single,tertiary,no,131,yes,no,unknown,2,2,unknown,0
26,self-employed,single,primary,no,-1785,no,no,cellular,2,1,unknown,0
54,services,divorced,secondary,no,48,yes,yes,unknown,1,0,unknown,0
35,blue-collar,married,secondary,no,9207,no,no,cellular,3,2,unknown,0
53,entrepreneur,married,tertiary,no,771,no,yes,cellular,1,1,unknown,0
34,management,single,tertiary,no,-2504,no,no,cellular,6,1,unknown,0
48,technician,divorced,tertiary,no,-3285,no,no,telephone,2,2,unknown,0
50,unemployed,married,primary,no,-349,no,no,unknown,17,0,unknown,0
47,services,married,secondary,no,-1489,yes,no,unknown,1,1,unknown,0
28,unemployed,divorced,primary,no,-1624,yes,no,cellular,5,2,unknown,0
38,blue-collar,married,secondary,no,-1663,yes,no,telephone,2,1,unknown,0
32,management,divorced,tertiary,no,-216,yes,no,cellular,1,1,unknown,1
50,blue-collar,married,secondary,no,1866,no,yes,cellular,8,3,failure,0
30,blue-collar,single,secondary,no,3489,yes,yes,unknown,5,2,unknown,0
56,entrepreneur,married,secondary,no,1728,no,yes,telephone,5,2,unknown,1
47,management,married,tertiary,no,-3159,no,no,cellular,8,2,unknown,0
53,blue-collar,married,primary,no,3151,yes,no,unknown,4,0,unknown,0
33,blue-collar,married,primary,no,1224,no,no,unknown,1,0,unknown,1
59,management,divorced,tertiary,no,2139,no,no,unknown,5,1,unknown,0
30,blue-collar,single,primary,no,1259,yes,no,cellular,14,2,unknown,0
46,management,married,tertiary,no,-674,yes,no,cellular,2,0,unknown,0
33,blue-collar,married,secondary,no,-786,yes,no,unknown,5,2,unknown,0
43,admin.,married,secondary,no,-2781,no,no,cellular,2,2,unknown,0
42,blue-collar,divorced,primary,no,1634,no,no,cellular,3,1,unknown,0
44,management,married,tertiary,no,-2911,yes,yes,unknown,2,1,unknown,0
41,entrepreneur,married,tertiary,no,1761,yes,yes,unknown,4,2,unknown,0
59,retired,married,unknown,no,3475,no,no,cellular,2,1,unknown,0
46,management,married,tertiary,no,1663,no,no,cellular,9,0,unknown,0
56,management,married,tertiary,no,1203,no,yes,unknown,2,1,unknown,0
44,housemaid,married,primary,no,2707,no,no,cellular,1,0,unknown,0
32,student,single,unknown,no,11287,no,no,cellular,2,2,unknown,0
51,services,married,secondary,no,2741,yes,no,cellular,5,1,unknown,0
37,self-employed,married,tertiary,no,4063,yes,yes,cellular,13,2,unknown,0
51,retired,married,tertiary,no,111,no,no,cellular,4,1,unknown,0
32,management,married,tertiary,no,-3204,no,no,unknown,4,1,unknown,0
48,blue-collar,married,secondary,no,1264,yes,no,telephone,2,1,unknown,0
44,technician,single,secondary,no,1444,yes,no,unknown,2,2,unknown,0
38,management,married,tertiary,no,3117,yes,no,unknown,3,1,unknown,0
58,blue-collar,married,secondary,no,1248,yes,yes,telephone,5,0,unknown,0
55,admin.,divorced,secondary,no,-606,no,no,cellular,5,1,unknown,0
51,blue-collar,married,unknown,no,-3278,no,no,cellular,3,0,unknown,0
58,blue-collar,married,unknown,no,2875,yes,no,cellular,4,1,unknown,1
43,blue-collar,divorced,unknown,no,1341,yes,no,cellular,7,1,unknown,0
50,self-employed,single,tertiary,no,4028,yes,no,cellular,6,2,unknown,0
35,admin.,married,secondary,no,1108,yes,yes,cellular,4,1,unknown,0
23,admin.,married,secondary,no,3040,yes,no,unknown,5,2,unknown,0
43,blue-collar,married,secondary,no,2441,yes,yes,cellular,3,0,unknown,0
53,management,married,tertiary,no,4069,yes,no,cellular,4,1,unknown,0
37,technician,married,tertiary,no,131,no,no,cellular,4,2,failure,0
39,blue-collar,married,secondary,no,3371,yes,no,cellular,4,2,unknown,0
32,admin.,single,secondary,no,7093,no,yes,unknown,10,2,unknown,1
37,services,married,secondary,no,-3229,yes,no,unknown,2,1,unknown,0
35,admin.,single,secondary,no,-886,yes,no,unknown,5,2,unknown,0
31,services,single,secondary,no,-696,yes,no,cellular,3,0,unknown,0
43,management,married,tertiary,no,4080,no,no,cellular,4,1,unknown,0
29,blue-collar,single,primary,no,-371,no,no,cellular,2,4,success,0
38,management,single,secondary,no,-1266,yes,no,cellular,3,1,unknown,0
26,blue-collar,married,secondary,yes,1833,yes,no,cellular,5,2,unknown,0
24,student,married,secondary,no,-2588,yes,yes,unknown,1,2,unknown,0
46,services,married,secondary,no,-1037,yes,no,cellular,2,1,unknown,0
30,technician,married,tertiary,no,29430,yes,no,cellular,4,2,success,1
36,technician,married,secondary,no,-2387,no,no,cellular,4,1,success,1
34,technician,married,tertiary,no,1142,no,no,cellular,4,1,unknown,0
30,technician,single,secondary,no,-162,yes,no,cellular,4,2,unknown,0
29,management,married,tertiary,no,2662,no,no,cellular,5,1,unknown,0
37,management,married,secondary,no,-784,no,no,unknown,4,2,unknown,0
39,housemaid,single,secondary,no,3968,yes,no,cellular,2,0,other,0
41,blue-collar,married,secondary,no,-1855,yes,no,cellular,4,1,unknown,0
32,management,divorced,tertiary,no,642,no,no,cellular,2,2,unknown,0
41,technician,single,secondary,no,-1627,yes,yes,cellular,1,2,unknown,0
50,management,married,tertiary,no,-3207,no,no,unknown,3,0,unknown,1
47,retired,married,secondary,no,-1066,no,yes,cellular,6,1,failure,0
80,retired,married,primary,no,3359,no,no,unknown,3,0,unknown,0
38,management,married,secondary,no,-1141,yes,no,unknown,5,0,unknown,0
57,self-employed,married,tertiary,no,326,yes,no,cellular,14,4,failure,0
29,management,single,tertiary,no,591,no,no,cellular,1,3,failure,0
32,blue-collar,married,primary,no,-1331,yes,no,unknown,4,0,unknown,0
35,admin.,married,secondary,no,672,no,no,cellular,6,2,other,0
44,management,married,tertiary,no,-2826,no,yes,cellular,4,0,unknown,0
20,admin.,single,secondary,no,-710,no,no,cellular,2,2,unknown,0
49,services,married,secondary,no,-1193,yes,no,unknown,5,2,unknown,0
45,technician,married,secondary,no,2762,no,no,cellular,4,5,failure,0
32,blue-collar,married,primary,no,2424,yes,no,cellular,6,2,unknown,0
52,blue-collar,divorced,primary,no,1908,yes,yes,unknown,5,2,unknown,0
35,services,single,secondary,no,1119,yes,no,cellular,4,2,unknown,0
36,technician,single,secondary,no,3142,yes,no,unknown,3,1,unknown,0
55,retired,divorced,primary,no,2208,no,no,unknown,4,0,unknown,0
27,admin.,single,tertiary,no,-2901,yes,no,cellular,3,0,failure,0
36,blue-collar,single,secondary,no,-2341,no,no,cellular,5,0,unknown,0
31,services,single,secondary,no,2259,no,no,cellular,2,1,unknown,0
25,student,single,tertiary,no,2944,yes,no,cellular,6,1,unknown,0
37,admin.,single,secondary,no,4058,yes,no,cellular,3,2,unknown,0
32,management,single,secondary,no,2463,no,no,cellular,13,1,failure,0
34,blue-collar,divorced,primary,no,-2137,yes,no,unknown,4,0,unknown,0
34,technician,married,secondary,no,912,yes,no,cellular,3,1,unknown,0
49,blue-collar,married,primary,no,1338,yes,no,unknown,4,2,unknown,0
28,blue-collar,single,secondary,no,1192,yes,no,cellular,1,2,unknown,0
47,admin.,married,unknown,no,-2311,yes,no,cellular,5,0,unknown,0
28,services,married,secondary,no,3902,yes,yes,cellular,2,1,unknown,0
30,admin.,married,secondary,no,489,yes,yes,cellular,5,2,failure,0
42,management,married,tertiary,no,6139,no,yes,cellular,5,0,unknown,0
41,technician,single,primary,no,3995,yes,no,cellular,10,1,success,1
58,management,married,secondary,no,-446,yes,no,unknown,5,2,unknown,0
46,management,married,tertiary,no,-2792,no,yes,cellular,2,2,unknown,0
29,technician,married,tertiary,no,1672,no,no,cellular,4,3,failure,1
40,self-employed,single,secondary,no,-1378,no,no,unknown,1,0,unknown,1
33,technician,married,tertiary,no,-1688,yes,no,cellular,5,1,unknown,0
38,self-employed,divorced,secondary,no,13841,yes,no,unknown,5,2,unknown,0
39,technician,married,secondary,no,1210,yes,no,unknown,2,2,unknown,0
30,management,married,tertiary,no,-930,yes,no,cellular,3,0,unknown,0
36,blue-collar,single,secondary,no,1639,yes,no,cellular,1,1,failure,0
55,management,married,tertiary,no,3432,no,no,cellular,4,1,success,1
44,management,divorced,unknown,no,4069,no,no,cellular,9,1,unknown,0
33,management,single,tertiary,no,3310,yes,no,cellular,1,1,unknown,0
47,blue-collar,married,secondary,no,3552,no,no,cellular,4,0,unknown,0
42,management,single,tertiary,no,-1427,no,no,cellular,5,1,unknown,0
33,technician,married,secondary,no,2826,yes,no,cellular,2,1,unknown,1
58,management,divorced,tertiary,no,-2644,yes,no,cellular,5,5,failure,0
41,admin.,single,secondary,no,1021,yes,no,unknown,2,0,unknown,0
27,student,married,secondary,no,-2750,no,no,cellular,1,2,unknown,1
33,management,single,secondary,no,-2574,no,no,cellular,1,1,unknown,0
57,blue-collar,married,secondary,no,3755,no,no,cellular,5,6,other,0
35,blue-collar,married,primary,yes,-2368,no,no,cellular,2,5,failure,0
30,admin.,single,secondary,no,2030,yes,no,cellular,5,0,unknown,0
50,unemployed,married,primary,no,614,no,no,cellular,3,1,unknown,0
51,blue-collar,single,secondary,yes,-3304,yes,no,unknown,1,1,unknown,0
32,housemaid,married,primary,no,2596,yes,no,unknown,5,1,unknown,1
30,blue-collar,single,secondary,no,-2861,yes,yes,cellular,3,2,unknown,1
34,admin.,married,secondary,yes,3293,yes,no,cellular,2,0,unknown,0
29,management,single,tertiary,no,2785,yes,no,cellular,1,1,unknown,0
40,management,divorced,tertiary,no,384,no,no,cellular,7,0,failure,1
32,technician,divorced,secondary,no,12,yes,no,cellular,3,3,other,0
29,blue-collar,single,secondary,no,-3105,yes,no,unknown,3,1,unknown,0
51,blue-collar,married,primary,no,1902,no,no,cellular,4,0,unknown,0
27,blue-collar,divorced,primary,no,-3022,yes,no,unknown,1,0,unknown,1
28,blue-collar,married,primary,no,606,yes,no,unknown,1,1,unknown,0
48,blue-collar,married,secondary,no,3581,no,no,cellular,5,2,other,0
37,technician,married,tertiary,no,1739,no,no,cellular,3,2,unknown,0
43,services,married,secondary,no,-2445,yes,yes,unknown,14,1,unknown,0
37,services,single,secondary,no,2059,yes,yes,cellular,5,1,failure,0
37,blue-collar,single,secondary,no,1914,yes,no,cellular,4,6,other,0
55,technician,married,tertiary,no,-860,yes,no,telephone,5,0,unknown,0
31,management,single,tertiary,no,2435,no,no,unknown,2,2,unknown,0
52,technician,married,tertiary,no,999,yes,no,unknown,2,1,unknown,0
26,management,married,tertiary,no,7218,no,no,cellular,4,2,unknown,0
45,technician,married,secondary,no,604,yes,no,cellular,11,1,unknown,0
31,admin.,single,secondary,yes,-1259,no,no,telephone,11,1,unknown,0
33,admin.,married,secondary,no,-1174,yes,no,cellular,2,0,unknown,0
35,blue-collar,married,secondary,no,3309,yes,no,unknown,4,0,unknown,0
50,management,divorced,tertiary,no,-709,yes,no,cellular,2,1,unknown,0
25,admin.,single,secondary,no,2433,yes,yes,unknown,3,1,unknown,0
28,blue-collar,single,secondary,no,-580,yes,no,cellular,2,0,unknown,0
36,management,divorced,tertiary,no,-1895,yes,no,cellular,21,1,unknown,0
32,technician,single,secondary,no,-3303,no,no,telephone,3,1,unknown,0
58,services,married,secondary,no,3865,yes,no,cellular,8,4,success,1
52,unknown,married,unknown,no,2287,no,no,cellular,1,2,unknown,0
49,technician,married,secondary,no,4002,yes,no,cellular,5,1,unknown,0
30,blue-collar,single,secondary,no,1075,yes,no,unknown,1,0,unknown,0
54,retired,married,tertiary,no,-2848,no,no,cellular,5,1,unknown,0
37,management,single,tertiary,no,-2096,yes,no,unknown,2,1,unknown,0
38,self-employed,married,secondary,no,-2946,no,no,cellular,2,1,unknown,0
37,technician,married,secondary,no,1249,no,no,telephone,1,1,failure,1
31,management,single,tertiary,no,1321,no,no,cellular,27,2,unknown,0
27,blue-collar,married,primary,no,3806,yes,no,cellular,11,1,failure,0
45,management,divorced,tertiary,no,-1108,yes,no,cellular,3,18,failure,0
52,technician,married,secondary,no,-1575,yes,no,cellular,3,2,unknown,0
59,retired,married,secondary,no,-1665,no,no,telephone,5,0,unknown,0
56,retired,married,secondary,no,-2216,no,no,unknown,2,2,unknown,1
38,blue-collar,divorced,secondary,no,-3100,yes,no,unknown,5,0,unknown,0
81,retired,married,unknown,no,365,no,no,cellular,6,8,other,0
65,retired,married,tertiary,no,-184,yes,no,unknown,5,2,unknown,1
45,technician,married,secondary,no,-571,no,no,unknown,1,2,unknown,0
41,services,married,secondary,no,3773,yes,no,unknown,5,1,unknown,0
26,management,single,secondary,no,-976,no,yes,unknown,5,2,unknown,0
42,technician,married,secondary,no,2849,no,yes,cellular,5,0,unknown,0
43,admin.,single,secondary,no,654,yes,no,cellular,4,2,unknown,0
58,unemployed,married,secondary,no,-2547,no,no,cellular,2,1,other,0
49,management,married,tertiary,no,-3092,no,no,cellular,4,2,unknown,0
33,blue-collar,married,unknown,no,1227,no,no,cellular,4,2,unknown,0
31,admin.,married,secondary,no,3201,yes,no,unknown,3,1,unknown,1
40,management,divorced,tertiary,no,-2938,yes,no,cellular,19,1,unknown,0
24,management,single,tertiary,no,1917,yes,no,unknown,2,0,unknown,0
54,admin.,married,secondary,no,-1581,yes,no,unknown,3,2,unknown,0
35,blue-collar,married,secondary,no,1806,yes,no,unknown,4,0,unknown,0
38,management,married,tertiary,no,2893,yes,no,cellular,5,1,unknown,1
27,technician,single,tertiary,no,2104,yes,no,unknown,6,1,unknown,0
27,blue-collar,married,secondary,no,5959,no,yes,cellular,15,3,failure,0
49,management,married,tertiary,no,-2150,yes,no,unknown,2,2,unknown,0
37,management,divorced,tertiary,no,3892,no,no,unknown,3,2,unknown,0
31,blue-collar,single,secondary,no,3509,yes,no,cellular,4,5,failure,0
37,services,married,secondary,no,3567,yes,no,cellular,3,1,unknown,0
39,management,single,tertiary,no,718,yes,no,cellular,6,2,unknown,0
49,blue-collar,married,primary,no,-2931,yes,no,unknown,3,0,unknown,0
32,blue-collar,married,secondary,no,6885,yes,no,cellular,6,2,unknown,0
46,blue-collar,married,secondary,no,3467,no,no,cellular,18,2,unknown,0
41,technician,married,secondary,no,-2814,yes,no,cellular,5,1,unknown,0
23,admin.,single,secondary,no,-1113,yes,no,cellular,5,2,unknown,1
28,blue-collar,divorced,secondary,no,-2998,yes,no,unknown,4,1,unknown,0
44,self-employed,married,tertiary,no,3246,no,no,cellular,5,1,unknown,0
50,services,divorced,secondary,no,-678,yes,no,cellular,11,1,unknown,1
49,entrepreneur,married,primary,no,-2700,yes,no,cellular,1,2,unknown,0
38,technician,divorced,tertiary,no,-660,yes,yes,cellular,14,2,unknown,0
29,services,single,primary,no,-1795,no,no,cellular,6,0,unknown,0
28,technician,single,secondary,no,-84,yes,yes,cellular,3,5,failure,0
35,blue-collar,single,primary,no,8727,yes,no,unknown,3,2,unknown,0
31,technician,married,unknown,no,1589,yes,no,telephone,2,0,unknown,0
45,management,single,tertiary,no,-2594,no,yes,cellular,5,2,unknown,0
34,technician,married,tertiary,no,668,no,no,cellular,4,1,failure,0
38,services,single,primary,no,-2895,yes,no,unknown,4,0,unknown,0
32,admin.,single,secondary,no,-23,yes,no,cellular,4,1,unknown,0
29,blue-collar,married,secondary,no,2706,yes,no,cellular,5,0,failure,0
56,services,married,tertiary,no,-1358,yes,no,cellular,8,2,unknown,0
40,technician,married,tertiary,no,2815,yes,no,unknown,4,0,unknown,0
43,admin.,married,secondary,no,-1495,yes,no,unknown,3,1,unknown,0
49,technician,married,unknown,no,-383,yes,no,cellular,3,0,unknown,0
36,blue-collar,married,secondary,no,2591,yes,no,cellular,6,1,failure,0
33,entrepreneur,single,tertiary,no,-3286,no,no,cellular,4,1,unknown,0
46,technician,married,secondary,no,815,yes,no,cellular,3,3,failure,0
49,blue-collar,married,primary,no,685,no,yes,cellular,1,7,failure,0
35,admin.,single,primary,no,2012,yes,no,cellular,4,2,other,0
44,management,married,tertiary,no,3749,yes,yes,cellular,1,0,unknown,0
43,blue-collar,divorced,secondary,no,1861,no,no,cellular,3,1,unknown,0
36,management,single,tertiary,no,-1648,no,no,cellular,2,0,unknown,0
37,technician,married,secondary,no,-1830,yes,yes,unknown,3,1,unknown,0
26,technician,single,secondary,no,276,no,yes,cellular,2,4,other,0
36,self-employed,single,tertiary,no,-1217,yes,no,cellular,2,1,unknown,0
35,services,married,secondary,no,8259,no,yes,cellular,3,1,unknown,0
46,services,married,secondary,no,-2645,yes,no,cellular,2,2,unknown,0
59,blue-collar,married,primary,no,1857,yes,yes,telephone,2,1,unknown,0
54,admin.,married,secondary,no,-209,yes,no,unknown,5,0,unknown,0
49,blue-collar,married,primary,no,-2941,yes,no,cellular,1,1,unknown,0
47,management,married,tertiary,no,-2414,yes,no,cellular,5,1,unknown,0
49,admin.,married,secondary,no,3654,yes,no,cellular,3,1,failure,0
51,blue-collar,single,secondary,no,3013,yes,no,cellular,2,3,other,0
32,technician,married,secondary,no,3252,no,no,unknown,5,1,unknown,0
22,blue-collar,single,secondary,no,-409,yes,no,cellular,3,1,failure,0
28,management,single,secondary,no,18921,no,no,cellular,3,4,success,0
54,blue-collar,married,primary,no,-2046,yes,no,cellular,1,2,unknown,0
57,blue-collar,married,secondary,no,2096,yes,no,cellular,2,1,unknown,0
59,housemaid,married,secondary,no,3704,no,no,unknown,6,1,unknown,1
27,self-employed,single,secondary,no,-1759,no,no,cellular,3,0,unknown,0
38,services,married,secondary,no,-3282,no,no,cellular,3,0,unknown,0
39,management,married,tertiary,no,-2371,yes,no,cellular,4,1,unknown,0
54,retired,married,secondary,no,-2690,no,no,cellular,1,1,unknown,0
54,admin.,married,secondary,no,10124,yes,no,unknown,7,2,unknown,0
50,admin.,married,secondary,no,1203,yes,no,unknown,5,1,unknown,0
28,blue-collar,single,primary,no,236,yes,no,cellular,4,2,failure,1
35,admin.,married,secondary,no,-2460,yes,no,cellular,3,5,other,0
43,admin.,married,secondary,no,1474,no,yes,cellular,5,1,unknown,0
33,services,married,secondary,no,-2293,yes,no,cellular,2,2,unknown,0
51,retired,married,secondary,no,-2317,no,no,cellular,3,1,success,1
40,management,married,tertiary,no,1111,no,yes,cellular,5,1,failure,0
36,technician,married,secondary,no,1481,yes,no,cellular,5,0,other,0
47,self-employed,married,tertiary,no,2654,no,no,cellular,17,1,unknown,0
47,blue-collar,married,secondary,no,2846,yes,yes,cellular,6,2,unknown,0
43,housemaid,married,tertiary,no,-2291,no,yes,telephone,2,1,unknown,0
76,retired,divorced,primary,no,-1048,no,no,unknown,2,2,unknown,0
42,admin.,single,secondary,no,-2241,yes,no,cellular,4,4,failure,0
35,management,single,tertiary,no,7797,yes,yes,cellular,4,0,unknown,0
69,retired,married,tertiary,no,-3102,yes,no,cellular,4,1,unknown,0
54,blue-collar,divorced,primary,yes,3151,no,yes,cellular,3,2,unknown,0
47,management,divorced,tertiary,no,1766,no,no,cellular,5,2,unknown,0
50,services,married,tertiary,no,2710,no,no,cellular,7,0,failure,0
37,management,married,tertiary,no,325,no,no,unknown,3,2,unknown,0
29,technician,married,secondary,no,3482,no,yes,unknown,4,1,unknown,0
45,services,married,secondary,no,2907,yes,no,cellular,10,2,unknown,0
36,self-employed,divorced,tertiary,no,10314,no,no,unknown,2,1,unknown,0
58,unknown,married,secondary,no,2691,no,no,cellular,3,2,unknown,0
61,retired,married,primary,no,5746,no,no,telephone,3,2,unknown,0
37,management,divorced,tertiary,no,-740,no,no,unknown,2,1,unknown,0
51,management,married,tertiary,no,-2894,no,no,unknown,4,1,unknown,0
25,admin.,single,secondary,no,2381,yes,yes,unknown,6,1,unknown,0
35,blue-collar,single,secondary,no,214,yes,no,cellular,2,1,unknown,0
28,blue-collar,married,primary,no,4036,yes,yes,unknown,5,0,unknown,0
59,management,married,tertiary,no,-1156,no,no,cellular,5,2,other,0
27,services,married,secondary,no,-101,yes,no,unknown,3,2,unknown,0
59,retired,married,primary,no,3142,no,no,unknown,3,2,unknown,0
52,blue-collar,divorced,primary,no,3905,yes,no,cellular,2,0,unknown,0
47,blue-collar,single,primary,no,2326,yes,no,cellular,4,5,failure,0
27,management,divorced,tertiary,no,3262,yes,no,cellular,5,1,unknown,0
37,technician,single,secondary,no,11019,yes,yes,unknown,8,2,unknown,0
61,unknown,married,primary,no,-1289,no,no,cellular,7,1,failure,0
53,technician,married,tertiary,no,1282,yes,no,cellular,10,2,unknown,0
58,management,married,unknown,no,-2839,no,no,cellular,2,0,unknown,1
42,blue-collar,married,primary,no,1728,yes,no,cellular,4,6,other,0
51,technician,married,secondary,no,3783,yes,no,unknown,5,1,unknown,0
53,retired,married,primary,no,455,no,no,telephone,3,2,unknown,0
35,blue-collar,married,secondary,no,-2227,yes,no,cellular,2,1,unknown,0
57,self-employed,married,secondary,no,928,no,no,unknown,4,1,unknown,0
33,management,divorced,tertiary,no,-2825,yes,no,cellular,3,1,unknown,0
34,blue-collar,divorced,secondary,no,126,yes,no,telephone,4,2,unknown,0
57,technician,divorced,secondary,no,12184,yes,no,cellular,5,3,failure,1
45,services,married,secondary,no,-203,yes,yes,unknown,5,2,unknown,1
52,blue-collar,married,primary,no,2780,yes,no,cellular,10,2,unknown,0
26,technician,single,tertiary,no,9646,no,no,unknown,2,1,unknown,0
56,management,married,tertiary,no,3046,yes,no,telephone,2,1,other,0
31,services,single,secondary,no,95,yes,no,cellular,14,1,unknown,0
29,technician,married,secondary,no,-27,no,no,cellular,4,1,unknown,0
37,blue-collar,married,secondary,no,-2903,yes,no,cellular,5,2,unknown,0
27,services,single,secondary,no,2566,no,no,cellular,3,2,unknown,0
40,services,married,secondary,no,932,yes,no,unknown,6,1,unknown,0
53,admin.,married,unknown,no,-274,yes,no,cellular,6,1,unknown,0
26,admin.,married,secondary,no,-2231,yes,no,cellular,1,10,failure,0
36,technician,divorced,tertiary,no,103,yes,no,cellular,4,0,unknown,0
36,technician,single,secondary,no,-2844,no,no,cellular,3,2,success,1
30,admin.,married,secondary,no,-2419,yes,no,cellular,1,1,unknown,0
33,blue-collar,married,primary,no,-2722,yes,yes,unknown,5,1,unknown,0
27,management,single,tertiary,no,-147,yes,no,telephone,1,1,unknown,0
34,services,married,secondary,no,-2290,yes,no,unknown,3,0,unknown,0
51,technician,single,secondary,no,2851,no,no,cellular,5,1,unknown,0
52,unemployed,single,secondary,no,1231,no,no,cellular,4,1,unknown,0
59,admin.,married,tertiary,no,3146,yes,no,cellular,2,0,unknown,0
40,management,married,tertiary,no,810,no,no,cellular,6,1,unknown,0
46,admin.,divorced,secondary,no,-2123,no,no,cellular,3,0,unknown,0
39,management,married,tertiary,no,-1254,no,no,cellular,10,2,failure,0
35,services,married,secondary,no,2942,no,no,cellular,3,2,unknown,0
51,admin.,married,secondary,no,1045,yes,no,unknown,4,1,unknown,0
41,technician,married,tertiary,no,1502,no,no,unknown,6,2,unknown,0
29,blue-collar,single,secondary,no,1399,yes,no,unknown,1,1,unknown,0
29,management,single,tertiary,no,-2955,no,no,unknown,9,0,unknown,0
29,technician,single,secondary,no,-1825,yes,no,cellular,4,2,unknown,0
43,management,divorced,tertiary,no,-98,no,yes,cellular,11,2,failure,0
46,management,married,tertiary,no,2977,no,no,unknown,4,2,unknown,0
50,technician,married,secondary,no,3716,no,no,cellular,2,2,unknown,0
58,technician,married,secondary,no,1091,no,no,telephone,2,2,unknown,0
47,blue-collar,married,primary,no,-1380,yes,yes,cellular,4,2,unknown,0
29,management,married,primary,no,-2966,no,no,cellular,2,0,unknown,1
31,services,married,secondary,no,850,yes,no,unknown,3,0,unknown,1
35,services,married,unknown,no,-265,no,no,cellular,11,0,failure,0
27,management,single,secondary,no,3621,yes,yes,telephone,2,2,unknown,0
40,admin.,married,secondary,no,-1774,yes,yes,cellular,2,2,unknown,0
36,admin.,married,primary,no,-1787,no,no,cellular,4,0,unknown,0
26,admin.,divorced,primary,no,-3195,yes,no,cellular,3,6,failure,0
52,management,married,tertiary,no,4351,yes,no,cellular,5,2,unknown,0
38,blue-collar,married,primary,no,2702,yes,no,cellular,3,2,other,0
51,blue-collar,married,primary,no,3178,yes,no,unknown,5,1,unknown,0
31,management,single,secondary,no,-2167,no,no,cellular,3,2,success,1
57,entrepreneur,married,tertiary,no,-3199,yes,yes,unknown,6,2,unknown,0
49,blue-collar,married,secondary,no,980,yes,no,unknown,6,0,unknown,0
36,technician,married,secondary,no,-1477,yes,no,unknown,2,1,unknown,0
36,blue-collar,married,primary,no,1265,yes,no,cellular,3,4,failure,1
46,blue-collar,married,secondary,no,3480,yes,no,cellular,3,1,unknown,0
31,student,single,unknown,no,2253,no,no,cellular,8,1,unknown,0
34,technician,single,secondary,no,-1227,yes,no,unknown,4,2,unknown,0
45,entrepreneur,married,primary,no,1206,no,no,cellular,4,4,success,0
51,housemaid,married,secondary,no,-1156,yes,yes,telephone,2,0,unknown,0
51,technician,divorced,secondary,no,9796,yes,no,unknown,4,2,unknown,0
51,admin.,married,primary,no,-1390,yes,yes,cellular,10,1,unknown,1
35,management,single,tertiary,no,3164,yes,no,cellular,3,2,failure,0
52,services,married,tertiary,no,1741,no,no,unknown,2,1,unknown,0
45,management,married,tertiary,no,3331,no,no,telephone,2,1,unknown,0
57,blue-collar,married,secondary,no,-737,yes,no,cellular,4,1,unknown,0
58,entrepreneur,married,tertiary,no,3796,yes,no,unknown,2,2,unknown,0
24,student,married,unknown,no,1025,yes,no,cellular,2,2,unknown,0
49,blue-collar,married,primary,no,-1396,no,no,cellular,2,2,success,0
31,management,married,tertiary,no,1506,yes,no,unknown,4,1,unknown,0
40,admin.,married,secondary,no,-1000,yes,no,cellular,5,4,success,0
41,technician,married,secondary,no,-2469,no,no,unknown,4,1,unknown,0
29,blue-collar,married,secondary,no,-3017,yes,no,cellular,2,2,unknown,0
46,management,single,tertiary,no,1235,yes,no,telephone,13,2,unknown,0
62,management,divorced,secondary,no,-1511,yes,no,cellular,1,2,failure,0
57,housemaid,married,secondary,no,-2568,no,no,cellular,6,1,unknown,0
30,services,single,secondary,no,2473,no,no,cellular,3,0,failure,0
47,admin.,married,tertiary,no,-2255,yes,no,cellular,5,1,unknown,0
32,self-employed,married,secondary,no,2311,no,no,cellular,2,1,unknown,0
30,blue-collar,divorced,secondary,no,-1279,no,no,cellular,2,1,unknown,0
35,blue-collar,single,secondary,no,6844,yes,no,cellular,2,1,unknown,1
64,self-employed,married,tertiary,no,3634,no,no,cellular,8,1,unknown,0
50,blue-collar,divorced,primary,no,2860,yes,yes,unknown,4,2,unknown,0
36,management,married,primary,no,2905,no,no,cellular,4,0,success,1
42,services,married,primary,no,3990,yes,no,cellular,12,1,unknown,1
52,services,married,primary,no,8634,yes,no,cellular,2,1,unknown,0
43,management,single,tertiary,no,3655,yes,no,unknown,2,1,unknown,0
30,blue-collar,single,secondary,no,1325,no,no,cellular,5,2,unknown,0
44,management,married,tertiary,no,1024,yes,no,unknown,2,2,unknown,0
46,technician,married,secondary,no,-900,no,no,cellular,6,1,unknown,0
46,unknown,divorced,secondary,no,-487,no,yes,cellular,5,2,unknown,0
37,self-employed,married,tertiary,no,15832,no,no,cellular,7,1,unknown,0
71,unknown,married,primary,no,-1472,no,no,cellular,1,1,unknown,0
54,technician,married,secondary,no,1470,yes,no,unknown,5,2,unknown,0
22,student,single,tertiary,no,3124,no,no,cellular,1,0,unknown,0
46,blue-collar,divorced,secondary,no,2054,no,no,cellular,4,1,unknown,1
54,self-employed,married,secondary,no,-1636,no,no,cellular,3,1,unknown,0
28,admin.,married,secondary,no,-3106,no,no,cellular,3,2,unknown,0
26,services,single,secondary,no,-579,yes,no,cellular,4,1,unknown,0
41,entrepreneur,married,secondary,no,-79,yes,no,cellular,1,2,unknown,0
52,blue-collar,married,primary,no,2994,yes,yes,unknown,5,1,unknown,0
29,technician,single,secondary,no,762,no,no,cellular,5,2,unknown,0
69,retired,married,primary,no,546,no,yes,cellular,1,2,failure,1
46,management,married,tertiary,no,1200,no,no,cellular,2,2,unknown,1
50,management,married,tertiary,no,807,no,no,unknown,5,1,unknown,0
46,management,married,tertiary,no,1739,no,yes,telephone,2,8,other,0
43,blue-collar,married,primary,no,8292,yes,no,unknown,12,2,unknown,0
31,services,married,secondary,no,804,yes,no,cellular,5,1,unknown,0
26,admin.,married,tertiary,no,-1555,yes,no,cellular,6,1,unknown,0
30,management,married,tertiary,no,-2393,no,no,cellular,6,1,unknown,0
31,management,married,tertiary,no,-38,yes,no,unknown,2,2,unknown,0
46,management,single,tertiary,no,3292,yes,no,cellular,2,0,unknown,0
39,management,married,tertiary,no,3740,yes,no,unknown,1,2,unknown,1
40,technician,married,secondary,no,-1129,yes,no,unknown,2,2,unknown,0
42,services,married,secondary,no,969,yes,no,unknown,3,2,unknown,0
40,management,married,tertiary,no,549,no,no,cellular,6,2,unknown,0
42,blue-collar,married,secondary,no,7520,no,yes,cellular,5,2,unknown,0
30,blue-collar,single,primary,no,-1985,yes,no,cellular,2,0,unknown,0
53,blue-collar,married,secondary,no,10017,yes,no,unknown,3,1,unknown,0
52,technician,married,secondary,no,-2677,yes,no,cellular,4,2,unknown,0
29,technician,single,secondary,no,-1615,yes,no,unknown,7,1,unknown,0
29,admin.,married,primary,no,-1237,yes,no,cellular,1,2,success,1
30,self-employed,married,secondary,no,-1800,yes,yes,cellular,2,0,unknown,0
55,retired,married,secondary,no,-1872,yes,yes,cellular,2,1,failure,0
48,services,single,secondary,no,-2719,yes,no,cellular,1,0,success,1
30,blue-collar,married,secondary,no,8037,yes,no,cellular,6,2,unknown,0
36,technician,married,tertiary,no,-2032,yes,no,cellular,6,2,unknown,0
54,blue-collar,married,tertiary,no,1474,yes,no,cellular,8,0,unknown,1
51,management,married,secondary,no,1159,no,no,cellular,3,2,unknown,0
48,technician,married,unknown,no,1341,yes,no,cellular,4,1,unknown,0
46,blue-collar,married,primary,no,7716,no,no,cellular,5,2,failure,0
41,blue-collar,married,primary,no,1250,yes,no,cellular,3,1,unknown,0
33,management,married,tertiary,no,-1111,no,no,cellular,6,4,success,1
40,services,married,secondary,no,144,yes,no,unknown,6,1,unknown,0
58,retired,married,primary,no,1817,no,no,cellular,2,1,unknown,0
35,housemaid,divorced,primary,no,-1709,yes,no,cellular,4,1,unknown,0
65,unknown,divorced,primary,no,2150,no,no,unknown,6,2,unknown,0
31,blue-collar,single,secondary,no,1049,yes,yes,cellular,2,1,unknown,0
26,blue-collar,married,secondary,no,3949,yes,no,cellular,6,2,failure,0
52,blue-collar,married,secondary,no,1278,yes,yes,unknown,3,2,unknown,0
39,technician,married,secondary,no,776,yes,no,cellular,4,2,failure,0
53,blue-collar,married,secondary,no,2410,no,no,cellular,1,2,unknown,0
38,admin.,married,secondary,no,-1164,no,yes,cellular,3,1,unknown,0
49,admin.,married,tertiary,no,-537,no,no,cellular,4,0,unknown,0
49,blue-collar,married,secondary,no,-92,yes,no,cellular,7,2,other,1
32,management,married,tertiary,no,2160,no,no,unknown,6,2,unknown,0
41,management,divorced,tertiary,no,2045,no,no,telephone,13,2,unknown,0
36,management,married,tertiary,no,-1933,no,no,cellular,4,6,success,0
39,blue-collar,single,secondary,no,3794,yes,no,unknown,5,0,unknown,0
57,blue-collar,divorced,secondary,no,4004,no,no,cellular,3,2,unknown,0
22,entrepreneur,single,secondary,no,378,yes,no,unknown,4,2,unknown,0
52,management,married,tertiary,no,11554,yes,no,cellular,5,1,unknown,0
31,management,married,tertiary,no,1316,yes,no,cellular,5,0,unknown,0
57,blue-collar,married,secondary,no,-448,no,yes,cellular,3,1,unknown,0
53,unemployed,married,tertiary,no,-2665,yes,no,unknown,3,2,unknown,0
50,technician,married,secondary,no,-3184,no,no,telephone,4,2,unknown,0
35,management,married,tertiary,no,1092,yes,no,unknown,3,2,unknown,0
40,admin.,married,secondary,no,2040,no,no,telephone,3,4,other,0
33,unemployed,married,primary,no,1275,no,no,unknown,4,1,unknown,0
43,blue-collar,married,secondary,no,2519,no,yes,telephone,5,1,other,1
40,technician,married,secondary,no,-63,no,no,telephone,2,1,unknown,0
29,management,married,tertiary,no,2215,yes,yes,unknown,2,1,unknown,0
37,admin.,divorced,secondary,no,1186,no,no,cellular,2,2,failure,0
42,technician,married,secondary,no,1412,no,no,cellular,4,5,other,0
34,management,married,tertiary,no,772,yes,yes,unknown,2,2,unknown,1
43,management,married,tertiary,no,1657,no,no,telephone,6,4,other,0
42,management,married,tertiary,no,859,yes,no,cellular,2,2,unknown,1
31,student,divorced,tertiary,no,-2638,no,no,cellular,3,2,other,1
56,blue-collar,married,secondary,no,1716,yes,no,unknown,5,0,unknown,0
52,entrepreneur,single,secondary,no,1929,no,no,telephone,7,0,unknown,1
52,admin.,married,secondary,no,-125,yes,no,cellular,1,2,unknown,0
37,management,married,tertiary,no,3913,no,no,cellular,2,0,unknown,0
54,management,divorced,tertiary,no,271,yes,no,unknown,4,1,unknown,0
47,services,married,secondary,no,-2074,yes,no,cellular,3,0,unknown,0
52,technician,married,secondary,no,497,yes,no,telephone,6,4,failure,0
78,retired,married,secondary,no,-645,no,no,cellular,2,2,unknown,0
30,services,single,secondary,no,-2080,no,no,cellular,2,2,unknown,0
28,services,married,unknown,no,3307,yes,no,cellular,23,2,unknown,0
34,management,married,tertiary,no,5457,yes,no,telephone,3,1,success,1
37,blue-collar,divorced,secondary,no,1993,no,yes,unknown,2,2,unknown,0
43,admin.,divorced,secondary,no,-2046,yes,no,cellular,2,2,unknown,0
56,management,married,secondary,no,7989,no,yes,cellular,8,2,unknown,0
37,technician,married,secondary,no,4113,yes,no,unknown,5,2,unknown,0
37,services,married,secondary,no,-2652,no,yes,unknown,3,0,unknown,0
34,blue-collar,married,secondary,no,3086,no,yes,unknown,6,2,unknown,0
41,self-employed,married,secondary,no,4182,yes,no,cellular,4,1,unknown,0
59,management,married,tertiary,no,3969,no,no,cellular,3,1,unknown,0
39,blue-collar,married,primary,no,10905,yes,no,cellular,3,2,unknown,1
32,blue-collar,married,secondary,no,28,yes,yes,unknown,2,2,unknown,0
53,technician,married,secondary,no,1438,no,no,unknown,1,1,unknown,0
53,housemaid,divorced,secondary,no,113,yes,yes,cellular,3,1,unknown,0
41,admin.,single,secondary,no,-2093,yes,yes,unknown,9,1,unknown,0
42,unknown,married,unknown,no,6787,no,no,cellular,10,1,unknown,0
43,entrepreneur,single,secondary,no,-27,yes,yes,cellular,1,0,unknown,0
33,blue-collar,married,secondary,no,3167,yes,yes,cellular,1,2,unknown,0
29,services,single,secondary,no,-2463,yes,no,cellular,5,0,unknown,0
53,entrepreneur,married,tertiary,no,704,no,no,cellular,3,0,unknown,0
33,management,divorced,tertiary,no,7649,yes,yes,unknown,5,0,unknown,0
30,blue-collar,married,secondary,no,806,yes,no,unknown,5,2,unknown,0
36,self-employed,single,tertiary,no,2590,no,no,cellular,27,1,unknown,0
43,technician,married,unknown,no,1152,yes,no,cellular,2,2,unknown,0
55,blue-collar,married,secondary,no,-904,yes,no,unknown,5,1,unknown,0
62,unknown,married,unknown,no,3800,no,no,unknown,2,2,unknown,1
47,management,single,tertiary,no,1149,yes,no,telephone,3,2,unknown,0
35,management,married,tertiary,no,-1292,no,no,unknown,1,0,unknown,0
44,blue-collar,divorced,primary,no,766,yes,no,unknown,4,1,unknown,0
51,management,married,tertiary,no,3149,yes,no,cellular,3,1,unknown,0
26,management,married,tertiary,no,-2967,no,no,cellular,2,1,unknown,0
33,management,married,tertiary,no,1514,yes,no,unknown,2,0,unknown,1
31,technician,single,secondary,no,7770,yes,yes,cellular,6,2,unknown,0
30,blue-collar,married,secondary,no,-1167,yes,no,unknown,5,1,unknown,0
58,housemaid,married,primary,no,-2125,no,yes,cellular,3,2,unknown,0
47,unknown,married,secondary,no,-1586,no,no,unknown,7,0,unknown,1
55,blue-collar,married,secondary,no,-53,yes,no,cellular,3,6,failure,0
27,admin.,single,unknown,no,-169,no,no,cellular,3,2,failure,0
58,blue-collar,married,primary,no,1167,no,no,unknown,3,0,unknown,0
35,blue-collar,married,primary,no,-1299,yes,yes,cellular,6,0,unknown,0
43,services,married,secondary,no,1306,no,no,unknown,6,1,unknown,0
32,student,single,tertiary,no,214,yes,no,cellular,3,2,unknown,0
55,services,divorced,secondary,no,2614,yes,no,cellular,4,0,unknown,1
43,admin.,married,secondary,no,2680,yes,no,cellular,4,1,unknown,0
44,blue-collar,married,primary,no,-1546,no,no,cellular,3,8,failure,0
32,blue-collar,single,secondary,no,3965,yes,no,unknown,5,1,unknown,0
49,blue-collar,married,primary,no,758,yes,yes,cellular,3,2,unknown,0
48,technician,married,secondary,no,-817,yes,no,cellular,2,0,unknown,0
33,blue-collar,married,secondary,no,-1416,yes,no,unknown,5,1,unknown,0
58,housemaid,married,secondary,no,1997,no,no,telephone,2,1,unknown,0
46,blue-collar,single,primary,no,-59,no,no,cellular,4,0,unknown,0
26,services,single,secondary,no,1781,no,no,cellular,6,0,unknown,0
70,retired,married,primary,no,-1406,no,no,cellular,2,2,unknown,0
62,admin.,married,secondary,no,3096,yes,yes,cellular,5,1,unknown,1
30,blue-collar,married,tertiary,no,-1343,yes,yes,telephone,5,1,unknown,0
55,blue-collar,married,secondary,no,10620,no,no,cellular,3,1,unknown,0
51,blue-collar,married,primary,no,7404,yes,yes,unknown,5,1,unknown,0
33,management,married,tertiary,no,-325,yes,no,cellular,2,0,unknown,0
47,management,divorced,primary,no,990,yes,no,unknown,4,2,unknown,0
37,self-employed,single,tertiary,no,583,no,no,cellular,6,2,other,0
40,unemployed,married,tertiary,no,8219,yes,no,cellular,4,2,unknown,0
28,technician,single,secondary,no,864,yes,no,unknown,10,1,unknown,0
57,management,married,tertiary,no,11215,yes,no,cellular,3,0,unknown,0
50,technician,single,secondary,no,2221,yes,no,unknown,4,2,unknown,0
48,management,married,tertiary,no,-2625,yes,yes,cellular,8,2,unknown,0
47,admin.,married,secondary,no,4047,no,no,unknown,9,1,unknown,0
55,entrepreneur,married,primary,yes,-3197,yes,no,cellular,5,2,unknown,0
44,technician,married,tertiary,no,-2920,yes,no,cellular,5,2,unknown,0
48,admin.,married,secondary,no,2785,no,no,cellular,5,2,unknown,0
40,blue-collar,married,secondary,no,-1260,yes,yes,cellular,2,9,failure,0
30,technician,single,secondary,no,-3094,yes,no,unknown,4,0,unknown,0
43,technician,married,tertiary,no,-2002,no,no,telephone,5,1,unknown,0
32,management,divorced,tertiary,yes,377,yes,no,cellular,5,0,other,1
45,blue-collar,married,secondary,no,2973,yes,no,unknown,7,2,unknown,0
52,admin.,married,secondary,no,-3165,yes,yes,unknown,4,2,unknown,0
42,technician,married,secondary,no,-2081,yes,no,telephone,1,0,unknown,0
38,technician,divorced,secondary,no,-3218,no,no,cellular,6,1,unknown,0
28,technician,single,secondary,no,4536,yes,no,unknown,4,2,unknown,0
28,services,single,secondary,no,-965,yes,no,unknown,2,1,unknown,0
55,admin.,divorced,unknown,no,345,no,no,telephone,4,4,failure,1
32,admin.,married,secondary,no,3904,yes,no,unknown,3,0,unknown,0
38,management,married,tertiary,no,1516,no,no,unknown,4,1,unknown,0
54,blue-collar,married,secondary,no,3054,yes,no,cellular,5,0,unknown,0
35,blue-collar,married,secondary,no,1088,no,no,unknown,5,2,unknown,0
35,technician,married,tertiary,yes,3469,yes,no,cellular,6,2,unknown,0
48,blue-collar,married,secondary,no,1703,no,no,telephone,4,1,other,0
28,management,single,tertiary,no,-1525,no,no,cellular,4,2,unknown,0
42,blue-collar,married,secondary,no,-539,yes,no,unknown,4,1,unknown,0
34,management,married,tertiary,no,260,yes,no,unknown,2,2,unknown,0
36,technician,divorced,secondary,no,-2494,no,no,cellular,1,2,unknown,0
38,blue-collar,married,secondary,no,11022,yes,no,unknown,5,1,unknown,0
49,management,married,tertiary,no,285,yes,no,cellular,11,2,unknown,0
31,services,single,secondary,no,-1821,yes,no,cellular,5,2,unknown,0
56,housemaid,married,primary,no,349,yes,no,cellular,2,2,unknown,0
54,management,married,tertiary,no,2686,yes,no,unknown,19,1,unknown,0
37,management,divorced,tertiary,no,-1276,yes,no,unknown,2,0,unknown,1
32,entrepreneur,single,tertiary,no,1064,no,no,cellular,3,2,unknown,0
28,student,married,secondary,no,-2631,no,no,cellular,5,1,failure,0
46,blue-collar,married,primary,no,-1515,yes,no,cellular,20,4,failure,0
43,blue-collar,married,primary,no,-1917,yes,yes,unknown,1,1,unknown,0
43,unemployed,married,tertiary,no,453,no,no,cellular,5,2,unknown,0
43,services,married,secondary,no,1810,yes,no,cellular,4,1,unknown,0
52,management,married,tertiary,no,-1619,no,no,cellular,4,2,failure,0
43,blue-collar,married,primary,no,1818,yes,no,unknown,2,2,unknown,0
51,management,married,tertiary,no,1053,yes,no,unknown,3,2,unknown,1
33,blue-collar,married,secondary,no,2281,no,no,cellular,5,1,unknown,0
29,services,single,secondary,no,4105,yes,yes,cellular,2,2,unknown,1
58,technician,married,tertiary,no,-829,yes,no,cellular,2,1,other,1
20,services,single,secondary,no,4110,yes,no,telephone,3,3,success,1
33,services,married,secondary,no,78,yes,no,unknown,2,1,unknown,0
44,admin.,divorced,secondary,no,484,yes,yes,cellular,2,1,unknown,0
52,management,married,secondary,no,-1990,no,no,cellular,2,1,other,0
53,retired,married,tertiary,no,-2680,no,no,cellular,2,1,other,0
50,entrepreneur,married,primary,no,1495,no,no,cellular,1,1,unknown,0
47,blue-collar,married,secondary,no,-2546,yes,no,cellular,3,0,unknown,0
57,technician,married,tertiary,no,-3054,no,no,cellular,3,0,unknown,0
37,blue-collar,married,primary,no,-2686,no,no,unknown,2,1,unknown,1
54,admin.,divorced,secondary,no,729,yes,no,cellular,2,2,failure,0
54,housemaid,married,tertiary,no,-1853,no,no,cellular,3,0,unknown,0
51,services,married,unknown,no,-1351,no,no,cellular,1,6,success,1
49,admin.,married,secondary,no,24752,yes,no,unknown,2,1,unknown,0
44,technician,single,secondary,no,12,no,no,cellular,1,1,unknown,0
35,services,divorced,secondary,no,-2216,yes,yes,cellular,5,0,unknown,0
55,admin.,married,secondary,no,1749,yes,no,unknown,2,2,unknown,0
39,blue-collar,married,secondary,no,4098,yes,yes,unknown,8,1,unknown,0
57,entrepreneur,married,secondary,no,1321,no,yes,cellular,2,2,failure,0
29,management,single,tertiary,no,3,yes,no,unknown,4,2,unknown,0
29,self-employed,single,tertiary,no,697,yes,no,unknown,6,2,unknown,0
37,management,married,tertiary,no,1922,yes,no,cellular,4,4,failure,0
57,retired,divorced,secondary,no,2932,no,no,cellular,1,1,unknown,0
45,management,married,tertiary,no,2540,yes,yes,telephone,7,1,unknown,0
35,self-employed,single,secondary,no,5986,no,no,cellular,2,0,unknown,0
51,management,married,tertiary,no,2499,no,no,cellular,5,2,other,1
64,admin.,divorced,unknown,no,-2540,no,no,cellular,1,0,success,1
38,admin.,married,secondary,no,-2357,no,yes,unknown,5,1,unknown,0
31,blue-collar,single,secondary,no,468,yes,yes,unknown,5,1,unknown,0
38,technician,married,tertiary,no,-1938,no,yes,cellular,5,2,unknown,0
52,management,married,secondary,no,869,no,yes,unknown,3,1,unknown,0
32,technician,single,secondary,no,-1197,yes,no,cellular,3,1,unknown,0
30,management,single,tertiary,no,11166,no,no,unknown,3,2,unknown,0
43,management,married,tertiary,no,-85,yes,no,cellular,4,1,unknown,0
44,blue-collar,married,secondary,no,2763,no,yes,cellular,3,2,unknown,0
44,management,married,secondary,no,3726,yes,no,cellular,9,2,unknown,0
35,blue-collar,married,secondary,no,58,no,no,cellular,3,0,unknown,1
49,management,divorced,tertiary,no,2413,no,no,telephone,5,7,other,0
27,management,single,tertiary,no,354,yes,no,cellular,4,1,unknown,0
51,blue-collar,married,primary,no,-338,yes,no,cellular,2,0,unknown,0
52,blue-collar,divorced,secondary,no,-2387,yes,no,cellular,3,2,other,0
48,self-employed,married,secondary,no,1593,no,no,cellular,2,2,unknown,0
34,entrepreneur,single,tertiary,no,3554,yes,no,cellular,5,1,unknown,0
34,entrepreneur,married,secondary,no,1811,no,no,cellular,1,1,unknown,0
49,retired,single,unknown,no,-952,no,no,cellular,3,2,unknown,1
34,technician,single,secondary,no,599,yes,no,cellular,3,1,unknown,0
59,technician,married,secondary,no,-657,yes,no,cellular,4,1,unknown,0
46,self-employed,single,tertiary,no,-398,yes,no,unknown,2,2,unknown,0
55,management,married,tertiary,no,2444,yes,no,unknown,4,0,unknown,1
53,management,married,tertiary,no,-3263,no,no,cellular,16,1,unknown,0
37,management,married,tertiary,no,275,yes,no,cellular,2,2,unknown,0
58,retired,married,unknown,no,501,no,no,cellular,3,1,unknown,0
27,management,single,tertiary,no,-2217,yes,yes,unknown,21,1,unknown,0
46,blue-collar,divorced,secondary,no,2142,yes,yes,unknown,6,2,unknown,0
49,services,married,secondary,no,-1424,yes,no,unknown,1,2,unknown,0
30,technician,married,secondary,no,-308,no,yes,cellular,5,2,unknown,0
45,services,married,secondary,no,-1467,yes,no,cellular,4,2,other,0
46,housemaid,married,secondary,no,1138,no,no,telephone,6,1,unknown,0
40,management,married,tertiary,no,-104,yes,no,unknown,4,2,unknown,0
60,retired,married,tertiary,no,1781,no,no,cellular,4,2,unknown,0
34,management,married,secondary,no,-145,no,yes,cellular,3,0,unknown,0
34,management,single,tertiary,no,2525,yes,yes,unknown,4,0,unknown,1
37,blue-collar,married,primary,no,793,yes,no,cellular,8,0,unknown,0
43,admin.,married,secondary,no,-2531,no,no,cellular,2,2,unknown,0
27,management,single,secondary,no,7803,yes,yes,cellular,4,1,unknown,0
34,admin.,single,secondary,no,-1428,no,no,cellular,5,2,unknown,0
41,technician,married,secondary,no,-1093,yes,yes,unknown,6,1,unknown,0
34,entrepreneur,divorced,secondary,no,3750,no,no,cellular,5,1,unknown,0
31,management,single,tertiary,no,263,yes,no,cellular,4,1,unknown,0
55,housemaid,married,tertiary,no,2192,no,no,cellular,2,0,unknown,0
43,admin.,married,secondary,no,-2151,yes,no,unknown,4,2,unknown,0
58,admin.,married,secondary,no,1377,no,no,unknown,2,2,unknown,1
49,blue-collar,married,primary,no,-2432,yes,yes,unknown,5,1,unknown,0
41,admin.,divorced,secondary,no,-1662,yes,no,unknown,10,1,unknown,0
45,technician,single,secondary,no,-2364,no,no,telephone,3,2,unknown,0
39,technician,married,secondary,no,-3128,no,no,unknown,7,2,unknown,0
28,blue-collar,single,secondary,no,3447,no,yes,unknown,5,2,unknown,1
43,self-employed,married,tertiary,no,3873,no,no,unknown,3,1,unknown,0
32,management,single,tertiary,no,-572,yes,no,unknown,1,0,unknown,0
29,blue-collar,married,secondary,no,-3219,yes,no,cellular,4,2,unknown,0
47,blue-collar,divorced,secondary,no,2155,yes,no,cellular,3,2,unknown,0
46,admin.,single,tertiary,no,1625,yes,no,unknown,6,2,unknown,0
45,blue-collar,married,secondary,no,-2974,no,no,cellular,5,1,unknown,0
38,housemaid,divorced,primary,no,2398,no,no,unknown,2,0,unknown,0
28,unemployed,married,primary,yes,-2810,no,no,cellular,2,1,unknown,0
36,management,married,tertiary,no,5874,yes,no,telephone,4,2,unknown,0
56,management,divorced,tertiary,no,9939,yes,yes,cellular,2,2,unknown,0
34,entrepreneur,married,tertiary,no,2403,no,no,unknown,8,2,unknown,1
32,management,married,tertiary,no,-1569,no,no,cellular,8,4,failure,0
37,self-employed,married,tertiary,no,474,yes,no,unknown,6,1,unknown,0
54,retired,married,unknown,no,2650,no,no,cellular,4,1,unknown,0
26,management,married,tertiary,no,1184,yes,no,unknown,3,2,unknown,0
36,technician,divorced,secondary,no,600,yes,yes,unknown,5,1,unknown,0
42,entrepreneur,single,tertiary,no,-1935,yes,no,unknown,6,2,unknown,0
44,blue-collar,married,secondary,no,-2806,yes,no,cellular,5,1,unknown,0
37,blue-collar,divorced,secondary,no,-1913,yes,no,unknown,1,1,unknown,0
36,entrepreneur,single,tertiary,no,594,yes,no,unknown,5,2,unknown,0
54,unemployed,married,unknown,no,1127,yes,no,unknown,5,1,unknown,0
40,management,married,primary,no,116,no,no,cellular,4,1,unknown,0
28,blue-collar,single,primary,no,1426,no,no,cellular,5,2,unknown,0
34,blue-collar,married,secondary,no,889,yes,no,cellular,19,1,success,1
38,admin.,single,secondary,no,1497,no,no,cellular,2,2,unknown,0
36,admin.,married,secondary,no,-251,no,yes,cellular,6,2,unknown,0
43,management,single,tertiary,no,2960,yes,no,telephone,5,2,success,1
39,blue-collar,married,secondary,no,647,yes,no,telephone,2,2,unknown,0
48,technician,married,unknown,no,3246,yes,no,unknown,4,1,unknown,0
43,technician,divorced,secondary,no,4032,no,no,cellular,12,2,unknown,0
33,technician,married,secondary,no,2854,no,no,cellular,2,1,unknown,1
51,management,married,primary,no,2440,yes,no,unknown,4,0,unknown,0
39,blue-collar,married,secondary,no,1828,yes,no,unknown,2,1,unknown,0
31,technician,single,tertiary,no,801,no,no,cellular,1,2,unknown,0
58,blue-collar,married,secondary,no,-1468,yes,no,cellular,4,0,success,1
38,technician,married,tertiary,no,-2550,no,no,telephone,4,0,unknown,0
33,blue-collar,divorced,secondary,no,1612,yes,no,cellular,20,1,unknown,0
41,blue-collar,married,unknown,no,-1464,yes,no,unknown,6,2,unknown,0
24,management,married,primary,no,1249,no,no,cellular,7,2,unknown,1
33,blue-collar,married,secondary,no,780,yes,no,unknown,2,0,unknown,0
42,technician,married,secondary,no,8661,yes,yes,telephone,5,2,unknown,0
42,services,married,secondary,no,-115,yes,no,unknown,5,2,unknown,0
59,blue-collar,married,primary,no,-1529,yes,no,unknown,2,1,unknown,0
36,technician,married,tertiary,no,28750,no,no,telephone,3,2,unknown,0
38,management,married,tertiary,no,1878,no,no,cellular,4,0,unknown,0
28,blue-collar,single,primary,no,3286,yes,no,unknown,4,1,unknown,0
58,technician,married,secondary,no,-938,yes,no,cellular,3,1,unknown,0
69,retired,married,primary,no,6475,no,no,cellular,4,2,unknown,0
39,management,divorced,tertiary,no,23,no,yes,cellular,2,1,unknown,0
33,services,married,secondary,no,-115,no,no,cellular,1,0,unknown,0
38,admin.,single,secondary,no,1398,yes,no,cellular,2,2,unknown,0
34,admin.,divorced,unknown,no,2319,yes,no,unknown,3,0,unknown,0
29,technician,single,secondary,no,2406,yes,no,unknown,2,2,unknown,0
36,management,single,tertiary,no,2715,yes,no,unknown,5,1,unknown,0
47,technician,single,tertiary,no,2092,no,no,cellular,2,2,unknown,0
38,technician,single,secondary,no,3927,yes,no,cellular,1,1,unknown,0
41,management,married,secondary,no,30,no,no,cellular,4,2,unknown,0
41,management,married,tertiary,yes,7465,yes,no,cellular,4,2,unknown,0
53,unemployed,divorced,tertiary,no,1540,yes,no,unknown,5,0,unknown,0
48,blue-collar,married,secondary,no,-975,no,no,cellular,3,2,unknown,1
42,blue-collar,married,primary,no,2866,no,no,unknown,5,1,unknown,0
51,blue-collar,married,primary,no,-200,yes,no,cellular,4,3,failure,0
62,retired,married,tertiary,no,836,no,no,cellular,6,1,unknown,0
44,admin.,married,secondary,no,559,no,no,cellular,5,0,unknown,0
33,blue-collar,married,primary,no,-600,yes,no,telephone,2,5,success,1
48,technician,married,unknown,no,-3234,yes,no,telephone,3,8,failure,1
42,admin.,married,secondary,no,-1240,no,no,cellular,2,0,unknown,0
52,management,married,tertiary,no,235,yes,no,cellular,4,1,unknown,0
58,entrepreneur,married,tertiary,no,3774,yes,no,cellular,3,1,unknown,0
50,blue-collar,married,primary,no,-2292,yes,yes,cellular,8,1,unknown,0
26,management,single,unknown,no,3413,yes,no,unknown,8,2,unknown,0
42,entrepreneur,married,tertiary,no,3934,no,no,cellular,2,1,unknown,0
37,entrepreneur,married,secondary,no,2581,yes,no,unknown,4,2,unknown,0
74,retired,divorced,secondary,no,-1231,no,yes,unknown,5,0,unknown,0
29,technician,married,secondary,no,-3170,no,no,cellular,8,1,unknown,0
35,blue-collar,married,secondary,no,3247,yes,yes,cellular,2,2,unknown,0
19,student,married,secondary,no,-2803,yes,no,unknown,4,1,failure,1
32,blue-collar,single,secondary,no,-1091,yes,no,unknown,4,0,unknown,0
71,retired,married,primary,no,3681,no,no,unknown,4,1,unknown,0
54,admin.,married,tertiary,no,1706,no,yes,unknown,5,1,unknown,0
37,technician,single,secondary,no,2824,yes,no,unknown,6,1,unknown,0
34,management,married,secondary,no,2898,no,yes,cellular,15,0,unknown,0
48,unemployed,married,primary,no,-1985,no,no,cellular,4,2,other,0
43,entrepreneur,married,tertiary,no,445,no,yes,cellular,6,2,unknown,0
41,management,married,secondary,no,-2609,yes,no,unknown,4,2,unknown,0
35,blue-collar,divorced,secondary,no,-490,yes,no,unknown,4,0,unknown,0
28,admin.,single,secondary,no,381,yes,yes,unknown,7,2,unknown,0
37,admin.,married,tertiary,no,10225,no,no,cellular,22,2,success,0
34,blue-collar,divorced,primary,no,-1158,no,no,cellular,3,5,failure,0
34,admin.,single,secondary,no,1652,yes,no,telephone,2,1,unknown,0
37,management,married,tertiary,no,-2263,no,no,cellular,2,0,unknown,0
21,blue-collar,single,secondary,no,-1402,yes,no,unknown,2,2,unknown,0
32,management,single,tertiary,no,-2876,yes,no,cellular,6,2,unknown,0
56,housemaid,married,tertiary,no,1014,yes,no,telephone,4,1,unknown,0
24,services,single,secondary,no,1054,no,yes,unknown,3,2,unknown,0
28,management,single,tertiary,no,9449,yes,no,cellular,5,1,failure,0
58,management,divorced,tertiary,no,-186,yes,no,unknown,5,0,unknown,0
33,admin.,single,secondary,no,3666,no,no,cellular,6,7,failure,0
33,admin.,married,secondary,no,9520,yes,no,unknown,10,1,unknown,0
26,technician,married,secondary,no,921,yes,yes,cellular,2,2,unknown,1
57,management,divorced,tertiary,no,3195,yes,yes,cellular,9,0,unknown,0
30,technician,married,tertiary,no,-1974,no,no,cellular,6,0,unknown,0
27,management,single,tertiary,no,-1136,yes,no,cellular,1,2,unknown,0
48,admin.,divorced,secondary,no,15696,yes,no,unknown,2,1,unknown,0
31,admin.,divorced,secondary,no,1152,yes,no,cellular,1,2,failure,1
63,retired,married,primary,no,3805,no,no,cellular,7,1,unknown,0
26,services,single,secondary,no,1747,yes,yes,cellular,6,5,failure,0
47,technician,married,secondary,no,-2966,yes,yes,unknown,5,0,unknown,0
27,management,married,tertiary,no,3722,no,no,unknown,2,1,unknown,0
27,blue-collar,married,secondary,no,169,no,no,cellular,1,2,unknown,0
75,retired,married,secondary,no,20569,yes,no,cellular,2,9,failure,0
46,management,married,tertiary,no,9816,yes,no,telephone,5,0,unknown,1
32,blue-collar,single,primary,no,1367,no,no,cellular,3,1,unknown,0
55,blue-collar,married,secondary,no,3054,yes,no,telephone,4,2,unknown,0
56,management,divorced,tertiary,no,794,no,no,cellular,3,0,unknown,1
37,self-employed,married,secondary,yes,-1409,yes,yes,unknown,3,2,unknown,0
38,blue-collar,married,secondary,no,192,yes,no,cellular,4,2,unknown,0
38,entrepreneur,single,tertiary,no,160,no,no,cellular,6,1,unknown,1
28,admin.,single,secondary,no,-691,yes,no,unknown,1,0,unknown,0
55,admin.,married,secondary,no,1013,no,no,cellular,3,8,other,1
42,admin.,married,secondary,no,-2201,yes,yes,telephone,4,1,unknown,0
19,technician,single,tertiary,no,-1428,yes,no,unknown,5,1,unknown,0
42,retired,divorced,secondary,no,-2430,no,no,cellular,4,2,unknown,0
50,services,divorced,secondary,yes,-3111,yes,no,unknown,2,1,unknown,0
32,admin.,single,secondary,yes,601,no,no,unknown,1,2,unknown,0
51,admin.,married,secondary,no,2182,yes,no,cellular,2,1,unknown,0
50,management,married,tertiary,no,-314,no,no,cellular,4,2,unknown,0
30,technician,married,secondary,no,3408,yes,no,cellular,5,1,unknown,0
39,technician,married,secondary,no,1220,yes,no,cellular,4,8,failure,1
35,technician,married,secondary,no,1592,yes,no,telephone,4,0,failure,0
41,blue-collar,married,secondary,yes,-1181,yes,no,unknown,3,1,unknown,0
37,blue-collar,married,primary,no,10834,no,no,cellular,5,1,unknown,0
33,entrepreneur,married,primary,no,-721,yes,no,unknown,16,2,unknown,0
35,management,married,tertiary,no,2983,yes,no,cellular,3,7,other,0
49,technician,married,secondary,no,-1495,yes,no,unknown,4,2,unknown,0
24,blue-collar,single,primary,no,11229,yes,no,cellular,4,2,unknown,0
45,housemaid,divorced,secondary,no,1776,no,no,unknown,2,0,unknown,0
36,admin.,married,secondary,no,-1984,no,no,cellular,5,4,failure,0
47,management,married,primary,no,2137,no,no,cellular,1,0,unknown,0
58,services,married,secondary,no,-2154,yes,no,cellular,3,0,unknown,0
52,blue-collar,divorced,primary,no,-442,no,no,cellular,6,1,unknown,0
29,entrepreneur,married,primary,no,-493,yes,no,cellular,4,5,failure,0
35,technician,divorced,secondary,no,-819,no,no,cellular,3,1,unknown,0
29,management,divorced,tertiary,no,-617,yes,no,unknown,2,0,unknown,0
27,admin.,married,secondary,no,-2116,no,no,cellular,3,1,failure,0
51,services,married,secondary,no,-332,yes,yes,unknown,5,2,unknown,0
59,unknown,married,secondary,no,4833,no,no,cellular,4,2,unknown,0
43,unemployed,married,secondary,no,2615,yes,no,cellular,4,2,unknown,0
44,technician,married,secondary,no,-677,yes,no,cellular,6,5,failure,0
38,technician,married,tertiary,no,1993,yes,no,cellular,3,2,failure,0
34,blue-collar,single,primary,no,-125,yes,no,unknown,2,0,unknown,0
39,management,married,tertiary,yes,3948,no,no,cellular,4,2,unknown,0
57,housemaid,married,primary,no,3240,yes,no,telephone,6,2,failure,0
34,blue-collar,married,primary,no,1943,yes,yes,telephone,4,2,unknown,0
33,technician,married,tertiary,no,2952,no,no,telephone,5,0,unknown,0
27,management,married,tertiary,no,3493,yes,no,cellular,5,2,unknown,0
30,blue-collar,single,secondary,no,3618,yes,no,cellular,1,3,failure,1
30,management,married,tertiary,no,-235,no,no,unknown,4,2,unknown,0
28,management,married,tertiary,no,1104,yes,yes,unknown,2,0,unknown,0
32,blue-collar,married,primary,no,-2798,no,no,cellular,4,1,unknown,0
48,management,married,tertiary,no,14302,no,no,cellular,5,1,unknown,0
29,blue-collar,divorced,secondary,no,-869,yes,yes,unknown,5,1,unknown,0
40,blue-collar,married,secondary,no,8772,no,no,cellular,2,2,unknown,0
39,technician,married,secondary,no,-3257,no,yes,cellular,3,0,unknown,0
33,technician,married,unknown,no,2306,yes,no,cellular,2,1,unknown,1
32,services,married,secondary,no,-2759,yes,no,unknown,5,2,unknown,0
23,technician,single,secondary,no,-163,yes,no,unknown,4,2,unknown,0
36,admin.,married,tertiary,no,7750,yes,yes,cellular,4,0,unknown,0
36,admin.,single,unknown,no,2960,yes,no,cellular,9,2,unknown,0
34,self-employed,single,tertiary,no,8848,no,yes,telephone,5,0,failure,0
45,technician,married,secondary,no,-2213,no,yes,unknown,3,2,unknown,1
59,blue-collar,married,secondary,no,1652,no,yes,telephone,2,2,unknown,0
38,management,single,tertiary,no,-1561,yes,no,unknown,6,1,unknown,1
50,blue-collar,married,primary,no,1284,no,no,unknown,5,1,unknown,0
33,technician,married,tertiary,no,7217,no,no,cellular,3,0,unknown,1
31,blue-collar,single,primary,no,3808,no,no,cellular,4,2,unknown,0
28,blue-collar,married,secondary,no,32,yes,no,unknown,2,2,unknown,0
32,admin.,single,secondary,no,-1288,yes,no,unknown,7,2,unknown,0
27,blue-collar,single,secondary,no,-1003,yes,no,cellular,6,2,unknown,0
43,management,married,tertiary,no,3821,no,no,cellular,4,1,unknown,0
38,management,single,tertiary,no,-717,no,no,telephone,5,0,unknown,0
47,admin.,married,secondary,no,-1504,no,no,unknown,2,2,unknown,1
29,management,married,secondary,no,673,no,no,cellular,2,1,unknown,0
26,management,single,tertiary,no,1679,no,no,unknown,3,1,unknown,0
33,blue-collar,single,primary,no,3694,yes,no,cellular,2,2,unknown,0
54,retired,divorced,unknown,no,-2719,no,no,unknown,5,1,unknown,0
39,blue-collar,divorced,primary,no,-859,yes,no,cellular,2,1,unknown,0
52,admin.,divorced,secondary,no,2074,yes,yes,cellular,2,2,unknown,0
30,management,married,unknown,no,377,no,no,cellular,8,0,failure,0
28,admin.,single,secondary,no,1836,yes,no,cellular,5,2,unknown,0
37,management,married,tertiary,no,1712,no,no,cellular,4,0,unknown,0
51,admin.,married,secondary,no,-2625,yes,no,cellular,2,0,failure,0
28,services,single,secondary,no,-2938,yes,no,unknown,2,1,unknown,0
43,technician,single,secondary,no,-1992,yes,no,unknown,1,2,unknown,0
44,admin.,married,tertiary,no,-1048,yes,no,unknown,4,1,unknown,1
33,services,single,secondary,no,-1955,yes,no,cellular,4,2,failure,0
27,services,single,secondary,no,-1176,yes,yes,unknown,2,0,unknown,0
49,self-employed,married,tertiary,no,4988,no,no,cellular,12,2,other,0
33,services,married,secondary,no,-3118,yes,no,unknown,5,2,unknown,0
42,unemployed,married,tertiary,no,595,no,no,cellular,1,1,unknown,0
50,admin.,married,secondary,no,2333,yes,no,unknown,5,1,unknown,0
40,admin.,married,secondary,no,-2125,no,no,cellular,5,1,unknown,0
43,services,married,secondary,no,-2611,yes,yes,cellular,4,2,unknown,1
54,blue-collar,married,secondary,no,2112,yes,no,telephone,3,0,failure,0
36,technician,divorced,tertiary,no,-2721,yes,no,telephone,5,2,failure,1
35,admin.,single,primary,no,-2269,yes,no,cellular,6,1,unknown,0
50,blue-collar,married,secondary,no,7792,no,yes,cellular,4,1,failure,1
26,admin.,married,secondary,no,-1099,yes,no,unknown,4,2,unknown,0
57,blue-collar,divorced,secondary,no,2535,no,no,telephone,4,1,other,0
33,management,married,tertiary,no,7909,no,yes,cellular,6,0,unknown,0
52,blue-collar,married,primary,no,586,yes,no,unknown,6,4,other,0
36,management,married,primary,no,6924,no,no,unknown,4,1,unknown,0
36,technician,married,tertiary,no,-3107,no,no,cellular,3,6,success,0
28,technician,married,tertiary,no,2802,no,no,cellular,2,11,success,1
30,student,single,tertiary,no,-411,no,no,cellular,3,1,failure,0
30,services,married,secondary,no,2848,yes,no,cellular,3,0,unknown,0
51,blue-collar,divorced,primary,no,-2524,yes,no,cellular,4,3,failure,0
58,management,married,primary,yes,-93,no,no,cellular,3,2,unknown,0
56,blue-collar,divorced,unknown,no,707,yes,no,cellular,2,2,failure,0
46,blue-collar,single,secondary,no,-2161,yes,no,cellular,2,4,failure,0
31,admin.,married,secondary,no,-2760,no,no,telephone,5,1,unknown,0
38,blue-collar,married,primary,no,3656,yes,yes,cellular,4,1,unknown,0
35,blue-collar,divorced,secondary,no,3679,yes,no,telephone,5,0,unknown,1
35,management,married,secondary,no,4137,no,no,cellular,2,1,unknown,1
43,technician,divorced,secondary,no,743,no,no,unknown,3,2,unknown,0
32,services,married,secondary,no,2147,yes,no,cellular,6,2,unknown,0
49,entrepreneur,single,unknown,no,1167,yes,no,cellular,2,1,unknown,0
36,management,single,secondary,no,245,no,no,telephone,3,1,unknown,0
35,admin.,married,secondary,no,-2033,yes,no,cellular,2,0,unknown,0
52,technician,married,secondary,no,8920,yes,yes,telephone,6,1,failure,0
55,retired,married,primary,no,-11,no,no,cellular,2,1,unknown,0
53,housemaid,married,primary,no,1743,no,no,cellular,4,11,failure,0
44,self-employed,married,tertiary,no,-3000,yes,yes,unknown,1,2,unknown,0
85,retired,married,secondary,no,-1123,yes,no,unknown,5,2,unknown,0
44,blue-collar,married,primary,no,-2473,yes,no,unknown,2,0,unknown,0
30,technician,single,secondary,no,9821,no,no,cellular,5,2,unknown,0
51,housemaid,married,secondary,no,256,yes,no,cellular,3,2,unknown,0
21,blue-collar,single,secondary,no,6269,yes,no,unknown,3,2,unknown,0
50,services,married,secondary,no,2509,yes,no,cellular,1,2,unknown,0
26,management,married,tertiary,no,566,no,no,cellular,4,1,unknown,0
53,retired,divorced,tertiary,no,-1149,no,no,cellular,1,7,failure,0
55,self-employed,married,secondary,no,-389,yes,no,unknown,4,2,unknown,0
29,management,single,tertiary,no,-3299,no,no,cellular,4,1,failure,0
55,retired,single,unknown,no,-2863,no,no,unknown,7,1,unknown,0
39,blue-collar,married,secondary,no,-3039,yes,no,unknown,4,2,unknown,0
64,admin.,married,secondary,no,3852,no,no,unknown,4,1,unknown,0
36,housemaid,married,tertiary,no,18132,no,no,unknown,1,2,unknown,0
21,student,single,secondary,no,742,no,no,cellular,5,2,failure,0
55,management,married,tertiary,no,3697,yes,no,unknown,5,2,unknown,0
28,management,single,tertiary,no,706,no,no,unknown,5,2,unknown,0
47,unemployed,married,tertiary,no,1765,yes,no,cellular,6,2,unknown,0
26,blue-collar,married,primary,no,-2533,no,no,cellular,12,2,unknown,0
39,blue-collar,married,primary,no,-63,yes,no,unknown,7,0,unknown,0
39,blue-collar,married,primary,yes,1240,yes,no,cellular,3,4,failure,1
44,housemaid,married,primary,no,-266,yes,no,unknown,5,1,unknown,0
32,management,single,tertiary,no,1550,no,yes,unknown,9,2,unknown,0
49,technician,single,secondary,no,-755,no,no,unknown,2,1,unknown,0
31,student,single,unknown,no,1566,no,no,cellular,5,2,unknown,0
27,technician,single,primary,no,-1763,yes,no,unknown,5,2,unknown,0
31,management,married,tertiary,no,334,no,no,cellular,3,2,unknown,0
43,management,divorced,tertiary,no,-124,yes,no,unknown,4,2,unknown,0
52,admin.,married,secondary,no,607,no,no,unknown,5,1,unknown,0
40,services,married,secondary,no,-2903,yes,no,cellular,3,2,unknown,1
38,management,married,tertiary,no,-1507,yes,no,telephone,5,2,failure,0
40,technician,married,secondary,no,2018,no,yes,unknown,9,2,unknown,0
63,retired,divorced,primary,no,-2076,no,yes,cellular,5,2,unknown,0
39,technician,married,secondary,no,237,no,no,cellular,5,2,unknown,0
46,blue-collar,married,primary,no,4096,no,no,cellular,2,2,unknown,0
34,technician,divorced,secondary,no,1229,no,no,cellular,2,1,unknown,0
28,technician,single,secondary,no,2155,yes,no,unknown,4,2,unknown,0
55,blue-collar,married,secondary,no,2430,yes,no,unknown,3,1,unknown,0
53,management,married,tertiary,no,11351,yes,no,cellular,12,2,unknown,0
58,services,married,secondary,no,-425,yes,no,unknown,1,2,unknown,0
45,unemployed,single,tertiary,no,-365,yes,no,cellular,3,0,unknown,0
48,self-employed,married,tertiary,no,2311,yes,no,cellular,6,0,unknown,0
48,services,divorced,secondary,no,-3123,no,yes,unknown,3,2,unknown,0
50,blue-collar,divorced,secondary,no,7629,no,no,cellular,2,2,unknown,0
39,technician,single,secondary,no,-1290,yes,no,unknown,3,1,unknown,0
33,blue-collar,married,secondary,no,835,yes,no,unknown,4,2,unknown,0
59,management,divorced,secondary,no,2145,no,no,cellular,6,1,unknown,0
34,management,single,secondary,no,3102,no,no,cellular,2,2,unknown,0
56,blue-collar,married,primary,no,464,yes,no,cellular,4,1,unknown,0
32,services,single,primary,no,1840,no,no,cellular,3,2,unknown,0
32,blue-collar,single,secondary,no,-2723,yes,yes,unknown,4,2,unknown,0
69,blue-collar,married,secondary,no,1601,yes,no,cellular,2,0,unknown,0
47,management,married,secondary,yes,3613,yes,no,cellular,1,2,unknown,0
34,management,married,tertiary,no,1272,yes,no,cellular,5,1,unknown,0
39,management,married,tertiary,no,340,yes,no,cellular,5,10,success,1
32,services,married,secondary,no,494,no,no,unknown,4,1,unknown,0
34,admin.,single,tertiary,no,-245,no,no,cellular,4,2,unknown,0
51,technician,divorced,secondary,no,-1979,yes,no,unknown,2,1,unknown,0
55,retired,married,secondary,no,5607,no,no,cellular,2,0,unknown,0
36,admin.,married,tertiary,no,2607,yes,no,unknown,3,1,unknown,0
34,technician,married,secondary,no,529,yes,no,cellular,4,0,unknown,0
52,blue-collar,married,primary,no,-3026,yes,no,cellular,3,0,unknown,0
32,services,married,secondary,no,1269,yes,yes,unknown,3,1,unknown,0
27,blue-collar,married,primary,yes,2875,yes,no,unknown,1,0,unknown,0
50,services,single,secondary,no,1538,yes,no,cellular,6,1,unknown,0
27,management,single,tertiary,no,-1970,yes,yes,unknown,2,2,unknown,0
38,technician,divorced,unknown,no,3779,yes,no,cellular,3,4,failure,0
33,blue-collar,married,secondary,no,-1957,no,no,telephone,5,2,unknown,0
33,entrepreneur,married,secondary,no,474,yes,no,cellular,6,2,unknown,1
37,technician,married,secondary,no,114,yes,no,cellular,8,7,failure,0
28,technician,divorced,secondary,no,-2078,no,no,cellular,3,1,unknown,0
65,management,married,unknown,no,-1325,yes,no,cellular,10,1,failure,0
32,management,single,tertiary,no,-1925,no,no,cellular,3,2,unknown,1
30,unemployed,single,tertiary,no,-2065,no,no,unknown,16,1,unknown,0
33,management,divorced,tertiary,no,-3006,no,yes,cellular,2,9,success,0
37,entrepreneur,divorced,primary,no,1496,yes,yes,cellular,3,1,unknown,0
32,self-employed,single,tertiary,no,1652,yes,no,cellular,1,0,unknown,0
76,retired,married,primary,no,-1438,no,no,telephone,1,1,unknown,0
40,blue-collar,married,unknown,no,3777,yes,no,cellular,5,2,unknown,0
41,management,married,tertiary,no,-159,yes,no,cellular,10,1,unknown,0
28,blue-collar,single,primary,no,87,yes,no,cellular,5,2,unknown,0
37,blue-collar,married,primary,no,3596,yes,no,cellular,2,2,unknown,0
47,blue-collar,single,secondary,no,1523,yes,yes,cellular,3,1,failure,0
47,blue-collar,single,secondary,no,157,yes,no,unknown,6,0,unknown,0
47,blue-collar,married,secondary,no,2252,yes,no,cellular,1,2,unknown,0
37,blue-collar,single,secondary,no,2203,yes,no,cellular,8,0,unknown,0
51,admin.,single,secondary,no,-1017,no,no,cellular,3,1,unknown,0
42,unemployed,divorced,tertiary,no,-2793,yes,no,telephone,5,2,other,0
44,management,married,secondary,no,2141,no,yes,cellular,4,1,unknown,0
52,technician,single,secondary,no,2259,no,no,cellular,6,4,success,1
30,admin.,single,secondary,no,1160,yes,yes,cellular,11,6,other,0
34,blue-collar,married,secondary,no,-2441,yes,no,cellular,4,1,unknown,0
34,technician,married,secondary,no,2232,yes,no,unknown,5,0,unknown,0
45,entrepreneur,married,primary,no,5443,yes,no,cellular,4,2,unknown,0
30,services,single,secondary,no,2630,yes,no,cellular,2,1,unknown,0
34,blue-collar,divorced,secondary,no,8770,no,no,telephone,3,2,unknown,0
30,blue-collar,single,secondary,no,1430,yes,yes,telephone,2,2,unknown,0
26,services,married,secondary,no,-2754,yes,no,cellular,5,0,unknown,0
39,technician,single,secondary,yes,-594,no,yes,unknown,5,2,unknown,0
49,self-employed,married,secondary,no,2147,no,no,unknown,6,0,unknown,0
43,management,single,tertiary,no,-2484,no,no,unknown,4,0,unknown,0
56,retired,married,primary,no,-3026,yes,no,unknown,4,2,unknown,0
33,management,single,tertiary,no,-234,no,no,unknown,10,2,unknown,0
43,blue-collar,married,primary,no,3039,yes,yes,cellular,2,2,failure,0
48,blue-collar,divorced,unknown,no,1379,yes,no,cellular,4,0,unknown,0
61,retired,married,unknown,no,-1600,no,no,unknown,2,2,unknown,0
38,services,married,secondary,no,-2704,yes,no,unknown,3,1,unknown,0
33,technician,married,secondary,no,2922,no,no,cellular,3,4,other,0
34,blue-collar,married,secondary,no,2964,no,no,cellular,8,2,unknown,1
58,management,married,tertiary,no,1911,no,no,cellular,3,6,failure,0
54,blue-collar,married,primary,no,-1772,yes,no,unknown,4,1,unknown,0
28,housemaid,married,primary,no,2280,no,no,cellular,2,3,failure,1
36,entrepreneur,married,secondary,no,-3240,no,no,cellular,4,1,unknown,0
34,management,single,tertiary,no,-2029,no,no,cellular,1,2,unknown,0
45,housemaid,single,tertiary,no,-928,no,no,cellular,4,1,unknown,0
52,blue-collar,divorced,secondary,no,3816,yes,no,unknown,1,0,unknown,0
53,self-employed,married,tertiary,no,-3048,yes,no,unknown,3,0,unknown,0
35,management,married,tertiary,no,-2115,no,no,cellular,1,2,unknown,0
37,technician,married,secondary,no,9605,yes,no,unknown,5,1,unknown,0
22,student,married,tertiary,no,2366,no,no,cellular,6,1,unknown,0
39,technician,married,secondary,no,-1316,yes,no,unknown,5,1,unknown,0
36,technician,divorced,secondary,no,-2745,yes,no,cellular,3,2,unknown,0
27,technician,single,secondary,no,3049,yes,no,cellular,3,2,unknown,0
29,services,single,secondary,no,3916,no,no,cellular,5,2,unknown,0
37,management,single,tertiary,no,3456,no,no,cellular,1,1,unknown,0
42,entrepreneur,divorced,tertiary,no,904,no,no,cellular,3,2,unknown,0
23,student,married,tertiary,no,-2680,no,no,telephone,3,1,unknown,0
38,management,single,tertiary,no,9651,yes,yes,cellular,2,1,failure,0
29,admin.,married,unknown,no,1525,no,no,cellular,3,1,unknown,0
49,retired,divorced,secondary,no,2882,no,no,cellular,3,0,unknown,1
51,blue-collar,married,primary,no,2345,no,no,cellular,2,2,unknown,0
44,admin.,married,tertiary,no,433,yes,no,unknown,4,1,unknown,0
29,management,divorced,tertiary,no,3963,no,yes,cellular,3,0,unknown,0
45,services,married,secondary,no,128,yes,no,unknown,2,1,unknown,0
27,blue-collar,married,primary,no,10,no,no,cellular,18,3,other,0
38,technician,single,secondary,no,1434,yes,no,unknown,7,0,unknown,0
34,blue-collar,married,secondary,no,2559,no,no,cellular,4,1,unknown,0
30,admin.,divorced,secondary,no,1065,yes,no,unknown,3,1,unknown,0
34,technician,married,secondary,no,3697,yes,yes,cellular,5,1,unknown,0
29,technician,single,secondary,no,-1290,no,no,cellular,4,4,other,1
31,blue-collar,single,primary,no,3365,no,no,cellular,1,2,unknown,0
64,admin.,married,secondary,no,3230,no,no,cellular,3,0,success,0
31,blue-collar,married,primary,no,-734,yes,no,cellular,5,1,unknown,0
27,management,married,secondary,no,-3100,no,no,cellular,3,1,unknown,0
42,services,married,secondary,no,1167,yes,no,cellular,5,1,unknown,0
34,management,married,tertiary,no,1304,yes,no,cellular,5,1,unknown,0
56,blue-collar,married,secondary,no,3837,yes,yes,unknown,6,0,unknown,0
36,entrepreneur,single,tertiary,no,845,yes,no,cellular,5,2,unknown,1
33,blue-collar,divorced,secondary,no,2082,yes,no,unknown,3,0,unknown,0
77,retired,divorced,secondary,no,2345,no,no,cellular,3,2,unknown,0
30,blue-collar,single,primary,no,-2057,yes,yes,cellular,1,1,unknown,0
30,blue-collar,married,secondary,no,1655,yes,no,cellular,2,1,unknown,0
38,admin.,married,tertiary,no,-47,yes,no,unknown,2,1,unknown,0
34,blue-collar,married,secondary,no,-1702,yes,no,cellular,5,1,unknown,0
27,management,single,tertiary,no,-1266,yes,yes,unknown,5,1,unknown,1
46,admin.,married,primary,no,-611,no,no,cellular,9,1,unknown,0
42,entrepreneur,married,tertiary,no,9611,no,yes,cellular,5,1,unknown,0
29,blue-collar,married,primary,no,800,yes,yes,cellular,3,9,failure,0
29,admin.,married,secondary,no,-924,no,no,cellular,4,2,other,0
41,management,married,tertiary,no,-2901,yes,no,unknown,3,1,unknown,0
51,services,divorced,secondary,no,2553,yes,no,cellular,1,2,unknown,0
33,services,married,secondary,no,2303,yes,yes,unknown,4,2,unknown,0
52,management,single,tertiary,no,2918,no,no,cellular,5,1,unknown,0
30,admin.,single,secondary,no,2545,no,no,cellular,3,1,unknown,1
63,retired,married,secondary,no,4608,no,no,telephone,5,2,unknown,0
38,management,married,secondary,no,6232,yes,no,cellular,3,1,unknown,0
34,services,single,secondary,no,134,yes,no,cellular,2,2,unknown,0
33,entrepreneur,married,primary,no,-1100,no,yes,cellular,2,2,unknown,0
28,blue-collar,single,primary,no,2825,yes,no,unknown,3,1,unknown,0
33,entrepreneur,married,unknown,yes,-1789,yes,no,cellular,3,0,unknown,0
28,unemployed,single,primary,no,-3205,yes,no,telephone,2,1,unknown,0
50,services,married,secondary,no,48,yes,no,unknown,3,2,unknown,0
36,technician,married,tertiary,no,-2937,yes,yes,cellular,6,2,unknown,1
41,management,married,tertiary,no,-3100,yes,no,unknown,5,2,unknown,0
36,blue-collar,married,secondary,no,1203,yes,no,cellular,3,2,unknown,0
53,admin.,married,secondary,no,1190,no,no,cellular,2,7,failure,0
38,blue-collar,married,primary,no,727,yes,no,cellular,3,1,failure,0
34,admin.,single,secondary,no,-2789,yes,no,cellular,3,2,unknown,0
48,blue-collar,married,primary,no,864,no,no,cellular,4,2,unknown,0
27,services,married,secondary,no,583,yes,no,unknown,2,2,unknown,0
57,entrepreneur,married,tertiary,no,-1045,yes,no,cellular,9,2,unknown,0
38,technician,single,secondary,no,-1651,yes,no,unknown,5,2,unknown,1
31,blue-collar,single,secondary,no,-2152,yes,no,cellular,2,2,unknown,1
26,services,married,secondary,no,287,yes,no,unknown,2,1,unknown,0
28,self-employed,single,primary,no,-580,yes,no,cellular,9,2,unknown,1
48,management,married,tertiary,no,1049,no,yes,cellular,9,2,unknown,0
27,admin.,married,secondary,no,1709,yes,no,cellular,5,2,unknown,0
52,management,married,tertiary,no,-1256,no,no,telephone,5,1,unknown,0
39,management,married,tertiary,no,1211,no,yes,cellular,3,1,unknown,0
36,management,single,primary,no,-1388,yes,no,cellular,3,1,unknown,0
44,self-employed,married,tertiary,no,2242,yes,no,cellular,5,1,unknown,0
32,management,single,unknown,no,5657,yes,no,cellular,4,0,unknown,0
53,retired,divorced,primary,no,1115,no,no,cellular,2,2,unknown,1
29,blue-collar,married,primary,no,2172,yes,no,cellular,3,1,success,1
57,management,married,tertiary,no,2643,yes,yes,unknown,2,2,unknown,0
39,housemaid,married,primary,no,642,no,yes,cellular,4,2,unknown,0
27,technician,single,tertiary,no,3482,yes,no,cellular,5,0,unknown,0
58,services,divorced,secondary,no,4034,no,yes,cellular,4,2,unknown,0
40,management,married,tertiary,yes,2591,no,no,cellular,1,2,unknown,0
42,management,married,tertiary,no,-640,yes,no,cellular,3,2,failure,0
68,retired,married,unknown,no,-1327,no,no,cellular,1,1,unknown,0
49,blue-collar,married,primary,no,1354,no,yes,cellular,4,2,failure,0
33,blue-collar,married,secondary,no,-2357,no,no,cellular,5,2,unknown,0
39,blue-collar,married,primary,no,-1995,yes,no,unknown,7,0,unknown,0
46,management,married,tertiary,no,-2609,yes,yes,telephone,5,3,failure,0
44,blue-collar,married,secondary,no,1536,yes,no,cellular,6,2,unknown,0
31,management,married,tertiary,no,-428,no,no,unknown,7,2,unknown,0
47,self-employed,single,secondary,no,3552,yes,no,cellular,6,2,unknown,0
41,self-employed,married,tertiary,no,2695,yes,no,unknown,7,2,unknown,0
43,entrepreneur,married,primary,no,647,no,no,cellular,4,6,failure,0
41,housemaid,single,secondary,no,-776,no,yes,unknown,6,1,unknown,0
49,admin.,married,secondary,no,-925,yes,no,cellular,15,2,unknown,0
39,management,married,tertiary,yes,-2923,no,no,cellular,3,1,unknown,0
35,blue-collar,married,primary,no,-2487,yes,no,cellular,3,0,failure,0
41,admin.,married,secondary,no,3182,no,no,cellular,3,2,unknown,0
59,admin.,married,secondary,no,-1092,yes,no,unknown,2,0,unknown,0
63,technician,married,tertiary,no,4199,no,no,cellular,5,2,unknown,0
59,retired,married,primary,no,3989,yes,yes,cellular,4,1,unknown,0
42,technician,single,tertiary,no,-480,no,no,cellular,5,2,unknown,0
37,management,single,tertiary,no,2459,no,no,cellular,8,7,failure,0
39,technician,single,secondary,no,7513,no,no,cellular,2,0,unknown,0
35,admin.,single,secondary,no,3902,yes,no,cellular,2,1,unknown,0
37,blue-collar,married,secondary,no,-2714,yes,no,unknown,2,1,unknown,0
58,blue-collar,married,secondary,no,213,yes,no,cellular,5,0,unknown,0
36,management,married,tertiary,no,1509,yes,no,unknown,3,2,unknown,0
32,student,single,tertiary,no,-3131,no,no,unknown,3,1,unknown,0
29,student,married,primary,no,3521,no,no,unknown,6,1,unknown,0
42,retired,divorced,secondary,no,-792,no,no,telephone,3,3,other,0
31,self-employed,single,secondary,no,1737,no,no,cellular,3,0,unknown,0
55,self-employed,divorced,secondary,no,-2725,no,no,cellular,2,2,unknown,0
44,housemaid,married,primary,no,-2729,no,no,cellular,2,2,unknown,0
34,entrepreneur,single,tertiary,no,4781,no,no,cellular,2,2,unknown,1
35,management,single,primary,no,2563,yes,no,cellular,4,0,unknown,1
47,admin.,married,secondary,no,3706,yes,no,unknown,3,2,unknown,0
36,admin.,single,secondary,no,3511,no,no,cellular,3,0,unknown,0
27,blue-collar,single,secondary,no,641,yes,yes,unknown,5,8,other,0
27,technician,married,secondary,no,-2633,yes,no,cellular,3,2,failure,0
41,blue-collar,married,secondary,no,2477,no,no,cellular,4,2,unknown,0
42,admin.,single,secondary,no,464,no,yes,unknown,4,0,unknown,0
55,blue-collar,married,primary,no,2516,yes,no,cellular,6,0,unknown,0
62,admin.,married,secondary,no,8862,no,no,unknown,4,1,unknown,0
39,services,single,secondary,no,906,no,no,cellular,6,2,unknown,0
37,entrepreneur,married,tertiary,no,-2040,no,no,telephone,3,1,unknown,0
31,management,married,tertiary,no,-2248,yes,no,cellular,2,1,unknown,1
40,blue-collar,married,secondary,no,-2705,no,yes,unknown,2,1,unknown,0
35,student,married,secondary,no,-93,yes,no,cellular,5,2,unknown,0
33,entrepreneur,married,tertiary,yes,-1160,yes,no,cellular,2,1,failure,0
50,unknown,divorced,unknown,no,3796,no,no,cellular,2,4,other,0
35,management,married,tertiary,no,-2949,no,yes,unknown,5,1,unknown,0
41,technician,married,tertiary,no,2343,no,no,cellular,1,6,other,0
26,management,married,unknown,no,-2420,yes,no,unknown,4,2,unknown,1
27,technician,married,tertiary,no,-2544,yes,no,unknown,3,1,unknown,1
48,services,divorced,secondary,no,3562,no,no,cellular,2,1,unknown,0
35,services,single,secondary,no,5773,yes,no,unknown,6,1,unknown,0
59,retired,married,secondary,no,1120,no,no,cellular,5,1,unknown,0
37,services,single,secondary,no,1044,yes,no,unknown,2,2,unknown,0
34,services,single,secondary,no,-339,yes,no,unknown,2,1,unknown,0
55,self-employed,married,secondary,no,-705,no,no,cellular,4,1,unknown,1
54,housemaid,married,secondary,no,-2266,no,no,cellular,1,1,failure,0
45,management,married,secondary,no,1870,no,no,cellular,6,2,unknown,0
42,management,single,tertiary,no,-542,yes,no,telephone,3,0,unknown,1
51,management,married,secondary,no,1163,yes,yes,unknown,3,1,unknown,0
31,management,divorced,tertiary,no,2787,yes,no,cellular,1,2,failure,0
45,services,married,secondary,no,-2748,no,yes,cellular,3,2,unknown,0
39,technician,married,secondary,no,-159,yes,no,unknown,4,0,unknown,0
35,blue-collar,divorced,secondary,no,-684,yes,no,cellular,2,6,success,1
35,blue-collar,married,secondary,no,3632,yes,no,cellular,4,2,unknown,0
40,technician,married,tertiary,no,8764,yes,yes,telephone,4,0,success,0
45,management,married,tertiary,no,-1845,yes,no,cellular,5,2,other,0
28,admin.,married,secondary,no,103,no,no,cellular,6,6,other,0
78,retired,married,secondary,no,-3204,no,no,unknown,5,2,unknown,0
29,admin.,married,tertiary,no,518,no,no,cellular,3,2,unknown,0
53,blue-collar,single,primary,no,-2793,yes,no,cellular,13,1,failure,0
42,admin.,divorced,secondary,no,-2285,no,no,cellular,4,2,unknown,0
27,services,married,secondary,no,474,yes,no,unknown,8,2,unknown,0
33,technician,married,tertiary,no,695,yes,no,unknown,3,2,unknown,0
54,retired,divorced,secondary,no,-1727,no,no,telephone,2,1,unknown,0
36,management,divorced,tertiary,no,1033,yes,no,unknown,2,2,unknown,0
59,unknown,married,unknown,no,-992,no,no,cellular,2,1,unknown,0
48,blue-collar,married,unknown,no,1922,yes,no,cellular,4,2,unknown,0
49,blue-collar,married,primary,no,-2923,yes,no,cellular,5,2,unknown,0
56,retired,married,secondary,no,10406,no,no,cellular,6,1,unknown,0
33,management,single,tertiary,no,31,no,no,cellular,2,2,unknown,0
24,services,single,secondary,no,-2025,no,no,cellular,2,1,unknown,1
34,management,single,tertiary,no,-1146,no,no,cellular,1,1,unknown,0
31,admin.,single,secondary,no,1365,yes,no,unknown,2,0,unknown,1
50,technician,married,secondary,no,-2605,no,no,telephone,5,0,unknown,0
27,technician,single,tertiary,no,3484,yes,no,unknown,8,0,unknown,0
40,entrepreneur,single,tertiary,no,-1666,yes,no,cellular,3,1,unknown,0
34,services,married,secondary,no,-254,no,no,cellular,2,2,unknown,0
24,entrepreneur,single,tertiary,no,-2772,yes,no,cellular,4,3,failure,0
42,management,married,tertiary,no,86,yes,no,unknown,2,2,unknown,1
28,services,single,secondary,no,3851,no,no,unknown,15,1,unknown,0
38,housemaid,single,primary,no,-1921,no,no,cellular,1,0,unknown,0
47,technician,divorced,secondary,no,5465,yes,no,cellular,6,1,unknown,0
54,retired,married,secondary,no,761,no,yes,cellular,3,1,unknown,0
28,technician,single,secondary,no,1455,no,yes,cellular,3,1,unknown,0
54,services,married,secondary,no,-2248,yes,no,unknown,13,2,unknown,0
39,blue-collar,married,secondary,no,-1680,yes,no,cellular,2,2,unknown,0
39,blue-collar,married,primary,no,1188,yes,no,cellular,5,2,other,0
37,management,single,tertiary,no,-1529,yes,yes,cellular,4,2,unknown,1
50,technician,married,secondary,no,-3107,yes,yes,unknown,4,2,unknown,0
51,management,divorced,tertiary,yes,1861,yes,no,unknown,5,0,unknown,0
46,blue-collar,married,primary,no,3157,yes,no,unknown,4,0,unknown,0
41,admin.,married,primary,no,2693,yes,no,unknown,10,0,unknown,0
50,technician,married,secondary,no,3058,yes,no,unknown,2,2,unknown,0
39,admin.,single,secondary,no,-1729,no,no,telephone,2,2,unknown,0
27,technician,married,tertiary,no,-1004,no,no,cellular,2,2,unknown,0
37,technician,married,tertiary,no,8607,yes,no,telephone,4,1,success,1
70,retired,married,tertiary,no,1275,yes,yes,unknown,2,1,unknown,0
45,self-employed,single,secondary,no,1351,yes,no,cellular,5,3,other,0
52,entrepreneur,married,primary,no,807,no,no,cellular,2,1,unknown,0
27,management,single,tertiary,no,-1572,yes,no,cellular,3,2,unknown,0
30,self-employed,married,unknown,no,-1536,no,no,cellular,3,0,unknown,0
33,management,single,tertiary,no,-2683,yes,no,cellular,27,0,unknown,0
29,self-employed,married,secondary,no,-2885,no,no,cellular,19,3,other,0
28,management,married,tertiary,no,8467,no,no,unknown,3,2,unknown,0
26,technician,single,secondary,no,-2670,yes,no,cellular,5,0,unknown,0
42,housemaid,married,secondary,no,10668,yes,yes,cellular,3,1,unknown,0
35,technician,married,secondary,no,3832,yes,no,cellular,5,1,unknown,0
36,admin.,married,secondary,no,-2223,no,yes,cellular,5,0,unknown,0
48,technician,married,secondary,no,3884,no,no,cellular,8,0,unknown,0
33,entrepreneur,married,secondary,no,1335,yes,no,cellular,6,2,unknown,0
42,blue-collar,single,secondary,no,-3270,no,no,cellular,6,1,other,0
56,self-employed,married,tertiary,no,-457,yes,no,cellular,2,1,unknown,1
47,blue-collar,married,primary,no,-623,yes,no,cellular,4,9,failure,0
30,admin.,married,secondary,no,-1010,no,no,cellular,5,1,unknown,0
68,management,married,tertiary,no,-2812,yes,no,cellular,2,1,unknown,0
53,services,married,secondary,no,-1500,no,no,cellular,5,1,unknown,0
61,retired,divorced,secondary,no,-3184,yes,no,cellular,2,2,unknown,0
35,blue-collar,divorced,primary,no,27,yes,no,cellular,5,2,unknown,0
33,management,single,tertiary,no,7726,no,yes,cellular,3,1,unknown,0
30,technician,married,secondary,no,-1587,yes,no,cellular,6,0,failure,1
44,management,married,tertiary,no,3573,yes,no,cellular,5,2,unknown,0
50,technician,married,secondary,no,3287,no,no,cellular,3,2,unknown,0
44,entrepreneur,married,primary,no,409,yes,no,unknown,1,2,unknown,0
33,services,married,secondary,no,2660,yes,no,cellular,4,2,unknown,0
28,technician,single,tertiary,no,-680,yes,yes,unknown,4,1,unknown,0
42,management,single,tertiary,no,17196,no,no,cellular,2,0,unknown,0
33,management,married,tertiary,no,9932,yes,no,telephone,5,1,unknown,0
55,technician,married,secondary,no,-691,no,no,cellular,3,1,unknown,1
53,self-employed,married,tertiary,no,9652,no,no,telephone,4,2,unknown,0
29,blue-collar,single,secondary,no,6755,yes,no,cellular,2,2,unknown,0
50,blue-collar,married,unknown,no,-2023,yes,no,unknown,5,2,unknown,0
29,management,married,tertiary,no,14709,yes,no,cellular,4,0,unknown,0
35,admin.,single,tertiary,no,-2466,no,no,telephone,2,1,unknown,0
54,retired,married,secondary,no,2037,no,no,cellular,6,2,unknown,0
19,student,single,secondary,no,-1438,no,no,cellular,2,2,unknown,0
35,technician,married,tertiary,no,394,yes,yes,unknown,11,2,unknown,0
58,management,married,tertiary,no,10162,no,no,cellular,5,0,unknown,0
63,blue-collar,married,secondary,no,1145,yes,no,unknown,3,0,unknown,0
41,admin.,married,secondary,no,3458,no,no,unknown,5,2,unknown,0
30,services,married,secondary,no,2094,yes,no,telephone,3,1,unknown,0
27,services,single,secondary,no,1847,no,no,cellular,4,1,failure,0
29,admin.,married,secondary,no,2206,yes,no,cellular,5,0,unknown,0
37,technician,single,secondary,no,1832,yes,no,unknown,5,2,unknown,1
39,management,single,tertiary,no,3532,no,no,cellular,2,1,success,0
28,student,single,secondary,no,1117,yes,yes,telephone,6,2,unknown,0
50,admin.,single,secondary,no,1610,no,no,unknown,8,0,unknown,0
32,self-employed,single,primary,no,784,yes,no,unknown,2,2,unknown,0
51,services,married,secondary,no,665,yes,no,cellular,5,1,unknown,0
30,student,single,tertiary,no,3699,no,no,cellular,3,0,unknown,0
30,technician,married,secondary,no,-1077,no,no,unknown,3,1,unknown,0
28,technician,single,tertiary,no,-1897,no,no,unknown,1,2,unknown,0
35,blue-collar,single,secondary,no,420,yes,no,unknown,2,1,unknown,0
34,self-employed,single,tertiary,no,-991,yes,no,cellular,3,0,unknown,0
31,admin.,single,primary,no,2007,no,no,cellular,2,0,unknown,0
38,technician,married,tertiary,no,8876,yes,no,cellular,2,2,success,1
35,management,married,tertiary,no,-3298,no,yes,cellular,2,4,failure,0
85,retired,married,tertiary,no,-1757,yes,no,cellular,5,1,unknown,0
39,services,married,secondary,no,1300,yes,no,cellular,2,2,unknown,0
47,blue-collar,married,secondary,no,-361,no,yes,cellular,3,2,unknown,0
36,services,married,secondary,no,1753,no,no,cellular,4,2,unknown,0
28,student,single,tertiary,no,185,no,no,cellular,1,0,failure,0
35,self-employed,married,secondary,no,-2483,yes,no,unknown,5,1,unknown,1
79,retired,married,tertiary,no,1825,no,no,cellular,5,2,unknown,0
27,services,single,secondary,no,3940,yes,no,cellular,2,2,failure,0
27,management,single,tertiary,no,-2629,no,no,telephone,1,1,unknown,0
34,management,single,tertiary,no,16177,no,no,cellular,1,2,unknown,0
30,services,married,secondary,no,1257,yes,no,cellular,5,2,unknown,0
41,unemployed,divorced,secondary,no,1251,no,no,cellular,1,2,unknown,0
26,management,single,tertiary,no,452,yes,no,telephone,4,2,unknown,0
43,management,married,tertiary,no,462,yes,no,unknown,4,0,unknown,0
55,retired,married,primary,no,4058,no,no,cellular,4,0,unknown,0
47,admin.,married,tertiary,no,3184,yes,no,unknown,3,2,unknown,0
36,management,married,tertiary,no,-75,no,no,cellular,8,4,success,1
37,admin.,married,secondary,no,2745,yes,no,cellular,3,1,unknown,0
29,services,single,secondary,no,1660,no,no,cellular,5,2,unknown,0
37,admin.,married,secondary,no,2686,yes,no,telephone,1,1,unknown,0
29,technician,single,tertiary,no,4122,no,no,cellular,2,1,success,1
51,blue-collar,married,primary,no,-2781,yes,no,cellular,3,1,failure,0
59,self-employed,married,tertiary,no,-1732,yes,no,unknown,8,1,unknown,0
28,blue-collar,single,primary,no,-1584,yes,no,cellular,4,2,failure,0
35,management,married,primary,no,2786,no,no,cellular,3,0,failure,0
52,technician,married,secondary,no,3572,no,no,cellular,6,1,unknown,0
28,management,single,tertiary,no,-1627,yes,no,cellular,2,4,other,1
30,technician,married,secondary,no,304,no,yes,telephone,6,2,unknown,1
30,student,single,secondary,no,3314,no,no,cellular,1,2,unknown,0
44,admin.,single,secondary,no,9519,no,no,cellular,5,2,unknown,0
46,entrepreneur,married,tertiary,no,1059,yes,no,cellular,6,1,failure,0
31,student,married,secondary,no,3342,yes,no,cellular,2,1,unknown,0
40,services,married,secondary,no,3569,yes,yes,unknown,18,1,unknown,0
43,management,single,tertiary,no,4815,no,yes,cellular,5,2,other,0
29,admin.,single,secondary,no,3882,no,yes,cellular,2,0,unknown,0
29,blue-collar,married,primary,no,-1142,yes,no,cellular,8,2,unknown,0
48,entrepreneur,divorced,primary,no,1264,no,no,unknown,5,0,unknown,0
54,retired,divorced,tertiary,no,2297,no,no,cellular,3,1,unknown,0
44,housemaid,married,primary,no,-1124,no,no,cellular,5,1,unknown,0
29,technician,single,tertiary,yes,-1031,no,no,cellular,6,2,unknown,0
47,admin.,married,secondary,no,3432,no,no,unknown,5,2,unknown,1
34,management,single,unknown,no,2583,no,no,cellular,2,1,unknown,0
35,management,married,tertiary,no,3962,yes,no,unknown,3,2,unknown,0
34,technician,married,secondary,no,-2615,no,no,cellular,4,3,other,0
49,self-employed,single,secondary,no,1354,yes,no,unknown,5,2,unknown,0
33,admin.,single,secondary,no,2197,yes,no,unknown,6,1,unknown,0
46,entrepreneur,married,secondary,no,3812,yes,no,unknown,5,1,unknown,0
40,blue-collar,married,secondary,no,2092,yes,no,unknown,5,1,unknown,0
40,self-employed,married,secondary,no,6224,no,yes,cellular,9,3,success,1
37,technician,married,secondary,no,-2562,no,no,cellular,4,0,unknown,0
26,blue-collar,married,primary,no,-2023,yes,no,cellular,5,0,unknown,0
35,management,married,tertiary,no,-1383,yes,no,unknown,5,2,unknown,0
38,blue-collar,married,secondary,no,938,no,yes,cellular,2,5,other,0
42,technician,married,tertiary,no,13991,yes,yes,unknown,7,0,unknown,0
27,housemaid,single,secondary,no,-2206,no,no,telephone,3,1,failure,0
32,entrepreneur,single,secondary,yes,-2667,no,no,cellular,6,2,failure,0
52,technician,married,tertiary,no,1794,no,no,cellular,3,2,unknown,0
39,admin.,married,tertiary,no,2757,yes,no,cellular,5,1,failure,1
27,services,single,secondary,no,19957,yes,yes,unknown,7,1,unknown,0
56,housemaid,married,tertiary,no,514,no,no,unknown,4,1,unknown,0
38,blue-collar,single,secondary,no,3990,yes,no,cellular,5,2,unknown,0
42,services,married,secondary,no,-624,yes,no,cellular,6,0,unknown,0
44,housemaid,married,primary,no,670,no,no,telephone,4,2,unknown,0
61,retired,married,secondary,no,10177,no,yes,cellular,4,2,unknown,0
37,technician,married,tertiary,no,-3137,no,no,cellular,2,1,unknown,0
48,blue-collar,married,secondary,no,3191,yes,no,unknown,5,2,unknown,0
48,services,married,secondary,no,2456,yes,no,cellular,2,3,other,1
44,management,married,tertiary,no,2172,no,no,unknown,2,0,unknown,0
38,technician,divorced,secondary,no,6693,yes,no,unknown,5,1,unknown,0
45,blue-collar,married,primary,yes,350,no,no,cellular,4,0,unknown,0
56,entrepreneur,married,tertiary,no,3694,no,no,cellular,3,2,unknown,1
35,management,married,tertiary,no,-2856,no,no,cellular,2,2,unknown,0
51,entrepreneur,married,secondary,no,-2701,no,no,cellular,6,0,unknown,0
37,management,married,tertiary,no,1456,no,no,cellular,4,1,other,0
31,technician,married,secondary,no,3783,yes,no,cellular,5,2,success,1
58,blue-collar,married,secondary,no,-2202,yes,no,unknown,8,1,unknown,1
47,management,married,tertiary,no,-1909,no,no,cellular,3,2,unknown,0
28,admin.,single,secondary,no,114,yes,no,cellular,4,0,other,0
37,blue-collar,married,secondary,no,2565,yes,no,cellular,1,1,unknown,0
61,blue-collar,married,primary,no,888,yes,no,cellular,1,2,unknown,0
40,admin.,married,secondary,no,16503,yes,yes,cellular,4,1,unknown,0
26,blue-collar,single,secondary,no,-2927,yes,no,cellular,3,2,unknown,0
30,admin.,single,secondary,no,-1828,yes,yes,unknown,5,1,unknown,0
32,student,single,secondary,no,1050,no,no,unknown,5,2,unknown,0
39,admin.,married,secondary,no,2085,yes,no,cellular,4,1,failure,0
40,self-employed,married,primary,no,-2633,no,yes,cellular,4,1,unknown,0
64,retired,divorced,primary,no,-2638,yes,no,unknown,2,2,unknown,0
35,services,married,secondary,no,-970,yes,no,unknown,4,1,unknown,0
23,technician,single,secondary,no,-225,no,no,cellular,4,2,unknown,0
28,technician,single,secondary,no,-830,yes,no,unknown,2,1,unknown,0
39,entrepreneur,single,unknown,no,12855,no,no,cellular,3,0,unknown,0
52,admin.,divorced,secondary,no,-2761,yes,yes,unknown,1,1,unknown,0
39,blue-collar,married,primary,no,1495,yes,no,cellular,4,2,unknown,0
57,management,married,tertiary,no,3792,no,no,cellular,13,1,unknown,0
40,technician,married,tertiary,no,1411,no,no,cellular,2,4,failure,0
39,blue-collar,single,primary,no,3535,yes,no,cellular,9,0,success,1
54,management,single,tertiary,no,-2368,no,yes,unknown,5,0,unknown,1
51,blue-collar,divorced,primary,no,8725,yes,no,unknown,2,2,unknown,1
52,self-employed,married,secondary,no,6855,yes,no,unknown,6,1,unknown,0
20,student,single,tertiary,no,2998,yes,no,cellular,4,0,unknown,0
55,management,single,tertiary,no,1146,yes,no,unknown,6,1,unknown,0
53,retired,married,tertiary,no,16161,no,yes,cellular,1,0,unknown,0
29,blue-collar,married,secondary,no,3500,yes,yes,cellular,5,0,unknown,0
42,blue-collar,married,primary,no,3807,no,no,cellular,14,1,unknown,0
55,self-employed,married,secondary,no,-2290,no,no,cellular,4,1,unknown,0
34,technician,married,secondary,no,-53,yes,no,cellular,1,1,unknown,1
44,management,married,tertiary,no,-2677,no,no,cellular,3,0,unknown,0
31,self-employed,single,secondary,no,862,yes,no,cellular,1,1,unknown,0
21,student,single,primary,no,-1643,no,no,telephone,6,1,unknown,0
28,blue-collar,married,secondary,no,1891,yes,no,cellular,6,2,failure,0
30,admin.,married,tertiary,no,-664,no,yes,cellular,4,2,unknown,0
31,services,single,secondary,no,-3255,yes,no,unknown,9,2,unknown,0
59,retired,married,secondary,no,3304,no,no,cellular,5,0,unknown,0
35,management,married,tertiary,no,-2372,yes,no,cellular,2,1,failure,0
37,services,married,secondary,no,-1313,yes,yes,cellular,6,0,other,0
43,technician,single,tertiary,no,562,yes,no,telephone,8,1,failure,0
38,technician,married,tertiary,no,-2888,no,no,cellular,3,2,unknown,0
47,blue-collar,married,secondary,no,2440,yes,no,cellular,1,0,unknown,0
40,blue-collar,married,primary,no,2023,no,yes,unknown,1,0,unknown,0
26,blue-collar,married,secondary,no,-2438,yes,no,unknown,6,2,unknown,0
45,services,married,secondary,no,1312,no,no,cellular,2,1,unknown,0
34,blue-collar,married,secondary,no,-2355,no,no,cellular,3,2,unknown,0
56,housemaid,divorced,primary,no,639,no,no,cellular,5,0,failure,0
33,blue-collar,divorced,unknown,no,-2617,yes,no,unknown,5,1,unknown,0
28,management,married,tertiary,no,6237,no,no,cellular,3,0,failure,0
26,admin.,single,secondary,no,42,yes,no,cellular,4,24,failure,0
29,management,single,tertiary,no,8194,no,no,cellular,5,1,unknown,0
27,technician,married,secondary,no,9009,yes,no,cellular,2,0,unknown,1
50,services,single,secondary,no,3593,yes,no,unknown,8,2,unknown,0
54,blue-collar,single,secondary,no,-816,yes,no,cellular,9,2,success,1
27,management,married,tertiary,no,-705,no,no,unknown,4,1,unknown,0
36,management,married,tertiary,yes,-1754,no,no,cellular,4,2,unknown,0
35,services,married,secondary,no,2183,yes,no,cellular,1,2,unknown,0
41,blue-collar,married,secondary,no,-577,yes,no,cellular,2,2,unknown,0
26,admin.,married,secondary,no,-1735,yes,no,unknown,3,2,unknown,1
26,admin.,single,secondary,no,-1881,no,no,cellular,5,0,unknown,0
45,blue-collar,divorced,primary,no,-179,yes,no,unknown,4,2,unknown,0
34,unemployed,married,secondary,no,2918,no,yes,cellular,7,0,unknown,0
26,management,single,tertiary,no,-50,no,no,cellular,4,2,unknown,0
27,blue-collar,divorced,secondary,no,10199,no,no,unknown,7,2,unknown,0
29,admin.,married,secondary,no,199,yes,no,unknown,6,2,unknown,0
52,blue-collar,married,secondary,no,1020,yes,no,cellular,4,2,unknown,0
27,blue-collar,married,primary,no,-1410,yes,no,cellular,5,1,unknown,0
38,services,married,secondary,no,-263,no,no,cellular,8,2,unknown,0
29,blue-collar,married,primary,no,2084,yes,no,cellular,2,2,unknown,0
35,blue-collar,married,primary,no,-2685,yes,no,cellular,5,2,unknown,0
58,services,married,secondary,no,70,yes,no,cellular,12,2,unknown,1
28,blue-collar,single,secondary,no,-1429,yes,no,cellular,5,0,unknown,1
26,admin.,married,tertiary,no,-1147,yes,no,unknown,5,1,unknown,0
76,retired,married,secondary,no,-794,no,yes,cellular,5,0,unknown,0
50,blue-collar,married,unknown,no,-1837,yes,no,cellular,4,2,unknown,1
30,admin.,single,secondary,no,981,yes,yes,unknown,4,0,unknown,0
48,management,married,tertiary,no,-3012,no,no,cellular,1,1,unknown,0
52,services,single,secondary,no,-1538,yes,no,unknown,2,0,unknown,0
58,retired,divorced,tertiary,no,-1349,no,yes,telephone,2,2,failure,0
52,blue-collar,married,secondary,no,-1964,no,no,cellular,1,1,unknown,0
29,blue-collar,married,secondary,no,2904,yes,yes,unknown,4,0,unknown,0
38,services,married,secondary,no,1801,yes,no,cellular,1,1,unknown,0
37,management,divorced,secondary,no,3301,no,no,cellular,3,0,unknown,0
54,retired,married,tertiary,no,-2323,no,no,cellular,7,2,unknown,0
46,blue-collar,married,primary,no,-1914,yes,no,unknown,2,1,unknown,0
40,blue-collar,married,secondary,no,-978,no,no,cellular,20,2,unknown,0
33,student,married,secondary,no,475,no,no,cellular,6,0,unknown,0
33,services,married,secondary,no,2900,no,no,unknown,4,0,unknown,0
42,housemaid,single,tertiary,no,2904,yes,no,cellular,4,1,unknown,0
37,management,married,tertiary,no,3094,yes,no,cellular,2,2,unknown,0
48,blue-collar,married,secondary,no,-3184,no,no,cellular,3,2,failure,0
56,services,married,unknown,no,-3109,no,no,cellular,5,0,failure,0
46,management,single,tertiary,no,6645,yes,no,unknown,1,1,unknown,0
54,technician,married,secondary,no,-120,yes,no,unknown,3,2,unknown,0
46,blue-collar,divorced,secondary,no,4184,yes,no,cellular,2,1,unknown,0
39,management,married,tertiary,no,-703,no,no,cellular,7,1,unknown,0
29,services,single,secondary,no,-2361,yes,yes,cellular,2,2,failure,0
31,management,single,tertiary,no,3197,yes,no,unknown,5,0,unknown,0
38,management,single,tertiary,no,-1746,no,no,cellular,3,2,unknown,0
51,blue-collar,married,primary,no,-939,yes,no,cellular,6,0,unknown,0
42,technician,single,secondary,no,-2010,yes,no,cellular,3,2,unknown,0
51,services,married,tertiary,no,3007,no,no,cellular,4,2,unknown,1
38,technician,married,secondary,no,-2474,yes,no,cellular,3,2,unknown,0
51,management,single,tertiary,no,-38,no,yes,cellular,5,1,unknown,0
32,services,married,secondary,no,-1670,yes,no,unknown,1,1,unknown,0
33,technician,single,unknown,no,-1479,no,no,cellular,11,1,unknown,0
59,management,divorced,tertiary,no,4097,no,no,cellular,2,1,unknown,0
35,services,single,secondary,no,9458,yes,no,unknown,5,1,unknown,0
30,technician,married,secondary,no,9623,yes,no,cellular,3,1,unknown,0
27,services,married,secondary,no,-667,yes,no,cellular,1,2,unknown,0
32,management,married,tertiary,no,3969,yes,no,unknown,4,0,unknown,0
33,technician,married,unknown,no,3878,no,no,cellular,2,3,other,0
50,services,divorced,tertiary,no,1422,no,no,unknown,5,1,unknown,0
27,technician,married,secondary,no,-1621,no,yes,cellular,2,1,unknown,0
42,management,married,tertiary,no,4500,yes,no,unknown,1,1,unknown,0
48,technician,married,tertiary,no,744,no,yes,cellular,4,2,unknown,0
57,management,divorced,secondary,no,7761,no,no,cellular,4,1,other,0
31,student,single,tertiary,no,3115,no,no,cellular,4,2,unknown,0
42,technician,married,secondary,no,4125,yes,no,cellular,4,2,failure,0
57,retired,married,secondary,no,2773,no,no,unknown,1,1,unknown,0
55,self-employed,single,secondary,no,-1509,yes,no,unknown,5,2,unknown,0
34,technician,single,tertiary,no,4022,no,no,cellular,5,1,failure,0
32,blue-collar,single,secondary,no,1251,yes,no,cellular,5,2,unknown,0
55,entrepreneur,divorced,tertiary,no,4421,yes,no,cellular,1,1,unknown,0
26,management,single,tertiary,no,-1764,yes,no,unknown,2,1,unknown,0
35,management,married,primary,no,11279,yes,no,unknown,2,1,unknown,0
51,housemaid,married,secondary,no,2615,no,no,unknown,5,2,unknown,0
61,retired,married,secondary,no,2204,no,no,cellular,2,3,failure,0
24,management,single,tertiary,no,1619,no,no,cellular,3,2,unknown,0
49,services,married,secondary,no,-3141,yes,no,telephone,2,1,unknown,0
50,technician,divorced,secondary,no,11116,yes,no,cellular,5,1,unknown,0
34,services,single,secondary,no,-1093,yes,yes,cellular,2,2,unknown,0
33,management,single,tertiary,no,2436,yes,no,cellular,8,2,success,1
27,management,married,tertiary,no,706,no,no,unknown,5,2,unknown,0
55,management,married,tertiary,no,324,no,no,cellular,3,1,unknown,0
49,technician,married,secondary,no,608,yes,no,cellular,2,2,failure,0
32,admin.,married,tertiary,no,3530,yes,no,unknown,33,2,unknown,0
42,management,married,tertiary,yes,2908,no,no,telephone,2,1,unknown,0
35,blue-collar,married,secondary,no,7075,yes,no,cellular,5,3,failure,0
35,admin.,married,secondary,no,3038,yes,no,telephone,5,2,other,0
43,blue-collar,single,secondary,no,-2008,yes,no,cellular,2,1,unknown,0
45,blue-collar,married,secondary,no,-711,no,yes,cellular,1,1,unknown,0
27,blue-collar,single,secondary,no,13978,yes,no,unknown,3,1,unknown,0
38,unknown,married,unknown,no,-2962,no,no,cellular,1,2,unknown,0
48,management,married,tertiary,no,-326,no,no,telephone,5,2,unknown,0
58,housemaid,married,tertiary,no,-3297,no,no,unknown,6,0,unknown,0
33,technician,married,secondary,no,3904,no,no,cellular,4,1,unknown,0
59,housemaid,divorced,tertiary,no,2779,yes,no,cellular,4,0,unknown,1
29,services,married,primary,no,258,yes,no,cellular,4,1,unknown,0
52,management,divorced,tertiary,no,-2854,no,no,cellular,8,1,unknown,1
41,management,single,tertiary,no,13547,yes,no,unknown,4,2,unknown,0
42,blue-collar,married,secondary,no,2443,yes,no,unknown,4,2,unknown,0
24,admin.,single,secondary,no,-1125,no,no,cellular,5,1,failure,0
27,technician,married,secondary,no,-2609,yes,no,unknown,2,0,unknown,0
54,technician,married,secondary,no,-131,no,no,cellular,2,1,unknown,0
50,services,married,secondary,no,995,yes,yes,cellular,3,1,unknown,1
32,management,single,tertiary,no,-2371,no,no,cellular,1,5,failure,0
28,management,single,secondary,no,-505,yes,no,unknown,3,1,unknown,0
34,technician,single,secondary,no,834,yes,no,unknown,3,1,unknown,0
28,self-employed,single,tertiary,no,2236,no,no,cellular,5,9,other,0
39,management,married,tertiary,no,-280,yes,no,cellular,4,2,unknown,0
33,blue-collar,married,secondary,no,4072,yes,no,unknown,6,1,unknown,0
30,management,single,tertiary,no,-1408,yes,no,unknown,5,1,unknown,0
48,admin.,single,secondary,no,2275,no,no,telephone,6,0,unknown,0
50,blue-collar,married,secondary,no,-2722,no,no,unknown,5,1,unknown,0
27,management,single,tertiary,no,3505,yes,yes,unknown,3,0,unknown,0
30,blue-collar,married,primary,no,747,yes,no,cellular,2,1,unknown,0
32,services,single,secondary,no,-2023,yes,yes,unknown,4,1,unknown,0
52,blue-collar,single,secondary,no,2758,yes,no,cellular,5,2,success,1
50,technician,divorced,tertiary,no,3268,no,no,telephone,3,1,failure,0
29,admin.,single,secondary,no,-2345,yes,no,cellular,10,1,unknown,0
30,blue-collar,single,secondary,no,3261,no,yes,cellular,4,2,unknown,0
26,blue-collar,single,primary,no,3831,no,no,unknown,5,1,unknown,0
58,technician,married,secondary,no,-663,no,no,cellular,16,0,unknown,0
37,technician,single,secondary,no,2576,no,no,cellular,5,2,failure,0
29,services,single,secondary,no,2053,no,no,cellular,5,1,unknown,0
30,admin.,single,secondary,no,910,yes,yes,telephone,2,1,unknown,0
29,technician,single,primary,no,7022,yes,no,cellular,5,2,unknown,0
28,blue-collar,married,primary,no,13919,yes,yes,cellular,7,0,failure,0
27,management,single,tertiary,no,10216,no,no,cellular,5,1,unknown,0
36,admin.,single,secondary,no,2518,yes,no,cellular,5,0,unknown,0
43,management,married,tertiary,no,3730,yes,no,cellular,5,1,unknown,0
29,services,single,secondary,yes,-2805,no,no,cellular,1,2,unknown,1
46,management,married,secondary,no,934,no,no,cellular,2,1,unknown,0
37,technician,single,secondary,no,1944,yes,no,unknown,4,2,unknown,0
42,entrepreneur,married,secondary,no,-1692,no,yes,cellular,2,0,unknown,0
36,admin.,married,secondary,no,-3157,no,yes,unknown,3,1,unknown,0
56,management,divorced,tertiary,no,3344,yes,no,unknown,6,1,unknown,0
39,technician,married,primary,no,2504,no,no,cellular,5,1,unknown,0
27,blue-collar,married,primary,no,9449,yes,no,cellular,2,2,unknown,0
49,management,married,tertiary,no,-835,yes,no,telephone,2,3,success,1
52,blue-collar,married,primary,no,-48,no,yes,unknown,5,1,unknown,0
37,blue-collar,married,primary,no,2740,no,no,cellular,4,2,unknown,0
41,management,married,tertiary,no,-2616,yes,no,cellular,1,0,unknown,0
24,self-employed,single,tertiary,no,2071,yes,no,cellular,6,5,failure,0
32,technician,married,secondary,no,1956,yes,no,unknown,2,1,unknown,0
55,retired,married,tertiary,no,136,no,no,unknown,1,1,unknown,0
25,blue-collar,married,secondary,no,3786,no,yes,unknown,10,2,unknown,0
67,retired,married,primary,no,1392,yes,no,unknown,5,2,unknown,0
59,blue-collar,married,unknown,no,3272,yes,no,cellular,1,2,unknown,0
62,blue-collar,married,primary,no,-1866,no,no,unknown,4,1,unknown,0
21,student,single,tertiary,no,-273,no,no,cellular,20,4,other,0
38,self-employed,married,tertiary,no,-1136,no,no,cellular,6,5,failure,0
70,retired,married,secondary,no,400,no,no,cellular,5,2,failure,0
39,management,married,tertiary,no,2305,yes,no,cellular,10,0,unknown,0
58,blue-collar,married,secondary,no,4073,no,no,cellular,6,1,unknown,0
31,services,married,secondary,no,3469,yes,no,cellular,3,1,unknown,0
63,blue-collar,divorced,secondary,no,3041,no,no,telephone,4,2,unknown,0
39,admin.,single,secondary,no,3955,yes,no,unknown,10,2,unknown,0
33,blue-collar,married,primary,no,2152,yes,no,cellular,5,0,unknown,0
32,student,single,secondary,no,2179,yes,no,cellular,19,1,unknown,1
57,management,married,tertiary,no,-2636,yes,no,cellular,5,2,unknown,0
27,blue-collar,married,primary,no,-277,yes,no,cellular,5,2,unknown,0
38,management,divorced,tertiary,no,331,yes,no,cellular,6,7,failure,0
49,blue-collar,single,secondary,no,-2529,yes,no,unknown,5,2,unknown,0
43,management,married,primary,no,3404,no,no,cellular,5,2,unknown,0
38,self-employed,married,tertiary,no,-536,no,no,cellular,2,1,unknown,0
40,technician,married,secondary,no,-1500,yes,no,cellular,3,2,failure,0
34,technician,single,secondary,no,-2703,yes,yes,cellular,3,2,unknown,0
30,blue-collar,married,secondary,no,687,yes,no,unknown,1,0,unknown,0
33,housemaid,married,secondary,no,-805,no,no,cellular,2,1,failure,0
29,blue-collar,single,primary,no,11201,yes,no,cellular,5,2,unknown,0
64,retired,married,secondary,no,1413,no,no,cellular,6,1,failure,1
36,technician,married,secondary,no,-110,yes,no,unknown,3,1,unknown,0
47,management,married,secondary,no,-2139,no,yes,cellular,4,1,failure,0
38,entrepreneur,married,primary,no,-2949,no,no,unknown,6,2,unknown,0
45,blue-collar,married,secondary,no,1814,yes,no,cellular,4,1,failure,1
58,management,divorced,tertiary,no,1247,yes,no,cellular,6,3,other,0
56,retired,married,primary,no,374,no,no,cellular,3,2,unknown,0
52,blue-collar,married,secondary,no,458,no,no,cellular,4,2,unknown,0
51,technician,divorced,secondary,no,-254,yes,no,unknown,5,2,unknown,0
27,technician,single,secondary,no,3439,no,no,unknown,3,2,unknown,0
21,student,single,secondary,no,-2900,yes,no,cellular,3,0,unknown,1
26,unemployed,married,tertiary,no,-1590,yes,no,unknown,4,0,unknown,0
33,technician,single,secondary,no,2603,no,no,cellular,2,1,unknown,0
55,blue-collar,married,primary,no,-964,yes,no,cellular,3,2,unknown,0
52,management,married,tertiary,no,-841,no,no,cellular,2,2,unknown,0
51,admin.,married,secondary,no,-93,yes,no,cellular,1,1,unknown,0
33,blue-collar,married,secondary,no,-1108,yes,no,cellular,7,1,unknown,0
27,services,married,secondary,no,2345,no,no,cellular,5,2,unknown,0
35,management,married,tertiary,no,-2600,yes,no,unknown,24,2,unknown,0
38,admin.,married,secondary,no,826,no,no,cellular,3,0,unknown,0
50,blue-collar,divorced,secondary,no,2009,no,yes,cellular,2,0,unknown,0
38,self-employed,married,secondary,no,-754,no,yes,unknown,4,2,unknown,0
33,technician,single,secondary,no,2121,yes,yes,cellular,2,2,success,0
39,entrepreneur,married,secondary,no,-668,yes,no,unknown,4,2,unknown,0
40,services,married,secondary,no,1326,yes,no,unknown,5,1,unknown,0
37,management,married,tertiary,no,-2550,yes,yes,telephone,3,0,unknown,0
45,technician,married,secondary,no,-948,no,yes,unknown,3,0,unknown,0
44,services,married,secondary,no,8314,yes,yes,cellular,5,1,unknown,0
47,services,married,secondary,no,1242,no,yes,cellular,5,2,failure,0
50,unemployed,single,secondary,no,142,yes,no,cellular,4,1,unknown,0
35,management,married,tertiary,no,-3036,yes,no,unknown,22,2,unknown,0
19,blue-collar,married,secondary,no,704,yes,no,unknown,6,0,unknown,0
55,management,divorced,tertiary,no,3134,yes,no,unknown,1,0,unknown,0
28,management,married,secondary,no,-1289,yes,yes,cellular,16,4,other,0
57,management,married,tertiary,no,-1761,yes,no,telephone,5,1,unknown,0
48,blue-collar,married,secondary,no,1313,yes,no,unknown,1,1,unknown,0
23,technician,single,secondary,no,-1584,no,no,cellular,2,2,failure,0
37,blue-collar,married,primary,no,-2553,yes,no,cellular,5,1,unknown,0
27,technician,married,secondary,no,4690,no,no,telephone,6,1,unknown,0
53,housemaid,married,tertiary,no,8793,no,no,cellular,1,1,unknown,1
37,technician,married,secondary,no,3257,yes,no,cellular,4,2,unknown,0
36,technician,married,secondary,no,2434,yes,no,unknown,5,1,unknown,1
40,blue-collar,married,primary,no,1080,yes,no,cellular,4,0,unknown,0
33,retired,married,primary,no,10654,no,yes,unknown,6,2,unknown,0
39,self-employed,married,tertiary,no,3007,yes,no,cellular,5,1,unknown,0
50,management,married,tertiary,no,-1313,no,yes,cellular,2,1,unknown,0
41,technician,married,secondary,no,-474,no,no,cellular,1,1,unknown,0
47,services,divorced,secondary,no,26293,yes,no,unknown,5,0,unknown,0
59,management,married,tertiary,no,3709,no,yes,telephone,2,1,failure,1
44,technician,married,secondary,no,1461,no,no,cellular,5,0,unknown,0
51,blue-collar,married,primary,no,1380,yes,no,unknown,6,2,unknown,0
42,management,married,tertiary,no,-762,no,no,cellular,3,2,unknown,1
41,management,single,tertiary,no,-2637,no,yes,cellular,5,1,unknown,0
49,technician,married,primary,no,-859,yes,no,cellular,2,2,unknown,1
47,entrepreneur,married,unknown,no,-1593,no,no,cellular,4,1,failure,0
37,technician,married,secondary,no,1395,yes,no,cellular,2,1,failure,0
55,technician,divorced,tertiary,no,1570,yes,no,cellular,4,2,unknown,1
31,management,married,tertiary,no,1379,yes,no,cellular,2,0,unknown,1
35,blue-collar,single,primary,no,3475,yes,no,cellular,3,1,other,0
42,blue-collar,single,secondary,no,-3308,no,no,cellular,1,1,unknown,0
29,blue-collar,single,tertiary,no,-1779,no,no,cellular,6,2,unknown,0
59,management,married,tertiary,no,-2569,no,no,cellular,4,5,other,1
48,management,single,tertiary,no,-558,yes,no,unknown,3,1,unknown,0
30,management,single,unknown,no,3494,yes,no,cellular,2,2,unknown,1
47,entrepreneur,divorced,secondary,no,172,yes,no,cellular,5,0,unknown,1
30,admin.,married,tertiary,no,2642,yes,no,unknown,3,1,unknown,0
34,services,married,secondary,no,-1950,yes,no,cellular,4,1,unknown,0
32,blue-collar,single,secondary,no,-673,no,no,unknown,1,1,success,0
28,management,married,tertiary,no,2638,yes,no,cellular,3,1,unknown,0
31,services,married,secondary,no,-1129,no,no,unknown,3,1,unknown,0
50,technician,married,secondary,no,2128,yes,no,cellular,5,3,failure,0
42,unemployed,married,secondary,no,1152,yes,no,unknown,2,2,unknown,0
32,admin.,married,secondary,no,1571,no,no,cellular,1,1,other,0
35,blue-collar,married,secondary,no,-3097,yes,no,unknown,4,2,unknown,1
51,management,married,tertiary,no,14271,no,no,cellular,2,5,success,0
50,admin.,married,secondary,no,4022,no,yes,unknown,1,2,unknown,0
22,blue-collar,single,secondary,no,-517,yes,no,cellular,2,1,failure,0
26,blue-collar,married,primary,no,-1238,yes,no,cellular,3,1,unknown,0
42,management,married,tertiary,no,4132,no,no,telephone,3,1,unknown,0
74,retired,married,secondary,no,1082,no,no,cellular,2,1,unknown,1
62,retired,single,secondary,no,1874,no,no,cellular,4,1,unknown,0
39,admin.,married,secondary,no,291,yes,no,unknown,1,1,unknown,0
54,blue-collar,married,secondary,no,1331,yes,no,cellular,7,0,unknown,0
50,admin.,married,secondary,no,-409,yes,yes,cellular,3,2,other,0
57,services,divorced,secondary,no,-1265,no,no,telephone,2,2,failure,0
27,technician,single,secondary,no,-1143,no,no,cellular,6,1,failure,0
35,management,married,tertiary,no,-1619,yes,yes,cellular,3,2,unknown,0
27,blue-collar,divorced,primary,no,9310,no,no,unknown,8,1,unknown,0
32,admin.,married,unknown,no,-2660,yes,no,unknown,6,1,unknown,0
41,management,married,secondary,no,12460,yes,no,cellular,4,2,unknown,0
29,blue-collar,married,unknown,no,465,yes,no,telephone,2,5,failure,0
35,services,married,secondary,no,4062,yes,no,cellular,8,0,unknown,0
31,management,single,tertiary,no,2508,yes,no,cellular,6,2,unknown,0
45,admin.,married,secondary,no,1670,no,no,cellular,5,1,success,0
50,entrepreneur,married,secondary,no,2212,yes,no,unknown,3,0,unknown,0
56,technician,divorced,tertiary,no,-1775,no,no,cellular,1,1,unknown,0
26,admin.,married,primary,no,490,no,no,telephone,6,2,unknown,0
32,admin.,married,secondary,no,-3182,yes,no,unknown,2,1,unknown,0
26,technician,married,tertiary,yes,562,yes,no,telephone,1,2,unknown,0
42,blue-collar,divorced,primary,no,-3073,no,no,telephone,3,0,unknown,0
48,unknown,married,tertiary,no,-2452,no,no,cellular,10,2,unknown,0
37,management,married,tertiary,no,-2414,yes,yes,cellular,3,22,failure,0
30,technician,single,secondary,no,-739,no,yes,telephone,5,0,unknown,1
35,entrepreneur,married,secondary,no,228,yes,no,unknown,6,0,unknown,0
59,services,married,secondary,no,-1687,yes,no,unknown,4,0,unknown,0
59,technician,married,tertiary,no,-2736,no,no,cellular,5,2,unknown,0
39,entrepreneur,married,secondary,no,-2407,no,yes,cellular,4,1,unknown,0
30,technician,single,tertiary,no,3764,yes,no,unknown,1,2,unknown,0
42,blue-collar,married,secondary,no,4025,yes,yes,cellular,4,0,unknown,0
42,technician,married,secondary,no,3494,yes,no,unknown,2,0,unknown,0
42,technician,married,tertiary,no,5154,yes,no,cellular,5,2,unknown,0
28,unemployed,married,secondary,no,-1810,no,no,cellular,5,0,unknown,0
57,blue-collar,divorced,primary,no,3235,no,no,cellular,3,0,unknown,1
30,technician,single,secondary,no,-3197,yes,no,unknown,4,2,unknown,0
32,student,married,secondary,no,-2205,no,yes,cellular,1,1,unknown,1
52,services,married,secondary,no,1522,no,no,cellular,4,1,unknown,0
59,admin.,married,secondary,no,3871,yes,no,cellular,4,7,failure,1
62,retired,married,secondary,no,3582,no,no,cellular,6,2,unknown,0
45,admin.,married,secondary,no,2978,yes,no,cellular,6,1,unknown,0
30,blue-collar,single,primary,no,-947,yes,no,cellular,2,1,failure,0
30,blue-collar,married,primary,no,2152,yes,no,cellular,5,0,unknown,0
59,services,divorced,secondary,no,3665,yes,no,cellular,4,5,success,1
53,services,married,secondary,no,3390,yes,no,unknown,3,2,unknown,0
35,blue-collar,married,secondary,no,3919,yes,no,cellular,6,0,failure,0
35,management,married,tertiary,no,2365,yes,yes,cellular,1,1,unknown,0
37,entrepreneur,married,tertiary,no,2548,yes,no,cellular,10,3,failure,0
34,blue-collar,single,secondary,no,1917,yes,yes,unknown,2,1,unknown,0
52,blue-collar,single,primary,no,-162,yes,no,unknown,2,0,unknown,1
34,management,married,tertiary,no,956,yes,no,cellular,4,1,unknown,0
35,blue-collar,married,primary,no,3613,yes,no,unknown,1,1,unknown,0
53,services,divorced,secondary,no,947,yes,no,unknown,5,0,unknown,1
42,blue-collar,married,secondary,no,-3124,yes,no,cellular,3,0,unknown,0
51,entrepreneur,married,tertiary,no,20,no,no,unknown,5,0,unknown,0
53,admin.,divorced,tertiary,no,3176,no,no,cellular,4,1,unknown,0
47,entrepreneur,divorced,unknown,no,1969,no,no,cellular,2,0,failure,1
57,self-employed,married,secondary,no,282,no,no,telephone,5,1,unknown,0
37,technician,single,secondary,no,11097,yes,no,unknown,5,1,unknown,0
51,self-employed,divorced,tertiary,yes,2321,yes,no,cellular,5,6,failure,0
47,management,divorced,tertiary,no,-1642,no,no,cellular,1,2,unknown,0
38,management,single,tertiary,yes,1913,yes,yes,unknown,3,2,unknown,1
44,blue-collar,married,secondary,no,3167,yes,no,cellular,1,2,unknown,0
44,admin.,married,unknown,no,-3263,yes,no,cellular,3,2,other,0
47,self-employed,married,primary,no,3668,yes,no,unknown,2,0,unknown,1
42,self-employed,single,secondary,no,-96,no,no,unknown,4,2,unknown,0
26,blue-collar,married,secondary,no,3005,yes,no,telephone,5,2,unknown,0
38,services,divorced,secondary,no,-3221,yes,no,cellular,5,0,failure,0
39,admin.,married,secondary,no,-930,yes,no,unknown,5,2,unknown,0
32,technician,single,secondary,no,-1050,no,no,cellular,1,2,failure,0
53,unemployed,married,primary,no,-1692,no,no,unknown,3,2,unknown,0
41,management,single,tertiary,no,1587,no,no,cellular,3,1,unknown,0
29,student,married,unknown,no,2616,no,no,telephone,5,0,unknown,0
36,management,single,tertiary,yes,1528,no,no,cellular,5,2,success,0
33,technician,married,tertiary,no,3466,no,yes,cellular,1,0,unknown,1
38,technician,married,secondary,no,27336,no,no,telephone,5,1,failure,1
34,blue-collar,married,secondary,no,-1177,yes,no,unknown,3,1,unknown,0
36,blue-collar,married,secondary,no,-324,yes,no,cellular,1,0,unknown,0
33,services,single,secondary,no,2593,no,no,cellular,4,0,unknown,0
43,entrepreneur,married,tertiary,no,17087,yes,no,unknown,4,2,unknown,0
27,blue-collar,single,secondary,no,4069,no,no,unknown,6,0,unknown,0
33,blue-collar,married,secondary,no,3188,yes,no,telephone,5,0,unknown,0
36,blue-collar,married,primary,no,638,yes,no,cellular,18,1,unknown,0
34,technician,married,secondary,no,2196,yes,yes,cellular,5,1,unknown,0
31,technician,single,secondary,no,2783,yes,yes,unknown,5,1,unknown,0
27,blue-collar,married,secondary,no,563,yes,no,cellular,4,7,success,0
28,technician,married,tertiary,no,1748,yes,no,telephone,3,2,unknown,0
33,technician,married,tertiary,no,3046,yes,yes,cellular,4,2,unknown,0
47,self-employed,single,secondary,no,2884,yes,no,unknown,15,1,unknown,0
56,admin.,married,secondary,no,-2141,yes,no,cellular,4,1,unknown,0
43,management,married,tertiary,no,4360,no,no,cellular,4,1,failure,0
56,retired,divorced,secondary,no,1955,no,no,cellular,2,1,unknown,0
45,admin.,married,secondary,no,2765,yes,no,unknown,5,1,unknown,0
33,technician,married,tertiary,no,-1901,no,yes,cellular,4,1,unknown,0
31,admin.,single,secondary,no,10476,yes,no,unknown,5,2,unknown,0
47,admin.,married,secondary,no,2326,yes,no,cellular,3,2,unknown,0
46,self-employed,married,primary,no,-2088,no,no,cellular,1,4,other,0
36,blue-collar,married,primary,no,-2159,yes,no,unknown,2,2,unknown,0
55,retired,married,primary,no,9038,no,no,cellular,4,2,unknown,0
30,technician,single,tertiary,no,1329,yes,no,cellular,2,1,unknown,0
45,management,divorced,tertiary,no,-2122,yes,no,telephone,3,2,unknown,0
32,management,single,tertiary,no,3451,yes,no,cellular,8,2,unknown,0
28,technician,divorced,secondary,no,-1708,no,yes,cellular,2,2,unknown,0
32,technician,married,secondary,no,2896,no,no,cellular,2,2,unknown,0
33,services,married,secondary,no,3732,no,no,cellular,3,3,failure,0
51,services,married,secondary,no,-2413,no,yes,cellular,5,2,unknown,0
37,blue-collar,married,primary,no,1908,yes,no,cellular,5,2,unknown,0
44,entrepreneur,divorced,secondary,no,782,no,yes,cellular,1,0,unknown,0
47,housemaid,married,primary,no,10956,no,yes,cellular,3,2,unknown,0
36,admin.,married,secondary,no,-6,no,no,cellular,5,2,unknown,0
39,unknown,married,unknown,no,-243,no,no,cellular,1,1,unknown,0
33,management,married,tertiary,no,-1576,yes,yes,telephone,4,2,unknown,0
41,self-employed,single,secondary,no,2994,yes,no,unknown,5,2,unknown,0
32,student,single,unknown,no,6522,no,no,unknown,2,1,unknown,0
70,retired,married,primary,no,3475,no,yes,cellular,1,2,unknown,0
38,admin.,married,secondary,no,-3056,yes,no,unknown,3,2,unknown,0
39,management,single,tertiary,no,3308,no,no,cellular,3,2,unknown,0
35,services,married,secondary,no,-3171,yes,no,unknown,4,1,unknown,0
20,blue-collar,single,secondary,no,2077,yes,no,unknown,1,2,unknown,0
41,unemployed,married,secondary,no,3763,no,no,cellular,2,1,unknown,0
67,retired,married,primary,no,-918,no,no,telephone,5,0,success,1
59,admin.,married,secondary,no,1090,no,no,cellular,1,0,failure,0
61,retired,married,secondary,no,-230,no,no,cellular,4,1,unknown,0
42,technician,divorced,secondary,no,-2827,yes,no,unknown,3,2,unknown,0
37,services,married,secondary,no,2938,no,no,cellular,8,2,success,1
58,blue-collar,married,primary,no,365,yes,yes,telephone,3,2,failure,1
39,management,single,tertiary,no,2660,no,no,cellular,3,1,failure,0
56,retired,married,primary,no,-3047,no,no,telephone,5,1,unknown,0
49,entrepreneur,divorced,tertiary,no,-2098,no,no,cellular,5,2,unknown,0
38,services,married,secondary,no,-1600,yes,no,cellular,9,0,unknown,0
22,student,single,secondary,no,2769,yes,no,cellular,4,2,failure,0
34,technician,married,primary,no,-3140,yes,no,unknown,5,2,unknown,1
44,technician,single,secondary,no,-3146,no,no,unknown,2,1,unknown,0
41,blue-collar,married,primary,no,-499,yes,no,unknown,3,2,unknown,0
21,self-employed,married,secondary,no,-433,no,no,cellular,1,2,unknown,0
55,blue-collar,divorced,secondary,no,2993,yes,no,unknown,5,1,unknown,1
56,retired,married,secondary,no,3085,no,yes,unknown,5,2,unknown,0
35,blue-collar,married,secondary,no,-1527,yes,no,unknown,2,0,unknown,0
29,blue-collar,single,secondary,yes,2216,no,no,cellular,3,2,unknown,0
29,management,married,tertiary,no,-651,no,no,cellular,4,3,other,0
46,admin.,married,secondary,no,2396,no,no,cellular,4,2,unknown,0
45,blue-collar,divorced,unknown,no,1601,yes,no,unknown,1,2,unknown,0
26,admin.,single,secondary,no,-2790,yes,no,cellular,3,2,unknown,0
36,technician,married,unknown,no,187,no,no,cellular,3,3,success,1
29,management,single,tertiary,no,-158,no,no,cellular,4,2,unknown,0
48,services,married,secondary,no,110,yes,no,cellular,5,1,other,0
34,blue-collar,single,primary,no,824,no,no,unknown,1,1,unknown,0
53,management,married,tertiary,no,1832,no,no,cellular,13,2,unknown,0
35,technician,married,secondary,no,-316,yes,no,cellular,3,2,failure,0
55,management,married,tertiary,no,558,no,yes,telephone,3,1,unknown,0
42,blue-collar,married,primary,no,2851,yes,no,cellular,2,2,unknown,0
54,technician,divorced,secondary,no,16659,no,no,cellular,3,1,unknown,0
31,technician,single,secondary,no,-1873,no,no,unknown,2,1,unknown,1
56,management,divorced,primary,no,5165,yes,no,unknown,4,1,unknown,0
32,technician,married,secondary,no,-1290,no,no,cellular,2,2,unknown,0
55,unemployed,married,tertiary,no,3774,no,yes,cellular,5,1,unknown,0
39,admin.,married,secondary,no,-428,no,yes,cellular,7,0,unknown,1
32,unknown,married,unknown,no,10688,no,no,cellular,2,2,unknown,0
30,services,married,secondary,yes,3875,yes,no,cellular,2,2,unknown,0
39,blue-collar,married,secondary,no,1894,yes,no,unknown,5,2,unknown,1
28,admin.,married,secondary,no,-565,yes,yes,cellular,5,1,unknown,0
43,management,divorced,secondary,no,2237,yes,no,unknown,5,2,unknown,0
28,management,married,tertiary,no,426,no,no,cellular,4,1,unknown,0
41,management,married,tertiary,no,3783,no,no,cellular,4,2,unknown,0
30,blue-collar,married,primary,no,423,yes,no,cellular,3,1,unknown,0
56,management,married,tertiary,no,1428,no,no,unknown,9,0,unknown,0
28,management,married,tertiary,no,1788,yes,yes,unknown,2,2,unknown,0
29,blue-collar,single,secondary,no,1380,yes,no,cellular,5,2,unknown,0
36,unemployed,single,secondary,no,-1986,yes,no,cellular,3,2,unknown,0
58,entrepreneur,married,secondary,no,921,no,yes,telephone,3,2,success,0
33,management,married,tertiary,no,-122,yes,no,cellular,2,0,unknown,0
40,blue-collar,single,primary,no,1755,yes,no,cellular,4,2,unknown,0
27,management,single,secondary,no,2456,no,no,cellular,2,2,success,0
54,blue-collar,married,secondary,no,5674,yes,yes,cellular,6,1,unknown,0
38,management,married,tertiary,no,-558,no,no,cellular,1,1,unknown,0
29,blue-collar,single,secondary,no,-1404,yes,no,cellular,3,0,unknown,0
52,admin.,married,secondary,no,3850,no,no,unknown,1,1,unknown,0
48,admin.,married,secondary,no,340,yes,no,telephone,2,2,unknown,0
54,management,married,unknown,no,39,yes,no,cellular,3,2,unknown,0
37,technician,married,secondary,no,3874,yes,yes,cellular,1,1,unknown,0
33,admin.,married,secondary,no,2517,yes,yes,unknown,4,2,unknown,0
46,technician,married,secondary,no,3086,yes,no,unknown,4,1,unknown,0
51,services,married,secondary,no,435,yes,no,cellular,5,0,unknown,0
48,blue-collar,married,primary,no,-2369,yes,no,unknown,3,1,unknown,0
48,blue-collar,married,secondary,no,-541,yes,yes,cellular,4,2,unknown,0
38,blue-collar,divorced,primary,no,-2688,no,no,cellular,3,2,unknown,0
58,blue-collar,married,secondary,no,7117,yes,yes,cellular,4,0,unknown,0
37,housemaid,married,primary,no,46,no,no,cellular,6,1,unknown,0
46,management,single,tertiary,no,260,no,yes,cellular,2,2,failure,0
44,technician,married,secondary,no,3975,yes,no,cellular,4,1,unknown,0
53,admin.,married,primary,no,656,yes,no,cellular,5,1,unknown,0
37,services,married,secondary,no,5373,yes,no,unknown,2,1,unknown,0
49,blue-collar,divorced,secondary,no,-1981,no,no,unknown,11,0,unknown,0
39,management,married,tertiary,no,9201,no,no,cellular,4,2,unknown,0
57,management,married,unknown,no,22881,no,no,cellular,4,2,unknown,1
59,retired,married,secondary,no,7189,yes,no,cellular,4,2,unknown,0
65,management,married,secondary,no,15265,no,yes,unknown,5,2,unknown,0
37,management,married,tertiary,no,7190,no,no,cellular,3,0,unknown,0
36,technician,married,secondary,no,1737,no,no,unknown,5,0,unknown,0
32,technician,single,unknown,yes,1103,no,no,cellular,4,2,unknown,0
24,management,single,tertiary,no,-2951,yes,no,cellular,27,9,failure,0
29,services,married,secondary,no,380,yes,no,cellular,2,2,unknown,0
30,management,married,tertiary,no,-1450,no,yes,cellular,3,2,unknown,1
39,blue-collar,married,secondary,no,8477,yes,no,cellular,10,1,unknown,0
59,blue-collar,divorced,secondary,no,136,yes,no,cellular,5,2,unknown,0
26,blue-collar,married,primary,no,2356,yes,no,cellular,4,2,unknown,0
31,management,single,tertiary,no,11323,yes,no,cellular,4,0,failure,0
35,technician,divorced,secondary,no,2215,yes,no,unknown,3,2,unknown,0
37,blue-collar,married,secondary,no,1290,yes,no,cellular,5,1,unknown,0
35,blue-collar,divorced,primary,no,468,yes,no,cellular,1,1,unknown,0
29,technician,divorced,secondary,no,4980,no,no,cellular,4,2,failure,0
49,blue-collar,married,primary,no,2128,no,no,cellular,4,1,failure,0
47,admin.,married,tertiary,no,-1846,no,no,unknown,9,0,unknown,1
28,admin.,married,secondary,no,-485,yes,no,cellular,5,2,unknown,0
37,management,married,tertiary,no,1038,yes,no,cellular,2,2,unknown,0
40,blue-collar,married,secondary,no,-1340,yes,no,unknown,4,1,unknown,0
26,blue-collar,married,primary,no,3118,yes,no,cellular,6,2,unknown,0
45,blue-collar,divorced,secondary,no,757,yes,yes,cellular,2,2,unknown,0
37,blue-collar,married,primary,no,3934,no,no,telephone,4,1,unknown,0
29,technician,married,tertiary,no,-3147,yes,no,cellular,12,2,unknown,0
53,self-employed,divorced,secondary,no,146,no,yes,cellular,5,1,unknown,0
33,management,single,tertiary,no,-908,no,yes,cellular,4,1,unknown,0
41,blue-collar,married,secondary,no,970,no,no,cellular,7,1,unknown,0
45,blue-collar,single,secondary,no,1515,yes,no,cellular,2,9,success,1
36,technician,married,secondary,no,1089,yes,no,cellular,8,0,failure,1
52,management,single,tertiary,no,3688,no,no,cellular,3,0,unknown,0
47,blue-collar,married,secondary,no,-29,yes,no,cellular,5,2,unknown,0
35,management,divorced,tertiary,no,-553,no,yes,cellular,6,13,failure,0
56,blue-collar,divorced,tertiary,no,2273,yes,no,cellular,4,4,failure,0
31,services,single,secondary,no,815,yes,no,unknown,6,1,unknown,0
33,management,married,tertiary,no,-1310,no,no,cellular,3,1,unknown,0
25,admin.,single,secondary,no,3552,yes,yes,cellular,35,8,failure,0
36,management,married,tertiary,no,-1632,yes,no,cellular,1,2,unknown,0
59,blue-collar,married,primary,no,-2755,no,no,cellular,8,0,unknown,1
49,blue-collar,single,secondary,no,695,no,no,cellular,2,0,failure,1
42,management,married,tertiary,no,25821,no,yes,cellular,4,0,other,1
57,housemaid,married,primary,no,3055,no,no,cellular,2,0,unknown,0
39,technician,married,tertiary,no,2769,no,no,cellular,1,2,unknown,0
56,self-employed,married,secondary,no,1237,yes,no,unknown,26,1,unknown,0
30,student,married,secondary,no,494,no,no,unknown,4,2,unknown,0
42,services,married,secondary,no,-1147,no,no,telephone,3,0,unknown,1
31,management,single,secondary,no,-2084,no,no,cellular,5,1,unknown,0
26,services,single,secondary,no,7437,no,no,telephone,2,2,unknown,0
44,technician,married,secondary,no,2894,no,no,cellular,4,1,unknown,0
34,blue-collar,married,secondary,no,815,yes,no,cellular,6,1,unknown,0
70,retired,divorced,secondary,no,3999,no,no,cellular,1,1,unknown,0
40,self-employed,married,tertiary,no,10097,no,yes,cellular,3,2,failure,0
48,services,married,secondary,no,736,no,no,cellular,2,2,failure,0
54,blue-collar,divorced,primary,no,1091,yes,no,cellular,3,1,unknown,0
28,technician,married,secondary,no,-201,no,no,cellular,7,2,unknown,0
30,blue-collar,single,secondary,no,3444,yes,yes,unknown,5,2,unknown,0
22,management,single,tertiary,no,10342,yes,no,unknown,2,1,unknown,0
42,services,married,secondary,no,-1984,no,no,telephone,6,1,unknown,0
36,management,single,tertiary,no,25755,yes,no,cellular,2,2,unknown,0
38,blue-collar,single,tertiary,no,1732,yes,no,unknown,2,1,unknown,0
35,blue-collar,single,secondary,no,-630,no,no,telephone,4,0,unknown,0
30,admin.,single,secondary,no,2236,no,no,cellular,2,1,unknown,0
29,services,single,secondary,no,7277,yes,yes,cellular,2,2,unknown,1
26,management,single,secondary,no,1856,no,no,cellular,3,1,unknown,0
35,self-employed,married,secondary,no,447,yes,no,cellular,4,1,unknown,0
57,technician,divorced,secondary,no,16287,yes,yes,cellular,5,0,unknown,0
54,management,married,tertiary,no,3548,no,no,cellular,4,4,success,1
41,blue-collar,married,unknown,no,10771,yes,no,unknown,2,2,unknown,0
31,entrepreneur,single,tertiary,no,265,yes,no,unknown,4,0,unknown,0
36,technician,single,secondary,no,-428,no,no,cellular,16,1,unknown,0
34,admin.,married,secondary,no,2014,no,no,cellular,8,3,failure,0
53,blue-collar,married,secondary,no,1657,no,no,cellular,2,1,failure,0
45,blue-collar,married,secondary,no,-2604,no,no,cellular,1,2,unknown,0
42,blue-collar,divorced,secondary,no,483,no,no,cellular,3,0,unknown,0
31,management,single,tertiary,no,-1232,yes,no,cellular,6,1,unknown,0
29,technician,married,secondary,no,1515,no,no,cellular,6,1,unknown,0
37,services,married,secondary,no,-2068,yes,yes,cellular,4,2,unknown,0
56,management,married,tertiary,no,-1093,no,no,cellular,2,1,unknown,0
32,technician,married,tertiary,no,6015,no,no,unknown,3,2,unknown,0
65,admin.,divorced,secondary,no,-1224,no,no,cellular,2,2,unknown,0
49,admin.,married,secondary,no,901,yes,no,cellular,3,2,unknown,0
56,blue-collar,married,secondary,no,3118,yes,yes,cellular,5,1,unknown,0
21,management,single,tertiary,no,1463,yes,no,cellular,1,0,unknown,0
37,technician,married,secondary,no,1504,yes,no,unknown,4,1,unknown,0
46,management,divorced,primary,no,2361,no,no,cellular,2,0,unknown,0
55,services,married,secondary,no,7049,yes,yes,cellular,4,0,unknown,0
25,student,married,unknown,no,-125,no,no,cellular,5,1,unknown,0
26,blue-collar,single,primary,no,1540,no,no,unknown,5,2,unknown,0
44,entrepreneur,married,tertiary,no,-1773,yes,no,cellular,3,2,unknown,0
50,blue-collar,married,secondary,no,2298,yes,yes,unknown,5,2,unknown,0
29,management,single,tertiary,no,3549,no,no,cellular,1,0,other,0
55,admin.,married,secondary,no,3249,no,yes,telephone,2,0,unknown,0
40,blue-collar,married,secondary,no,-2828,yes,no,unknown,2,0,unknown,0
39,technician,married,secondary,no,3509,no,no,unknown,4,1,unknown,0
78,retired,married,primary,no,-1645,yes,no,cellular,3,1,failure,0
44,admin.,divorced,secondary,no,-2343,yes,yes,unknown,4,2,unknown,0
53,retired,married,secondary,no,8735,no,no,cellular,1,2,unknown,0
44,blue-collar,married,secondary,no,-731,yes,no,unknown,2,1,unknown,0
34,admin.,married,secondary,no,-1977,yes,yes,cellular,5,1,unknown,0
34,technician,single,secondary,no,1217,yes,no,unknown,4,1,unknown,0
49,technician,married,tertiary,no,8134,no,no,cellular,6,2,unknown,0
50,management,married,primary,no,8135,yes,no,cellular,8,2,unknown,0
53,management,married,tertiary,no,497,no,no,telephone,4,4,success,1
44,blue-collar,divorced,secondary,no,1282,yes,no,cellular,8,2,unknown,0
50,services,single,secondary,no,2479,no,no,cellular,5,2,unknown,0
52,unknown,divorced,unknown,no,2057,no,no,cellular,2,0,unknown,0
39,technician,married,secondary,no,1946,yes,no,cellular,3,2,unknown,0
50,admin.,married,secondary,no,2852,yes,no,cellular,5,3,failure,0
35,management,married,unknown,no,190,no,no,cellular,3,5,other,0
32,blue-collar,divorced,primary,no,1452,yes,yes,cellular,3,1,unknown,0
37,services,married,secondary,no,-2473,yes,no,cellular,6,6,other,0
41,blue-collar,married,primary,no,-2705,no,no,cellular,6,2,unknown,0
58,admin.,married,secondary,no,59,yes,no,cellular,3,4,success,0
57,unemployed,married,secondary,no,1760,no,no,cellular,3,1,unknown,0
41,unemployed,married,tertiary,no,-1564,yes,no,cellular,2,2,unknown,0
27,management,single,secondary,no,3835,no,no,cellular,3,0,unknown,0
53,management,married,primary,no,6292,yes,no,cellular,3,1,unknown,0
36,technician,single,secondary,no,347,yes,no,unknown,2,2,unknown,0
34,technician,single,secondary,no,178,yes,no,unknown,3,0,unknown,1
28,blue-collar,single,primary,no,3920,yes,no,cellular,3,2,unknown,1
27,management,single,secondary,no,12732,yes,no,telephone,9,1,unknown,0
53,entrepreneur,married,tertiary,no,-1439,yes,no,cellular,1,1,unknown,0
42,technician,married,tertiary,no,1411,yes,yes,cellular,11,0,failure,0
41,admin.,single,secondary,no,-614,no,yes,cellular,5,2,unknown,0
41,management,divorced,tertiary,no,6694,yes,no,cellular,1,1,unknown,0
41,blue-collar,married,secondary,no,-2332,yes,no,cellular,3,1,unknown,0
49,admin.,married,primary,no,3520,yes,no,cellular,5,0,unknown,0
52,blue-collar,married,secondary,no,-18,yes,no,cellular,6,0,unknown,0
54,technician,divorced,secondary,no,997,yes,no,cellular,5,1,unknown,0
38,technician,married,primary,no,5964,yes,no,unknown,6,1,unknown,0
58,management,married,tertiary,no,3658,no,yes,cellular,1,1,unknown,0
50,admin.,divorced,secondary,no,-2524,yes,no,cellular,3,6,failure,0
36,admin.,single,secondary,no,1884,yes,no,cellular,6,4,failure,0
37,management,married,tertiary,no,-2824,yes,no,cellular,2,1,success,0
56,housemaid,married,tertiary,no,646,no,no,cellular,5,2,failure,0
44,management,married,tertiary,no,-891,yes,yes,cellular,5,1,unknown,0
52,unemployed,married,secondary,no,3771,no,no,cellular,1,0,failure,0
31,management,single,secondary,no,-43,yes,no,cellular,3,0,unknown,0
34,technician,married,primary,no,2938,yes,yes,unknown,3,0,unknown,0
60,retired,married,secondary,no,-3095,no,no,cellular,5,1,failure,0
39,technician,single,tertiary,no,-1555,yes,no,cellular,1,1,unknown,0
55,blue-collar,married,primary,no,4036,no,no,cellular,4,1,unknown,0
51,management,married,tertiary,no,-559,no,no,unknown,1,1,unknown,0
41,technician,married,secondary,no,-3028,yes,yes,unknown,4,2,unknown,1
56,unemployed,married,primary,no,-1379,no,yes,cellular,8,1,unknown,0
48,retired,married,secondary,no,-611,no,yes,cellular,6,1,unknown,0
51,technician,married,tertiary,no,617,yes,no,cellular,6,2,unknown,0
59,retired,married,primary,no,-469,no,yes,cellular,5,0,unknown,0
42,technician,married,secondary,no,6407,no,no,cellular,4,3,failure,0
43,technician,married,tertiary,yes,222,yes,no,cellular,3,0,unknown,0
35,management,married,tertiary,no,182,no,no,cellular,4,1,success,1
47,blue-collar,married,secondary,no,-1950,no,no,cellular,3,2,other,0
32,blue-collar,married,primary,no,7997,no,no,cellular,5,2,unknown,0
40,entrepreneur,divorced,secondary,no,984,no,no,cellular,6,2,unknown,0
45,blue-collar,married,secondary,no,960,yes,no,cellular,4,4,failure,1
44,blue-collar,single,primary,no,9650,no,no,telephone,2,2,unknown,0
26,management,single,tertiary,no,7513,yes,no,cellular,14,2,unknown,0
45,technician,married,secondary,no,-1726,no,no,cellular,4,2,unknown,0
26,services,married,secondary,no,3712,yes,yes,unknown,5,0,unknown,0
43,entrepreneur,divorced,unknown,no,-2435,yes,no,cellular,3,3,other,0
33,management,divorced,tertiary,no,-1050,yes,no,cellular,3,4,other,0
32,management,single,secondary,no,-207,no,no,cellular,4,1,failure,1
48,entrepreneur,married,secondary,no,-238,yes,no,cellular,9,2,unknown,0
52,unemployed,married,primary,no,5708,no,no,cellular,3,1,unknown,0
40,management,married,secondary,no,3100,yes,no,telephone,4,2,other,1
44,management,married,tertiary,no,-1059,yes,no,cellular,2,1,unknown,0
33,housemaid,married,secondary,no,8212,no,yes,unknown,1,1,unknown,0
33,technician,married,secondary,no,8676,yes,no,cellular,3,8,other,0
36,admin.,married,secondary,no,-2341,no,no,cellular,4,2,failure,0
59,services,married,secondary,no,-101,yes,no,cellular,5,0,unknown,0
37,unemployed,single,tertiary,no,-2324,no,no,cellular,3,0,unknown,0
38,technician,married,secondary,no,728,yes,no,cellular,3,5,failure,0
38,management,single,tertiary,no,2127,yes,no,cellular,6,2,unknown,0
36,blue-collar,married,primary,no,10501,no,no,cellular,5,1,unknown,0
33,services,single,secondary,no,11136,yes,no,unknown,2,0,unknown,0
49,management,married,tertiary,no,-2469,no,no,telephone,5,1,unknown,0
27,self-employed,single,secondary,no,105,no,no,cellular,3,1,unknown,0
43,self-employed,divorced,tertiary,no,1651,no,no,cellular,1,1,unknown,0
48,management,married,tertiary,no,-526,yes,no,cellular,5,2,unknown,0
56,unemployed,married,secondary,no,3722,yes,yes,telephone,4,1,unknown,0
34,technician,single,secondary,no,371,no,no,cellular,6,1,unknown,0
37,management,married,tertiary,no,3164,no,no,unknown,3,1,unknown,0
49,blue-collar,married,primary,no,-2813,yes,no,cellular,1,2,unknown,0
42,entrepreneur,married,secondary,no,-417,no,no,cellular,3,1,unknown,0
46,services,married,secondary,no,1876,yes,no,unknown,4,1,unknown,0
29,technician,single,secondary,no,2927,yes,no,unknown,2,1,unknown,0
36,management,married,tertiary,no,377,yes,no,telephone,4,1,unknown,0
39,technician,married,secondary,no,3083,yes,no,cellular,7,2,unknown,0
29,services,single,secondary,no,2348,yes,no,cellular,4,2,unknown,0
47,management,divorced,tertiary,no,-234,yes,no,unknown,1,1,unknown,0
55,technician,married,secondary,no,1966,yes,no,cellular,4,1,unknown,0
35,admin.,divorced,tertiary,no,534,no,no,cellular,2,0,unknown,0
37,management,divorced,tertiary,no,-2474,yes,no,unknown,3,2,unknown,0
39,services,married,secondary,no,3388,no,no,cellular,6,2,unknown,1
39,technician,married,secondary,no,2978,no,no,cellular,2,1,unknown,0
45,blue-collar,single,primary,no,3333,yes,no,cellular,1,1,other,0
52,technician,divorced,secondary,no,-1561,yes,yes,cellular,6,0,unknown,0
31,admin.,single,secondary,no,2475,yes,no,cellular,10,1,unknown,0
52,management,married,tertiary,no,-3026,yes,no,cellular,4,1,unknown,0
26,blue-collar,married,primary,no,411,no,no,unknown,4,2,unknown,0
42,blue-collar,married,unknown,no,-1059,yes,no,cellular,3,1,unknown,0
30,student,married,secondary,no,452,no,no,cellular,4,2,unknown,0
44,blue-collar,single,secondary,no,-460,yes,yes,cellular,5,7,other,1
37,technician,single,secondary,no,784,no,yes,cellular,2,4,success,0
37,management,married,tertiary,no,-81,yes,yes,cellular,3,0,failure,0
32,management,single,tertiary,no,2341,no,no,cellular,3,2,unknown,0
33,self-employed,married,tertiary,no,1588,no,yes,unknown,2,1,unknown,0
49,admin.,married,secondary,no,-1243,no,yes,cellular,6,2,failure,0
46,management,married,secondary,no,-1836,yes,no,cellular,4,2,unknown,1
26,blue-collar,divorced,unknown,no,-1542,yes,no,cellular,6,2,unknown,0
33,admin.,married,tertiary,no,-881,yes,no,cellular,5,1,success,1
58,management,divorced,tertiary,no,-148,no,no,unknown,3,0,unknown,0
46,management,married,tertiary,no,22793,yes,no,cellular,8,0,unknown,0
26,unemployed,single,primary,no,2386,no,no,cellular,6,1,failure,0
39,blue-collar,married,secondary,no,4005,yes,no,unknown,5,1,unknown,0
31,blue-collar,single,secondary,no,-1367,yes,yes,unknown,4,0,unknown,1
37,management,divorced,tertiary,no,-1115,no,no,telephone,6,2,failure,0
56,services,divorced,tertiary,no,549,yes,no,unknown,2,1,unknown,0
30,management,married,tertiary,no,-3262,yes,no,cellular,5,2,unknown,0
31,self-employed,single,tertiary,no,16318,yes,no,cellular,3,2,unknown,0
38,technician,married,secondary,no,-3033,yes,no,unknown,4,2,unknown,0
39,admin.,divorced,secondary,no,1112,yes,no,telephone,2,1,other,1
33,services,married,primary,no,1060,yes,no,cellular,14,1,failure,0
38,management,married,tertiary,no,-461,yes,no,cellular,8,1,unknown,0
59,management,married,tertiary,no,4067,yes,no,unknown,2,1,unknown,0
38,management,married,tertiary,no,-987,yes,no,unknown,2,0,unknown,0
35,admin.,married,secondary,no,-3184,no,no,cellular,2,5,other,1
35,entrepreneur,married,tertiary,no,-2517,yes,no,unknown,3,3,other,0
41,blue-collar,married,secondary,no,-1522,no,no,telephone,4,1,unknown,0
53,management,married,secondary,no,2184,no,no,cellular,11,2,unknown,0
31,admin.,married,secondary,no,2196,yes,no,unknown,2,0,unknown,0
27,unemployed,married,secondary,no,-677,no,no,cellular,2,2,unknown,0
43,blue-collar,married,primary,no,3266,no,no,cellular,4,1,other,1
69,management,married,tertiary,no,5352,yes,no,cellular,2,0,unknown,0
35,management,single,tertiary,no,-1610,no,no,telephone,1,1,unknown,0
24,admin.,single,secondary,no,942,yes,no,unknown,3,1,unknown,0
35,services,married,primary,no,657,yes,no,cellular,3,1,unknown,0
54,admin.,married,secondary,no,2576,yes,no,unknown,4,1,unknown,0
38,technician,married,secondary,no,6438,yes,no,cellular,3,1,unknown,1
34,blue-collar,married,secondary,no,3405,no,no,cellular,1,0,unknown,0
40,blue-collar,married,secondary,no,1395,no,no,cellular,3,2,unknown,0
74,retired,married,secondary,no,1823,no,no,cellular,1,2,unknown,0
56,blue-collar,divorced,secondary,no,966,yes,no,unknown,1,2,unknown,0
38,management,married,tertiary,no,-1736,no,no,telephone,5,1,unknown,0
55,admin.,married,secondary,no,884,no,no,telephone,5,1,unknown,0
27,technician,married,tertiary,no,3712,yes,no,cellular,6,1,unknown,0
43,blue-collar,married,secondary,no,-3201,yes,no,cellular,5,1,unknown,0
41,technician,married,secondary,no,-852,yes,no,cellular,4,1,unknown,0
49,technician,divorced,tertiary,no,28783,yes,no,cellular,3,1,failure,0
61,housemaid,married,unknown,no,-1414,no,no,cellular,4,0,unknown,0
32,management,single,tertiary,no,2434,yes,no,unknown,3,1,unknown,0
40,services,married,secondary,no,1517,no,yes,cellular,5,1,unknown,0
27,management,married,primary,no,-2311,yes,no,cellular,3,2,unknown,0
41,technician,married,secondary,no,1936,no,no,cellular,10,16,failure,0
28,admin.,single,secondary,no,3232,yes,no,cellular,3,8,success,1
37,management,married,tertiary,no,-2826,yes,no,unknown,2,1,unknown,0
50,management,married,primary,no,-3172,yes,no,unknown,4,2,unknown,0
38,technician,divorced,tertiary,no,1169,no,no,cellular,4,2,unknown,0
49,services,married,secondary,no,3250,no,no,cellular,8,2,unknown,0
26,admin.,single,secondary,no,786,no,no,cellular,2,1,unknown,1
31,admin.,single,secondary,no,457,yes,no,unknown,11,1,unknown,0
34,technician,single,tertiary,no,-283,no,no,cellular,9,1,unknown,0
34,management,married,tertiary,no,908,no,no,cellular,2,2,unknown,0
55,management,married,secondary,no,3484,no,no,cellular,5,1,unknown,0
59,admin.,married,secondary,no,1139,yes,no,cellular,8,1,unknown,0
42,blue-collar,married,secondary,no,9696,no,no,cellular,5,2,unknown,0
55,admin.,married,secondary,no,157,no,no,telephone,2,2,unknown,0
39,blue-collar,married,secondary,no,3269,no,no,cellular,5,1,failure,0
39,blue-collar,married,secondary,no,2417,yes,no,cellular,2,0,unknown,0
35,technician,married,secondary,no,477,no,no,cellular,6,0,unknown,0
27,management,single,secondary,no,-1065,yes,yes,telephone,1,1,unknown,1
51,blue-collar,married,secondary,no,-1074,no,yes,unknown,5,1,unknown,1
31,management,single,tertiary,no,11431,yes,no,cellular,2,3,failure,0
48,services,married,secondary,no,1453,yes,yes,cellular,6,0,unknown,0
58,retired,married,tertiary,no,-2783,no,no,cellular,4,1,unknown,0
35,technician,married,secondary,no,566,yes,no,cellular,5,1,unknown,0
28,blue-collar,single,secondary,no,-129,yes,no,unknown,4,1,unknown,0
43,services,married,tertiary,yes,1148,yes,yes,cellular,5,2,unknown,0
31,management,married,tertiary,no,-1202,no,no,cellular,2,2,unknown,0
29,technician,married,tertiary,no,3426,no,no,cellular,3,1,unknown,0
31,blue-collar,married,secondary,no,283,no,no,cellular,4,1,unknown,0
46,management,married,tertiary,no,2859,yes,yes,unknown,1,2,unknown,0
56,admin.,married,secondary,no,-1378,yes,no,cellular,12,1,unknown,0
28,technician,married,secondary,no,3300,yes,no,unknown,2,1,unknown,0
33,technician,single,secondary,no,757,no,yes,unknown,2,2,unknown,0
52,management,married,tertiary,no,750,yes,no,cellular,2,1,unknown,0
27,student,single,unknown,no,-76,no,no,telephone,1,6,other,1
34,admin.,married,secondary,no,3706,yes,no,cellular,4,2,unknown,0
38,technician,married,secondary,no,879,no,no,cellular,3,1,unknown,0
39,management,single,tertiary,no,15570,yes,no,unknown,10,0,unknown,0
39,management,single,tertiary,no,-605,yes,no,cellular,6,1,unknown,0
82,management,married,primary,no,95,yes,no,cellular,4,0,unknown,0
32,technician,single,tertiary,no,-1300,no,no,cellular,4,2,failure,0
33,technician,divorced,secondary,no,1,no,no,cellular,5,0,failure,0
57,technician,married,tertiary,no,6100,no,no,cellular,6,0,unknown,0
52,self-employed,married,tertiary,no,-2740,yes,no,cellular,3,2,unknown,0
27,technician,married,tertiary,no,-592,no,no,unknown,5,2,unknown,0
47,services,married,secondary,no,-3110,no,yes,unknown,3,2,unknown,0
57,retired,divorced,tertiary,no,1634,no,no,cellular,3,3,failure,0
38,student,married,secondary,no,-2606,no,no,unknown,2,1,unknown,0
57,technician,married,secondary,no,10880,no,no,cellular,5,1,unknown,0
52,services,married,secondary,no,-951,yes,no,cellular,7,2,unknown,0
35,services,divorced,secondary,no,-1290,yes,no,unknown,12,1,unknown,0
48,admin.,divorced,secondary,no,782,yes,no,unknown,3,2,unknown,0
33,blue-collar,married,primary,no,-1140,yes,yes,cellular,1,1,unknown,0
41,technician,married,tertiary,no,2079,no,no,cellular,5,0,unknown,0
39,services,single,tertiary,no,-1048,yes,no,cellular,11,1,unknown,0
53,technician,married,secondary,no,3550,no,yes,unknown,7,0,unknown,0
40,self-employed,single,tertiary,no,-3002,no,yes,unknown,5,2,unknown,0
55,unemployed,married,secondary,no,-2892,yes,no,telephone,5,0,unknown,1
53,technician,married,tertiary,no,3261,yes,no,unknown,6,2,unknown,0
34,self-employed,single,secondary,no,1815,yes,no,telephone,2,1,unknown,0
40,management,married,tertiary,no,-1350,no,no,unknown,8,2,unknown,0
33,services,married,secondary,no,8926,yes,no,telephone,1,0,other,0
29,blue-collar,single,secondary,no,-629,yes,yes,unknown,2,0,unknown,0
36,services,married,secondary,no,474,yes,no,cellular,3,2,unknown,0
30,management,married,unknown,no,-1265,yes,no,cellular,16,0,unknown,0
44,management,divorced,tertiary,no,710,no,yes,cellular,6,0,failure,0
56,retired,married,primary,no,1520,yes,no,cellular,4,2,failure,1
59,management,single,tertiary,no,2991,yes,no,cellular,2,2,unknown,1
60,unknown,married,tertiary,no,6046,no,no,cellular,4,2,unknown,0
47,blue-collar,married,secondary,no,933,yes,no,cellular,1,2,unknown,0
60,admin.,married,secondary,no,912,no,yes,unknown,5,2,unknown,0
41,management,married,tertiary,no,10649,yes,no,telephone,6,1,unknown,0
31,admin.,married,secondary,no,264,yes,no,cellular,1,2,unknown,0
59,retired,divorced,tertiary,no,3128,yes,no,cellular,6,3,success,0
36,technician,married,secondary,no,3577,no,no,cellular,5,2,unknown,0
33,admin.,single,tertiary,no,-271,no,no,cellular,3,2,unknown,0
28,unemployed,married,tertiary,no,-289,no,no,cellular,3,2,unknown,0
56,retired,married,secondary,no,11356,no,no,cellular,1,1,failure,0
41,blue-collar,married,secondary,no,1005,yes,no,unknown,2,2,unknown,0
38,admin.,single,secondary,no,641,yes,no,cellular,1,1,unknown,1
32,management,married,unknown,no,9931,yes,no,cellular,3,1,unknown,0
49,technician,married,secondary,no,1190,yes,no,unknown,2,0,unknown,0
50,blue-collar,married,unknown,no,548,yes,no,unknown,1,1,unknown,0
31,technician,divorced,secondary,no,1589,yes,yes,unknown,1,2,unknown,0
36,management,married,primary,no,-1363,no,no,cellular,2,2,unknown,0
54,technician,married,secondary,no,-497,yes,yes,cellular,1,0,unknown,0
59,blue-collar,divorced,primary,no,-3248,yes,no,cellular,2,0,unknown,0
66,blue-collar,married,secondary,no,2056,yes,no,cellular,5,5,failure,0
26,management,single,tertiary,no,2825,yes,no,cellular,3,2,unknown,0
38,management,married,tertiary,no,2171,yes,no,cellular,1,0,failure,1
35,unemployed,married,secondary,no,3925,yes,yes,cellular,5,2,unknown,0
26,technician,single,secondary,no,2316,no,no,cellular,2,2,unknown,0
27,services,single,secondary,no,-2515,yes,no,unknown,2,0,unknown,0
34,technician,single,secondary,no,-919,no,no,cellular,1,0,unknown,0
51,management,divorced,primary,no,3556,yes,no,cellular,5,2,unknown,0
34,admin.,single,secondary,no,-2512,no,no,cellular,3,2,unknown,0
46,technician,married,secondary,no,3228,yes,no,cellular,4,2,unknown,0
41,technician,divorced,tertiary,no,2623,yes,no,cellular,4,6,success,0
31,services,single,secondary,no,-2215,yes,no,cellular,5,0,unknown,0
36,blue-collar,married,secondary,no,-1752,no,no,cellular,5,2,unknown,0
43,services,single,secondary,no,2139,yes,no,cellular,5,2,unknown,0
36,admin.,married,secondary,no,1553,yes,no,unknown,4,1,unknown,0
40,management,single,primary,no,-3090,yes,no,cellular,4,1,unknown,0
33,blue-collar,married,secondary,no,633,yes,no,unknown,2,1,unknown,0
34,blue-collar,married,secondary,no,-1908,yes,yes,cellular,5,2,unknown,0
19,management,married,tertiary,no,3083,yes,yes,cellular,4,2,unknown,0
34,admin.,divorced,secondary,no,679,yes,no,unknown,1,0,unknown,0
37,management,married,tertiary,no,-3214,yes,no,unknown,3,2,unknown,0
48,admin.,married,secondary,no,-367,no,no,unknown,11,2,unknown,0
29,blue-collar,married,secondary,no,-3236,yes,yes,cellular,2,1,unknown,0
37,management,single,tertiary,no,3437,yes,no,unknown,2,0,unknown,0
35,admin.,single,unknown,no,3297,yes,no,cellular,6,0,unknown,0
28,blue-collar,married,primary,no,2037,yes,yes,cellular,8,2,unknown,0
38,entrepreneur,single,secondary,no,-3296,no,no,cellular,4,5,failure,1
36,technician,married,tertiary,no,3675,yes,no,unknown,3,0,unknown,0
49,services,single,secondary,no,-1346,yes,no,cellular,2,1,unknown,0
29,blue-collar,single,secondary,no,1535,no,no,cellular,3,2,unknown,0
29,management,married,tertiary,no,17275,yes,no,telephone,25,1,unknown,0
55,retired,married,primary,no,851,no,yes,telephone,3,2,unknown,0
45,unemployed,married,tertiary,no,-2450,yes,no,telephone,4,2,unknown,0
34,blue-collar,single,primary,no,-1483,yes,no,cellular,4,7,other,0
39,management,single,tertiary,no,9582,yes,no,cellular,2,1,unknown,0
52,services,married,secondary,no,-2391,yes,no,unknown,5,2,unknown,1
45,management,married,tertiary,no,-509,no,no,cellular,5,8,failure,0
20,blue-collar,single,secondary,no,3631,yes,no,cellular,2,1,unknown,0
43,self-employed,married,secondary,no,-266,no,yes,cellular,1,1,unknown,1
39,technician,married,secondary,no,5273,yes,no,cellular,5,0,other,0
41,admin.,married,secondary,no,1531,no,no,cellular,2,1,success,1
27,blue-collar,married,primary,no,-710,yes,no,cellular,10,0,unknown,0
64,self-employed,married,primary,no,10021,no,no,cellular,3,2,unknown,0
34,management,married,tertiary,no,6858,yes,no,cellular,4,2,unknown,0
50,admin.,married,secondary,no,2863,yes,no,cellular,2,1,unknown,0
27,services,married,secondary,no,2837,yes,no,cellular,4,4,failure,0
39,management,single,secondary,no,-1986,yes,no,cellular,3,0,unknown,1
54,management,married,tertiary,no,760,yes,no,unknown,1,1,unknown,1
26,technician,single,tertiary,no,7,no,no,cellular,9,2,unknown,0
30,management,single,tertiary,no,-2398,no,no,cellular,5,1,unknown,0
55,technician,divorced,secondary,no,3486,yes,no,unknown,4,1,unknown,0
56,management,married,primary,no,-765,yes,no,cellular,3,1,failure,0
22,management,single,primary,no,1244,yes,no,unknown,5,2,unknown,0
25,student,married,tertiary,no,-2863,no,no,telephone,1,2,other,0
49,blue-collar,divorced,secondary,no,3770,yes,yes,cellular,2,3,other,0
35,technician,married,tertiary,no,3991,yes,no,cellular,3,2,unknown,0
32,blue-collar,single,primary,no,1783,yes,yes,cellular,1,1,success,1
49,technician,married,secondary,no,-2340,yes,no,cellular,1,0,failure,0
34,technician,single,tertiary,no,1626,yes,no,unknown,5,1,unknown,0
43,management,single,tertiary,no,179,yes,no,unknown,3,2,unknown,0
43,management,married,tertiary,no,213,yes,no,unknown,4,1,unknown,0
56,housemaid,married,primary,no,-1686,no,no,cellular,2,2,unknown,0
26,management,single,tertiary,no,-2183,no,no,cellular,10,1,unknown,0
36,management,married,tertiary,no,2981,no,no,telephone,10,5,failure,0
36,management,married,tertiary,no,1188,yes,no,cellular,3,2,unknown,0
43,management,divorced,tertiary,no,2251,no,no,cellular,2,2,other,0
39,technician,single,secondary,no,2193,no,no,cellular,3,2,unknown,0
41,technician,single,secondary,no,-323,no,no,cellular,2,0,unknown,1
49,blue-collar,married,secondary,no,783,yes,no,cellular,3,0,unknown,0
33,technician,married,tertiary,no,6394,no,no,cellular,4,1,unknown,0
31,management,divorced,unknown,no,16467,yes,no,cellular,5,1,unknown,0
27,technician,single,secondary,no,-104,yes,no,unknown,5,2,unknown,0
31,entrepreneur,married,secondary,no,9978,no,no,unknown,4,2,unknown,0
38,management,married,secondary,no,-1139,yes,no,cellular,5,2,failure,0
34,unemployed,married,primary,no,-470,yes,no,unknown,4,2,unknown,0
59,management,married,tertiary,no,-2702,no,no,cellular,1,2,unknown,0
29,blue-collar,single,secondary,no,-3022,yes,yes,unknown,2,2,unknown,1
35,entrepreneur,single,tertiary,no,-1714,yes,no,cellular,2,0,unknown,0
50,blue-collar,married,secondary,yes,-3188,no,yes,cellular,2,5,other,0
59,technician,divorced,secondary,no,-152,no,no,unknown,2,2,unknown,0
56,housemaid,married,primary,no,-486,no,no,cellular,4,0,failure,0
29,services,married,secondary,no,3259,yes,no,cellular,5,1,unknown,0
48,housemaid,married,primary,no,-2995,no,no,cellular,3,1,unknown,1
38,admin.,married,secondary,no,4026,yes,no,unknown,4,2,unknown,0
29,services,divorced,secondary,no,-2605,yes,no,unknown,4,2,unknown,0
28,technician,single,tertiary,no,2872,no,no,cellular,4,2,unknown,0
40,blue-collar,single,secondary,no,-645,yes,no,cellular,3,2,unknown,0
41,management,married,tertiary,no,-1482,yes,yes,cellular,3,2,unknown,0
38,blue-collar,married,secondary,no,1236,yes,no,unknown,4,0,unknown,0
44,technician,single,secondary,no,-662,yes,no,unknown,4,1,unknown,0
66,housemaid,married,tertiary,no,-3192,yes,no,unknown,2,0,unknown,0
32,blue-collar,married,primary,no,-2340,yes,no,cellular,3,2,unknown,0
44,management,married,tertiary,no,1746,no,no,cellular,3,2,unknown,0
51,blue-collar,single,primary,no,2049,yes,yes,cellular,10,2,unknown,0
37,management,single,tertiary,no,4088,yes,no,unknown,2,1,unknown,0
38,management,divorced,tertiary,no,-1428,no,no,unknown,6,1,unknown,0
44,technician,married,secondary,no,2418,yes,no,cellular,5,1,unknown,0
27,technician,single,unknown,no,-760,no,no,cellular,4,2,unknown,0
45,admin.,married,secondary,no,7980,yes,no,cellular,3,2,unknown,0
48,services,divorced,secondary,no,-1238,no,no,cellular,2,1,unknown,0
41,retired,divorced,primary,no,-246,no,no,cellular,8,3,failure,0
52,self-employed,married,tertiary,no,3498,no,no,cellular,3,0,other,1
26,blue-collar,married,secondary,no,-1438,no,no,cellular,3,1,unknown,0
36,technician,single,tertiary,no,-152,yes,no,telephone,1,2,unknown,0
28,blue-collar,married,secondary,no,3455,yes,no,cellular,1,2,unknown,0
31,blue-collar,single,primary,no,53,yes,no,cellular,6,1,failure,1
50,blue-collar,single,secondary,no,2744,no,no,cellular,1,0,unknown,0
52,blue-collar,married,primary,no,667,yes,no,unknown,2,0,unknown,1
59,services,married,secondary,no,6743,no,no,cellular,23,2,unknown,0
37,self-employed,married,secondary,no,2053,no,yes,cellular,6,2,unknown,0
46,admin.,married,secondary,no,1551,no,no,cellular,3,2,unknown,0
30,unknown,single,tertiary,no,-478,no,yes,unknown,2,1,unknown,0
40,blue-collar,married,secondary,no,4122,yes,no,cellular,3,2,unknown,0
39,management,married,secondary,no,-2630,no,no,cellular,4,2,unknown,1
32,services,married,secondary,no,3017,yes,no,unknown,5,2,unknown,0
48,admin.,single,secondary,no,2058,yes,no,unknown,4,1,unknown,0
47,management,divorced,tertiary,no,24326,no,no,cellular,1,15,failure,0
57,retired,married,secondary,no,216,no,no,cellular,5,2,unknown,0
31,services,single,tertiary,no,2266,yes,no,telephone,5,1,unknown,0
46,blue-collar,divorced,secondary,no,-2985,yes,yes,unknown,2,1,unknown,0
50,blue-collar,married,secondary,no,1681,yes,no,cellular,5,2,unknown,1
27,technician,married,secondary,no,3137,no,no,unknown,5,1,unknown,0
37,technician,single,secondary,no,-272,yes,no,unknown,5,2,unknown,0
39,services,married,secondary,no,2204,yes,no,unknown,6,0,unknown,0
32,services,single,secondary,no,1870,yes,no,cellular,3,1,unknown,1
44,blue-collar,single,secondary,no,425,no,no,cellular,4,0,unknown,0
38,self-employed,married,secondary,no,2425,yes,no,unknown,5,0,unknown,1
58,management,married,tertiary,no,295,yes,no,unknown,20,1,unknown,0
36,technician,married,secondary,no,-2417,yes,no,cellular,4,2,other,0
32,management,single,tertiary,no,583,no,no,unknown,5,0,unknown,0
37,blue-collar,married,secondary,no,2298,yes,no,unknown,14,0,unknown,1
36,housemaid,married,primary,no,-2089,no,no,cellular,3,7,other,0
42,admin.,single,secondary,no,126,no,yes,cellular,6,1,failure,0
41,entrepreneur,married,secondary,no,2906,no,no,cellular,3,1,unknown,0
33,blue-collar,single,secondary,no,-3214,yes,no,cellular,2,2,failure,0
47,blue-collar,married,secondary,no,3117,yes,no,unknown,5,1,unknown,0
58,blue-collar,married,secondary,no,-697,yes,no,cellular,3,1,unknown,0
34,services,single,primary,no,-607,no,no,telephone,5,5,other,0
50,blue-collar,divorced,secondary,no,1893,yes,no,unknown,5,2,unknown,0
51,self-employed,married,secondary,no,960,no,yes,cellular,5,1,unknown,0
50,management,single,tertiary,no,-1169,yes,no,unknown,4,2,unknown,0
43,blue-collar,single,secondary,no,-2153,yes,no,unknown,3,1,unknown,0
21,services,single,secondary,no,-179,yes,no,unknown,3,1,unknown,0
34,blue-collar,married,primary,no,3315,yes,no,cellular,3,0,unknown,0
34,entrepreneur,married,tertiary,no,4099,no,no,telephone,5,2,unknown,0
50,blue-collar,married,secondary,no,2035,yes,no,cellular,3,0,unknown,0
44,services,single,secondary,no,1873,yes,no,unknown,3,1,unknown,0
32,services,single,secondary,no,1807,yes,no,unknown,5,2,unknown,0
28,management,single,tertiary,no,10946,no,no,cellular,2,2,unknown,0
39,technician,married,secondary,no,-2114,no,no,cellular,5,1,unknown,0
39,blue-collar,married,secondary,no,-2233,yes,no,unknown,4,2,unknown,0
54,management,divorced,tertiary,no,10423,no,no,cellular,4,0,unknown,0
52,technician,married,tertiary,no,-3166,yes,no,unknown,4,2,unknown,0
37,entrepreneur,married,secondary,no,583,yes,no,cellular,2,2,unknown,0
52,entrepreneur,divorced,tertiary,no,-312,yes,no,unknown,5,2,unknown,0
44,technician,married,secondary,yes,3528,yes,yes,cellular,4,0,unknown,0
48,services,single,secondary,no,1342,no,no,cellular,3,2,success,1
28,admin.,single,secondary,yes,-1636,yes,no,cellular,2,1,unknown,0
56,services,married,secondary,no,-2832,yes,no,cellular,2,0,failure,0
29,technician,single,tertiary,no,207,yes,no,unknown,1,1,unknown,0
46,admin.,married,secondary,no,798,yes,no,cellular,2,2,unknown,0
45,technician,married,primary,no,168,yes,no,unknown,2,0,unknown,0
36,services,divorced,secondary,no,1017,yes,no,unknown,1,1,unknown,0
49,blue-collar,single,secondary,no,-2853,yes,no,unknown,1,2,unknown,0
51,housemaid,married,primary,no,-635,no,no,cellular,2,2,other,1
74,retired,divorced,secondary,no,2870,no,no,cellular,2,2,unknown,0
34,blue-collar,divorced,secondary,no,-1160,yes,no,cellular,1,7,other,0
56,self-employed,married,tertiary,no,-1909,no,yes,cellular,7,2,unknown,0
34,management,married,tertiary,no,-1983,no,no,cellular,2,1,unknown,0
35,services,married,secondary,no,3679,no,no,cellular,2,1,unknown,0
46,self-employed,married,tertiary,no,3163,no,no,cellular,4,1,unknown,0
53,technician,married,secondary,no,-295,yes,no,unknown,3,0,unknown,0
62,unemployed,married,tertiary,no,-858,yes,no,cellular,4,2,unknown,0
29,blue-collar,married,secondary,no,-570,yes,no,unknown,2,1,unknown,0
32,admin.,single,secondary,no,10711,yes,yes,unknown,4,2,unknown,0
23,student,married,secondary,no,3457,no,no,cellular,2,2,unknown,0
55,blue-collar,married,primary,no,3782,yes,no,cellular,3,1,unknown,0
28,blue-collar,single,primary,no,3067,yes,no,telephone,2,0,unknown,0
34,housemaid,divorced,primary,no,1753,no,no,cellular,1,2,failure,0
36,technician,married,secondary,no,-2442,no,no,cellular,6,1,unknown,0
59,retired,married,primary,no,3706,no,no,cellular,2,1,unknown,0
33,management,married,tertiary,no,-2066,no,no,cellular,1,0,unknown,0
55,housemaid,married,unknown,no,9644,no,no,cellular,4,1,unknown,0
44,self-employed,married,tertiary,no,-652,no,no,unknown,1,0,unknown,0
44,entrepreneur,single,secondary,no,-3040,yes,no,unknown,2,1,unknown,0
56,blue-collar,divorced,secondary,no,1590,yes,no,telephone,2,2,unknown,0
23,technician,single,secondary,no,-1414,no,no,cellular,7,0,unknown,0
59,management,married,tertiary,no,3302,yes,no,telephone,3,1,unknown,0
32,blue-collar,single,secondary,no,-1967,yes,yes,unknown,3,0,unknown,0
27,blue-collar,married,primary,no,1661,no,yes,cellular,3,6,failure,0
36,services,married,tertiary,no,-61,yes,no,cellular,5,5,other,1
39,management,married,tertiary,no,-2959,yes,no,cellular,3,5,other,0
36,management,single,secondary,no,-1213,no,no,unknown,5,0,unknown,0
47,admin.,married,secondary,no,-1008,yes,yes,cellular,4,7,failure,0
31,self-employed,married,secondary,no,2460,no,yes,telephone,10,2,unknown,0
46,technician,married,secondary,no,2434,yes,no,cellular,3,1,unknown,0
33,admin.,married,secondary,no,3656,yes,no,unknown,12,1,unknown,0
29,blue-collar,married,secondary,no,-2078,yes,yes,unknown,9,1,unknown,0
28,services,married,unknown,no,-1739,yes,no,unknown,6,0,unknown,0
44,services,married,secondary,no,-531,no,no,cellular,1,2,unknown,0
51,services,divorced,secondary,no,-926,no,no,cellular,4,1,failure,0
41,blue-collar,married,primary,no,-1777,yes,no,cellular,5,1,unknown,0
24,admin.,single,secondary,no,2294,yes,no,cellular,4,2,unknown,0
37,management,married,tertiary,no,-3272,no,no,cellular,2,2,unknown,1
57,admin.,married,secondary,no,689,no,no,cellular,6,2,other,0
42,blue-collar,divorced,secondary,no,-2322,yes,no,unknown,12,2,unknown,0
55,blue-collar,married,secondary,no,-978,no,no,unknown,6,2,unknown,0
33,services,single,tertiary,no,-1138,yes,no,cellular,3,2,unknown,0
49,blue-collar,married,secondary,no,133,yes,no,cellular,2,2,unknown,0
59,technician,divorced,secondary,no,3683,yes,no,unknown,4,1,unknown,0
58,management,married,tertiary,no,2172,no,no,cellular,2,0,unknown,0
33,technician,married,secondary,no,-112,no,no,cellular,3,2,unknown,0
33,management,single,secondary,no,4061,yes,no,cellular,5,2,unknown,0
34,technician,married,secondary,no,-1424,no,no,cellular,10,0,unknown,0
30,management,married,tertiary,no,-1910,yes,no,telephone,9,2,unknown,0
42,services,divorced,secondary,no,1427,yes,no,cellular,4,2,unknown,0
47,blue-collar,married,primary,no,9874,no,no,cellular,4,2,unknown,1
55,unemployed,married,tertiary,no,2081,no,no,cellular,3,2,unknown,0
56,retired,married,secondary,no,465,no,no,cellular,5,1,unknown,1
31,technician,married,secondary,no,9522,yes,yes,unknown,4,1,unknown,1
82,retired,married,primary,no,6616,yes,yes,cellular,6,1,failure,0
37,technician,married,tertiary,no,3752,yes,no,telephone,5,8,failure,0
64,technician,married,secondary,no,2204,yes,no,unknown,10,1,unknown,0
30,services,single,secondary,no,2654,yes,no,cellular,6,1,unknown,0
26,management,single,primary,no,709,no,no,cellular,3,1,unknown,0
57,retired,married,secondary,no,3527,no,no,cellular,2,2,unknown,0
27,blue-collar,single,primary,no,185,yes,no,unknown,12,1,unknown,0
33,technician,married,secondary,no,3773,yes,no,unknown,1,0,unknown,0
56,management,married,secondary,no,-9,no,no,cellular,5,1,unknown,0
39,technician,single,tertiary,no,3772,yes,no,telephone,3,1,unknown,0
26,blue-collar,single,secondary,no,-946,yes,no,cellular,4,0,unknown,0
48,blue-collar,divorced,secondary,no,533,no,yes,cellular,5,2,unknown,0
36,admin.,single,secondary,no,862,yes,no,cellular,5,2,failure,0
33,blue-collar,married,primary,no,783,no,no,cellular,5,2,unknown,0
45,technician,married,secondary,no,2970,yes,no,telephone,1,2,unknown,1
52,blue-collar,single,secondary,no,3002,yes,no,cellular,1,1,unknown,0
42,blue-collar,married,primary,no,-1959,yes,no,cellular,3,1,unknown,1
36,blue-collar,divorced,primary,no,1946,yes,no,cellular,4,0,unknown,0
41,technician,married,secondary,no,604,no,no,cellular,6,1,unknown,1
39,services,single,secondary,no,-300,no,no,cellular,8,3,failure,0
53,entrepreneur,married,tertiary,no,-2450,yes,no,unknown,2,1,unknown,0
41,unemployed,single,secondary,no,3463,yes,no,unknown,7,1,unknown,0
20,blue-collar,single,primary,no,4054,yes,no,cellular,2,2,success,1
52,management,divorced,secondary,no,2083,no,no,cellular,5,2,unknown,0
36,technician,single,tertiary,no,941,yes,no,cellular,4,2,success,1
35,admin.,married,primary,no,-2696,no,no,cellular,2,1,unknown,0
48,technician,married,secondary,no,-921,yes,no,cellular,5,2,unknown,0
38,management,divorced,tertiary,no,-861,no,no,cellular,3,2,unknown,0
34,management,single,tertiary,no,-2668,yes,no,cellular,2,2,unknown,0
38,technician,single,tertiary,no,6932,yes,yes,cellular,1,2,unknown,0
37,management,single,tertiary,no,-582,no,no,cellular,5,0,unknown,0
49,unemployed,married,primary,no,-236,no,no,cellular,5,1,unknown,0
62,retired,married,unknown,no,-2800,no,no,cellular,4,2,unknown,0
49,services,married,secondary,no,-2329,yes,yes,cellular,6,2,unknown,0
35,blue-collar,single,secondary,no,11226,yes,no,cellular,6,1,unknown,0
35,blue-collar,married,primary,no,819,yes,no,cellular,1,2,unknown,0
50,blue-collar,divorced,secondary,no,-1578,yes,no,cellular,2,0,unknown,1
28,student,single,secondary,no,35,no,no,unknown,3,0,unknown,0
48,technician,married,secondary,no,-608,yes,no,cellular,4,1,unknown,0
24,management,married,tertiary,no,7753,yes,yes,cellular,3,2,unknown,0
29,services,single,secondary,no,-1993,no,yes,cellular,2,1,unknown,0
36,entrepreneur,single,primary,no,2233,no,no,cellular,2,2,unknown,0
38,management,married,tertiary,no,3637,no,no,cellular,6,0,unknown,0
29,admin.,married,secondary,no,1368,no,yes,unknown,3,0,unknown,0
28,admin.,single,secondary,no,3836,yes,no,unknown,3,1,unknown,0
38,technician,married,secondary,no,2758,yes,no,cellular,5,1,unknown,0
32,management,single,tertiary,no,689,no,no,cellular,5,2,unknown,0
51,technician,single,secondary,no,15477,no,no,cellular,5,4,failure,0
42,self-employed,married,tertiary,no,1834,yes,no,unknown,10,0,unknown,0
23,student,single,secondary,no,-576,yes,no,cellular,3,2,unknown,0
37,admin.,married,secondary,no,-2744,yes,no,unknown,2,2,unknown,0
34,technician,divorced,secondary,no,55,no,no,cellular,8,2,other,1
31,services,married,secondary,no,2773,yes,no,cellular,5,0,unknown,0
32,blue-collar,single,secondary,no,1714,yes,no,unknown,2,2,unknown,0
50,technician,married,tertiary,no,-3016,yes,no,cellular,10,2,unknown,0
50,management,married,tertiary,no,2843,no,no,telephone,2,2,other,1
42,services,married,secondary,no,-2964,yes,no,telephone,2,0,unknown,0
50,management,divorced,tertiary,no,8002,yes,no,cellular,3,0,unknown,0
34,admin.,married,secondary,no,5459,no,no,cellular,2,2,unknown,0
38,blue-collar,married,secondary,no,-1077,yes,no,cellular,2,0,unknown,0
56,blue-collar,single,secondary,no,-1592,no,no,cellular,3,1,unknown,0
46,admin.,divorced,secondary,no,1270,no,no,cellular,1,1,unknown,0
28,unemployed,married,tertiary,no,1982,no,no,cellular,4,0,unknown,0
57,retired,married,secondary,no,3275,no,no,cellular,4,1,unknown,0
53,management,married,primary,no,456,yes,no,cellular,2,0,other,0
49,blue-collar,married,primary,no,-2865,no,no,cellular,5,1,unknown,0
58,blue-collar,married,primary,no,-3030,yes,yes,cellular,13,2,unknown,0
27,admin.,single,secondary,no,-2679,yes,no,unknown,4,1,unknown,0
30,admin.,married,primary,no,-2359,no,no,cellular,10,1,failure,0
34,blue-collar,married,primary,no,-2003,yes,no,cellular,8,0,unknown,0
35,management,divorced,tertiary,no,-1107,no,no,cellular,2,1,unknown,0
59,management,married,tertiary,no,-2193,yes,no,unknown,3,2,unknown,0
47,retired,married,secondary,no,3024,no,no,unknown,2,1,unknown,0
32,management,single,tertiary,no,-635,no,no,cellular,5,2,unknown,1
80,retired,married,primary,no,259,no,no,cellular,2,0,unknown,0
56,self-employed,married,tertiary,no,2532,yes,no,cellular,11,2,unknown,0
45,admin.,married,tertiary,no,-1968,no,no,unknown,3,0,unknown,0
51,management,divorced,tertiary,no,420,no,no,cellular,3,0,unknown,0
55,admin.,married,secondary,no,-3006,yes,no,unknown,5,2,unknown,1
50,unemployed,married,secondary,no,299,no,no,unknown,1,2,unknown,0
51,blue-collar,married,secondary,no,11053,yes,no,cellular,2,7,failure,0
58,management,married,tertiary,no,910,yes,no,cellular,3,1,success,0
84,retired,divorced,tertiary,no,6389,no,no,cellular,2,2,unknown,0
36,management,married,tertiary,no,1406,yes,no,unknown,4,0,unknown,1
47,technician,married,secondary,no,427,yes,no,cellular,5,1,unknown,0
37,admin.,single,secondary,no,396,yes,yes,cellular,6,1,unknown,0
43,blue-collar,married,secondary,no,1428,yes,no,cellular,4,2,unknown,0
36,blue-collar,married,secondary,no,1986,yes,no,cellular,1,1,unknown,0
39,blue-collar,divorced,primary,no,3321,no,no,cellular,4,1,unknown,0
40,technician,married,tertiary,no,3964,no,no,cellular,2,2,unknown,0
44,blue-collar,married,primary,no,3849,no,no,cellular,4,0,unknown,0
35,blue-collar,married,secondary,no,2725,yes,no,telephone,4,1,unknown,0
51,services,married,secondary,no,1773,no,no,cellular,15,2,unknown,0
39,services,married,primary,no,2646,yes,no,cellular,4,2,unknown,0
54,services,married,secondary,no,-1867,yes,no,cellular,2,1,unknown,0
36,services,single,secondary,no,-1841,yes,no,cellular,1,1,unknown,0
49,entrepreneur,married,tertiary,no,10416,no,no,cellular,5,1,unknown,0
36,blue-collar,married,secondary,no,-68,yes,no,cellular,3,1,unknown,0
34,technician,single,secondary,no,-3159,no,no,cellular,3,1,unknown,0
43,management,single,primary,no,2237,yes,no,unknown,4,1,unknown,0
52,management,married,tertiary,no,-2314,yes,no,cellular,4,0,failure,0
50,unemployed,married,primary,no,-1284,no,no,unknown,4,0,unknown,0
48,management,married,tertiary,no,3550,yes,no,unknown,1,2,unknown,0
31,student,single,unknown,no,-1900,no,no,unknown,5,1,unknown,0
55,services,married,secondary,no,2846,yes,yes,cellular,4,0,unknown,0
33,management,married,tertiary,no,-1326,yes,yes,cellular,5,1,unknown,0
43,admin.,married,tertiary,no,2601,yes,no,cellular,4,2,unknown,0
22,admin.,single,secondary,no,6978,no,no,telephone,4,0,unknown,0
36,management,married,tertiary,no,8325,yes,no,unknown,2,1,unknown,1
39,self-employed,married,tertiary,no,1781,no,no,cellular,3,1,failure,0
30,management,married,tertiary,no,2034,no,no,cellular,6,1,unknown,0
52,blue-collar,married,primary,no,-1768,yes,no,unknown,3,1,unknown,0
28,unknown,single,tertiary,no,1687,no,no,telephone,5,0,unknown,0
51,admin.,married,secondary,no,-2075,no,no,cellular,2,2,unknown,0
33,admin.,single,secondary,no,-1490,yes,no,cellular,3,1,unknown,0
48,blue-collar,married,secondary,no,2485,yes,no,cellular,6,0,unknown,1
37,blue-collar,married,primary,no,-2174,yes,no,cellular,9,4,failure,0
37,blue-collar,married,primary,no,-229,yes,no,unknown,4,2,unknown,0
31,technician,married,secondary,no,-2464,yes,no,cellular,1,0,unknown,0
35,blue-collar,single,secondary,no,1026,no,no,cellular,8,2,unknown,0
41,blue-collar,married,primary,no,-2006,yes,no,cellular,2,1,other,0
42,technician,single,secondary,no,-623,yes,no,cellular,4,1,unknown,0
49,technician,single,tertiary,no,3979,no,no,cellular,6,2,unknown,0
46,management,married,tertiary,yes,5,no,no,cellular,2,9,failure,0
42,technician,married,tertiary,no,419,no,no,cellular,6,2,unknown,0
57,management,divorced,tertiary,no,4377,yes,yes,unknown,6,0,unknown,0
27,management,single,tertiary,no,-1356,no,no,cellular,2,2,unknown,0
34,technician,married,tertiary,no,-2523,yes,no,cellular,5,1,unknown,0
38,technician,single,secondary,no,1304,no,yes,cellular,4,1,unknown,0
32,services,single,secondary,no,-2165,no,no,cellular,2,1,unknown,1
27,management,single,secondary,no,-1994,yes,yes,cellular,2,1,unknown,0
34,management,married,tertiary,no,-2246,yes,yes,cellular,4,1,unknown,0
53,management,married,tertiary,no,2204,no,no,cellular,5,0,unknown,0
33,blue-collar,single,secondary,no,1546,yes,yes,unknown,2,1,unknown,0
31,management,single,tertiary,yes,6313,yes,no,unknown,5,2,unknown,0
37,blue-collar,divorced,secondary,no,-969,yes,no,cellular,4,0,unknown,0
48,unemployed,married,secondary,no,-1255,yes,no,cellular,7,1,unknown,0
29,blue-collar,married,unknown,no,768,yes,no,unknown,4,1,unknown,0
30,admin.,single,secondary,no,931,yes,yes,unknown,2,2,unknown,0
26,unemployed,married,secondary,no,-2325,no,no,cellular,2,2,success,0
51,blue-collar,single,secondary,no,-2170,yes,yes,cellular,8,1,failure,0
38,management,single,tertiary,no,1354,yes,no,cellular,16,0,unknown,0
27,technician,married,tertiary,no,-1228,yes,no,telephone,5,0,unknown,0
37,entrepreneur,married,secondary,no,1647,no,yes,cellular,1,0,unknown,0
44,unemployed,married,secondary,yes,-2005,yes,no,cellular,6,0,unknown,0
55,admin.,divorced,secondary,no,-2582,yes,no,unknown,6,2,unknown,0
52,retired,married,primary,no,-2792,yes,no,cellular,5,1,unknown,0
34,admin.,married,tertiary,no,3074,no,no,cellular,4,1,unknown,0
36,admin.,single,secondary,no,685,no,no,cellular,6,2,unknown,0
28,student,married,tertiary,no,-3168,no,no,unknown,1,1,unknown,0
42,management,married,tertiary,no,-660,yes,no,cellular,8,1,unknown,0
38,technician,married,secondary,no,1392,yes,yes,cellular,18,2,unknown,0
30,admin.,single,secondary,no,-1683,no,no,cellular,2,2,unknown,0
43,blue-collar,single,secondary,no,2884,yes,no,unknown,4,2,unknown,0
59,blue-collar,married,secondary,no,-3276,yes,no,cellular,5,1,unknown,0
27,blue-collar,single,primary,no,604,no,no,cellular,3,3,success,1
41,technician,married,primary,no,968,no,no,cellular,1,0,unknown,0
37,blue-collar,single,primary,no,5542,yes,yes,cellular,3,2,failure,0
54,management,divorced,tertiary,no,4041,yes,no,unknown,5,1,unknown,0
39,management,married,tertiary,no,756,yes,no,telephone,6,1,unknown,0
55,admin.,married,secondary,no,5112,yes,no,cellular,3,0,unknown,0
29,admin.,single,secondary,no,2312,yes,no,cellular,1,1,unknown,0
42,management,married,tertiary,no,-3103,no,no,cellular,5,1,unknown,0
31,technician,single,secondary,yes,1768,yes,no,cellular,4,1,unknown,0
85,retired,divorced,secondary,no,2907,yes,yes,unknown,1,2,unknown,0
44,unemployed,married,secondary,no,1445,yes,no,cellular,3,1,unknown,0
60,management,divorced,tertiary,no,-3141,yes,no,unknown,3,1,unknown,0
41,self-employed,divorced,tertiary,no,-2837,yes,no,unknown,11,0,unknown,0
30,admin.,single,secondary,no,2872,yes,no,cellular,4,0,unknown,0
54,blue-collar,married,secondary,no,2996,yes,no,cellular,6,1,unknown,0
38,blue-collar,single,primary,no,-1304,yes,no,cellular,3,2,unknown,0
32,admin.,married,secondary,no,3602,no,no,cellular,3,2,unknown,1
34,housemaid,married,secondary,no,2748,no,no,telephone,4,2,unknown,0
55,retired,married,primary,no,-2515,no,no,cellular,1,4,other,1
47,technician,married,secondary,no,3282,no,no,cellular,3,2,unknown,0
84,retired,divorced,secondary,no,-3211,no,no,telephone,3,1,unknown,0
39,blue-collar,married,primary,no,-895,yes,no,cellular,2,2,unknown,0
37,blue-collar,married,secondary,no,-1756,yes,yes,cellular,5,2,unknown,0
40,unemployed,married,tertiary,no,-1747,no,no,cellular,4,1,unknown,0
65,admin.,married,secondary,no,7861,no,no,cellular,5,2,unknown,0
43,management,married,secondary,no,4479,yes,no,cellular,4,2,unknown,0
50,services,married,secondary,no,26231,no,no,cellular,2,1,unknown,0
26,technician,single,secondary,no,28054,yes,no,cellular,2,1,failure,0
66,management,married,secondary,no,1769,yes,yes,cellular,7,2,unknown,0
35,blue-collar,married,secondary,no,-693,yes,no,cellular,4,2,unknown,0
39,technician,single,unknown,no,3522,yes,no,unknown,3,1,unknown,0
30,blue-collar,married,primary,no,15763,yes,no,cellular,2,2,unknown,0
31,management,married,unknown,no,383,no,no,cellular,10,1,unknown,0
26,unemployed,divorced,tertiary,yes,2352,yes,no,cellular,2,6,failure,0
53,services,married,secondary,no,875,no,yes,unknown,6,2,unknown,0
33,blue-collar,single,secondary,no,45,yes,no,unknown,3,2,unknown,0
37,admin.,single,secondary,no,-2022,yes,no,cellular,4,4,other,0
54,admin.,married,secondary,no,10095,no,no,cellular,6,1,unknown,0
28,blue-collar,single,secondary,no,1369,yes,no,cellular,2,2,failure,0
57,housemaid,married,primary,no,7592,no,no,telephone,5,2,failure,0
44,management,single,tertiary,no,4050,yes,yes,cellular,3,2,unknown,0
48,technician,married,secondary,no,147,no,no,cellular,4,1,unknown,0
29,blue-collar,married,secondary,no,2210,yes,no,cellular,3,1,unknown,0
34,management,married,secondary,no,-2094,no,no,cellular,4,1,unknown,0
29,student,married,unknown,no,-634,no,no,cellular,4,5,failure,1
21,admin.,married,secondary,no,1387,no,no,cellular,5,0,unknown,0
55,blue-collar,married,secondary,no,6064,yes,no,unknown,3,0,unknown,0
47,management,married,tertiary,no,4109,no,no,cellular,4,2,unknown,0
28,self-employed,married,tertiary,no,4066,no,no,cellular,5,0,unknown,0
48,management,single,secondary,no,1493,yes,no,cellular,3,1,unknown,0
33,management,married,tertiary,no,2044,yes,no,unknown,3,2,unknown,0
34,management,single,tertiary,no,-1293,yes,no,unknown,3,1,unknown,0
43,blue-collar,married,secondary,no,2440,yes,yes,unknown,7,2,unknown,0
28,technician,single,tertiary,no,3099,no,no,cellular,9,2,unknown,0
40,services,married,secondary,no,7557,yes,no,cellular,2,1,unknown,0
45,technician,married,tertiary,no,8350,yes,no,unknown,3,2,unknown,0
49,admin.,married,secondary,no,1562,no,no,cellular,6,2,unknown,0
43,blue-collar,married,primary,no,-1458,yes,no,cellular,2,2,unknown,0
34,admin.,married,secondary,no,-2971,yes,no,cellular,3,1,unknown,0
32,blue-collar,married,secondary,no,-1956,yes,no,cellular,4,1,unknown,0
44,blue-collar,married,primary,no,601,yes,no,cellular,4,1,unknown,0
50,admin.,married,secondary,no,1431,yes,no,cellular,5,2,unknown,0
57,retired,married,secondary,no,3063,no,no,cellular,2,2,unknown,0
37,blue-collar,married,secondary,no,-1318,yes,yes,cellular,2,1,unknown,0
36,management,married,tertiary,no,-2063,no,yes,cellular,2,1,unknown,0
35,technician,single,secondary,no,-187,no,no,cellular,2,2,unknown,0
28,technician,single,primary,no,-2095,yes,no,unknown,3,1,unknown,0
49,admin.,divorced,secondary,no,6066,yes,no,unknown,5,1,unknown,0
36,blue-collar,divorced,primary,no,330,yes,no,cellular,5,1,unknown,0
49,technician,married,secondary,no,1789,yes,no,cellular,2,2,unknown,0
36,management,married,secondary,no,-2527,yes,no,cellular,4,2,failure,0
31,technician,married,secondary,no,-2018,yes,yes,unknown,2,0,unknown,0
38,blue-collar,single,secondary,no,197,yes,yes,telephone,3,1,unknown,0
34,entrepreneur,married,unknown,no,569,yes,no,cellular,2,1,unknown,0
33,admin.,single,secondary,no,-2002,yes,no,cellular,2,0,failure,0
68,retired,married,primary,no,1605,no,no,cellular,5,1,unknown,0
46,self-employed,married,secondary,yes,893,yes,no,unknown,29,2,unknown,0
31,blue-collar,single,primary,no,11312,no,no,cellular,3,2,unknown,0
57,retired,married,tertiary,no,3794,no,no,telephone,5,2,failure,0
34,admin.,married,secondary,no,1363,yes,no,unknown,2,0,unknown,0
47,blue-collar,married,secondary,no,-2654,yes,no,cellular,2,0,unknown,0
32,blue-collar,married,secondary,no,577,yes,no,unknown,4,1,unknown,0
45,self-employed,married,secondary,no,-1292,yes,no,telephone,2,2,failure,0
57,admin.,married,secondary,no,-1236,yes,no,cellular,3,0,unknown,0
30,blue-collar,married,secondary,no,12151,no,no,telephone,3,1,unknown,0
31,blue-collar,single,secondary,no,1836,yes,no,cellular,2,2,unknown,0
42,services,married,secondary,no,9028,yes,no,unknown,2,0,unknown,0
55,admin.,married,tertiary,no,-1266,yes,no,cellular,2,3,failure,1
50,self-employed,married,tertiary,no,-1594,no,no,telephone,4,1,unknown,1
52,blue-collar,divorced,secondary,no,4081,no,no,telephone,12,0,unknown,0
39,management,married,tertiary,no,805,no,yes,cellular,4,1,unknown,0
39,technician,married,secondary,no,1882,no,no,cellular,3,1,unknown,0
31,services,single,secondary,no,-1481,yes,no,cellular,5,1,unknown,0
26,management,single,tertiary,no,3707,yes,no,cellular,5,1,unknown,0
54,technician,married,secondary,no,2041,no,no,cellular,9,1,unknown,0
39,technician,divorced,tertiary,no,479,yes,no,unknown,5,2,unknown,1
43,services,single,secondary,yes,-2479,yes,yes,unknown,3,1,unknown,0
36,management,single,tertiary,no,7389,no,no,telephone,1,2,other,0
55,technician,married,tertiary,no,4322,yes,no,cellular,5,2,failure,0
38,management,married,tertiary,no,-1748,yes,yes,cellular,2,5,failure,0
43,self-employed,married,secondary,no,2511,no,no,cellular,1,2,unknown,0
39,admin.,single,tertiary,no,-2485,yes,yes,unknown,5,1,unknown,0
60,retired,married,tertiary,no,-1783,no,no,telephone,1,1,other,0
39,management,married,unknown,no,-769,yes,no,cellular,4,1,unknown,0
32,entrepreneur,divorced,tertiary,no,3896,no,no,unknown,3,1,unknown,0
47,admin.,married,secondary,no,-2087,no,no,cellular,1,3,other,1
48,blue-collar,married,unknown,no,-212,no,no,unknown,3,2,unknown,0
43,housemaid,married,primary,no,654,no,no,cellular,2,0,unknown,0
40,technician,single,secondary,no,-2973,yes,no,cellular,4,1,unknown,0
50,services,married,tertiary,no,882,no,yes,cellular,5,2,unknown,0
25,student,single,tertiary,no,-2791,yes,no,cellular,13,1,unknown,0
42,management,married,tertiary,no,-931,no,no,unknown,18,1,unknown,0
38,management,single,tertiary,no,-911,no,no,cellular,8,2,failure,0
30,services,single,secondary,no,4115,yes,no,telephone,4,1,other,0
36,management,single,tertiary,no,-50,yes,yes,cellular,6,1,unknown,0
34,technician,married,tertiary,no,-1084,no,no,cellular,2,1,unknown,1
29,unknown,single,unknown,no,-860,no,yes,cellular,4,0,unknown,1
32,blue-collar,single,primary,no,-1077,yes,no,cellular,1,0,unknown,0
44,admin.,married,secondary,no,-2106,yes,no,cellular,5,1,unknown,0
54,services,married,secondary,no,-959,yes,yes,cellular,1,0,unknown,0
55,management,divorced,tertiary,no,1840,no,yes,cellular,3,1,unknown,0
56,technician,married,secondary,no,-686,no,no,cellular,3,9,failure,0
28,admin.,single,secondary,no,-1604,yes,no,unknown,4,1,unknown,0
83,retired,divorced,secondary,no,4423,yes,no,unknown,7,1,unknown,0
37,management,married,tertiary,no,2554,yes,no,unknown,2,1,unknown,1
39,management,single,unknown,no,-1091,yes,no,unknown,13,0,unknown,0
54,entrepreneur,married,secondary,no,-1297,yes,no,cellular,5,1,unknown,0
37,technician,married,primary,no,3005,no,no,cellular,6,0,unknown,1
41,management,divorced,tertiary,no,3907,no,no,cellular,3,1,unknown,0
26,student,single,tertiary,no,8239,yes,yes,cellular,2,2,failure,1
58,blue-collar,married,secondary,no,-2796,yes,no,unknown,7,1,unknown,0
41,housemaid,married,tertiary,no,2916,yes,no,cellular,2,0,unknown,0
32,blue-collar,married,secondary,no,2370,yes,yes,unknown,5,2,unknown,0
29,management,married,tertiary,no,-3184,yes,yes,telephone,25,2,unknown,0
46,admin.,married,tertiary,no,6281,no,no,cellular,2,0,unknown,0
43,blue-collar,married,secondary,no,2908,yes,no,cellular,5,0,failure,0
48,entrepreneur,married,unknown,no,231,no,no,cellular,3,0,other,0
31,blue-collar,married,secondary,no,-1998,no,no,unknown,4,1,unknown,0
37,services,married,secondary,no,4025,no,no,cellular,4,0,unknown,0
51,technician,married,secondary,no,-1732,no,no,unknown,5,2,unknown,0
33,management,married,tertiary,no,-1969,yes,no,cellular,2,1,unknown,0
26,technician,single,tertiary,no,1860,yes,yes,cellular,3,2,unknown,0
44,technician,single,secondary,no,4039,yes,no,unknown,4,1,unknown,0
33,blue-collar,married,primary,no,1955,yes,yes,cellular,4,12,other,0
54,blue-collar,married,secondary,no,-3165,yes,no,cellular,5,3,other,0
53,blue-collar,married,secondary,no,-3161,no,no,cellular,2,2,unknown,0
47,technician,married,tertiary,no,-1715,no,no,cellular,2,2,other,0
49,management,married,tertiary,no,9091,yes,yes,unknown,4,1,unknown,0
39,blue-collar,married,secondary,no,3834,yes,yes,unknown,8,2,unknown,0
48,management,single,tertiary,no,-2453,yes,no,unknown,6,0,unknown,0
34,blue-collar,married,secondary,no,1667,no,no,cellular,6,2,unknown,0
31,technician,single,secondary,no,1717,yes,yes,cellular,6,0,unknown,0
27,technician,single,tertiary,no,-3093,no,yes,unknown,6,2,unknown,0
50,admin.,divorced,secondary,no,3413,yes,no,cellular,5,0,unknown,0
30,blue-collar,single,secondary,no,6473,yes,no,cellular,10,0,unknown,1
39,admin.,divorced,secondary,no,-524,yes,yes,unknown,1,0,unknown,0
46,management,married,tertiary,no,2590,no,yes,cellular,5,2,failure,0
83,retired,married,primary,no,734,no,no,cellular,5,1,unknown,0
42,blue-collar,married,secondary,no,1352,no,yes,cellular,2,1,unknown,0
45,management,married,tertiary,no,-2883,no,no,unknown,2,1,unknown,0
54,admin.,married,secondary,no,1324,yes,no,cellular,5,4,other,0
51,services,married,tertiary,no,-2201,yes,no,cellular,2,1,failure,0
27,services,single,secondary,no,2825,yes,no,cellular,1,1,unknown,1
29,technician,single,secondary,no,2455,yes,no,unknown,3,2,unknown,0
39,management,married,secondary,no,1522,yes,yes,unknown,3,1,unknown,0
47,admin.,married,secondary,no,1492,no,no,telephone,2,1,unknown,0
28,blue-collar,single,primary,no,3961,yes,yes,cellular,2,1,unknown,0
39,technician,single,secondary,no,2865,yes,no,unknown,3,2,unknown,0
44,blue-collar,divorced,secondary,no,2022,no,no,unknown,5,0,unknown,0
53,unknown,married,tertiary,no,6819,no,no,cellular,1,1,unknown,0
47,services,married,secondary,no,-3220,no,no,cellular,8,2,unknown,0
54,management,divorced,secondary,no,26487,yes,no,cellular,11,0,unknown,0
48,retired,married,primary,no,-2836,no,yes,cellular,5,0,unknown,0
51,self-employed,single,primary,no,-2992,no,no,unknown,1,1,unknown,0
37,blue-collar,single,primary,no,1119,yes,no,cellular,4,3,other,0
59,technician,divorced,tertiary,no,4080,yes,no,cellular,2,1,unknown,0
30,blue-collar,married,secondary,no,4,yes,no,telephone,2,1,unknown,0
30,management,married,tertiary,no,-1755,no,no,cellular,5,0,failure,0
35,unemployed,single,primary,no,-3170,yes,no,cellular,5,2,other,0
57,self-employed,married,tertiary,no,-2111,no,no,cellular,11,1,unknown,0
56,retired,married,tertiary,no,-612,no,no,unknown,1,2,unknown,0
26,technician,married,secondary,no,-714,no,yes,cellular,1,3,failure,0
29,technician,single,secondary,no,-1309,yes,no,unknown,3,0,unknown,0
35,technician,married,secondary,no,3234,yes,no,cellular,3,1,unknown,0
49,self-employed,married,secondary,no,4132,yes,yes,unknown,2,2,unknown,0
33,management,single,tertiary,no,3976,yes,no,cellular,5,2,other,0
33,services,married,secondary,no,-1852,no,yes,telephone,3,2,unknown,0
32,blue-collar,single,unknown,no,1880,yes,no,cellular,6,1,unknown,0
55,technician,divorced,tertiary,no,-2091,no,no,cellular,1,2,failure,0
61,retired,married,tertiary,no,131,no,no,cellular,3,0,unknown,0
47,management,divorced,tertiary,no,415,no,no,telephone,2,2,unknown,0
36,management,single,tertiary,no,-964,yes,no,cellular,6,2,unknown,0
32,technician,married,secondary,no,2528,no,no,cellular,5,0,failure,0
27,blue-collar,single,primary,no,5773,no,no,cellular,2,0,unknown,0
29,admin.,single,secondary,no,2667,yes,yes,unknown,3,2,unknown,1
56,blue-collar,married,primary,yes,2394,no,no,cellular,6,2,failure,0
31,management,married,tertiary,yes,1373,no,no,cellular,4,2,unknown,1
36,blue-collar,married,secondary,no,-2746,yes,no,unknown,3,2,unknown,0
47,admin.,married,secondary,no,-2408,yes,no,cellular,9,3,failure,0
34,management,married,tertiary,no,2693,no,no,cellular,3,0,other,0
37,technician,married,tertiary,no,3829,yes,no,cellular,10,2,unknown,0
33,blue-collar,married,secondary,no,-1529,no,yes,cellular,1,0,unknown,1
31,services,married,secondary,no,1652,yes,no,unknown,4,0,unknown,0
33,blue-collar,married,primary,no,2333,no,no,telephone,5,2,unknown,0
40,blue-collar,divorced,primary,no,3161,yes,no,cellular,1,1,unknown,0
36,services,married,tertiary,no,-2299,yes,no,unknown,3,0,unknown,0
45,blue-collar,single,unknown,no,-1787,no,no,unknown,8,1,unknown,0
30,management,married,secondary,no,-2845,yes,no,unknown,4,2,unknown,1
24,student,single,secondary,no,1851,yes,no,unknown,5,0,unknown,0
37,technician,married,secondary,no,-645,no,no,telephone,4,2,unknown,0
31,services,single,tertiary,no,1887,no,no,cellular,1,0,unknown,0
33,self-employed,single,tertiary,no,-2085,no,no,unknown,6,0,unknown,0
38,housemaid,married,primary,no,8893,yes,no,unknown,2,2,unknown,0
33,management,single,tertiary,no,-1282,yes,no,unknown,5,0,unknown,0
47,unemployed,married,tertiary,no,-47,no,no,cellular,2,1,other,0
33,management,married,tertiary,no,1084,yes,no,cellular,2,1,unknown,0
26,entrepreneur,married,secondary,no,3769,yes,no,cellular,4,2,failure,0
58,management,married,secondary,no,-1886,no,no,cellular,3,0,unknown,0
48,services,married,secondary,no,2520,no,no,cellular,5,1,other,0
20,technician,single,unknown,no,-2938,yes,no,cellular,1,2,unknown,0
39,unemployed,married,secondary,no,-1994,yes,yes,cellular,2,2,unknown,0
58,technician,married,secondary,no,1878,yes,yes,cellular,1,1,unknown,0
36,technician,divorced,secondary,no,-2694,yes,yes,cellular,8,2,success,0
39,management,married,tertiary,no,2953,no,no,cellular,2,0,unknown,0
39,technician,married,secondary,no,3307,no,no,cellular,2,1,unknown,0
40,technician,divorced,secondary,no,-1678,no,no,cellular,3,7,failure,1
34,technician,married,secondary,yes,1952,yes,no,unknown,5,0,unknown,0
20,blue-collar,married,secondary,no,1522,yes,no,cellular,5,11,failure,0
33,entrepreneur,married,tertiary,no,3971,no,no,cellular,3,0,unknown,0
34,unemployed,married,secondary,no,378,no,no,unknown,3,1,unknown,0
37,blue-collar,divorced,primary,no,-571,yes,no,telephone,2,2,unknown,0
34,blue-collar,married,primary,no,3230,yes,no,unknown,4,2,unknown,0
34,management,married,secondary,no,-1324,no,yes,telephone,3,2,unknown,0
23,blue-collar,single,secondary,no,3491,yes,no,cellular,4,2,unknown,0
48,services,divorced,secondary,no,-613,yes,no,cellular,2,0,unknown,0
54,self-employed,married,secondary,no,-279,no,no,cellular,2,2,unknown,0
30,entrepreneur,married,tertiary,no,2912,no,yes,telephone,4,1,unknown,0
29,technician,single,secondary,no,2324,yes,no,cellular,1,2,unknown,0
55,technician,married,secondary,no,12960,yes,yes,cellular,5,0,unknown,0
56,retired,divorced,secondary,no,1595,no,yes,cellular,5,7,failure,0
33,technician,married,secondary,no,4052,no,no,cellular,3,0,unknown,0
57,retired,married,secondary,no,-332,no,no,unknown,1,2,unknown,0
34,blue-collar,married,unknown,no,8294,yes,no,cellular,3,1,unknown,0
41,admin.,single,secondary,no,1574,no,no,cellular,3,0,unknown,0
46,self-employed,married,primary,no,2050,no,no,cellular,3,2,unknown,0
45,technician,married,tertiary,no,-404,no,no,cellular,3,2,unknown,0
43,management,married,tertiary,no,-478,no,no,unknown,2,2,unknown,0
42,blue-collar,married,secondary,no,-1994,no,no,cellular,1,2,unknown,0
43,entrepreneur,married,tertiary,no,1351,no,no,cellular,1,2,unknown,1
39,admin.,married,secondary,no,-854,no,yes,cellular,2,1,unknown,0
47,technician,married,secondary,no,2547,no,no,telephone,2,2,success,1
55,management,divorced,tertiary,no,-2985,yes,no,unknown,3,1,unknown,1
37,blue-collar,single,primary,no,9795,yes,no,cellular,2,1,unknown,0
42,services,single,secondary,no,-2119,yes,no,cellular,2,5,failure,0
57,services,married,secondary,no,3159,yes,no,unknown,23,0,unknown,0
45,management,married,tertiary,no,2817,yes,no,cellular,4,0,unknown,0
53,retired,married,tertiary,no,-659,no,no,cellular,2,2,unknown,0
34,blue-collar,married,secondary,no,-2574,yes,no,telephone,4,1,unknown,0
48,services,divorced,secondary,no,5705,yes,yes,unknown,4,1,unknown,0
31,services,single,secondary,no,-1765,no,no,unknown,7,1,unknown,0
31,technician,married,secondary,no,3979,yes,no,cellular,5,1,unknown,1
57,unknown,married,tertiary,no,2695,no,no,cellular,4,1,unknown,0
45,blue-collar,married,secondary,no,-3135,yes,yes,cellular,2,1,unknown,0
54,entrepreneur,married,secondary,no,-3249,yes,yes,cellular,3,5,success,1
62,retired,divorced,primary,no,852,yes,no,cellular,1,1,other,0
45,technician,married,secondary,no,74,no,no,unknown,3,0,unknown,0
51,blue-collar,divorced,primary,no,802,yes,no,cellular,5,8,failure,0
33,blue-collar,divorced,secondary,no,2954,yes,no,cellular,3,1,unknown,0
32,admin.,single,tertiary,no,2927,yes,no,cellular,3,1,unknown,0
44,unemployed,married,secondary,no,-2309,yes,no,unknown,1,0,unknown,1
32,technician,single,tertiary,yes,3904,yes,no,unknown,3,2,unknown,0
28,blue-collar,married,secondary,no,107,yes,no,cellular,5,5,failure,0
36,housemaid,married,secondary,no,15089,no,no,cellular,5,1,unknown,0
46,management,married,secondary,no,-2187,yes,no,unknown,3,2,unknown,0
25,technician,single,tertiary,no,5916,yes,no,cellular,6,1,unknown,0
50,admin.,divorced,tertiary,no,-1926,yes,no,unknown,11,1,unknown,1
79,retired,divorced,tertiary,no,6229,no,no,cellular,2,1,unknown,0
39,blue-collar,single,primary,no,741,yes,no,unknown,5,1,unknown,0
45,management,married,tertiary,no,-1392,yes,no,cellular,2,7,success,0
30,blue-collar,married,secondary,no,6143,no,yes,cellular,4,3,failure,0
59,blue-collar,married,secondary,no,-2489,yes,yes,unknown,3,0,unknown,0
47,blue-collar,married,primary,no,-2797,yes,no,cellular,2,2,unknown,0
35,entrepreneur,divorced,secondary,no,3473,no,no,cellular,7,1,unknown,0
36,admin.,married,secondary,no,-46,no,no,cellular,6,4,failure,0
33,management,single,tertiary,no,56,yes,no,cellular,10,2,unknown,1
44,unemployed,married,secondary,no,-2338,yes,yes,cellular,3,2,unknown,0
46,management,divorced,tertiary,no,4016,yes,no,cellular,5,1,unknown,0
37,blue-collar,married,secondary,no,-3218,yes,no,unknown,4,1,unknown,0
48,management,married,tertiary,no,2531,yes,no,cellular,3,1,unknown,0
28,management,married,tertiary,no,-2990,no,no,telephone,5,6,failure,0
43,entrepreneur,divorced,primary,no,6285,no,no,cellular,5,4,failure,0
40,blue-collar,married,secondary,no,308,yes,no,unknown,3,1,unknown,0
49,services,married,secondary,no,7529,no,no,cellular,5,1,unknown,0
38,blue-collar,married,primary,no,1934,no,no,cellular,3,1,unknown,0
52,management,married,tertiary,no,936,yes,no,unknown,2,2,unknown,0
27,student,single,unknown,no,1915,no,no,cellular,5,1,unknown,0
35,blue-collar,married,secondary,no,-2815,no,no,unknown,10,1,unknown,0
37,technician,married,secondary,no,-1129,yes,no,unknown,2,1,unknown,0
34,management,married,tertiary,no,-1269,yes,no,unknown,4,1,unknown,0
38,services,married,unknown,no,274,yes,no,cellular,7,1,unknown,0
27,blue-collar,single,primary,no,-192,yes,no,cellular,10,1,unknown,0
23,technician,married,tertiary,no,-2509,no,no,telephone,2,1,unknown,0
35,blue-collar,single,primary,no,-2355,yes,no,cellular,6,2,unknown,0
73,blue-collar,married,primary,no,-2860,yes,yes,cellular,25,0,failure,0
26,technician,single,secondary,no,-2904,no,no,cellular,3,1,unknown,0
53,retired,married,unknown,no,1508,no,no,cellular,5,0,unknown,0
35,blue-collar,married,secondary,no,3867,yes,no,cellular,3,2,unknown,0
21,services,single,secondary,no,1109,no,yes,cellular,4,0,failure,0
52,unemployed,married,tertiary,no,-1841,no,no,cellular,5,2,unknown,0
57,housemaid,married,primary,no,1238,yes,no,unknown,1,2,unknown,0
26,admin.,single,secondary,no,375,no,no,cellular,11,1,unknown,0
37,blue-collar,married,secondary,no,-1203,yes,yes,unknown,3,0,unknown,0
27,blue-collar,single,secondary,no,17577,yes,no,unknown,4,1,unknown,0
42,self-employed,married,tertiary,no,-1354,yes,no,unknown,10,1,unknown,0
31,entrepreneur,single,tertiary,no,13867,no,no,cellular,2,2,unknown,0
52,blue-collar,married,secondary,no,-2974,yes,yes,unknown,1,1,unknown,0
52,blue-collar,married,secondary,no,-1510,yes,no,unknown,1,0,unknown,0
55,blue-collar,divorced,secondary,no,3560,yes,no,unknown,1,2,unknown,0
55,blue-collar,married,primary,no,257,no,no,cellular,2,2,unknown,0
48,housemaid,married,tertiary,no,2119,no,no,cellular,6,1,unknown,0
21,blue-collar,single,secondary,no,337,yes,no,cellular,3,1,unknown,0
31,management,single,tertiary,no,6114,no,no,cellular,2,5,failure,0
42,admin.,single,secondary,no,-671,no,no,cellular,2,1,failure,0
77,retired,divorced,primary,no,480,yes,no,cellular,3,2,unknown,0
40,admin.,married,primary,no,-1015,yes,no,unknown,2,2,unknown,0
31,blue-collar,single,primary,no,525,no,yes,cellular,2,5,other,0
52,admin.,married,secondary,no,-3127,no,yes,cellular,3,2,unknown,0
54,blue-collar,married,primary,no,-426,no,no,cellular,3,2,unknown,0
30,blue-collar,married,unknown,no,-2453,yes,no,cellular,6,1,unknown,0
54,management,married,tertiary,no,252,no,no,cellular,3,2,unknown,0
39,technician,married,secondary,no,638,yes,no,cellular,1,4,failure,0
49,management,divorced,tertiary,no,3474,no,yes,cellular,1,1,unknown,1
54,blue-collar,divorced,secondary,no,3188,yes,no,unknown,9,1,unknown,0
31,services,single,secondary,no,3343,yes,no,unknown,4,2,unknown,1
36,admin.,married,secondary,no,1,yes,no,cellular,4,0,failure,0
50,technician,single,secondary,no,-1116,no,no,cellular,6,1,unknown,0
46,unknown,married,unknown,no,3001,no,no,unknown,2,1,unknown,0
33,technician,married,secondary,no,-2426,yes,no,telephone,2,1,unknown,0
46,services,married,secondary,no,-485,yes,no,unknown,3,0,unknown,0
46,blue-collar,single,primary,no,-2853,no,yes,cellular,11,0,other,0
49,retired,divorced,secondary,no,2742,no,yes,unknown,10,2,unknown,0
45,services,divorced,secondary,no,2238,yes,no,unknown,4,2,unknown,0
44,management,married,tertiary,no,3588,no,no,cellular,5,1,unknown,0
43,admin.,divorced,secondary,no,5522,yes,no,cellular,3,1,other,0
52,admin.,married,secondary,no,2920,yes,no,cellular,8,6,success,1
48,admin.,single,secondary,no,1882,yes,no,unknown,2,2,unknown,0
47,management,single,secondary,no,745,no,yes,cellular,4,1,failure,0
37,blue-collar,single,primary,no,-9,yes,no,cellular,5,2,unknown,0
26,services,single,secondary,no,2688,no,no,cellular,4,1,unknown,0
41,management,married,tertiary,no,7659,yes,no,cellular,5,1,unknown,0
46,services,married,secondary,no,11185,yes,yes,unknown,2,1,unknown,0
54,retired,married,secondary,no,3581,no,no,cellular,5,6,failure,0
46,admin.,divorced,secondary,no,-576,yes,no,cellular,4,2,unknown,0
29,management,married,tertiary,no,700,no,no,cellular,10,0,unknown,0
47,management,married,tertiary,no,-112,no,no,unknown,4,1,unknown,0
50,management,divorced,tertiary,no,3402,yes,no,cellular,2,1,unknown,0
31,technician,single,secondary,no,3049,no,no,cellular,3,0,unknown,0
35,management,divorced,tertiary,no,-328,no,no,cellular,5,1,success,1
33,management,married,tertiary,no,-574,yes,yes,unknown,2,2,unknown,0
57,admin.,married,tertiary,no,-950,yes,no,unknown,6,2,unknown,0
57,blue-collar,married,secondary,no,1636,yes,no,cellular,4,0,unknown,0
38,admin.,divorced,secondary,no,1643,no,no,unknown,6,1,unknown,0
29,student,married,secondary,no,8763,yes,no,unknown,3,1,unknown,0
30,admin.,married,secondary,no,570,no,no,unknown,33,2,unknown,0
58,technician,married,secondary,no,1690,no,no,cellular,5,1,unknown,0
44,blue-collar,married,secondary,no,-3268,no,no,unknown,6,1,unknown,0
39,services,married,secondary,no,251,yes,no,unknown,1,0,unknown,0
34,services,single,secondary,no,1854,yes,no,cellular,5,1,unknown,0
51,management,married,tertiary,no,2122,no,no,cellular,6,0,unknown,0
57,retired,divorced,primary,no,2758,no,no,cellular,3,0,unknown,0
36,admin.,married,secondary,no,-1632,yes,yes,cellular,8,12,other,1
32,services,married,unknown,no,3590,no,no,cellular,2,1,unknown,0
36,admin.,divorced,secondary,no,3906,no,no,cellular,4,2,failure,0
48,technician,married,secondary,no,1310,yes,no,unknown,3,1,unknown,1
36,self-employed,single,secondary,no,2802,yes,no,unknown,3,1,unknown,0
29,management,single,tertiary,no,-1846,yes,no,unknown,2,1,unknown,0
36,entrepreneur,married,tertiary,no,-1913,no,no,cellular,5,3,failure,0
33,unemployed,married,secondary,no,-1693,no,no,cellular,1,1,unknown,0
53,technician,married,secondary,no,663,no,yes,unknown,6,0,unknown,0
30,blue-collar,married,secondary,no,3342,yes,no,unknown,7,0,unknown,0
44,blue-collar,divorced,secondary,no,-705,no,no,cellular,3,2,unknown,0
46,admin.,married,secondary,no,3641,yes,yes,unknown,2,1,unknown,0
38,services,divorced,secondary,no,2876,no,no,cellular,6,9,failure,0
28,management,single,tertiary,no,-2982,yes,no,unknown,1,2,unknown,0
35,technician,single,secondary,no,-3093,yes,yes,unknown,2,1,unknown,0
42,management,married,tertiary,no,4122,yes,no,cellular,1,1,unknown,0
38,entrepreneur,married,primary,no,411,yes,no,unknown,2,2,unknown,0
35,technician,single,tertiary,no,2489,no,no,cellular,3,3,success,0
39,management,married,tertiary,no,3105,no,no,cellular,4,1,unknown,0
49,housemaid,divorced,primary,no,-1050,no,no,cellular,5,2,unknown,0
42,blue-collar,married,unknown,no,-3200,yes,no,cellular,4,2,other,0
36,blue-collar,married,secondary,no,3143,yes,no,unknown,5,1,unknown,0
48,technician,married,secondary,no,3627,yes,no,telephone,3,0,unknown,0
32,blue-collar,married,secondary,no,-338,yes,no,cellular,5,1,unknown,0
46,blue-collar,married,primary,no,1611,no,no,cellular,2,1,unknown,0
42,services,married,secondary,no,-3227,yes,no,cellular,3,2,unknown,1
46,blue-collar,married,primary,no,3686,no,no,cellular,2,11,other,0
70,retired,married,secondary,no,1241,no,no,cellular,3,0,unknown,0
47,blue-collar,married,secondary,no,3971,yes,no,unknown,3,1,unknown,0
53,retired,married,secondary,no,1816,no,no,cellular,6,0,unknown,0
49,services,married,secondary,no,-635,no,no,cellular,5,0,unknown,0
36,blue-collar,divorced,tertiary,no,-1976,yes,no,unknown,18,1,unknown,0
58,management,divorced,tertiary,no,519,yes,yes,unknown,2,2,unknown,0
29,management,single,tertiary,no,3128,yes,no,unknown,5,2,unknown,0
61,blue-collar,married,secondary,no,666,yes,no,telephone,4,4,other,0
62,retired,divorced,primary,no,704,no,no,cellular,6,2,unknown,0
45,technician,married,tertiary,no,-1674,yes,no,unknown,6,0,unknown,0
34,entrepreneur,married,tertiary,no,-2217,yes,no,unknown,1,1,unknown,0
53,technician,married,secondary,no,-1539,no,no,cellular,5,1,unknown,0
45,blue-collar,married,secondary,no,-1047,yes,no,unknown,1,2,unknown,0
36,technician,divorced,secondary,no,203,yes,no,cellular,3,4,other,0
27,entrepreneur,single,secondary,no,3705,yes,no,unknown,2,0,unknown,0
53,blue-collar,married,secondary,no,-1290,yes,no,unknown,2,2,unknown,1
58,technician,married,secondary,no,-1612,yes,no,cellular,3,0,unknown,0
51,blue-collar,married,primary,no,2206,no,no,cellular,2,2,unknown,0
46,technician,married,tertiary,no,3675,yes,no,cellular,3,6,other,0
50,retired,divorced,primary,no,-1557,no,no,cellular,2,2,unknown,0
34,management,married,secondary,no,-1088,no,no,cellular,4,1,success,0
29,admin.,single,secondary,no,-224,yes,no,cellular,6,2,unknown,0
30,blue-collar,single,primary,no,-2860,no,no,cellular,1,2,unknown,0
33,technician,single,primary,no,-2622,yes,no,unknown,1,2,unknown,0
59,retired,married,secondary,no,796,yes,no,cellular,2,1,unknown,0
55,services,married,secondary,no,-1481,yes,no,unknown,2,2,unknown,0
33,technician,married,secondary,no,-1574,yes,no,unknown,6,2,unknown,1
38,management,single,tertiary,no,2688,yes,no,cellular,5,1,unknown,0
26,management,married,tertiary,no,276,no,no,unknown,3,2,unknown,0
26,blue-collar,single,secondary,yes,8339,no,no,unknown,6,0,unknown,0
57,blue-collar,married,primary,no,1574,no,no,cellular,1,2,unknown,0
36,management,married,primary,no,2219,no,no,cellular,1,0,unknown,0
45,management,divorced,tertiary,no,18449,no,no,cellular,2,2,unknown,0
44,entrepreneur,divorced,tertiary,no,3915,no,no,cellular,5,1,unknown,0
27,blue-collar,married,secondary,no,-2478,no,no,cellular,5,1,failure,0
46,technician,married,tertiary,no,2203,no,no,cellular,3,10,other,1
43,self-employed,married,tertiary,no,-3127,no,no,cellular,5,1,unknown,0
29,blue-collar,married,primary,no,-2425,no,no,telephone,3,1,unknown,0
28,management,single,tertiary,no,-1406,yes,no,cellular,4,2,unknown,0
45,unemployed,married,secondary,no,-2348,no,no,cellular,5,0,failure,0
34,blue-collar,divorced,secondary,no,-2178,yes,no,unknown,5,2,unknown,0
23,blue-collar,married,primary,no,-1574,no,no,unknown,9,1,unknown,0
33,housemaid,married,secondary,no,2739,yes,no,cellular,3,3,failure,0
39,management,married,tertiary,no,9997,no,no,cellular,2,5,success,1
39,unemployed,single,secondary,no,423,yes,yes,cellular,3,0,failure,1
57,management,divorced,unknown,no,783,yes,no,cellular,6,0,unknown,0
41,technician,married,secondary,no,2258,no,no,unknown,6,1,unknown,0
31,blue-collar,single,unknown,no,1089,no,no,cellular,15,7,failure,0
52,blue-collar,married,secondary,no,-2738,yes,no,unknown,9,2,unknown,0
38,blue-collar,single,primary,no,112,yes,no,unknown,1,2,unknown,0
39,blue-collar,single,secondary,no,-1803,yes,no,cellular,3,2,unknown,0
42,blue-collar,divorced,secondary,no,194,no,no,unknown,6,1,unknown,1
47,admin.,married,secondary,no,3970,yes,no,cellular,3,2,unknown,0
29,management,married,tertiary,no,-1846,yes,no,unknown,4,1,unknown,0
39,management,married,tertiary,no,-909,yes,yes,cellular,4,2,unknown,0
58,technician,married,secondary,no,1022,yes,no,telephone,4,0,unknown,0
54,unemployed,married,secondary,no,9048,no,no,unknown,4,1,unknown,0
36,management,married,tertiary,yes,6414,yes,no,cellular,3,2,unknown,1
35,management,married,secondary,no,-371,no,no,cellular,3,0,unknown,0
27,student,single,unknown,no,402,no,no,cellular,6,1,unknown,0
51,technician,married,tertiary,no,3614,yes,no,unknown,3,2,unknown,0
37,blue-collar,single,secondary,no,-2943,no,no,unknown,4,0,unknown,0
55,housemaid,married,primary,no,3320,yes,yes,unknown,6,2,unknown,1
42,blue-collar,divorced,primary,no,837,yes,no,cellular,2,2,unknown,0
57,housemaid,married,primary,no,3513,no,no,cellular,2,1,unknown,0
51,management,married,tertiary,no,-405,yes,no,cellular,1,1,unknown,0
56,blue-collar,married,secondary,no,1532,yes,no,telephone,2,2,unknown,0
33,services,married,secondary,no,-3140,yes,no,unknown,2,2,unknown,1
60,retired,single,unknown,no,-1656,no,no,telephone,3,1,unknown,1
60,self-employed,married,tertiary,no,1521,no,no,cellular,1,2,unknown,0
51,management,married,secondary,no,-858,yes,yes,cellular,5,0,unknown,0
29,services,married,secondary,no,545,no,no,cellular,4,2,unknown,0
43,management,divorced,tertiary,no,4010,yes,no,cellular,4,1,unknown,0
35,management,married,tertiary,no,862,no,no,cellular,6,2,unknown,0
48,blue-collar,married,secondary,no,1672,no,no,cellular,2,2,unknown,0
54,admin.,married,tertiary,no,890,no,no,cellular,13,1,failure,1
32,services,single,secondary,no,-1433,no,no,cellular,6,1,unknown,1
36,unemployed,married,tertiary,no,4033,no,no,cellular,5,2,unknown,0
53,services,married,secondary,no,-480,yes,no,cellular,5,1,unknown,0
30,management,married,tertiary,no,-3136,no,no,unknown,2,1,unknown,0
36,management,married,tertiary,no,-145,yes,no,unknown,5,1,unknown,0
30,admin.,single,secondary,no,-224,no,no,cellular,1,1,unknown,0
51,management,single,tertiary,no,-1777,yes,yes,cellular,2,1,unknown,0
43,admin.,divorced,secondary,no,-126,yes,no,cellular,4,1,unknown,0
45,management,married,unknown,no,-2772,yes,no,unknown,1,1,unknown,0
59,housemaid,married,secondary,no,3697,yes,no,cellular,2,2,unknown,0
42,management,married,primary,no,567,yes,no,cellular,11,4,failure,0
30,blue-collar,divorced,primary,no,-1178,no,no,unknown,3,1,unknown,0
48,entrepreneur,married,tertiary,no,769,yes,no,cellular,2,1,unknown,0
42,technician,married,tertiary,yes,1093,yes,no,unknown,5,2,unknown,0
28,blue-collar,single,primary,no,-413,no,no,unknown,2,1,unknown,0
30,blue-collar,single,unknown,no,2717,no,no,cellular,5,0,unknown,0
35,management,married,tertiary,no,79,no,no,cellular,3,6,success,1
48,blue-collar,married,primary,no,3562,yes,no,unknown,7,1,unknown,0
45,management,married,tertiary,no,2397,yes,no,cellular,5,2,success,0
31,self-employed,single,secondary,no,1848,no,no,cellular,2,0,failure,0
37,unemployed,divorced,primary,no,-2101,yes,no,cellular,6,1,unknown,1
51,admin.,single,unknown,yes,16832,yes,no,cellular,1,0,unknown,0
48,admin.,divorced,unknown,no,3984,yes,no,cellular,1,0,unknown,0
30,technician,married,unknown,no,2745,no,no,unknown,7,1,unknown,0
27,blue-collar,married,secondary,no,-2986,yes,no,unknown,6,0,unknown,0
41,management,married,tertiary,no,-1200,no,no,cellular,2,0,unknown,1
26,technician,single,secondary,no,-3299,yes,yes,cellular,2,1,unknown,0
44,housemaid,divorced,secondary,no,1641,no,no,cellular,3,1,unknown,0
32,student,single,tertiary,no,10741,yes,no,cellular,1,1,unknown,0
28,blue-collar,single,secondary,no,1801,no,no,cellular,4,2,unknown,0
35,management,married,tertiary,no,1633,yes,yes,cellular,3,2,failure,0
26,technician,divorced,tertiary,no,727,no,no,cellular,5,2,unknown,0
33,technician,married,secondary,no,2127,yes,no,cellular,5,1,unknown,0
37,management,single,tertiary,no,760,yes,no,cellular,4,0,unknown,0
45,self-employed,divorced,primary,no,2640,no,yes,cellular,4,0,unknown,0
53,services,divorced,secondary,no,-2152,no,no,cellular,6,1,unknown,0
34,blue-collar,married,primary,no,193,yes,no,unknown,3,1,unknown,1
84,retired,divorced,tertiary,no,1375,no,no,cellular,6,2,failure,0
47,technician,married,primary,no,-2802,no,no,cellular,4,9,success,1
52,management,married,tertiary,no,877,yes,no,cellular,1,1,unknown,1
28,technician,single,secondary,no,3506,no,no,cellular,2,1,unknown,1
56,retired,divorced,primary,no,-2661,no,yes,unknown,5,1,unknown,1
34,management,single,tertiary,no,9606,yes,no,cellular,6,0,unknown,0
48,services,divorced,secondary,no,2043,yes,no,cellular,1,2,unknown,0
29,blue-collar,married,secondary,no,3316,yes,no,telephone,2,1,unknown,0
48,blue-collar,married,primary,no,3887,no,no,cellular,5,1,unknown,0
37,services,married,secondary,no,1436,yes,no,cellular,5,0,unknown,0
39,technician,married,secondary,no,1139,yes,no,cellular,2,2,unknown,0
57,management,divorced,tertiary,no,222,yes,no,cellular,3,6,other,0
31,blue-collar,single,secondary,no,-34,no,no,telephone,4,2,unknown,0
35,technician,married,secondary,no,1170,yes,no,cellular,4,0,unknown,0
34,blue-collar,married,secondary,no,14104,yes,no,cellular,3,1,unknown,0
33,management,single,tertiary,no,2636,no,no,cellular,4,1,unknown,0
33,admin.,divorced,secondary,no,758,no,no,cellular,6,2,unknown,0
58,management,married,tertiary,no,-73,no,no,unknown,10,1,unknown,0
50,blue-collar,divorced,secondary,no,525,yes,no,cellular,2,0,unknown,1
53,services,married,secondary,no,1970,no,no,cellular,6,2,unknown,0
35,management,married,tertiary,no,2916,no,no,telephone,2,2,unknown,0
30,services,single,secondary,no,2759,yes,no,unknown,3,1,unknown,0
35,technician,married,secondary,no,1969,yes,no,unknown,3,1,unknown,0
26,management,divorced,secondary,no,-1493,no,yes,cellular,10,1,unknown,0
49,technician,married,secondary,no,-3311,yes,no,unknown,1,1,unknown,0
41,services,married,secondary,no,-2414,no,no,cellular,5,1,unknown,0
52,blue-collar,married,primary,no,-2685,no,no,cellular,5,1,unknown,0
28,blue-collar,single,primary,no,7915,yes,yes,unknown,3,1,unknown,0
39,blue-collar,married,secondary,no,-2738,yes,no,unknown,3,2,unknown,0
45,services,single,secondary,no,213,yes,no,unknown,5,0,unknown,0
56,retired,divorced,secondary,no,2319,no,no,cellular,5,1,unknown,0
33,blue-collar,divorced,primary,no,-32,yes,no,cellular,4,0,unknown,0
31,technician,single,secondary,no,3193,yes,no,cellular,1,2,unknown,0
53,entrepreneur,married,unknown,no,-634,yes,no,unknown,3,2,unknown,0
50,blue-collar,divorced,secondary,no,298,yes,no,cellular,3,1,unknown,0
33,services,married,secondary,no,6111,no,no,unknown,3,2,unknown,0
53,admin.,single,secondary,no,-2338,yes,yes,unknown,5,0,unknown,0
28,management,single,tertiary,no,991,no,no,telephone,12,2,unknown,0
47,services,married,secondary,no,-2390,yes,no,unknown,6,2,unknown,0
39,technician,divorced,secondary,no,-2212,yes,no,unknown,3,0,unknown,0
43,management,single,tertiary,no,-1151,no,no,unknown,5,0,unknown,0
32,technician,single,secondary,no,2112,no,no,cellular,4,2,success,1
39,housemaid,married,primary,no,3979,yes,no,unknown,5,2,unknown,0
31,blue-collar,married,primary,no,-1695,yes,no,telephone,5,2,unknown,0
50,blue-collar,married,secondary,no,-1520,yes,no,unknown,2,2,unknown,0
49,blue-collar,divorced,unknown,no,18811,yes,no,unknown,43,2,unknown,0
38,management,single,tertiary,no,1012,yes,yes,unknown,3,1,unknown,1
30,blue-collar,married,primary,no,2622,yes,no,cellular,6,2,unknown,0
47,housemaid,married,unknown,no,4131,yes,no,cellular,2,9,failure,0
29,blue-collar,single,primary,no,1601,yes,yes,unknown,1,1,unknown,0
49,technician,divorced,secondary,no,-1470,yes,yes,cellular,2,1,unknown,0
43,unemployed,married,tertiary,no,4001,yes,yes,cellular,1,2,unknown,0
30,blue-collar,single,secondary,no,3336,yes,no,cellular,2,2,unknown,0
24,entrepreneur,single,tertiary,no,-3292,no,no,telephone,3,2,unknown,0
36,technician,divorced,primary,no,3898,yes,no,unknown,9,2,unknown,0
38,blue-collar,divorced,unknown,no,1518,yes,no,unknown,3,1,unknown,0
51,unemployed,married,secondary,no,-1584,yes,yes,unknown,1,0,unknown,0
20,technician,single,secondary,no,220,yes,yes,unknown,2,1,unknown,0
33,technician,married,tertiary,no,-1067,no,no,unknown,1,1,unknown,0
33,technician,single,secondary,no,2460,yes,yes,cellular,4,1,unknown,0
33,blue-collar,married,secondary,no,-334,yes,no,unknown,2,0,unknown,0
52,management,single,tertiary,no,-2674,no,no,telephone,4,1,unknown,0
55,blue-collar,married,primary,no,3312,no,no,telephone,8,2,success,0
42,management,married,secondary,no,-846,no,yes,cellular,5,0,unknown,0
29,admin.,single,secondary,no,-2016,yes,no,cellular,3,2,unknown,0
29,technician,single,secondary,no,1899,yes,no,cellular,2,2,unknown,0
54,admin.,married,secondary,no,-2342,no,no,cellular,5,1,failure,0
24,admin.,single,secondary,no,1195,no,no,cellular,3,3,failure,0
41,technician,divorced,secondary,no,-1,yes,yes,unknown,4,0,unknown,1
45,blue-collar,married,secondary,no,-2408,no,no,cellular,10,2,unknown,0
38,blue-collar,divorced,primary,no,3801,yes,no,cellular,1,2,unknown,0
53,blue-collar,married,secondary,no,1853,yes,no,unknown,3,2,unknown,0
29,technician,single,secondary,no,-2897,yes,no,cellular,3,0,success,1
26,admin.,single,secondary,no,3389,yes,no,telephone,2,2,unknown,0
25,admin.,married,secondary,no,1492,yes,no,cellular,1,0,unknown,0
40,services,married,secondary,no,2817,yes,no,unknown,3,2,unknown,0
34,blue-collar,single,secondary,no,2438,yes,no,telephone,5,1,unknown,0
44,management,single,tertiary,no,-2045,no,yes,telephone,6,1,failure,0
36,management,married,tertiary,no,6477,yes,no,unknown,5,1,unknown,0
37,technician,divorced,tertiary,no,-2029,yes,no,cellular,5,2,unknown,0
22,unemployed,single,secondary,no,2730,yes,no,cellular,2,1,unknown,0
56,management,married,tertiary,no,3745,yes,no,unknown,1,2,unknown,0
34,technician,single,secondary,no,959,yes,no,cellular,4,1,unknown,0
42,technician,married,secondary,no,1648,yes,no,unknown,6,1,unknown,0
34,technician,married,secondary,no,3962,no,no,cellular,6,2,success,0
37,technician,divorced,secondary,no,568,yes,no,cellular,3,2,unknown,0
40,management,married,tertiary,no,-30,no,no,cellular,3,2,unknown,1
47,technician,single,secondary,no,-1220,no,no,cellular,10,0,unknown,1
47,blue-collar,married,primary,no,4033,yes,no,unknown,5,0,unknown,0
43,entrepreneur,married,secondary,no,-2403,yes,no,cellular,5,0,unknown,0
50,blue-collar,married,secondary,no,-1895,no,no,cellular,5,20,failure,0
26,blue-collar,married,secondary,no,3028,yes,yes,unknown,1,0,unknown,0
59,blue-collar,married,primary,no,-3112,yes,no,cellular,4,1,unknown,0
58,management,single,tertiary,no,-1837,yes,no,cellular,25,0,failure,0
55,admin.,married,secondary,no,627,no,no,cellular,3,2,unknown,0
47,management,married,tertiary,no,-1550,yes,yes,cellular,1,0,unknown,0
38,unemployed,divorced,tertiary,no,-448,no,no,unknown,5,1,unknown,0
39,blue-collar,married,secondary,no,4326,yes,no,cellular,5,2,success,1
47,self-employed,married,secondary,no,1669,no,no,unknown,26,2,unknown,0
44,blue-collar,married,primary,no,-2757,yes,no,cellular,4,0,unknown,0
71,retired,married,primary,no,13744,yes,no,unknown,2,2,unknown,0
45,admin.,single,secondary,no,4895,yes,no,unknown,4,2,unknown,0
27,services,single,secondary,no,1870,yes,no,unknown,3,2,unknown,0
40,blue-collar,married,secondary,no,-1693,yes,no,cellular,5,1,success,0
34,housemaid,single,primary,no,818,yes,no,cellular,5,2,unknown,0
47,management,married,secondary,no,-3065,yes,yes,unknown,12,1,unknown,0
52,management,divorced,tertiary,yes,905,yes,no,cellular,4,2,unknown,0
45,technician,divorced,tertiary,no,-762,no,no,cellular,2,2,failure,0
36,management,married,tertiary,no,3452,yes,no,cellular,2,1,unknown,0
33,technician,married,secondary,no,-1870,no,no,cellular,4,1,unknown,0
75,retired,divorced,primary,no,-1105,no,no,cellular,3,2,unknown,0
34,admin.,married,primary,no,3159,yes,no,cellular,10,1,unknown,1
84,retired,married,primary,no,-2858,no,yes,unknown,6,2,unknown,0
37,admin.,single,secondary,yes,342,yes,no,cellular,5,1,unknown,0
38,technician,married,secondary,no,303,no,no,telephone,3,1,unknown,0
55,management,married,tertiary,no,-1145,no,no,cellular,2,1,unknown,0
82,retired,married,tertiary,no,-2061,yes,yes,cellular,3,2,unknown,0
36,unemployed,married,primary,no,403,yes,no,cellular,1,0,unknown,0
62,retired,married,primary,no,-3094,no,no,cellular,4,2,unknown,0
49,management,married,secondary,no,-3242,yes,no,cellular,5,0,unknown,0
37,admin.,married,secondary,no,-1182,yes,no,cellular,1,2,unknown,0
37,blue-collar,single,primary,no,-499,no,no,cellular,6,1,unknown,0
35,technician,married,tertiary,no,6060,no,no,unknown,1,1,unknown,0
36,management,single,tertiary,no,1980,yes,no,cellular,6,2,unknown,0
27,technician,single,secondary,no,-218,no,no,cellular,3,2,failure,0
53,blue-collar,married,secondary,no,1223,yes,yes,unknown,2,0,unknown,1
28,technician,married,secondary,no,1082,yes,yes,cellular,6,1,unknown,0
55,technician,married,secondary,no,1983,yes,yes,cellular,3,1,unknown,0
53,management,married,tertiary,no,3630,no,no,unknown,3,1,unknown,0
46,management,single,primary,no,868,no,no,cellular,6,2,unknown,0
42,technician,married,secondary,no,1859,yes,no,telephone,6,5,failure,0
32,management,married,tertiary,no,834,yes,no,unknown,1,2,unknown,0
45,management,divorced,tertiary,no,-2745,yes,no,unknown,4,0,unknown,0
39,self-employed,single,tertiary,no,2902,yes,no,unknown,1,0,unknown,0
35,self-employed,married,tertiary,no,627,no,no,unknown,4,1,unknown,0
42,entrepreneur,married,tertiary,no,-3019,no,no,cellular,3,1,unknown,1
28,blue-collar,single,primary,no,2222,yes,no,unknown,5,2,unknown,0
33,technician,single,secondary,no,422,no,no,cellular,5,1,unknown,0
43,blue-collar,married,secondary,no,3745,no,no,unknown,4,0,unknown,0
51,management,married,tertiary,no,7245,yes,no,cellular,5,1,unknown,0
28,technician,married,secondary,no,197,no,no,telephone,3,1,unknown,0
47,technician,married,secondary,no,3361,no,no,cellular,3,2,unknown,0
26,student,married,unknown,no,3602,no,no,cellular,1,1,unknown,0
26,technician,married,secondary,no,2426,no,yes,cellular,3,2,unknown,0
38,services,married,secondary,no,7449,yes,no,cellular,5,2,unknown,0
41,admin.,married,secondary,no,-100,yes,no,unknown,1,1,unknown,0
57,technician,married,secondary,no,2170,no,no,cellular,2,1,unknown,0
24,admin.,single,secondary,no,3372,yes,no,unknown,6,2,unknown,0
53,housemaid,married,tertiary,no,99,no,no,cellular,3,5,failure,0
34,technician,single,secondary,no,9370,yes,no,cellular,6,1,unknown,0
48,management,married,primary,no,8320,yes,no,cellular,4,2,unknown,0
44,management,married,tertiary,no,796,no,no,unknown,2,0,unknown,0
31,student,single,secondary,no,-1720,no,no,telephone,2,1,unknown,0
41,management,married,tertiary,no,-1213,yes,no,telephone,5,3,other,0
29,admin.,married,secondary,no,-1412,no,no,cellular,4,2,unknown,0
55,retired,married,primary,no,4019,no,no,cellular,2,1,failure,1
42,technician,married,tertiary,no,-3121,yes,no,cellular,4,1,unknown,0
51,blue-collar,single,primary,no,-1681,no,no,cellular,4,1,unknown,0
34,management,married,tertiary,no,-1798,no,no,cellular,4,5,success,0
45,management,married,tertiary,no,10215,no,no,cellular,5,0,unknown,0
52,self-employed,married,secondary,no,1688,no,no,cellular,3,2,unknown,0
36,technician,single,secondary,no,-1016,yes,no,cellular,6,4,failure,0
32,admin.,married,unknown,no,-2518,yes,no,cellular,9,2,unknown,0
32,technician,married,secondary,no,1701,yes,no,cellular,4,2,unknown,0
60,housemaid,divorced,unknown,no,2248,no,no,cellular,6,0,unknown,0
52,blue-collar,married,unknown,no,1467,yes,no,cellular,4,2,unknown,1
27,blue-collar,single,secondary,no,2012,no,yes,cellular,4,1,unknown,0
58,management,married,tertiary,no,1144,no,no,cellular,1,1,unknown,0
47,blue-collar,married,primary,no,-3092,yes,yes,cellular,1,0,unknown,0
28,management,single,tertiary,no,2611,no,no,unknown,10,0,unknown,0
49,services,married,secondary,no,3176,no,no,cellular,4,7,failure,0
38,admin.,married,secondary,no,-2066,yes,no,cellular,3,2,failure,0
57,blue-collar,married,primary,no,-460,no,yes,cellular,2,2,unknown,0
27,blue-collar,single,primary,no,4015,yes,no,cellular,7,3,other,1
59,technician,married,secondary,no,3962,no,no,cellular,3,2,unknown,0
52,technician,married,primary,no,2773,no,no,cellular,3,0,other,0
36,management,married,tertiary,no,2967,no,no,cellular,4,24,failure,0
26,technician,single,secondary,no,-2142,yes,no,unknown,2,2,unknown,0
48,blue-collar,single,primary,no,3207,yes,no,unknown,2,1,unknown,1
54,housemaid,married,secondary,no,2816,no,no,cellular,3,2,unknown,0
35,admin.,married,secondary,no,-1823,no,no,cellular,1,0,unknown,0
45,blue-collar,married,secondary,no,3482,yes,no,unknown,4,1,unknown,0
50,technician,married,secondary,no,10197,yes,yes,cellular,5,0,success,1
38,services,married,tertiary,no,3511,yes,no,unknown,5,1,unknown,0
53,unemployed,married,secondary,no,3378,no,no,cellular,4,2,failure,0
41,blue-collar,married,secondary,no,-2621,yes,no,cellular,2,0,unknown,0
37,technician,single,secondary,no,-2050,yes,no,cellular,5,1,unknown,0
55,self-employed,married,tertiary,no,2691,yes,no,cellular,4,0,unknown,0
54,blue-collar,divorced,primary,no,-2023,no,no,cellular,5,4,failure,0
26,services,single,unknown,no,6731,no,no,cellular,2,5,failure,0
33,technician,married,secondary,no,2565,yes,yes,unknown,1,1,unknown,0
49,admin.,married,secondary,no,2873,no,no,cellular,2,0,failure,1
36,management,married,tertiary,no,-337,yes,no,unknown,1,1,unknown,0
55,services,divorced,secondary,no,7212,yes,yes,unknown,4,1,unknown,0
36,services,married,secondary,no,1872,yes,no,unknown,4,2,unknown,0
28,management,single,tertiary,no,4105,yes,no,cellular,5,2,unknown,0
46,management,single,tertiary,no,1366,no,no,cellular,4,0,unknown,0
30,blue-collar,single,secondary,no,-729,yes,no,cellular,3,0,unknown,0
28,services,single,secondary,no,5926,no,yes,telephone,1,2,unknown,0
56,admin.,married,secondary,no,-1918,yes,no,unknown,5,1,unknown,0
75,retired,divorced,tertiary,no,1242,no,no,cellular,3,1,unknown,0
34,self-employed,married,tertiary,no,9501,yes,yes,cellular,1,2,unknown,0
46,management,married,tertiary,no,-1656,no,no,telephone,4,2,failure,0
28,entrepreneur,single,tertiary,no,2230,no,no,cellular,5,0,unknown,0
28,admin.,single,secondary,no,1191,no,no,cellular,1,4,success,1
53,management,married,tertiary,no,953,yes,no,unknown,4,1,unknown,0
79,retired,married,primary,no,608,no,yes,cellular,4,18,failure,1
