age,job,marital,education,default,balance,housing,loan,contact,campaign,previous,poutcome,y
39,technician,single,secondary,no,70,no,no,cellular,2,0,failure,1
31,management,married,unknown,no,973,no,no,cellular,3,0,unknown,1
29,management,married,secondary,no,517,no,no,cellular,1,0,unknown,0
36,technician,married,secondary,no,2154,no,no,cellular,2,0,other,1
44,blue-collar,married,secondary,no,197,yes,no,cellular,1,0,failure,0
30,admin.,married,tertiary,no,-107,yes,no,cellular,3,0,unknown,0
26,blue-collar,single,secondary,no,-102,yes,no,cellular,3,0,unknown,0
65,management,married,tertiary,no,598,yes,no,cellular,3,0,unknown,1
36,admin.,married,secondary,no,2852,no,no,cellular,1,0,unknown,0
34,management,married,primary,no,225,no,no,cellular,3,0,unknown,0
32,retired,married,primary,no,6,yes,no,cellular,3,0,unknown,0
39,technician,single,tertiary,no,559,yes,no,cellular,2,0,unknown,0
36,blue-collar,divorced,tertiary,no,687,no,no,cellular,2,0,unknown,0
43,retired,single,secondary,no,143,yes,no,telephone,2,0,failure,0
53,technician,single,secondary,no,0,no,no,cellular,1,0,unknown,0
34,admin.,single,primary,no,150,yes,no,cellular,2,0,unknown,0
41,blue-collar,single,secondary,no,754,yes,no,unknown,2,0,unknown,1
33,management,married,secondary,no,782,yes,no,unknown,2,0,unknown,0
40,services,married,secondary,no,202,yes,no,cellular,10,0,unknown,0
35,technician,married,tertiary,no,58,yes,no,cellular,3,0,success,0
41,admin.,divorced,secondary,no,126,yes,no,cellular,2,1,unknown,0
52,management,married,secondary,no,-102,yes,no,unknown,1,0,unknown,0
31,technician,married,primary,no,6409,yes,no,cellular,2,0,unknown,0
45,blue-collar,married,tertiary,no,619,no,no,unknown,1,0,unknown,0
34,unemployed,single,tertiary,no,247,yes,yes,unknown,5,0,unknown,0
53,entrepreneur,married,secondary,no,744,no,no,unknown,1,0,success,0
75,retired,married,secondary,no,703,no,no,cellular,1,0,unknown,0
58,admin.,married,secondary,no,3,no,yes,cellular,2,0,unknown,1
36,management,married,secondary,no,-11,no,no,cellular,1,0,unknown,0
43,blue-collar,married,secondary,no,347,yes,no,telephone,1,0,unknown,0
38,blue-collar,married,tertiary,no,2159,no,no,cellular,2,1,failure,0
48,management,married,secondary,no,678,no,no,cellular,1,0,unknown,0
19,management,single,tertiary,no,0,yes,no,unknown,1,0,unknown,0
42,unemployed,married,tertiary,no,-141,yes,no,cellular,1,0,unknown,0
30,blue-collar,married,secondary,no,1580,yes,no,cellular,2,0,unknown,0
59,technician,married,secondary,no,2522,yes,yes,unknown,1,0,failure,0
41,technician,married,secondary,no,781,yes,no,unknown,2,0,unknown,0
43,entrepreneur,divorced,secondary,no,574,no,no,cellular,4,0,unknown,0
35,management,married,primary,no,624,no,no,telephone,3,0,unknown,0
28,blue-collar,single,tertiary,no,3073,no,no,cellular,1,0,unknown,0
36,admin.,single,secondary,no,132,no,no,cellular,2,0,unknown,0
31,entrepreneur,divorced,tertiary,no,1177,no,no,cellular,2,0,unknown,0
38,housemaid,married,secondary,no,3564,no,no,cellular,2,0,failure,0
33,technician,married,tertiary,no,970,yes,no,unknown,2,0,unknown,0
29,services,married,tertiary,no,353,yes,yes,unknown,1,0,unknown,0
31,admin.,married,unknown,no,7188,no,no,unknown,1,0,other,0
44,entrepreneur,married,tertiary,no,620,yes,no,cellular,1,0,unknown,0
34,blue-collar,divorced,secondary,no,209,no,yes,cellular,3,0,unknown,0
42,admin.,married,tertiary,no,14,yes,no,cellular,1,1,unknown,0
32,blue-collar,single,tertiary,no,501,no,no,cellular,3,0,failure,0
31,retired,single,secondary,no,-890,yes,no,unknown,2,0,unknown,0
49,management,divorced,secondary,no,0,yes,no,cellular,2,0,other,0
35,entrepreneur,married,secondary,no,603,yes,no,cellular,2,3,unknown,0
32,blue-collar,single,unknown,no,553,yes,no,cellular,2,0,unknown,0
84,blue-collar,divorced,secondary,no,5,no,no,telephone,2,0,unknown,1
43,housemaid,married,tertiary,no,655,no,no,cellular,1,0,unknown,0
38,self-employed,single,secondary,no,260,yes,yes,unknown,3,0,unknown,0
55,technician,divorced,secondary,no,852,no,no,unknown,2,0,other,0
44,technician,single,tertiary,no,3282,yes,no,unknown,1,3,unknown,0
47,blue-collar,married,unknown,no,0,no,no,unknown,2,0,unknown,0
28,blue-collar,married,primary,no,406,no,no,cellular,1,0,unknown,0
57,blue-collar,single,secondary,no,346,yes,no,unknown,1,0,unknown,1
33,student,married,tertiary,no,1988,yes,no,unknown,6,0,unknown,0
35,admin.,married,secondary,no,3639,yes,no,cellular,2,3,unknown,0
32,technician,married,secondary,no,1102,yes,yes,unknown,1,0,unknown,0
40,blue-collar,married,secondary,no,1222,no,no,cellular,2,0,unknown,1
31,technician,single,tertiary,no,137,no,no,unknown,2,0,unknown,1
50,technician,single,secondary,no,0,no,no,unknown,4,0,unknown,0
31,management,single,primary,no,0,no,no,cellular,2,0,unknown,0
38,technician,divorced,primary,no,2890,yes,no,cellular,2,0,unknown,0
33,management,married,secondary,no,178,no,yes,telephone,3,0,unknown,0
35,blue-collar,married,primary,no,4938,yes,no,cellular,4,0,other,0
25,retired,single,secondary,no,438,yes,no,cellular,2,0,unknown,0
43,entrepreneur,married,tertiary,no,3975,no,no,unknown,2,0,unknown,0
41,blue-collar,divorced,secondary,no,0,yes,no,cellular,1,0,unknown,0
60,technician,married,primary,no,654,no,no,cellular,2,0,unknown,0
40,management,married,secondary,no,2087,no,no,cellular,1,0,unknown,0
30,admin.,single,tertiary,no,4905,no,yes,cellular,1,0,unknown,0
42,admin.,single,primary,no,0,no,no,cellular,2,0,unknown,0
55,services,divorced,secondary,no,929,no,no,unknown,5,0,unknown,1
42,retired,married,primary,no,144,yes,yes,cellular,3,0,unknown,0
43,blue-collar,married,tertiary,no,3618,yes,no,cellular,1,1,failure,0
51,management,married,secondary,no,244,no,no,unknown,2,0,unknown,0
43,management,married,secondary,no,88,no,no,cellular,4,0,unknown,0
41,admin.,married,secondary,no,132,yes,no,cellular,1,0,failure,0
38,management,married,secondary,no,1410,yes,no,cellular,2,0,unknown,0
34,services,married,secondary,no,1354,yes,no,unknown,4,0,unknown,0
57,housemaid,married,secondary,no,629,no,no,unknown,1,0,unknown,0
52,management,single,secondary,no,226,yes,no,cellular,1,0,unknown,0
25,management,single,tertiary,no,852,yes,no,cellular,4,0,unknown,0
43,management,single,tertiary,no,173,yes,no,cellular,1,0,unknown,0
49,unknown,married,secondary,no,64,no,yes,telephone,1,0,other,0
34,technician,married,secondary,no,1920,yes,no,unknown,1,0,unknown,0
31,entrepreneur,married,secondary,no,-166,yes,yes,cellular,2,0,unknown,0
47,entrepreneur,divorced,primary,no,501,no,no,cellular,2,0,unknown,0
29,self-employed,married,secondary,no,3250,yes,no,cellular,1,0,unknown,0
33,unknown,married,tertiary,no,712,no,no,cellular,1,0,unknown,1
30,management,married,tertiary,no,5358,yes,yes,cellular,2,0,unknown,0
46,services,single,secondary,no,790,no,no,cellular,1,0,unknown,0
30,blue-collar,single,secondary,no,385,no,no,cellular,2,0,unknown,0
32,technician,married,tertiary,no,415,no,no,cellular,3,0,unknown,0
50,management,single,primary,no,-469,yes,no,unknown,1,0,unknown,0
33,management,single,primary,no,174,no,no,unknown,2,0,unknown,0
45,admin.,married,secondary,no,180,yes,no,cellular,2,2,failure,0
29,admin.,married,tertiary,no,401,no,no,unknown,2,0,unknown,0
26,technician,married,tertiary,no,39,no,no,unknown,1,0,unknown,0
31,retired,single,unknown,no,429,no,no,cellular,10,2,unknown,0
31,admin.,married,primary,no,15,yes,no,cellular,1,0,unknown,0
56,management,married,unknown,no,2308,yes,no,unknown,2,0,unknown,0
31,blue-collar,married,secondary,no,-543,no,yes,cellular,1,0,unknown,0
37,blue-collar,divorced,primary,no,1904,no,no,cellular,1,0,failure,0
36,management,married,primary,no,26,yes,yes,cellular,14,0,other,0
28,services,single,unknown,no,305,yes,no,cellular,2,0,unknown,0
35,self-employed,married,tertiary,no,-1,yes,no,cellular,3,0,unknown,0
48,services,married,secondary,no,37,yes,no,unknown,1,0,unknown,0
56,blue-collar,divorced,tertiary,no,459,no,no,cellular,1,0,unknown,0
51,technician,married,tertiary,no,642,no,yes,telephone,16,0,unknown,0
52,management,married,primary,no,4550,no,no,cellular,2,0,failure,0
39,admin.,married,secondary,no,1711,no,no,cellular,2,0,unknown,0
33,blue-collar,single,tertiary,no,3675,no,no,cellular,2,0,success,0
41,technician,married,tertiary,no,7046,no,no,unknown,2,0,unknown,0
49,management,single,tertiary,no,203,no,yes,cellular,1,3,unknown,0
51,self-employed,single,tertiary,no,1043,yes,no,telephone,2,0,failure,0
41,blue-collar,single,secondary,no,781,yes,no,cellular,2,2,other,1
26,management,single,secondary,no,633,yes,no,cellular,2,0,unknown,0
72,blue-collar,married,secondary,no,6635,no,yes,cellular,1,0,unknown,0
57,management,married,secondary,no,72,no,no,unknown,1,0,unknown,0
43,services,single,tertiary,no,890,yes,no,cellular,1,0,unknown,0
52,admin.,single,primary,no,252,yes,no,unknown,4,0,success,0
42,entrepreneur,married,secondary,no,998,no,yes,cellular,2,0,unknown,0
23,blue-collar,single,secondary,no,-67,no,no,unknown,4,0,other,1
44,management,married,tertiary,no,2318,yes,no,cellular,2,7,unknown,0
31,admin.,single,tertiary,no,966,yes,yes,cellular,5,0,unknown,0
56,admin.,married,tertiary,no,14333,yes,no,cellular,3,0,unknown,0
60,student,single,primary,no,4,no,no,cellular,1,1,success,0
32,unemployed,married,tertiary,no,-195,yes,no,cellular,1,0,unknown,1
26,blue-collar,single,secondary,no,35,no,no,cellular,1,0,unknown,0
46,admin.,married,secondary,no,781,yes,no,unknown,2,0,unknown,0
54,management,married,tertiary,no,825,yes,yes,unknown,1,0,unknown,0
55,management,married,primary,no,119,no,no,cellular,3,0,unknown,0
40,retired,married,secondary,no,1910,yes,no,cellular,4,3,unknown,0
36,management,married,secondary,no,304,yes,no,cellular,2,0,unknown,1
29,blue-collar,single,primary,yes,156,yes,no,unknown,3,0,unknown,0
54,blue-collar,divorced,secondary,no,-846,yes,no,cellular,1,2,other,0
48,blue-collar,single,secondary,no,1548,no,no,cellular,1,0,success,1
29,services,married,unknown,no,952,yes,no,cellular,1,0,unknown,0
39,admin.,divorced,secondary,no,507,no,no,cellular,1,0,failure,1
59,blue-collar,married,secondary,no,6217,no,no,cellular,1,1,failure,0
29,technician,single,secondary,no,2,yes,no,telephone,4,0,unknown,1
43,technician,married,primary,no,6950,yes,no,unknown,2,0,unknown,0
54,management,married,secondary,no,307,yes,no,unknown,1,0,unknown,0
41,blue-collar,single,secondary,no,2817,yes,no,cellular,1,0,unknown,0
34,management,married,secondary,no,402,yes,no,unknown,2,0,unknown,0
61,retired,married,secondary,no,3327,yes,no,telephone,5,0,unknown,0
59,management,married,tertiary,no,1050,no,no,cellular,3,1,failure,0
39,retired,married,secondary,no,66,no,yes,unknown,2,0,unknown,0
51,blue-collar,divorced,secondary,no,11,yes,no,cellular,1,0,unknown,0
46,blue-collar,married,primary,no,1122,no,no,unknown,3,0,unknown,1
23,blue-collar,married,secondary,no,-589,yes,no,cellular,4,0,unknown,0
57,housemaid,divorced,tertiary,no,0,no,no,telephone,3,0,unknown,1
30,management,married,secondary,no,2576,no,no,telephone,2,2,unknown,0
48,retired,married,primary,no,2,no,no,telephone,2,0,unknown,0
35,retired,married,secondary,no,648,yes,no,cellular,1,1,failure,0
34,admin.,married,primary,no,3908,no,no,cellular,1,0,unknown,0
49,unemployed,married,secondary,no,7075,yes,no,unknown,1,0,unknown,1
41,services,married,secondary,no,13673,yes,no,unknown,4,0,unknown,0
32,blue-collar,married,secondary,no,656,yes,yes,cellular,1,0,unknown,1
38,unknown,single,secondary,no,1045,no,no,cellular,1,0,unknown,0
28,technician,single,unknown,no,3434,no,no,cellular,6,1,failure,0
67,admin.,divorced,primary,no,-382,yes,no,unknown,10,0,unknown,0
55,entrepreneur,married,secondary,no,1439,no,yes,cellular,3,0,unknown,0
37,services,married,secondary,no,2138,yes,no,cellular,3,0,unknown,0
38,technician,married,secondary,no,719,no,yes,cellular,1,0,unknown,0
57,management,married,secondary,no,812,yes,yes,unknown,4,0,unknown,0
33,blue-collar,single,tertiary,no,7736,yes,no,cellular,2,0,unknown,0
47,unknown,married,secondary,no,528,yes,no,cellular,1,0,unknown,0
38,technician,single,tertiary,no,2419,yes,no,cellular,1,0,unknown,0
31,admin.,married,secondary,no,304,yes,no,unknown,2,0,unknown,0
28,admin.,single,secondary,no,0,yes,yes,unknown,3,0,unknown,0
53,management,married,secondary,no,205,yes,no,cellular,2,4,failure,0
22,admin.,single,primary,no,139,yes,no,cellular,4,0,unknown,0
49,services,married,secondary,no,15673,no,no,cellular,1,0,unknown,0
33,blue-collar,single,tertiary,no,201,no,no,unknown,1,0,unknown,0
30,self-employed,married,tertiary,no,5563,yes,no,telephone,2,0,success,1
31,admin.,divorced,primary,no,-373,yes,no,unknown,2,0,unknown,1
50,self-employed,divorced,primary,no,0,yes,no,telephone,3,0,other,0
41,student,married,tertiary,no,45,yes,no,unknown,2,0,unknown,0
43,self-employed,single,secondary,no,2003,yes,no,cellular,2,0,unknown,0
54,services,married,secondary,no,0,no,no,cellular,1,1,unknown,0
60,technician,married,secondary,no,-114,no,no,cellular,1,0,unknown,0
32,technician,divorced,tertiary,no,1473,yes,no,cellular,2,0,unknown,0
51,management,single,secondary,no,745,no,no,unknown,7,0,unknown,0
48,entrepreneur,married,tertiary,no,100,no,yes,cellular,1,0,unknown,1
43,management,married,secondary,no,361,yes,yes,unknown,4,0,unknown,0
57,self-employed,single,secondary,no,94,no,no,unknown,1,0,unknown,0
32,management,married,tertiary,no,11541,no,no,cellular,1,7,failure,0
52,blue-collar,married,secondary,no,15,no,no,unknown,1,0,unknown,0
40,blue-collar,married,unknown,no,2500,no,no,cellular,4,2,failure,0
46,technician,married,tertiary,no,13588,no,no,unknown,2,0,unknown,0
34,management,married,secondary,no,2893,no,no,cellular,2,1,failure,0
44,admin.,married,secondary,no,0,yes,no,unknown,8,0,unknown,0
45,management,single,primary,no,2007,yes,yes,cellular,4,0,unknown,0
33,technician,married,tertiary,no,353,yes,no,cellular,15,0,unknown,0
28,blue-collar,single,secondary,no,1394,yes,no,cellular,3,0,unknown,0
49,management,divorced,secondary,no,2497,yes,no,unknown,1,0,unknown,0
37,admin.,single,tertiary,no,318,yes,no,unknown,1,0,unknown,0
48,technician,single,secondary,no,1021,no,no,cellular,2,0,unknown,0
39,management,married,secondary,no,263,no,no,cellular,11,0,unknown,0
38,services,divorced,secondary,no,0,no,no,cellular,5,0,unknown,0
54,management,married,secondary,no,20,no,no,unknown,4,0,unknown,0
52,management,married,tertiary,no,904,no,no,unknown,2,0,unknown,0
53,management,single,secondary,no,89,yes,no,telephone,1,0,unknown,0
29,technician,single,tertiary,no,2020,yes,no,cellular,13,0,unknown,0
29,entrepreneur,single,secondary,no,0,no,no,cellular,2,0,unknown,0
56,blue-collar,married,unknown,no,1337,no,no,cellular,1,0,unknown,0
37,management,divorced,tertiary,yes,314,yes,no,cellular,3,1,other,0
40,technician,single,secondary,no,3299,no,no,cellular,1,0,failure,0
41,services,divorced,tertiary,no,49,no,no,cellular,1,1,success,0
25,management,married,tertiary,no,2374,yes,no,cellular,1,2,other,0
47,self-employed,divorced,secondary,no,230,yes,no,cellular,2,0,unknown,0
57,self-employed,married,secondary,no,2288,no,no,unknown,2,0,unknown,0
38,management,single,secondary,no,0,no,no,unknown,1,0,unknown,0
55,admin.,divorced,secondary,no,220,yes,no,cellular,4,1,other,0
30,unemployed,single,secondary,no,2370,yes,no,cellular,1,0,unknown,0
34,blue-collar,married,secondary,no,305,yes,yes,cellular,2,0,unknown,0
32,management,single,secondary,no,-395,yes,no,cellular,2,0,unknown,0
44,entrepreneur,divorced,secondary,no,215,yes,no,cellular,4,0,unknown,0
43,management,single,tertiary,no,252,yes,no,cellular,1,0,unknown,0
36,technician,married,secondary,no,0,yes,yes,unknown,8,0,unknown,0
31,housemaid,single,secondary,no,681,no,no,cellular,4,0,unknown,0
32,technician,married,secondary,no,604,yes,no,cellular,1,0,unknown,0
27,services,married,unknown,no,2280,yes,no,cellular,2,0,unknown,0
35,management,single,tertiary,no,2367,no,no,unknown,1,0,unknown,0
44,management,married,secondary,no,-710,yes,no,cellular,1,0,unknown,0
29,technician,married,secondary,no,395,no,yes,cellular,23,0,unknown,0
33,student,married,secondary,no,751,no,no,cellular,4,0,failure,0
31,technician,married,tertiary,no,61,no,no,cellular,1,4,failure,0
49,housemaid,married,secondary,no,852,yes,no,telephone,1,0,unknown,0
35,retired,married,secondary,no,248,no,no,unknown,2,0,unknown,0
26,entrepreneur,single,secondary,no,-281,no,yes,unknown,2,0,unknown,0
55,services,married,unknown,no,1793,no,no,cellular,3,0,unknown,1
35,management,divorced,secondary,no,3064,yes,no,cellular,3,0,unknown,1
27,admin.,married,secondary,no,1543,yes,no,cellular,1,0,unknown,0
35,admin.,married,secondary,no,0,yes,no,cellular,5,0,unknown,0
79,technician,married,secondary,no,637,yes,no,cellular,1,2,failure,0
41,unemployed,single,tertiary,no,552,yes,no,unknown,6,0,unknown,0
52,management,married,secondary,no,872,yes,yes,cellular,2,0,unknown,0
47,entrepreneur,married,secondary,no,454,yes,yes,cellular,1,0,unknown,0
65,blue-collar,married,primary,no,0,no,yes,cellular,1,0,unknown,0
55,admin.,divorced,secondary,no,1065,yes,no,cellular,2,0,unknown,0
33,blue-collar,married,tertiary,no,2096,no,no,cellular,3,0,unknown,0
57,blue-collar,married,secondary,no,842,no,yes,unknown,1,0,unknown,0
32,unemployed,married,secondary,no,29,yes,no,cellular,6,0,unknown,0
54,services,divorced,tertiary,no,-220,yes,no,cellular,2,1,unknown,1
37,services,divorced,tertiary,no,1930,yes,no,cellular,2,0,unknown,0
26,management,married,tertiary,no,1205,no,yes,cellular,1,2,failure,0
52,admin.,married,primary,no,271,no,no,cellular,3,1,failure,1
36,housemaid,divorced,tertiary,no,2960,yes,yes,cellular,1,0,failure,0
46,blue-collar,single,secondary,no,-11,yes,no,telephone,1,0,other,0
42,technician,married,primary,no,0,no,no,cellular,2,0,other,0
41,technician,married,secondary,no,3471,no,no,cellular,1,0,unknown,0
36,management,single,tertiary,no,-1,yes,no,cellular,4,2,failure,1
38,blue-collar,single,secondary,no,0,yes,no,unknown,4,0,unknown,0
48,blue-collar,married,tertiary,no,780,no,no,unknown,1,0,unknown,0
61,self-employed,married,secondary,no,443,no,yes,cellular,3,0,unknown,0
37,blue-collar,divorced,primary,no,-230,yes,yes,cellular,2,0,unknown,0
37,blue-collar,single,secondary,no,593,yes,no,cellular,5,0,unknown,0
28,admin.,married,tertiary,yes,138,yes,yes,unknown,3,0,unknown,0
41,services,married,secondary,no,10828,no,yes,cellular,1,0,unknown,0
30,blue-collar,married,tertiary,no,424,yes,no,cellular,1,0,unknown,0
47,management,divorced,secondary,no,4039,yes,no,cellular,3,0,unknown,0
32,retired,married,tertiary,no,1060,yes,no,cellular,1,2,failure,0
29,management,single,tertiary,no,3574,yes,no,cellular,2,0,unknown,0
29,management,married,tertiary,no,2141,no,no,unknown,3,0,unknown,0
28,technician,divorced,unknown,no,452,no,no,cellular,1,0,unknown,0
39,blue-collar,single,tertiary,no,103,yes,no,unknown,4,0,unknown,1
45,retired,married,secondary,no,1730,yes,no,cellular,2,0,unknown,0
27,blue-collar,single,tertiary,no,648,yes,no,cellular,2,0,failure,0
32,technician,divorced,tertiary,no,-195,yes,no,unknown,1,0,unknown,0
31,unemployed,married,tertiary,no,0,yes,no,unknown,1,0,unknown,0
57,technician,divorced,primary,no,329,yes,yes,cellular,1,0,unknown,0
59,unknown,married,primary,no,3564,yes,yes,cellular,4,0,unknown,0
58,retired,married,secondary,no,14,yes,no,cellular,1,0,unknown,0
34,management,married,tertiary,no,50,no,yes,cellular,2,0,unknown,0
45,retired,married,tertiary,no,177,no,no,cellular,2,0,unknown,0
49,entrepreneur,married,tertiary,no,2738,yes,no,cellular,2,0,unknown,0
33,blue-collar,married,tertiary,no,7189,yes,no,cellular,1,1,failure,0
52,blue-collar,married,secondary,no,41882,yes,no,cellular,1,2,failure,0
49,unemployed,married,unknown,no,697,no,no,cellular,8,0,unknown,1
33,self-employed,married,secondary,no,127,yes,no,cellular,1,1,failure,0
32,housemaid,married,primary,no,1573,no,no,cellular,3,0,unknown,0
42,admin.,married,secondary,no,391,yes,no,unknown,2,0,unknown,0
49,technician,married,tertiary,no,718,no,no,cellular,1,1,other,1
53,technician,married,secondary,no,0,yes,no,cellular,2,0,unknown,0
54,management,single,secondary,no,2098,no,no,unknown,1,0,unknown,0
55,technician,single,secondary,no,174,yes,no,cellular,2,0,unknown,0
38,technician,married,secondary,no,912,yes,no,cellular,1,0,unknown,0
45,management,single,secondary,no,2768,yes,no,cellular,1,0,unknown,0
55,admin.,divorced,secondary,no,449,no,no,cellular,3,0,unknown,1
27,admin.,single,secondary,no,477,yes,no,telephone,6,0,unknown,0
41,self-employed,married,secondary,no,-44,no,no,unknown,1,0,unknown,0
25,management,married,secondary,no,0,yes,no,unknown,1,0,unknown,0
59,blue-collar,married,secondary,no,7338,no,no,cellular,2,1,other,0
43,management,married,tertiary,no,2892,yes,no,cellular,3,0,unknown,0
36,technician,married,tertiary,no,4342,yes,no,cellular,1,0,unknown,0
31,self-employed,single,tertiary,no,2785,yes,no,cellular,4,0,unknown,0
52,unemployed,married,unknown,no,-306,no,no,cellular,2,0,unknown,1
28,retired,married,primary,no,577,yes,no,cellular,3,0,unknown,1
53,technician,married,primary,no,435,no,no,unknown,1,2,failure,0
40,blue-collar,married,secondary,no,401,yes,no,cellular,1,2,failure,1
34,technician,married,tertiary,no,0,yes,no,unknown,8,0,unknown,0
28,retired,single,tertiary,no,14,yes,no,cellular,3,1,other,0
38,management,married,secondary,no,1383,yes,no,cellular,4,0,unknown,1
42,services,divorced,secondary,no,5110,no,no,cellular,2,0,unknown,0
31,services,married,secondary,no,386,yes,no,unknown,4,0,unknown,0
34,retired,married,secondary,no,5,no,no,cellular,3,0,unknown,0
36,self-employed,single,secondary,no,-102,no,no,telephone,3,0,unknown,0
32,technician,married,tertiary,no,-575,no,no,cellular,1,0,unknown,0
51,management,married,primary,no,-97,yes,no,unknown,7,0,unknown,1
58,admin.,married,unknown,no,1122,yes,no,unknown,3,0,unknown,0
36,admin.,married,secondary,no,1074,yes,no,unknown,1,0,other,0
61,admin.,married,secondary,no,1161,yes,no,unknown,3,0,unknown,0
52,services,single,primary,no,2343,no,no,cellular,1,0,unknown,1
43,blue-collar,married,secondary,no,4425,yes,no,cellular,2,0,unknown,0
32,technician,married,tertiary,no,2914,no,no,cellular,6,0,unknown,0
53,blue-collar,single,tertiary,no,4864,yes,no,cellular,5,0,unknown,0
41,blue-collar,married,secondary,no,1205,no,no,cellular,2,0,unknown,0
59,management,married,tertiary,no,722,no,no,unknown,2,0,unknown,0
33,technician,single,secondary,no,258,yes,no,unknown,1,0,unknown,0
45,admin.,married,secondary,no,64,yes,yes,cellular,2,1,failure,0
61,admin.,divorced,primary,no,-337,no,no,unknown,12,0,unknown,0
37,management,single,unknown,no,75,yes,yes,cellular,3,0,unknown,0
31,management,married,secondary,no,-858,yes,no,cellular,3,0,unknown,0
42,blue-collar,married,secondary,no,3875,yes,no,cellular,2,0,unknown,1
49,management,single,secondary,no,466,yes,no,cellular,2,1,unknown,1
36,self-employed,single,tertiary,yes,1023,yes,no,cellular,2,0,unknown,0
31,housemaid,married,secondary,no,312,no,no,cellular,1,0,unknown,0
54,blue-collar,married,secondary,no,817,yes,no,unknown,4,0,unknown,1
36,management,married,tertiary,no,3483,no,no,cellular,1,1,unknown,0
41,blue-collar,divorced,primary,no,2743,yes,no,cellular,1,0,unknown,0
27,technician,single,secondary,no,2,yes,no,cellular,4,0,unknown,0
36,management,married,tertiary,no,0,yes,no,unknown,2,0,unknown,0
35,management,married,tertiary,no,4554,yes,no,cellular,1,0,unknown,0
56,technician,married,secondary,no,0,no,no,cellular,1,0,unknown,0
44,technician,married,tertiary,no,4415,no,no,cellular,3,0,unknown,0
27,technician,married,tertiary,no,1574,yes,no,cellular,2,0,unknown,0
40,management,married,secondary,no,3233,yes,no,unknown,1,0,unknown,0
30,blue-collar,married,tertiary,no,1788,yes,no,cellular,2,0,unknown,0
51,student,divorced,secondary,no,2372,no,no,cellular,3,0,unknown,0
36,admin.,married,secondary,no,167,no,no,unknown,1,0,unknown,0
58,retired,married,tertiary,no,1534,yes,yes,cellular,3,1,success,0
34,entrepreneur,married,secondary,yes,436,yes,no,telephone,2,0,unknown,0
30,management,married,tertiary,no,1831,yes,no,cellular,2,0,other,0
42,management,single,secondary,no,-242,yes,yes,cellular,3,0,unknown,0
26,student,single,secondary,no,-396,yes,yes,cellular,1,0,unknown,0
32,housemaid,married,tertiary,no,0,yes,no,telephone,2,0,unknown,1
58,blue-collar,married,tertiary,no,2419,no,no,cellular,1,0,unknown,0
56,management,married,secondary,no,0,yes,no,cellular,2,0,unknown,0
39,admin.,married,tertiary,no,11837,no,no,cellular,2,0,unknown,0
59,services,single,tertiary,no,23,no,no,unknown,10,0,unknown,0
70,retired,divorced,secondary,no,1690,no,no,cellular,2,0,unknown,1
32,admin.,married,tertiary,no,0,no,no,unknown,2,0,unknown,1
39,blue-collar,married,secondary,no,-40,yes,no,cellular,2,0,unknown,1
61,retired,married,tertiary,no,4934,yes,no,telephone,6,0,unknown,0
37,management,married,secondary,no,462,no,no,cellular,2,0,unknown,1
33,technician,single,unknown,no,2557,no,no,unknown,3,0,unknown,0
45,management,married,tertiary,no,4378,yes,no,cellular,3,2,failure,0
49,management,divorced,secondary,no,1093,yes,yes,cellular,4,0,failure,0
49,management,married,primary,no,25,yes,yes,cellular,4,3,unknown,0
37,unemployed,married,secondary,no,-10,no,no,unknown,5,0,unknown,0
41,admin.,married,secondary,no,-130,yes,no,unknown,1,0,unknown,0
57,retired,married,tertiary,no,370,yes,no,cellular,2,0,unknown,1
34,housemaid,single,unknown,no,20,yes,no,unknown,3,0,unknown,0
34,blue-collar,single,secondary,no,2262,no,yes,cellular,1,0,unknown,0
48,admin.,single,secondary,no,934,yes,no,unknown,3,0,unknown,0
33,management,married,tertiary,no,10319,yes,no,unknown,3,0,unknown,0
63,management,married,primary,no,3705,yes,no,cellular,1,0,unknown,0
48,management,married,secondary,no,139,no,yes,unknown,1,1,unknown,0
41,management,married,primary,no,704,no,no,cellular,3,0,unknown,0
33,services,single,secondary,no,4808,yes,no,cellular,2,0,unknown,0
44,admin.,single,secondary,no,396,yes,no,cellular,1,3,unknown,0
57,blue-collar,divorced,secondary,no,5350,yes,no,cellular,2,0,unknown,0
43,retired,married,secondary,no,22,no,yes,cellular,3,0,failure,0
25,admin.,divorced,secondary,no,-41,yes,yes,cellular,2,0,unknown,0
33,retired,single,secondary,no,50,no,no,cellular,2,0,unknown,0
46,self-employed,married,tertiary,no,4282,yes,no,cellular,2,0,unknown,0
37,entrepreneur,single,primary,no,19,yes,no,cellular,1,2,failure,0
34,admin.,married,tertiary,no,1394,no,no,cellular,2,0,failure,0
36,retired,married,secondary,no,614,no,yes,cellular,1,0,unknown,0
28,retired,married,secondary,no,99,yes,no,cellular,1,0,unknown,0
41,blue-collar,married,secondary,no,425,no,no,cellular,1,0,unknown,0
28,blue-collar,married,primary,no,279,no,no,cellular,2,0,unknown,0
40,technician,married,tertiary,no,12290,yes,no,cellular,2,0,unknown,0
51,technician,married,secondary,no,292,no,yes,unknown,4,0,unknown,0
49,management,divorced,secondary,no,629,no,yes,cellular,1,0,unknown,0
37,blue-collar,married,tertiary,no,2460,yes,no,cellular,2,1,failure,0
35,management,married,secondary,no,696,yes,yes,unknown,2,0,unknown,0
51,management,married,tertiary,no,13214,no,no,unknown,2,0,unknown,1
58,student,married,tertiary,no,40,yes,yes,unknown,1,0,failure,1
42,management,married,secondary,no,0,yes,no,cellular,1,0,unknown,0
34,blue-collar,married,secondary,no,54,no,no,cellular,2,0,unknown,0
48,entrepreneur,married,tertiary,no,1949,no,no,cellular,1,0,unknown,1
55,admin.,married,secondary,no,876,yes,no,unknown,2,0,unknown,0
44,student,married,tertiary,no,487,yes,no,unknown,2,0,unknown,0
45,admin.,married,primary,no,396,no,yes,unknown,2,0,unknown,0
36,blue-collar,married,secondary,no,3080,yes,no,telephone,2,0,unknown,0
58,blue-collar,married,secondary,no,8203,no,no,unknown,3,0,unknown,0
40,blue-collar,married,tertiary,no,9,yes,no,cellular,1,0,unknown,0
56,management,married,tertiary,no,5108,yes,yes,cellular,1,1,failure,0
35,blue-collar,married,tertiary,no,12213,yes,yes,cellular,2,0,unknown,0
53,services,married,tertiary,no,-566,yes,no,cellular,2,0,unknown,0
45,blue-collar,married,primary,no,218,yes,no,cellular,10,5,failure,0
48,technician,married,tertiary,no,769,no,no,cellular,4,0,unknown,0
30,blue-collar,single,secondary,no,415,yes,no,cellular,1,0,unknown,0
34,services,married,secondary,no,1067,no,no,unknown,3,0,unknown,1
27,blue-collar,married,primary,no,227,yes,no,cellular,1,2,unknown,0
34,unemployed,married,tertiary,no,1821,yes,no,unknown,1,0,unknown,0
46,entrepreneur,single,secondary,no,497,no,no,cellular,4,0,unknown,0
34,blue-collar,married,primary,no,68,yes,no,unknown,3,0,unknown,0
52,blue-collar,divorced,tertiary,no,247,no,no,unknown,2,0,unknown,0
49,admin.,married,secondary,no,0,yes,no,cellular,3,0,unknown,0
31,self-employed,single,secondary,no,961,yes,yes,cellular,1,0,unknown,0
38,entrepreneur,divorced,secondary,no,-658,yes,yes,telephone,1,0,unknown,0
29,entrepreneur,married,primary,no,1979,no,no,unknown,1,0,other,0
37,blue-collar,divorced,secondary,no,0,yes,no,cellular,1,0,unknown,0
62,self-employed,married,tertiary,no,474,yes,no,unknown,1,0,unknown,0
42,technician,married,tertiary,no,706,yes,yes,cellular,1,0,unknown,0
57,admin.,married,tertiary,no,1665,yes,no,cellular,2,0,unknown,0
38,admin.,married,secondary,no,621,yes,no,cellular,2,0,unknown,0
28,technician,single,tertiary,no,430,no,no,cellular,1,1,unknown,0
31,services,married,secondary,no,10898,no,no,cellular,2,0,unknown,0
41,retired,single,tertiary,no,4150,yes,no,cellular,5,0,unknown,0
38,blue-collar,married,primary,no,389,yes,no,cellular,8,0,unknown,0
38,blue-collar,married,secondary,no,1284,yes,no,cellular,4,0,unknown,1
31,admin.,single,secondary,no,185,no,no,cellular,2,0,unknown,0
29,admin.,married,secondary,no,0,no,no,telephone,2,0,unknown,0
43,entrepreneur,single,tertiary,no,404,yes,no,cellular,2,2,failure,0
37,self-employed,married,secondary,no,316,no,no,telephone,4,0,unknown,0
32,technician,married,secondary,no,319,yes,no,cellular,3,0,unknown,0
44,management,single,secondary,no,-189,no,no,cellular,3,0,unknown,0
31,technician,single,secondary,no,2005,no,no,unknown,1,0,unknown,0
29,blue-collar,single,secondary,no,229,yes,no,unknown,1,0,unknown,1
32,technician,married,secondary,no,3089,no,no,unknown,2,0,success,0
43,technician,single,secondary,no,-514,yes,no,telephone,4,2,unknown,0
45,retired,married,unknown,no,927,no,no,cellular,3,0,unknown,0
44,blue-collar,single,secondary,no,497,no,no,cellular,1,2,failure,1
59,admin.,single,primary,no,930,yes,no,cellular,2,0,unknown,0
30,entrepreneur,single,secondary,no,102,yes,no,unknown,2,0,unknown,0
30,blue-collar,single,secondary,no,436,yes,no,cellular,1,0,unknown,1
45,blue-collar,married,primary,no,221,yes,no,cellular,3,0,unknown,0
57,housemaid,married,primary,no,3672,no,no,cellular,1,3,failure,1
50,blue-collar,married,secondary,no,1041,no,no,cellular,4,0,unknown,0
49,entrepreneur,married,primary,no,3604,yes,no,unknown,3,0,unknown,0
36,management,single,secondary,no,671,yes,yes,unknown,4,0,unknown,0
52,management,divorced,tertiary,no,1813,yes,no,cellular,4,0,unknown,0
52,blue-collar,married,secondary,no,30,yes,no,cellular,6,0,unknown,0
53,blue-collar,married,tertiary,no,1064,yes,no,cellular,2,0,unknown,0
64,admin.,married,tertiary,no,69,no,no,unknown,1,0,unknown,0
29,management,married,secondary,no,377,yes,no,cellular,2,0,success,0
60,management,divorced,secondary,no,4,no,no,telephone,1,0,other,0
33,services,married,secondary,no,2984,no,no,telephone,2,0,unknown,0
50,unemployed,single,tertiary,no,2363,no,yes,cellular,1,0,other,0
32,student,single,secondary,no,0,no,no,cellular,2,1,other,0
31,technician,married,primary,no,236,no,no,unknown,1,0,unknown,0
47,admin.,married,secondary,no,629,yes,yes,unknown,1,0,unknown,0
28,technician,married,secondary,no,119,no,no,cellular,1,0,unknown,0
36,blue-collar,married,primary,no,128,yes,yes,cellular,2,0,unknown,0
38,technician,single,tertiary,no,1953,yes,no,cellular,1,0,unknown,0
55,admin.,married,secondary,no,1839,no,no,cellular,2,0,other,0
33,technician,married,unknown,no,450,no,no,cellular,2,0,unknown,0
32,blue-collar,single,tertiary,no,439,yes,no,cellular,4,0,unknown,1
42,blue-collar,married,secondary,no,808,no,no,cellular,1,0,unknown,0
50,self-employed,married,secondary,no,0,yes,no,cellular,1,0,unknown,0
31,blue-collar,married,secondary,no,2224,yes,no,unknown,1,0,unknown,0
29,blue-collar,married,secondary,no,361,no,no,cellular,1,0,unknown,0
41,technician,married,tertiary,no,3724,no,no,unknown,5,0,unknown,0
57,self-employed,married,tertiary,no,792,no,no,cellular,2,0,unknown,0
48,admin.,divorced,secondary,no,131,yes,no,unknown,1,0,other,1
37,management,single,secondary,no,0,no,yes,cellular,1,0,unknown,0
26,blue-collar,single,tertiary,no,286,yes,no,unknown,1,0,unknown,0
45,blue-collar,married,secondary,yes,566,yes,yes,cellular,2,0,unknown,0
30,blue-collar,single,tertiary,no,705,yes,no,unknown,30,1,unknown,0
42,admin.,divorced,tertiary,no,1549,yes,no,cellular,1,0,unknown,0
42,retired,married,secondary,no,2934,yes,no,cellular,1,0,success,0
37,services,married,tertiary,no,2235,no,no,cellular,2,0,failure,0
32,self-employed,married,tertiary,no,5357,yes,no,cellular,3,0,unknown,0
47,services,married,secondary,no,466,yes,no,cellular,1,1,failure,0
34,retired,married,tertiary,no,4789,no,yes,cellular,1,0,unknown,0
40,self-employed,married,tertiary,no,0,no,no,telephone,1,0,unknown,0
33,admin.,married,primary,no,0,yes,no,cellular,1,0,unknown,0
36,blue-collar,married,tertiary,no,-1820,yes,yes,unknown,1,0,unknown,0
35,admin.,married,secondary,no,381,yes,yes,unknown,1,0,unknown,0
47,blue-collar,married,secondary,no,2766,no,yes,cellular,1,0,unknown,0
33,retired,single,tertiary,no,9296,no,no,unknown,2,0,unknown,0
50,management,divorced,primary,no,959,yes,no,cellular,2,0,unknown,0
41,technician,married,tertiary,no,482,no,no,cellular,1,0,failure,0
43,management,married,secondary,no,162,yes,yes,cellular,5,0,unknown,0
41,technician,married,secondary,no,230,yes,no,cellular,2,3,unknown,0
47,blue-collar,married,secondary,no,197,no,no,unknown,9,0,unknown,0
34,management,married,primary,no,0,no,no,unknown,3,0,unknown,0
28,admin.,single,tertiary,no,25,yes,no,cellular,1,0,unknown,0
36,admin.,married,primary,no,0,yes,no,cellular,3,0,unknown,0
39,management,married,secondary,no,15334,yes,no,cellular,1,0,unknown,0
40,unemployed,married,secondary,no,349,yes,yes,unknown,1,0,unknown,0
27,management,single,secondary,no,72,yes,yes,cellular,2,0,unknown,0
27,retired,married,tertiary,no,-28,no,no,unknown,3,0,unknown,0
42,admin.,married,secondary,no,0,yes,yes,unknown,2,0,unknown,0
52,technician,single,tertiary,no,0,no,no,cellular,3,0,success,0
32,management,married,primary,no,0,yes,no,cellular,2,0,unknown,0
75,management,single,tertiary,no,2644,no,no,cellular,3,0,unknown,0
26,admin.,single,secondary,no,516,no,no,unknown,10,0,unknown,0
31,technician,single,secondary,no,36,yes,no,cellular,1,0,unknown,1
37,services,married,secondary,no,13,no,no,cellular,1,0,failure,0
37,blue-collar,married,tertiary,no,0,yes,no,cellular,4,0,unknown,0
44,management,divorced,secondary,no,5369,no,yes,cellular,3,0,unknown,0
38,self-employed,married,tertiary,no,775,no,no,cellular,1,0,unknown,0
52,management,divorced,unknown,no,178,yes,no,unknown,1,0,unknown,0
26,self-employed,single,secondary,no,3298,no,no,cellular,4,0,unknown,1
31,technician,single,secondary,no,1086,yes,no,cellular,1,0,unknown,0
56,admin.,married,primary,no,251,yes,yes,cellular,2,0,failure,0
34,self-employed,married,secondary,no,0,yes,no,unknown,2,0,unknown,0
46,blue-collar,married,secondary,no,216,no,no,cellular,2,0,unknown,0
43,blue-collar,married,primary,no,0,yes,no,cellular,3,0,unknown,0
41,admin.,married,secondary,no,63,yes,no,cellular,2,0,unknown,0
42,management,single,secondary,no,383,no,yes,cellular,1,0,unknown,0
43,blue-collar,single,tertiary,no,116,no,yes,cellular,3,0,unknown,0
54,technician,married,secondary,no,7790,yes,no,cellular,1,0,unknown,0
56,management,single,unknown,no,1596,yes,no,cellular,1,0,unknown,0
44,management,married,primary,no,21,yes,no,unknown,1,0,unknown,0
49,retired,single,secondary,no,1044,no,no,telephone,1,0,unknown,0
44,technician,married,tertiary,no,22,yes,yes,cellular,4,0,unknown,0
49,housemaid,single,secondary,yes,-27,no,no,cellular,1,0,unknown,0
34,blue-collar,married,tertiary,no,3021,yes,no,telephone,1,0,unknown,1
36,blue-collar,married,secondary,no,308,no,no,cellular,2,0,unknown,0
35,blue-collar,divorced,tertiary,no,1422,yes,no,cellular,2,0,unknown,0
58,blue-collar,married,primary,no,0,no,no,unknown,1,1,unknown,0
32,services,married,tertiary,no,624,yes,no,cellular,2,0,unknown,0
30,technician,married,tertiary,yes,1596,no,yes,unknown,4,0,unknown,0
62,management,married,primary,no,16,no,no,cellular,4,0,unknown,0
32,admin.,single,primary,no,1699,yes,no,cellular,2,0,success,1
34,blue-collar,single,primary,no,34,yes,no,unknown,1,0,unknown,0
60,self-employed,single,secondary,no,5131,no,no,cellular,1,0,unknown,0
52,blue-collar,married,secondary,no,122,yes,no,unknown,2,0,unknown,1
58,admin.,married,tertiary,no,2644,no,no,telephone,2,0,unknown,0
37,entrepreneur,married,secondary,no,57,yes,no,cellular,2,0,unknown,0
47,management,married,secondary,no,571,no,no,cellular,2,0,unknown,0
48,blue-collar,divorced,primary,no,22,yes,yes,unknown,2,0,unknown,0
46,blue-collar,married,secondary,no,0,yes,yes,unknown,1,0,unknown,0
34,blue-collar,single,secondary,no,3356,no,no,cellular,2,0,unknown,0
42,retired,single,unknown,no,11819,no,no,unknown,1,0,unknown,0
33,management,married,secondary,no,80,no,no,unknown,2,0,unknown,1
44,blue-collar,married,tertiary,no,-643,yes,no,cellular,1,0,unknown,0
27,self-employed,married,secondary,no,16,yes,no,cellular,2,0,unknown,0
40,retired,married,secondary,no,696,no,no,cellular,2,0,unknown,0
40,self-employed,single,primary,no,-7,yes,no,unknown,2,0,unknown,0
39,blue-collar,married,secondary,no,603,yes,no,cellular,1,0,unknown,0
58,blue-collar,married,secondary,no,6407,no,yes,cellular,1,0,unknown,0
69,admin.,married,secondary,no,61,no,yes,cellular,2,1,other,0
39,blue-collar,married,primary,no,83,yes,yes,cellular,1,1,unknown,0
77,management,married,secondary,no,60,no,no,unknown,2,1,unknown,0
42,admin.,married,primary,no,1012,yes,no,unknown,4,0,unknown,1
30,management,single,secondary,no,3432,yes,no,telephone,1,0,unknown,0
34,admin.,married,tertiary,no,215,yes,no,cellular,2,3,unknown,0
34,unemployed,single,secondary,no,459,no,yes,unknown,1,0,unknown,1
44,self-employed,divorced,secondary,no,655,yes,no,cellular,2,0,unknown,0
49,management,married,secondary,no,21122,no,yes,cellular,2,0,unknown,0
50,self-employed,married,tertiary,no,-238,no,no,cellular,1,0,unknown,0
28,admin.,single,tertiary,no,-337,no,no,unknown,1,0,success,0
40,management,single,primary,no,412,no,no,unknown,2,0,failure,0
28,management,divorced,tertiary,no,247,yes,no,cellular,3,0,unknown,0
49,unemployed,married,tertiary,no,2262,yes,no,unknown,2,0,unknown,0
30,technician,single,tertiary,no,238,yes,no,unknown,6,0,unknown,0
31,admin.,married,tertiary,yes,1983,yes,no,unknown,2,0,unknown,0
50,technician,married,tertiary,no,1420,yes,yes,unknown,6,0,unknown,0
34,blue-collar,single,tertiary,no,556,yes,no,cellular,1,0,unknown,0
35,admin.,married,tertiary,no,-84,yes,no,cellular,1,0,unknown,0
36,blue-collar,married,tertiary,no,3256,no,no,cellular,2,1,failure,0
45,management,married,secondary,no,995,no,no,cellular,3,0,unknown,0
48,self-employed,single,secondary,no,669,yes,no,unknown,4,0,unknown,0
34,admin.,married,primary,no,3825,no,no,cellular,8,1,success,0
41,unemployed,married,tertiary,no,744,no,no,cellular,2,0,unknown,0
27,technician,married,secondary,no,3529,no,no,unknown,3,0,unknown,0
47,entrepreneur,married,secondary,no,5927,yes,no,cellular,1,0,other,0
50,unemployed,single,secondary,no,949,no,yes,cellular,1,0,unknown,0
49,services,married,secondary,no,0,yes,no,cellular,2,0,unknown,1
48,technician,single,secondary,no,2725,yes,no,telephone,2,0,unknown,0
28,blue-collar,married,secondary,no,1379,yes,yes,cellular,2,0,unknown,0
30,management,married,primary,no,-579,no,no,cellular,7,0,unknown,0
38,management,married,tertiary,no,0,no,yes,cellular,3,0,unknown,0
56,blue-collar,divorced,secondary,no,4275,yes,no,unknown,2,0,unknown,1
53,blue-collar,married,tertiary,no,27,yes,no,unknown,2,0,unknown,0
54,management,married,secondary,yes,229,no,no,telephone,1,0,unknown,0
28,blue-collar,married,secondary,no,168,no,no,cellular,2,0,unknown,0
55,blue-collar,married,secondary,no,1414,no,no,cellular,2,0,unknown,0
32,retired,single,secondary,no,184,yes,yes,unknown,2,0,unknown,0
31,management,married,tertiary,no,764,no,no,cellular,2,0,unknown,0
35,services,single,secondary,no,-2847,no,no,cellular,2,0,unknown,0
58,blue-collar,married,tertiary,no,15634,no,no,cellular,2,1,other,0
43,blue-collar,married,primary,no,95,yes,no,cellular,2,0,unknown,0
38,admin.,married,secondary,no,3575,no,no,cellular,1,0,failure,0
75,technician,divorced,tertiary,no,0,yes,no,cellular,1,0,unknown,0
51,unknown,married,tertiary,no,50,yes,no,unknown,2,0,unknown,0
57,blue-collar,married,tertiary,no,558,yes,no,cellular,2,0,failure,0
35,blue-collar,married,primary,no,347,yes,no,unknown,2,0,unknown,0
32,management,married,secondary,no,-559,yes,no,cellular,1,0,failure,0
53,housemaid,divorced,tertiary,no,14,no,yes,cellular,1,0,unknown,1
57,retired,single,secondary,no,0,no,no,unknown,3,0,unknown,0
41,entrepreneur,married,secondary,no,5462,yes,yes,cellular,2,0,unknown,0
37,entrepreneur,married,secondary,no,16,yes,no,unknown,1,0,unknown,0
49,blue-collar,married,secondary,no,2593,yes,yes,cellular,4,0,unknown,0
40,retired,married,secondary,no,1549,no,yes,cellular,1,0,unknown,0
51,technician,single,secondary,no,6970,no,yes,unknown,1,0,unknown,0
41,management,married,secondary,no,459,no,no,cellular,1,0,success,0
55,entrepreneur,married,tertiary,no,93,no,no,unknown,2,0,unknown,0
31,blue-collar,married,secondary,no,1194,yes,no,cellular,3,0,unknown,1
47,management,single,secondary,no,215,yes,yes,unknown,5,0,unknown,0
59,management,married,secondary,no,3935,no,yes,cellular,2,0,unknown,0
31,blue-collar,married,primary,no,887,yes,no,cellular,5,0,unknown,0
42,entrepreneur,married,unknown,no,-16,yes,no,cellular,1,0,unknown,0
25,blue-collar,single,tertiary,no,5114,yes,no,cellular,1,0,success,0
25,services,married,secondary,no,1328,yes,no,cellular,2,0,unknown,0
48,technician,divorced,secondary,no,773,yes,yes,cellular,1,0,unknown,1
46,management,married,secondary,no,71,no,no,cellular,1,0,unknown,0
29,management,single,secondary,no,9,yes,no,unknown,2,0,unknown,0
50,management,married,secondary,no,83,no,no,cellular,4,0,unknown,0
35,self-employed,married,secondary,no,215,yes,no,telephone,4,0,unknown,1
32,services,single,tertiary,no,121,no,no,cellular,2,0,unknown,1
52,technician,single,secondary,no,279,yes,no,cellular,1,0,unknown,0
53,management,married,secondary,no,37,no,no,cellular,2,0,unknown,0
25,retired,single,secondary,no,163,yes,no,cellular,1,0,unknown,0
50,blue-collar,divorced,secondary,no,260,no,no,cellular,3,0,unknown,0
44,management,married,primary,no,-36,yes,no,cellular,4,0,unknown,0
32,admin.,married,tertiary,no,1,yes,yes,cellular,3,0,success,0
26,self-employed,divorced,secondary,no,0,yes,no,cellular,2,0,unknown,0
36,technician,married,secondary,no,1205,yes,no,cellular,2,0,unknown,0
31,blue-collar,single,secondary,no,550,no,no,unknown,3,0,unknown,0
35,housemaid,married,primary,no,0,yes,no,cellular,1,0,other,0
44,management,married,primary,no,7497,yes,yes,cellular,2,0,unknown,0
34,blue-collar,single,secondary,no,57,yes,yes,cellular,1,0,unknown,0
45,management,married,secondary,no,2884,no,no,cellular,4,0,unknown,0
43,entrepreneur,married,tertiary,no,8135,yes,no,cellular,4,0,failure,0
31,management,married,secondary,no,266,yes,no,unknown,2,0,unknown,0
34,services,married,tertiary,no,-471,no,no,unknown,1,0,unknown,0
50,admin.,married,tertiary,no,615,yes,yes,cellular,2,0,unknown,0
36,self-employed,married,secondary,no,2688,no,no,unknown,2,0,failure,1
37,blue-collar,married,primary,no,65,no,no,cellular,2,0,failure,0
47,blue-collar,divorced,tertiary,no,3163,yes,yes,cellular,3,0,unknown,0
45,blue-collar,married,primary,no,585,no,no,cellular,1,1,unknown,0
51,entrepreneur,married,secondary,no,0,yes,no,unknown,5,0,unknown,0
32,admin.,single,secondary,no,991,yes,no,telephone,2,0,failure,0
41,blue-collar,married,secondary,no,4,no,no,unknown,5,0,unknown,0
37,retired,married,primary,no,101,yes,no,cellular,2,0,failure,0
42,technician,married,secondary,no,182,no,no,cellular,2,0,unknown,0
49,management,married,secondary,no,2720,yes,no,unknown,2,0,unknown,0
39,technician,married,tertiary,no,-305,yes,no,cellular,3,2,unknown,0
48,self-employed,married,tertiary,no,475,yes,no,telephone,14,0,other,0
35,blue-collar,married,secondary,no,1518,no,no,cellular,1,0,unknown,0
27,management,married,secondary,no,389,no,no,cellular,1,1,failure,0
35,housemaid,married,tertiary,no,2592,no,no,cellular,3,0,unknown,0
37,admin.,married,primary,no,389,yes,yes,cellular,1,0,unknown,0
38,blue-collar,married,tertiary,no,6483,no,yes,cellular,7,1,failure,0
63,technician,married,secondary,no,360,no,no,cellular,1,0,unknown,0
32,services,married,tertiary,no,-312,yes,no,unknown,1,0,unknown,0
35,retired,married,primary,no,839,no,yes,cellular,1,0,failure,0
37,admin.,married,secondary,no,808,no,no,cellular,1,0,unknown,0
51,blue-collar,married,primary,no,0,no,no,unknown,5,0,failure,0
31,unemployed,married,tertiary,no,2327,yes,yes,telephone,7,0,unknown,0
55,unknown,married,primary,no,3950,yes,no,unknown,2,0,unknown,0
31,technician,married,tertiary,no,498,yes,no,unknown,2,0,unknown,0
32,blue-collar,married,secondary,no,179,yes,no,cellular,2,3,failure,0
42,blue-collar,married,secondary,no,621,no,no,unknown,9,0,unknown,0
52,technician,single,secondary,no,8717,yes,no,cellular,1,0,success,0
31,technician,married,tertiary,no,877,yes,no,unknown,1,0,success,0
58,self-employed,married,secondary,no,105,no,no,cellular,1,0,unknown,0
74,technician,divorced,secondary,no,39,no,no,cellular,4,0,unknown,1
35,management,single,secondary,no,687,no,no,cellular,1,0,unknown,0
28,technician,single,tertiary,no,12371,yes,no,unknown,4,0,unknown,0
40,technician,single,tertiary,no,261,yes,no,cellular,1,0,failure,0
35,management,single,tertiary,no,203,yes,no,cellular,2,0,failure,0
28,services,single,primary,no,127,yes,no,cellular,1,0,unknown,0
32,retired,married,tertiary,no,0,yes,yes,unknown,1,0,unknown,0
32,admin.,married,secondary,no,462,yes,no,cellular,2,0,unknown,0
42,retired,divorced,secondary,no,289,yes,no,unknown,3,0,unknown,0
50,entrepreneur,single,primary,no,52,no,no,cellular,1,0,unknown,0
45,unemployed,married,primary,no,-375,no,no,cellular,1,0,unknown,0
33,management,single,tertiary,no,627,yes,no,unknown,1,0,unknown,0
56,blue-collar,divorced,primary,no,231,no,yes,unknown,3,0,unknown,0
22,blue-collar,married,secondary,no,51,no,no,cellular,3,0,unknown,0
30,technician,divorced,secondary,no,-346,yes,yes,cellular,2,0,unknown,0
30,blue-collar,married,secondary,no,196,no,no,cellular,1,0,unknown,0
51,blue-collar,married,secondary,no,9214,no,no,cellular,5,0,unknown,0
37,unemployed,married,secondary,no,2324,no,no,cellular,1,0,unknown,0
33,student,married,tertiary,no,1091,no,no,cellular,3,0,unknown,0
33,blue-collar,single,primary,no,3873,no,no,unknown,2,0,unknown,0
26,services,single,secondary,no,1664,yes,yes,unknown,1,0,unknown,0
38,management,divorced,unknown,no,3601,no,no,unknown,1,0,unknown,0
52,blue-collar,married,secondary,no,304,yes,no,unknown,4,0,failure,0
50,blue-collar,married,secondary,no,787,yes,no,cellular,3,0,unknown,0
36,technician,married,secondary,no,266,yes,yes,unknown,2,0,unknown,0
33,blue-collar,married,secondary,no,182,yes,no,unknown,2,0,unknown,0
43,unemployed,single,tertiary,no,5193,yes,no,cellular,5,0,unknown,0
46,technician,divorced,secondary,no,1902,yes,no,cellular,2,0,unknown,0
58,blue-collar,married,secondary,no,172,yes,no,cellular,2,0,failure,0
39,management,married,tertiary,no,2304,no,no,cellular,6,0,unknown,0
48,management,married,secondary,no,489,no,no,cellular,4,0,unknown,0
54,management,married,secondary,no,117,yes,yes,cellular,3,0,unknown,0
34,admin.,single,tertiary,no,518,no,no,cellular,2,0,unknown,0
49,technician,married,primary,no,705,no,yes,cellular,2,0,unknown,0
34,services,single,secondary,no,0,no,no,cellular,4,0,unknown,0
28,retired,single,secondary,no,1003,yes,no,cellular,1,2,other,0
33,admin.,divorced,secondary,no,179,yes,no,unknown,2,0,unknown,0
32,technician,single,unknown,no,318,yes,no,unknown,3,0,unknown,0
40,technician,married,tertiary,no,183,yes,no,cellular,3,0,unknown,0
34,admin.,single,secondary,yes,2451,no,no,cellular,1,0,unknown,0
48,entrepreneur,married,secondary,no,265,yes,yes,cellular,2,0,unknown,0
57,management,married,primary,no,1745,yes,no,unknown,5,0,other,0
53,technician,married,tertiary,no,417,no,no,cellular,5,0,unknown,0
31,student,married,unknown,no,0,yes,no,cellular,2,2,failure,1
34,services,single,tertiary,no,473,no,no,cellular,1,0,other,0
49,self-employed,divorced,primary,no,130,no,yes,unknown,2,0,unknown,1
27,unemployed,married,tertiary,no,482,yes,no,cellular,5,0,failure,0
46,management,married,secondary,no,774,no,yes,cellular,2,0,unknown,0
28,management,married,secondary,no,1422,no,no,cellular,5,0,unknown,0
48,technician,married,primary,no,316,yes,no,unknown,3,0,unknown,0
57,admin.,divorced,primary,no,0,no,yes,unknown,1,0,unknown,0
46,technician,single,tertiary,no,181,no,no,cellular,1,0,unknown,0
58,management,divorced,tertiary,no,424,no,no,cellular,3,0,unknown,0
32,management,married,tertiary,no,599,yes,no,cellular,2,1,unknown,0
75,management,married,primary,no,383,yes,no,unknown,1,0,unknown,0
59,self-employed,divorced,tertiary,no,979,no,no,cellular,4,0,unknown,0
35,student,married,tertiary,no,23,no,no,telephone,1,0,unknown,0
26,admin.,single,tertiary,no,778,yes,no,cellular,1,0,unknown,0
35,technician,single,secondary,no,2204,yes,no,cellular,2,0,unknown,0
32,technician,married,secondary,no,435,no,yes,cellular,7,0,unknown,0
48,management,married,secondary,no,19,no,yes,cellular,1,2,failure,0
46,self-employed,married,tertiary,no,1329,no,no,cellular,3,0,unknown,0
51,admin.,divorced,secondary,no,0,yes,no,cellular,4,0,unknown,0
36,blue-collar,married,primary,no,199,no,no,cellular,7,0,failure,0
34,management,married,tertiary,no,693,yes,no,unknown,4,0,unknown,0
33,blue-collar,married,tertiary,no,0,yes,yes,cellular,1,0,other,0
46,blue-collar,married,secondary,no,1048,no,no,cellular,1,0,success,0
29,admin.,married,secondary,no,-18,yes,yes,cellular,2,0,unknown,0
36,blue-collar,married,secondary,no,5,yes,no,cellular,6,0,unknown,0
33,technician,married,tertiary,no,2917,no,no,cellular,2,0,unknown,0
33,management,married,secondary,no,-495,yes,no,telephone,1,0,failure,1
53,technician,married,secondary,no,501,no,no,cellular,2,0,unknown,0
43,blue-collar,married,secondary,no,-472,yes,no,cellular,1,0,unknown,0
57,technician,married,secondary,no,937,yes,no,unknown,2,0,unknown,0
58,management,divorced,secondary,no,285,yes,no,cellular,2,0,unknown,0
39,technician,married,primary,no,-280,no,yes,cellular,1,0,unknown,0
46,retired,divorced,secondary,no,2087,no,no,unknown,1,0,other,0
46,technician,single,tertiary,no,366,no,no,telephone,3,0,unknown,0
40,management,divorced,primary,no,3829,yes,no,cellular,2,0,unknown,0
43,blue-collar,married,secondary,no,2706,yes,no,cellular,3,0,unknown,1
38,housemaid,divorced,secondary,no,271,no,no,cellular,3,0,unknown,0
32,blue-collar,married,secondary,no,1718,no,no,unknown,1,4,failure,1
46,technician,married,secondary,no,5564,no,no,telephone,4,0,unknown,0
54,admin.,married,secondary,no,1790,yes,no,cellular,1,0,unknown,0
35,blue-collar,married,primary,no,474,yes,no,telephone,9,0,unknown,0
70,management,married,primary,no,0,no,no,cellular,2,0,unknown,0
43,blue-collar,divorced,secondary,no,8097,no,no,cellular,1,0,failure,0
34,blue-collar,single,tertiary,no,122,no,no,cellular,1,3,failure,0
30,blue-collar,married,tertiary,no,13050,no,no,telephone,3,0,unknown,1
31,blue-collar,married,secondary,no,63,yes,no,unknown,2,0,unknown,0
26,management,divorced,secondary,no,69,yes,no,unknown,12,0,unknown,0
59,self-employed,married,tertiary,no,8571,no,no,cellular,1,0,unknown,0
47,admin.,married,tertiary,no,3556,no,no,telephone,1,0,unknown,0
37,admin.,married,primary,no,1321,no,no,cellular,5,0,unknown,0
44,technician,single,secondary,no,-169,no,no,unknown,1,0,unknown,0
26,management,married,tertiary,no,1727,yes,no,cellular,1,0,unknown,0
33,retired,single,tertiary,no,1211,yes,no,cellular,2,2,unknown,0
47,management,single,tertiary,no,1571,yes,no,cellular,4,0,unknown,0
57,admin.,divorced,secondary,no,589,yes,no,unknown,2,0,unknown,0
27,management,single,tertiary,no,1344,yes,no,unknown,2,0,unknown,0
53,entrepreneur,married,primary,no,251,no,no,cellular,6,0,unknown,0
36,self-employed,married,secondary,no,-11,yes,no,unknown,6,0,unknown,0
36,student,single,tertiary,no,10181,yes,no,telephone,1,0,unknown,0
28,admin.,single,secondary,no,8332,yes,no,cellular,2,0,unknown,0
58,technician,married,secondary,no,1699,no,yes,unknown,2,0,unknown,0
37,management,single,secondary,yes,290,yes,no,cellular,6,0,unknown,1
30,blue-collar,single,unknown,no,0,no,no,cellular,2,0,unknown,0
37,retired,married,tertiary,no,63,yes,no,cellular,1,0,unknown,0
51,admin.,married,secondary,no,1591,yes,no,unknown,3,0,unknown,0
35,admin.,single,tertiary,no,367,yes,no,cellular,1,0,unknown,0
27,unemployed,single,tertiary,no,775,yes,no,unknown,2,2,unknown,0
53,retired,divorced,secondary,no,1550,no,no,cellular,2,0,unknown,0
34,unknown,single,tertiary,no,1514,no,yes,cellular,3,0,unknown,0
32,blue-collar,single,primary,no,0,no,no,cellular,2,0,success,0
32,unemployed,single,tertiary,no,876,no,no,cellular,1,0,unknown,1
41,management,single,secondary,no,565,yes,no,cellular,2,0,unknown,0
38,technician,married,tertiary,no,0,no,no,unknown,2,0,failure,0
38,management,single,secondary,yes,1890,no,no,cellular,4,0,unknown,0
45,blue-collar,married,secondary,no,200,yes,no,cellular,2,0,other,0
48,entrepreneur,married,tertiary,no,-145,no,no,cellular,1,2,failure,1
39,management,single,primary,no,1205,yes,no,unknown,1,0,unknown,0
66,management,married,tertiary,no,2656,no,no,unknown,1,0,unknown,0
30,management,married,primary,no,18,no,yes,unknown,2,0,unknown,0
51,entrepreneur,married,tertiary,no,0,yes,yes,cellular,2,0,unknown,0
34,blue-collar,married,secondary,no,231,no,no,unknown,1,0,unknown,1
28,services,single,tertiary,no,877,no,no,cellular,1,0,success,1
48,services,divorced,secondary,no,575,yes,no,telephone,4,0,unknown,0
79,self-employed,married,primary,no,459,no,no,cellular,2,0,failure,0
46,management,married,secondary,no,0,no,no,cellular,2,0,other,0
39,blue-collar,divorced,secondary,no,16,yes,no,unknown,2,0,unknown,0
34,admin.,married,secondary,no,2226,yes,yes,cellular,4,0,unknown,0
41,technician,married,tertiary,no,379,yes,no,cellular,2,0,other,0
38,management,married,tertiary,no,2328,yes,no,cellular,1,0,unknown,0
58,blue-collar,married,secondary,no,2,yes,no,unknown,1,0,unknown,0
39,admin.,married,primary,no,-588,yes,no,telephone,3,0,failure,0
61,technician,married,secondary,no,2917,no,no,unknown,4,0,unknown,0
29,technician,single,tertiary,no,1583,yes,no,cellular,2,0,unknown,0
35,management,married,primary,no,1881,yes,no,cellular,4,0,unknown,0
27,blue-collar,single,secondary,no,19360,no,yes,unknown,2,0,unknown,1
43,retired,married,tertiary,no,63,no,no,cellular,3,0,unknown,0
42,admin.,married,primary,no,994,no,no,cellular,1,0,failure,0
26,technician,married,primary,no,-162,no,no,unknown,5,0,failure,0
38,services,divorced,primary,no,747,no,no,cellular,1,0,unknown,0
37,retired,married,secondary,no,415,yes,yes,cellular,4,0,unknown,0
30,blue-collar,married,secondary,no,0,no,no,cellular,1,0,unknown,0
57,self-employed,married,secondary,no,280,no,no,cellular,2,0,unknown,0
35,admin.,married,secondary,no,703,yes,yes,cellular,6,0,unknown,0
50,technician,divorced,unknown,no,479,yes,no,unknown,2,0,unknown,0
49,services,married,secondary,no,20519,no,no,unknown,1,0,unknown,0
35,technician,single,primary,no,124,no,yes,cellular,2,0,unknown,0
41,management,divorced,secondary,no,2034,yes,no,cellular,4,0,unknown,0
50,entrepreneur,married,tertiary,no,524,no,no,telephone,2,0,unknown,0
50,management,married,secondary,no,882,no,no,unknown,2,0,unknown,0
35,technician,married,unknown,no,2764,yes,no,unknown,1,3,failure,0
36,unemployed,married,tertiary,no,13,yes,no,telephone,11,0,unknown,0
59,technician,married,tertiary,no,10787,yes,no,cellular,1,0,unknown,0
31,management,married,secondary,no,1314,no,no,telephone,2,1,unknown,0
38,unknown,married,secondary,no,1174,no,no,unknown,2,0,unknown,0
55,management,married,primary,no,2894,yes,no,cellular,1,0,unknown,0
49,blue-collar,married,secondary,no,1274,yes,no,unknown,3,0,unknown,0
33,blue-collar,single,secondary,no,-7,yes,no,cellular,2,0,unknown,0
35,admin.,married,primary,no,39,yes,no,unknown,4,0,unknown,0
41,management,married,unknown,no,295,yes,no,unknown,1,0,unknown,0
51,admin.,divorced,secondary,no,318,yes,no,unknown,2,0,unknown,1
49,blue-collar,married,secondary,no,785,no,no,cellular,5,0,unknown,0
34,entrepreneur,married,secondary,no,424,yes,no,cellular,1,0,unknown,0
32,management,single,tertiary,no,13680,no,no,cellular,1,1,unknown,0
28,technician,married,secondary,no,26,no,no,unknown,1,1,unknown,0
29,management,married,tertiary,no,1221,yes,no,unknown,2,1,failure,0
56,technician,divorced,secondary,no,6712,no,no,cellular,1,0,failure,0
33,technician,married,secondary,no,864,yes,yes,cellular,2,0,failure,1
35,management,married,tertiary,no,77,no,no,cellular,2,0,unknown,0
28,technician,married,secondary,no,1827,yes,no,cellular,6,0,unknown,0
39,unemployed,married,tertiary,no,4739,yes,no,unknown,1,0,unknown,0
39,technician,married,primary,no,7341,yes,no,cellular,7,0,unknown,0
55,technician,married,tertiary,no,2645,no,yes,cellular,1,0,unknown,1
54,technician,married,secondary,no,808,no,no,cellular,1,0,unknown,0
56,technician,married,secondary,no,-701,no,no,cellular,18,0,unknown,0
41,admin.,married,secondary,no,4328,yes,no,unknown,1,0,other,0
37,technician,divorced,tertiary,no,-904,yes,no,cellular,2,0,unknown,0
56,services,married,tertiary,no,7934,yes,no,unknown,1,0,unknown,0
30,technician,married,unknown,no,642,yes,no,cellular,2,0,unknown,0
33,management,single,secondary,no,1742,yes,no,cellular,4,0,unknown,0
45,blue-collar,married,secondary,no,10,yes,no,cellular,3,0,unknown,0
31,blue-collar,single,tertiary,no,1959,no,no,unknown,3,0,unknown,0
48,technician,married,secondary,no,0,no,no,cellular,1,1,success,0
45,technician,married,tertiary,no,810,yes,no,telephone,1,0,unknown,0
62,blue-collar,divorced,secondary,no,1884,yes,no,cellular,7,0,unknown,0
32,management,single,secondary,no,0,no,no,cellular,5,0,unknown,0
36,retired,married,primary,no,2416,no,no,cellular,1,0,unknown,0
32,blue-collar,single,secondary,no,1734,yes,no,cellular,1,0,unknown,0
29,blue-collar,married,tertiary,no,0,yes,no,unknown,2,0,unknown,0
33,blue-collar,single,secondary,no,432,yes,no,unknown,3,0,unknown,1
39,technician,married,unknown,no,1286,yes,yes,cellular,3,0,unknown,0
35,retired,married,secondary,no,72,yes,no,cellular,2,0,unknown,0
40,services,single,secondary,no,759,no,yes,cellular,1,0,unknown,0
28,admin.,married,tertiary,no,1052,yes,no,cellular,1,0,unknown,0
44,blue-collar,single,secondary,no,381,yes,no,cellular,3,0,unknown,0
25,blue-collar,single,secondary,no,132,no,no,cellular,6,0,unknown,0
33,management,single,secondary,no,11,no,no,cellular,5,0,unknown,0
36,unemployed,married,secondary,no,705,yes,no,cellular,1,0,unknown,0
40,technician,single,tertiary,no,1199,no,no,unknown,2,0,unknown,0
29,technician,single,tertiary,no,142,no,no,cellular,1,0,unknown,0
52,technician,married,secondary,no,3940,no,no,cellular,1,0,unknown,0
32,management,married,tertiary,no,116,yes,no,cellular,3,0,unknown,0
36,services,married,tertiary,no,5462,yes,no,cellular,1,0,failure,0
44,technician,married,tertiary,no,1784,yes,no,telephone,6,0,unknown,0
57,management,married,secondary,no,467,no,no,unknown,1,0,unknown,0
75,technician,married,secondary,no,0,no,no,cellular,1,0,unknown,0
45,technician,married,tertiary,no,956,no,no,cellular,3,0,unknown,0
54,services,married,secondary,no,-43,yes,no,cellular,3,0,unknown,0
33,student,married,secondary,no,-52,no,no,cellular,4,0,unknown,0
43,blue-collar,married,secondary,no,1064,no,no,cellular,5,0,unknown,1
51,housemaid,married,secondary,no,1315,yes,no,cellular,1,1,failure,1
29,management,single,secondary,no,4209,no,no,cellular,2,0,unknown,0
59,management,single,secondary,no,221,yes,no,unknown,1,0,unknown,0
27,services,married,secondary,no,470,yes,no,cellular,1,0,unknown,0
62,management,divorced,tertiary,no,535,yes,no,cellular,1,0,failure,0
52,technician,single,tertiary,no,104,no,no,unknown,4,0,unknown,0
48,housemaid,single,primary,no,3230,no,yes,cellular,6,0,unknown,0
26,technician,single,unknown,no,581,yes,no,cellular,1,0,unknown,1
42,retired,married,primary,no,-1960,no,yes,unknown,2,0,unknown,0
39,retired,divorced,tertiary,no,139,no,no,cellular,1,1,unknown,0
36,services,single,secondary,no,139,no,yes,cellular,3,0,unknown,0
30,entrepreneur,married,tertiary,no,638,no,no,cellular,7,0,unknown,0
50,admin.,single,secondary,no,2460,no,yes,cellular,5,0,unknown,0
26,admin.,single,primary,no,0,yes,yes,cellular,1,0,other,1
31,blue-collar,married,primary,no,756,yes,no,unknown,1,0,unknown,0
39,technician,married,primary,no,1896,yes,yes,unknown,1,0,unknown,0
45,blue-collar,married,secondary,no,75,no,no,cellular,1,0,unknown,0
34,technician,married,tertiary,no,2142,no,no,cellular,2,0,unknown,0
35,admin.,single,secondary,no,13664,yes,no,unknown,4,0,unknown,0
34,management,single,unknown,no,773,yes,no,cellular,1,0,unknown,0
39,technician,married,tertiary,no,-549,no,yes,cellular,1,0,failure,0
38,self-employed,married,secondary,no,69,yes,no,unknown,2,0,unknown,0
41,student,married,secondary,no,-32,yes,no,telephone,7,0,unknown,0
50,entrepreneur,married,secondary,no,985,no,no,cellular,3,0,unknown,0
34,student,married,secondary,no,9,no,no,cellular,1,0,success,0
45,services,married,unknown,no,0,no,no,cellular,3,0,unknown,1
25,self-employed,married,secondary,no,-33,yes,no,cellular,3,0,unknown,0
80,self-employed,married,secondary,no,3989,no,no,cellular,2,0,unknown,0
54,housemaid,married,secondary,no,2697,yes,no,cellular,5,0,unknown,0
32,retired,single,secondary,no,-72,yes,no,telephone,14,0,unknown,0
35,entrepreneur,married,secondary,no,1111,yes,no,cellular,2,0,unknown,0
55,technician,married,primary,no,1279,no,no,cellular,3,0,unknown,0
51,services,married,tertiary,no,791,no,no,cellular,2,0,unknown,0
38,blue-collar,married,secondary,no,5513,yes,no,cellular,1,0,unknown,0
48,blue-collar,married,secondary,no,179,yes,no,unknown,2,2,failure,0
44,admin.,married,secondary,no,2092,no,no,cellular,7,0,other,0
32,management,divorced,secondary,no,7452,no,no,cellular,1,0,failure,0
57,housemaid,married,secondary,no,114,no,no,cellular,3,0,success,0
48,management,married,tertiary,no,221,yes,no,cellular,1,0,unknown,1
44,management,married,tertiary,no,260,no,no,telephone,5,0,unknown,0
54,management,married,secondary,no,8513,yes,no,cellular,1,2,unknown,0
48,blue-collar,married,secondary,no,1,yes,no,unknown,4,0,unknown,1
28,services,married,tertiary,yes,1252,no,no,telephone,8,0,unknown,0
54,management,divorced,secondary,no,23,yes,no,cellular,4,0,unknown,0
61,admin.,single,secondary,no,978,no,no,unknown,11,0,unknown,0
31,blue-collar,single,secondary,no,223,yes,no,cellular,2,1,failure,0
33,technician,married,tertiary,no,36,no,yes,unknown,2,0,unknown,0
33,management,single,secondary,no,0,yes,no,cellular,8,0,success,0
41,entrepreneur,married,primary,no,376,yes,no,unknown,4,0,failure,0
30,technician,single,tertiary,no,2486,no,no,cellular,1,0,failure,0
36,technician,single,secondary,no,0,no,yes,cellular,1,0,unknown,0
39,admin.,married,tertiary,no,8483,yes,no,cellular,2,1,unknown,0
34,technician,married,tertiary,no,373,no,no,cellular,2,1,unknown,0
45,management,married,primary,no,0,no,yes,cellular,4,0,unknown,0
41,services,single,secondary,no,189,yes,no,cellular,2,0,unknown,0
35,housemaid,married,primary,no,10,yes,no,telephone,3,0,unknown,0
31,entrepreneur,single,tertiary,no,1584,no,no,cellular,1,0,unknown,0
34,blue-collar,married,tertiary,no,7271,no,no,cellular,4,0,other,0
50,technician,married,tertiary,no,25,no,no,cellular,1,0,failure,0
39,retired,married,secondary,no,1898,no,no,cellular,3,0,unknown,0
30,management,married,secondary,no,1110,no,no,unknown,3,0,unknown,0
46,self-employed,married,secondary,no,1057,no,no,unknown,1,3,failure,0
34,self-employed,married,tertiary,no,440,no,no,cellular,3,0,unknown,1
38,services,divorced,secondary,no,442,yes,no,cellular,1,0,unknown,0
33,student,single,tertiary,no,0,yes,no,cellular,1,0,unknown,0
45,services,married,secondary,no,0,no,no,cellular,2,0,unknown,0
27,blue-collar,single,secondary,no,8887,yes,no,unknown,2,0,unknown,0
32,technician,married,primary,no,2893,no,yes,unknown,11,0,unknown,0
49,management,divorced,tertiary,no,2358,no,no,unknown,3,0,unknown,1
32,management,married,secondary,no,1331,yes,no,cellular,4,0,unknown,0
40,self-employed,married,tertiary,no,61,no,no,cellular,2,0,unknown,0
32,management,single,tertiary,no,3804,yes,no,cellular,2,0,unknown,0
40,admin.,divorced,secondary,no,3991,yes,no,cellular,4,0,unknown,0
48,entrepreneur,married,tertiary,no,842,yes,no,unknown,2,0,unknown,0
27,housemaid,single,secondary,no,116,no,yes,cellular,2,1,failure,0
37,blue-collar,married,tertiary,no,1646,no,no,cellular,2,0,unknown,0
56,admin.,married,secondary,no,5882,no,no,unknown,2,0,other,0
35,technician,married,secondary,no,3732,yes,no,unknown,1,0,unknown,0
30,entrepreneur,single,tertiary,no,1969,yes,no,cellular,1,5,unknown,0
34,services,married,tertiary,no,0,no,yes,cellular,2,0,unknown,1
41,student,married,secondary,no,841,no,no,cellular,2,0,unknown,0
28,management,married,primary,no,649,yes,no,cellular,3,0,other,0
33,blue-collar,divorced,secondary,no,238,yes,no,unknown,2,0,unknown,0
44,technician,married,tertiary,no,459,no,no,cellular,2,0,unknown,0
51,technician,married,secondary,no,473,no,no,unknown,3,0,unknown,0
48,entrepreneur,married,secondary,no,471,no,yes,unknown,4,0,unknown,0
39,technician,married,tertiary,no,2,no,no,telephone,2,0,unknown,0
31,blue-collar,married,secondary,no,46,no,yes,cellular,4,0,unknown,0
59,technician,single,secondary,no,2368,yes,yes,cellular,8,0,unknown,0
31,admin.,married,secondary,no,1034,yes,no,unknown,1,0,unknown,0
54,management,divorced,secondary,no,603,no,no,cellular,1,0,other,0
35,housemaid,married,secondary,no,1503,yes,no,unknown,2,0,unknown,0
40,blue-collar,single,tertiary,no,2357,no,no,cellular,1,0,unknown,1
43,technician,married,tertiary,no,1293,no,no,cellular,1,0,unknown,0
52,student,divorced,secondary,no,1470,yes,no,cellular,3,0,unknown,0
34,technician,married,secondary,no,123,yes,no,cellular,2,0,unknown,0
40,retired,married,secondary,no,5567,yes,no,cellular,3,0,unknown,0
30,technician,married,unknown,no,1220,no,no,cellular,3,0,unknown,0
34,technician,married,secondary,no,620,no,no,cellular,4,0,failure,0
47,admin.,single,primary,no,2382,no,no,cellular,1,0,unknown,0
57,blue-collar,divorced,secondary,no,125,yes,no,cellular,1,0,unknown,0
38,housemaid,married,tertiary,no,843,no,no,cellular,1,0,unknown,0
43,student,single,secondary,no,500,no,no,unknown,1,0,unknown,0
47,services,married,primary,no,0,no,no,unknown,3,0,unknown,0
30,self-employed,single,tertiary,no,-1,yes,yes,unknown,2,0,unknown,0
27,blue-collar,single,tertiary,no,1831,yes,no,cellular,1,0,unknown,0
42,blue-collar,single,secondary,no,802,yes,no,unknown,1,0,unknown,1
41,entrepreneur,married,secondary,no,36,no,no,cellular,6,0,unknown,0
34,self-employed,single,secondary,no,-257,yes,no,unknown,1,0,unknown,0
31,blue-collar,married,secondary,no,60,no,no,unknown,2,0,unknown,0
41,services,married,secondary,no,4341,yes,no,telephone,1,0,unknown,0
29,blue-collar,single,primary,no,194,yes,no,cellular,1,0,failure,0
32,management,married,tertiary,no,3638,no,no,cellular,6,0,unknown,0
27,management,married,secondary,no,417,yes,no,unknown,2,0,unknown,0
48,retired,divorced,tertiary,no,1790,yes,no,cellular,2,0,unknown,0
50,self-employed,married,primary,no,361,no,no,cellular,2,0,unknown,0
30,admin.,married,secondary,no,7803,yes,no,cellular,2,0,unknown,0
40,blue-collar,married,secondary,no,436,no,no,unknown,13,0,unknown,0
47,blue-collar,married,secondary,no,0,yes,no,cellular,2,3,failure,0
26,blue-collar,married,tertiary,no,35,no,no,cellular,3,0,unknown,1
53,technician,single,secondary,no,177,yes,yes,cellular,2,0,unknown,0
53,services,divorced,secondary,no,1338,yes,no,telephone,32,0,failure,0
44,blue-collar,divorced,primary,no,-39,yes,no,cellular,12,0,unknown,0
59,technician,married,secondary,no,2536,yes,no,unknown,2,0,unknown,0
49,blue-collar,married,secondary,no,617,yes,no,unknown,2,0,unknown,0
40,services,single,secondary,no,267,no,no,cellular,1,0,unknown,1
57,technician,divorced,primary,no,10330,no,no,cellular,1,0,unknown,0
48,blue-collar,married,secondary,no,380,no,no,unknown,1,0,unknown,0
56,blue-collar,divorced,secondary,no,1210,yes,yes,unknown,1,1,unknown,0
44,technician,single,secondary,no,4366,no,no,telephone,2,0,unknown,0
51,retired,divorced,secondary,no,20916,no,yes,cellular,4,0,unknown,0
40,housemaid,married,secondary,no,1784,no,yes,cellular,1,0,success,0
45,admin.,married,secondary,no,964,yes,no,telephone,2,0,unknown,1
37,services,married,primary,no,450,no,no,cellular,2,0,other,0
55,retired,married,secondary,no,553,no,no,cellular,5,0,unknown,0
54,retired,married,primary,no,106,no,no,unknown,1,0,unknown,0
51,services,married,secondary,no,7998,no,no,cellular,2,0,unknown,0
34,management,married,secondary,no,2086,yes,no,cellular,2,2,failure,0
36,student,single,secondary,no,83,yes,no,cellular,2,0,unknown,0
57,management,single,primary,no,105,yes,no,cellular,2,0,unknown,0
57,blue-collar,married,secondary,no,847,yes,yes,cellular,2,0,unknown,0
36,blue-collar,single,secondary,no,75,no,no,cellular,2,0,unknown,0
45,blue-collar,married,secondary,no,295,yes,no,unknown,1,0,unknown,0
50,technician,divorced,secondary,no,201,yes,no,cellular,1,1,failure,0
55,blue-collar,married,secondary,no,225,yes,no,unknown,2,0,unknown,0
53,unemployed,married,secondary,yes,-220,no,no,cellular,1,0,unknown,0
34,management,married,secondary,no,950,no,no,cellular,1,0,unknown,0
30,management,married,tertiary,no,1830,yes,no,unknown,7,0,unknown,0
35,management,married,tertiary,no,517,yes,no,unknown,1,0,other,0
35,management,married,secondary,no,687,no,no,unknown,1,0,unknown,0
43,blue-collar,married,tertiary,no,7813,no,yes,cellular,1,0,unknown,0
33,services,married,secondary,no,599,yes,yes,unknown,3,0,unknown,0
29,management,married,tertiary,no,0,yes,no,cellular,4,0,unknown,0
31,management,single,secondary,no,994,no,no,cellular,2,0,unknown,1
46,management,married,primary,no,2581,no,no,unknown,3,0,unknown,0
41,blue-collar,married,secondary,no,-73,no,no,cellular,4,0,unknown,0
36,admin.,married,unknown,no,2320,yes,no,cellular,1,0,unknown,0
37,technician,married,secondary,no,2158,yes,no,cellular,5,0,unknown,0
33,technician,married,secondary,no,-180,yes,yes,cellular,1,1,unknown,0
36,services,single,tertiary,no,472,no,yes,cellular,2,0,unknown,0
43,technician,single,tertiary,no,1431,no,no,cellular,1,0,unknown,1
27,admin.,single,tertiary,no,594,yes,no,telephone,11,0,other,0
36,technician,married,secondary,no,2706,yes,no,cellular,3,0,unknown,0
83,blue-collar,married,secondary,no,145,no,no,unknown,5,0,unknown,1
32,technician,married,primary,no,2087,no,no,cellular,5,0,unknown,0
30,housemaid,single,primary,no,303,yes,no,cellular,2,0,failure,0
43,services,divorced,secondary,no,3241,yes,no,unknown,2,0,unknown,0
49,technician,single,tertiary,no,3,no,no,cellular,5,3,unknown,0
45,management,married,secondary,no,0,no,no,cellular,2,0,unknown,1
32,unknown,married,secondary,no,209,yes,no,cellular,6,0,unknown,0
31,management,married,secondary,no,0,yes,no,unknown,3,3,failure,0
45,technician,married,secondary,no,2554,no,no,cellular,4,0,unknown,0
50,admin.,married,primary,no,0,yes,no,cellular,7,0,unknown,0
38,management,married,secondary,no,2929,no,yes,unknown,1,0,failure,0
42,blue-collar,married,unknown,no,46,yes,no,telephone,25,0,unknown,0
22,admin.,single,tertiary,no,902,yes,no,cellular,1,0,unknown,0
33,blue-collar,divorced,tertiary,no,355,no,no,telephone,4,0,unknown,0
41,retired,married,secondary,no,5110,yes,no,unknown,1,0,unknown,1
50,entrepreneur,single,primary,no,84,no,no,cellular,19,1,unknown,0
28,self-employed,single,tertiary,no,89,yes,no,cellular,3,0,unknown,0
57,unemployed,divorced,secondary,no,492,yes,yes,cellular,8,0,unknown,0
74,services,married,secondary,no,-95,yes,no,cellular,2,2,unknown,0
32,blue-collar,married,tertiary,no,133,yes,no,unknown,2,0,success,0
42,blue-collar,married,secondary,no,1518,yes,no,cellular,7,0,unknown,0
55,management,married,primary,no,-97,yes,no,unknown,2,0,unknown,0
66,management,married,secondary,no,317,yes,yes,unknown,3,0,unknown,1
33,unemployed,married,secondary,no,2733,no,no,unknown,2,0,unknown,0
42,technician,married,primary,no,0,no,no,cellular,6,0,unknown,0
51,unemployed,married,tertiary,no,5095,yes,no,cellular,1,0,unknown,0
42,services,married,tertiary,no,3344,no,no,unknown,1,0,unknown,1
31,admin.,married,secondary,yes,205,yes,no,cellular,1,0,unknown,1
34,blue-collar,married,tertiary,no,112,no,yes,cellular,1,0,unknown,0
27,management,married,secondary,no,0,no,no,cellular,2,1,failure,0
55,technician,married,primary,no,2516,yes,no,cellular,3,0,unknown,1
53,entrepreneur,married,secondary,no,289,yes,no,cellular,1,0,unknown,0
43,retired,single,secondary,no,5503,yes,no,unknown,2,0,unknown,0
41,blue-collar,married,tertiary,no,299,no,no,unknown,3,0,unknown,0
45,management,married,primary,no,3174,yes,yes,cellular,3,0,unknown,0
37,retired,single,tertiary,no,1820,yes,yes,cellular,2,0,unknown,1
33,blue-collar,single,tertiary,no,1258,yes,no,cellular,1,0,unknown,0
35,unemployed,divorced,tertiary,no,818,yes,no,cellular,1,0,unknown,0
31,technician,single,secondary,no,816,yes,no,telephone,2,0,success,1
56,technician,married,tertiary,no,807,no,no,cellular,2,0,unknown,0
36,technician,married,secondary,no,-83,yes,no,cellular,2,0,unknown,0
36,management,single,secondary,no,22,no,yes,cellular,5,0,other,0
58,entrepreneur,single,secondary,no,9562,yes,no,cellular,1,0,unknown,0
58,services,married,secondary,no,440,no,yes,unknown,1,0,unknown,0
31,blue-collar,married,secondary,no,2248,yes,yes,cellular,1,0,unknown,0
55,services,divorced,tertiary,no,100,yes,no,cellular,1,1,failure,0
44,technician,married,secondary,no,35,no,no,unknown,1,0,unknown,0
54,retired,married,secondary,no,1891,no,no,cellular,2,0,unknown,0
35,management,single,tertiary,no,2380,yes,no,unknown,1,0,unknown,0
42,technician,married,tertiary,no,43,yes,no,cellular,1,0,unknown,0
54,technician,married,secondary,no,398,no,no,unknown,1,0,unknown,0
42,entrepreneur,married,secondary,no,619,yes,no,unknown,2,0,unknown,0
53,blue-collar,single,primary,no,158,yes,no,unknown,2,0,unknown,0
31,technician,married,tertiary,no,314,no,no,cellular,1,0,unknown,0
55,unemployed,married,tertiary,no,878,no,no,unknown,2,0,unknown,0
32,management,single,secondary,no,51,no,no,unknown,2,0,unknown,0
37,management,divorced,secondary,no,806,no,yes,cellular,3,0,unknown,0
34,management,single,secondary,no,4030,yes,no,cellular,2,0,unknown,0
52,services,married,secondary,no,605,no,no,cellular,1,0,unknown,0
63,management,married,secondary,no,340,yes,yes,unknown,2,0,failure,0
35,admin.,single,secondary,no,615,yes,no,cellular,3,0,unknown,0
36,blue-collar,divorced,secondary,no,2569,no,no,cellular,4,0,unknown,0
41,retired,married,tertiary,no,1325,yes,no,unknown,2,0,failure,0
26,self-employed,married,secondary,no,389,yes,no,cellular,1,0,success,0
35,management,married,secondary,no,13,yes,no,cellular,13,0,unknown,0
40,services,single,primary,no,0,yes,no,cellular,1,0,unknown,0
37,services,married,tertiary,no,399,no,no,unknown,3,0,unknown,0
27,technician,single,secondary,no,0,no,no,unknown,2,0,unknown,1
34,admin.,married,primary,no,1553,no,yes,cellular,1,1,failure,0
56,technician,married,tertiary,no,287,yes,no,unknown,4,0,unknown,1
46,admin.,married,secondary,no,60,no,no,unknown,1,0,unknown,0
48,blue-collar,single,secondary,no,108,no,no,unknown,1,0,unknown,0
53,technician,married,tertiary,no,-32,no,no,cellular,6,0,unknown,0
39,self-employed,married,tertiary,no,22,yes,yes,cellular,1,1,unknown,0
45,retired,married,tertiary,no,2432,yes,no,cellular,7,1,unknown,0
39,blue-collar,married,tertiary,no,1574,yes,no,cellular,1,0,unknown,0
38,unemployed,married,secondary,no,131,no,no,cellular,2,0,unknown,1
38,technician,single,primary,no,435,no,no,cellular,4,0,unknown,0
38,technician,married,tertiary,no,593,no,no,cellular,2,0,unknown,0
50,blue-collar,married,tertiary,no,59,yes,no,unknown,3,0,unknown,0
54,retired,married,secondary,no,1332,yes,no,cellular,15,0,unknown,0
39,services,married,primary,no,139,yes,no,cellular,2,0,unknown,0
32,admin.,married,primary,no,289,yes,yes,unknown,3,2,failure,0
35,admin.,single,primary,no,-583,yes,no,unknown,2,0,unknown,0
45,technician,married,tertiary,no,-29,no,yes,unknown,7,0,unknown,0
37,technician,married,secondary,no,-95,no,no,cellular,5,0,unknown,0
38,technician,married,primary,no,8347,yes,yes,cellular,1,0,failure,0
31,admin.,married,primary,no,642,no,no,cellular,1,2,success,0
26,unemployed,single,unknown,yes,242,yes,no,telephone,5,1,unknown,1
53,blue-collar,divorced,secondary,no,3836,yes,no,cellular,2,0,unknown,0
45,admin.,divorced,unknown,no,7195,yes,no,unknown,2,0,unknown,0
33,management,single,secondary,no,205,yes,yes,cellular,4,0,unknown,0
35,management,divorced,primary,no,271,no,no,cellular,7,0,unknown,0
51,student,married,secondary,no,1296,yes,no,cellular,2,0,unknown,0
43,entrepreneur,married,secondary,no,1587,no,no,cellular,4,0,unknown,0
36,blue-collar,married,secondary,no,0,yes,no,telephone,2,0,unknown,0
53,self-employed,married,primary,no,3529,yes,no,unknown,1,0,failure,0
48,technician,single,secondary,no,453,no,no,telephone,1,0,success,0
57,blue-collar,married,tertiary,no,123,yes,yes,unknown,1,0,unknown,0
45,management,married,primary,no,132,yes,no,cellular,5,0,unknown,0
67,blue-collar,married,secondary,no,26161,no,no,cellular,4,0,success,1
29,management,married,tertiary,no,16945,no,no,cellular,1,1,success,0
36,blue-collar,single,tertiary,no,1123,no,no,cellular,1,0,unknown,0
42,technician,married,unknown,no,102,no,no,cellular,2,0,unknown,0
26,management,married,primary,no,589,yes,no,cellular,1,0,unknown,0
36,blue-collar,married,tertiary,no,2734,yes,no,cellular,2,1,unknown,0
35,technician,single,unknown,no,671,yes,no,cellular,3,0,unknown,1
50,technician,married,secondary,no,228,yes,no,cellular,2,0,unknown,1
30,management,married,secondary,no,260,no,no,cellular,3,0,other,0
41,management,married,tertiary,no,-471,yes,yes,cellular,1,0,failure,0
49,admin.,divorced,secondary,no,434,no,no,cellular,1,2,failure,0
50,unemployed,married,tertiary,no,2645,no,no,cellular,3,0,unknown,1
39,entrepreneur,married,secondary,no,157,yes,no,cellular,2,0,unknown,0
27,technician,single,secondary,no,3098,no,no,cellular,3,0,unknown,0
46,admin.,married,secondary,no,1466,no,yes,cellular,2,3,unknown,0
46,management,single,primary,no,0,yes,yes,unknown,5,0,unknown,0
52,technician,married,secondary,no,76,no,no,cellular,3,0,unknown,1
34,housemaid,married,primary,no,616,yes,no,cellular,2,0,unknown,1
44,admin.,married,tertiary,no,4994,yes,no,cellular,3,0,other,0
28,retired,single,secondary,no,-1318,no,no,cellular,1,0,unknown,0
55,entrepreneur,married,secondary,no,271,yes,no,unknown,13,0,unknown,0
43,unemployed,married,tertiary,no,-11,no,no,unknown,1,0,unknown,0
54,technician,married,primary,no,1989,no,no,cellular,2,1,success,0
39,management,married,secondary,no,-297,yes,yes,cellular,3,0,unknown,0
56,technician,divorced,primary,no,1881,yes,no,unknown,4,0,unknown,0
36,management,married,tertiary,no,0,yes,no,cellular,1,0,success,0
37,services,single,secondary,no,3455,no,no,cellular,3,0,other,1
49,blue-collar,married,tertiary,no,2,yes,no,cellular,2,2,failure,0
46,technician,married,unknown,no,1831,yes,no,cellular,2,0,unknown,0
40,services,married,secondary,no,103,yes,yes,unknown,3,0,unknown,0
53,technician,married,secondary,no,1097,no,yes,cellular,2,0,unknown,0
40,blue-collar,married,secondary,no,-11,no,no,cellular,1,0,unknown,0
34,management,single,primary,no,-632,yes,no,unknown,2,0,unknown,0
38,blue-collar,married,primary,no,171,yes,yes,unknown,8,0,unknown,0
49,technician,divorced,tertiary,no,2306,yes,no,cellular,5,0,unknown,0
31,admin.,married,tertiary,no,3800,yes,no,telephone,2,0,unknown,0
32,management,married,unknown,no,1167,no,yes,cellular,2,5,failure,0
23,blue-collar,single,secondary,no,-296,yes,no,cellular,1,0,unknown,0
44,blue-collar,married,tertiary,no,1802,no,no,cellular,2,0,unknown,0
75,management,married,secondary,no,10223,yes,no,unknown,4,0,other,0
30,blue-collar,married,secondary,no,282,yes,no,unknown,1,0,unknown,0
42,unemployed,single,secondary,no,1550,yes,no,cellular,1,0,failure,0
26,technician,single,secondary,no,0,yes,no,cellular,2,0,unknown,0
54,blue-collar,married,primary,no,1287,no,yes,cellular,3,0,unknown,0
58,blue-collar,married,secondary,no,2304,yes,no,unknown,1,0,unknown,1
42,admin.,married,primary,no,723,yes,no,cellular,2,0,unknown,0
41,services,single,tertiary,no,1672,yes,no,telephone,2,0,failure,0
37,admin.,divorced,secondary,no,14,no,no,cellular,1,0,unknown,0
46,management,married,secondary,no,1586,yes,no,cellular,2,0,unknown,1
26,management,single,secondary,no,61,yes,no,cellular,3,0,unknown,0
61,admin.,divorced,tertiary,no,508,yes,no,cellular,2,0,success,0
42,entrepreneur,divorced,secondary,no,326,yes,no,cellular,1,0,unknown,0
57,management,married,tertiary,no,1666,no,yes,cellular,1,0,other,1
33,management,married,tertiary,no,22174,no,no,cellular,2,0,unknown,0
44,management,single,secondary,no,0,yes,no,cellular,1,0,unknown,0
33,technician,married,unknown,no,565,no,no,cellular,3,0,unknown,0
37,technician,single,unknown,no,14,no,yes,unknown,4,0,unknown,0
35,admin.,married,primary,no,60,no,yes,unknown,1,0,unknown,0
33,student,married,tertiary,no,3453,yes,yes,cellular,2,0,unknown,0
78,management,married,secondary,no,351,yes,no,cellular,1,0,unknown,0
35,blue-collar,married,secondary,no,332,no,yes,cellular,1,0,success,0
34,management,single,secondary,no,1924,yes,no,cellular,2,0,unknown,0
44,blue-collar,divorced,secondary,no,176,yes,no,unknown,3,0,unknown,0
44,blue-collar,married,secondary,no,137,yes,no,telephone,3,0,unknown,0
39,admin.,single,secondary,no,1493,yes,no,unknown,3,0,unknown,0
55,management,married,secondary,no,808,no,yes,cellular,2,0,failure,0
49,services,divorced,primary,no,5232,no,no,cellular,1,0,failure,0
75,technician,married,tertiary,no,3875,no,no,unknown,4,1,failure,1
53,admin.,divorced,primary,no,6,yes,no,cellular,3,0,unknown,0
35,management,married,secondary,no,-234,no,no,cellular,1,2,failure,0
36,admin.,single,primary,no,848,yes,no,telephone,1,0,unknown,0
33,management,married,secondary,no,-58,no,no,cellular,10,0,unknown,0
52,technician,divorced,secondary,no,-336,yes,no,cellular,1,0,unknown,1
27,management,single,secondary,no,295,yes,no,cellular,4,0,unknown,0
72,blue-collar,married,secondary,no,377,yes,no,cellular,2,0,failure,0
54,retired,married,tertiary,no,590,yes,no,cellular,3,0,unknown,1
60,admin.,divorced,secondary,no,0,no,no,cellular,1,0,unknown,0
59,admin.,married,primary,no,21073,no,no,cellular,3,0,unknown,0
33,services,married,unknown,no,1024,yes,no,cellular,1,0,other,1
47,retired,divorced,secondary,no,598,yes,yes,unknown,1,0,unknown,0
31,blue-collar,divorced,secondary,no,1,yes,no,cellular,3,2,failure,0
50,management,married,secondary,no,1801,no,no,cellular,1,0,failure,0
40,blue-collar,married,secondary,no,145,yes,no,cellular,2,0,unknown,0
34,admin.,married,primary,no,0,yes,no,cellular,1,0,unknown,0
58,admin.,married,tertiary,no,486,yes,no,unknown,4,0,unknown,0
54,blue-collar,married,secondary,no,7037,yes,no,unknown,1,0,unknown,0
44,management,married,tertiary,no,0,yes,no,cellular,1,0,other,0
39,self-employed,married,secondary,no,808,yes,no,cellular,3,0,unknown,0
46,blue-collar,married,unknown,no,4727,yes,no,cellular,2,1,unknown,1
60,services,married,secondary,no,0,no,no,cellular,2,2,other,0
30,management,married,secondary,no,-31,yes,no,cellular,2,0,unknown,0
45,blue-collar,married,secondary,no,0,yes,yes,cellular,5,0,unknown,0
44,housemaid,married,secondary,no,3685,yes,no,cellular,4,0,unknown,0
31,technician,single,secondary,no,462,yes,no,cellular,3,3,unknown,0
61,management,married,primary,no,0,no,no,cellular,3,0,unknown,0
31,self-employed,married,secondary,no,0,yes,no,unknown,1,0,unknown,0
59,management,divorced,secondary,yes,302,no,no,cellular,3,1,unknown,0
32,blue-collar,married,secondary,no,1221,yes,no,unknown,1,0,unknown,0
27,blue-collar,married,secondary,no,102,yes,no,cellular,5,0,unknown,0
57,management,married,tertiary,no,1178,no,no,cellular,1,0,unknown,0
42,blue-collar,married,secondary,no,32,no,no,telephone,1,0,other,0
31,management,married,secondary,no,2417,no,no,unknown,2,0,success,0
40,unemployed,married,secondary,no,648,yes,no,cellular,2,0,unknown,1
31,management,married,secondary,no,1928,yes,yes,unknown,1,0,unknown,0
31,blue-collar,single,tertiary,no,10333,no,no,cellular,3,0,unknown,0
43,services,single,secondary,no,0,no,no,cellular,1,0,unknown,1
36,blue-collar,married,tertiary,no,1831,yes,yes,cellular,1,0,unknown,0
53,entrepreneur,divorced,tertiary,no,624,no,no,cellular,1,0,failure,0
51,admin.,married,secondary,no,100,yes,yes,cellular,2,0,unknown,0
50,technician,married,secondary,no,979,yes,no,cellular,6,0,other,0
24,services,married,primary,no,7187,no,no,cellular,4,0,unknown,0
28,admin.,married,secondary,no,657,yes,no,telephone,2,0,unknown,0
42,management,married,tertiary,no,2074,yes,no,cellular,2,0,unknown,0
36,retired,divorced,primary,no,-104,no,no,cellular,2,0,unknown,0
43,management,married,secondary,no,6413,no,yes,cellular,2,0,unknown,1
37,technician,married,unknown,no,25,yes,no,telephone,10,0,unknown,0
31,services,married,unknown,no,-55,yes,no,unknown,7,0,unknown,0
49,entrepreneur,married,secondary,no,1854,no,no,cellular,2,0,unknown,0
58,admin.,divorced,secondary,no,5433,yes,no,cellular,2,0,unknown,0
51,management,single,secondary,no,7732,no,no,cellular,6,0,unknown,0
50,blue-collar,married,secondary,no,419,no,no,telephone,5,0,unknown,0
32,entrepreneur,married,secondary,no,459,yes,yes,unknown,2,0,unknown,0
34,blue-collar,married,tertiary,no,-51,yes,no,cellular,2,2,failure,0
55,blue-collar,divorced,tertiary,no,2972,yes,no,cellular,1,1,unknown,0
36,retired,divorced,tertiary,no,5731,yes,no,unknown,2,0,unknown,0
45,housemaid,married,secondary,no,0,no,no,cellular,6,0,unknown,0
30,technician,single,primary,no,690,yes,no,unknown,2,0,unknown,0
36,admin.,single,secondary,no,378,yes,no,cellular,3,2,unknown,1
35,management,married,secondary,no,437,no,yes,unknown,7,0,unknown,0
40,management,single,secondary,no,1130,no,yes,unknown,3,0,unknown,0
32,admin.,single,tertiary,no,2576,yes,no,cellular,4,0,unknown,0
26,management,single,secondary,no,2764,yes,no,cellular,2,0,other,0
34,blue-collar,married,primary,no,7936,no,no,cellular,1,0,unknown,0
27,technician,single,secondary,no,238,no,no,unknown,4,0,unknown,0
34,management,single,secondary,no,174,yes,no,unknown,2,0,unknown,1
36,blue-collar,single,secondary,no,757,yes,no,cellular,3,0,other,0
47,management,married,secondary,no,176,no,yes,cellular,2,0,unknown,0
33,blue-collar,single,secondary,no,12,yes,yes,cellular,6,0,unknown,0
38,blue-collar,divorced,secondary,no,-55,yes,no,cellular,1,3,failure,0
33,services,married,secondary,no,8106,yes,no,unknown,1,0,unknown,0
55,blue-collar,married,tertiary,no,-190,yes,no,cellular,4,0,unknown,0
43,services,married,tertiary,no,3463,no,no,cellular,7,0,unknown,0
26,blue-collar,single,tertiary,no,177,no,no,cellular,7,0,unknown,0
34,management,divorced,secondary,no,-59,no,no,unknown,3,0,failure,0
66,management,divorced,secondary,no,1123,no,no,unknown,2,0,unknown,0
43,unemployed,single,tertiary,no,1784,yes,no,unknown,2,0,unknown,0
41,blue-collar,married,secondary,no,925,yes,no,cellular,1,0,unknown,0
48,technician,married,tertiary,no,78,yes,no,cellular,5,0,unknown,0
36,management,divorced,secondary,no,28,no,no,cellular,2,0,unknown,0
43,technician,married,secondary,no,79,yes,no,unknown,8,0,unknown,1
36,admin.,married,secondary,no,2920,yes,no,cellular,4,0,success,0
50,blue-collar,married,secondary,no,341,no,no,cellular,1,0,unknown,0
27,management,divorced,primary,no,0,yes,no,cellular,2,0,other,1
33,blue-collar,single,secondary,no,231,no,no,cellular,2,0,unknown,0
60,blue-collar,married,tertiary,no,191,no,yes,cellular,3,0,unknown,0
33,blue-collar,single,tertiary,no,2078,no,no,cellular,7,0,unknown,0
34,admin.,single,secondary,no,-253,no,yes,unknown,1,0,unknown,0
55,technician,married,tertiary,no,3163,no,no,telephone,1,0,unknown,0
48,admin.,divorced,secondary,no,279,no,no,unknown,1,1,unknown,0
27,entrepreneur,married,secondary,no,-162,yes,no,cellular,7,0,unknown,0
26,blue-collar,married,tertiary,no,3064,no,no,cellular,1,0,unknown,0
30,services,single,tertiary,no,-1,yes,yes,unknown,2,0,unknown,0
37,retired,married,primary,no,137,no,no,cellular,3,1,failure,0
28,technician,married,unknown,no,11148,no,no,cellular,1,0,unknown,0
58,management,married,secondary,no,0,no,no,unknown,4,0,unknown,0
31,management,married,tertiary,no,0,yes,yes,unknown,1,0,unknown,0
60,housemaid,divorced,tertiary,no,1995,no,no,unknown,1,0,unknown,0
51,management,married,tertiary,no,473,no,no,cellular,1,3,failure,0
34,blue-collar,married,secondary,no,896,no,no,cellular,3,0,unknown,0
63,management,married,secondary,no,202,yes,yes,cellular,3,0,other,0
47,management,married,secondary,no,5235,no,no,cellular,2,2,unknown,1
41,technician,married,secondary,no,177,no,yes,cellular,2,0,unknown,0
58,blue-collar,divorced,secondary,no,3203,no,no,cellular,3,0,unknown,0
51,management,married,primary,no,0,yes,no,cellular,5,0,unknown,1
46,services,married,tertiary,no,14,no,no,cellular,2,0,unknown,0
31,blue-collar,single,secondary,no,13182,yes,no,cellular,1,0,unknown,0
33,admin.,married,tertiary,no,205,yes,no,cellular,1,1,other,0
36,technician,married,tertiary,no,3023,yes,no,cellular,2,0,unknown,0
43,services,married,secondary,no,0,yes,no,cellular,2,0,failure,0
46,retired,married,secondary,no,1159,no,no,unknown,1,1,unknown,0
60,management,married,secondary,yes,6847,no,no,cellular,2,0,unknown,0
36,blue-collar,married,secondary,no,20,no,no,cellular,2,0,unknown,0
54,admin.,married,secondary,no,620,yes,no,cellular,2,0,unknown,0
55,management,married,secondary,no,12529,yes,yes,unknown,3,0,unknown,0
31,technician,single,secondary,no,1108,yes,no,cellular,1,1,unknown,0
34,technician,single,secondary,no,334,no,no,cellular,3,0,other,1
53,management,married,primary,no,134,no,no,cellular,1,0,unknown,0
33,blue-collar,single,secondary,no,705,no,no,cellular,4,0,success,0
51,management,married,primary,no,424,no,yes,cellular,3,0,unknown,0
42,admin.,married,primary,no,410,yes,no,unknown,5,0,unknown,0
44,management,married,tertiary,no,-98,yes,no,cellular,5,1,failure,0
37,management,married,primary,no,92,yes,no,unknown,5,0,unknown,0
40,management,married,primary,no,17526,yes,no,cellular,2,0,unknown,0
28,blue-collar,married,primary,no,1199,yes,no,unknown,1,0,unknown,0
36,entrepreneur,married,secondary,no,305,yes,no,unknown,2,0,unknown,0
44,admin.,married,secondary,no,310,yes,no,telephone,2,0,unknown,0
33,admin.,divorced,secondary,no,368,yes,no,unknown,1,0,success,0
37,management,married,secondary,no,652,yes,no,cellular,3,0,unknown,0
30,blue-collar,married,secondary,no,1318,no,no,cellular,6,0,unknown,0
36,retired,married,primary,no,503,no,no,telephone,3,0,unknown,0
46,blue-collar,married,secondary,no,639,no,no,cellular,3,2,failure,0
38,admin.,married,tertiary,no,424,no,yes,cellular,7,0,unknown,0
36,technician,single,unknown,no,3730,no,yes,cellular,1,0,unknown,0
35,management,married,tertiary,no,300,no,no,cellular,2,0,unknown,0
28,admin.,single,secondary,no,3471,yes,no,cellular,2,0,unknown,0
45,retired,single,secondary,no,0,no,no,unknown,2,0,unknown,0
33,blue-collar,divorced,secondary,no,2228,no,no,telephone,5,0,unknown,0
41,management,divorced,secondary,no,678,yes,yes,unknown,1,0,unknown,0
31,blue-collar,single,secondary,no,289,yes,no,cellular,3,0,failure,0
57,student,divorced,secondary,no,356,no,no,unknown,2,0,unknown,0
34,blue-collar,divorced,secondary,no,1916,yes,no,unknown,3,0,unknown,0
55,management,married,primary,no,-342,yes,no,unknown,3,0,unknown,0
33,admin.,married,primary,no,947,yes,no,unknown,2,0,unknown,0
36,technician,married,secondary,no,4444,no,no,cellular,1,0,unknown,0
38,management,single,secondary,no,4760,yes,no,telephone,2,2,success,0
46,blue-collar,married,secondary,no,3932,no,no,cellular,1,0,unknown,1
31,technician,divorced,secondary,no,-3,no,no,cellular,1,0,unknown,0
27,entrepreneur,single,secondary,no,11740,no,yes,cellular,2,0,unknown,1
32,blue-collar,married,tertiary,no,8309,yes,no,telephone,1,0,unknown,0
52,technician,married,secondary,no,819,yes,no,cellular,5,0,unknown,0
57,management,divorced,primary,no,1784,yes,no,telephone,1,0,unknown,0
40,admin.,married,unknown,no,0,yes,no,unknown,2,0,unknown,0
27,technician,married,secondary,no,5432,no,no,cellular,2,0,unknown,1
40,technician,single,tertiary,no,0,yes,no,cellular,4,0,unknown,0
32,blue-collar,married,tertiary,no,0,no,no,cellular,2,0,unknown,0
35,blue-collar,married,secondary,no,0,yes,no,cellular,2,0,failure,0
31,management,single,secondary,no,2765,no,no,unknown,1,0,unknown,1
51,technician,married,primary,no,-495,yes,no,cellular,2,0,unknown,0
32,management,divorced,secondary,no,547,yes,yes,cellular,5,0,failure,0
27,blue-collar,single,secondary,no,0,yes,yes,cellular,2,0,success,0
41,retired,divorced,tertiary,no,1413,no,no,cellular,2,0,unknown,0
47,admin.,married,primary,no,2138,yes,no,cellular,2,0,unknown,0
24,management,married,secondary,no,70,no,no,unknown,1,0,unknown,0
33,services,single,secondary,no,436,yes,no,cellular,1,0,unknown,0
32,management,single,secondary,no,-1182,no,no,cellular,1,0,unknown,0
57,blue-collar,single,secondary,no,7353,yes,no,cellular,4,1,unknown,0
59,admin.,married,primary,no,316,no,no,cellular,1,1,unknown,0
50,services,married,primary,no,2204,no,no,unknown,2,2,unknown,0
75,technician,married,tertiary,no,733,yes,no,cellular,3,0,unknown,0
40,services,married,tertiary,no,-422,no,yes,cellular,6,0,unknown,0
69,management,divorced,tertiary,no,0,no,no,cellular,1,0,unknown,0
49,blue-collar,married,tertiary,no,2725,no,no,cellular,1,1,failure,0
36,entrepreneur,single,tertiary,no,93,no,no,unknown,3,0,unknown,0
41,technician,married,tertiary,no,2557,no,no,telephone,7,0,unknown,1
45,management,married,primary,no,1520,yes,no,unknown,1,0,unknown,0
42,entrepreneur,single,secondary,no,19535,no,no,cellular,1,0,failure,0
29,technician,married,secondary,no,105,yes,yes,cellular,2,0,unknown,0
47,self-employed,married,primary,no,260,no,no,telephone,1,0,unknown,0
47,services,married,secondary,no,14,no,no,unknown,2,0,unknown,0
34,admin.,married,tertiary,no,2367,yes,yes,cellular,2,0,unknown,0
38,blue-collar,married,tertiary,no,653,yes,no,unknown,4,0,other,0
36,management,married,secondary,no,663,no,no,telephone,2,0,unknown,0
58,services,married,secondary,no,1238,yes,no,cellular,3,0,unknown,0
34,blue-collar,married,secondary,no,2318,no,yes,unknown,1,0,unknown,0
37,retired,single,secondary,no,902,yes,no,cellular,1,1,unknown,0
45,admin.,divorced,tertiary,no,39,no,yes,cellular,2,0,unknown,0
55,blue-collar,divorced,secondary,no,841,yes,no,cellular,1,0,unknown,0
32,management,married,primary,no,389,yes,yes,unknown,2,0,unknown,0
32,services,married,tertiary,no,49,yes,yes,unknown,1,0,unknown,0
50,self-employed,single,secondary,no,51,yes,no,cellular,2,2,failure,0
34,technician,single,secondary,no,-386,yes,no,unknown,2,0,unknown,0
22,management,married,secondary,no,178,yes,no,cellular,1,0,unknown,0
56,services,divorced,primary,no,-49,yes,yes,cellular,5,0,unknown,0
33,management,married,primary,yes,16873,yes,no,cellular,3,1,unknown,1
48,services,married,secondary,no,1193,yes,no,unknown,3,0,unknown,1
46,blue-collar,married,secondary,no,124,no,no,unknown,3,0,unknown,0
24,technician,married,tertiary,no,732,yes,no,telephone,1,0,unknown,0
37,technician,married,tertiary,no,342,no,no,unknown,1,0,unknown,0
31,management,married,unknown,no,168,no,yes,unknown,1,0,unknown,0
31,management,married,tertiary,no,1379,yes,no,cellular,1,0,unknown,0
46,management,married,secondary,no,0,no,no,cellular,2,0,other,0
28,management,married,secondary,no,-97,no,no,cellular,3,0,unknown,0
33,admin.,married,tertiary,no,889,yes,no,cellular,3,0,failure,0
57,technician,divorced,secondary,no,3651,no,no,cellular,1,2,failure,0
32,blue-collar,married,tertiary,no,0,yes,no,unknown,1,0,unknown,0
34,technician,married,primary,no,25,no,yes,telephone,2,0,unknown,0
25,admin.,single,secondary,no,475,yes,no,unknown,3,0,unknown,0
51,retired,single,secondary,no,2725,yes,no,cellular,3,0,unknown,0
32,entrepreneur,married,tertiary,no,18,yes,no,cellular,1,0,unknown,1
55,management,divorced,secondary,no,719,yes,no,unknown,1,1,unknown,0
40,blue-collar,single,secondary,no,-387,yes,no,cellular,1,0,unknown,0
51,self-employed,single,secondary,no,26398,no,no,cellular,1,0,unknown,0
39,entrepreneur,married,primary,no,-11,yes,no,unknown,6,0,unknown,0
29,blue-collar,married,tertiary,no,792,yes,no,unknown,1,0,unknown,0
36,technician,married,secondary,no,26425,yes,no,unknown,1,0,unknown,0
38,housemaid,married,secondary,no,66,yes,no,cellular,1,0,unknown,0
72,services,divorced,primary,no,891,yes,no,telephone,1,1,unknown,0
50,blue-collar,married,tertiary,no,445,yes,no,telephone,2,0,unknown,1
27,management,married,primary,no,-1,yes,yes,unknown,18,0,unknown,0
36,unknown,married,tertiary,no,0,yes,no,cellular,6,0,unknown,1
52,technician,married,unknown,no,2223,no,no,telephone,5,0,unknown,1
48,housemaid,married,secondary,no,31,yes,no,cellular,2,0,unknown,0
42,management,single,secondary,no,66,yes,no,cellular,4,0,unknown,0
40,management,married,secondary,no,3246,no,no,unknown,1,0,unknown,0
41,technician,divorced,tertiary,no,1937,yes,no,cellular,2,0,unknown,0
37,blue-collar,single,secondary,no,472,yes,yes,cellular,1,0,unknown,0
32,admin.,single,secondary,no,1664,yes,no,cellular,2,0,other,0
50,management,married,secondary,no,1733,no,yes,cellular,1,0,unknown,0
41,technician,single,secondary,no,-523,no,no,cellular,6,0,unknown,0
32,management,single,unknown,no,655,yes,no,cellular,2,0,unknown,0
60,retired,married,secondary,no,1810,no,no,cellular,16,0,unknown,0
49,blue-collar,married,tertiary,no,59,no,no,cellular,2,0,unknown,0
41,management,married,tertiary,no,8252,no,no,cellular,2,0,unknown,1
35,services,married,primary,no,7938,yes,no,cellular,2,0,unknown,0
27,admin.,married,tertiary,no,0,no,no,cellular,7,1,success,1
24,self-employed,single,secondary,no,525,no,no,cellular,1,0,unknown,0
46,admin.,divorced,primary,no,388,yes,no,unknown,4,0,unknown,0
28,admin.,married,secondary,no,1121,yes,no,cellular,4,2,other,0
53,technician,divorced,secondary,no,1521,yes,no,unknown,2,2,success,0
36,blue-collar,married,primary,no,1468,no,no,cellular,3,2,unknown,0
35,management,married,unknown,no,37,no,no,unknown,1,0,unknown,0
36,services,married,tertiary,no,63,yes,yes,cellular,4,0,unknown,0
29,blue-collar,married,tertiary,no,319,yes,no,cellular,2,0,unknown,0
32,technician,single,secondary,no,623,no,no,cellular,1,0,success,0
47,blue-collar,married,secondary,no,1372,yes,no,cellular,1,0,unknown,1
66,services,married,secondary,no,8069,no,no,cellular,3,0,unknown,0
34,technician,married,secondary,no,0,no,no,cellular,1,0,unknown,0
33,admin.,married,secondary,no,280,yes,no,unknown,2,0,unknown,0
48,services,married,secondary,no,1438,yes,no,unknown,1,0,success,0
59,management,divorced,tertiary,no,6487,no,yes,cellular,1,1,unknown,0
30,blue-collar,single,tertiary,no,1466,yes,no,cellular,3,0,unknown,0
30,blue-collar,married,tertiary,no,126,yes,yes,cellular,1,0,unknown,0
35,blue-collar,married,tertiary,no,862,no,no,unknown,2,0,unknown,0
46,unknown,single,secondary,no,205,no,no,unknown,1,0,unknown,0
36,blue-collar,married,secondary,no,158,no,yes,cellular,2,0,unknown,1
38,technician,married,primary,no,346,yes,no,cellular,1,0,failure,0
34,admin.,divorced,secondary,no,872,yes,no,unknown,2,0,failure,0
25,technician,single,unknown,no,15,yes,yes,cellular,1,0,unknown,0
31,services,married,secondary,no,39,yes,no,cellular,1,0,unknown,0
33,blue-collar,married,secondary,no,10339,yes,yes,cellular,1,1,failure,0
32,housemaid,married,secondary,no,201,no,no,unknown,5,0,unknown,0
32,retired,married,tertiary,no,0,no,yes,cellular,1,0,unknown,0
55,technician,married,unknown,no,876,no,yes,cellular,1,0,unknown,0
32,admin.,single,primary,no,1322,no,no,cellular,2,0,unknown,0
33,technician,single,secondary,no,22,no,no,cellular,1,0,unknown,0
33,management,single,primary,no,61,yes,no,unknown,1,0,unknown,0
59,management,married,tertiary,no,205,no,no,unknown,3,0,unknown,0
28,blue-collar,married,secondary,no,2404,yes,no,cellular,2,0,unknown,0
48,blue-collar,married,tertiary,no,768,no,no,unknown,1,0,unknown,0
43,management,divorced,primary,no,389,yes,no,unknown,6,0,unknown,0
53,technician,married,secondary,no,360,yes,no,cellular,1,0,unknown,0
49,management,married,secondary,no,-277,no,no,cellular,3,0,failure,0
52,admin.,married,secondary,no,994,no,no,cellular,2,0,unknown,0
39,management,married,unknown,no,659,yes,no,cellular,4,0,unknown,0
49,admin.,married,primary,no,473,no,no,cellular,2,0,unknown,0
40,technician,married,tertiary,no,0,no,no,cellular,2,0,unknown,0
44,management,single,secondary,no,58,no,no,unknown,4,0,failure,0
39,technician,divorced,unknown,no,151,no,no,cellular,4,3,unknown,0
29,technician,single,tertiary,no,225,no,no,unknown,2,0,unknown,0
30,services,married,secondary,no,1165,no,no,cellular,1,0,unknown,0
30,management,married,secondary,no,469,yes,no,unknown,5,0,unknown,0
40,management,married,secondary,no,889,no,no,cellular,1,0,other,0
37,housemaid,married,tertiary,no,22,yes,no,cellular,1,1,other,1
31,services,single,tertiary,no,816,no,no,cellular,1,0,unknown,1
60,services,married,tertiary,no,5499,no,no,cellular,2,0,unknown,0
59,management,married,secondary,no,-753,yes,no,unknown,4,0,unknown,0
30,housemaid,married,secondary,no,163,yes,no,cellular,2,0,unknown,0
27,entrepreneur,married,secondary,no,225,yes,no,cellular,6,0,success,0
30,management,married,tertiary,no,9143,yes,no,cellular,1,0,unknown,1
43,management,single,tertiary,no,1787,no,yes,telephone,1,0,unknown,1
38,services,married,tertiary,no,3018,yes,no,cellular,1,1,unknown,0
34,blue-collar,married,tertiary,no,440,yes,no,unknown,2,0,unknown,0
46,technician,married,secondary,no,3696,yes,no,unknown,6,0,unknown,0
51,self-employed,single,tertiary,no,1378,no,no,cellular,3,0,unknown,1
50,admin.,single,primary,no,7839,no,no,cellular,2,0,unknown,0
58,retired,married,primary,no,0,no,no,unknown,2,0,unknown,0
30,entrepreneur,single,unknown,no,210,no,yes,cellular,1,0,unknown,0
39,services,single,primary,no,288,yes,no,cellular,8,0,unknown,1
36,admin.,single,secondary,no,867,no,yes,unknown,1,0,unknown,0
50,management,divorced,secondary,no,192,no,no,cellular,4,4,failure,1
44,services,married,secondary,no,839,no,no,cellular,3,0,unknown,0
27,management,married,tertiary,no,145,yes,no,unknown,6,0,unknown,0
35,unemployed,married,tertiary,no,2092,yes,no,unknown,3,0,unknown,0
49,blue-collar,single,secondary,no,1418,yes,no,cellular,4,0,success,0
74,technician,married,secondary,no,798,no,no,cellular,3,3,unknown,0
62,admin.,married,secondary,no,197,yes,no,unknown,1,0,unknown,0
31,retired,single,secondary,no,65,no,no,unknown,2,0,unknown,0
26,management,single,tertiary,no,5780,yes,no,cellular,2,0,unknown,0
32,technician,married,tertiary,no,3302,yes,no,cellular,2,0,unknown,0
36,blue-collar,single,primary,no,887,yes,no,unknown,4,0,other,0
57,admin.,married,secondary,no,71,yes,no,cellular,2,1,unknown,1
41,blue-collar,married,secondary,no,4602,yes,no,unknown,1,0,unknown,0
44,management,married,secondary,no,48,no,no,cellular,2,0,failure,0
46,blue-collar,married,secondary,no,425,yes,no,cellular,2,0,unknown,0
45,services,divorced,secondary,no,212,no,no,telephone,1,0,unknown,0
36,management,single,secondary,no,897,yes,no,cellular,1,5,failure,0
33,unemployed,married,tertiary,no,1882,yes,no,telephone,2,0,unknown,0
34,blue-collar,single,primary,no,13680,yes,no,cellular,2,1,other,0
41,management,divorced,secondary,no,575,yes,no,cellular,3,0,unknown,0
34,unknown,married,tertiary,no,303,no,no,cellular,1,0,unknown,1
22,management,married,secondary,no,2548,yes,no,cellular,1,1,other,0
32,management,single,primary,no,12,yes,no,cellular,1,0,unknown,0
27,technician,divorced,unknown,no,625,no,no,cellular,2,0,unknown,0
54,management,single,secondary,no,0,yes,no,cellular,1,0,unknown,0
35,management,single,secondary,no,668,no,no,cellular,1,0,success,0
40,blue-collar,divorced,tertiary,no,372,yes,no,telephone,5,0,unknown,0
44,blue-collar,married,secondary,no,4510,yes,yes,unknown,4,0,unknown,1
53,entrepreneur,divorced,secondary,no,594,no,no,unknown,2,0,failure,0
49,management,married,secondary,no,1560,yes,no,cellular,1,0,unknown,0
43,self-employed,married,secondary,no,1288,no,no,cellular,1,0,unknown,0
50,management,divorced,primary,no,1308,yes,no,cellular,19,0,unknown,0
33,housemaid,married,tertiary,no,1624,no,no,cellular,3,0,unknown,0
40,blue-collar,single,primary,no,2930,no,no,unknown,1,0,unknown,0
47,unemployed,married,secondary,no,123,no,no,unknown,2,0,failure,0
53,blue-collar,divorced,secondary,no,6467,no,no,cellular,2,0,unknown,0
55,self-employed,single,tertiary,no,4150,yes,no,cellular,4,0,unknown,0
47,unemployed,single,unknown,no,65,yes,no,cellular,1,0,unknown,0
46,blue-collar,divorced,tertiary,no,-54,yes,no,cellular,1,0,unknown,0
46,blue-collar,married,secondary,no,-146,no,yes,unknown,2,0,unknown,0
48,services,married,tertiary,no,0,no,no,telephone,2,0,unknown,0
36,management,married,secondary,no,14,no,no,cellular,3,0,failure,0
38,technician,single,secondary,no,60,yes,no,unknown,2,0,unknown,0
60,technician,married,secondary,no,736,no,yes,cellular,2,0,unknown,0
39,admin.,married,secondary,no,180,yes,yes,cellular,2,0,unknown,0
33,management,married,tertiary,no,-84,yes,yes,cellular,1,0,unknown,0
31,blue-collar,married,tertiary,no,1038,yes,no,cellular,2,0,unknown,0
35,services,single,tertiary,no,15861,no,no,cellular,3,0,unknown,0
34,technician,single,secondary,no,1237,yes,no,unknown,1,0,unknown,0
52,technician,married,primary,no,-715,yes,no,cellular,1,1,unknown,0
34,unknown,single,tertiary,no,-261,yes,no,cellular,3,0,success,0
30,retired,married,secondary,no,291,yes,no,cellular,2,0,other,0
60,blue-collar,married,secondary,no,2128,yes,no,unknown,1,0,unknown,0
53,blue-collar,married,secondary,no,1117,yes,no,unknown,2,0,unknown,0
58,services,married,tertiary,no,765,yes,no,cellular,1,2,failure,1
31,entrepreneur,single,secondary,no,841,yes,yes,unknown,5,0,unknown,0
54,admin.,married,secondary,no,907,yes,yes,cellular,2,0,unknown,0
45,services,married,secondary,no,8998,no,no,unknown,1,1,failure,0
23,management,single,secondary,no,-106,no,no,unknown,3,0,unknown,1
44,technician,single,tertiary,no,10710,no,no,unknown,5,0,unknown,1
58,blue-collar,divorced,secondary,no,440,yes,no,cellular,1,0,unknown,0
33,admin.,single,tertiary,no,3737,no,yes,cellular,1,0,unknown,0
52,blue-collar,married,secondary,no,0,no,yes,unknown,1,0,unknown,0
51,technician,married,secondary,no,94,yes,no,cellular,3,0,unknown,0
51,services,married,tertiary,no,751,no,no,unknown,15,0,unknown,0
36,admin.,divorced,tertiary,no,140,yes,no,cellular,6,0,unknown,0
60,entrepreneur,married,primary,no,506,yes,no,cellular,3,0,unknown,0
50,blue-collar,married,primary,no,125,no,no,telephone,2,0,unknown,0
30,blue-collar,married,secondary,no,0,yes,no,unknown,3,0,unknown,0
32,self-employed,single,secondary,no,2961,no,no,cellular,4,0,failure,0
31,management,married,tertiary,no,84,yes,no,unknown,2,0,unknown,0
34,retired,single,secondary,no,-97,yes,yes,cellular,4,0,unknown,0
31,technician,single,primary,no,469,no,no,unknown,1,0,unknown,0
48,technician,single,secondary,no,13579,no,no,unknown,2,0,unknown,0
54,management,divorced,primary,no,238,no,no,cellular,1,0,unknown,0
59,retired,married,secondary,no,441,yes,no,cellular,4,0,unknown,0
53,technician,divorced,secondary,no,1117,no,no,unknown,4,0,unknown,0
34,retired,married,primary,no,0,no,no,telephone,14,0,unknown,0
50,housemaid,married,tertiary,no,846,yes,no,unknown,1,0,unknown,0
30,admin.,married,secondary,no,93,yes,no,cellular,3,0,unknown,0
40,admin.,single,primary,no,203,yes,no,unknown,3,0,unknown,1
35,management,married,primary,no,940,no,no,cellular,3,0,success,0
58,blue-collar,married,secondary,no,753,no,yes,unknown,1,0,unknown,0
30,management,single,secondary,no,856,yes,yes,unknown,2,0,unknown,0
37,services,married,primary,no,1132,yes,no,cellular,2,0,unknown,0
28,blue-collar,married,primary,no,467,yes,yes,cellular,6,0,other,0
24,technician,single,tertiary,no,-269,no,no,telephone,3,0,unknown,0
60,blue-collar,married,secondary,no,810,yes,no,unknown,1,0,unknown,0
37,technician,single,secondary,no,216,yes,no,cellular,2,0,unknown,0
57,blue-collar,married,secondary,no,181,no,no,cellular,3,0,unknown,0
45,services,single,secondary,no,2274,yes,yes,unknown,3,0,unknown,0
51,blue-collar,married,secondary,no,71,yes,no,cellular,1,0,unknown,0
35,self-employed,married,primary,no,2381,yes,no,unknown,3,0,other,0
41,self-employed,single,primary,no,1521,yes,no,cellular,3,0,unknown,0
41,admin.,divorced,secondary,no,1569,yes,no,unknown,1,0,unknown,0
54,management,married,secondary,no,188,yes,no,unknown,4,0,failure,0
49,blue-collar,married,tertiary,no,1267,no,no,telephone,3,0,unknown,0
55,management,married,secondary,no,1994,no,no,unknown,2,0,unknown,0
37,self-employed,married,secondary,no,977,yes,no,cellular,1,0,unknown,0
60,technician,married,secondary,no,9874,yes,no,cellular,2,0,unknown,0
63,management,single,tertiary,no,0,yes,no,unknown,1,0,success,0
31,management,married,tertiary,no,1924,yes,no,unknown,1,0,unknown,0
31,unknown,single,secondary,no,134,yes,no,cellular,4,0,unknown,0
31,blue-collar,married,tertiary,no,510,yes,no,unknown,2,0,success,0
34,management,married,unknown,no,3222,no,no,unknown,1,0,unknown,0
55,retired,married,secondary,no,5280,no,yes,cellular,2,0,unknown,0
37,management,married,unknown,no,588,yes,no,cellular,3,0,failure,0
46,management,married,tertiary,no,2075,yes,no,cellular,2,0,unknown,0
44,technician,married,secondary,no,61,no,no,unknown,2,0,unknown,0
36,services,divorced,tertiary,no,69,no,yes,unknown,5,0,unknown,0
77,services,married,secondary,no,52,no,yes,unknown,2,0,unknown,0
57,admin.,married,secondary,no,718,no,no,cellular,3,0,unknown,0
36,services,married,secondary,no,1054,no,no,cellular,1,2,failure,0
42,services,single,secondary,no,400,no,no,cellular,1,0,unknown,0
31,technician,married,unknown,no,7325,yes,no,cellular,1,0,unknown,0
27,retired,married,primary,no,-803,yes,no,cellular,2,0,unknown,0
61,blue-collar,married,tertiary,no,384,no,no,unknown,2,0,unknown,1
23,admin.,single,secondary,no,-497,no,no,cellular,2,0,unknown,0
57,management,divorced,secondary,no,360,no,yes,cellular,1,0,failure,0
31,unemployed,married,secondary,no,2506,yes,no,cellular,2,0,unknown,0
41,student,divorced,secondary,no,2556,yes,yes,cellular,1,1,failure,0
55,blue-collar,married,secondary,no,2240,no,no,cellular,7,0,unknown,0
38,student,married,secondary,no,0,no,no,cellular,1,0,unknown,1
73,services,divorced,tertiary,no,8309,no,no,unknown,4,0,unknown,0
59,retired,divorced,secondary,no,37,yes,no,cellular,14,0,unknown,0
34,technician,married,tertiary,no,169,no,no,unknown,2,0,unknown,0
54,student,single,tertiary,no,7162,no,no,cellular,2,0,unknown,0
80,self-employed,married,primary,no,30,no,no,cellular,2,0,unknown,0
32,blue-collar,married,tertiary,no,3705,yes,no,cellular,2,2,failure,0
54,unemployed,married,secondary,no,473,no,no,unknown,3,0,unknown,1
37,student,single,secondary,no,316,yes,no,cellular,1,0,unknown,0
30,retired,married,secondary,no,1152,yes,no,unknown,2,0,unknown,0
36,entrepreneur,single,tertiary,no,0,no,no,cellular,1,0,success,0
40,blue-collar,married,secondary,no,1372,no,no,cellular,2,0,unknown,0
53,management,divorced,secondary,no,236,yes,no,unknown,7,0,unknown,0
49,technician,married,tertiary,no,12,yes,no,cellular,2,1,other,1
37,admin.,married,secondary,no,31,yes,yes,cellular,4,0,unknown,0
53,admin.,married,secondary,no,2732,no,no,cellular,3,0,unknown,0
54,technician,married,secondary,no,-24,yes,no,cellular,2,0,unknown,0
41,blue-collar,married,secondary,no,431,yes,yes,cellular,3,1,unknown,0
41,management,married,secondary,no,202,yes,no,unknown,3,0,unknown,0
43,technician,married,secondary,no,67,yes,no,cellular,3,0,unknown,0
31,blue-collar,married,secondary,no,2519,yes,yes,telephone,1,0,unknown,0
35,technician,married,tertiary,no,334,yes,yes,cellular,6,0,unknown,0
32,admin.,single,secondary,no,4958,yes,no,unknown,2,0,failure,0
31,entrepreneur,married,primary,no,4721,no,no,unknown,6,0,unknown,0
53,self-employed,married,unknown,no,926,no,no,cellular,2,1,unknown,0
30,technician,single,primary,no,118,no,yes,telephone,3,0,unknown,0
45,management,married,secondary,no,0,no,no,unknown,4,0,unknown,0
46,technician,married,tertiary,no,975,yes,no,cellular,1,1,failure,0
60,entrepreneur,divorced,secondary,no,340,yes,no,unknown,1,1,unknown,1
44,admin.,married,secondary,no,20,no,no,unknown,1,0,unknown,0
30,admin.,married,primary,no,86,yes,no,unknown,2,0,unknown,0
52,management,married,secondary,no,29,no,no,cellular,2,0,unknown,0
40,management,married,primary,no,181,no,no,cellular,2,0,unknown,0
34,management,single,tertiary,no,117,no,no,cellular,6,0,unknown,1
37,admin.,married,secondary,no,0,no,yes,telephone,5,0,failure,0
32,technician,married,secondary,no,4507,no,no,unknown,28,0,unknown,0
34,technician,married,secondary,no,1927,no,no,unknown,2,0,unknown,0
45,retired,divorced,secondary,no,-469,yes,no,cellular,2,0,unknown,0
58,management,married,secondary,no,75,no,no,unknown,5,0,unknown,1
33,blue-collar,married,secondary,no,1366,yes,no,cellular,2,0,unknown,0
55,technician,married,secondary,no,35,yes,no,cellular,2,0,unknown,0
39,management,married,tertiary,no,8883,yes,no,telephone,1,5,failure,0
31,entrepreneur,married,tertiary,no,239,yes,no,cellular,2,0,unknown,0
34,blue-collar,married,primary,no,305,yes,no,cellular,1,0,unknown,0
49,management,married,secondary,no,4854,yes,no,telephone,2,2,failure,0
59,blue-collar,divorced,tertiary,no,462,yes,no,cellular,1,0,unknown,0
36,management,married,tertiary,no,132,no,yes,cellular,5,0,unknown,0
49,services,divorced,secondary,no,1326,yes,no,cellular,1,0,unknown,1
35,management,married,secondary,no,0,yes,no,unknown,7,0,unknown,0
34,blue-collar,married,secondary,no,-189,yes,no,unknown,7,0,unknown,0
45,blue-collar,married,primary,no,396,yes,no,unknown,7,0,unknown,0
58,blue-collar,married,secondary,no,1594,no,no,cellular,1,0,unknown,0
32,management,married,primary,no,200,no,yes,telephone,1,0,unknown,0
57,management,married,tertiary,yes,495,no,yes,unknown,1,0,unknown,0
54,management,married,primary,no,685,yes,no,cellular,3,0,unknown,0
35,blue-collar,single,primary,no,20,yes,no,telephone,2,0,other,0
33,technician,single,secondary,no,781,yes,no,unknown,2,0,unknown,0
32,management,married,primary,no,52,no,no,cellular,2,0,unknown,0
39,blue-collar,married,secondary,no,4365,no,no,cellular,3,0,unknown,0
37,technician,single,secondary,no,339,no,no,cellular,2,0,unknown,1
39,blue-collar,single,primary,no,665,no,no,unknown,2,0,unknown,1
58,management,divorced,secondary,no,436,no,no,cellular,4,2,failure,0
50,blue-collar,divorced,primary,no,16923,no,no,unknown,1,1,other,0
35,housemaid,married,secondary,no,-706,no,no,cellular,1,0,unknown,0
59,blue-collar,married,secondary,no,142,no,yes,telephone,2,0,unknown,0
50,technician,married,secondary,no,0,no,no,unknown,5,0,unknown,0
26,technician,single,secondary,no,0,yes,no,cellular,2,0,failure,0
33,management,married,secondary,no,3673,no,no,telephone,3,0,unknown,0
52,entrepreneur,divorced,primary,no,5365,no,no,cellular,2,0,unknown,0
69,admin.,married,secondary,no,1919,yes,no,cellular,1,1,failure,0
38,blue-collar,married,secondary,no,497,yes,no,unknown,1,0,unknown,0
22,management,single,tertiary,no,383,yes,no,cellular,1,0,unknown,0
50,self-employed,married,secondary,no,4887,no,no,unknown,3,2,unknown,0
45,self-employed,married,secondary,no,659,yes,no,telephone,2,0,success,0
36,management,married,secondary,no,865,no,no,cellular,5,0,unknown,0
30,management,married,tertiary,no,0,yes,no,cellular,1,0,unknown,0
46,housemaid,married,secondary,no,4796,yes,no,cellular,1,0,other,0
49,technician,married,secondary,no,709,yes,no,cellular,1,0,unknown,1
42,technician,married,tertiary,no,9689,yes,no,cellular,10,0,unknown,0
30,housemaid,married,tertiary,no,4,yes,yes,cellular,3,0,unknown,0
37,blue-collar,married,secondary,no,1381,yes,yes,cellular,1,3,failure,0
38,admin.,divorced,secondary,no,478,yes,no,cellular,1,0,unknown,0
32,management,divorced,secondary,no,764,yes,no,cellular,4,0,unknown,0
34,management,single,tertiary,no,80,yes,no,unknown,1,0,unknown,0
37,management,married,primary,no,173,yes,no,cellular,2,0,unknown,0
45,technician,married,tertiary,no,5207,no,no,unknown,2,0,unknown,0
45,blue-collar,single,secondary,no,71,no,no,cellular,3,0,other,0
33,admin.,married,secondary,no,1011,no,no,cellular,1,0,other,0
66,management,married,tertiary,no,8131,yes,no,cellular,3,0,unknown,0
45,blue-collar,married,tertiary,no,469,no,no,cellular,2,0,unknown,0
51,management,married,secondary,no,696,no,no,cellular,2,0,unknown,0
33,management,married,secondary,no,2134,yes,no,unknown,1,0,unknown,0
37,housemaid,married,secondary,no,2657,yes,no,unknown,1,0,unknown,0
30,management,married,secondary,no,-615,yes,no,cellular,2,6,failure,0
71,blue-collar,divorced,primary,no,3232,no,no,cellular,1,0,unknown,0
37,technician,married,secondary,no,829,yes,no,unknown,4,0,unknown,0
32,management,married,secondary,no,143,yes,no,unknown,4,0,unknown,0
34,blue-collar,married,tertiary,no,1666,yes,no,unknown,1,5,failure,0
58,blue-collar,married,secondary,no,1557,no,no,unknown,1,0,unknown,0
27,management,single,unknown,no,407,yes,no,cellular,10,0,unknown,0
31,blue-collar,married,tertiary,no,251,yes,yes,cellular,2,0,unknown,0
39,services,married,tertiary,no,1899,yes,no,cellular,2,0,unknown,0
42,blue-collar,divorced,secondary,no,6767,yes,no,unknown,4,0,unknown,0
39,blue-collar,divorced,secondary,no,-106,yes,no,cellular,1,0,failure,0
35,admin.,single,tertiary,no,1413,yes,no,unknown,2,0,unknown,0
39,technician,single,secondary,no,1819,yes,no,unknown,1,0,unknown,1
42,admin.,married,primary,no,468,yes,yes,unknown,1,0,unknown,0
36,technician,single,secondary,no,2138,no,no,cellular,1,0,unknown,0
35,technician,single,tertiary,no,25,yes,no,cellular,3,0,unknown,0
54,services,married,primary,no,411,no,no,unknown,5,0,unknown,0
49,blue-collar,married,secondary,no,177,no,no,telephone,2,0,other,0
57,entrepreneur,married,primary,no,56,yes,no,telephone,1,0,unknown,0
33,blue-collar,married,primary,no,1377,yes,no,cellular,2,1,success,0
44,blue-collar,single,primary,no,4726,no,no,cellular,3,3,failure,0
35,entrepreneur,married,secondary,no,0,no,no,cellular,1,0,unknown,0
40,technician,single,secondary,no,1156,yes,no,cellular,32,0,unknown,0
26,admin.,single,primary,no,197,yes,yes,cellular,4,0,unknown,0
36,services,married,tertiary,no,1058,no,no,telephone,3,0,unknown,1
60,unemployed,married,secondary,no,732,yes,no,cellular,1,0,unknown,0
53,technician,single,tertiary,no,759,yes,no,unknown,2,0,failure,0
58,blue-collar,married,secondary,no,0,yes,no,cellular,3,0,unknown,0
31,management,single,tertiary,no,260,yes,no,unknown,2,0,unknown,0
61,blue-collar,divorced,tertiary,no,3684,no,no,cellular,3,0,unknown,0
36,self-employed,married,secondary,no,225,no,no,cellular,2,0,unknown,1
38,self-employed,divorced,tertiary,no,1612,no,no,cellular,6,0,unknown,0
42,services,married,secondary,no,871,yes,yes,unknown,4,0,unknown,0
47,retired,married,tertiary,no,5118,no,no,unknown,1,0,unknown,0
32,services,married,secondary,no,33,no,yes,cellular,2,0,unknown,0
42,blue-collar,married,tertiary,no,2934,no,no,unknown,2,0,unknown,0
40,self-employed,married,secondary,no,34,yes,no,telephone,2,0,unknown,0
32,services,married,secondary,no,609,no,yes,cellular,1,0,unknown,0
43,technician,married,secondary,no,1945,no,yes,cellular,4,0,unknown,0
58,management,married,tertiary,no,976,yes,no,cellular,3,0,unknown,0
35,blue-collar,single,tertiary,no,228,yes,no,cellular,2,1,unknown,0
59,retired,married,tertiary,no,243,yes,no,cellular,3,5,failure,0
44,blue-collar,married,primary,no,-71,yes,no,cellular,1,0,failure,0
36,unknown,single,secondary,no,1748,no,no,cellular,8,0,unknown,0
63,blue-collar,married,secondary,no,507,yes,no,cellular,5,0,unknown,0
54,technician,divorced,secondary,no,228,no,no,cellular,1,0,success,0
59,retired,married,secondary,no,1415,yes,no,cellular,3,0,unknown,0
25,retired,married,secondary,no,1,yes,no,unknown,7,0,unknown,0
27,admin.,married,tertiary,no,121,yes,no,cellular,1,0,failure,0
33,blue-collar,married,secondary,no,485,no,no,cellular,7,0,unknown,0
31,management,single,secondary,no,11358,yes,no,cellular,3,0,unknown,0
52,management,divorced,tertiary,no,-402,no,yes,unknown,1,0,unknown,0
36,blue-collar,married,primary,no,654,yes,yes,telephone,3,0,failure,0
26,technician,married,secondary,no,-59,no,no,cellular,1,0,unknown,1
30,management,single,secondary,no,89,no,no,cellular,2,0,success,0
42,technician,single,unknown,no,0,yes,no,cellular,8,0,unknown,0
34,technician,married,tertiary,no,847,yes,no,cellular,3,0,unknown,0
24,management,single,tertiary,no,145,no,no,cellular,1,0,unknown,1
46,services,single,secondary,no,162,no,no,cellular,1,0,unknown,0
54,technician,married,secondary,no,0,yes,yes,cellular,2,0,unknown,0
38,blue-collar,single,secondary,no,439,yes,no,cellular,3,0,unknown,1
31,management,single,tertiary,no,251,no,yes,cellular,2,0,unknown,0
46,admin.,married,secondary,no,3702,no,no,cellular,2,0,unknown,0
43,technician,married,secondary,no,727,no,no,cellular,2,0,unknown,0
42,retired,married,secondary,no,1588,no,no,cellular,1,0,unknown,0
79,technician,divorced,secondary,no,18279,no,no,cellular,4,0,unknown,0
28,blue-collar,single,tertiary,no,743,yes,no,cellular,2,0,unknown,0
35,blue-collar,single,primary,no,3862,no,no,unknown,7,0,unknown,0
47,management,divorced,secondary,no,306,yes,no,cellular,3,0,unknown,0
48,services,single,tertiary,no,970,yes,yes,unknown,5,0,unknown,0
34,blue-collar,single,secondary,no,0,yes,no,cellular,1,0,unknown,0
28,management,single,primary,no,9323,yes,no,unknown,3,0,unknown,0
36,blue-collar,divorced,secondary,no,872,no,no,cellular,3,0,failure,0
59,blue-collar,married,secondary,no,478,no,no,unknown,1,0,unknown,0
50,technician,single,secondary,no,185,no,no,cellular,2,0,unknown,1
55,blue-collar,married,secondary,no,2257,yes,no,cellular,2,0,unknown,0
35,blue-collar,married,secondary,no,128,no,no,cellular,1,0,unknown,0
42,admin.,married,secondary,no,522,yes,no,cellular,2,0,unknown,0
50,retired,married,primary,no,157,yes,no,unknown,1,0,failure,1
49,blue-collar,married,tertiary,no,57,yes,no,unknown,6,0,unknown,1
28,blue-collar,single,secondary,no,481,yes,no,cellular,1,0,success,0
42,housemaid,married,tertiary,no,-621,yes,no,cellular,6,0,unknown,0
58,unemployed,married,secondary,no,84,no,no,cellular,2,0,unknown,0
45,management,divorced,tertiary,no,599,no,no,cellular,3,0,unknown,1
47,services,married,tertiary,no,-277,yes,no,cellular,4,0,unknown,0
31,blue-collar,married,tertiary,no,1382,no,no,cellular,2,0,unknown,0
57,blue-collar,divorced,secondary,no,3518,no,no,unknown,1,0,unknown,0
52,management,married,tertiary,no,603,yes,no,unknown,3,2,failure,0
33,management,divorced,primary,no,1179,no,yes,cellular,3,0,unknown,0
54,management,married,tertiary,no,20,yes,no,telephone,1,0,unknown,0
38,technician,married,secondary,no,3050,yes,yes,cellular,2,0,unknown,0
34,management,married,tertiary,no,2486,no,no,cellular,1,0,unknown,0
36,blue-collar,married,secondary,no,644,yes,yes,cellular,5,0,unknown,1
41,self-employed,married,secondary,no,115,no,no,cellular,4,0,unknown,0
31,technician,married,secondary,no,3217,no,no,cellular,2,0,other,0
46,services,married,secondary,no,81,yes,no,unknown,1,0,unknown,0
56,technician,married,primary,no,1624,yes,yes,cellular,4,0,failure,0
33,technician,married,secondary,no,2535,no,yes,cellular,2,0,unknown,0
35,admin.,single,tertiary,no,61,yes,yes,cellular,2,0,unknown,0
79,management,married,tertiary,no,3283,yes,no,cellular,6,0,unknown,0
29,retired,married,tertiary,no,1788,yes,no,cellular,4,0,unknown,0
30,housemaid,married,tertiary,no,0,yes,no,unknown,1,0,unknown,0
38,blue-collar,married,tertiary,no,168,yes,no,cellular,2,0,unknown,0
44,services,divorced,secondary,no,726,no,no,unknown,1,0,unknown,0
35,technician,divorced,secondary,no,0,yes,no,cellular,2,0,unknown,0
38,management,married,tertiary,no,108,yes,no,cellular,1,0,unknown,1
37,management,married,tertiary,no,428,no,no,cellular,1,0,unknown,0
53,technician,married,primary,no,340,yes,no,cellular,1,5,failure,0
32,technician,single,tertiary,no,1291,no,no,unknown,4,3,unknown,0
35,technician,single,tertiary,no,1415,no,no,telephone,4,1,failure,0
30,admin.,married,primary,no,8,yes,no,unknown,2,0,failure,0
52,blue-collar,married,tertiary,no,-178,no,no,cellular,2,0,success,0
70,management,divorced,tertiary,no,1050,yes,no,cellular,1,0,unknown,0
41,management,married,secondary,no,0,no,yes,cellular,2,0,unknown,0
53,technician,divorced,secondary,no,4666,yes,no,cellular,2,0,failure,0
28,retired,married,tertiary,no,197,yes,no,telephone,2,0,unknown,1
30,admin.,married,secondary,no,0,no,no,unknown,2,0,unknown,0
33,management,single,secondary,no,4,yes,no,cellular,2,0,unknown,0
53,housemaid,divorced,secondary,no,299,no,no,cellular,5,0,unknown,0
22,student,single,unknown,no,444,yes,no,cellular,2,0,failure,0
32,management,single,secondary,no,865,no,no,telephone,5,0,unknown,0
51,services,married,secondary,no,421,no,no,cellular,5,0,failure,0
49,retired,married,secondary,no,3416,yes,no,cellular,1,0,unknown,0
33,technician,single,secondary,no,66,yes,no,cellular,2,0,unknown,0
39,blue-collar,married,tertiary,no,517,no,no,unknown,3,0,unknown,0
46,technician,divorced,secondary,no,826,yes,no,cellular,1,0,unknown,1
51,housemaid,single,secondary,no,-552,yes,no,cellular,1,0,unknown,1
56,technician,divorced,secondary,no,793,yes,no,cellular,2,0,unknown,0
37,blue-collar,married,secondary,no,0,yes,no,cellular,3,1,unknown,0
34,technician,single,tertiary,no,5,no,yes,cellular,1,0,unknown,0
41,blue-collar,married,tertiary,no,440,yes,yes,cellular,1,2,success,0
28,services,single,secondary,no,7742,no,no,unknown,2,0,success,0
45,blue-collar,married,secondary,no,3064,no,no,cellular,7,0,failure,1
32,services,single,tertiary,no,0,yes,yes,cellular,3,0,unknown,0
30,management,married,primary,no,221,yes,no,telephone,1,0,failure,0
32,blue-collar,married,secondary,no,37,yes,no,cellular,1,6,failure,0
38,services,married,secondary,no,90,yes,yes,telephone,3,0,unknown,1
26,blue-collar,married,secondary,no,-240,yes,no,cellular,4,0,unknown,0
31,blue-collar,married,tertiary,no,254,yes,yes,cellular,1,0,unknown,0
26,services,single,tertiary,no,2096,no,no,cellular,2,0,unknown,1
49,student,single,primary,no,1409,no,no,cellular,4,0,unknown,0
39,unknown,single,tertiary,no,382,no,no,cellular,2,0,unknown,0
37,management,married,secondary,no,177,no,no,unknown,2,0,unknown,0
32,admin.,married,primary,no,401,yes,no,unknown,3,0,unknown,0
32,admin.,married,primary,no,-1204,yes,no,telephone,2,0,unknown,0
31,services,divorced,tertiary,no,78,no,yes,cellular,1,0,unknown,0
58,student,married,tertiary,no,223,no,no,cellular,2,0,success,0
48,technician,married,secondary,no,282,yes,no,unknown,1,0,unknown,0
29,technician,married,tertiary,no,326,no,no,cellular,2,0,unknown,0
31,blue-collar,single,secondary,no,1168,no,no,cellular,7,0,unknown,0
42,services,married,tertiary,no,3671,yes,no,telephone,1,0,unknown,0
22,unemployed,single,tertiary,no,92,yes,no,cellular,4,0,unknown,0
57,technician,married,secondary,no,1532,yes,no,telephone,6,0,unknown,0
59,blue-collar,married,secondary,no,1064,no,yes,cellular,4,0,unknown,0
44,admin.,divorced,tertiary,yes,2794,yes,no,cellular,4,0,unknown,0
29,blue-collar,married,secondary,no,741,yes,no,cellular,4,0,unknown,0
37,blue-collar,married,secondary,no,2,yes,no,cellular,1,2,unknown,0
33,blue-collar,single,secondary,no,390,no,no,cellular,3,0,unknown,0
31,blue-collar,married,unknown,no,802,yes,no,cellular,2,0,unknown,0
60,admin.,divorced,secondary,no,137,yes,yes,cellular,1,0,unknown,1
30,management,married,primary,no,-297,yes,no,cellular,1,0,unknown,0
49,blue-collar,married,secondary,no,806,yes,yes,unknown,2,0,unknown,0
41,student,married,secondary,no,582,no,no,unknown,1,0,unknown,1
32,management,married,secondary,no,4,no,no,cellular,1,0,unknown,0
52,blue-collar,married,tertiary,no,271,yes,no,cellular,1,2,failure,0
42,services,married,secondary,no,-106,yes,no,cellular,1,0,unknown,0
55,management,married,secondary,no,0,no,no,cellular,4,0,unknown,0
58,services,married,secondary,no,344,no,no,cellular,3,0,unknown,0
29,management,single,unknown,no,30,no,yes,unknown,1,0,unknown,0
39,management,married,secondary,no,-584,yes,no,unknown,2,0,failure,0
37,admin.,married,primary,no,-320,yes,yes,telephone,1,0,unknown,0
33,technician,single,tertiary,no,1138,yes,no,cellular,2,0,unknown,0
36,management,married,secondary,no,212,yes,yes,cellular,2,0,unknown,0
43,management,divorced,secondary,no,286,yes,no,cellular,4,0,unknown,0
33,technician,single,tertiary,no,49,yes,no,cellular,1,0,unknown,1
35,services,married,tertiary,no,-551,no,no,cellular,2,0,unknown,0
57,retired,divorced,secondary,no,3936,yes,no,cellular,4,0,unknown,0
34,management,married,secondary,no,0,yes,no,telephone,3,0,unknown,0
34,technician,single,secondary,yes,2,yes,no,unknown,4,0,unknown,0
38,housemaid,married,secondary,no,-389,yes,yes,cellular,4,0,unknown,0
46,management,divorced,secondary,no,47,no,no,cellular,2,0,unknown,0
52,blue-collar,married,secondary,no,1255,yes,no,cellular,1,0,unknown,0
27,blue-collar,married,secondary,no,320,yes,no,cellular,2,0,unknown,0
50,technician,married,secondary,no,1104,yes,no,cellular,2,0,unknown,0
28,technician,married,secondary,no,286,yes,no,cellular,2,0,unknown,0
39,management,married,secondary,no,4011,yes,no,cellular,4,0,unknown,0
44,management,single,unknown,no,1475,yes,no,cellular,1,0,unknown,1
51,admin.,divorced,secondary,no,5731,no,no,cellular,1,0,unknown,0
31,technician,married,tertiary,no,4,yes,no,unknown,4,0,unknown,0
28,technician,single,secondary,no,0,no,no,cellular,3,0,unknown,0
26,technician,married,secondary,no,318,yes,no,unknown,1,0,unknown,0
35,management,divorced,tertiary,no,1621,no,no,cellular,2,1,unknown,1
32,admin.,married,secondary,no,4718,yes,no,cellular,1,0,failure,0
38,blue-collar,married,secondary,no,6050,yes,no,cellular,2,0,unknown,0
42,services,married,secondary,no,29,yes,yes,unknown,3,0,unknown,0
23,technician,single,tertiary,no,4769,yes,yes,cellular,3,0,unknown,0
40,management,married,tertiary,no,2558,no,no,cellular,2,0,unknown,0
44,retired,married,primary,no,4526,yes,no,cellular,1,0,unknown,0
54,admin.,married,secondary,no,-589,no,no,unknown,2,0,unknown,0
27,admin.,single,unknown,no,109,yes,no,cellular,4,0,success,1
40,management,married,primary,no,5733,no,no,unknown,2,0,unknown,0
45,management,divorced,secondary,no,0,yes,no,cellular,1,0,unknown,0
59,retired,married,secondary,no,810,no,no,cellular,1,0,failure,0
48,technician,married,secondary,no,1210,no,no,cellular,6,0,unknown,1
49,admin.,married,primary,no,7798,yes,no,unknown,3,1,failure,0
37,housemaid,single,secondary,no,318,no,no,unknown,2,0,unknown,0
57,technician,single,secondary,no,-1,no,no,cellular,3,0,unknown,0
57,management,married,secondary,no,603,yes,no,unknown,3,0,unknown,0
47,management,married,primary,no,221,no,no,cellular,5,0,unknown,0
34,management,married,tertiary,no,5719,no,no,cellular,1,0,unknown,0
34,blue-collar,married,tertiary,no,102,yes,no,unknown,3,0,unknown,0
24,services,married,tertiary,no,147,no,no,cellular,2,1,failure,0
26,blue-collar,single,primary,no,1279,yes,no,cellular,4,0,unknown,0
32,management,single,tertiary,no,960,no,no,unknown,1,0,unknown,0
41,management,married,unknown,no,1735,no,no,unknown,4,0,unknown,0
31,admin.,married,primary,no,1844,yes,yes,unknown,2,0,unknown,0
34,admin.,married,secondary,no,-196,yes,no,cellular,3,0,unknown,0
46,blue-collar,married,tertiary,no,2610,no,no,cellular,1,0,unknown,0
60,services,single,primary,no,1159,yes,no,cellular,1,0,unknown,0
63,technician,married,primary,no,0,no,yes,cellular,2,1,unknown,0
50,entrepreneur,married,primary,no,130,no,no,cellular,1,0,unknown,0
45,management,married,secondary,no,2027,no,no,cellular,1,0,unknown,0
61,blue-collar,divorced,secondary,no,739,yes,no,cellular,1,2,unknown,0
35,blue-collar,married,primary,no,744,yes,no,cellular,1,0,unknown,0
35,retired,married,primary,no,65,yes,no,cellular,1,2,unknown,0
36,management,single,primary,no,760,yes,no,cellular,3,0,unknown,0
52,management,divorced,primary,no,1011,no,yes,cellular,2,0,unknown,0
53,blue-collar,married,tertiary,no,497,yes,yes,unknown,1,0,unknown,0
28,management,married,primary,no,2358,no,no,cellular,3,0,other,0
42,entrepreneur,married,secondary,no,311,yes,no,cellular,7,0,unknown,0
29,blue-collar,divorced,secondary,no,0,no,no,cellular,3,0,unknown,0
35,admin.,married,secondary,no,558,yes,no,cellular,3,0,unknown,0
34,blue-collar,married,secondary,no,1322,yes,yes,cellular,3,0,unknown,1
53,technician,single,tertiary,no,1092,yes,no,cellular,5,0,unknown,0
34,services,married,secondary,no,-346,yes,no,telephone,11,0,unknown,0
43,blue-collar,single,tertiary,no,3079,no,no,unknown,2,0,other,0
26,services,single,secondary,no,806,yes,no,cellular,2,0,unknown,0
30,admin.,single,secondary,no,3997,yes,no,unknown,2,0,unknown,0
36,technician,married,tertiary,no,1063,yes,no,cellular,1,0,unknown,1
52,technician,married,tertiary,no,296,no,yes,unknown,1,1,unknown,0
33,services,married,tertiary,no,0,yes,no,unknown,2,0,unknown,0
31,blue-collar,single,secondary,no,251,yes,no,cellular,3,0,unknown,0
27,unemployed,married,secondary,no,456,yes,no,cellular,5,0,unknown,0
45,admin.,married,primary,no,0,no,no,cellular,4,2,unknown,0
41,self-employed,married,tertiary,no,0,no,no,unknown,2,0,other,0
46,blue-collar,married,secondary,no,653,no,no,cellular,2,0,unknown,1
35,management,married,tertiary,no,1339,yes,no,unknown,18,0,unknown,0
25,management,single,secondary,no,8261,no,no,unknown,2,0,unknown,0
35,management,married,tertiary,no,5038,no,no,cellular,1,0,unknown,0
32,services,married,secondary,no,35,yes,no,cellular,5,0,unknown,0
35,management,married,secondary,no,691,yes,no,unknown,1,0,unknown,0
35,blue-collar,married,secondary,no,-638,no,no,cellular,4,0,unknown,0
35,blue-collar,single,secondary,no,-34,yes,no,cellular,1,0,unknown,0
33,technician,single,secondary,no,126,yes,no,cellular,2,0,unknown,0
37,services,married,tertiary,no,1181,yes,no,cellular,6,1,failure,0
57,blue-collar,married,secondary,no,4013,yes,no,cellular,1,0,unknown,0
50,management,married,secondary,no,5911,yes,no,cellular,6,0,unknown,0
47,management,married,tertiary,no,2381,yes,no,cellular,1,1,unknown,0
46,blue-collar,divorced,primary,no,192,yes,no,cellular,2,0,unknown,1
50,retired,single,secondary,no,1856,no,no,unknown,1,0,unknown,0
35,services,married,tertiary,no,3726,yes,no,cellular,1,0,unknown,1
35,admin.,single,secondary,no,785,no,no,cellular,7,0,other,0
38,blue-collar,married,tertiary,no,9352,no,no,cellular,2,0,unknown,0
34,self-employed,married,secondary,no,399,no,no,cellular,1,1,unknown,0
52,technician,divorced,tertiary,no,316,yes,no,unknown,4,1,unknown,0
28,blue-collar,married,secondary,no,232,yes,yes,unknown,11,0,unknown,0
52,management,divorced,primary,no,329,yes,no,unknown,1,0,unknown,0
35,blue-collar,single,secondary,no,790,yes,no,cellular,1,1,unknown,0
28,admin.,married,tertiary,no,329,yes,yes,cellular,2,0,unknown,0
41,technician,married,secondary,no,604,yes,no,cellular,2,0,unknown,0
25,retired,single,tertiary,no,781,yes,no,unknown,2,0,unknown,0
37,blue-collar,single,tertiary,no,64,yes,yes,unknown,2,0,unknown,0
26,blue-collar,single,tertiary,no,792,no,no,cellular,3,0,unknown,0
55,admin.,married,secondary,no,3619,yes,no,cellular,1,0,unknown,0
59,management,divorced,primary,no,13690,no,no,cellular,3,0,unknown,0
30,blue-collar,married,secondary,no,79,yes,no,unknown,1,0,unknown,0
50,unemployed,married,tertiary,no,635,no,no,cellular,2,0,unknown,0
43,unknown,married,secondary,no,225,no,no,cellular,2,0,unknown,0
26,technician,married,tertiary,no,1,yes,no,cellular,3,0,unknown,0
54,unemployed,divorced,tertiary,no,26,no,no,unknown,1,0,unknown,0
34,services,married,secondary,no,-502,yes,no,unknown,2,0,unknown,0
49,blue-collar,married,tertiary,no,648,yes,no,cellular,2,0,failure,0
54,retired,divorced,secondary,no,152,no,no,cellular,1,0,other,0
51,management,married,secondary,no,473,no,yes,unknown,2,0,unknown,0
39,blue-collar,married,primary,no,297,no,yes,unknown,1,0,unknown,0
44,blue-collar,married,secondary,no,128,yes,no,cellular,2,0,unknown,1
38,blue-collar,married,secondary,no,882,yes,no,cellular,14,0,unknown,0
55,blue-collar,married,secondary,no,2580,no,no,cellular,1,0,unknown,0
40,services,married,tertiary,no,2196,yes,yes,cellular,2,0,other,0
45,blue-collar,single,secondary,no,1031,yes,yes,telephone,3,0,unknown,0
54,management,married,secondary,no,12524,yes,no,unknown,1,0,unknown,0
38,technician,married,secondary,no,315,yes,no,telephone,2,0,unknown,1
35,technician,married,secondary,no,1646,no,no,cellular,4,0,other,0
49,blue-collar,married,tertiary,no,86,yes,no,cellular,1,0,unknown,0
24,self-employed,single,secondary,no,7877,no,no,telephone,2,0,unknown,1
43,management,married,secondary,no,1044,yes,yes,unknown,2,0,unknown,0
38,technician,married,tertiary,no,133,no,no,cellular,4,0,success,0
39,retired,married,primary,no,470,no,yes,cellular,4,0,unknown,0
54,management,married,secondary,no,274,yes,no,cellular,2,0,other,0
26,admin.,single,secondary,no,360,no,no,cellular,2,0,failure,0
43,services,single,secondary,no,3522,no,no,cellular,3,0,failure,0
47,blue-collar,married,secondary,no,5539,no,no,unknown,3,0,success,1
30,blue-collar,single,secondary,no,3006,yes,no,cellular,3,0,unknown,0
44,blue-collar,married,tertiary,no,-402,yes,yes,cellular,4,0,unknown,0
38,blue-collar,single,secondary,no,570,no,yes,unknown,20,0,unknown,0
28,unknown,single,tertiary,no,14696,yes,no,cellular,1,0,unknown,1
41,blue-collar,single,primary,no,1026,no,no,cellular,1,0,unknown,0
51,services,married,secondary,no,835,yes,yes,cellular,1,0,unknown,0
54,admin.,divorced,primary,no,1060,no,no,cellular,2,0,success,0
30,management,married,primary,no,465,yes,no,cellular,5,0,unknown,0
60,admin.,divorced,primary,no,20,yes,no,cellular,5,0,unknown,0
32,self-employed,single,secondary,no,2436,yes,no,cellular,3,0,unknown,0
48,management,married,primary,no,-218,yes,no,unknown,3,0,unknown,0
41,management,married,secondary,no,1987,yes,no,cellular,3,0,unknown,0
31,technician,married,primary,no,14,no,no,unknown,1,0,unknown,0
33,services,single,secondary,no,111,no,no,telephone,3,0,unknown,1
55,admin.,divorced,primary,no,0,no,yes,cellular,1,0,unknown,0
53,technician,single,tertiary,no,574,yes,no,unknown,2,0,unknown,0
46,management,single,primary,no,251,yes,no,unknown,1,0,unknown,1
60,management,married,secondary,no,310,no,no,unknown,3,0,failure,0
33,services,single,secondary,no,3898,no,no,unknown,2,0,unknown,0
54,technician,divorced,primary,no,1,no,no,cellular,2,0,unknown,0
27,management,single,tertiary,no,103,yes,no,cellular,7,0,unknown,0
35,blue-collar,married,primary,no,1173,yes,no,cellular,4,2,unknown,0
45,unemployed,single,secondary,no,1161,yes,yes,cellular,2,1,unknown,0
46,blue-collar,married,primary,no,1531,yes,no,cellular,3,0,unknown,0
75,management,married,tertiary,no,144,no,no,cellular,2,0,unknown,0
29,management,married,primary,no,6850,yes,no,cellular,7,0,unknown,0
33,management,married,primary,no,111,yes,no,unknown,1,0,unknown,0
39,blue-collar,married,primary,no,460,no,no,cellular,2,0,unknown,0
35,services,divorced,primary,no,18,no,no,unknown,5,0,unknown,0
48,services,married,tertiary,no,473,no,no,cellular,1,0,failure,0
58,management,divorced,tertiary,no,1328,yes,no,unknown,2,0,failure,1
31,unemployed,married,tertiary,no,-163,yes,no,cellular,1,0,failure,1
33,entrepreneur,single,tertiary,no,-567,no,no,cellular,1,2,unknown,0
45,unemployed,married,tertiary,no,-11,yes,no,cellular,2,2,unknown,0
52,unemployed,married,tertiary,no,178,yes,no,cellular,1,0,failure,0
32,blue-collar,single,secondary,no,62,no,no,telephone,4,1,failure,0
36,unemployed,married,secondary,no,150,no,no,telephone,1,0,unknown,0
26,management,married,tertiary,no,961,yes,no,cellular,1,0,unknown,0
32,services,married,primary,no,1596,yes,no,cellular,2,0,unknown,0
30,blue-collar,married,secondary,no,4658,yes,no,cellular,1,0,unknown,0
53,technician,married,unknown,no,501,yes,no,cellular,1,0,unknown,1
47,admin.,divorced,secondary,no,3505,yes,no,unknown,2,0,unknown,0
47,blue-collar,divorced,secondary,no,0,no,no,cellular,5,0,unknown,0
27,technician,married,secondary,no,56,yes,no,cellular,2,0,unknown,0
39,management,single,tertiary,no,474,yes,no,telephone,1,0,success,0
83,admin.,married,primary,no,4851,yes,no,telephone,2,0,unknown,0
58,services,married,secondary,no,711,yes,yes,unknown,3,0,unknown,0
45,admin.,married,secondary,no,1267,no,no,cellular,1,0,unknown,0
32,management,single,tertiary,no,479,no,no,cellular,2,0,unknown,0
39,blue-collar,married,secondary,no,808,yes,no,cellular,2,0,unknown,0
41,blue-collar,married,tertiary,no,779,no,no,cellular,1,0,unknown,0
44,entrepreneur,single,secondary,yes,2340,yes,no,cellular,3,0,unknown,0
57,management,divorced,primary,no,0,no,no,cellular,4,0,unknown,0
55,management,married,secondary,no,2974,yes,no,unknown,1,0,success,0
32,management,married,primary,no,365,yes,no,unknown,2,1,failure,0
37,blue-collar,married,secondary,no,1178,yes,yes,cellular,2,0,unknown,0
41,services,single,tertiary,no,49,yes,no,cellular,1,0,unknown,0
37,management,married,secondary,no,-19,yes,no,telephone,1,0,unknown,0
31,entrepreneur,married,unknown,no,0,yes,no,cellular,1,0,failure,0
33,entrepreneur,married,secondary,no,183,no,no,cellular,1,0,unknown,0
50,management,married,tertiary,no,296,no,no,unknown,6,0,unknown,0
44,technician,single,tertiary,no,6985,yes,no,unknown,1,0,unknown,0
37,management,married,secondary,no,90,yes,no,cellular,2,0,unknown,0
38,admin.,married,primary,no,22258,no,no,telephone,4,0,unknown,0
49,technician,married,tertiary,no,28,yes,no,cellular,1,0,unknown,0
34,management,married,secondary,no,310,yes,no,cellular,10,0,unknown,0
57,admin.,divorced,primary,no,712,yes,no,cellular,3,0,success,0
47,housemaid,married,secondary,no,342,no,no,cellular,1,3,failure,0
48,technician,single,secondary,no,1012,yes,no,cellular,2,0,unknown,0
31,technician,single,tertiary,no,413,no,no,cellular,2,0,unknown,0
32,services,married,tertiary,no,150,yes,no,unknown,1,0,unknown,0
54,management,married,secondary,no,473,yes,no,cellular,4,0,unknown,0
43,blue-collar,married,tertiary,no,-120,yes,yes,cellular,3,0,unknown,0
27,admin.,single,secondary,no,307,no,no,cellular,2,0,unknown,1
39,technician,single,secondary,no,13640,yes,no,cellular,2,0,unknown,0
30,admin.,married,primary,no,117,yes,yes,unknown,2,0,unknown,0
39,admin.,divorced,secondary,no,198,no,no,cellular,1,0,unknown,0
26,student,single,secondary,no,1473,no,no,cellular,2,0,unknown,0
33,blue-collar,married,secondary,no,117,yes,yes,cellular,1,0,unknown,0
71,blue-collar,married,secondary,no,3215,no,yes,cellular,1,0,unknown,0
43,technician,single,secondary,no,1175,no,no,cellular,1,1,unknown,1
39,retired,single,secondary,no,455,yes,no,cellular,17,0,unknown,0
26,blue-collar,single,secondary,no,137,no,no,cellular,3,0,unknown,0
32,blue-collar,single,secondary,no,81,no,no,unknown,1,0,unknown,0
31,blue-collar,divorced,secondary,no,70,yes,no,unknown,6,0,unknown,0
46,management,married,tertiary,no,-9,yes,yes,cellular,4,0,unknown,0
26,management,married,secondary,no,342,yes,no,cellular,2,0,unknown,0
40,technician,married,secondary,no,64,yes,yes,cellular,1,0,unknown,0
36,blue-collar,single,secondary,no,1031,yes,no,unknown,2,0,unknown,0
24,blue-collar,married,secondary,no,0,yes,no,unknown,5,0,unknown,0
33,blue-collar,married,tertiary,no,174,no,no,unknown,3,0,unknown,0
37,management,single,secondary,no,88,yes,no,cellular,3,0,unknown,0
33,services,married,secondary,no,455,no,no,cellular,2,1,unknown,0
46,technician,single,tertiary,no,171,no,no,cellular,1,0,unknown,0
31,management,single,tertiary,no,-32,yes,no,cellular,1,0,other,1
36,student,single,secondary,no,193,yes,yes,unknown,1,0,success,1
54,blue-collar,married,secondary,no,1910,no,no,cellular,1,0,unknown,0
53,services,single,secondary,no,425,yes,no,unknown,6,0,unknown,0
44,blue-collar,married,primary,no,172,yes,no,cellular,1,0,unknown,0
37,admin.,divorced,tertiary,no,-70,no,no,telephone,2,0,unknown,0
49,housemaid,married,secondary,no,5281,yes,yes,unknown,25,0,unknown,0
31,technician,married,unknown,no,-220,no,yes,cellular,3,0,unknown,0
57,services,married,tertiary,no,186,yes,yes,unknown,2,0,unknown,0
44,blue-collar,married,tertiary,no,54,no,no,cellular,4,1,unknown,0
47,admin.,married,unknown,no,52941,yes,yes,cellular,2,1,unknown,0
34,admin.,single,tertiary,no,1490,yes,no,cellular,2,0,failure,0
42,blue-collar,married,secondary,no,660,yes,no,cellular,4,0,unknown,0
50,management,divorced,tertiary,no,2881,no,no,cellular,2,0,unknown,0
41,retired,divorced,secondary,no,9333,yes,no,unknown,2,0,unknown,0
35,admin.,married,tertiary,no,517,no,no,unknown,4,0,unknown,0
50,management,married,tertiary,no,2764,yes,no,cellular,6,0,unknown,0
28,technician,divorced,tertiary,no,266,yes,no,unknown,2,0,unknown,0
51,retired,divorced,secondary,no,1269,no,no,unknown,3,0,unknown,1
48,blue-collar,married,tertiary,no,2764,yes,yes,cellular,2,3,other,0
32,blue-collar,married,tertiary,no,818,no,no,telephone,2,0,unknown,0
50,unemployed,divorced,tertiary,no,479,yes,no,cellular,1,0,unknown,0
55,blue-collar,married,tertiary,no,2572,yes,no,unknown,1,0,unknown,0
29,self-employed,married,tertiary,no,2851,no,no,telephone,6,0,success,0
31,management,single,secondary,no,5228,yes,yes,cellular,3,0,unknown,0
55,technician,married,secondary,no,0,yes,no,cellular,2,0,unknown,0
37,retired,single,primary,no,1,yes,no,cellular,2,0,other,0
52,technician,divorced,secondary,no,0,no,no,cellular,3,0,unknown,0
47,blue-collar,single,secondary,no,5091,yes,no,cellular,5,0,unknown,1
35,management,married,secondary,no,-9,no,no,cellular,4,2,failure,0
39,unknown,married,tertiary,no,-116,no,no,cellular,2,0,unknown,0
32,management,single,secondary,no,541,no,no,cellular,2,0,failure,0
56,blue-collar,married,primary,no,-426,no,no,cellular,4,0,unknown,0
43,blue-collar,married,secondary,no,1041,yes,no,cellular,1,0,unknown,0
47,management,married,tertiary,no,3672,no,yes,unknown,1,0,unknown,0
36,blue-collar,married,primary,no,318,yes,no,cellular,3,0,unknown,0
49,blue-collar,married,secondary,no,0,no,yes,cellular,3,0,unknown,0
51,technician,divorced,secondary,no,4077,no,yes,cellular,11,0,unknown,1
34,blue-collar,married,secondary,no,-11,yes,no,cellular,1,0,success,0
38,student,single,secondary,no,966,no,no,cellular,1,4,failure,0
48,unemployed,single,tertiary,no,243,yes,yes,telephone,1,0,unknown,0
42,technician,married,tertiary,no,1327,no,no,cellular,1,0,unknown,0
36,management,single,secondary,no,223,no,no,cellular,2,0,other,0
33,admin.,married,secondary,no,8635,no,no,cellular,6,0,unknown,0
54,blue-collar,married,primary,no,2088,yes,no,cellular,1,0,unknown,0
48,retired,single,secondary,no,0,no,yes,cellular,2,0,unknown,1
48,management,single,primary,no,616,no,no,telephone,3,1,failure,0
77,management,married,secondary,no,3073,no,no,cellular,1,1,unknown,0
50,management,single,secondary,no,1708,yes,no,cellular,1,0,unknown,0
54,technician,married,tertiary,no,1221,yes,no,unknown,7,0,unknown,0
59,technician,divorced,tertiary,no,2581,no,no,cellular,2,0,unknown,0
31,services,married,secondary,no,44,yes,no,cellular,5,0,unknown,1
33,services,married,secondary,no,0,no,no,cellular,6,0,other,0
36,blue-collar,single,secondary,no,1064,yes,no,cellular,1,1,other,0
45,technician,single,secondary,no,225,no,no,telephone,2,0,success,0
43,blue-collar,married,secondary,no,376,yes,yes,cellular,1,0,unknown,0
42,services,married,tertiary,no,1064,no,no,cellular,1,0,success,0
49,admin.,married,secondary,no,209,no,no,telephone,2,0,unknown,0
29,blue-collar,married,secondary,no,1,no,no,telephone,1,0,unknown,0
57,retired,married,secondary,no,12783,yes,no,cellular,4,0,unknown,0
49,technician,single,tertiary,no,475,no,no,cellular,2,0,unknown,0
40,management,single,secondary,no,7670,yes,no,unknown,1,0,other,1
39,technician,single,secondary,no,733,no,no,unknown,2,0,unknown,0
41,management,single,tertiary,no,6283,no,no,cellular,6,0,unknown,0
48,management,married,tertiary,no,23,yes,yes,cellular,1,0,unknown,0
46,blue-collar,married,secondary,no,1206,yes,no,cellular,2,0,unknown,0
31,blue-collar,married,secondary,yes,3187,yes,no,cellular,2,0,unknown,0
34,blue-collar,married,secondary,no,980,yes,no,cellular,1,0,unknown,0
32,technician,married,secondary,no,-99,no,no,telephone,3,0,unknown,0
72,blue-collar,divorced,secondary,no,23,no,yes,cellular,1,0,unknown,0
28,management,single,secondary,no,-5,yes,no,telephone,2,0,other,0
42,blue-collar,married,tertiary,no,6845,yes,no,cellular,1,0,unknown,0
45,technician,married,secondary,no,179,no,yes,unknown,4,0,unknown,1
31,management,married,secondary,no,198,yes,no,cellular,5,0,unknown,0
46,self-employed,married,secondary,no,15,no,no,unknown,1,0,unknown,0
40,technician,divorced,tertiary,no,4345,no,no,cellular,1,0,unknown,1
35,admin.,married,secondary,no,-32,yes,no,unknown,2,0,unknown,0
40,technician,married,tertiary,no,4537,yes,yes,cellular,1,0,unknown,1
55,management,married,tertiary,no,8651,yes,no,unknown,1,0,unknown,1
43,management,single,secondary,no,1328,yes,no,unknown,3,0,unknown,1
77,blue-collar,divorced,primary,no,0,yes,no,cellular,1,0,unknown,0
55,management,married,tertiary,no,72,yes,yes,cellular,1,0,unknown,0
40,unemployed,divorced,unknown,no,809,no,no,cellular,3,2,failure,0
25,admin.,married,primary,no,295,yes,no,cellular,1,0,unknown,0
38,admin.,divorced,secondary,no,703,no,no,cellular,1,0,unknown,0
41,admin.,married,primary,no,1811,yes,no,cellular,2,0,unknown,1
31,entrepreneur,married,tertiary,no,9,no,no,cellular,1,0,unknown,0
32,self-employed,married,secondary,no,1831,yes,no,cellular,2,0,success,0
32,management,married,primary,no,-3093,yes,yes,unknown,7,0,unknown,0
44,admin.,married,secondary,no,-322,yes,no,cellular,4,2,failure,1
44,management,married,primary,no,960,yes,no,cellular,2,2,failure,0
37,management,married,primary,no,-552,no,no,cellular,2,1,success,0
30,student,married,tertiary,no,-11,yes,no,cellular,1,0,unknown,0
44,management,married,secondary,no,60,no,yes,cellular,1,0,unknown,0
30,services,married,unknown,no,2287,yes,no,cellular,2,2,failure,0
40,blue-collar,married,secondary,no,117,no,no,unknown,1,0,unknown,0
55,admin.,married,tertiary,no,1420,yes,no,cellular,2,0,unknown,0
42,blue-collar,married,secondary,no,728,no,no,telephone,3,0,unknown,0
31,management,married,secondary,no,3196,yes,no,unknown,2,0,unknown,0
30,management,married,unknown,no,2557,yes,no,cellular,1,2,failure,0
35,technician,married,tertiary,no,113,no,no,unknown,3,0,unknown,0
31,technician,single,primary,no,-566,no,no,cellular,1,0,unknown,0
41,admin.,divorced,primary,no,0,no,no,cellular,3,0,unknown,0
37,technician,single,tertiary,no,-220,no,yes,cellular,2,0,unknown,0
51,services,married,tertiary,no,1534,no,no,unknown,7,0,unknown,0
53,technician,married,secondary,no,805,no,no,cellular,1,0,unknown,0
41,self-employed,single,secondary,no,59,yes,no,telephone,1,0,unknown,0
45,admin.,married,secondary,no,2409,no,no,unknown,2,0,unknown,0
40,technician,single,secondary,no,1048,yes,no,cellular,2,0,unknown,1
32,management,single,secondary,no,0,yes,no,cellular,1,0,unknown,0
34,blue-collar,married,secondary,no,122,yes,no,cellular,2,0,unknown,0
44,entrepreneur,married,tertiary,no,737,yes,no,cellular,1,0,unknown,0
51,management,single,secondary,no,459,no,no,cellular,1,0,unknown,0
40,blue-collar,married,tertiary,no,3584,no,no,cellular,2,0,other,0
51,admin.,divorced,secondary,no,0,no,no,unknown,1,0,unknown,0
38,technician,married,secondary,no,1051,no,no,unknown,1,0,unknown,0
29,admin.,divorced,primary,no,28,no,no,cellular,6,0,unknown,1
40,blue-collar,married,tertiary,no,390,yes,no,cellular,12,0,unknown,0
53,admin.,married,secondary,no,16,yes,yes,cellular,2,0,failure,0
27,admin.,married,tertiary,no,15,yes,yes,telephone,2,0,unknown,0
31,blue-collar,married,tertiary,no,81,yes,no,cellular,1,0,unknown,0
36,services,married,secondary,no,12,yes,no,cellular,1,0,unknown,0
47,technician,married,secondary,no,490,yes,yes,cellular,5,0,unknown,0
31,technician,married,tertiary,no,0,no,no,cellular,2,0,unknown,1
31,blue-collar,single,secondary,no,49,no,no,cellular,2,1,unknown,0
44,blue-collar,married,secondary,no,872,yes,no,cellular,2,0,unknown,0
42,services,single,secondary,no,1084,no,yes,cellular,5,0,unknown,0
44,services,married,secondary,no,177,no,no,cellular,2,0,unknown,0
35,technician,divorced,secondary,no,1624,yes,no,cellular,2,0,unknown,1
44,admin.,married,primary,no,-664,yes,yes,unknown,2,0,unknown,0
46,blue-collar,married,secondary,no,1,yes,no,unknown,7,0,unknown,1
36,management,single,secondary,no,3278,no,no,cellular,1,0,unknown,0
53,admin.,married,primary,no,-616,no,no,unknown,2,0,unknown,0
35,self-employed,married,secondary,no,388,yes,yes,cellular,4,0,unknown,0
34,blue-collar,married,secondary,no,-888,yes,yes,cellular,1,2,failure,0
37,admin.,married,primary,no,84,no,no,cellular,6,0,success,0
35,admin.,single,secondary,no,3370,no,no,cellular,1,0,unknown,0
44,management,single,primary,no,2356,no,no,unknown,2,0,unknown,0
37,student,single,primary,no,591,no,no,unknown,1,0,unknown,1
43,management,married,primary,no,4905,yes,no,cellular,6,0,unknown,0
58,blue-collar,divorced,tertiary,no,1881,yes,no,unknown,2,0,unknown,1
35,blue-collar,married,primary,no,282,yes,no,unknown,1,0,unknown,0
31,admin.,single,secondary,no,6759,no,yes,cellular,2,0,unknown,0
30,technician,divorced,tertiary,no,590,yes,no,cellular,11,0,unknown,0
44,management,divorced,tertiary,no,4509,yes,no,cellular,3,0,unknown,0
41,management,married,tertiary,no,2919,no,no,unknown,7,0,unknown,0
48,admin.,married,secondary,no,898,yes,no,unknown,6,0,unknown,0
32,management,married,tertiary,no,338,yes,no,telephone,12,0,unknown,0
24,technician,single,secondary,no,4,yes,no,cellular,3,0,unknown,0
39,blue-collar,married,secondary,no,4761,yes,no,cellular,2,0,other,0
33,management,married,tertiary,no,1783,no,no,cellular,2,0,unknown,0
40,unemployed,married,tertiary,no,419,no,no,telephone,4,0,unknown,0
35,management,married,secondary,no,0,no,yes,unknown,3,0,unknown,0
46,blue-collar,married,secondary,no,5688,yes,no,cellular,1,0,failure,0
48,management,divorced,primary,no,950,no,no,cellular,3,0,unknown,0
50,management,married,primary,no,498,yes,no,cellular,5,0,unknown,0
52,student,married,tertiary,no,1696,no,yes,unknown,1,0,failure,1
53,self-employed,single,primary,no,78,no,no,cellular,1,3,failure,0
51,blue-collar,married,secondary,no,365,yes,no,unknown,2,0,unknown,0
33,entrepreneur,single,tertiary,no,3809,yes,no,cellular,1,0,unknown,0
36,blue-collar,married,primary,no,-17,no,no,unknown,8,0,unknown,0
31,unemployed,single,tertiary,no,2737,yes,no,unknown,7,0,other,0
40,blue-collar,single,secondary,no,233,yes,no,cellular,3,0,unknown,0
45,blue-collar,divorced,tertiary,no,4789,yes,no,cellular,2,0,unknown,0
32,services,single,unknown,no,697,yes,no,cellular,4,0,unknown,1
39,blue-collar,divorced,tertiary,no,3334,no,no,unknown,6,0,unknown,0
30,management,married,tertiary,no,594,yes,no,cellular,1,0,unknown,0
58,blue-collar,single,primary,no,691,no,no,unknown,2,0,unknown,1
36,admin.,single,secondary,no,492,yes,no,telephone,1,0,unknown,0
56,management,married,tertiary,no,396,no,no,telephone,4,0,unknown,0
49,blue-collar,married,secondary,no,976,yes,yes,cellular,5,0,unknown,0
50,blue-collar,married,secondary,no,781,no,no,cellular,1,0,failure,0
35,management,single,tertiary,no,47,yes,no,unknown,13,0,unknown,0
51,blue-collar,married,secondary,no,1665,no,no,cellular,3,0,unknown,1
34,blue-collar,married,tertiary,no,8665,yes,no,cellular,2,0,unknown,0
50,blue-collar,single,secondary,no,0,no,no,unknown,6,0,unknown,0
44,retired,married,secondary,yes,0,no,no,cellular,6,0,unknown,1
35,technician,single,secondary,no,493,no,no,cellular,3,0,unknown,0
54,blue-collar,married,secondary,no,175,yes,yes,cellular,1,0,unknown,0
37,blue-collar,married,secondary,no,1148,yes,no,cellular,10,0,failure,1
25,technician,married,secondary,no,1184,no,no,telephone,3,0,unknown,0
31,admin.,married,primary,no,167,yes,no,cellular,3,0,unknown,1
41,management,married,secondary,no,81,yes,no,cellular,1,0,failure,0
33,management,married,secondary,no,0,yes,no,unknown,2,0,unknown,0
38,blue-collar,divorced,secondary,no,1031,no,no,cellular,2,0,other,0
55,blue-collar,married,tertiary,no,256,yes,no,unknown,2,0,unknown,0
48,retired,married,tertiary,no,624,yes,no,cellular,2,0,unknown,0
58,management,married,secondary,no,12204,no,no,cellular,2,0,success,0
41,technician,divorced,secondary,no,134,yes,no,cellular,1,0,unknown,0
25,management,married,tertiary,no,7389,yes,no,cellular,4,1,unknown,0
49,admin.,married,secondary,no,-11,no,no,cellular,2,0,unknown,0
40,blue-collar,single,secondary,yes,-7,no,no,unknown,2,0,unknown,0
41,unemployed,married,tertiary,yes,75,no,no,cellular,1,0,unknown,0
30,technician,married,primary,no,144,yes,no,cellular,1,0,unknown,0
60,blue-collar,divorced,primary,no,643,no,yes,cellular,5,0,unknown,0
61,blue-collar,married,secondary,no,36,yes,no,cellular,2,0,failure,0
30,blue-collar,single,secondary,no,624,yes,no,cellular,1,0,unknown,0
57,services,single,unknown,no,288,yes,no,unknown,10,0,unknown,0
32,technician,married,tertiary,yes,1287,yes,no,cellular,3,0,unknown,0
33,technician,married,tertiary,no,-196,yes,no,unknown,1,0,unknown,0
59,blue-collar,divorced,primary,no,2610,no,yes,cellular,1,0,unknown,0
34,student,married,secondary,no,1,no,no,unknown,1,0,unknown,1
36,blue-collar,married,secondary,no,0,no,no,cellular,2,0,unknown,1
34,self-employed,married,secondary,no,0,no,no,unknown,1,0,unknown,0
36,blue-collar,single,tertiary,no,-584,yes,no,unknown,1,0,unknown,1
39,technician,married,secondary,no,459,no,yes,cellular,2,3,failure,0
40,blue-collar,married,tertiary,no,472,yes,yes,cellular,1,0,unknown,0
29,blue-collar,married,secondary,no,0,no,yes,cellular,2,0,unknown,0
34,management,divorced,secondary,no,460,no,yes,cellular,3,0,unknown,0
31,blue-collar,married,secondary,no,1043,no,no,cellular,1,5,failure,0
43,services,married,tertiary,no,3913,yes,no,cellular,2,0,success,0
37,retired,married,primary,no,304,no,no,cellular,1,0,other,0
36,technician,married,tertiary,no,191,no,no,cellular,3,1,failure,0
49,blue-collar,married,secondary,no,565,yes,no,cellular,2,0,unknown,0
38,technician,married,unknown,no,3514,no,yes,cellular,1,0,failure,0
34,admin.,single,primary,no,81,no,yes,cellular,3,0,unknown,0
55,blue-collar,married,secondary,no,756,yes,no,cellular,7,0,unknown,0
37,unknown,single,secondary,no,1,yes,yes,telephone,3,0,unknown,0
54,blue-collar,divorced,tertiary,no,3927,yes,no,cellular,2,0,other,0
45,self-employed,married,secondary,no,431,no,no,cellular,2,0,other,1
59,blue-collar,married,secondary,no,5194,no,no,unknown,2,0,unknown,0
43,admin.,married,secondary,no,1548,yes,yes,cellular,3,0,other,0
41,entrepreneur,married,primary,no,7269,yes,no,cellular,2,0,unknown,0
29,retired,married,secondary,no,5115,yes,no,cellular,3,0,unknown,0
40,housemaid,married,secondary,no,8655,yes,no,cellular,1,0,unknown,0
41,management,married,tertiary,no,26389,yes,no,unknown,9,0,unknown,0
49,management,single,secondary,no,1787,yes,yes,unknown,1,0,unknown,1
50,management,married,tertiary,no,0,no,no,unknown,3,0,unknown,0
30,technician,single,secondary,no,534,no,no,cellular,9,0,unknown,0
28,management,married,tertiary,no,390,yes,no,unknown,3,0,unknown,0
50,entrepreneur,married,secondary,no,2141,yes,no,cellular,1,2,failure,0
39,services,married,secondary,no,2571,yes,no,cellular,4,0,unknown,0
52,management,married,secondary,no,855,no,no,unknown,1,0,failure,0
49,management,married,primary,no,4657,no,no,cellular,2,0,unknown,0
31,blue-collar,single,secondary,no,820,yes,no,cellular,2,0,unknown,0
31,services,single,secondary,no,46,no,yes,cellular,1,0,unknown,0
43,management,married,tertiary,no,17554,no,no,cellular,2,0,unknown,1
21,services,single,secondary,no,2072,yes,no,cellular,2,0,other,0
29,technician,married,tertiary,no,506,yes,no,cellular,2,2,unknown,0
36,technician,married,secondary,no,-277,yes,no,cellular,1,0,unknown,0
45,services,married,unknown,no,885,no,no,cellular,3,0,unknown,0
36,technician,divorced,unknown,no,0,no,no,unknown,3,0,unknown,0
31,unemployed,married,unknown,no,1472,no,no,unknown,1,0,unknown,0
30,admin.,married,primary,no,455,yes,no,unknown,3,0,unknown,0
42,admin.,married,primary,no,362,yes,no,unknown,2,0,unknown,0
48,management,divorced,secondary,no,16952,yes,no,cellular,1,0,unknown,0
49,management,divorced,primary,no,6,yes,no,cellular,1,0,unknown,0
26,management,single,tertiary,no,608,yes,no,cellular,1,0,unknown,0
58,unknown,married,tertiary,no,1427,no,no,cellular,1,0,unknown,0
38,blue-collar,single,primary,no,0,yes,yes,unknown,1,0,unknown,0
34,management,married,secondary,no,-634,no,yes,cellular,1,0,unknown,0
27,retired,married,secondary,no,3,yes,no,cellular,3,0,unknown,0
38,unemployed,married,tertiary,no,681,no,no,cellular,5,1,other,0
47,services,single,secondary,no,290,yes,no,cellular,4,0,unknown,0
47,housemaid,married,tertiary,no,672,no,no,cellular,5,0,other,0
36,technician,married,secondary,no,425,yes,no,cellular,15,0,unknown,0
40,unemployed,married,unknown,no,33,yes,no,unknown,2,0,unknown,0
36,technician,married,secondary,no,0,no,no,cellular,2,0,unknown,0
58,housemaid,married,secondary,no,139,yes,no,unknown,1,0,unknown,0
52,services,married,tertiary,no,1789,yes,no,unknown,1,0,unknown,0
43,management,single,tertiary,no,26,no,no,cellular,1,0,unknown,0
60,retired,divorced,secondary,no,251,yes,no,cellular,10,0,unknown,0
38,technician,single,primary,no,169,no,no,cellular,1,0,unknown,0
43,admin.,married,secondary,no,678,no,yes,cellular,2,0,unknown,1
44,blue-collar,married,secondary,no,78,yes,yes,unknown,2,0,unknown,0
33,admin.,married,primary,no,639,yes,no,cellular,4,0,unknown,0
32,blue-collar,single,secondary,no,303,no,no,cellular,1,2,unknown,0
38,blue-collar,married,tertiary,no,1078,yes,no,cellular,2,0,failure,1
62,services,married,secondary,no,372,yes,no,cellular,2,0,unknown,0
36,management,married,secondary,no,-23,yes,yes,cellular,2,0,unknown,0
39,technician,married,secondary,no,2091,yes,no,cellular,2,0,other,0
33,management,married,tertiary,no,4181,no,no,unknown,3,0,unknown,0
70,technician,married,tertiary,no,2395,yes,no,unknown,4,0,unknown,0
34,technician,divorced,secondary,no,473,no,no,cellular,15,1,unknown,0
34,housemaid,married,tertiary,no,1272,no,yes,cellular,2,0,unknown,0
43,blue-collar,married,secondary,no,713,yes,yes,unknown,1,3,failure,0
40,technician,single,secondary,no,-25,no,no,unknown,6,0,unknown,1
36,admin.,divorced,tertiary,no,850,yes,no,telephone,2,0,unknown,0
42,admin.,married,secondary,no,0,yes,no,unknown,1,0,unknown,0
59,blue-collar,married,tertiary,no,840,yes,no,cellular,12,0,unknown,0
35,management,single,tertiary,no,5622,no,no,cellular,1,0,unknown,0
52,entrepreneur,married,tertiary,no,-1203,yes,no,telephone,1,0,unknown,0
35,blue-collar,single,secondary,no,8520,no,no,telephone,3,0,failure,0
43,admin.,married,tertiary,no,1829,yes,yes,cellular,2,0,other,0
55,blue-collar,divorced,primary,no,1474,no,no,cellular,4,0,unknown,1
26,technician,single,secondary,no,2311,yes,no,telephone,1,0,unknown,0
29,services,married,primary,no,1565,yes,no,cellular,1,0,unknown,0
33,blue-collar,single,secondary,no,-520,yes,no,cellular,1,0,unknown,0
52,blue-collar,married,primary,no,225,no,no,telephone,5,0,unknown,0
51,blue-collar,divorced,tertiary,no,2232,yes,no,unknown,6,0,unknown,0
27,blue-collar,married,tertiary,no,3098,no,no,cellular,9,0,unknown,0
48,technician,married,secondary,no,363,no,no,cellular,4,0,unknown,0
36,retired,married,secondary,no,71,yes,no,cellular,3,2,failure,0
53,blue-collar,married,tertiary,no,535,yes,yes,cellular,1,0,success,0
38,blue-collar,divorced,secondary,no,-414,yes,no,cellular,2,0,unknown,0
25,admin.,married,secondary,no,0,yes,no,cellular,16,0,other,1
28,technician,married,primary,no,0,no,yes,cellular,2,0,unknown,0
34,retired,divorced,secondary,no,159,no,yes,cellular,1,0,failure,0
48,admin.,married,secondary,no,35,yes,no,unknown,1,0,unknown,0
55,entrepreneur,married,secondary,no,294,no,no,cellular,2,0,unknown,0
47,technician,married,secondary,no,429,no,no,cellular,3,0,unknown,0
48,services,married,tertiary,no,8105,yes,no,unknown,1,0,unknown,0
40,management,single,primary,yes,3180,yes,no,cellular,1,0,unknown,0
33,management,single,secondary,no,2304,no,no,cellular,2,1,success,0
34,blue-collar,married,tertiary,no,122,no,no,cellular,5,0,unknown,1
42,admin.,married,secondary,no,0,no,no,cellular,4,0,unknown,0
41,management,single,secondary,no,290,yes,no,telephone,1,0,unknown,1
33,management,single,primary,no,716,yes,no,cellular,2,2,unknown,0
32,management,married,secondary,no,1161,yes,yes,cellular,2,0,unknown,0
42,admin.,married,secondary,no,1572,yes,no,cellular,1,2,unknown,0
41,management,married,secondary,no,0,no,no,cellular,1,0,unknown,0
29,retired,married,unknown,no,1139,yes,no,telephone,1,1,failure,0
57,technician,married,secondary,no,23,no,no,cellular,2,0,unknown,0
30,management,married,tertiary,no,750,yes,no,cellular,1,0,failure,0
42,management,married,secondary,no,781,yes,no,cellular,1,0,unknown,0
50,admin.,married,secondary,no,757,yes,no,cellular,2,0,unknown,0
31,retired,single,tertiary,no,103,yes,no,cellular,2,0,unknown,0
46,retired,married,secondary,no,498,no,yes,unknown,1,0,unknown,0
54,management,married,tertiary,no,99,yes,no,cellular,3,1,unknown,0
35,blue-collar,married,tertiary,no,1817,yes,no,cellular,4,0,unknown,0
34,management,married,unknown,no,5241,no,no,unknown,2,0,unknown,0
38,unemployed,married,secondary,no,4902,yes,yes,unknown,1,0,unknown,0
36,blue-collar,married,tertiary,no,0,yes,no,cellular,1,0,unknown,0
48,blue-collar,divorced,primary,no,911,yes,no,cellular,3,0,unknown,0
32,blue-collar,married,tertiary,no,229,yes,no,unknown,5,0,unknown,0
37,self-employed,married,primary,no,-29,yes,yes,unknown,2,0,unknown,0
31,technician,married,secondary,no,176,yes,no,unknown,1,1,unknown,0
70,admin.,married,tertiary,no,2323,yes,no,unknown,4,0,unknown,0
40,management,divorced,secondary,no,0,no,no,cellular,1,0,unknown,0
33,admin.,single,secondary,no,5361,no,no,unknown,4,0,unknown,0
36,blue-collar,single,secondary,no,1281,no,no,cellular,1,1,unknown,0
27,management,single,secondary,no,168,yes,no,cellular,1,0,other,1
77,management,married,primary,no,484,no,no,cellular,3,0,unknown,1
45,management,married,secondary,no,1891,yes,no,unknown,3,0,unknown,0
46,management,married,tertiary,no,0,no,yes,telephone,2,0,unknown,1
37,technician,married,unknown,no,1990,yes,no,cellular,1,0,unknown,0
30,admin.,single,tertiary,no,-954,yes,no,cellular,4,0,unknown,0
48,blue-collar,married,secondary,no,6101,yes,yes,cellular,4,0,unknown,0
39,management,single,tertiary,no,-147,yes,no,unknown,1,0,unknown,0
38,blue-collar,married,secondary,no,46,yes,no,cellular,6,0,unknown,0
55,admin.,married,secondary,no,-429,no,no,cellular,1,0,unknown,0
33,entrepreneur,married,secondary,no,62,no,no,cellular,4,0,unknown,0
55,retired,divorced,primary,no,1042,no,no,unknown,1,0,unknown,0
61,blue-collar,divorced,secondary,no,115,no,yes,unknown,4,0,unknown,0
38,self-employed,single,tertiary,no,198,no,no,cellular,2,1,unknown,0
32,blue-collar,married,primary,no,262,yes,no,unknown,2,0,unknown,0
43,blue-collar,married,secondary,no,869,yes,no,cellular,4,0,success,0
40,student,married,tertiary,no,1097,yes,no,unknown,1,0,unknown,1
46,blue-collar,married,secondary,no,203,no,yes,cellular,2,1,other,0
48,blue-collar,divorced,secondary,no,-280,no,no,cellular,2,0,unknown,0
34,management,married,secondary,no,3748,yes,no,cellular,3,2,failure,0
55,technician,married,tertiary,no,3671,no,no,unknown,24,0,unknown,0
49,management,married,tertiary,no,328,yes,no,unknown,5,0,unknown,0
58,services,married,secondary,no,1624,no,no,cellular,3,0,failure,0
39,services,married,secondary,no,-1206,yes,no,cellular,3,2,success,0
40,retired,married,secondary,no,3990,yes,no,cellular,1,0,unknown,0
40,technician,married,tertiary,no,2416,yes,no,cellular,3,0,unknown,0
35,services,married,tertiary,no,16235,no,no,cellular,3,0,failure,0
34,entrepreneur,married,unknown,no,67,yes,no,cellular,4,0,unknown,0
44,admin.,married,secondary,no,1263,no,no,unknown,1,0,unknown,0
34,blue-collar,single,secondary,no,1439,no,yes,cellular,6,0,unknown,0
55,management,married,tertiary,no,134,no,no,cellular,1,0,unknown,0
27,services,married,tertiary,no,1321,yes,yes,unknown,2,0,unknown,0
33,technician,single,secondary,no,7847,no,no,cellular,3,0,unknown,0
46,blue-collar,married,tertiary,no,439,no,yes,cellular,2,0,unknown,0
41,self-employed,married,secondary,no,2645,yes,no,cellular,2,0,unknown,0
19,self-employed,single,tertiary,no,516,yes,no,telephone,1,0,unknown,1
35,unknown,married,tertiary,no,175,no,yes,cellular,2,0,unknown,0
28,services,married,tertiary,no,2325,no,no,cellular,3,0,unknown,0
47,blue-collar,married,primary,no,0,no,no,cellular,1,0,unknown,0
34,blue-collar,single,tertiary,no,593,yes,no,cellular,1,1,unknown,0
33,services,single,secondary,no,2557,no,yes,cellular,1,0,failure,0
53,admin.,married,primary,no,133,no,yes,unknown,2,0,unknown,0
45,technician,married,unknown,no,3464,no,no,cellular,1,0,unknown,0
47,blue-collar,married,secondary,no,16181,no,no,cellular,1,1,failure,1
60,management,single,tertiary,no,342,no,no,cellular,2,0,success,0
42,admin.,married,primary,no,6710,yes,no,cellular,1,0,success,0
47,housemaid,single,secondary,no,439,no,no,cellular,2,0,unknown,1
28,admin.,divorced,tertiary,no,-425,no,yes,cellular,3,0,unknown,0
32,admin.,married,tertiary,no,471,yes,no,cellular,17,0,unknown,0
45,technician,married,tertiary,no,-149,yes,no,unknown,1,0,unknown,0
52,admin.,single,secondary,no,65,no,no,unknown,2,0,failure,0
58,blue-collar,divorced,secondary,no,55,no,no,unknown,2,0,unknown,0
55,technician,divorced,secondary,no,-406,yes,no,unknown,19,0,unknown,0
58,management,divorced,secondary,no,2072,no,yes,unknown,4,0,unknown,0
36,admin.,married,tertiary,no,414,no,no,cellular,2,0,unknown,0
32,retired,married,tertiary,no,5,no,yes,unknown,1,0,unknown,0
26,admin.,single,primary,no,759,yes,no,unknown,4,0,unknown,0
48,admin.,married,secondary,no,265,no,yes,unknown,1,0,success,1
46,technician,divorced,tertiary,no,1371,no,no,telephone,11,0,unknown,0
34,management,married,tertiary,no,480,no,yes,unknown,3,0,unknown,0
30,student,married,secondary,no,0,yes,no,cellular,1,0,unknown,0
36,management,married,secondary,no,2,yes,yes,telephone,1,0,unknown,0
55,unemployed,married,secondary,no,99,yes,no,telephone,1,0,unknown,0
37,admin.,married,primary,no,711,no,no,unknown,3,0,unknown,0
42,management,divorced,secondary,no,-15,no,no,unknown,4,1,other,0
33,admin.,married,primary,no,0,no,no,cellular,4,0,unknown,0
36,admin.,single,tertiary,no,203,no,no,cellular,2,0,unknown,0
39,management,married,secondary,no,1406,no,no,cellular,1,0,unknown,0
29,admin.,single,primary,no,-385,yes,no,unknown,1,0,unknown,0
28,self-employed,single,tertiary,no,651,yes,no,unknown,1,0,unknown,0
31,blue-collar,married,secondary,no,732,yes,yes,cellular,1,0,unknown,0
48,blue-collar,married,secondary,no,2728,no,yes,unknown,2,0,unknown,0
53,retired,single,secondary,no,784,no,no,cellular,3,0,unknown,0
31,technician,married,secondary,no,2048,yes,no,cellular,2,0,unknown,0
37,entrepreneur,married,secondary,no,0,no,no,cellular,3,2,failure,0
36,admin.,married,secondary,no,-117,yes,no,unknown,2,0,unknown,0
43,blue-collar,divorced,secondary,no,586,yes,no,unknown,3,0,unknown,0
56,blue-collar,married,secondary,no,35,yes,no,unknown,3,0,unknown,0
58,blue-collar,single,secondary,no,5997,no,yes,cellular,1,0,failure,0
33,services,married,tertiary,no,486,no,no,cellular,4,0,unknown,0
41,admin.,married,secondary,no,3782,no,no,cellular,2,0,failure,1
31,unknown,married,secondary,no,0,yes,no,cellular,4,0,unknown,0
48,technician,married,secondary,no,0,no,yes,unknown,2,0,unknown,0
58,blue-collar,married,secondary,no,475,no,no,unknown,2,0,unknown,0
31,blue-collar,divorced,secondary,no,8,yes,no,cellular,2,0,unknown,0
27,blue-collar,single,secondary,no,490,yes,no,telephone,2,0,failure,0
37,management,married,primary,no,998,yes,no,unknown,2,0,unknown,0
28,unemployed,married,unknown,no,0,yes,no,cellular,3,0,unknown,0
42,admin.,married,secondary,no,7682,yes,no,unknown,3,0,unknown,0
33,admin.,married,tertiary,no,185,yes,no,telephone,1,0,unknown,0
26,blue-collar,married,secondary,no,266,yes,yes,unknown,2,4,other,0
37,admin.,divorced,secondary,no,23,yes,no,unknown,1,0,unknown,0
28,admin.,single,secondary,no,-509,yes,yes,unknown,3,0,unknown,0
37,retired,single,unknown,no,126,yes,no,cellular,3,0,unknown,0
54,management,married,unknown,no,4259,no,no,cellular,3,0,unknown,1
42,self-employed,married,secondary,no,2610,no,no,cellular,3,0,unknown,0
50,admin.,married,secondary,no,808,no,no,telephone,1,0,unknown,0
60,entrepreneur,single,secondary,no,1324,no,no,cellular,1,0,unknown,0
32,entrepreneur,married,secondary,no,851,yes,no,unknown,1,0,unknown,0
43,technician,single,primary,no,5200,no,no,cellular,3,1,unknown,0
33,blue-collar,married,tertiary,no,640,yes,yes,unknown,1,0,unknown,0
34,technician,divorced,unknown,no,137,yes,no,unknown,2,0,unknown,0
28,management,married,tertiary,no,2395,yes,no,unknown,1,0,success,0
52,technician,married,primary,no,2097,yes,yes,unknown,9,0,other,0
32,housemaid,married,secondary,no,1169,yes,no,cellular,1,0,unknown,0
48,admin.,married,secondary,no,-243,yes,no,cellular,4,0,unknown,0
42,management,married,tertiary,no,2109,no,no,cellular,6,0,unknown,1
34,management,divorced,tertiary,no,2319,yes,no,telephone,7,0,unknown,0
50,housemaid,divorced,secondary,no,548,yes,no,unknown,1,0,unknown,0
30,blue-collar,married,tertiary,no,-701,yes,no,cellular,1,2,other,0
33,entrepreneur,married,tertiary,no,7347,no,no,cellular,7,0,unknown,0
38,blue-collar,single,secondary,no,758,yes,no,cellular,3,0,unknown,0
34,technician,married,primary,no,-379,yes,yes,unknown,1,0,unknown,1
32,retired,married,tertiary,no,4782,yes,no,cellular,1,0,unknown,0
37,technician,married,secondary,no,-692,no,no,cellular,2,0,unknown,0
30,admin.,single,secondary,no,6572,yes,no,cellular,2,0,unknown,0
48,technician,married,primary,no,3232,yes,no,cellular,3,0,unknown,0
27,management,single,unknown,no,27194,yes,no,cellular,5,0,unknown,0
30,unemployed,single,tertiary,no,174,no,no,cellular,17,0,unknown,0
41,blue-collar,married,secondary,no,1037,yes,yes,cellular,1,2,failure,1
33,blue-collar,divorced,secondary,no,121,no,no,cellular,2,0,unknown,0
27,admin.,single,secondary,no,1406,yes,no,cellular,6,0,unknown,0
37,blue-collar,married,tertiary,no,2329,no,no,cellular,1,1,unknown,0
37,blue-collar,single,secondary,no,505,yes,no,cellular,1,0,unknown,0
49,blue-collar,married,secondary,no,1086,no,no,cellular,1,0,unknown,0
39,management,married,secondary,no,4907,yes,no,unknown,4,0,unknown,0
48,retired,single,secondary,no,35,yes,no,unknown,20,0,unknown,0
58,technician,divorced,tertiary,no,1061,yes,no,cellular,1,0,unknown,0
47,management,married,secondary,yes,145,no,no,cellular,4,0,unknown,0
71,technician,married,tertiary,no,296,no,yes,unknown,1,0,unknown,0
44,technician,married,primary,no,991,no,no,unknown,4,0,unknown,0
47,retired,married,secondary,no,2643,no,no,cellular,8,0,unknown,0
36,services,single,secondary,no,0,yes,no,cellular,5,0,unknown,0
37,admin.,married,secondary,no,2290,yes,no,unknown,3,0,unknown,0
47,entrepreneur,divorced,secondary,no,0,yes,no,cellular,2,0,unknown,0
61,management,married,primary,no,192,no,no,cellular,14,0,unknown,0
56,blue-collar,married,primary,no,909,no,no,cellular,4,0,unknown,0
57,admin.,married,primary,no,149,yes,yes,cellular,1,0,unknown,0
32,admin.,married,tertiary,no,-366,no,no,cellular,3,0,unknown,0
40,management,married,secondary,no,451,yes,no,cellular,2,1,failure,1
42,retired,single,secondary,no,808,no,no,cellular,4,0,unknown,0
40,admin.,married,primary,no,0,no,yes,cellular,2,0,unknown,0
57,management,single,secondary,no,2566,no,no,cellular,2,0,failure,0
54,blue-collar,married,secondary,no,260,no,no,unknown,4,0,failure,0
51,technician,divorced,secondary,no,-115,no,no,cellular,2,0,unknown,0
25,entrepreneur,single,primary,no,703,yes,yes,cellular,3,0,failure,0
53,blue-collar,divorced,tertiary,no,351,no,no,unknown,2,0,unknown,0
29,technician,single,unknown,no,1338,no,no,cellular,2,1,unknown,0
29,technician,married,secondary,no,680,yes,no,cellular,1,0,other,0
40,technician,married,secondary,no,86,yes,no,cellular,5,0,unknown,0
35,retired,married,primary,no,202,no,no,cellular,2,0,unknown,0
31,management,married,secondary,no,781,yes,no,telephone,1,0,unknown,0
40,services,divorced,tertiary,no,3059,yes,no,unknown,1,0,unknown,0
41,management,single,secondary,no,131,no,no,unknown,1,0,failure,0
48,self-employed,married,primary,no,808,yes,no,cellular,3,0,unknown,0
40,blue-collar,married,secondary,no,-11,yes,no,cellular,2,0,unknown,0
33,management,divorced,secondary,no,8389,no,no,cellular,2,3,unknown,0
55,admin.,divorced,secondary,no,-423,no,no,unknown,6,0,unknown,0
26,blue-collar,single,tertiary,no,640,yes,no,unknown,2,0,unknown,0
45,admin.,married,tertiary,yes,167,yes,no,cellular,1,0,failure,0
27,management,married,secondary,no,270,no,no,cellular,2,0,unknown,0
32,admin.,married,tertiary,no,1187,no,yes,cellular,1,0,unknown,0
60,management,divorced,secondary,no,11631,no,yes,unknown,1,0,success,0
35,retired,divorced,tertiary,no,1670,no,no,cellular,1,0,unknown,0
38,student,single,primary,no,133,no,no,cellular,4,0,unknown,1
31,blue-collar,married,secondary,no,723,yes,no,cellular,2,0,success,0
35,management,single,tertiary,no,23308,no,no,cellular,2,1,unknown,0
43,management,single,primary,no,780,no,yes,cellular,1,0,unknown,0
47,blue-collar,married,tertiary,no,4534,no,no,unknown,8,0,unknown,0
47,self-employed,single,secondary,no,658,yes,no,unknown,2,0,unknown,0
57,self-employed,married,tertiary,no,19368,no,no,cellular,2,0,unknown,0
50,services,divorced,tertiary,no,307,no,no,cellular,2,0,unknown,0
54,student,married,secondary,no,973,yes,no,cellular,2,0,unknown,0
28,retired,married,primary,no,0,no,no,cellular,1,0,unknown,1
40,blue-collar,married,secondary,no,12361,yes,yes,cellular,2,1,unknown,0
35,blue-collar,married,primary,no,1965,yes,no,cellular,1,0,unknown,0
36,services,married,tertiary,no,425,no,yes,unknown,1,0,success,0
49,blue-collar,married,primary,yes,5451,yes,no,telephone,3,0,unknown,0
46,management,divorced,primary,no,320,yes,no,cellular,1,0,unknown,0
53,blue-collar,married,secondary,no,1044,yes,no,cellular,3,0,unknown,0
48,blue-collar,married,tertiary,no,792,no,no,cellular,2,0,unknown,0
37,management,married,secondary,no,2789,no,no,cellular,1,0,other,0
30,management,married,secondary,no,0,no,yes,unknown,5,0,unknown,0
54,admin.,married,primary,no,310,no,yes,cellular,5,0,unknown,0
35,blue-collar,married,secondary,no,134,yes,no,unknown,5,0,unknown,0
50,management,single,tertiary,no,6704,yes,no,telephone,13,0,unknown,1
54,retired,married,tertiary,no,-10,no,no,cellular,2,0,unknown,0
56,admin.,married,secondary,no,512,yes,no,unknown,1,0,unknown,0
66,technician,divorced,secondary,no,1044,yes,no,unknown,1,2,failure,0
52,self-employed,single,tertiary,yes,772,no,no,unknown,11,0,unknown,0
57,self-employed,single,tertiary,no,5313,yes,no,unknown,3,0,unknown,1
32,entrepreneur,married,secondary,no,192,yes,yes,unknown,3,0,unknown,1
60,admin.,divorced,primary,no,61,no,no,unknown,5,0,other,0
33,technician,single,unknown,no,7848,no,no,cellular,9,0,other,0
28,admin.,single,secondary,no,6722,no,no,cellular,1,0,failure,0
58,admin.,single,tertiary,no,1577,no,no,cellular,6,0,unknown,0
25,management,married,secondary,no,436,yes,yes,unknown,1,0,unknown,0
35,unemployed,married,secondary,no,859,yes,no,cellular,1,0,unknown,0
42,retired,married,tertiary,no,3614,no,no,cellular,2,0,failure,0
41,management,married,unknown,no,546,no,no,cellular,1,0,unknown,0
50,technician,married,secondary,no,227,no,no,cellular,1,0,unknown,0
32,admin.,married,tertiary,no,0,yes,no,cellular,1,0,unknown,0
51,blue-collar,divorced,secondary,no,3672,no,yes,cellular,2,0,unknown,0
36,technician,married,primary,yes,177,yes,yes,unknown,3,0,unknown,1
52,blue-collar,married,secondary,no,9007,yes,no,cellular,2,0,failure,1
33,student,married,unknown,no,1292,yes,no,unknown,1,0,unknown,0
39,management,married,tertiary,no,0,yes,no,unknown,1,1,other,0
32,blue-collar,married,secondary,no,1890,yes,no,unknown,1,0,unknown,0
32,blue-collar,married,tertiary,no,1592,yes,no,cellular,2,1,unknown,0
31,technician,married,secondary,no,1968,yes,no,telephone,4,0,unknown,1
33,technician,married,primary,no,606,yes,yes,telephone,3,0,success,1
51,management,single,secondary,no,5428,no,no,cellular,2,0,unknown,0
55,student,married,tertiary,no,487,no,no,cellular,3,0,unknown,0
41,technician,single,secondary,no,77,yes,no,cellular,6,0,failure,0
35,blue-collar,married,secondary,no,229,yes,yes,cellular,2,0,unknown,0
49,technician,married,tertiary,no,608,no,no,unknown,4,1,unknown,0
37,management,single,tertiary,no,0,no,yes,cellular,2,0,unknown,0
51,management,married,secondary,no,0,no,yes,unknown,2,0,failure,0
46,unemployed,married,secondary,no,6050,no,no,cellular,3,0,unknown,0
50,retired,married,tertiary,no,7363,yes,yes,cellular,2,1,unknown,0
35,management,married,tertiary,yes,1569,yes,no,cellular,1,0,failure,0
31,management,married,secondary,no,26,no,no,cellular,3,0,unknown,0
26,blue-collar,married,tertiary,no,4402,yes,no,cellular,1,0,unknown,0
27,technician,single,secondary,no,2772,no,no,cellular,2,0,unknown,0
30,entrepreneur,married,tertiary,no,415,yes,no,cellular,2,0,success,0
26,unemployed,married,secondary,no,1121,yes,no,unknown,1,1,unknown,0
36,blue-collar,married,tertiary,no,497,yes,no,cellular,1,0,unknown,0
31,blue-collar,married,tertiary,no,503,yes,yes,cellular,2,0,unknown,0
41,blue-collar,divorced,secondary,no,0,no,no,cellular,1,0,unknown,0
28,technician,married,tertiary,no,156,no,yes,cellular,1,0,unknown,1
41,technician,married,tertiary,no,176,no,no,cellular,3,0,unknown,0
33,technician,married,tertiary,no,819,yes,no,cellular,1,0,failure,0
35,blue-collar,married,primary,no,6,yes,yes,unknown,2,0,unknown,0
30,self-employed,married,tertiary,no,295,yes,no,cellular,4,0,unknown,0
52,technician,married,tertiary,no,-12,yes,no,unknown,7,0,unknown,0
30,housemaid,single,secondary,no,3603,no,no,unknown,2,0,unknown,0
32,services,married,tertiary,no,264,no,no,unknown,6,0,unknown,0
22,blue-collar,married,primary,no,-462,yes,no,telephone,1,0,unknown,0
33,management,married,tertiary,no,565,no,no,cellular,3,0,unknown,1
47,unemployed,divorced,primary,no,0,yes,no,unknown,13,0,unknown,0
36,services,single,secondary,no,-613,yes,no,unknown,3,4,other,0
45,management,single,primary,no,385,yes,yes,cellular,2,0,unknown,0
29,technician,married,tertiary,no,75,yes,no,cellular,1,1,failure,0
31,blue-collar,married,tertiary,no,1577,yes,yes,cellular,1,0,success,0
31,services,single,secondary,no,307,no,no,cellular,6,0,unknown,0
41,admin.,married,primary,no,15,yes,no,cellular,2,1,failure,0
39,admin.,single,secondary,no,406,no,no,cellular,2,0,unknown,0
32,retired,married,secondary,no,894,no,no,unknown,1,3,other,0
50,entrepreneur,married,secondary,no,8334,no,yes,cellular,5,0,unknown,0
36,technician,married,tertiary,no,126,no,no,unknown,2,0,unknown,0
47,blue-collar,married,tertiary,no,2818,yes,no,unknown,2,0,unknown,0
48,student,married,secondary,no,1866,yes,no,telephone,2,0,failure,0
41,technician,married,tertiary,no,2880,yes,no,cellular,2,0,unknown,0
29,admin.,single,primary,no,112,yes,yes,unknown,2,0,unknown,0
33,management,married,tertiary,no,229,yes,no,telephone,1,0,unknown,0
42,management,single,primary,no,206,no,no,cellular,3,0,unknown,1
36,blue-collar,single,unknown,no,757,no,no,unknown,2,0,unknown,0
35,admin.,divorced,tertiary,no,-1177,yes,no,unknown,1,0,unknown,0
46,technician,single,secondary,no,251,yes,no,cellular,5,0,unknown,1
35,technician,single,secondary,no,141,no,no,unknown,1,0,unknown,0
52,technician,married,primary,no,11,yes,no,unknown,15,0,unknown,0
53,blue-collar,married,secondary,no,1044,no,yes,cellular,2,0,unknown,1
47,retired,single,tertiary,no,-631,yes,yes,cellular,1,0,unknown,0
56,services,married,tertiary,no,373,no,yes,cellular,7,0,unknown,0
24,unknown,single,primary,no,2589,no,no,unknown,1,0,unknown,0
51,blue-collar,married,primary,no,0,no,yes,cellular,2,0,unknown,1
35,housemaid,married,tertiary,no,4795,no,no,cellular,7,0,unknown,0
57,retired,divorced,secondary,no,8629,no,yes,cellular,2,0,unknown,0
31,technician,married,secondary,no,2013,yes,no,unknown,4,0,unknown,0
29,self-employed,single,secondary,no,0,yes,no,cellular,2,0,unknown,1
54,management,divorced,tertiary,no,32,no,no,cellular,1,0,unknown,0
41,management,married,primary,no,371,yes,yes,cellular,2,0,unknown,0
34,services,married,tertiary,no,1702,yes,no,cellular,1,0,unknown,1
38,technician,married,unknown,no,224,no,yes,cellular,1,0,unknown,0
53,admin.,married,tertiary,no,11397,yes,no,cellular,2,0,unknown,0
30,blue-collar,married,tertiary,no,696,yes,no,cellular,2,1,failure,0
34,services,single,tertiary,no,305,no,no,cellular,2,0,unknown,0
23,technician,single,tertiary,no,0,yes,no,cellular,2,0,unknown,0
35,management,divorced,tertiary,no,0,yes,no,unknown,6,0,unknown,0
31,management,married,primary,no,133,yes,no,unknown,2,0,unknown,0
37,technician,divorced,secondary,no,2517,yes,no,cellular,2,0,unknown,0
36,management,married,tertiary,no,950,no,no,unknown,6,0,unknown,0
38,blue-collar,married,primary,no,887,yes,no,cellular,5,0,unknown,0
37,admin.,single,tertiary,no,2187,yes,no,unknown,2,0,unknown,0
37,services,married,secondary,no,2486,no,no,unknown,10,0,unknown,0
34,admin.,married,secondary,no,340,no,no,cellular,1,0,success,0
23,technician,single,primary,no,625,no,no,unknown,3,0,unknown,0
30,management,married,secondary,no,25736,yes,no,cellular,9,0,unknown,1
52,housemaid,married,secondary,no,160,no,no,cellular,1,0,unknown,0
43,blue-collar,married,secondary,no,3873,no,no,telephone,8,0,unknown,0
49,retired,single,secondary,no,-105,yes,no,cellular,9,0,unknown,0
28,management,single,primary,no,0,no,no,cellular,2,0,unknown,0
42,blue-collar,single,tertiary,no,0,no,no,telephone,1,0,unknown,0
50,technician,married,secondary,no,142,yes,no,cellular,3,1,failure,0
26,admin.,single,tertiary,no,189,yes,yes,cellular,1,0,other,1
25,admin.,married,primary,no,7825,no,no,cellular,1,0,other,1
38,admin.,married,secondary,no,3452,no,no,unknown,1,0,unknown,0
47,admin.,married,tertiary,no,232,yes,yes,cellular,1,0,unknown,1
44,management,single,secondary,no,5079,no,no,cellular,1,0,unknown,0
54,blue-collar,married,secondary,no,1639,no,no,unknown,3,0,unknown,0
60,unemployed,married,unknown,no,26,no,no,cellular,2,0,unknown,0
30,services,married,secondary,no,760,no,no,cellular,2,0,unknown,0
41,retired,married,tertiary,no,0,yes,no,cellular,3,0,success,0
35,management,married,tertiary,no,1240,yes,no,cellular,2,0,unknown,0
36,management,single,secondary,no,-44,yes,no,telephone,2,0,success,1
35,blue-collar,married,primary,no,102,yes,no,cellular,1,0,unknown,0
38,admin.,married,secondary,no,629,no,no,cellular,1,0,unknown,0
39,technician,married,primary,no,-236,no,no,cellular,1,0,unknown,0
30,blue-collar,single,secondary,no,0,yes,no,cellular,6,0,unknown,0
31,entrepreneur,single,secondary,no,140,no,no,cellular,1,3,failure,0
52,blue-collar,married,secondary,no,410,yes,no,unknown,3,0,failure,0
39,services,married,tertiary,no,121,no,no,cellular,1,0,unknown,0
30,retired,single,tertiary,no,2827,no,yes,cellular,1,0,unknown,0
58,blue-collar,married,tertiary,no,454,no,no,unknown,4,0,unknown,0
48,services,married,secondary,no,802,yes,no,telephone,2,0,unknown,0
32,services,single,secondary,no,4279,no,no,cellular,1,0,unknown,0
34,blue-collar,divorced,tertiary,no,3872,yes,no,cellular,1,0,unknown,0
57,blue-collar,married,secondary,no,638,yes,no,cellular,1,0,unknown,0
38,admin.,divorced,secondary,no,3726,no,no,cellular,1,1,failure,0
30,entrepreneur,single,tertiary,no,0,yes,no,cellular,2,0,unknown,0
41,management,married,secondary,no,460,no,no,cellular,2,0,unknown,0
32,technician,married,tertiary,no,14,no,no,cellular,4,0,unknown,0
47,blue-collar,married,secondary,no,206,no,no,cellular,3,0,unknown,0
28,blue-collar,married,tertiary,no,980,yes,yes,cellular,1,1,unknown,1
46,technician,single,tertiary,no,-460,no,no,cellular,1,0,unknown,0
55,technician,single,primary,no,3530,no,no,cellular,1,0,unknown,0
55,entrepreneur,married,tertiary,no,2140,no,no,cellular,4,1,failure,0
37,blue-collar,divorced,tertiary,no,199,no,no,unknown,2,0,unknown,0
50,management,married,secondary,no,785,no,no,telephone,6,0,unknown,0
32,blue-collar,married,primary,no,0,yes,no,unknown,4,0,unknown,0
62,entrepreneur,divorced,secondary,no,-97,yes,no,cellular,4,0,unknown,0
60,blue-collar,married,unknown,no,842,no,no,cellular,2,0,unknown,0
33,services,married,unknown,no,508,no,yes,unknown,1,0,unknown,0
30,blue-collar,married,primary,no,0,no,no,cellular,2,0,unknown,0
54,entrepreneur,married,primary,no,11751,no,no,cellular,2,0,unknown,0
33,technician,single,tertiary,no,744,yes,no,unknown,1,0,other,1
37,entrepreneur,single,tertiary,no,78,yes,no,telephone,25,0,unknown,0
37,blue-collar,married,secondary,no,691,no,no,unknown,1,0,unknown,0
36,student,married,primary,no,0,yes,yes,unknown,2,0,unknown,0
45,admin.,married,secondary,no,3878,no,no,cellular,5,0,other,0
43,management,single,secondary,no,1742,no,no,cellular,3,0,unknown,0
35,services,married,secondary,no,1114,yes,no,cellular,4,1,success,0
39,self-employed,married,secondary,no,4196,no,no,cellular,2,0,unknown,0
61,admin.,married,secondary,no,681,yes,no,cellular,3,0,success,0
28,admin.,single,primary,no,1911,yes,no,unknown,2,0,unknown,0
48,services,married,secondary,no,58,yes,yes,telephone,2,0,unknown,1
33,retired,married,tertiary,no,316,yes,no,unknown,4,0,unknown,0
51,technician,married,unknown,no,6414,no,no,unknown,1,0,unknown,0
60,management,divorced,primary,no,3572,no,no,unknown,1,0,unknown,0
36,blue-collar,married,unknown,no,136,no,no,cellular,4,0,unknown,0
40,technician,single,secondary,no,-230,yes,no,cellular,2,0,unknown,0
38,admin.,married,secondary,no,5799,no,yes,unknown,1,0,unknown,0
26,management,married,tertiary,no,2308,yes,no,cellular,2,2,unknown,0
46,admin.,single,tertiary,no,4,yes,no,cellular,3,5,failure,0
32,management,married,tertiary,no,112,yes,no,cellular,1,0,failure,0
44,management,married,primary,no,4016,no,no,unknown,9,0,unknown,0
58,unemployed,married,tertiary,no,540,yes,no,cellular,2,0,unknown,0
56,blue-collar,married,primary,no,2273,yes,no,cellular,2,0,unknown,0
29,management,single,secondary,no,2190,yes,no,cellular,1,0,unknown,0
27,technician,married,unknown,no,152,yes,no,unknown,1,0,failure,0
30,admin.,single,secondary,no,-782,yes,no,cellular,1,0,unknown,1
31,management,single,unknown,no,1410,no,no,cellular,3,0,unknown,0
23,blue-collar,single,secondary,no,124,no,no,unknown,1,0,unknown,0
44,admin.,single,secondary,no,33,no,no,cellular,1,4,failure,0
43,entrepreneur,married,tertiary,no,1028,no,no,cellular,1,1,unknown,0
28,technician,married,tertiary,no,3568,yes,yes,cellular,1,0,unknown,0
59,blue-collar,married,tertiary,no,1292,no,no,cellular,1,0,unknown,0
57,management,married,secondary,no,16,no,no,cellular,2,0,unknown,0
27,management,single,secondary,no,-35,yes,no,cellular,3,1,unknown,0
50,entrepreneur,married,tertiary,no,762,no,no,unknown,1,0,unknown,0
35,management,married,tertiary,no,3730,yes,no,cellular,2,0,unknown,0
30,management,married,secondary,no,573,no,no,cellular,3,0,unknown,0
30,housemaid,single,primary,no,697,yes,no,cellular,2,0,unknown,0
40,retired,married,secondary,no,561,no,no,cellular,1,0,unknown,0
37,management,married,tertiary,no,1042,no,yes,unknown,1,0,unknown,0
42,retired,single,primary,no,228,yes,no,unknown,2,1,failure,0
34,management,single,tertiary,no,1325,yes,no,unknown,2,0,unknown,0
35,technician,married,secondary,no,1142,no,no,cellular,1,0,unknown,0
35,services,single,secondary,no,2506,yes,no,cellular,1,0,failure,0
50,blue-collar,married,tertiary,no,1161,yes,no,cellular,5,0,failure,0
37,technician,married,secondary,no,-307,yes,no,cellular,4,0,unknown,0
32,unemployed,married,secondary,no,0,no,yes,unknown,2,0,unknown,0
43,management,married,secondary,no,2039,no,no,unknown,3,0,unknown,0
42,blue-collar,divorced,primary,no,41,yes,no,telephone,9,0,unknown,0
43,admin.,married,primary,no,3726,no,no,cellular,1,0,unknown,0
41,services,married,primary,no,0,yes,no,cellular,2,0,other,1
44,admin.,divorced,primary,no,695,yes,no,cellular,2,3,failure,0
42,management,married,unknown,no,54,no,no,cellular,2,0,unknown,1
40,blue-collar,divorced,primary,no,751,yes,no,cellular,3,0,unknown,0
50,unemployed,married,tertiary,no,769,yes,no,cellular,3,0,unknown,1
51,technician,married,secondary,no,703,no,no,cellular,1,1,unknown,0
50,entrepreneur,divorced,secondary,no,379,yes,no,cellular,2,0,unknown,0
59,admin.,married,tertiary,no,5070,yes,no,cellular,13,0,unknown,0
39,technician,married,secondary,no,487,no,no,unknown,10,0,unknown,0
42,technician,married,tertiary,no,2629,yes,yes,unknown,1,0,unknown,0
32,management,married,tertiary,no,152,yes,yes,cellular,1,0,unknown,0
32,technician,married,secondary,no,478,no,yes,cellular,1,0,unknown,1
35,management,married,secondary,no,2227,no,no,cellular,1,0,unknown,0
56,self-employed,married,secondary,no,16,no,no,cellular,1,0,unknown,0
36,blue-collar,married,primary,no,475,no,no,cellular,1,0,unknown,0
43,blue-collar,married,secondary,no,-66,yes,yes,unknown,4,0,unknown,0
28,blue-collar,married,secondary,no,75,yes,no,cellular,2,5,failure,1
35,technician,single,secondary,no,784,no,no,telephone,1,0,failure,0
40,unemployed,single,tertiary,no,23,no,no,cellular,2,0,unknown,0
49,management,divorced,primary,no,20,yes,no,cellular,4,2,failure,0
48,services,single,secondary,no,0,no,no,unknown,1,0,unknown,1
34,entrepreneur,single,secondary,no,8455,no,no,cellular,4,0,unknown,0
37,blue-collar,divorced,secondary,no,420,no,no,cellular,1,1,success,0
46,management,single,primary,no,0,yes,no,cellular,2,0,unknown,0
49,technician,married,secondary,no,-1180,no,no,cellular,4,0,unknown,0
42,management,single,secondary,no,2683,no,no,cellular,2,0,unknown,0
30,admin.,married,secondary,no,5113,yes,no,unknown,2,0,unknown,0
49,blue-collar,married,tertiary,no,99,yes,no,cellular,1,0,other,0
33,admin.,married,secondary,no,1213,yes,yes,cellular,2,0,failure,1
32,blue-collar,married,secondary,no,349,yes,no,cellular,3,0,unknown,0
32,technician,married,secondary,no,1354,yes,no,cellular,3,0,unknown,0
42,technician,married,tertiary,no,473,yes,no,unknown,3,0,unknown,0
31,retired,single,tertiary,no,3250,no,no,unknown,2,0,unknown,0
50,technician,married,secondary,no,487,no,no,unknown,8,0,unknown,0
58,technician,divorced,tertiary,no,-378,yes,no,cellular,2,0,failure,1
55,entrepreneur,married,secondary,no,3455,yes,no,cellular,5,0,unknown,0
29,blue-collar,single,tertiary,no,162,yes,no,cellular,2,0,unknown,0
37,housemaid,single,tertiary,no,60,yes,no,cellular,1,0,unknown,0
33,technician,married,tertiary,no,206,yes,no,unknown,2,0,unknown,0
44,management,married,secondary,no,0,no,no,cellular,2,0,unknown,0
37,technician,married,unknown,no,682,yes,yes,cellular,1,0,unknown,0
44,technician,divorced,secondary,no,71,no,no,unknown,2,1,success,1
45,blue-collar,single,tertiary,no,343,no,no,cellular,5,0,unknown,1
30,retired,married,secondary,no,440,yes,no,cellular,3,0,unknown,0
58,retired,married,primary,no,366,yes,no,cellular,3,0,unknown,0
30,blue-collar,married,tertiary,no,2732,yes,no,cellular,1,0,unknown,0
38,unemployed,married,tertiary,no,3771,no,no,cellular,3,0,unknown,1
25,management,married,secondary,no,55,yes,yes,cellular,1,0,unknown,0
47,student,married,secondary,no,-146,yes,no,cellular,2,0,unknown,1
47,services,married,secondary,no,841,no,no,unknown,2,1,failure,0
46,unemployed,married,secondary,no,1575,yes,no,cellular,4,0,unknown,0
32,admin.,married,secondary,no,886,no,yes,cellular,2,2,unknown,0
38,blue-collar,married,tertiary,no,-465,yes,yes,unknown,2,0,unknown,0
29,technician,married,tertiary,no,712,yes,no,unknown,1,0,unknown,0
31,admin.,single,primary,no,151,yes,no,cellular,4,0,unknown,0
57,unknown,single,secondary,no,397,yes,no,unknown,1,0,unknown,0
35,blue-collar,single,secondary,no,897,no,no,cellular,6,0,other,0
45,admin.,single,secondary,no,-1,no,no,cellular,3,0,unknown,1
40,blue-collar,single,primary,no,3931,no,no,telephone,3,0,unknown,0
40,management,single,tertiary,no,517,yes,no,cellular,1,0,unknown,0
48,technician,married,secondary,no,0,yes,no,cellular,1,0,unknown,0
41,unemployed,married,tertiary,no,2703,no,no,cellular,1,0,unknown,1
45,admin.,married,secondary,no,2705,no,no,cellular,4,0,unknown,0
58,services,married,secondary,no,59,yes,no,cellular,3,0,unknown,1
37,management,single,secondary,yes,2,no,no,cellular,12,0,unknown,0
39,blue-collar,single,primary,no,3077,no,no,cellular,2,0,other,0
28,technician,single,secondary,no,108,yes,no,cellular,1,0,unknown,0
43,blue-collar,married,primary,no,5,yes,no,cellular,22,0,unknown,0
57,blue-collar,married,secondary,no,105,yes,no,cellular,4,0,unknown,0
39,admin.,married,primary,no,3539,no,no,unknown,7,0,unknown,0
26,management,married,primary,no,487,yes,no,cellular,3,0,unknown,0
45,services,married,primary,no,1141,no,no,cellular,3,0,failure,0
41,technician,married,secondary,no,605,no,no,cellular,1,0,unknown,1
34,self-employed,married,secondary,no,1204,no,no,unknown,2,0,unknown,0
53,blue-collar,married,unknown,no,0,no,no,cellular,2,0,unknown,0
40,admin.,married,secondary,no,-54,no,no,cellular,3,0,unknown,0
75,retired,married,secondary,no,7400,no,no,cellular,7,0,failure,1
77,blue-collar,married,tertiary,no,975,yes,yes,unknown,3,0,unknown,0
41,admin.,married,secondary,no,38,yes,no,cellular,4,0,unknown,1
57,technician,married,secondary,no,296,no,yes,unknown,1,1,unknown,0
26,admin.,single,tertiary,no,271,yes,no,cellular,1,0,unknown,0
64,admin.,single,secondary,no,1270,yes,yes,cellular,3,0,unknown,0
32,self-employed,married,secondary,no,18,yes,no,cellular,4,0,unknown,1
31,technician,single,secondary,no,197,yes,no,unknown,2,0,unknown,0
37,management,single,primary,no,442,no,no,unknown,6,1,unknown,0
44,management,married,secondary,no,1220,no,no,cellular,6,0,unknown,0
24,management,married,unknown,no,1797,yes,no,unknown,1,0,unknown,0
53,admin.,married,primary,no,1831,yes,no,unknown,3,0,unknown,0
37,blue-collar,divorced,secondary,no,1960,yes,no,telephone,1,0,unknown,0
26,management,single,tertiary,no,0,no,no,cellular,4,0,unknown,0
59,services,divorced,secondary,no,4013,no,no,cellular,1,1,unknown,0
44,blue-collar,single,secondary,no,8296,no,no,cellular,14,0,unknown,0
39,entrepreneur,married,primary,yes,455,no,no,telephone,1,0,other,0
37,technician,married,secondary,no,20745,no,no,unknown,1,0,unknown,1
31,blue-collar,married,primary,no,338,yes,no,unknown,3,0,unknown,0
58,services,single,tertiary,no,595,yes,no,unknown,1,0,unknown,0
40,technician,married,tertiary,no,2179,no,no,unknown,2,0,unknown,0
50,management,divorced,tertiary,no,353,yes,no,unknown,6,0,success,0
38,blue-collar,married,secondary,no,1666,no,yes,cellular,1,0,other,1
53,technician,married,secondary,no,-32,no,no,unknown,1,0,unknown,0
36,admin.,single,secondary,no,653,yes,no,cellular,2,0,unknown,0
46,blue-collar,married,secondary,no,3414,yes,yes,unknown,5,2,unknown,0
57,services,divorced,tertiary,no,3897,yes,yes,cellular,1,0,unknown,0
30,technician,married,secondary,no,1831,yes,no,telephone,2,0,unknown,0
50,technician,married,secondary,no,231,yes,no,unknown,2,0,unknown,0
47,technician,divorced,secondary,no,945,yes,no,cellular,3,0,unknown,0
42,management,married,secondary,no,25,yes,yes,cellular,2,0,unknown,0
35,housemaid,single,secondary,no,6483,no,yes,unknown,1,0,unknown,0
58,admin.,divorced,tertiary,no,179,yes,yes,cellular,2,0,unknown,0
30,student,married,primary,no,0,yes,no,cellular,1,0,unknown,0
41,unemployed,single,tertiary,no,77,no,no,cellular,2,0,unknown,0
69,technician,married,tertiary,no,99,no,no,unknown,3,0,unknown,0
35,services,single,secondary,no,5789,no,no,unknown,1,0,unknown,0
31,management,married,tertiary,no,377,no,no,cellular,1,0,unknown,0
32,management,married,primary,yes,425,yes,yes,unknown,2,0,unknown,0
41,blue-collar,married,secondary,no,937,no,yes,cellular,3,1,success,0
58,admin.,divorced,primary,no,0,yes,no,telephone,3,0,unknown,0
44,technician,married,secondary,no,353,no,no,cellular,2,0,unknown,0
55,blue-collar,married,primary,no,0,yes,yes,unknown,2,0,unknown,0
47,management,married,tertiary,no,3162,no,no,unknown,3,0,unknown,0
45,self-employed,single,primary,no,1493,yes,no,unknown,2,0,unknown,0
47,admin.,married,primary,no,604,no,no,cellular,2,0,unknown,0
38,blue-collar,married,secondary,no,265,yes,no,cellular,3,0,unknown,0
40,management,married,tertiary,no,1519,yes,no,unknown,3,0,unknown,0
47,technician,married,secondary,no,1053,no,no,unknown,1,0,unknown,0
38,admin.,married,secondary,no,233,yes,no,cellular,2,0,unknown,1
25,blue-collar,single,tertiary,no,-46,yes,no,unknown,2,0,unknown,0
27,blue-collar,married,primary,no,895,yes,no,unknown,2,0,unknown,0
39,management,married,secondary,no,0,yes,yes,cellular,1,0,unknown,0
38,services,married,primary,no,-2170,no,no,cellular,2,0,unknown,0
45,services,single,secondary,no,606,no,no,cellular,3,0,unknown,0
40,technician,married,secondary,no,258,yes,no,cellular,1,0,unknown,0
26,blue-collar,married,tertiary,no,2261,yes,no,telephone,2,0,unknown,0
41,admin.,married,secondary,no,203,no,no,cellular,2,2,failure,0
48,technician,married,unknown,no,7930,no,no,telephone,1,0,unknown,0
33,admin.,married,secondary,no,518,yes,yes,cellular,1,0,unknown,0
31,services,married,unknown,no,133,yes,no,telephone,3,0,unknown,0
47,blue-collar,married,primary,no,1768,yes,no,cellular,7,0,other,0
46,services,single,tertiary,no,225,no,yes,cellular,2,0,unknown,1
57,retired,married,tertiary,no,4095,no,no,cellular,5,0,unknown,0
46,blue-collar,married,secondary,no,3949,yes,no,unknown,1,0,failure,0
35,blue-collar,single,secondary,no,326,no,no,cellular,7,0,other,0
36,management,single,secondary,no,3706,no,no,unknown,4,0,unknown,0
31,self-employed,married,primary,no,-76,yes,no,cellular,2,0,unknown,0
60,blue-collar,married,secondary,no,8657,no,no,cellular,2,0,unknown,0
73,unemployed,divorced,tertiary,no,191,no,no,cellular,3,2,unknown,0
52,technician,married,secondary,no,59,no,no,unknown,4,0,failure,0
60,technician,divorced,secondary,no,1033,no,no,cellular,3,0,success,0
59,blue-collar,married,primary,no,417,no,no,cellular,2,1,failure,0
53,management,married,secondary,no,8930,yes,no,cellular,3,0,unknown,1
31,management,married,tertiary,no,826,no,no,cellular,2,0,unknown,0
29,management,single,tertiary,no,77,yes,no,cellular,1,0,failure,0
34,technician,single,secondary,no,556,no,no,cellular,1,0,unknown,0
42,blue-collar,married,secondary,no,389,no,no,cellular,5,0,unknown,0
26,management,married,secondary,no,0,yes,no,unknown,1,0,unknown,0
57,management,married,secondary,no,2320,no,no,cellular,2,0,unknown,0
43,admin.,married,tertiary,no,86,no,no,unknown,4,0,unknown,0
43,management,single,tertiary,no,0,no,no,unknown,3,0,unknown,0
44,blue-collar,married,primary,no,0,yes,yes,unknown,2,0,unknown,0
48,admin.,divorced,primary,no,859,yes,no,unknown,4,0,unknown,0
48,management,married,tertiary,no,2143,yes,no,cellular,2,0,unknown,0
50,blue-collar,married,primary,no,37,yes,no,unknown,6,0,unknown,0
38,housemaid,single,secondary,no,787,no,yes,cellular,2,0,unknown,0
57,technician,divorced,tertiary,no,-302,yes,no,cellular,1,0,unknown,0
44,management,married,tertiary,no,212,yes,yes,cellular,2,0,unknown,0
43,technician,married,secondary,no,680,yes,no,cellular,1,0,unknown,0
39,admin.,married,secondary,no,12683,yes,yes,unknown,3,0,unknown,0
32,services,single,tertiary,no,666,no,yes,cellular,2,0,unknown,0
50,technician,single,secondary,no,163,no,no,unknown,1,0,unknown,0
33,blue-collar,married,primary,no,451,no,no,cellular,2,1,failure,0
56,admin.,divorced,secondary,no,665,no,no,cellular,4,0,unknown,0
39,management,married,tertiary,no,1500,no,yes,unknown,1,0,unknown,0
48,self-employed,married,primary,no,2302,yes,no,cellular,2,0,unknown,0
36,management,married,secondary,yes,937,no,no,cellular,3,0,unknown,0
41,technician,married,secondary,no,753,yes,no,cellular,3,1,failure,1
26,retired,married,secondary,no,0,yes,yes,cellular,3,0,unknown,0
28,blue-collar,married,secondary,no,636,yes,no,cellular,1,0,unknown,1
44,technician,married,tertiary,no,386,yes,yes,cellular,2,0,unknown,0
58,blue-collar,divorced,secondary,no,1291,no,no,unknown,7,1,other,0
40,blue-collar,single,secondary,no,265,yes,yes,cellular,4,0,unknown,0
29,blue-collar,single,tertiary,no,123,no,no,cellular,2,0,unknown,0
36,retired,married,tertiary,no,3610,no,no,unknown,1,0,unknown,0
34,blue-collar,single,secondary,no,487,no,yes,cellular,4,0,unknown,0
57,blue-collar,married,secondary,no,242,no,no,cellular,6,3,unknown,0
56,technician,married,secondary,no,3607,yes,yes,cellular,1,0,unknown,0
34,blue-collar,married,secondary,no,2,yes,yes,cellular,2,0,failure,0
60,management,divorced,tertiary,no,263,no,no,cellular,2,0,failure,0
33,technician,married,tertiary,no,1205,no,no,cellular,4,0,unknown,0
33,management,married,tertiary,no,-143,yes,no,unknown,1,0,unknown,0
39,technician,single,secondary,no,142,no,no,unknown,2,2,failure,1
35,management,married,primary,no,1838,yes,no,unknown,2,0,unknown,0
48,blue-collar,divorced,secondary,no,3280,yes,no,cellular,1,0,unknown,0
43,management,married,secondary,no,937,yes,no,cellular,2,0,unknown,0
50,blue-collar,married,primary,no,531,yes,no,telephone,6,0,unknown,0
46,blue-collar,divorced,primary,no,226,no,yes,cellular,3,0,other,0
44,blue-collar,married,secondary,no,64,yes,no,unknown,1,0,unknown,0
32,management,married,secondary,no,293,yes,no,unknown,1,0,unknown,0
30,management,married,tertiary,no,1325,no,yes,unknown,2,0,unknown,0
43,management,married,tertiary,no,579,no,no,unknown,2,0,unknown,0
28,blue-collar,married,secondary,no,167,yes,no,telephone,1,0,failure,0
37,management,married,unknown,no,1666,no,no,cellular,2,0,failure,0
31,technician,married,secondary,no,6244,no,no,cellular,2,1,failure,1
36,management,married,secondary,no,360,no,no,unknown,2,0,unknown,0
42,technician,married,secondary,no,1922,yes,no,unknown,8,0,unknown,0
36,retired,married,secondary,no,66,yes,no,telephone,1,0,unknown,0
35,management,married,tertiary,no,335,yes,no,cellular,4,0,unknown,0
32,blue-collar,married,secondary,no,115,yes,yes,unknown,12,0,unknown,0
53,services,single,secondary,no,0,no,no,cellular,5,0,unknown,0
57,technician,married,secondary,no,1281,yes,no,cellular,2,0,unknown,0
41,technician,single,tertiary,no,1297,yes,no,cellular,3,0,unknown,0
33,management,single,unknown,no,7934,no,yes,telephone,2,0,unknown,0
27,student,married,secondary,no,1191,yes,no,cellular,5,0,unknown,0
45,management,married,secondary,no,499,yes,no,cellular,3,0,unknown,0
34,entrepreneur,married,secondary,no,3059,no,no,cellular,4,0,failure,0
30,retired,single,secondary,no,305,yes,no,unknown,1,0,other,1
48,technician,married,tertiary,no,16,no,no,cellular,3,0,unknown,0
53,entrepreneur,divorced,primary,no,-47,no,yes,cellular,2,0,unknown,0
43,technician,married,secondary,no,0,no,no,cellular,2,1,unknown,0
32,admin.,single,secondary,no,1572,no,no,cellular,2,0,unknown,0
32,admin.,married,tertiary,no,774,no,no,unknown,2,0,unknown,0
27,admin.,single,primary,no,3,yes,no,cellular,6,0,unknown,0
53,blue-collar,single,primary,no,609,yes,yes,unknown,11,0,unknown,1
46,technician,married,secondary,yes,14062,yes,no,cellular,2,2,failure,0
54,technician,married,secondary,no,751,no,no,cellular,2,0,unknown,0
37,admin.,married,tertiary,no,690,no,no,cellular,5,0,unknown,0
47,self-employed,divorced,secondary,no,57,yes,no,telephone,3,0,unknown,0
24,blue-collar,single,secondary,no,385,no,no,unknown,1,0,unknown,0
35,services,married,unknown,no,12511,no,yes,cellular,3,0,unknown,1
34,services,single,tertiary,no,12,yes,no,cellular,1,0,success,0
39,management,married,tertiary,no,44,yes,no,unknown,2,0,failure,0
43,unknown,married,tertiary,no,1626,no,yes,cellular,2,0,unknown,0
33,blue-collar,single,secondary,no,310,yes,yes,cellular,2,0,unknown,0
28,admin.,single,tertiary,no,0,yes,no,cellular,2,0,unknown,0
42,services,divorced,primary,no,1065,yes,no,cellular,1,2,failure,0
39,entrepreneur,married,secondary,no,64,yes,yes,cellular,2,1,failure,0
61,services,married,primary,no,863,yes,yes,cellular,2,0,unknown,0
50,blue-collar,married,secondary,no,0,yes,no,cellular,2,1,unknown,0
46,housemaid,married,secondary,no,6263,no,no,cellular,1,5,failure,0
26,management,single,tertiary,no,52,no,no,unknown,3,0,unknown,0
55,blue-collar,single,secondary,no,2040,yes,no,cellular,3,0,unknown,0
20,management,single,secondary,no,-634,no,no,cellular,4,0,unknown,0
51,retired,married,unknown,no,61,no,no,cellular,2,0,unknown,1
35,management,single,primary,no,2040,no,no,cellular,2,0,failure,0
51,management,married,secondary,no,-22,no,no,cellular,2,0,failure,1
44,services,married,unknown,no,2284,no,yes,unknown,2,0,unknown,1
51,housemaid,married,secondary,no,586,no,no,cellular,3,0,unknown,0
31,admin.,married,secondary,no,1083,yes,yes,cellular,3,0,unknown,1
58,admin.,divorced,primary,no,46,yes,no,cellular,11,0,unknown,0
39,services,married,primary,no,-108,no,no,cellular,2,0,unknown,0
33,blue-collar,married,secondary,no,-162,no,no,cellular,5,0,unknown,0
47,technician,single,secondary,no,4357,no,no,cellular,2,0,unknown,0
38,technician,single,secondary,no,2,yes,yes,cellular,2,0,unknown,0
33,admin.,married,primary,no,1240,no,no,cellular,2,0,other,0
60,management,married,secondary,no,200,yes,no,unknown,2,0,unknown,0
59,self-employed,divorced,secondary,no,70,no,no,cellular,2,0,other,0
41,self-employed,married,primary,no,-469,yes,no,unknown,1,0,unknown,0
37,technician,single,tertiary,no,1384,no,no,cellular,1,0,unknown,1
46,management,married,primary,no,97,no,no,cellular,1,0,unknown,0
38,blue-collar,married,secondary,no,657,yes,no,cellular,6,0,unknown,0
36,retired,divorced,secondary,no,13,yes,no,cellular,2,0,unknown,0
40,technician,married,primary,no,185,yes,yes,cellular,3,3,failure,0
40,blue-collar,married,primary,no,921,no,no,cellular,2,0,failure,0
30,entrepreneur,married,secondary,no,17,yes,no,cellular,2,0,unknown,0
51,management,married,secondary,no,4107,no,yes,unknown,1,0,unknown,0
27,self-employed,single,secondary,no,778,yes,no,cellular,2,0,unknown,0
48,blue-collar,married,tertiary,no,1906,yes,no,unknown,1,1,success,0
21,retired,single,secondary,no,294,no,no,telephone,3,0,unknown,0
32,management,married,tertiary,no,0,yes,yes,telephone,1,0,unknown,0
43,housemaid,married,secondary,no,35,yes,yes,unknown,1,0,unknown,0
34,services,married,primary,no,-46,yes,no,cellular,3,0,unknown,0
31,unemployed,single,tertiary,no,25,no,no,cellular,1,0,failure,0
34,technician,single,tertiary,no,309,no,no,cellular,1,2,unknown,0
36,services,single,secondary,no,16,no,yes,cellular,1,0,unknown,0
34,blue-collar,married,tertiary,no,751,no,no,cellular,1,0,other,0
48,technician,married,primary,no,7739,no,no,cellular,3,0,unknown,0
35,management,single,tertiary,no,3575,no,no,cellular,3,0,unknown,0
55,retired,married,tertiary,no,100,yes,no,cellular,2,0,unknown,1
36,technician,married,secondary,no,-275,no,yes,cellular,1,0,unknown,1
45,technician,married,tertiary,no,1010,yes,no,unknown,1,0,unknown,0
41,management,married,primary,no,55,no,no,unknown,3,0,unknown,0
52,admin.,divorced,secondary,no,84,no,no,unknown,2,0,unknown,1
40,admin.,divorced,secondary,no,131,yes,no,unknown,8,0,unknown,0
50,entrepreneur,married,tertiary,no,415,yes,no,cellular,7,0,unknown,0
62,management,single,secondary,no,1114,yes,no,unknown,2,0,unknown,0
56,entrepreneur,married,secondary,no,4338,no,no,cellular,1,0,unknown,0
55,admin.,married,secondary,no,751,yes,no,unknown,3,0,unknown,0
41,blue-collar,divorced,primary,no,201,yes,no,cellular,3,0,success,0
45,management,married,secondary,no,2146,no,no,cellular,2,0,unknown,0
31,blue-collar,married,secondary,no,1548,yes,no,cellular,1,0,unknown,0
44,management,married,secondary,no,0,yes,yes,cellular,5,0,unknown,1
34,technician,single,tertiary,no,6504,no,no,unknown,2,2,unknown,0
31,management,married,primary,no,655,yes,no,unknown,5,0,unknown,0
41,management,single,secondary,no,1955,no,no,cellular,5,0,unknown,0
32,technician,married,unknown,no,0,yes,no,cellular,2,0,unknown,0
37,technician,single,secondary,no,348,yes,yes,cellular,2,0,unknown,0
36,management,single,tertiary,no,5093,no,no,cellular,1,0,unknown,0
36,technician,married,secondary,no,517,no,no,unknown,3,0,unknown,0
44,services,single,primary,no,203,no,no,cellular,2,0,unknown,0
37,technician,single,secondary,no,1847,no,no,cellular,2,0,unknown,0
25,technician,single,tertiary,no,125,no,no,unknown,3,0,unknown,0
41,management,married,tertiary,no,88,no,no,cellular,1,0,unknown,0
46,housemaid,married,secondary,no,518,no,no,unknown,1,0,unknown,0
36,technician,single,secondary,no,595,yes,no,cellular,1,0,unknown,0
37,self-employed,single,primary,no,845,yes,no,unknown,7,0,unknown,0
41,services,divorced,secondary,no,64,no,yes,cellular,1,0,unknown,0
48,management,married,secondary,no,2367,yes,no,unknown,2,0,unknown,0
54,unknown,divorced,secondary,no,262,yes,no,cellular,11,1,failure,0
44,blue-collar,married,secondary,no,671,no,no,cellular,13,0,unknown,0
37,management,single,secondary,no,835,no,no,cellular,1,0,unknown,0
55,admin.,divorced,secondary,no,4749,yes,no,cellular,2,0,unknown,0
55,services,married,secondary,no,-247,yes,yes,cellular,2,0,unknown,0
38,housemaid,single,tertiary,no,0,no,no,cellular,5,0,unknown,0
50,services,single,primary,no,174,no,no,cellular,3,0,unknown,0
56,blue-collar,divorced,secondary,no,745,yes,no,unknown,4,0,unknown,0
35,blue-collar,married,secondary,no,42,yes,no,cellular,2,0,unknown,0
34,management,divorced,secondary,no,12,yes,no,cellular,1,1,failure,0
34,self-employed,single,unknown,no,1013,yes,no,cellular,1,0,other,0
40,management,married,secondary,no,0,yes,no,cellular,2,0,unknown,0
41,technician,married,primary,no,61,no,no,unknown,8,1,unknown,0
29,blue-collar,single,primary,no,0,yes,no,cellular,2,0,unknown,0
33,technician,single,secondary,no,1791,no,no,cellular,1,0,unknown,0
34,retired,married,unknown,no,10,no,yes,unknown,2,0,unknown,0
41,technician,single,primary,no,18,no,no,unknown,4,0,unknown,0
40,technician,single,tertiary,no,106,yes,no,cellular,7,0,unknown,0
33,services,married,unknown,no,3529,yes,no,cellular,2,4,other,1
30,blue-collar,married,secondary,no,10324,yes,no,telephone,3,0,unknown,0
34,management,married,secondary,no,261,yes,no,unknown,1,0,unknown,0
30,retired,single,tertiary,no,427,yes,no,unknown,5,0,unknown,0
59,unemployed,married,secondary,no,10865,no,yes,cellular,4,0,unknown,0
36,blue-collar,single,tertiary,no,16294,no,no,cellular,2,0,unknown,0
49,blue-collar,single,primary,no,1317,yes,no,unknown,1,0,unknown,0
34,technician,married,tertiary,no,52,yes,yes,cellular,1,2,failure,0
48,management,divorced,tertiary,no,573,no,no,cellular,5,0,unknown,0
47,management,divorced,tertiary,no,16907,yes,no,cellular,1,0,unknown,0
32,housemaid,married,secondary,no,6415,yes,no,cellular,1,0,unknown,0
48,technician,divorced,tertiary,no,428,yes,no,cellular,2,0,other,0
58,technician,married,tertiary,no,2318,no,no,cellular,4,0,other,0
38,services,married,secondary,no,65,no,no,cellular,2,0,unknown,0
25,blue-collar,married,primary,no,603,no,no,cellular,8,0,failure,1
40,services,married,secondary,no,305,yes,no,unknown,2,0,unknown,0
60,management,married,secondary,no,1117,no,no,unknown,1,0,unknown,1
41,self-employed,married,tertiary,no,2887,no,no,unknown,1,4,failure,1
41,services,single,secondary,no,925,yes,no,cellular,3,0,unknown,0
39,technician,married,secondary,no,199,no,no,cellular,1,0,unknown,0
45,technician,married,tertiary,no,1410,no,no,unknown,3,0,unknown,0
30,management,married,secondary,no,5883,yes,no,unknown,3,0,unknown,0
44,technician,single,tertiary,no,339,no,no,cellular,1,0,unknown,0
36,blue-collar,married,secondary,no,18,yes,no,cellular,6,0,unknown,0
32,entrepreneur,single,secondary,no,6616,no,yes,cellular,3,0,failure,0
39,management,married,secondary,no,451,yes,no,unknown,1,0,unknown,0
36,blue-collar,married,secondary,no,1027,no,no,unknown,2,0,unknown,0
44,management,married,tertiary,no,2420,no,no,cellular,1,0,other,0
32,blue-collar,married,primary,no,106,yes,no,cellular,1,0,unknown,0
41,blue-collar,married,tertiary,no,414,yes,no,unknown,1,0,success,0
39,admin.,single,tertiary,no,13,no,no,cellular,1,0,unknown,0
34,management,divorced,secondary,no,4,yes,no,cellular,1,0,unknown,0
28,retired,single,unknown,no,2031,yes,yes,cellular,2,1,unknown,0
44,blue-collar,single,unknown,no,400,yes,no,unknown,3,0,unknown,0
79,technician,married,secondary,no,69,no,no,telephone,3,0,unknown,0
65,management,married,primary,no,524,no,no,cellular,3,0,unknown,0
40,services,single,tertiary,no,4030,no,no,cellular,1,0,success,0
27,technician,divorced,secondary,no,0,yes,no,cellular,3,3,failure,0
58,management,married,secondary,no,0,yes,no,cellular,5,0,unknown,1
39,blue-collar,married,secondary,no,-280,no,no,unknown,2,0,unknown,0
41,technician,married,secondary,no,1282,no,yes,cellular,1,0,unknown,0
33,retired,single,secondary,no,239,no,no,cellular,2,0,unknown,0
39,management,divorced,secondary,no,-219,yes,no,unknown,4,0,unknown,0
32,blue-collar,single,primary,no,-256,yes,no,cellular,1,0,unknown,0
48,admin.,married,tertiary,no,351,no,no,unknown,2,0,success,0
48,admin.,married,secondary,no,1013,yes,no,telephone,4,0,unknown,0
32,management,single,tertiary,no,2658,yes,no,cellular,2,0,unknown,0
38,blue-collar,married,secondary,no,0,yes,no,cellular,3,0,unknown,0
36,management,married,primary,no,395,yes,yes,cellular,5,0,failure,0
40,blue-collar,married,secondary,no,8304,no,no,telephone,6,0,unknown,0
30,management,single,unknown,no,309,yes,no,unknown,1,0,unknown,0
45,services,married,tertiary,no,-84,yes,yes,unknown,1,0,unknown,0
42,blue-collar,married,primary,no,-243,yes,yes,cellular,1,0,unknown,0
36,blue-collar,single,tertiary,no,477,yes,no,unknown,1,0,unknown,0
55,blue-collar,married,secondary,no,1188,no,no,unknown,1,4,failure,0
56,technician,divorced,primary,no,3,yes,no,cellular,2,0,unknown,0
35,management,married,secondary,no,14641,no,no,cellular,3,2,failure,0
33,technician,married,secondary,no,35,yes,no,cellular,5,0,unknown,0
55,technician,married,secondary,no,3574,no,no,cellular,2,0,failure,0
50,admin.,married,secondary,no,402,yes,no,unknown,2,0,success,0
28,blue-collar,married,secondary,no,773,no,no,cellular,6,1,failure,0
37,admin.,single,secondary,no,3930,yes,no,cellular,1,0,unknown,0
76,retired,married,primary,no,136,no,no,cellular,4,0,unknown,0
48,blue-collar,married,secondary,no,-987,yes,yes,unknown,2,0,unknown,0
55,retired,married,secondary,no,2137,no,yes,unknown,2,0,unknown,0
35,technician,married,tertiary,no,235,no,no,cellular,4,0,unknown,0
47,management,married,secondary,no,12565,yes,no,cellular,3,0,failure,0
32,management,single,secondary,no,932,yes,no,cellular,4,0,unknown,0
55,services,married,secondary,no,2628,yes,no,cellular,1,1,unknown,0
51,services,divorced,secondary,no,180,yes,no,cellular,2,0,unknown,0
47,admin.,married,tertiary,no,16715,yes,no,cellular,1,1,other,0
32,management,married,secondary,no,257,no,no,cellular,3,0,unknown,0
42,retired,single,unknown,no,4819,no,no,cellular,1,0,unknown,0
38,blue-collar,divorced,secondary,no,2850,yes,no,unknown,1,0,unknown,1
25,blue-collar,married,secondary,no,71,yes,no,cellular,4,0,unknown,0
42,blue-collar,married,secondary,no,565,yes,no,unknown,1,0,unknown,0
51,admin.,married,primary,no,1909,yes,no,cellular,5,0,unknown,0
31,admin.,single,primary,no,16751,yes,no,unknown,3,0,unknown,0
41,management,single,primary,no,212,yes,no,cellular,3,0,unknown,0
52,blue-collar,married,secondary,no,1683,yes,no,cellular,4,0,unknown,0
39,management,married,secondary,no,714,yes,no,cellular,3,0,unknown,0
45,management,divorced,tertiary,no,0,yes,no,cellular,1,0,unknown,0
56,management,married,primary,no,0,no,no,cellular,3,0,unknown,0
29,admin.,single,tertiary,no,751,yes,no,cellular,4,1,unknown,0
43,blue-collar,married,secondary,no,1989,no,no,cellular,2,0,unknown,1
46,blue-collar,married,secondary,no,4994,no,no,cellular,3,0,unknown,0
23,entrepreneur,single,unknown,no,427,yes,no,cellular,2,0,unknown,0
38,admin.,single,tertiary,no,0,no,no,unknown,2,0,unknown,0
33,retired,married,secondary,no,472,yes,no,cellular,1,0,unknown,1
43,technician,single,tertiary,no,64,yes,no,cellular,1,5,failure,0
58,management,married,secondary,no,2280,no,no,unknown,1,0,unknown,0
34,blue-collar,married,secondary,no,14,yes,no,cellular,2,0,unknown,0
42,technician,married,tertiary,no,2506,no,no,cellular,2,0,unknown,0
55,blue-collar,married,primary,no,3222,no,no,cellular,2,2,success,0
47,entrepreneur,married,secondary,no,0,yes,no,unknown,2,0,unknown,0
36,housemaid,married,primary,no,1242,yes,no,cellular,1,2,failure,0
34,management,married,secondary,no,902,yes,no,cellular,1,0,unknown,0
58,technician,married,secondary,no,76,yes,no,telephone,2,0,success,0
33,technician,married,tertiary,no,873,yes,no,cellular,8,0,unknown,0
50,management,married,tertiary,no,843,yes,no,unknown,3,0,success,0
34,admin.,single,secondary,no,33,no,no,unknown,6,0,unknown,0
31,management,single,primary,no,2481,no,yes,cellular,1,0,unknown,0
45,technician,single,primary,no,335,no,no,cellular,2,0,other,0
35,blue-collar,single,primary,no,741,yes,no,cellular,1,0,unknown,0
35,retired,married,secondary,no,691,yes,no,telephone,2,0,unknown,0
55,technician,married,secondary,no,1206,yes,no,cellular,4,1,failure,0
37,management,single,tertiary,no,519,yes,no,cellular,1,2,failure,0
32,services,married,tertiary,no,853,no,no,cellular,1,0,unknown,0
32,blue-collar,divorced,primary,no,1572,no,no,telephone,4,0,unknown,0
60,entrepreneur,divorced,primary,no,1537,no,yes,cellular,2,0,unknown,0
56,management,single,primary,no,1471,no,no,telephone,1,0,unknown,0
45,blue-collar,married,tertiary,no,1269,no,no,unknown,1,0,unknown,0
32,self-employed,married,primary,no,6,yes,no,cellular,6,0,unknown,0
49,services,single,secondary,no,401,yes,no,cellular,1,0,unknown,0
37,technician,married,secondary,no,3462,yes,no,cellular,3,0,unknown,0
46,blue-collar,married,secondary,no,1153,no,no,cellular,2,1,unknown,0
46,blue-collar,married,secondary,no,51,yes,no,cellular,1,1,failure,0
34,entrepreneur,married,secondary,no,-311,yes,no,cellular,1,0,unknown,0
31,entrepreneur,divorced,secondary,no,950,yes,yes,cellular,1,0,unknown,0
50,management,married,unknown,no,162,yes,no,cellular,2,0,unknown,0
39,technician,single,tertiary,no,318,yes,no,telephone,3,0,unknown,0
46,unemployed,single,tertiary,no,2596,no,no,cellular,1,0,unknown,0
42,technician,married,unknown,no,980,yes,no,cellular,1,1,unknown,0
32,blue-collar,single,secondary,no,176,yes,no,cellular,1,0,unknown,0
47,management,single,secondary,no,2021,yes,no,telephone,1,0,unknown,0
37,admin.,married,secondary,no,1012,no,yes,telephone,2,0,unknown,0
48,blue-collar,married,secondary,no,3339,no,no,cellular,3,0,unknown,0
57,management,married,secondary,no,33,yes,no,cellular,1,0,unknown,0
57,management,single,tertiary,no,4573,no,no,cellular,1,0,unknown,0
57,services,divorced,secondary,no,-483,yes,no,cellular,1,0,unknown,0
29,blue-collar,married,secondary,no,0,yes,no,unknown,2,0,unknown,0
38,blue-collar,divorced,secondary,no,0,yes,no,cellular,1,1,failure,0
55,technician,married,tertiary,no,719,no,no,cellular,3,0,unknown,0
30,management,married,tertiary,no,230,no,no,cellular,1,0,unknown,0
31,blue-collar,married,secondary,no,290,yes,no,unknown,2,0,unknown,0
53,management,married,primary,no,2633,no,no,cellular,1,1,success,0
30,management,married,secondary,yes,1012,yes,no,cellular,1,0,unknown,0
60,management,married,primary,no,5092,no,no,unknown,2,2,unknown,0
44,management,single,tertiary,no,1646,no,no,cellular,5,0,unknown,0
21,services,single,tertiary,no,739,yes,yes,cellular,1,1,failure,0
35,management,married,primary,no,167,no,no,telephone,1,0,unknown,0
33,retired,married,secondary,no,406,no,no,cellular,4,0,unknown,0
33,admin.,single,tertiary,no,22194,no,no,cellular,2,0,unknown,0
45,unknown,divorced,unknown,no,1675,yes,no,cellular,2,0,unknown,0
49,admin.,married,tertiary,no,-7,no,no,unknown,2,0,unknown,0
29,services,single,tertiary,no,1205,no,no,cellular,2,0,success,1
49,management,married,secondary,no,535,yes,no,unknown,1,0,failure,0
30,management,single,secondary,no,251,yes,no,unknown,1,2,unknown,0
55,admin.,single,primary,no,1915,no,yes,cellular,1,0,unknown,0
34,admin.,married,tertiary,no,2916,no,no,telephone,3,0,unknown,0
33,technician,divorced,secondary,no,296,yes,no,cellular,2,0,unknown,0
40,blue-collar,married,secondary,no,106,no,yes,cellular,3,2,unknown,0
35,blue-collar,married,tertiary,no,3,no,no,cellular,1,0,unknown,0
25,management,single,tertiary,no,101,yes,no,cellular,1,0,unknown,0
24,admin.,married,primary,no,440,yes,no,cellular,1,2,unknown,1
58,blue-collar,married,secondary,no,79,no,no,unknown,3,0,other,0
30,blue-collar,married,secondary,no,55,no,yes,cellular,5,0,unknown,1
37,blue-collar,married,secondary,no,282,no,no,unknown,2,0,unknown,0
33,blue-collar,single,secondary,no,3463,no,no,cellular,5,2,failure,0
33,technician,single,secondary,no,-1204,yes,no,cellular,4,0,unknown,0
37,blue-collar,single,secondary,no,0,yes,no,unknown,3,0,unknown,0
39,blue-collar,married,secondary,no,35,yes,yes,cellular,1,0,unknown,0
40,admin.,divorced,primary,no,0,yes,no,unknown,4,0,unknown,0
48,retired,divorced,secondary,no,1122,yes,no,cellular,1,1,unknown,1
41,entrepreneur,divorced,primary,no,299,yes,no,unknown,2,0,unknown,0
37,self-employed,married,secondary,no,71,no,no,cellular,3,0,unknown,0
59,blue-collar,divorced,primary,no,0,yes,no,cellular,3,0,unknown,0
56,technician,married,primary,no,8,yes,no,telephone,1,0,unknown,0
25,management,married,unknown,no,1448,no,no,cellular,1,0,unknown,0
40,management,single,secondary,no,4391,yes,no,cellular,1,0,unknown,0
32,unemployed,married,secondary,no,62,yes,no,unknown,3,0,unknown,0
43,technician,single,tertiary,no,3172,no,no,cellular,2,0,unknown,0
42,admin.,married,secondary,no,8077,yes,no,telephone,2,0,other,0
47,management,married,tertiary,no,135,yes,no,cellular,1,0,failure,1
28,services,married,tertiary,no,-402,yes,no,cellular,3,0,unknown,0
45,management,married,secondary,no,344,no,no,cellular,5,0,unknown,0
38,technician,married,tertiary,no,0,no,no,cellular,2,4,unknown,1
63,blue-collar,divorced,secondary,no,0,yes,no,cellular,2,0,unknown,0
28,management,married,tertiary,no,565,no,yes,cellular,8,0,unknown,0
27,technician,married,tertiary,no,218,yes,no,cellular,2,0,other,0
34,blue-collar,married,primary,no,1086,yes,yes,cellular,1,0,unknown,0
35,blue-collar,single,secondary,no,-73,yes,no,unknown,3,0,unknown,0
27,management,married,tertiary,no,830,yes,no,cellular,7,0,unknown,1
51,services,divorced,primary,no,899,yes,no,unknown,1,0,unknown,0
56,technician,married,unknown,no,2012,yes,no,cellular,2,0,unknown,0
47,retired,married,tertiary,no,426,yes,no,cellular,1,0,unknown,0
37,services,married,secondary,no,0,yes,no,cellular,5,0,unknown,0
25,retired,single,secondary,no,137,yes,no,unknown,1,0,unknown,0
41,technician,single,secondary,no,410,no,no,unknown,1,0,unknown,0
30,blue-collar,single,secondary,no,58,yes,no,cellular,2,0,unknown,0
35,admin.,married,tertiary,no,98,yes,no,cellular,6,0,unknown,0
36,services,single,tertiary,no,5199,yes,no,cellular,1,0,other,0
36,management,married,primary,no,-97,yes,no,cellular,4,0,unknown,0
42,blue-collar,married,primary,no,394,no,no,unknown,4,0,other,0
42,admin.,married,tertiary,no,1242,no,no,cellular,1,0,unknown,0
52,blue-collar,married,tertiary,no,22,no,no,cellular,3,0,unknown,0
41,technician,single,secondary,no,0,no,no,cellular,1,0,failure,0
26,retired,married,tertiary,no,247,yes,no,unknown,1,0,unknown,0
34,blue-collar,married,secondary,no,1168,yes,no,unknown,2,0,unknown,0
63,technician,divorced,tertiary,no,5072,no,no,cellular,1,0,unknown,0
34,services,single,secondary,no,5063,no,no,cellular,1,0,unknown,0
51,housemaid,married,tertiary,no,118,yes,no,cellular,7,1,failure,0
49,services,single,secondary,no,2316,yes,no,cellular,1,0,unknown,1
30,services,married,secondary,no,4944,yes,no,cellular,2,0,unknown,0
33,blue-collar,single,primary,no,1532,no,yes,cellular,3,0,unknown,0
55,management,married,tertiary,no,745,no,no,telephone,1,0,failure,0
28,blue-collar,single,secondary,no,318,yes,no,cellular,2,1,unknown,0
36,services,single,primary,no,307,yes,yes,telephone,1,0,unknown,0
40,admin.,single,secondary,no,3436,yes,no,cellular,1,0,unknown,0
27,management,married,secondary,no,368,no,no,telephone,3,0,unknown,0
42,management,single,tertiary,no,4458,yes,no,cellular,2,0,unknown,0
36,housemaid,single,tertiary,no,0,no,yes,cellular,1,0,unknown,0
40,unemployed,married,secondary,no,722,no,no,cellular,1,0,success,0
26,retired,single,tertiary,no,258,yes,no,cellular,3,0,failure,1
41,services,single,tertiary,no,556,no,no,unknown,6,0,unknown,0
33,entrepreneur,single,secondary,yes,620,yes,no,cellular,2,0,unknown,0
29,student,single,tertiary,no,5176,no,no,cellular,2,0,unknown,0
46,blue-collar,married,secondary,no,42,yes,yes,cellular,1,0,unknown,0
