fixed acidity,volatile acidity,citric acid,residual sugar,chlorides,free sulfur dioxide,total sulfur dioxide,density,pH,sulphates,alcohol,quality
6.843024252530789,0.6065121738762522,0.31720893632266933,4.380190252535684,0.056770707308052046,4.805579078635121,6.0,0.9942102347045506,3.37544264366143,0.6843425360609705,11.687629781086397,4
7.614484663943789,0.4057155993085223,0.42137755088989426,3.9782033074748173,0.1311207081873149,1.0,11.335544669261619,0.994003920941342,3.2037822138550807,0.6925065160192523,12.08292043447171,8
9.505125769049702,0.5470583764646068,0.2515558490030299,0.9,0.10023562004140006,31.564798369188345,108.24201221811538,0.9990312296479354,3.2331663746339494,0.6562260244509658,10.080740504655822,6
7.014343233343655,0.19441539026726928,0.2651722316985634,2.454598492724973,0.0811705004182528,4.631451594328638,37.94123483113404,0.9979095180525052,3.4266168757087097,0.5900161578304426,10.59416646935974,5
6.901602338852783,0.3651417525833013,0.6187475108351076,3.231614681727192,0.12354202721007435,3.7788612727657585,14.224486952222545,0.9988160646738719,3.2123579294188565,0.9990448380759421,10.10890215863356,6
8.548439536338462,0.7118357428926811,0.0,2.3627394852749157,0.06219058879963363,25.10984681316475,35.61855063124957,0.9931473466777402,3.574677094534813,0.6294900862566367,11.30152781790618,4
5.667943535455291,0.7578086775444832,0.0,2.2318017965322263,0.08153293844337893,15.035384763094104,84.34066788652135,0.993894187462565,3.530455926788952,0.5471414573772537,12.487898583450537,6
8.325531847716869,0.4658844064030285,0.31347642194229164,2.7086239235909475,0.08296930501960643,25.537473253081227,78.83114586602187,0.9974433020984481,3.411866092667255,0.6182979138306779,9.898921705378687,5
9.241901686276549,0.45467715273164805,0.4950056161089238,4.1186441861834,0.07573518014435215,17.17941048732251,156.59361013265936,0.9978634809099798,3.151768734442776,0.7032824479662417,9.48649632920196,5
10.059678388057218,0.4131263358769153,0.6540481111011329,2.126587456329619,0.12354074486463464,1.0,98.09780571099836,0.9958916549771707,3.181400904493818,0.8160309176994913,11.69042818223581,5
6.950274663914167,0.5492523609850595,0.1069947715930109,2.1393646422241694,0.07612775771584102,24.1158970067901,50.998138818327625,0.9953589280290578,3.2687677838105023,0.8177858290211844,11.226496272875707,7
8.3795662005993,0.5929065172774216,0.18060485853093666,1.9917634224568677,0.051932241944158644,33.303091917934246,136.9912416702181,0.996454953759268,3.4032090453259682,0.8022314527407566,9.991233931994598,5
9.957421464613827,0.24775819799366047,0.4532080602931862,1.6776949787113407,0.0813679145902402,14.974372922049229,54.22699136622117,0.9977225099387314,2.953367973519865,0.7016243435523183,11.497091897728811,8
10.965375184816711,0.3421448430028683,0.516592917506797,2.5511948687682606,0.15765164906505802,20.02868312121516,35.85850132233725,0.9987757160614077,3.0988270736124686,0.9592913069036878,10.496727248925273,6
10.692293985803932,0.41407595825581633,0.5322570521272878,1.4419693395118247,0.10476527451089385,9.842849836570116,31.795104643898938,0.9974156023867506,3.1981767935759495,0.7339263061130158,11.183147112938322,6
6.415167013386093,0.5013052567275724,0.22837094137206823,1.703553345677853,0.07478559109914831,14.004737628682868,13.120479764288852,0.9917725358757727,3.406298045822025,0.8271938590742562,12.133721772133548,6
6.308092177491513,0.5691366477673258,0.10090791174571172,1.9685557690327586,0.08729406691126063,31.53519882707141,139.67396862665908,0.9958786620543231,3.3410303519203914,0.48656803964636114,9.198438219243313,5
10.26932041985615,0.2639821122740618,0.5005965761229776,2.3879089944605987,0.08939864617588113,12.053922809489503,18.486759176884576,0.9946443327213014,3.2657524867645376,0.6729798707798994,10.83463748958,5
6.809013925023017,0.49670233062339153,0.5428482210127867,1.414591170407699,0.08469439730016352,11.5807877994082,19.682825339883923,0.9967536501806137,3.29261975368501,0.6355299367067027,10.824080757387867,6
9.976125303912186,0.5650600503142688,0.6348190128930363,3.132040042016615,0.10421666363244965,5.490503344210617,13.287345505803481,1.000314244809269,3.2194562888984173,0.7301334427977805,9.943301322368642,6
12.297370497061493,0.39965771649895493,0.5249565987552305,3.1020643211572754,0.3300266708919197,4.6240412028590265,16.84606867500752,0.9979997995197744,3.0968170864811815,0.8942994582343265,10.318957578235397,6
6.681851052592913,0.6693609774757852,0.1352412554954741,5.266432881862574,0.11543933777805222,32.397676266333875,88.24078776058035,0.9981108534516472,3.2303616046761,0.47189495232786477,9.686313900924185,5
9.364276929080955,0.43081534260250137,0.5307660184938128,1.217801380328804,0.22496913878740807,7.525298038337441,21.542814350785424,0.9980810928978023,3.247294065862536,0.7677588073847221,10.010843794017173,6
7.77336475477918,0.3342368059240367,0.2552814898487269,1.612467227132127,0.05272534658800923,28.840700303443622,23.094846461285506,0.996226105134733,3.244215340224805,0.6395530504424691,10.806476269568257,5
8.267916992495849,0.4574790768518011,0.21806076568426985,1.9097892256068323,0.08045314081538404,32.60541516493336,87.91795249950736,0.996877178855671,3.3741918301333502,0.513686822117515,11.547263384645252,5
7.066052034763551,0.6346668366094763,0.13392854942769827,2.121838498409139,0.05021109480688354,1.0,6.0,0.9939895723147514,3.5069953370348808,0.7706763936279037,10.598825701590082,7
7.438480623548921,0.6174295518660982,0.0,2.1309149037595083,0.06355772922778936,9.064827323325133,34.135259025311704,0.992743030582577,3.356872917718951,1.0178406654601568,10.342440756830927,6
6.944585851734222,0.7580088989005258,0.09115722073478427,4.145518256632675,0.0939473979476825,30.550703812016053,64.08663941934253,0.99530360401252,3.3967119906572045,0.4960359589210666,10.304340872549988,6
6.867492726132924,0.5948495119413074,0.19432570221536868,2.03346463429466,0.07383299473975606,19.534463424410678,116.5977166878692,0.9965262678947848,3.3953819021998752,0.5925334604597899,8.969154029403859,6
8.095687520642256,0.793428078859152,0.0,1.9246611967651412,0.08611220500501039,27.921141677163085,20.763145167331928,0.9947724122554304,3.205038691301045,0.7094202363310007,9.47410616752812,6
7.375296706569228,0.5025253356067128,0.3401777428522275,1.9750748573465242,0.09908072472847514,11.557309489901929,16.574645590424534,0.9953014604032306,3.3095695551616844,0.5578778755898445,8.833386136277667,6
6.883116671787171,0.5996223409050225,0.4624925984440211,1.9485562866282597,0.1497032306738954,14.650918672970981,127.05267634188407,0.9964990369102948,3.3041679112991824,0.3974207138719419,8.4,5
9.953265532527675,0.4602420769024588,0.32454964041705436,2.3739172906974693,0.08810256322966505,22.342693794491392,89.63190082608406,0.9955023528674863,3.026872863671146,0.6500741789585787,10.995382665605955,6
8.056575267031759,0.7224276288870741,0.0,1.3168038244714912,0.055364468304778175,5.960801018316304,10.627415527184198,0.9948324865672101,3.570244738088949,0.5923672331720871,9.508814764902233,4
5.94452549874115,0.899093938573222,0.16701160416137809,1.5187778012048994,0.08165903675346196,13.25442913898724,73.83300319636618,0.9955097902731687,3.4987002236469844,0.5541935340194609,8.912817374743154,6
7.995822693224806,0.5388636082571625,0.030755267809854187,2.7989649971813755,0.07260846125660311,27.23989488813804,26.230034082861458,0.9955359995008977,3.3143965365535646,0.6922321291077864,10.70404719890927,6
7.930546236833719,0.4311018474870333,0.27820062582738764,2.064792295300954,0.05725330845794938,32.6499179330478,50.73232653919313,0.9944951967352025,3.318147028652107,0.7904146867032623,12.1252748690895,7
9.949610760993702,0.3565674205500639,0.23795857007474142,2.6620149701432667,0.09484431542200243,11.272381955312255,61.09386673598953,1.0002977741878498,3.33317629527549,0.6631225697028069,9.313300693548259,5
7.419458194399962,0.5994282189313072,0.32267423229148595,1.551535653103434,0.0671096516303924,32.26037283701681,79.56680033615373,0.9929443358972323,3.053620036685294,0.7727358691111317,14.39459285100836,6
6.031299515533116,0.4621304738844327,0.07317728613929989,1.7722485126744203,0.0572059379537496,26.239763410173907,44.75218489512564,0.9931921012703466,3.4537460609790376,0.5998053777326908,11.280043846738332,7
11.155941624538883,0.4749869738095588,0.2572378781365514,2.396353402419194,0.1390567326371348,1.0,57.81807991025315,0.9979895070813107,3.1822015243859205,0.5256232769137348,8.940803288517941,7
8.252451425579988,0.30844352581179957,0.4217656621124532,2.4239344989169034,0.06142119063028426,6.783308423431051,40.485521840646484,0.9951646889013057,3.3342580017802956,0.6416833358749743,11.255940793732385,6
7.102174519348394,0.7100197856646283,0.07620636157267346,1.9154530838295116,0.09410346962162565,7.224581731562708,32.474042930557594,0.9967879208888067,3.613113219063128,0.6671917435829677,9.816240239708323,6
10.143463789475652,0.5499255626171042,0.4179841187642198,1.54331437271081,0.10290284360035497,30.601021423511163,61.41769058879157,1.0003150089135295,3.2342941629379314,0.6950931549761497,9.824473389465108,5
7.816660514506687,0.7850913325363458,0.05484435726508632,2.9508260547250136,0.07512920119922387,24.985084370821262,33.50930077886153,0.9960782544786101,3.3683767308914465,0.8162683619303688,10.142777424776213,5
9.518936441549068,0.4004482608652898,0.432069817876254,1.3760740814614218,0.08797694241648599,50.993473647971754,40.30096630052719,0.9978478919528004,3.332588656909819,0.7225803938162653,11.743484103862432,6
12.67788607243621,0.2940793309109091,0.6326096571393715,1.9679286614956015,0.07210506231438188,13.455073428488646,30.133975857320628,1.000043120146276,3.0285814485420763,1.0323312511854104,10.661589924994027,5
5.690912813269776,0.9485117843237075,0.0,1.462574244111122,0.05917204314335141,7.773902011570883,6.0,0.993826174838939,3.5193792696953756,0.7047473644190747,9.742157165788925,3
11.572561813926239,0.36762045912680125,0.5489448170151678,2.063200380162677,0.08916828987481128,31.84143067707934,48.903703226100035,0.9990536641512121,3.0243757694147813,0.818230315187898,10.063958676498357,6
9.209060449515794,0.5850701570702695,0.20206101547907812,1.6283621649691449,0.084,20.820592892093096,16.29992171132767,0.9951207178185403,3.189426467589558,0.6386634776406642,9.791369244639013,6
8.675308812749199,0.5295976139194575,0.09262315830074214,2.1900948839866614,0.09859887890401964,24.658396307663278,47.32763743884541,0.9967702343756027,3.3293711293698007,0.5796400595522667,10.336463977934208,6
8.893142209294497,0.20658015527050738,0.2914536187852521,3.816944668995774,0.0777413598188292,18.000670193963224,57.66874303806949,0.9975261604716513,3.3713489724134793,0.7285371499962352,9.105748352014775,5
9.1735367262527,0.6010400728304768,0.6879297298431745,2.3181984388679844,0.1787405428071613,18.392983520848663,110.53463946150008,0.9966434108323146,3.0452892884237146,0.8601875979682138,9.185329526831776,5
8.612228833262709,0.6944116475856834,0.18846128407973578,2.2728988211007435,0.08176327506658498,17.739124493504626,45.83866898660177,0.9981507203892324,3.3115347425589077,0.7086202358503493,9.899414624297425,6
7.568821143503929,0.5872475879649287,0.0293497127421282,1.85747124871351,0.0711187376109445,11.046859189385593,34.21385007979337,0.9995056564430418,3.258616457557471,0.5291986795728826,9.767969021041838,5
8.189221268946206,0.36494819476590445,0.5215487895196387,6.489721773693239,0.1014917303851586,4.258432319486109,16.445750470042242,0.9978826223151028,3.163707079989234,0.5808572603774474,8.6901993886335,4
10.808263055059642,0.6526457815740966,0.38206887508936394,2.260728151122121,0.07063937751401736,3.657447258950453,22.394837755296454,0.9988010021076156,3.454948752272143,0.6411733333492364,10.561555694328277,6
9.256890574663384,0.24750213828610731,0.33524223817356497,2.1075128721710676,0.06936666249255667,42.762401805768164,83.83503574524744,0.99807822048767,3.3415138398513697,0.7783822766365055,10.552981209709776,6
7.3284942858405255,0.5204278723780851,0.3229352283341538,1.966782641910736,0.0781834197205591,19.708834217962682,107.01592822390433,0.9967099641946399,3.3084228356204206,0.7151868458346717,9.584608880603076,5
7.046496794657481,0.40425959529406413,0.4229524115580908,1.711469154674321,0.25665587391253175,17.39295815894919,101.27748853289592,0.9948984790654162,3.236540539046827,1.2242375908436012,9.200451056835307,4
9.914227467457968,0.541916761624133,0.25448073157900386,3.51682727233251,0.11358631877572026,39.80429481877655,57.869333105697464,0.9985998060830533,3.257312843566721,0.5738474403082707,9.880202682266003,5
7.343005564793922,0.6625041724461456,0.23234551458013541,2.1931595194218545,0.10510549939163719,13.959979632389196,27.723696195624775,0.996741688773338,3.2565670091353542,0.8320210451745161,10.120110590786005,6
7.167323148871533,0.9754754277661472,0.1917077221423823,2.762318872550389,0.06133890225073577,26.680227686216014,36.6747846945308,0.9946173797421862,3.5091489584510605,0.49592053008725134,10.31798615034514,5
8.05310787461292,0.28526202265318334,0.3074165202411575,1.6186493811064133,0.06766456179932877,14.068991049860404,60.93150206067274,0.9963632722759322,3.4131768457577154,0.5709062516512986,10.93888213299422,6
8.138384701550264,0.8014989886314997,0.0,1.7223651936494246,0.07711280058449634,8.784111330993952,16.036746990098344,0.9961958141398757,3.238303747285159,0.8848728176152981,11.229697474849914,6
7.112274209508431,0.6060585666867931,0.1955071195151395,3.5993494376790216,0.06682621299746282,39.480639940639904,66.8172953833015,0.9951180902722245,3.1399978102324524,0.44882389779569537,11.282235627179011,5
6.444638869603404,0.33201686508768413,0.4110182294175679,1.6239720619357478,0.05047896886420902,7.201128774435813,14.63063573815302,0.9946120567254222,3.3390912289340826,0.7002340655024055,12.147865242335113,7
6.441305689065662,0.6802327234856543,0.32417418650395946,1.8165234604675071,0.18391261439841042,4.5259052697711954,40.775155495609766,0.9986336637623818,3.1501903259246413,1.2599568242267727,10.653204080903743,5
8.38037351726166,0.4088296113418483,0.0,2.4886293842997538,0.05434452896291386,19.237937407109378,8.340551369510052,0.9930919436057315,3.248786558302554,0.7336533863803758,11.398220322874334,6
11.22838430816202,0.38580692723385884,0.5151216838493897,1.8475772948598572,0.07635310908079912,23.28175249380846,20.022940484075505,0.9954761701423068,3.2883620707910017,0.7339830198237095,12.025846356580676,6
7.221650377859038,0.5933165253105227,0.07452597296602574,2.5054555887507726,0.08041313445415797,31.532806625396162,38.78109578649278,0.994333936689479,3.458074174858709,0.6961262179802317,11.056716224429644,6
8.709435982733824,0.4425096048350751,0.3454468921813137,3.332447787813284,0.097966659539278,20.69934426985688,27.050632025975318,0.9998745018907107,3.2953772625225097,0.5255982581468852,10.103846329520941,5
9.089101283136275,0.27988546174936807,0.3311801018674072,2.0929159540909614,0.06732009545157956,18.29914160076709,31.176105880800986,0.9930979933681189,3.449076985502736,0.55121975721094,12.508623006379748,6
10.932113350187565,0.4253397092718499,0.6887655499584926,1.3804377239980195,0.13285849114474976,10.063159727039332,20.111017693752387,0.999853062131631,3.1091845552482535,0.739626873840043,10.942747549242085,6
11.518346916893348,0.4580724006708272,0.7338394709695125,4.255983591782717,0.08859268597818291,24.357008628698708,55.5993030649411,1.0005848149130223,3.019117630222362,0.6109383562134092,10.69248392729441,6
7.78940837038219,0.5489246875600101,0.16625324834630192,2.1321178074918983,0.21953951416119977,17.438893454895293,54.36336024246766,0.9984224657059254,3.204638119660562,0.6252052489850213,9.428020850490425,5
7.698522780440935,0.29504338054399815,0.4973660007251802,2.3594446385221617,0.23509005811115077,15.695752856965408,115.22135195723116,0.9978203040226072,3.008417497660365,1.140741720261179,8.923046611106578,6
6.985202504581899,0.603896704483756,0.37228632179583454,0.9,0.05208625410992457,22.235519235900753,72.6517435640819,0.9980350022684082,3.3740335206221386,0.47649667649789396,9.30170871001492,6
7.697509870842965,0.6427480027236829,0.11011225685384765,3.833267398311521,0.0989547159105189,1.0,46.615161194683445,0.9983470308346419,3.25191003636679,0.6923605393048903,10.399750765541487,4
7.248060343781492,0.3397689590559762,0.0,1.7389466418896433,0.03361575152741653,18.76818264609571,47.27634165971108,0.9942110700618775,3.4670140046239246,0.5653316412324019,11.875865002256855,8
9.474419145935084,0.3290443563801159,0.4063021392991253,3.959287692243178,0.12978687785741122,18.749168839773965,30.193313608630564,0.9994190046305389,3.101511558013143,0.520794546566065,9.887324256828993,7
4.7,0.6306917541561915,0.36945795304231416,2.233068890028684,0.06820711750184158,15.423728761013374,51.69547621584313,0.9965550798500529,3.7064417216070513,0.6318736824521034,10.350543510175694,6
8.509452920645124,0.7548141252241257,0.12192986830158914,1.5686556514925094,0.07799465488971767,15.203384059028597,43.27722363904306,0.99638526902862,3.267356273986979,0.4946390371138072,9.658492470069977,6
7.85218337739076,0.4981432181429578,0.14259487283411884,2.45621393942456,0.1897662829522273,27.81539819730265,52.112363432590676,0.9961804333089781,3.2026865774129845,0.7418811327286814,11.105157743708636,5
7.031717254468786,0.41465022314130534,0.2045973349420008,2.6245025224684193,0.0684614079106956,12.869456768180772,14.129722414803645,0.9966409192708577,3.0971416894979837,0.6473776552308009,9.808606458149788,5
6.442489389238908,0.6425798769498732,0.0,1.3391313018776883,0.07278612057269707,25.456039132469424,40.219530029881035,0.9968638594783358,3.239348835567315,0.899392439495073,9.7101675129826,6
9.108159566288215,0.3322455199776509,0.6307411833822388,4.436226295393309,0.1060793400389321,10.175048320814124,63.34215394763582,1.0002917756842333,3.3246310025578714,0.8436405736876958,13.89169447872663,8
8.36737322205275,0.6514494369949917,0.09778385915757701,2.0033406067737323,0.0862104722336213,7.6453581330562335,42.909894101739624,0.9979572952089046,3.209256745992246,0.5707939540293905,10.33966009949095,5
7.793871889636629,1.0351594156591446,0.0,2.4273784444940176,0.08789731019600727,7.984350829082577,26.161663248832788,0.9950477451608332,3.2769248529360664,0.546881384658543,10.479206724536562,4
7.131304200288067,0.48726768515665225,0.10534198404783258,1.4917283082456667,0.0751216873577555,34.29250120413027,20.936516181756595,0.9965904760423713,3.269468184312793,0.5880790589081586,9.507981529805045,4
9.03119407194102,0.4736339158346421,0.23625785761949572,2.67728385372816,0.09142460898820176,7.162460483024768,37.116389309822765,0.9976176487748386,3.4401817179070417,0.6737083659103535,10.955303711210815,6
7.349302511411247,0.2620154307244026,0.4180095338189019,2.108722099731032,0.08981308635396854,12.280638186569039,38.13655596601479,0.9962151522773354,3.4702944795246955,0.7108613199632192,10.452275272278369,6
6.59365341628055,0.7063011909394276,0.03162944309218081,2.201485172200594,0.09927863355464034,25.1856601819008,28.319056122917313,0.9960587964324493,3.4392156078148313,0.5536284997858671,8.4,7
8.164195676992321,0.509142821069846,0.11222779024756116,7.1014498179712735,0.08557292359473274,19.538607610509374,77.52666818026685,0.9978017942893863,3.347939481992554,0.7929851440097891,9.765136439174759,6
7.0463739260602285,0.9727290296168983,0.0,1.9650774064208327,0.09486982672047391,6.91626064797578,28.90401772710299,0.9961882019923614,3.306205734706474,0.5992170649028202,9.498344856943522,5
6.328609720871496,0.630395575450982,0.03710894515592075,0.9,0.026442052065173652,6.14036087598169,8.208463683903911,0.996175936218947,3.725441917494125,0.6695668710964359,8.62159679196089,6
5.0358083616217,0.8004972042939551,0.016945711260285858,1.9103835130451168,0.08775450407436092,19.273075592138763,40.818348703456685,0.9941646015393241,3.6171271712581805,0.6823666542389248,11.549082873816605,6
6.53179880251397,0.752704418077622,0.612882636613434,2.239855907059623,0.08130706854218951,37.42394635616415,37.291967700101196,0.9983662993771618,3.275300541297985,0.5107232299921174,9.606745967785654,5
8.797426735593946,0.32647607792969363,0.1816572490365073,4.388068085195705,0.05877584211987047,5.923027999983746,12.266025429650018,0.994553802916975,3.260803420626069,0.7883837108092393,11.77792773394033,7
7.667700244340521,0.48044321881705976,0.25030071375616525,1.3196165159322248,0.06157499185404906,42.91951437249796,68.9951916443422,0.9942526957771632,3.3551873831370655,0.7792505047391444,12.083519773505078,5
8.953865905050206,0.8763781250560108,0.08085922832633663,1.7978030152649,0.07256893187871778,14.919155490719643,60.56967525652489,0.9956626581608683,3.317756329245699,0.612637969556622,9.86199581683934,5
9.505531297085039,0.5866775548413248,0.2177104440710568,1.6969512049321782,0.08931905150414349,15.255575729029061,80.27170737312002,0.996977919561708,3.314691304021542,0.5973789720499095,9.217422663712881,7
6.908694959028117,0.6122822061360771,0.005889370065395986,2.3881715200117815,0.10677034491016277,13.521141324234543,46.72541035404059,0.9958259169418997,3.3191438616411557,0.575874675004111,9.504099103159358,6
8.333161771934853,0.26559573433224093,0.527812611946394,6.223079528951384,0.08553834861820525,24.394724656740998,57.76282306098017,0.9965955839081712,3.3397794235961156,0.5563877979653584,10.482093170819846,5
10.388813362901473,0.42024989051600387,0.45707498909414856,3.3832767830038715,0.10730962892110264,5.978485777438777,9.84851867224026,0.997405118990162,3.247471537002889,0.45124685491238764,11.620548553349193,6
7.246830057719873,0.17978651361701825,0.23176085907159436,1.75412073737681,0.1188895411787097,1.0,70.27932103495797,0.994107533659916,3.5351042794510525,0.5281685910180292,10.576743777629694,5
6.941363457763633,0.47466077042325094,0.2029359828723406,1.6627626511233633,0.0837352343297511,9.292720106012593,13.13725354088419,0.9976198699109955,3.331859306058331,0.7488710423514753,10.892188467099736,5
5.873213318740454,0.7636707429709313,0.04746347568625915,1.7189560469956915,0.06517316392188147,11.43974874244329,50.22024319604575,0.996120555639494,3.367052667322477,0.5362683654132792,10.05490845210043,5
10.492233209461707,0.4105673294316706,0.38367445053254334,3.9568834724640203,0.11344200568734267,22.27857697145422,100.70743028553893,0.9998472792851655,3.157115287639165,0.4834957757557471,8.957975630062663,5
8.701987430938678,0.5639637109051939,0.10212797549194019,1.9473424299934183,0.08690195519544332,7.873139192412966,69.14937101234224,0.9965697787033496,3.0988768869022207,0.9971276483166491,9.710851189062769,5
6.722967357916177,0.7179028450372815,0.0,1.8919330872041207,0.08773524621730416,34.240990256635015,53.73636391110337,0.9947770750209147,3.5218257352560784,0.5798692050021658,10.306530554410529,4
8.739860260882185,0.5242481338603309,0.24211837384958734,2.7615883914326242,0.08991609640749093,19.486037083138775,68.0826000604323,0.996310336948356,3.4657290299480015,0.5696590419965499,9.178374044967601,5
10.088433129756954,0.3990910703474641,0.2973547054443122,6.903135509304553,0.08793402602970159,7.935981445151757,16.79099157471348,1.0011729315353604,3.1887709915569795,0.7353085164182056,9.760248129170698,5
6.931914988795552,0.6983409360050514,0.0,1.8965230317964283,0.10258727521039697,8.982344668708064,32.86420327589771,0.9988628160344574,3.419124737647044,0.5977214565047115,8.751486218082103,5
9.295972205242197,0.37778775209147847,0.49410348867576614,1.6410751601410327,0.06468131518371067,6.585288441744784,12.88297599145389,0.9966600163740519,3.154299165234048,0.48984539917570213,11.03690538344808,6
7.480626924065501,0.3502433942935166,0.19316630938683352,2.528632227348388,0.04300643126557687,1.0,6.0,0.9957010203789335,3.59160716994603,0.7862048552526442,8.88537080817516,6
11.25281232140773,0.43431356047260905,0.5096464188113096,2.349380954745243,0.07183636599202847,17.53048070104562,42.76339258625768,0.9980896593136255,3.2248505185569862,0.9460465139304928,9.9237624878918,5
7.604680191980853,0.4085724136606494,0.3750877426920716,2.0841829488527948,0.042893434526720016,6.416016155852204,15.257627226125727,0.9945630312273075,3.413863102528506,0.7198426813209076,12.848829538756277,6
9.465775266355092,0.3411845943663486,0.5248895695711504,2.2202304705532563,0.06741596971071481,24.40109300880442,29.47968635068692,0.9968228179024446,3.2571994539880205,0.9518990635887268,12.331016565866781,6
9.906178515990185,0.3124319812012346,0.3979213418839926,3.520223221192697,0.08410962857520783,6.421961813960493,6.0,0.9988624038815082,3.385015238484296,0.7118142053373397,10.64113950833353,7
7.8848437678207155,0.6054571153413975,0.20902889959954363,2.505607194743603,0.11881793134635855,26.29806748118684,131.72753349984626,0.9981835115660636,3.299166241592359,0.408712463655832,9.374788051540506,5
9.155657805003784,0.5764409748255918,0.04590159935211969,1.0905410143286904,0.10768784084776997,26.343459742931017,62.7011330633277,0.9964135814697621,3.1181980741154036,0.37,9.663933496918542,5
7.712539005115661,0.3128374667137491,0.46446005575584104,2.642477640880976,0.0947180148477606,7.005710759249423,64.8175837495458,0.9946334120927577,3.368341025534825,0.7528862317303419,10.721251910805874,6
7.255011666384216,0.7532888800826082,0.0,3.0604337127791497,0.06300359300522437,18.553961434300064,65.20514355735907,0.9952237265493018,3.480442637679195,0.5555843290237196,11.955052931074311,5
7.906328489422887,0.7871253780123451,0.17910795174568656,2.505413788519966,0.10363208044175741,6.107309643188035,23.111702315867017,0.9969486501027496,3.2748590770799453,0.504846433963533,9.029920759254479,6
5.760148408658275,0.3409593258827267,0.0627793787536265,1.9600358963906148,0.06256433487342435,21.348441945956914,55.81320021526517,0.9926316898319804,3.531194114408072,0.6784387560884195,10.215917424603427,6
7.576135043877616,0.5361738723764636,0.29248914518584385,1.9480789930506646,0.08271137657631182,12.8374505373402,26.863934946312725,0.9947585425782944,3.4515481151201426,0.6795186765324517,10.694704857420787,6
5.28569883873765,0.3871654302471622,0.14096181964677582,1.2619507060671684,0.058648047594752985,8.733559196448049,49.10415856216836,0.9926103770294188,3.4253065571046357,0.5156249999036826,11.938000938771971,6
9.1728625294617,0.5214464936218182,0.08765508298883426,4.960011484184344,0.06979985452667656,4.829897890038948,11.577485414111248,0.9966806228034315,3.2886411852275823,0.6642965453630472,12.264896894963082,4
7.429838733040453,0.6456299554179638,0.5517420294508476,0.9,0.09120182564129639,11.68986073021328,73.62356847209743,0.9962443931046349,3.3484505894261516,0.6878994294602834,9.042805116722125,5
6.327925505380761,0.7144159846253498,0.03967552628517851,1.9055043419860422,0.09088950973249366,24.272745117195228,31.640423491229697,0.9962727500182884,3.449242926706696,0.6023884038638878,11.23437944316853,6
6.396393363784763,0.23855688409496392,0.6019950629439822,1.7834940550750824,0.06832473984184692,55.75592122367571,83.20881543256311,0.9943171879271245,3.2865754366660074,0.7029244815041372,10.356983964736965,7
7.126899461259865,0.4947731993810778,0.26801960181924045,0.9311182201898991,0.061767501509699584,25.77833252429575,84.97160498517859,0.9963175042882936,3.2197670700639014,0.533515875313027,9.141129876840655,5
6.976163704175442,0.42368658626354516,0.24891736860478103,2.5326306896945603,0.12634490940188142,24.418606062337137,48.98601493361615,0.9948252545191772,3.498136026386803,0.5835833205623114,11.067719716892963,4
7.727169014292244,0.5272008772827332,0.4015200659827901,3.6574501144271103,0.07305594575867151,12.794892785431744,93.457877592452,0.9966379941786875,3.293048964535576,0.404572277399587,11.691360955069454,5
8.88420561572423,0.4628954135878522,0.18056185535565078,0.9,0.09766576803396693,29.29495757830407,98.997479243074,0.9981031025534411,3.3530618904599003,0.6793056921226225,8.68591613486591,5
7.395453177385058,0.556127721576271,0.13999763414187788,2.0094088978327407,0.08396649600810487,6.933697581497926,47.94289354341106,0.9969996823463038,3.409239463332792,0.5073002737822008,10.20563639341627,7
8.321942876667988,0.28169380346909084,0.5015459731839926,2.2271073975564812,0.07757593993039213,11.33053844820671,17.624290897688184,0.9938175189105612,3.3423697637900767,0.5931229559296044,10.658661577129013,6
9.80025682319214,0.5654495779861838,0.19839350591029475,2.362830109826693,0.09806016854022463,16.19736608771941,50.447991353674865,0.998994054442576,3.229613763935711,0.6170288035669873,9.676841297624806,6
7.38538364187318,0.2672084805544156,0.4142462020411119,1.7858528527142163,0.07042693845111277,27.082253489324273,45.37376054294937,0.9970424251942691,3.2433733969051857,0.7302790930785,9.286005362750165,5
7.09376515892927,0.19934169299268867,0.4086542135735321,1.9359795189201459,0.09202097489857362,49.16709674571854,72.11778346075019,0.9978243273594973,3.5036625930574834,0.8770559715082,12.162412769197077,7
6.7347858140322066,0.43678891141316406,0.1300659159825361,1.8758523591301028,0.07827725263071712,39.84916597763305,48.10546939266308,0.9968042752646,3.3445591478843073,0.7253961584660001,8.528822248295077,6
6.2689768170999045,0.339683869667273,0.4897050598527059,1.932225166381246,0.08109031613774657,7.215829282919482,25.37110366580782,0.9955074334064892,3.5312820981645485,1.0492923143892474,9.878876959084785,5
8.301207132686482,0.7665927548228205,0.03818722349910135,1.836906801705292,0.07780012802768242,27.68610992661808,69.00280469544018,0.9980991046527435,3.30758329376364,0.6328228456292501,10.342597952911635,6
8.238604292639865,0.33489341694646546,0.28282971523553635,3.117238379697411,0.053166134947632566,3.156271498967804,8.979105544418449,0.994000866197987,3.243876758647691,0.5572829463946259,10.607888353752708,6
9.097943111191618,0.28145272296046,0.31826883514252613,4.254366948871514,0.10125942226167785,23.008868064697232,53.96352405709787,0.9972647824582503,3.2260844900829326,0.6733084116429828,9.350088479706503,4
10.95146137556162,0.2981575662636412,0.6078070503095296,2.286877700008266,0.10305354773475586,24.104951567475215,47.336793139178546,0.9986583738728566,3.1172018044549143,0.6366581392571556,10.979799941219529,5
7.588271225751969,0.557388848422752,0.4345868579992405,3.7758199519968505,0.08733231095555705,31.21055446059314,252.83198609375705,0.9946109141970515,3.277160413484255,0.5230362837772098,9.246144531332222,5
8.820577882447074,0.40480504430592,0.36309277011919266,1.6446088905014244,0.09652032541162961,3.4111914182062097,74.23410398929904,0.9961273232599497,3.2206510160114266,0.6707886941135749,10.907968939825672,6
8.088806707442995,1.3034282615883421,0.07298157591131213,2.3804378647090956,0.03899479641421524,4.796882046004,11.53509766542038,0.9963671782341603,3.6400167328944737,0.5605213722339599,11.09726399604927,5
11.462967991646302,0.3899643120362328,0.6668476174162787,3.139869566100637,0.09189018783498273,17.701699261939247,6.0,0.9961844490835521,3.102847093283406,0.49445186452363504,11.062636346690383,5
6.404813382077049,0.932771089666908,0.051443842720002284,2.0291139090349444,0.07957902007988411,16.36233171294776,25.853166636668185,0.9954332445915566,3.5184497198781837,0.5926694532005865,9.835681405230563,5
9.993794520899373,0.28863658972994366,0.5212063381425379,2.9472081470679528,0.08084207743637999,7.295578247343532,24.67109397077981,0.9960960944852753,3.3013802748080368,0.6525429586643384,12.437905568516614,7
6.466801133530785,0.4994759559893689,0.020699555098985495,2.0693892697504577,0.07729879920028193,12.843648517886738,13.845746097638717,0.9955128786656773,3.435653135542653,0.5368288542788532,10.203864466927762,6
11.466782230589828,0.27533152617064954,0.5249632645537445,3.276964737288229,0.13995517380918823,7.6621600053323995,31.644324308701705,0.9996140006135894,3.082042426028881,0.9354364654124001,12.265212765667162,7
7.055134402813431,0.517118643259213,0.23788869687071085,2.3377803596292774,0.0804664322294887,28.045432186555903,99.95412901045361,0.9972480584702708,3.5620345834245697,0.5087653274033781,9.004612662206119,5
8.564841744628984,0.22317011707938994,0.33193346448197864,2.7388744930072932,0.06636007816233638,27.193239708935376,81.18013082214827,0.9998329063186044,3.495513403261693,0.6636265888720745,9.367673063938925,6
11.993048925236875,0.7771541441735408,0.3823387600848435,0.9,0.10258546388353108,5.2645750700054545,22.98161345634648,0.9972274499640206,3.2411129552002937,0.48124794601915694,9.254470265157385,5
7.707714585019328,0.8740852127201595,0.12250161258550649,2.8787068650852388,0.08297198764653521,17.61009686171446,74.7574974850249,0.9974944716506025,3.4671121964507012,0.5286806912226951,9.61694408048073,5
8.231499463315433,0.625303720219977,0.2123882538881373,2.06632387356636,0.08442573485750199,8.360114414399755,48.76593734834023,0.9964074037370266,3.1385881509599955,0.7439789805386954,10.077813954661988,6
6.522878889878296,0.5114922383220033,0.3254429685502617,2.6358181051732563,0.19889338636016235,1.0,87.26659265451832,0.9962051002884484,3.0081222289921103,0.7383760665914334,9.1282930264989,5
5.847288534666996,0.6663742863660655,0.08833810169090008,1.7132246980561352,0.035225338497516204,19.717169963568733,42.6312380269227,0.9932024140782002,3.692012012171641,0.6186109000086838,12.452799305755569,7
7.7526868319483775,0.4879005830799804,0.4969539487756571,0.9,0.0747227764011801,12.137096927656533,101.12129945265443,0.9951059497704917,3.2775322717528677,0.8249474306388641,11.546895015765038,7
5.7378969281317405,0.6222796749199674,0.04963434508773479,1.7914479765734994,0.040733866017896005,13.049730582253702,60.252884030146596,0.993274054323517,3.7337408405115373,0.7816653661766175,11.599267398920748,7
7.457390312174227,0.5610983125494622,0.15236558647266618,0.9,0.11863799525546212,7.301633935706294,42.7542171772848,0.9968063291477837,3.3073239280122264,0.6361790919029454,10.046985792850684,6
6.132588561724939,0.4537962222338281,0.3625304345060859,0.9,0.05013427063463076,20.91783839126,22.4920420662278,0.9933874648210326,3.245981747208219,0.5586165724059156,13.197238341849406,7
7.892267535645873,0.3851994204118909,0.2334982993979027,6.686324041782494,0.0948504814728207,1.0,6.0,0.997151357534557,3.321731475958618,0.45065859782304285,10.79180240967757,6
6.445067655945514,0.7975211905214046,0.06974291012453096,1.411709100474605,0.08782778580135556,6.7283770864913,12.157396482945654,0.9955689027019654,3.4365118800349435,0.5954214706709956,10.858286460079537,6
9.150727418549334,0.8042907468070438,0.017592986236803075,3.502698126710453,0.0954893387659333,19.492883782593907,30.348466345823184,0.9967538796211333,3.5065982231317534,0.6071436264581118,10.166261371869552,5
10.45764618193639,0.3715058312404192,0.3301109423485654,2.6796824267181067,0.07122243149966993,9.099609092004973,23.961213359991365,0.9981795076585055,3.08885824558441,0.6136890122173645,11.145149078306813,5
8.81952666892316,0.5989113815216721,0.35729144544595415,1.5259453875925553,0.0780756653301211,5.188524336609971,28.40382936380972,0.9961431307688565,3.1586285310769995,0.7148918790237648,9.794284204516627,6
6.685095279862785,0.5493698681790411,0.16822377130603233,2.5470365658105187,0.08573728618456761,5.592425533754196,12.217063818727482,0.9968761232875526,3.304818837246892,0.6206591629365417,12.020855227260894,7
7.250989463146767,0.7291160067230655,0.06085577028995682,1.8522904540825853,0.025678901327021476,16.419251122090547,48.222888959866225,0.9966636901721039,3.3200814679043833,0.8551735970131931,10.833813007334244,7
6.9800489747424,0.6638875234501539,0.04548644796375321,1.87618312072296,0.09508516398050185,20.796618254620277,54.86253161454529,0.9961048358886749,3.261996516864971,0.682934386323869,9.562872683569942,4
9.588275746526033,0.5751170783197629,0.3071573812248811,7.443122947632663,0.027586555745163194,23.012659582646812,96.30865800610194,0.9977657650657636,3.3487035225081025,0.5677521070957249,10.494465853420557,5
8.378920452730574,0.5158833764395324,0.40779342654624584,5.100120686261073,0.043841402057030465,49.6238919231283,93.29336426572885,0.9940000101198717,3.292304905394475,0.45963473854589965,10.784648212354648,7
9.61624292887058,0.5757669963731419,0.2173751912673294,2.903895373538443,0.07858092689368937,13.814216423752713,44.369952757120544,0.9950819332707547,3.29692119717427,0.5774617656026481,10.55063887927553,5
9.288481154128165,0.21555175641683946,0.3762355118824944,2.0612285031256574,0.040214235278889135,11.522369735811946,27.53016354164368,0.9942188395531883,3.357109308087379,0.8421313712658911,12.025813482599034,7
7.983202355248461,0.7017227502425699,0.1025901747961801,7.253961135372959,0.07270254628116518,17.36762505140302,31.70288050440159,0.9975040481959264,3.3867189574817687,0.49722447030619343,10.015100740911647,6
10.230251572545635,0.5196936825226169,0.6450285979815888,1.9320658506974193,0.28352631456783955,20.407826186377125,6.831644402391795,0.9949954552031457,3.0174745504650295,1.479705761613691,10.683574301205592,7
9.376985686176338,0.48764597264380316,0.3814785185689858,2.906427123605097,0.10660742557806341,18.222723320531006,62.5941908712723,0.9976556487920188,3.3296805947901538,0.6294813035987625,10.245737242266655,5
7.953520691991265,0.6069417991851134,0.3085484221684921,1.633629480570578,0.05577049113164699,21.549440132252883,14.455927273677943,0.9953489366369983,3.342606899132695,0.8402032047324814,10.299730823686655,6
7.616080727931676,0.44234975073712085,0.08754844917716009,2.7614736657430425,0.0827033951214102,13.95707944101153,9.897076688986395,0.9982801307388834,3.38626330928851,0.5956239990171864,10.780969814309508,5
9.509744830412155,0.42454801517737933,0.3288055762451451,2.6154446968410467,0.12383457535067381,32.578636687683165,132.76120011516645,0.9990890477436136,3.18473023155389,0.49884691954844296,9.362697606562028,5
7.502997588246784,0.7381941410077536,0.0,3.3177197685864925,0.09038604840643483,9.025114387279768,18.815339726059644,0.9980421785211419,3.450517140613793,0.6910794850443707,9.72252355356712,6
7.197932342474065,0.17325529374481521,0.4336421734736835,1.3966301170612212,0.08964948631560529,7.498642800495866,49.52201876357726,0.9969096594763842,3.305568496558883,0.6793774914144152,10.352684005625896,6
6.048737459014667,0.7089228847788176,0.21264528030114493,1.5374542239139197,0.06559752032039108,20.518190184078485,27.81042151256382,0.9935525054961315,3.5134145906464203,0.730107554003009,11.831016616559443,7
7.268577079106105,0.8791623145953367,0.03689329574695853,1.8921435356833072,0.07866813273992511,9.032223541046525,35.202410295350234,0.9957166833479114,3.4844623644404837,0.5149505325092891,9.770004519144484,5
8.023605491946475,0.6372604437526092,0.10166530720239005,5.270508664041331,0.11398603232953722,43.73416583675947,69.00218013726665,0.9991296072920526,3.308720766290062,0.7273687748446572,11.025865669456277,5
10.586889159350546,0.32891335556089785,0.6477789393187471,0.9,0.040698644683382565,4.2295284630045,15.764300665679713,0.998379280205519,3.3285958683929313,0.8025213219899608,11.786180993231733,5
7.972652391808733,0.5402676995746668,0.0,2.008271615746458,0.08732977615178145,3.8089475773351134,11.40438316468567,0.9953259799213204,3.2727196655379176,0.6455074239417752,9.916937117059732,5
8.360066041777884,0.5724652561234914,0.1840511102233487,1.7625471100821615,0.059982269737416605,24.744718923772165,41.45377865727232,0.9981766979597028,3.5030858646847443,0.5819450817939629,10.788044933578975,6
5.569304311688063,0.35635577707614285,0.22980555177281195,2.6057280330328645,0.09534883519851069,22.525949998450876,50.89530794839833,0.9968679045862776,3.345921958501767,0.5833348472590287,10.875034930761737,5
8.845844720379212,0.45454591690331514,0.576116201044308,5.467010643214989,0.07883557942097526,24.144844157850365,86.11887673973344,1.0001880910160466,3.421648671370433,0.6863653191586208,10.191199973092695,5
7.990675703188317,0.22306078892846995,0.1332922154885921,1.7092588747091173,0.06371472598373407,15.362517592403943,40.95170047599305,0.9939748470170707,3.2853286222514546,0.6948675735581377,11.493637704534072,7
7.048380007561559,0.8053903051678539,0.0,2.069276578050259,0.08666742153423407,1.0,34.00217420723751,0.9974529166352946,3.4206132833175236,0.8532253011537964,9.79035937265264,4
7.346439710411856,0.6593932499790535,0.08700777410041287,1.8760849209946309,0.06798141204203262,23.039972677099055,29.876809189375354,0.9962747737182748,3.5316148607966467,0.9342280979402374,9.848673363843755,6
8.929360671656402,0.4828274765657943,0.15919914592736117,2.8678680561584935,0.09303044209028044,32.83682968515019,40.729567141843276,0.9994695189577493,3.2338098564023094,0.7964512208234348,8.825315361148363,6
9.482201555173193,0.39232491459081037,0.40164371883207495,2.8796514919800624,0.07530217699421102,25.660415875023062,39.57183169744731,0.998957760115213,3.393064033417399,0.613174214075065,10.232868318763103,5
8.250129432164844,0.32710923507380907,0.4014132085414791,3.580864031360377,0.12130252470756556,24.26328546292892,93.21056448764469,0.9964853632456347,3.136670523175111,0.6549143913405293,11.290761673868976,6
8.44106531053216,0.6441338823839672,0.5676185233733004,1.931266520357871,0.1005870860526323,19.0288047220062,36.308858750236766,0.9973835711702969,3.162983024947349,0.5336040605488493,9.228976342691965,5
7.650831095618206,0.33139977948598437,0.38407301799174143,2.6223706034733425,0.08983943745506766,12.273127545192034,23.99923975857892,0.9952163137829354,3.540382371182471,0.7050212274530723,11.611790996380467,7
7.421774404738886,0.3870332314683328,0.3086387881426153,2.2145715772900694,0.07576395938385233,18.060439117818902,51.19517631066735,0.9969039285580488,3.4469509400190907,0.5808185305426512,9.594567848151847,5
6.650843519031434,0.4419267088512908,0.26547604640960804,2.871108413529516,0.12362822993983723,17.5010458042572,15.860130690772571,0.9981612879741761,3.431616835903724,0.6958090485246919,9.333594617117594,6
8.609037564728172,0.34442900045200475,0.27330906869614785,1.9554937739213567,0.081517908754215,13.235926060471483,56.82846837592722,0.9960394834675639,3.3720504788439536,0.5208018074710675,11.116094696061028,5
13.939799088566883,0.5514764592920942,0.40459637297642626,4.636018793033588,0.05620527122597496,24.67155671917167,18.825362715420642,0.9977073317521645,3.0810747470528925,0.8089827611926609,9.882917050357815,7
10.872879271173803,0.3642859156376091,0.6862170665739081,4.96280041444867,0.07534736678744051,5.1668035476923855,14.268855244199447,0.9966364898190745,3.1338218879868296,0.6573281859293683,12.190180446397969,7
5.571745862660524,0.5295849900307318,0.0,1.3073002818056363,0.059095931029097305,36.53783996459583,38.19993847903416,0.9949259325863795,3.4402644924523185,0.886216933058388,10.276410099026158,6
8.001916428601943,0.5925131320272203,0.48837106357338234,1.9004575771436194,0.08323447290445077,12.12179881733302,45.857013993525655,0.9958141220606921,3.0844194910644833,0.7864368227111371,10.222033054300208,6
10.515064850578204,0.49046839468918507,0.3635920291024308,3.2047404568585804,0.07633729621714334,4.430662564466019,28.116088343364215,0.9925943528892879,3.3841017487012683,0.6361431688396729,11.836427325403978,5
12.020486488027954,0.4752265302948476,0.5907712239505235,3.268974823249776,0.05110798612345224,18.46270735767257,57.82631147016611,0.9994487329894016,3.0363945392886915,0.8057918081729291,9.651275593832576,6
7.946200370384565,0.4577959586030479,0.29181361960555563,2.150129953358075,0.08543219585700587,20.923821657245057,82.29342958187812,0.9948744016333005,3.240857774211724,0.5236644502415142,11.718592409466645,6
10.374913438468646,0.428452354631893,0.32151040900509964,6.334250352869388,0.08381421002426624,23.60444431446132,81.54790045410365,0.9981835536333477,3.1084083602153436,0.5574222653236766,10.141421576420447,5
10.228346212847885,0.28029136058766696,0.5074430862861904,3.8959513944072794,0.09460896173854424,2.2351863225823774,37.35794038884915,0.9970583397977634,3.2455686649694013,0.8385291120645302,9.667656618740082,7
5.7570486523002735,0.8411600935641704,0.3013115498685115,2.7766113941622166,0.07687916367169867,4.103300868557502,37.19376180237532,0.9943779520665872,3.562725263640631,0.5004458885464578,11.500309944966626,5
8.576281992767044,0.6455106441031536,0.036981217061742545,3.335441664997439,0.08515556658552606,13.07953043066118,6.0,0.9962121489796292,3.279499013922079,0.5255561418782048,9.57397700620591,5
7.2671916084264865,0.7926997476757369,0.1647197612681102,1.847093346094704,0.10156029722573527,7.093930479525104,51.52768854635335,1.0007179039001297,3.614210048188196,0.6914578584467298,10.260900054723418,5
6.779377606239234,0.7571579085680877,0.09087543097145534,1.5724444780237128,0.08082128157235575,13.308638882638084,19.284045785134275,0.9949017482276339,3.3163651580107514,0.5903292033986833,9.844033986370071,5
7.946018678229604,0.5725826947656679,0.12899818974007682,1.9208598198647038,0.05928648327801592,18.140339908248716,44.51498962403253,0.9972102495867362,3.3685029182397033,0.5290967107288794,10.988270472865128,3
8.61832912011441,0.4978679398392578,0.18482833189062833,2.6431993932723055,0.08087521863705219,12.140029341341437,32.20712495873573,0.9976953132963954,3.2471595135567304,0.5972519999045396,10.090690811073902,5
7.506065943169273,0.7629464863827189,0.11141917256647432,2.415405011107647,0.07989557485683527,15.520910933821824,80.7480364534387,0.9957227192094706,3.250297569997815,0.57399320177854,10.50893249808757,6
6.947753765186103,0.3498354686819364,0.10267144731092093,2.9539807929179838,0.08276999559090412,18.342417395603743,53.64188416039535,0.9960434066014131,3.4969493229074136,0.6048238169304077,9.907852731029488,5
9.798761293267889,0.37210928351920664,0.3349955955202052,1.8094233454204849,0.11533862507290245,3.578450255763704,11.297872138666293,0.9937989958787666,3.193986100831154,0.7451749609985854,10.343870009541707,5
7.107597039266406,0.6404231560581632,0.3310897620544162,1.3203570847450357,0.07099057685759565,37.403861245969125,33.550877581409125,0.99717289206487,3.47231770061282,0.8234303106188927,11.411872057317051,6
7.530767446858519,0.7262529963551396,0.11844719449788924,2.7161813790435545,0.09304026890428795,15.745334060962485,59.40710493752488,0.9974829291203188,3.203123548242958,0.732539999045704,10.217278445989754,5
10.496174415821304,0.16,0.37049957101782854,3.4835765206364346,0.040537769699044775,3.887684396337222,23.07953660591165,0.9981847234609131,3.1396005674400786,0.703566920836188,11.162176448680528,6
10.559750347239177,0.39509641856246996,0.5111676352250568,2.7499393939920447,0.1113776166506033,11.949387419745037,28.35267439901662,0.9976061492106989,3.1918769399688465,0.6535006598420035,11.242105689471039,7
8.597636931805077,0.39897169636230584,0.22254413371200327,2.916127292332499,0.08940805384487328,32.522417147644305,123.5857954358742,0.9986161910856726,3.091809184754226,0.5496852399651441,9.761899485912586,5
8.601690984901682,0.7456127811664762,0.03262900746298605,1.7759808447491814,0.10471703712618505,6.579234173921243,39.14179953942355,0.9957053497894991,3.2976899987967476,0.4600803030879419,9.815980712332461,5
6.771784651650222,0.5011299547405317,0.0,4.038631050028043,0.07954097067049816,14.380949801358808,43.48191683624441,0.9952473232066841,3.3736015304687257,0.6388738785669458,10.48473132057697,4
7.536162685973368,0.6959880463675154,0.17395871435018445,1.924488140146014,0.058757619343884515,31.380067017163316,42.33821433498329,0.9987266237906028,3.3924203745621533,0.5518958972802307,9.15820966010363,5
5.5782125569055925,0.26784661198427007,0.23403140215036594,0.9,0.07102921091381152,8.397139029984423,101.02570438513243,0.9964303083780439,3.4352696307616863,1.0106990332490189,10.984786903588281,5
10.58289051691744,0.28193988651632534,0.38165057018348675,3.9374409389523173,0.06036693742072576,31.03908403686472,11.079868487746559,0.9967601119118505,3.104594899899115,0.7014429709456322,10.323267949210837,8
6.349908282446558,0.16,0.3598826678167801,2.639367190436408,0.06538860223711057,23.069132618515994,60.161504698595614,0.9950323015514008,3.429720722600455,0.8506588876947321,11.052814968902418,6
6.759607918389243,0.3812786570398605,0.14766090823712638,1.8144526496074938,0.058503520606941514,7.886307947201303,43.564902719222,0.9944653821144182,3.3496125971323374,0.511029538741387,10.514770256794984,5
8.058655935680546,0.5975288305911244,0.0562744770611657,1.5677942601460109,0.07314273549427247,22.74180486121756,57.55735122413742,0.9968773273704808,3.0889065767297534,1.0609039037494468,9.403932453168135,4
8.158744973396306,0.7219588160876589,0.07862959820883234,9.187260700515937,0.1671287365832938,32.03866612754057,135.74905574641085,0.9999837580442118,3.4591377542481827,0.6202829140953982,9.373409819465559,5
6.631255089402794,0.6780316845327873,0.03159147867419124,2.153502458205306,0.07046067482469934,6.334900708111073,60.16389918475046,0.9939521792529313,3.327539184182679,0.45509098394438596,11.401067956438453,5
7.358856186022193,0.5867638335737588,0.2638197737232054,3.7047308699450605,0.09316612319379669,25.13326024012848,44.033281077695186,0.998034546620149,3.393628995910091,0.8074698075033223,9.488096370004905,5
8.366712539249159,0.7193665867783511,0.09753373814776982,3.333329288360652,0.08513740492798548,13.799132138034535,64.49162717917748,0.9998661262140105,3.367118534156177,0.6485984026834867,9.309111466719232,5
6.6366940053860075,0.602154003508033,0.24877518407611993,2.056439151205225,0.10383799431899657,11.827326979167161,61.002836890513095,0.9960565471380672,3.4141248819967247,0.47880180566581404,9.876526474564404,6
8.097394925983217,0.49818852196378155,0.06965888455796837,0.9904448491985416,0.08425230307007525,6.170623363661839,11.524378802454349,0.9951044281858856,3.6356768148668768,0.8444258442890247,10.58018921519656,7
8.689686022929747,0.49712427399740544,0.2915175502734402,1.7964337971325355,0.07081650291900163,16.533874578709398,37.83012779620702,0.9959209179195676,3.363329573824522,0.7275724195108717,10.775009232836306,5
6.80149821058837,0.5833747773805543,0.16229578381196907,1.6782046194695286,0.09443442592133018,17.85902711755068,31.828956145852377,0.9958186397684974,3.1720532527507284,0.503386271759243,9.316472510354913,5
7.34490860480586,0.72815013067973,0.12983987621365728,2.1798034188893776,0.08068434477457799,6.989275767523354,21.405220824641876,0.9975214608320888,3.440999318497313,0.5384272347866054,11.00692192056785,6
8.198589331701493,0.7217078206598999,0.19054786071152038,1.6739117217817108,0.0783139143242988,25.553711160189806,77.93724247909789,0.9950545673212902,3.4680887362843116,0.49304846430831695,10.507625186566564,4
8.814892893537895,0.48146115299666203,0.27533320366024583,1.317188910902252,0.07654450527766272,16.28307309273236,129.6408737815612,0.9974028396982519,3.2415188510030877,0.6362863865601639,9.939446073753778,5
8.154839975989946,0.8196852389852075,0.025673693915675627,2.3712968981821607,0.07634388438043399,4.034404242557239,44.21511441392796,0.9968039665134133,3.3026811551584587,0.5415861372053319,9.787232638648547,5
8.129659029866202,0.43856919884280365,0.0023777329870598163,2.3999838578894503,0.07830718966971635,21.73255957918289,53.41670114298911,0.9974543991967899,3.3790626918309963,0.627096143564994,9.618554969490265,5
6.799096874170845,0.8813886596252015,0.0883158388059388,4.869954250669845,0.08243413047011493,1.0,28.031493516570585,0.9959472549800508,3.3854560037173522,0.49049055854403634,10.881847155155407,5
7.911379329877413,0.6407265914387569,0.5013629168609369,2.4372516549746988,0.3289555615180371,18.41350663313876,25.590224231401294,0.9954593982510838,3.200967385133152,0.9080038822264056,11.081659510852313,6
6.826098298390374,0.38625415578356004,0.27238251349823717,2.1045093656828824,0.08147365459178249,32.82832634710347,22.69282789034129,0.99675589484606,3.291500720634503,0.47558735260210255,10.104617724156231,6
10.044624529195099,0.8971616640377054,0.24267721035466105,2.5731951291169337,0.07174658181807653,11.378831252741595,29.52217756767446,0.9984572807554574,3.1925912961352405,0.6000403334767072,9.928851406719499,5
6.212103844040545,0.4210560059509296,0.1809935451957774,2.0061978327758974,0.07704520366214697,6.68055890849452,19.499936469192054,0.9972764172858405,3.502215516224039,0.631270282472137,10.569901254607858,5
10.568798151719353,0.7049143655406724,0.5126071416792859,1.6305986343399494,0.2810691653138733,1.0,65.07737406747088,0.9958907793744626,2.86,0.6775322017754513,11.023300511379901,5
8.904858443064327,0.37593825393832503,0.11137979376204005,3.3092606456973073,0.14552118371772282,18.982888825396614,98.76793573437402,0.9978742398283424,3.059799757263952,0.9456472566428534,9.037110613601266,5
7.187966046208989,0.41994671003776224,0.36382326750362626,1.9659808945434798,0.07308320676847818,27.07798062835261,64.24095891146757,0.9976230262330383,3.4040008626325653,0.8403658961824743,9.541361829728617,7
7.622815247642013,0.6284607421913713,0.0,3.0987572796289413,0.08740818853386427,16.24867771510448,52.306027068273394,0.9985228369687302,3.520444618491803,0.6348410246904757,9.580136567871573,6
7.177479900356601,0.46274830305970116,0.12979179968585458,1.7331689757641928,0.08155284463439703,29.978135722985897,46.802037345306225,0.9943152071931307,3.50367438315377,0.7014794684481919,11.794988321096852,4
7.349169367450922,0.798478953796083,0.01291260543785098,2.139223763635424,0.07757946516688334,10.089248071084747,47.60372495264966,0.9927156565409777,3.6101941503931956,0.5350531078748333,12.155461948324328,3
5.288645829372916,0.6901961717768638,0.05067301507029032,4.662277962855683,0.07807094098807753,10.51451391495207,31.364959830117936,0.9942778116316967,3.3402674947162434,0.6132689834700549,10.677943592578822,5
8.23084251911039,0.6507664742553143,0.05477543317884086,2.7505871859680497,0.09437007052977411,17.403029387537416,18.5550205550093,0.9939836501173231,3.452104649424251,0.6389334455459148,10.949755668618874,5
6.693473486972604,0.47248184099132906,0.0,1.8266200035202427,0.0717974796141632,19.976706011187883,89.17915765781548,0.9961749163870852,3.3882734582355236,0.5478300074497624,10.440876161849921,6
9.04259515856128,0.6280490442543173,0.35393472285804933,3.2601276499057894,0.0613405607142068,8.488608398862818,92.51761125578925,0.9986212460521096,3.2824987126664307,0.6940898041623644,10.472036933052467,5
7.572477537892971,0.509748289033852,0.1342343262392266,2.9534196546887204,0.04804442029769419,27.356425707727446,30.16906568042937,0.9934274820049807,3.2967692791918703,0.6061737079704614,11.625627399697272,6
10.065026832664602,0.474678049738587,0.5181718774573165,2.6861164430343725,0.1198291455918877,12.868327272998963,19.844687568809654,0.9986252867204063,3.234301426869697,0.7529710872521188,11.81592328184333,6
6.887638819864944,0.821534777208752,0.0,2.524731008535223,0.09182762259863474,16.464501798243184,44.40481110822304,0.9971271753784485,3.3546565983734418,0.6358337144139614,9.697455371306814,5
11.88220647634495,0.5645843394671607,0.45451130857610733,3.520889242661739,0.14200329128764186,12.525203492770416,52.69073301856467,1.0009806003329995,2.8877704405127598,1.2631356302936358,10.383896884286948,5
9.574329772781033,0.3439422602734153,0.41888092528563015,1.9650368566074017,0.10655037815687299,4.548835199154045,13.56610544941688,0.9972174613420888,3.3159442259475687,0.5811062671376552,9.554006235530375,6
10.441958585289953,0.6882648024844586,0.2961896336562438,6.781350640948169,0.11625350412042407,24.418817193911977,130.74636014308072,1.001471304444951,3.276307468525652,0.6612864721351829,10.269626480607082,6
10.771315089136115,0.21147633258106266,0.45095471940818777,3.649967930216592,0.07150997914401648,20.148059731923382,61.563410998264885,0.99791915132085,3.254629797789699,0.6793117180517751,9.986455742698235,6
5.609969740385035,0.18001662290645537,0.5408019061689352,2.6734312286579254,0.06092681723252287,14.226506907654247,67.54848709016694,0.9957449516386675,3.194224864132457,0.6240145373415862,12.356036224686445,6
7.80587586965224,0.34262484254337133,0.3114997164609664,2.8756345830966676,0.09062735011731271,9.975356367589859,38.737272636948106,0.9935425558986631,3.368684509666765,0.5514934524272826,11.573627570310451,6
6.4879569493181295,0.2846117419454737,0.3558909041922027,1.959454977767813,0.07887262580247471,25.965698629841782,32.10074788700104,0.9944749633850293,3.423633357297825,0.776524350859728,10.526398709858304,6
12.474544717908168,0.24379207549518786,0.45826087990221676,2.180870539442058,0.060152021014828735,27.75614012534548,60.98717036196753,0.9970754036829347,3.5622815014703737,0.8273611000552752,10.540528190394932,6
9.978874170052729,0.46158414154066874,0.3363321551181009,1.8714205420877543,0.05569034020197443,10.910159175432046,40.75038423667184,0.9991436478774071,3.1450332749038235,0.5971583280466264,10.064434662708612,5
6.974779064386266,0.6828492141573389,0.1827417576676708,1.3875148660711254,0.0697675079790963,32.8940751408564,50.202545102550374,0.9981716593747559,3.3908053906569204,0.6845389042425412,9.442255763540539,5
6.994536348601135,0.3709666681994383,0.26297676502570194,1.1225463228104173,0.11083818827796449,33.43310981476108,73.39438496773504,0.9958394106492002,3.425594038746657,0.7981711665858184,11.482337074764686,6
8.934542739135075,0.4726346440499488,0.15096468093746734,3.002429221095959,0.07916630000322736,15.713495945371672,46.123783746988934,0.9975258167534479,3.119857485242444,0.5425360203082816,9.590946439341822,5
6.739878227284654,0.777106334865768,0.0236451642911759,2.282330591618725,0.06408970538155431,1.0,6.886897203634973,0.9964432597499544,3.3939732638965436,0.5525007853937935,9.568703209588831,4
9.553862555064395,0.4005542992083041,0.6588771232635702,2.169805677420002,0.26589642883742104,1.0,41.06046610256218,0.9968446221242738,3.199027955746699,1.3422997635434757,9.63378282272671,6
7.601639900359242,0.44479952337981954,0.3007837626107183,2.3376853819378205,0.08153976818353621,17.52256098719741,77.12641996651024,0.9961433842276385,3.4485083125920317,0.5736671628838083,8.842600123384303,5
11.545467635604098,0.5862068292692688,0.45109527835786134,2.797915585120381,0.07213615544936668,16.858812475010733,20.685910661834775,0.998652766541922,3.506363716238383,0.53476711919335,12.01315523870356,6
9.60356983099366,0.40053473560004693,0.5329673144649186,3.5788849107129375,0.024625238991470698,4.346016568293001,17.79690845491803,0.9973641958066036,3.2839586792703095,0.8312704812377157,11.655356940834883,7
7.501397267507645,0.3934932180697875,0.23050849181145125,2.0068117518189252,0.07726027848929391,13.923223041434827,89.95521628728045,0.9952879130902498,3.2008478575926733,0.5553537764292339,9.559170962763897,6
7.211419511781211,0.2921156929600478,0.2603770142598891,3.034301829916681,0.09670162344420218,37.129956020854124,125.05632069343838,0.9991122303509131,3.228402492455177,0.7706471949807943,9.9997682380895,5
8.916676637796364,0.5165593411680927,0.2521585893327506,2.5948034479427635,0.08143060973691639,29.771370419121823,67.94355115366855,0.997667109758055,3.3488396095902138,0.6169293894326401,9.12580184345665,6
7.351151837693292,0.5342713828497545,0.16191315674838466,2.8058653903343904,0.053216856379686435,12.049653083062248,57.04777095668981,0.997794760775983,3.536488524936561,0.833447669687438,9.43499654178199,6
6.755372222215265,0.5935531040251806,0.20063383667602408,1.6002128465587087,0.074148500929785,42.609136231025644,47.06878736689991,0.9943163461967602,3.4276591609575586,0.557182372332136,10.771915989071017,6
8.254069900499559,0.6891612391420623,0.09692572783023176,0.9,0.09223402457785519,22.7058742851348,43.464659412987544,0.9981091626929757,3.009708784473879,0.4747457198384766,9.618908124062742,5
7.029381774823288,0.6528692172346515,0.12725263481355092,0.9,0.1155284008632736,13.00279668095276,16.35020733544638,0.996082042797762,3.352279828926842,0.5486905522146721,9.900216338998533,5
8.245206233802653,0.5818800167509139,0.06767565837480204,2.9367432318862194,0.1299089946660903,10.654757519987868,26.164642620247808,0.9978787120203076,3.335490470890535,0.7291842190505702,10.392457399454699,7
7.876153582057183,0.3019042002925243,0.5319222914175891,2.5085360037776274,0.24100845347169522,12.643933436360394,62.71084599258882,0.9971845194677047,3.1459372769153893,1.337820237759673,9.480126568506089,5
6.272302749246585,0.44461287082457157,0.05175262269634691,1.6709233046172307,0.07261117582588164,17.273266716394023,28.73019925052003,0.9946308785948933,3.4565758964873092,0.4867622915545843,10.189828823183133,6
7.159958071597822,0.5899671191066141,0.18005234882308097,1.8029939597356177,0.08960550613672838,14.06009065959614,59.6042717370941,0.9975277885982695,3.456525089634975,0.5770791285048542,9.077351654366648,5
7.716593259513008,0.5996786494381438,0.038253087068497976,3.024927033805314,0.09441198009141068,16.95306148866824,46.733633024795054,1.000295928919524,3.369482955762384,0.6811941579328834,9.130375518263953,5
6.949706376770061,0.3505571539700615,0.0,2.5245674899419233,0.06758753996649879,5.869465107596364,21.690381741124654,0.9943774872782666,3.3585434490796047,0.684801629946385,12.329878046579955,7
10.328868459511835,0.5271327406871955,0.24949799179462037,3.7644560175868325,0.04630202767703086,1.0,46.81832422467451,0.997784496846062,3.0099910062343604,0.37,10.702558646762876,6
7.76779489067381,0.4576261234947944,0.09135983143135626,1.826066314019497,0.10062662333209343,19.065759840135495,63.80199416206044,0.9951758826283883,3.2318556070995186,0.6414848548192995,9.824967680732291,6
8.330435789258589,0.5885339778965472,0.18459747993768091,3.9405591909812645,0.0944597102740368,25.94970222999674,70.61494378683507,0.9957844859164909,3.1329270536464127,0.65154522883594,9.437365419822038,5
5.428984222700337,0.667181546392474,0.0,2.446459255142233,0.05844532122958444,10.19260836046671,29.65385405447303,0.9939065912485675,3.3347259615465688,1.0136079325841352,11.235503066947466,8
6.266566712629882,0.4196137047957071,0.057904641472966645,1.8085180122925983,0.05176054407927584,23.85014216462027,62.38695640301935,0.9920462086987797,3.428785869083807,0.751881470686807,12.549654058030473,5
7.567902174890482,0.23477756838420433,0.41185057951300713,1.829894635859729,0.08787342781927612,22.097363991627965,33.10687980419464,0.9952079822923581,3.275291622938776,0.5332077988122299,10.187202351167596,7
6.96074671117558,0.7356433271171287,0.31439876585132087,5.047200136669147,0.10256750682026688,10.47317331458062,18.45861569206766,0.9960741966715637,3.430515050749608,0.47817624714018364,11.033244746466147,7
9.182677802863916,0.8564668837211842,0.3025211848134626,3.603851027477482,0.09141774852102323,35.07538901494517,142.07768752046033,0.9980051413901504,3.0737013399747313,0.49389690780019097,9.358820405085321,5
6.737062339095159,0.3770434227022896,0.16467798726089633,2.283354499891623,0.07684473991064192,24.619012178798354,99.45742306717727,0.9964641232660281,3.4078519331526738,0.5843500541762084,9.108879756307136,5
7.722397753912973,0.542924704465654,0.0790992532636049,2.056683670401557,0.08421627989690325,11.429391362723418,21.5795073139843,0.9983841149972681,3.6451475993247833,0.5661381744751588,9.461032568089028,6
10.394890816572817,0.620297203263774,0.4431386067334205,1.2570675451220716,0.07150794116223409,15.433560631944273,32.86132684650786,0.9976673994822026,3.0869171212282054,0.78728936317589,12.352769433984228,7
9.046965491290763,0.30255152296699783,0.47899662438078,1.7243589111734987,0.05225932321822214,2.2544146673136476,33.98716621810614,0.9962132519846466,3.3081516364122576,0.6620499847146625,10.240941157569521,6
7.780717613789616,0.6116396182792366,0.004793959318736024,1.468705398629401,0.10917280201248827,3.7657949953061776,39.509286141276725,0.9955280196850117,3.124197007296224,0.5905909578254823,9.918695632022715,4
8.0782085056172,0.41402234485263206,0.0,2.9399759181689733,0.08251490128098961,16.290661160679825,53.446083059792905,0.9969324487773016,3.321080555693911,0.7325679803678463,10.414212655886013,6
7.200010600257335,0.5082104871538088,0.718611100908426,2.6467820273513634,0.031006039241447965,8.464516024334902,74.66018721736994,0.9952783417574619,3.339302511989168,1.0522726802057496,11.456657067183716,7
6.555418405268454,0.8053957083838107,0.4311009831748803,2.0225179506436013,0.07055566727770338,7.218181324076981,19.734693886002976,0.9962531072330771,3.1772996909826206,0.6171390644523359,10.090493423195188,5
7.225754773210599,0.36824706199923035,0.5667470790073763,7.992337559764577,0.09621902319572283,14.15615545437235,64.65665683382645,0.9971301696220566,3.2508256603862136,0.5975479847563394,10.592227419293376,6
8.322324133561878,0.340417319334974,0.4452877443033713,2.8003300028120393,0.07426286115297737,38.73974541068835,64.56163830875418,0.9952892482264466,3.3615758120072132,0.7971274559407506,10.330756185476124,5
6.674445801172999,0.7642091466376568,0.09403404669507803,2.9804558690191207,0.09608959493577099,8.693306166633842,27.4876046395027,0.9960111368518922,3.3837940901482777,0.5496136169966072,9.969047487416573,5
6.420655534695439,0.655969518383043,0.02922165981853014,2.539343774432291,0.09135241838639277,13.815718652367883,69.90693719489089,0.9978431778221005,3.4846306322961786,0.5178869473342811,10.387108578207462,6
5.6500390731794425,0.4300898472771243,0.023544876412212746,2.92566889434402,0.09181087384552955,13.577834880783078,40.25491380553865,0.9935405151477572,3.7194452875212227,0.8210687973094929,11.108858249649794,6
6.966095412057409,0.4755340601660638,0.07284668481672327,2.251018941326814,0.08125592298065627,5.912433106509326,8.636018356060525,0.9962768960143206,3.2352923128165467,0.5217078419126323,10.049686964142007,5
8.109989903854993,0.5907108419005463,0.3490763326900342,0.9,0.07168995233118584,21.30570925495161,107.82290921696526,0.9985691518725387,3.287090747915183,0.633600241609767,10.990061576752133,6
7.601853515385932,0.5326710024471077,0.3586814967008302,2.0899152175119546,0.06804866949922389,23.777870628312463,49.852545530653515,0.9971961088443725,3.3720980187604437,0.94031213255187,9.439261081131663,6
6.975154263169361,0.8063745942331736,0.14917036474239664,3.2477579280253557,0.05457810071751845,15.205124830262552,32.73050035157925,0.9964508571220552,3.1958876805096157,0.44680607664717287,9.138533765573978,6
7.638666018176349,0.2652602598827347,0.25070085897100136,2.437199172524795,0.04431368810041238,11.762291622671295,29.946669347483816,0.9946728482129784,3.258997907503921,0.7741802881967835,12.287491532158015,7
8.30544031004716,0.7824299476454821,0.2997688263276766,1.8663622662973278,0.10531887311848415,7.010483644067881,59.16722379919972,0.9973570419485587,3.3142104942865886,0.50928059881936,9.074006109451764,5
8.389422240232491,0.801756448782452,0.0,0.9863909047737547,0.07031265038828259,30.140736500020346,43.97313531978176,0.9966224121493591,3.338456553225556,0.6325822016159866,9.872200750377207,5
9.341646617391534,0.6303103145870903,0.6588258319100768,0.999018500491855,0.2681922721403414,6.755898261885706,73.39212632535737,0.998826113952939,3.285052397100231,0.9223211717289757,9.742483371869492,5
7.306428255682813,0.38141176330814436,0.5097890623058052,2.5197464471196183,0.08342523633922844,14.568090834478568,24.313491320800054,0.9964591562592322,3.369057413174727,0.6018710335873945,11.571509817113396,8
8.322755140689905,0.6785083459517829,0.13206989940788091,1.9823701685048158,0.10175876801575226,8.494136782805322,111.09269530732932,0.996600480942301,3.1295964074200637,0.462403065943349,10.442941896412265,5
7.357458447973414,0.7658818514129249,0.03914566556504393,3.0570406266900156,0.09147455847621894,16.323606391910747,47.36080179188099,0.9987384560075809,3.3867434874899165,0.5718474095848834,8.828281075869628,5
9.926624502570547,0.3094167612401205,0.418477251476749,2.3155608481957017,0.2076655033240286,10.84872979977835,9.389728454791904,0.9973211954902543,3.3861926495052543,0.7766505723792881,9.285257438034073,6
9.031474352511946,0.6555817403760897,0.19036839790975174,2.9194539439349385,0.09133351746161641,19.019996107434018,52.13426615023397,0.998652328702418,3.4028390002929485,0.5816089785582215,9.962720920710732,6
6.664150084915272,0.6661781635720169,0.20866830499728073,1.9656691942130313,0.09040036896722752,24.33935502460651,122.33942121347347,0.9963016702089288,3.253214028904438,0.4732492119921875,9.948316649485864,5
7.731293577813868,0.4071429587876348,0.3411558916791423,4.087700640529411,0.08062826303929604,19.945569698369585,30.224496346861503,0.9966134568859771,3.392720598298539,0.7912476409334223,12.324401790510956,5
10.819543995408198,0.16,0.6178651071621266,1.9897404079173684,0.20472453104998023,19.28823573154954,36.98438754470705,0.9959397897609855,2.97424875850386,1.3239673058254482,9.336312772751867,5
9.178327447117212,0.7191434368898192,0.5477088656052496,1.7500557319320567,0.12664280254307742,37.57646076895633,152.51332403492955,0.9975893721119387,3.307532730477487,0.6983319320635957,9.334429213272216,6
9.788701329360086,0.831270912698102,0.3480898570763989,2.567810721139315,0.09245146728156886,41.212878293275786,140.61501745877814,0.9961471235149246,3.2849177591246623,0.5518125609619957,8.974753693185116,5
7.635891075309644,0.5005832682360857,0.11348978032530432,1.4740285936088573,0.19502203741469215,7.663905378670449,53.30853569805997,0.9965778748025913,3.2946161531687714,0.9343627451079618,10.481739229295354,6
8.796772177896349,0.29040642069511974,0.7178628613574528,2.370781359648996,0.054509045041920764,37.4356772469146,90.57572764635312,0.9965681371732742,3.3091222774283797,0.5631499095619291,10.771156292401512,4
7.278643959407448,0.7519125451362045,0.05643797937210629,2.3191471162224335,0.07958622341637812,14.057200251149768,56.38894934680138,0.9947785864556573,3.4057576875337254,0.5923943289085933,11.075379202504518,6
9.673801032176538,0.4241515759572183,0.43416408711287824,1.86545109890903,0.06865073653475862,1.0,47.000328336251165,0.9971278530083454,3.159226998878762,0.809534405408959,11.771159948570078,7
9.899822367815378,1.1863689259522558,0.3321375162944476,2.7756930658762835,0.08986776294618805,34.75624867038687,88.41416390951673,0.9985596511955248,3.2490992863831756,0.4627607421024791,9.480272441312643,5
7.034739653256006,0.7781751662448565,0.005987779870209625,0.9,0.05590077063492233,8.25512194375975,35.9234452973676,0.992909841460669,3.577187453385576,0.7439133723787745,11.995536519002357,7
8.58226139125431,0.5539006209253425,0.3572241159389344,4.415368135531818,0.0738333653020572,15.185831627367,54.61430190381452,0.9975684593880229,3.38562154758603,0.7963837652462287,10.29606915538042,5
6.6253987956667215,0.7551143051673546,0.17117656420925154,2.111691155506007,0.034211257169344325,24.892974695173102,65.08043367563943,0.9925450738023467,3.516253333244004,0.8703772815180556,13.529990072156943,8
7.521665272469444,0.7181150222464093,0.21521169138747354,2.3807797205747914,0.10358695126330278,16.0849197832394,23.537511657465576,0.996497955869767,3.400064642531715,0.5465564456531722,9.771895486918053,6
7.904060945960861,0.3762135444475808,0.40594956040971114,2.3468564079227687,0.0682033713008623,7.964645649028389,37.926557595444685,0.9933812967367613,3.366171383250284,0.5970672526578596,11.63659273641992,5
11.174009713692952,0.49286734674987237,0.42789298623537947,2.0856338489086954,0.058006840501339856,7.545537888573609,45.406601522074084,0.9987204856834508,3.21692191743052,0.5382362166081958,9.600477323988642,5
8.655574108905098,0.5058072931075808,0.31648579191129633,2.8101130113843107,0.08771136999600437,23.443575442077208,32.3371792481715,0.9990756063679113,3.4114680451282537,0.7171395314401326,9.594880059880245,7
8.529588411680743,0.8164478719975894,0.04488404968058604,1.6849343604653708,0.07326952102529714,25.11408226636838,6.0,0.9950855812381764,3.0986367309935696,0.4556387035116803,9.57477675572439,6
7.155060768310475,0.6054366827909806,0.16557385407175962,1.9814547368900732,0.11256808765573961,3.883324360941077,35.25341752991568,0.9966976043222451,3.3919621727906097,0.5635240904095743,9.666162267458315,7
8.353977150292367,0.41163320448473906,0.3295175770008451,2.245579260935754,0.014114981754221295,1.0,37.7560548826432,0.9950438788668271,3.254408105190533,0.7901873907776733,11.266813372632933,8
9.417566086805245,0.6352624717654718,0.08592918814579728,3.727795690808956,0.15751878961858876,7.1902927843676885,78.31299413569234,1.00057032120513,3.340142409993509,0.718774505218092,9.373183602993803,5
11.876489623965552,0.40772000911774436,0.532181029209987,2.6225337800938187,0.07085019619115109,16.28506559509654,33.20069514475807,0.9990473904505616,3.0451054237270285,0.6420383457774811,10.644608542391993,5
7.368556806424371,0.544448404630284,0.4905992113862925,5.34417030217297,0.07863807315133911,31.92904188717469,78.69011556935112,0.9975633984204684,3.4270179799409584,0.3960323552389333,9.734167671311944,5
7.120486653040029,0.6108825745715135,0.15738180613869662,3.9884204490244537,0.07153800267695709,15.65395756251556,38.255974384414465,0.9955944443232781,3.5907235071531574,0.6130904662803474,10.006038464543265,5
7.411347485521401,0.5370283256698236,0.33607542491429054,1.4374706094047045,0.10928608615688645,23.165439189213135,69.2895589765736,0.9960728830064618,3.3039184857994077,0.5710154207960132,9.438775494515692,5
10.044990668211996,0.21750953872974846,0.38386693811302464,1.9308838943060174,0.11311331547858629,5.936870573589583,15.202078493974529,1.0002292031178137,3.2312733351095613,1.2772174633652285,9.606636058313795,5
7.247727953965411,0.6501598829779403,0.0,2.5574785362147767,0.04965649825347267,1.0,25.66881514370386,0.9938640875198945,3.7012476696625525,0.6076832867293124,11.566114988360248,6
7.128277472843985,0.7797444687055078,0.18467564269225023,2.048121187508016,0.07881930731353393,20.431286104639074,50.26103635803599,0.9973506472624822,3.333137888599206,0.5892967595983527,9.253843741534835,6
7.338893730164192,0.6667304217054414,0.0,2.5578194747836442,0.09948241182136713,18.959538209155287,101.49806150420507,0.9979553856310116,3.3865880570810027,0.7232723930064681,9.952686491782904,5
6.164896421428331,0.8127496959841114,0.23553009384929824,1.7883040355235378,0.05106583380740035,3.575200357975142,6.0,0.9951169089475103,3.5140202347972194,0.4970892062019386,9.63321662896971,5
7.046664673403498,0.77552286539877,0.00935736641583148,1.915393154404478,0.07334259712565135,32.316157804957825,55.666056059529915,0.9931603430789152,3.34623360829288,0.7602805532833318,11.408522024353239,5
7.03973831326821,0.9172030538994125,0.20314273376044792,2.420255392591736,0.07498729762989774,9.062109625479643,81.03804708188522,0.9943203685269264,3.5948542359628055,0.5433458158345182,12.721808884292047,7
10.948897054151495,0.7004737769973739,0.5746714580170407,2.038935805520242,0.06264179763406594,14.877861688414946,11.487939460795344,0.9980679871369637,3.1567518059457154,0.7780217167671836,10.43478562153203,5
10.898637022117478,1.16486642840378,0.4110816888625854,2.5443556091615487,0.1049166476344823,34.61048161760594,65.506189185202,0.9994079377064112,3.2782508345458736,0.6606455202367115,9.944461836103907,4
7.900735746407525,0.7189767312609537,0.03502631875723483,2.3160296718803055,0.11662498467796266,21.149318146785678,37.65540906667197,0.9977795310212908,3.230895523160871,0.5743181457630795,10.147854269804128,6
6.9108899601228835,0.8160749904018888,0.017918749762720575,2.521804362204658,0.08352304522192679,19.939827093514047,49.683019280041165,0.9939144760397679,3.369011373670344,0.66375162904397,11.338384189810974,6
9.903306088541628,0.5491219314363716,0.5139542497483844,4.0194272166058,0.3200043828128384,1.0,41.54039261828981,0.9986869581175138,3.0082397224579607,0.8093279403233414,10.344587201645448,5
7.758154944099618,0.5935482533105197,0.19573110916369346,2.621846772289733,0.07471859554700894,11.501234181605907,78.58993837795536,0.9972222345693348,3.3099909396575615,0.526276575007138,10.159767442592646,5
7.787928196074234,0.538710039835703,0.25408980890831784,2.4093687004442685,0.08108717607539583,28.729975688045354,34.4860285959658,0.9949814220330724,3.553460596545324,0.5114662626278847,8.865769693480084,5
12.40699639471522,0.394566035370008,0.5248290240325173,2.7605688943621893,0.1304332332027025,3.2822628539570307,10.79882059330815,0.9940078774612884,3.3133681633270786,0.8500137721896069,11.871559371906688,6
5.9654967394428065,0.6679623433461284,0.06289225940007309,3.0545087191542426,0.1554591323676398,18.749330924182665,32.85037123626203,0.9955948588179692,3.5768631195375127,0.6014491890563255,10.153202159909256,4
8.96447158429213,0.2400388076905508,0.30465357019741784,1.9622143274936816,0.08142400277303485,20.670769603134673,57.11980365615936,0.9960718390735481,3.2155835917077265,0.5899116761357736,10.959535591741705,6
7.4970196009073415,0.31525119400280843,0.2998007015436799,2.23251462358988,0.0706826100370309,16.35901059217546,25.504521710583138,0.997758449263746,3.2519462825867675,0.4835484599947838,10.884955081178468,7
8.099565097610654,0.7880968464733855,0.06775731273259768,2.0922810827967497,0.08289246212553004,19.452001954670415,85.53565869133762,0.9961340064534957,2.998950511043612,0.49832664914495517,9.543993207606622,4
7.426677446735005,0.45336562130246627,0.011412536409968813,1.2784819746039155,0.08642059135695201,18.051177549428775,39.81202445536949,0.9967880640492242,3.3926034676886982,0.676286022654883,9.990518932219773,5
8.869013469609587,0.2938251834491297,0.5343752333194698,2.486145307336615,0.31047843281612936,1.0,72.62085676960704,0.9952498104223806,3.2459258094104046,1.0393986322732156,8.402838204398897,5
7.532772149746361,0.7172228453679874,0.11330756129303209,3.4542567075870183,0.105743640586074,14.130110459153062,57.39355651229639,0.9972526029599517,3.400502632844656,0.5472129227864744,9.045357000634974,5
6.115112993181489,0.16389920812834163,0.03503074686286514,7.808748608182633,0.03713363367404269,3.464074063381047,8.867932737238275,0.994263361718147,3.315725168112971,0.53660391139691,10.79966732816486,5
6.855228083816767,0.33922389437631423,0.33998132331961767,5.724031132433542,0.0854377935606277,24.834301849232663,70.58736698993212,0.997057627845667,3.326939983422054,0.6111433654714474,12.329083151332838,6
8.087228610336476,0.3358030435074022,0.39293526341039564,2.095526358258895,0.0912443579881495,14.667677335329742,20.2920507466095,0.9953927037354853,3.465748687801529,0.6000151994235738,12.253921314031366,6
7.295773614197034,0.6367704727128631,0.0911032207140996,1.9858526539148853,0.07043428271205951,7.8584128993161535,33.11680958168736,0.9939185313549341,3.298511291679152,0.5898013420133899,10.457129076680356,6
7.621890332137869,0.702887929556921,0.3560898500916074,1.7844083934721648,0.04523081200249611,1.0,23.01611539028382,0.9952712792128492,3.3987810130997698,0.5663898133198343,11.112947811962632,6
6.8620624461400945,0.4812874911576206,0.15657151785982196,4.857550962072643,0.08854175964739969,55.526364336806104,104.84782874879096,0.9976425080541095,3.289911313951638,0.5379661062017851,9.87854823483084,6
7.229268211497953,0.6676210422682463,0.059565613300861464,1.8677477156384585,0.0899676698054754,15.137716873033364,80.79424908639534,0.9953157548097662,3.3052310799348885,0.4732761750189608,9.790119180317483,5
7.922959632297771,0.7423760580856031,0.24770749768103537,4.314096041760907,0.07880102931401133,1.0,10.663069150585468,0.9961406165812043,3.402175635957709,0.7492723324662769,10.557115588527868,6
7.388460838613393,0.16,0.0,1.6522197363934972,0.0612730156858775,26.466316190208715,58.239915588835544,0.9980457127585416,3.234873314307304,0.43231791240220635,10.318492157590619,4
7.794966014269337,0.5354955010288437,0.4471919272934871,1.7678919289210877,0.09540220786041152,24.748087253900007,63.44204060987479,0.9965165954646903,3.28499976935746,0.6370141546252029,11.107727685494872,6
6.857127913993557,0.672419677112921,0.02194477721949914,2.7107319016607168,0.12041850119075184,10.994724528011876,6.0,0.9971529986609737,3.4680367760622093,0.6261881425602228,9.813504554815495,5
7.432064999332945,0.4964647094201192,0.0846629843123127,2.145130633601552,0.08420710636724227,6.773659550725526,21.38115794905756,0.9969884530500219,3.5016774618249125,0.8218187052099001,9.69892487109446,6
9.24162548245839,0.4369747382021238,0.41967026491733184,2.6501447594167558,0.06996219875438528,14.745640563170237,99.83530749822901,0.9974745479889581,3.233450335300519,0.7731718505820848,9.428813143793864,5
6.228439636820039,0.6477626834134355,0.12425499570544139,2.1581703856062577,0.06571294560379448,9.34339363160517,38.89080571764484,0.9969794205190158,3.322080390966875,0.5172285810120199,10.008076247569688,6
10.189971856455232,0.8753277207660597,0.2699176682118241,3.14405188489311,0.0761273074226661,34.569544562500106,68.04603382908708,0.9981280089061695,3.1530627186336093,0.5484765617522078,9.318081726176557,6
8.730059603395961,0.5982536850599496,0.1119357298766851,2.4505501396046627,0.09938568212354847,5.994833650444011,107.57516513698806,1.0001081197557569,3.137556080566241,0.37,9.873452157722134,5
8.016808566926702,0.6079594269224927,0.0,2.4906840203737772,0.05112021404421927,6.757910998242908,17.17930208636199,0.9961796368811138,3.410945870066316,0.6695261067208583,13.59697768459393,7
9.174497421702876,0.3914074506714913,0.396447866027514,2.307009999110136,0.05792272237696045,1.155942958200546,6.0,0.9976537936926765,3.2203252474972404,0.6848090135904156,9.430412140114738,6
8.848834302144375,0.3335104490956371,0.368698982706759,4.238008186253124,0.06648005835370327,3.9729922945624345,94.20223347448156,0.9998979143221748,3.0916107959747166,0.503784201971235,9.136331145853212,5
7.818386723730195,0.7707949181078695,0.19931854909137797,7.499850364038087,0.0797711098474885,29.94576979766785,72.32900964665238,0.9963771435545138,3.4530901479748395,0.5850012170952598,9.712437737047157,6
8.441253846345365,0.4420202607072114,0.3451929977279422,2.772050997083852,0.059658784055258936,12.490550389132391,63.6880642209306,0.9967401567834778,3.4667417115508754,0.6585876862828872,9.832447481699504,6
5.758088144407306,0.280572930255394,0.10502806710994253,2.701942268803344,0.06688400465684127,12.680068985409763,88.00096759860678,0.9944755874476084,3.598298687247178,0.6840010807250109,10.42149650862451,6
6.434806942224859,0.7721454524279674,0.08919088633816186,4.274152802304349,0.08079350129252577,6.568772366463933,10.785483586637369,0.9921264862139232,3.488355016856389,0.6093279530351848,12.55408501193054,5
7.268306918525154,0.8154885668069571,0.00347805493632386,2.1305613858973373,0.036769030221857124,2.1135599103584104,15.107608888469468,0.9960356289073174,3.440649707116059,0.5057771766971981,9.527330784035717,5
7.296481280970418,0.38345523928105085,0.3358064645796104,0.9,0.08130871978501389,21.85501870159018,60.71196995400909,0.9980403935710884,3.421013881860594,0.5842377800241424,9.282640805144526,6
8.36731192527223,0.4748599434134184,0.25097736788014124,3.052664110057279,0.07060907405515701,14.391111481871711,30.39402953966779,0.9976804952427608,3.1636591254714816,0.5411148930430665,9.487353925597956,5
8.46454428116415,0.5946822497181546,0.2906944292130307,1.7869420896645387,0.0846031469079829,12.006384611039051,6.0,0.9984154815584518,3.2250198254034603,0.4949366118506997,10.198338612863758,6
7.631686509046907,0.28645021670383364,0.29795394063475494,2.6683708787249394,0.06833750703035248,9.008620405688633,40.188248876455695,0.9958282128785411,3.376311133007964,0.7815123731011394,9.457064757060106,7
9.206278810714167,0.6008651742387465,0.2828646146418061,1.9065640055453386,0.15688302937618448,32.52969734272962,58.104174952830455,0.9988025986409779,3.2889805734165773,0.5102601478670392,9.452031709257728,5
11.915081840919981,0.2626436844676298,0.2748691253611245,1.9616069178819608,0.08736951954158484,15.62178449633721,64.70461767869156,1.0013781950059586,3.046210707400244,0.4839409173778739,9.874228265138399,6
11.672294541571492,0.6131790866704784,0.0,2.3034435921738554,0.0679317618330217,6.9472539470138015,76.92849730566063,0.9946573147201692,3.416768760302955,0.6036692651079695,11.610708739723423,5
7.619529869656845,0.9525932722432666,0.0,2.389241415449985,0.03765520924962724,1.0,10.348941623483356,0.9944119140830816,3.3918183899493806,0.5989494049751051,10.420085689466577,7
5.764403539532621,0.6974798096752373,0.022252246464334297,0.9,0.06767716140664493,4.827328462623866,21.530963405169366,0.9946041584278618,3.640675113061905,0.800408935369066,11.183132421099787,4
6.7328131868275625,0.45772846344138823,0.23979618199950425,3.9345043166777574,0.058340291943630634,15.310686205183169,46.43193123588098,0.9940633643459041,3.3422606461731252,0.9305587281395511,11.396725409501906,7
8.700614957348407,0.7134843448026927,0.2146642601081595,0.9,0.084852073172344,25.80360164825924,121.06925197264316,1.0013887328965594,3.254314143394938,0.6566279045452869,10.463841555086416,5
6.189701384408775,0.3854647393769916,0.1492543432161837,1.9747506641335735,0.03990208436844503,14.920215649406254,8.261532652445872,0.9931303792772671,3.4430056665922972,0.9358608808008579,9.92824752593759,6
6.152152126245768,0.39862699275988644,0.4295700718441051,1.1256675236256772,0.04323829095253603,6.012922496601901,12.304822647695289,0.9949002768163067,3.413947446134778,0.5432764235431043,11.179698295361069,5
7.025987606272345,0.6921589107625132,0.03395648702865478,1.817754985378495,0.09735810578663365,1.4422926416389545,18.137854845066236,0.9959883485816738,3.2852618255662938,0.5911706205817985,10.519431549439567,4
9.84599491495995,0.5590373018872967,0.229932884396426,2.037685681643516,0.07938064711388618,15.57636924980214,53.118704984137395,0.9963259540028588,3.488495103239801,0.6004067384725378,9.729627117685066,6
9.183456377027477,0.6283673644929545,0.3306860499241646,3.0743011969039586,0.07879093149549027,27.139517000381712,123.59552186707032,0.9977892007488003,3.287473667309104,0.4850517109265138,9.618162603498142,5
7.432884913431966,0.5247833630228507,0.41702805065052667,0.9082125867838673,0.12696889005793668,6.54558120479064,60.971631592643334,0.9972283707754475,3.0732715161308,1.2529272786450716,10.162782235329496,5
10.74072845348658,0.35585164135360803,0.45086241763914287,4.0968602654798305,0.09423062901131846,16.140155055983033,6.0,1.0004275400007305,3.296591157359755,0.590836468977329,11.737082006767357,6
9.045820435763305,0.5344909884560939,0.38621807626080595,3.830124221167946,0.10114735768809091,33.12771515144257,51.73191483990825,0.9986760673207973,3.1847520638162345,0.5640793368763839,9.107381063906756,5
6.420205167303902,0.48695339183322855,0.18113424622362762,2.187795320108139,0.06315473108174695,20.911879994045723,44.49993277571821,0.9967179690630852,3.4293297506512266,0.6933921560822756,10.365534856187836,6
7.285526022476645,0.38073680572229796,0.2850775792776532,2.790598533966989,0.06969920506853894,4.065023395861154,15.982706172790344,0.9939896641901754,3.3490891144427213,0.6776656234789996,10.799127032872144,6
7.949135247524973,0.2773917777541116,0.4703961225196299,3.5318476116032995,0.044917860908400754,22.986996880941366,34.379479666882624,0.9959871655584839,3.3680699328762094,0.8059322015251015,10.289247318390101,7
7.137207924922719,0.6560802074803981,0.17195627519609546,3.3662012562724772,0.10431100757141369,15.89719904516387,16.67282166991493,0.9959684170653311,3.454938037454984,0.6134034848494989,10.888399884299643,5
5.611042008273061,0.43898436527192364,0.013833837120071715,1.793238036682569,0.06905652274270514,3.094449079046811,14.842894974087676,0.9946285340068698,3.553702939237895,0.580322863177775,9.775558887620285,5
8.430927363096679,0.5632385863133994,0.2689858409261233,3.9406231422194575,0.08745379173764074,9.78403671048105,19.02546354771888,0.99754617727103,3.477676417475618,0.612039766915326,9.914774040378305,5
7.37655680740627,0.6911476339131768,0.16429037287399248,2.0559156953069375,0.0825905515024882,8.48661578818895,46.26361934392087,0.9948698697341087,3.3832061619335616,0.9028781624555036,10.700485916461684,6
8.4581204723993,0.6955860084811726,0.1829218502936387,1.9869645356098775,0.12536719362222637,11.33525932353272,123.94289474271386,0.9957393931236456,3.3274520737567843,0.37,9.272921720678102,5
6.622448896347892,0.7575329788810452,0.0,2.1901460288494454,0.060193927453531214,18.395062822181607,43.0288541988724,0.9966007291633291,3.615259254869467,0.5132612370653139,11.067113113248029,5
8.82630491484323,0.3230259486776402,0.6586384226892479,3.0980336666984396,0.0833236546958003,31.55842523675991,43.11356657681164,0.9965296823709261,3.0900801272562726,0.6283677436064455,12.27302139920834,7
9.222889678612582,0.32315363145435977,0.3701183402427247,1.5428074946331696,0.0598242974662728,2.8334884238920934,9.276604003904023,0.9951334806743084,3.155237175625284,0.6324584550090544,10.570555795224324,7
10.97383921416083,1.231115791568012,0.33905367346851867,0.9,0.11583430109477919,23.374233485269702,71.83197480091096,0.9972061873117869,3.0918109875660496,0.55830356822938,9.449608278193438,5
9.056301386520898,0.40929959476678396,0.32214971478520854,2.3475273187081065,0.10418253611687998,7.404853873334967,85.53017399855403,0.9978001445429493,3.215517966221424,0.66079468807267,10.616599200804803,7
7.353926385876786,0.6269102885794492,0.09022403463642668,2.1146906114400923,0.07703805984265324,20.474039629623945,30.117371974865826,0.9960595511750296,3.4884561904097104,0.4758508938013896,9.487981431270882,5
11.361889612546683,0.4222653943552725,0.36184428338110564,2.1893996390564627,0.09368437663101045,7.5592212360007585,31.110533517740535,0.9982732700626412,3.200617476713987,0.6762515091005236,11.01648622001402,6
6.222629694501613,0.4111857859777815,0.0,1.7205970255504308,0.07749114210023732,25.78746199525353,28.553185158235696,0.995088755224974,3.27501748997553,0.6473675598777962,10.379143361217539,4
8.608829704004647,0.6223705141983279,0.08663623220754216,2.571987962627453,0.07531938495483403,7.116704521278242,20.127408844942664,0.9987602240137351,3.427195908743048,0.4931614285272661,9.443705535251341,6
13.057976409121833,0.5896196050126067,0.7653336927519157,4.5454374279300325,0.07251179678513059,23.07962924348091,47.104738831071096,0.9941520059614153,3.007181177456303,0.6183787543126658,10.977654130760653,5
8.164936468341475,0.24910838054808876,0.23071470479645823,1.9999752976293552,0.05711808767100109,10.317630955867811,35.52690583949338,0.9947575061366832,3.6505984997426086,0.6754546391492686,13.049284718325628,7
8.275579593282696,0.5384184667349234,0.02150032307600097,2.027581120648272,0.07200030519828757,4.134346927807287,25.55469833671811,0.9963458450635372,3.1042954102848976,0.4380829630451523,9.823063146443053,5
7.47476343640216,0.49066576190449074,0.0623299499610811,2.1137812293026226,0.07742612109668327,10.392315993026356,46.6440811064908,0.9965195306702912,3.3167140666320662,0.6694588730134523,10.946855262380216,5
9.325595552255658,0.3238785646057919,0.3820065385482968,1.590503772765016,0.03641872986556903,2.5171275521698857,7.538616366521194,0.9953922895925829,3.177989341806437,0.6631173153428532,11.418267943374017,6
12.685289304056266,0.18055568300649716,0.6339397483268941,3.5961992341746734,0.13671084639178754,24.436962076177128,16.96226004198459,1.0008319870396791,3.0638396499916665,1.022735937856739,11.991191674764545,6
10.775611920104158,0.44055030682988,0.1082626324272504,3.0520125807521716,0.07161548100355006,28.778677723389404,62.748331747401025,0.9978548225100782,3.231869578083769,0.6962407791114209,10.055270993208246,6
7.304532026346571,0.7086583651214938,0.14766264937510074,2.44734593887893,0.08056397035118426,12.43177159095087,37.62006048000469,0.9948158907549629,3.26625077842619,0.7432208728851698,9.931558872933836,6
10.640731512864098,0.4001184961858062,0.5887356569411666,2.326413650123883,0.07867764912650008,11.727287927181305,55.30015696084336,0.997334995635885,3.1459377416939973,0.622931004481109,10.16868906300995,5
7.871232467625862,0.9111328166814621,0.3313746858397081,1.4275176367106275,0.10322365601873132,21.97859568089661,34.55672902266783,0.9971513819158895,3.1698166322301997,0.37,9.554498289081994,6
11.046933807876076,0.5114166437469747,0.49945004965570866,1.3375552714705587,0.09290959213133351,15.82710691843158,43.86798478276954,1.0002550175534035,3.3409328104068403,0.5739856193556784,10.520695159061516,6
6.956467396010513,1.1779989123906645,0.1964267290902467,4.989925276846807,0.09586669140368279,10.68875607358929,14.326255600553665,0.9956681176534652,3.362187875414896,0.6312213534115918,9.36134226345174,5
8.330279970101248,0.260883803661935,0.583365921991661,2.1590172481297003,0.11714165071210501,7.7811343918350255,17.241065612613017,0.9983803225625485,3.2179953535373977,0.7586831559799045,9.3938305623821,5
8.19276200468395,0.5472836527681988,0.04266242545219557,2.1456750494501557,0.1057479549431202,16.280090848293945,52.568752500395085,0.9994950863531683,3.0644082030686484,0.5316356184033173,9.913302666436547,6
7.144683130174342,0.5253866224265145,0.0,2.7595611847047294,0.060613256324807734,23.778724705035692,27.830247482105335,0.9964962133307722,3.2351644905139096,0.6007354797683762,8.972216342487563,5
7.329664518288091,0.7015828938924307,0.005641351104242562,2.742635270532437,0.0809223633242889,15.3632707466426,15.588001321469825,0.9926112460938836,3.5718938537132177,0.5480279602757989,9.960558706168563,5
7.58813436290663,0.2861208838546281,0.20185455447138273,2.619846292848195,0.04844768233955134,55.053735860496914,102.2326584948708,0.9945577520867278,3.3144241520526894,0.5754227178759965,9.376362456240388,6
7.783192976536423,0.6895915176638464,0.0,2.0426680414655265,0.15713733828866278,24.67594297047607,45.8356039105789,0.996665255660334,3.160221210776267,0.8520347389786447,9.609831117372774,5
10.091862056262965,0.35183443728222097,0.4103861610183966,2.7080348213227623,0.09023736737136917,5.311574963054923,14.556001546198171,0.9953343057254979,3.2165631700358555,0.7743200419248608,12.09449614724297,7
7.478168131624548,0.6303522331212944,0.33814939963717483,1.611009897006099,0.08545712481035861,6.760398412448977,17.676567041877785,0.9975007063160747,3.338249096875023,0.637695266826503,9.774031251995892,5
8.531499772134412,0.7112434660085564,0.5691903579687423,1.822041492955275,0.12840105018541298,30.794429408958248,116.13992966050913,0.9967875822974303,3.294051245333397,0.6387663772552693,9.501715265769295,5
6.577046516772356,0.5488419370676323,0.1108923907477807,2.436310658674413,0.10088240397557251,20.32178182405932,43.06167282468883,0.9950730678415467,3.5040884405297668,0.5762788307485281,11.460232092149278,4
7.73604601369458,0.17385824608265738,0.0,3.5595986670579625,0.09405946823994499,14.969183416660714,35.548101168756084,0.9964911239462617,3.478442103565388,0.6529287101616192,11.288108495892256,6
9.703732726386587,0.35471082215066424,0.4685003212170829,2.020066913092769,0.03733052418922172,28.796126778052596,28.468901743508447,0.9951028360053535,3.235716795825716,0.6256691685582194,12.611847676862308,6
8.892417776333867,0.4466713665568169,0.34284761662609736,0.9,0.11568780288743466,5.765023975979482,11.017304639838207,0.9964613899932607,3.1181580771473953,0.7807872887759436,8.546446085735978,7
9.888598546000381,0.28200562576434407,0.5135372677974895,6.155785758726252,0.09360712033141495,1.0,32.52740623625662,0.9989464420652214,3.271549684240403,0.5571926990617948,11.705697235585438,7
7.068206706777008,0.5958267102060555,0.19144376665677126,2.0845689075258833,0.09227110768217357,22.329383166251844,128.05607049174884,0.9960792059026936,3.0864161470417146,0.6368203243240864,10.86223619332057,4
7.738431031052481,0.4161985635453407,0.22146701305418906,2.906699185098465,0.09704226881823319,16.38219399483493,50.343583510001196,0.9980499792509738,3.384980844505935,0.6455620678082579,9.60124975046185,6
7.395191991692362,0.3433711846784888,0.0,2.931324577274842,0.08740294467146094,17.92817877274078,90.06340942907002,0.9967361327196419,3.592803185130612,0.7181769097415303,9.591253528291206,5
6.621762073088068,0.39522208154668226,0.13626541542741313,1.4962279475985933,0.10676296228332005,22.751538296186567,30.99800754981289,0.9952284417017782,3.5819400426808112,0.6934658332438284,9.934798909314535,5
7.604248873440691,0.5049561356681378,0.021316074011036773,2.1604694551837533,0.07507398748376035,33.65131212184495,96.60751054250699,0.9960433948679879,3.387357343303226,0.48976314003554633,11.922829158465362,6
6.187680440924524,1.0905394781925497,0.003990556690985837,1.5701320940555417,0.12291405713187936,6.597227570573559,26.688432946128835,0.995796836035216,3.3048409881183307,0.37,9.356754404854739,5
6.800553116082829,0.7294750907182699,0.033094343609722354,2.0305050722205538,0.0673044922376068,29.201893535304954,21.444106938546263,0.9964287527062887,3.3854265060756803,0.6290269024562729,11.426392697339331,6
10.81009401405892,0.8249744434099326,0.3080384849721878,2.6552948217266437,0.09826279088743405,28.220893590132977,98.76811300409294,1.0004847071046885,3.3043293896664343,0.7064568032980976,11.083304189308015,5
8.292909080324874,0.3349478867301818,0.2791357401347727,2.893674618595881,0.11316394761745904,30.480311651304646,76.4546283008668,0.9998306574760587,3.2001421101925542,0.37,9.474327031797344,5
7.087280965893295,0.5051487413247827,0.06435889663625222,1.8451846729574872,0.06424916851806628,7.8754499240043945,6.0,0.9966143759985766,3.2029462319550897,0.5398529801168546,10.942546061613761,6
6.875975629622252,0.2512241076377522,0.4810283660794391,3.8864201642796337,0.08286137764254829,19.725382873861633,65.21650209224707,0.9973990404472908,3.3143240392885978,0.7228477220192869,11.122438373359714,6
10.5565803542585,0.3569803762671785,0.4986478927197794,2.4884280189175376,0.06850846540450155,9.987459209211293,22.17762688098939,0.9961899140939582,3.208903104050684,0.7849844057951509,11.470237043182017,6
9.777602081809942,0.3052963150918734,0.5184095042608707,1.9002189162984553,0.10616812816492346,12.919552024349219,20.15850433028998,0.9964034915507874,3.2955259217159325,0.8830279568117521,10.630453435351964,7
6.148750932943548,0.2728017266583342,0.07706668893469068,2.098517464747841,0.08700792147292744,43.97666268147789,55.306070198074984,0.9942059738059618,3.626546640870226,0.7783707729035982,10.956447154721237,7
6.703329551882195,0.6226148244732972,0.2510638560099924,1.996013615037724,0.08277847028207934,14.057170435766025,108.09383289660465,0.9958184649245992,3.2200762434286765,0.6875530601414852,9.92006296171689,6
10.128851142780544,0.5439852554402199,0.09930601699987612,1.8242076500312376,0.10531317310448696,24.56225756492586,141.37624337379538,1.000430177906876,3.37191475373496,0.7370070911571907,9.93111165952422,5
11.39292313472947,0.3409986195942963,0.5735330442885546,2.731501471637599,0.0752042589942644,1.0,59.6232394334067,0.9971755862315739,3.039241498202146,0.6583122540795591,10.16788965863185,6
6.325995568408587,0.5572171362222424,0.09279484075804093,2.282495258330814,0.07134426126916475,17.232785443932688,38.549988584086385,0.9964514839281651,3.52964370706267,0.7097003254643093,10.612464151839372,5
10.298724024062759,0.45880694279988976,0.3636262348674053,2.588945521778914,0.08745141344769071,7.289265605661303,58.44124767495336,0.9990983828739962,3.1743546512135654,0.6170853819288903,9.580455588711276,5
8.656548398530324,0.5569654279944685,0.37593813515728247,2.41436285571323,0.09221160846499821,4.018887297249991,6.0,0.998293735627678,3.244641916390142,0.5583173084571746,10.04282703508896,6
10.51135782619135,0.36381763725260896,0.5026809791385604,2.2979889525346455,0.0752934029751247,5.256029817895598,23.2248573938018,0.996692753388214,3.10675198172693,0.7970489782316598,11.358719437190574,5
8.247883212272331,0.652830062415764,0.3171110064426801,0.9,0.126467827321097,12.53721450233483,35.41407550796613,0.9972280208221258,3.7624511525175564,0.4766895845403943,10.260782287553893,4
7.0854754134891635,0.4065810929365444,0.468622483958955,3.4372739924130835,0.06643998358324428,25.514583413955556,98.53830932704452,0.9954354750652279,3.427907053550263,0.6084638393479813,12.558077383002507,5
7.246864700269437,1.2060778418379972,0.10445041842707811,1.7304633615800218,0.06740519229699372,20.49719481299502,41.82376636198451,0.9974663988730289,3.36690812678404,0.5588051713053311,9.562029009440637,7
9.331455733808259,0.3877635533812198,0.36074837051443454,4.404988011362084,0.08787325587652936,6.337546488970414,35.61223838405144,0.9944332159780773,3.2019339119137107,0.5659185276481937,11.840437607849044,7
6.730742506974492,0.5663864397578552,0.07349430993528198,2.3793875012197683,0.07191162683860973,9.207087041004648,77.60497373122374,0.9973011811204207,3.4514227466071805,0.6659701066849238,10.09057459616918,5
5.9347999590815,0.5538967113231708,0.2190076345375409,2.3562942074135393,0.07224750488189455,16.3000851465957,26.11899860198314,0.996182085991203,3.3460216009130255,0.5168978486196033,10.761706871190436,6
6.0991112273399,0.4785550306707897,0.0,7.4498085420995555,0.07153650882430765,4.729364287381472,176.00190959475253,0.9948745195146254,3.5024953627134616,0.6257744264846974,10.806804552783078,4
9.768651651994892,0.7193192256112173,0.50302303710695,3.475311319506493,0.11608828752915114,29.463917151956004,6.0,0.998911641524196,3.1591182192983376,0.8277427695884351,10.092995688870733,5
8.65016143416762,0.39589139407182455,0.43782066530607616,1.4483397832372686,0.18280566861129163,1.0,89.12431512107503,0.9967514936779432,3.0651639470615755,1.02826010877769,9.651800590555945,5
6.228507194372832,0.5166548823769322,0.0,3.1327354645846297,0.05612510153527573,24.14751197521225,58.152973374693644,0.9933856025844342,3.471102196460156,0.5179996299513252,12.447558407373263,7
9.459254122357756,0.6241669144074585,0.6159234518191055,3.0965968746931987,0.09044174066075181,3.6559401716017383,55.93349181616358,0.9981127364399538,3.204961267632632,0.472384774940559,9.342149337206829,5
8.211471808692897,0.5412676190356078,0.3547939865309049,2.728621172662159,0.10671285163344235,1.0,12.883763109697387,0.9962560758103881,3.230568057693616,1.1700509585295438,8.864141040366158,5
10.417958152878295,0.3054033039468336,0.4244970662354306,2.9641688613743655,0.12425610266314953,1.4197318392293319,46.32249661823223,1.002109804219905,3.1759537855278674,0.6297676755019107,8.4,5
7.111370801457424,0.5339412791389263,0.42460457699500853,1.6219047347394828,0.07653089278703475,21.6432562541669,65.11823971698095,0.9944806298877986,3.4545363058047394,0.699849416214075,11.157303155396141,6
12.06926303358583,0.5404474958649915,0.6976382301722052,2.921008871853263,0.12438838442270501,7.838617938342042,64.62308424027451,0.9987282251133395,3.296336731176953,0.596765137319262,10.848359791828878,5
9.405946553669887,0.4700791284390723,0.2322252729525459,1.884207296234631,0.07762470650992445,5.89759700099636,25.365088457904722,0.9974318221836246,3.0273388375807144,0.726980269109193,11.878042924576484,6
9.852331720296819,0.6409641553137141,0.28507185361486487,2.4703922402724547,0.10941440603198152,9.458265758873186,34.887577064956616,0.9977354445631151,3.2223203138836474,0.5555937196401306,10.061532319221483,5
5.669956099079127,0.4553998181707794,0.15970447082621014,2.2281790644153086,0.059416764084738505,26.393719921954478,55.10602025127753,0.9930769757625351,3.4038125256219356,0.541916809442953,11.706147124225355,5
7.506003776162236,0.8442345411282679,0.0,2.0624206089398713,0.07748982399334543,11.723676201331482,30.097025902138533,0.996908396541896,3.51,0.7331958304154723,10.96778281929828,5
7.330612501727616,0.7446962927620763,0.4400972044770182,2.5058837503467717,0.10564072948028036,10.885750090398183,51.780966556928504,0.996049426382702,3.1476738179604657,0.5223791174796335,9.845946142733704,6
7.507749788108699,0.6164947049631794,0.2613898442443995,1.5097391179979414,0.2726905313868761,31.01255988636265,70.23655652499392,0.9983290696378466,3.235169053400772,0.7998104525120016,9.26664203943867,5
7.532810436607568,0.36649261605026945,0.3228948972825869,4.302402894287786,0.10763998417032711,18.18616141831621,43.246309677348414,0.9973842495890928,3.394212840968724,0.740737659671123,10.88760560491634,6
7.240653769973023,0.44939511339678234,0.43529549428952197,2.5795647322780253,0.06706124583767505,9.811232923194172,40.574020557628536,0.99555027346104,3.2815434139911113,0.4866312620793792,9.36395359533705,6
8.364793068129746,0.65696198309905,0.3917278817755759,0.9,0.05396097096276144,10.416048838597355,6.0,0.9937234074249319,3.409705488039882,0.7073846515978219,12.262201248299075,5
8.520496282925867,0.6819152132043307,0.12019649627456014,2.765449704471781,0.07582425976450066,26.46683879709854,34.55325726687751,1.0017114765343242,3.3431824914140655,0.7802652427273855,13.021950871414747,6
5.285140270624192,0.6571504784894759,0.1346926361563465,2.150805880076021,0.05894461647872026,25.68165215384255,18.287403129646826,0.9922716069061958,3.9365103126623087,0.6156601034141842,12.497336521670215,4
7.090655803882127,0.4141862976742142,0.33222467060017424,2.252555016597335,0.0702124216165522,10.795735837480253,31.798656038612528,0.9990383152477217,3.269014101530654,0.5532268639238656,9.518047990116989,6
10.311363813655243,0.48333386233898623,0.7560199725005414,3.770756328091749,0.09474726878328811,42.125943457438304,22.8638760770351,0.9993264357015325,3.2546364991378773,0.8737561420696176,9.366624976181301,7
5.5175063554859385,0.2240312268898399,0.0,2.2031873172740406,0.09807180085072971,5.528501601030925,19.23643660417967,0.9953445455003638,3.370209710377281,0.6477800877040109,9.798215401224974,5
7.887422991540269,0.6844922960168428,0.25275788811994143,2.698742420194421,0.0748849051762582,25.67814862661735,93.83372608667806,0.9972648384467073,3.269391855266698,0.5360901326104138,9.688966936924269,5
9.694372946443,0.5826994342621773,0.4469255809869386,2.5457994541903317,0.07115664964942597,22.076569321897928,34.55506708444682,1.0002705523632704,3.1984734192097064,0.5555483855509161,9.50019575117854,3
11.091516438348298,0.33482122581794316,0.3550170244986717,1.4569349101668019,0.10579490599002947,1.9126590477278764,13.352690319555883,0.9981285598453088,3.279988325667573,0.8558516672937742,9.991433523464735,7
7.005143633775499,0.48059658693919605,0.17642638353407314,1.3739449562828467,0.05755098959032906,12.106949395287733,6.492406204740842,0.9986698607241538,3.142897142509743,0.7086147754437951,10.060785137468313,6
8.431187470662795,0.6904264823673691,0.1764905875029898,1.5331182391975022,0.06317080247282165,10.644439510021122,53.145473972401966,0.9970799188352303,3.478397219936401,0.7925594056799254,9.547764303187382,6
10.744870395142296,0.21803740094812624,0.4895592084594723,0.9,0.26111816518596126,5.696195918927945,115.12584337895044,1.00369,3.2192195982651697,0.6242792755334504,8.964768463190458,6
7.578765598582742,0.4915809847449063,0.5270213905181468,7.672994781025827,0.09337245001722737,23.689932776654203,83.46242391303524,0.9979053550378676,3.28466997333436,0.514660154103718,10.3134954271613,5
10.434431486784868,0.6372573116203168,0.6317959748222183,2.772964169446954,0.1044427867323913,13.386152559982623,29.805573916595534,0.9995739664903591,3.1696714778220265,0.6262468380298956,9.690274493459563,5
6.985660720490344,0.34921531064876515,0.3070065767426084,2.1208557876522574,0.079676081676217,43.83617620209823,72.18559392462552,0.9970104153059545,3.2723288404093833,0.6977621646468982,9.383602476704358,5
10.45241632028013,0.6764602799543877,0.30834566411324316,4.6098992027214205,0.11561317554643465,19.769822086492226,93.53106181495895,1.000814050938716,3.332495899074126,0.7644737049113253,9.865835390369755,6
7.844196551633881,0.6815067254375717,0.17123564469254676,2.461841441334114,0.07398598572019857,9.584588669530607,52.25700730013723,0.994608615876675,3.1759297068348693,0.45333596416649324,9.634503796773581,6
10.837252697654996,0.442151476444907,0.4899410339816835,2.9351702866839378,0.08147330652532717,26.93744195029364,16.19280553678494,0.9988809709116977,3.193108105285043,0.6594290632897721,10.115826775640677,4
6.794625432455983,0.6637071348648321,0.03416690277619039,1.8219354319292327,0.0625774914374992,8.769245215340895,29.86443050098092,0.9950808629060971,3.234509409962849,0.43549746612582635,9.585897976949077,6
9.407735317619327,0.846407639780918,0.1636832331726422,2.376504314053218,0.07852928011880744,38.086274390991726,88.49085534809373,0.9983444173510077,3.101670016076883,0.5381470037459837,9.259939709030256,5
7.151716192576219,0.7277670032535531,0.13461080562901612,6.369313668060501,0.14855153927599335,15.770433367174794,15.458782261552042,0.9959477689876508,3.42485588282236,0.5968749299362887,9.429392058514967,7
7.124361817720434,0.7102719613382106,0.0,2.1861761128866917,0.10659463864286481,7.181932410910707,6.0,0.9983115882369236,3.199517193120908,0.6335877647862836,9.221651578318363,5
9.883047251565905,0.45842059396564033,0.46387363331809256,2.952041450791416,0.08208155338746093,18.61590708548255,17.0436133405414,0.9976560698402968,3.3488302579642593,1.2648096155651378,10.579861872654652,5
9.101880278509334,0.8665395672618847,0.35259752142725076,1.3958180529445623,0.07147911385000838,15.903010588304141,58.794038378844874,0.9948839362780649,3.133129371416492,0.41350076453944307,9.262161580707305,5
10.661389173419911,0.21888678402371559,0.2660101139652059,4.199624295733059,0.11029339376017615,11.990375314786741,6.0,0.9973484956833749,3.238149986254904,1.3144144373985596,9.52399661221054,6
10.540241092133433,0.4294120443943066,0.4289704117771194,3.4063637067021046,0.08763774158611963,9.585103528989192,98.02202553008217,0.999295001472245,3.2621995868147167,0.48386842207933245,9.704646478884667,4
10.464057893461181,0.7516988799337156,0.3804818222257983,2.1597260090787427,0.0851844701900514,32.27047761155333,133.35129996100824,0.9977991941917759,3.1966647387334195,0.6635841270037395,10.195326208527883,6
8.774800077880998,0.6801664686190145,0.08587786739442937,4.445273839602465,0.1013522954969444,23.729952577363374,149.67390128224827,0.9968705408152415,3.347411560670034,0.668623955741701,9.760686136932623,5
9.631973373344778,0.42280965107901836,0.43350539290250056,3.006398224812869,0.06692913639794437,18.49048977832228,33.35172337474725,0.9964536625754048,3.129803115410004,0.7318120795833838,9.436031163339399,6
7.878094495824793,0.6035727857724297,0.0708150854786975,2.0355106614823604,0.07772456939522976,14.770388536344644,76.06493391745266,0.9973565919866216,3.2767741022142642,0.513114776047126,9.525390367129381,6
7.8526147965431825,0.7737038183093611,0.06322620690316721,2.385130920488982,0.07989248991146575,9.53487419125344,24.35444897406367,0.997685594329098,3.2533183816906632,0.48898067310471943,9.920378521861922,4
7.0250954373228796,0.7747831953740181,0.2767381996005316,2.050094890757892,0.07695133207842446,9.167831510798642,67.95192352133232,0.9975325572062563,3.426680172677367,0.49891933774802777,10.240117072491111,6
7.48231057481465,0.6739499623987336,0.3669682425712192,2.2386092640373514,0.13475329023093222,21.4800954974557,114.99708399545418,0.9969647271010329,3.3929294120132387,0.5857239378465517,10.148048134184819,5
6.643736082657013,0.4130441060967107,0.04061426861754894,2.081095052552417,0.06700326734089647,15.11488932494387,57.39841803552173,0.9940720755697957,3.140848499304091,0.621245186625773,11.424656468059373,6
7.46711237350881,0.4922056740466295,0.2843473929909066,7.427939440265373,0.14893924032762346,51.8530795583377,90.91475079884427,1.0011767863283114,3.210484062465949,0.7238715991676647,9.595866189064836,5
8.043630553215321,0.6018276588166017,0.1792529875068872,1.971536356456369,0.07819904091282702,14.448633427317274,76.42188450464687,0.9959950964016387,3.2252345777843177,0.5766536240594772,9.704985078276565,4
12.187127233410713,0.3120318558364969,0.48780294063755375,3.489204391939891,0.09145622358883951,17.60155810186489,65.33570311741812,0.9977685231839447,3.1384686360334846,1.0321624038570825,9.991683647465514,6
10.985689953855694,0.7208276271893577,0.3479518084847647,9.066252958520135,0.12813720819106117,11.197623113745415,64.2965943776538,0.9966812219843835,3.4181638940256387,0.770138401258978,11.103502146714671,5
6.83102714006607,0.4637434049619999,0.16980291585285817,1.5067002181818827,0.07965067252548282,30.344886398418826,85.04468499321332,0.9954924433688748,3.211837751133911,0.6138108942190971,9.389556209908802,5
7.743963753636127,0.3935247042268933,0.1574515422998667,2.249178246142696,0.12785014929263008,24.199861553035475,23.28513002346189,0.999176711213669,3.22139567563812,1.3739882931373877,9.625452519664693,4
9.033278996894802,0.3997385399685486,0.3469012510106021,1.8963244809788493,0.12989545541282774,5.1477856374290525,13.108445929601277,0.9990366979801462,3.3354593807924062,0.6837072486439131,10.211576554371455,6
9.143510402562452,0.34695725874040184,0.44941555932137556,1.5791429477043093,0.07595520018372609,1.0,8.39820890207293,0.9948632320453485,3.2055250830367523,0.48926443134509345,11.847466668593144,5
5.764499538505354,0.3739361619902023,0.11667959908586117,2.2028372582268188,0.12570081753009887,3.1318181268859036,21.78477099436911,0.9954745541391633,3.7231614559234583,0.546355687003172,10.516376288095769,5
5.376906527388657,0.4220457026986743,0.6488555076628244,2.0630418519304765,0.05882484552980717,4.010419751962065,15.280846432918835,0.9973015864991241,3.319238649548782,0.719963198825278,10.852452477699341,6
6.597552174361004,0.7242362425771467,0.1871247290042258,7.850713479129024,0.05832201891031673,48.66229221816907,55.422097646633866,0.996924170311863,3.3760620406773603,0.5264995389217505,11.122284054472303,6
6.223667165039844,0.5721829401758105,0.0,2.2162101349767713,0.07298968965406454,15.932494573864515,28.144663457395552,0.9957863631344389,3.4589161899088476,0.8187345990993107,11.85979148507587,6
4.762358941471396,0.6227545033509656,0.3201596396734168,1.5037209056624203,0.09117266802130619,5.855166114222885,20.40694298767165,0.9977796488952736,3.1106575078799716,0.7190499821664886,10.409096870230803,5
9.922403455290828,0.7404625778737609,0.36640782481120904,3.8168096482243543,0.11993580429219698,8.134745715560701,41.42627842901064,0.9971609836997313,3.149971900702243,0.9030503160566626,9.211379021642724,6
7.969539167302485,0.5161855600705367,0.2737895697939821,3.302103258903,0.0799020189901667,20.94144155856348,48.08356724872523,0.9976156148318791,3.5226328169453662,0.6329993852002537,10.161938476527643,6
6.5323389185686835,0.5855169570402454,0.16879253536206246,2.4633228358605423,0.07613788857995313,20.142782387879794,83.48238400851378,0.995907096667474,3.543405458354343,0.649453020403254,10.282171577561948,5
8.31968996125113,0.7379827335695394,0.564179976717158,1.564788799358811,0.10809857444182261,2.5047898149896692,20.831337826818654,0.9984604006010742,3.2862104703072066,0.612603564222391,9.760098435828889,5
6.796363165600431,0.6353581520853828,0.1502079104045813,1.8384889539153089,0.08052498718278708,10.83880361472351,17.75025391259496,0.9952109166923591,3.5181240511717866,0.6356245347858632,8.6904480059497,4
9.82430481436911,0.300387108191483,0.40502329794594527,1.4971463556821583,0.07476649301058251,10.009150648881263,37.8459000324836,0.9961650880502839,3.2300392148533046,0.5987773249746372,10.627846960417727,6
7.09148060029442,0.43515119816886294,0.3780968383942688,5.1230739551012645,0.09293511734713424,48.1402992842347,104.40819267345373,0.9945818463129756,3.373581786401829,0.6845930202120244,12.081933203978958,5
7.031618019921761,0.41697134991455714,0.16116677717400713,2.9777181950446465,0.06987228544541875,15.6341126237385,56.9794263028334,0.9984908603164803,3.3896643887097397,0.6461478269753484,9.82841423762395,5
7.90771671051564,0.2183370499125119,0.12337353206537002,3.24466582211552,0.06829559429756846,3.1614600282659433,14.190366272509522,0.994367274399836,3.346668884295144,0.714344369098423,11.703421805055864,6
7.620105883815584,0.6375595231747926,0.08831680152567672,2.304348684606421,0.08107180568505633,9.066428940288048,30.91219296110098,0.9976935814019214,3.4051412941491352,0.5189044708526248,9.420865799295449,6
8.243171295256856,0.7319835606041177,0.02995664431781983,2.1810878934645404,0.09399491376699767,17.228411779419293,60.576389993965364,0.9964120082860828,3.4317368739211047,0.5372224329469614,9.566966653608993,4
8.719185228755036,0.8260132392532273,0.11054239119183014,2.1974179230624022,0.08490234317170563,19.143119138831423,23.99878412771266,0.9958505492587422,3.2097853612500793,0.6295584415756542,9.625293267417032,4
8.151009400691448,0.6523836948065947,0.1448715228220191,2.290200962371819,0.10023551796578245,22.36872015157815,110.12983221495442,0.9974104731391552,3.209446802579079,0.6369633085402288,9.318703866607374,6
10.682611858836056,0.47978874230628854,0.4059756439289608,7.022033336892843,0.1503342240075176,4.1803088432055935,10.033067640182972,0.9992291940110111,3.148065482113424,0.7426068874994577,8.4,6
7.139013085360284,0.6219074229660068,0.1956443890219307,1.9848668126561582,0.08066547126443875,13.2403284205356,76.13224600309871,0.9962400787626985,3.2467099985350263,0.504313851617116,8.677851049004836,5
9.32762960806787,0.7139325911653835,0.2579287890157451,2.7183460057068594,0.08693138075299182,7.336339818285348,26.273014840860274,0.9963184802915179,3.224516747975176,0.6068206488496577,9.710407342258675,5
7.199068677210241,0.5293048235151335,0.32775920489726823,1.9107151499193056,0.07072554085856686,13.894263092135898,88.5331422926001,0.995868814812618,3.306391763807052,0.5918483695769201,9.646941809324776,5
8.898059007852172,0.9987307272165828,0.2193181601580121,2.5683726905767403,0.09125034271963718,11.386384689758325,76.34415456991832,1.0002428528105072,3.1843185300345165,0.6950599543188809,10.757657276218627,5
6.192570865480835,0.37950487253843584,0.2916464706818285,3.9947331144629064,0.0993662268161904,21.336836571418246,48.9432240077185,0.9947253100695331,3.140192559164377,0.847991186702729,10.84997674226043,7
6.375632299511782,0.3966118789024287,0.45924067640564026,3.86371613681937,0.06440129698474864,20.290192784974153,66.98622030489649,0.99448458456851,3.3375439770053843,0.6612723074584523,11.88303191477592,5
7.764440296837378,0.5619891588148204,0.2185740605519694,2.3386027371846567,0.08865412502754416,25.143659424825216,24.472916363361527,0.9976460166371358,3.309953902383424,0.6250675300435564,10.358801878410954,6
8.207942223908777,0.40590939975786394,0.6160403096369871,1.9086803643927468,0.26325949124576553,11.931876922076738,43.39372634714207,0.9961955244472316,3.106710829215112,1.1440827735313892,9.321285438590696,6
10.018791977720548,0.5423703512967434,0.3973220848459618,1.5548670380045597,0.08275122894406205,1.0,36.18262114710914,0.9988926838720611,3.145676309833507,0.6685579752237228,10.296211845724647,6
9.703023836168935,0.4801657077531032,0.3981134849512184,4.154145107436619,0.08471792237055589,22.95867822577982,36.42297881839543,0.9972599477728413,3.172777280282168,0.4646766092572574,10.479970360115496,5
6.840307821543345,0.5101052786901654,0.21154169998144187,1.8721037297495482,0.07057115034308925,10.69612311412797,30.164587922619546,0.9938358425888606,3.628076182527468,0.7017668571034666,13.381582241747369,5
6.597106124158149,0.6773415005541665,0.2749490844721415,1.8323014462713303,0.06758787393763252,16.03195779321918,63.4946373796317,0.9933100487068871,3.3615570096283385,0.7376198758107938,10.30347162316908,6
9.155091578433888,0.48865990377265794,0.5148074147239414,2.854501378803467,0.07840814840356403,8.053595258174878,29.965002103463124,0.9964871201893769,3.041788793080772,0.8305596603868058,10.325888722435364,6
9.316333291242922,0.4392477397865369,0.5004872669216286,1.5228579334688055,0.10125382462184254,14.467628783530435,60.195473906087386,0.9964757870124119,3.3703454386614493,0.5864883125109855,11.251912100789678,4
6.4890489284985176,0.46910913131228454,0.0007805632089074319,1.5779544481098566,0.04610639204092672,40.35548806648161,29.246577183845552,0.995650998228184,3.3347984530471657,0.5437970072884518,11.290762748202077,5
6.86480117724504,0.627289212004163,0.23606242769923677,2.202947220644309,0.06190114841897636,15.220964455248291,56.03551731117389,0.9965556566166989,3.382900958593327,0.5876018695867868,10.454213702882033,4
10.538051728894194,0.16,0.18310159059273218,6.585707071027235,0.012,5.748373641539769,8.706284294099108,0.9970363680045882,3.1851708411861375,0.7732633893497908,10.134749481198194,5
7.189317347433289,0.355961029876604,0.5516158061710609,6.3234959778166875,0.07997186973514435,56.20714727743551,17.851175786458455,0.99709381633046,3.336277371608469,0.8270527061608874,8.4,5
7.743462201750565,0.49942775754858365,0.31147078639846354,2.379092171100433,0.07507816124028766,7.581822529318765,26.37003453050809,1.0010774669370994,3.39682335530382,0.8121540471819573,12.928166504929838,6
5.53434136329415,0.463608249225587,0.08143475618447976,6.275270316886314,0.07796034923219826,27.350885034086424,21.157743035046387,0.9997591739139606,3.325316644151407,0.7041354927647412,10.252185358386429,7
8.436751541590073,0.7582885472788697,0.08414692897121114,1.8396920577261835,0.07628488705286202,10.841357796580962,26.079121496789387,0.9990061076548755,3.5187385192879588,0.6944552547610654,9.621928155331842,5
7.761298678486439,0.6397922760269696,0.04055992503708633,2.1374878018354804,0.07170181204472845,11.087539291348708,101.33898524546042,0.9956922518377862,3.245981940504037,0.8763062569660237,12.169974857052614,6
7.728084670948595,0.4100927130453544,0.2494729236578613,1.5734773029871776,0.06699405081714452,30.88777511654716,83.07180172324166,0.996093151975142,3.312838965559953,0.5944212854884534,9.44908124592884,5
6.933389015586623,0.6913672974944475,0.0,2.2347978370861052,0.11666947958146204,11.044833918797297,54.18584428965981,0.9963279072961762,3.563261657635958,0.6041432234962871,9.684669526136284,5
10.122936452451572,0.29783947970284613,0.5227349948318789,1.5448106116594158,0.054690979002547185,12.895823459171712,31.592516931925566,0.9936124825763439,3.138566272705222,0.5829254198983003,10.346720236161625,6
7.746305442539362,0.21476476393731964,0.36021224080799646,1.993557014064059,0.07174837019277819,1.0,22.666147024319944,0.9942839740892092,3.3216609014803233,0.7324110710319415,11.584671959255475,6
6.297458084756922,0.31482141206705916,0.4673079840473752,2.19389717295776,0.12718951803753362,3.73021706497971,13.300334670110988,0.9980546229885325,3.268802308710934,0.7535398560983667,11.353716318873857,7
8.345272202243267,0.7389816151725342,0.06420961272271816,2.0228396046020163,0.0885389982938928,4.912304782550317,35.98656064822176,0.9968507807510658,3.2202209358698552,0.7136867386484335,9.208124350815043,6
9.653258880254484,0.8442232502002227,0.3034343905898103,1.9618535040658742,0.06142560785022838,15.300925323815244,23.55134794934307,0.9977285187198067,3.1521573788228276,0.6894052739355702,9.81039555290073,4
6.962386254914374,0.6606307409595162,0.2655665153562709,1.8162420511733233,0.09241942736936065,17.997401502795604,84.39948764170732,0.9972449355826841,3.4319083033297724,0.7099701183381966,10.034817726066676,6
6.647216338436243,0.5811663808838976,0.1748114537891057,2.2124423447177577,0.09554702152702352,26.210609465954334,59.88010966371152,0.9943830269804328,3.1856714234376455,0.9069866662100516,9.557716730349687,6
7.5550338335006675,0.33799463309401434,0.3742016469332992,3.9063232664722025,0.06484438201809653,30.9541438578325,25.474286357918704,0.9980046038829014,3.141334315445956,0.5867392181543479,9.348391849654485,4
7.568997080431243,0.7667694404205601,0.019991835110143942,3.6611483056052525,0.07713065711568784,16.932245181067373,18.784658488618156,0.9969376319142028,3.2146830041674708,0.5339928430062024,10.516476417446572,4
7.727159807001834,0.9087875298283653,0.04326715798652593,3.2424799128665818,0.08239415253787855,14.543603630937538,41.084213601408564,1.0005399288580104,3.5639465535817685,0.8019223315568983,9.67052496355348,5
11.115124829862083,0.4380419571319454,0.49,4.075366994052243,0.07904532394119888,41.634310715391905,55.2730447404842,0.9979147403069751,3.243128857637503,0.5892895027877001,9.082065760115881,4
8.164917179026888,1.068127445454899,0.0,2.357779714168563,0.06278863764240311,29.311549233396235,58.241978550662466,0.9966998304353252,3.4074424845886937,0.6660711919482584,11.563488287687317,6
10.186928607661217,0.4279343582124759,0.38539848400131543,2.097259772487653,0.2931178814747493,1.0,28.428483849998173,1.000971592193601,3.1640550783432086,0.7672088053508513,8.770172644792709,6
13.74470679101311,0.2993227167199898,0.7536196307952341,3.002553789603259,0.07915271045272068,27.18502364028776,46.11928632619603,0.997508991701808,3.0577323905918483,0.7113000246380982,9.874172719790327,7
8.30128801423952,0.4404374259220506,0.3173736751533697,1.9054926212680214,0.06513969365105031,14.720270754915994,16.99481166963875,0.9947144422728683,3.125855906829628,0.8247908934520114,11.34112672320339,6
6.044563764779091,0.6583859476164283,0.025933385811262172,1.5283718915607287,0.11318998887518503,4.88078295314043,17.02223870034977,0.994987543961809,3.531009911763324,0.42384469921065354,10.055340478950567,5
6.747248661135562,0.4673542034432277,0.08056387553890244,1.6447976448694208,0.07021585648499533,30.467428830265206,6.0,0.9972643696897416,3.1842750792962495,0.5522474755989162,9.36476589960864,5
13.307769705475962,0.4579704194185662,0.5975558498852006,2.4053341417662324,0.07007549200891915,14.423242429634772,30.254041268863144,0.999972389887427,3.114324215222003,0.5520442582976477,8.829202303636468,6
9.918506161195412,0.788215898203301,0.3575567727329603,3.1068173249614004,0.2535222208737604,37.171250940177174,11.581266842964595,0.9966150647052514,2.86,0.8093910459421833,9.253048495248695,5
7.20076769440735,0.5992551761434751,0.009040299950294775,2.1671029553575636,0.13027331235639944,11.566786194755743,29.177032376870862,0.9970472324753282,3.4125584450276345,0.6358607625504029,8.938491111227293,6
9.20413966405541,0.31347566316720676,0.42942764771225456,1.5180200718350143,0.06168483104272773,1.0,6.0,0.9955113955781904,3.306508039732126,0.5457006525151021,11.554114653018768,5
8.686783002575872,0.6842607400055777,0.06195475602587949,3.0329248813122875,0.0765619279941546,6.035916071601066,56.900810400028845,0.997677936157991,3.270523993354109,0.7826458731446417,11.36963392001357,6
7.3059781694632315,0.7293062782390141,0.2230400049720514,2.264376540443372,0.08241069095501301,31.039923784305607,36.170412509249516,0.9994004899007678,3.4008111925441686,0.7499668799464526,10.245836715603401,5
7.201202403793941,0.4296107875409052,0.4142216912523772,1.6983309628971015,0.04587677253776296,13.946140869432625,67.82018655628245,0.9958498591725676,3.3162060312334734,0.5963268143011953,11.375383854364216,6
7.590646824391541,0.5229378602923346,0.37845018483519965,4.5584190310703585,0.07794592130256231,26.6561205144558,81.40212388194854,0.9989869098606722,3.2824951007731773,0.7924748035608875,9.55305393263036,5
9.772514554204855,0.2901463029366127,0.23518022575742673,2.042543918282073,0.07269720238410037,12.841227585735616,46.384281279516074,0.9956099645153751,3.2019007406521385,0.8462962386857185,11.602304710838537,7
7.333073282690251,0.6072232255311834,0.08020944203320238,4.989717857361997,0.012,27.99420532390113,144.8410172157091,0.9974210132797544,3.1516256381191954,1.2122221965194921,9.490096991345537,6
7.630051050554436,0.4773208834772086,0.18079216701097894,3.320014210399027,0.11606591301632392,23.616675339649582,125.86552211787092,0.9968969229892579,3.124927479283033,0.5608503941383391,9.143873284229423,5
6.440918049482449,0.7031767139947003,0.035983248615454204,2.041804932889804,0.08147058611728039,26.65552228681324,69.93076832140007,0.9955533210750995,3.3107539924843747,0.7456388552401181,10.692043724653075,5
6.484321501861158,0.8330427255559673,0.16271589849569018,2.1978547025546837,0.08802082008972105,14.157448390559267,33.875550517254695,0.996315821350068,3.4398193807170454,0.5396823771397838,9.991080081840831,5
10.09141466030939,0.460853734289818,0.3482380792396952,3.0558696279843693,0.17241116192352418,54.15180177950981,52.75339721834714,0.9984012552041073,3.133199303468,0.883719376437827,9.06561052576631,5
11.3401656426249,0.5797532243345884,0.5917324739197865,1.6676266376354638,0.07898470395895091,24.384892850087603,52.77662080739077,1.0000689776318692,3.0359148362077764,0.7405209046019521,9.892641531728122,5
9.635289378664782,0.48259891868607013,0.11889734960553572,3.3163726091556875,0.012,28.31557116792811,138.04772981680418,0.9977826728521468,3.3266653726857545,0.7102910627684977,9.48985603487539,5
7.805459625008743,0.4475142054721842,0.37548551161438537,4.358742550360969,0.13030874631755035,8.531043698658328,55.1184670485847,0.9970265624124287,3.2110472728814994,0.5999921109464235,12.423822588084505,5
7.493505916169973,0.3981921470007362,0.137510631763758,2.1254129203943446,0.07513765211114876,15.651512534502999,22.480731473217848,0.9959666620334421,3.5006065782584503,0.5896637681840132,10.852506337445385,6
7.7792226290182604,0.5621379151548238,0.24395396368188924,4.637193696151597,0.12868740980430454,39.48804153765668,101.26187775042628,0.996991314996753,3.202527030437916,0.46149803976397985,9.529256899378309,5
8.710297633392804,0.6958439268162465,0.17416421819493477,2.473553642890745,0.0911686348482784,1.0,40.80307961486334,0.9985609754101314,3.2771923724479635,0.6548269999912447,10.175745076558332,5
7.422861771235313,0.43123360696524643,0.12368304856350058,1.8233234905360933,0.051054549632124635,29.146627468349187,46.53895566309368,0.9944435971792716,3.3950442773739913,0.6635162961045007,11.224208476902731,5
6.803730303898358,0.8512500618531536,0.0631888579442322,3.1525615366604036,0.12412448720768453,15.428182523827807,54.837278713847226,0.9964601127185396,3.433772168029358,0.5595515973300589,10.117472141078746,6
10.564822035424953,0.46848593599425514,0.6091436749549706,2.6522864575768854,0.07296146694577607,25.417602900570174,53.05059947772262,0.9989822492106396,3.288446674094183,0.780953265369447,12.029684350306729,6
9.258633707316818,0.3168201611033021,0.340465856376586,1.7297774355982358,0.07789827131018788,22.640554525014483,27.41510388051472,0.9939160042007159,3.452267333171867,0.62384199293168,12.591675134469408,6
8.403759034464032,0.37950413355033774,0.21867354891380397,2.091248498971581,0.14074559343604762,6.5035170760637975,92.22319194706657,0.997223107375374,3.1238119287860413,1.4753898080253502,9.399951172917856,5
6.211845323107634,0.4409332571454653,0.1944520371199239,1.8329293098857737,0.08088794741090162,23.797506419879085,6.0,0.9962254813543676,3.3492241275960266,0.7208859164335979,9.42954532944088,5
9.827915973339833,0.7584884069757235,0.24514114301286918,5.158623978615086,0.051801942981577725,22.85130436636979,85.8922910314499,0.9951737871408384,3.318594707167097,0.6595958977457173,9.920283514474866,7
8.73229703363894,0.5746512425244863,0.4441993391616854,2.1686488870667215,0.1572126764823348,4.924759959613075,26.522495674081867,0.9991607503561482,3.342030235381001,0.8020990263517582,10.227127050706896,6
12.483537235794628,0.29202793717659137,0.4929186544742739,1.6042186148444908,0.07630852848203011,9.671639073699728,29.565887666472797,0.9978337895530747,3.0818741762204045,1.1243474372494457,10.749575806029485,7
8.23090113873957,0.5611502350779893,0.12014370822710199,2.50085980120022,0.08174014031339719,12.558578012590802,19.037908063862016,0.9963686968284624,3.0087593989021806,0.5957719214079856,10.313519116472301,6
10.954539994337587,0.4459064724725481,0.48279102271416785,1.6872303697797923,0.07527773654918529,7.733872537513278,47.20722167323208,1.0001750300370447,3.212693512448558,0.6529743595668563,12.707930356910692,5
6.863501754123576,0.34889914665016897,0.14540063130405417,2.0408878005208173,0.07275772697834997,30.58105003583239,74.04359534360344,0.9965526796880724,3.4788546116757635,0.6712744447295445,11.381549758685408,7
9.05171069811548,0.4703144318207108,0.5258810139871615,2.0325299437655926,0.0626087607437616,15.474484418943373,23.496780079864998,0.9943813608528256,3.2239075968283504,0.7461732462779719,12.400207654850373,6
8.662346863682526,0.7363601797170272,0.19552742261288403,2.428809809358275,0.15007220279704683,17.407540941126314,19.106783705434204,0.9992319116104986,3.356575733796054,0.6433018894506931,10.324874579216814,6
6.241561408498467,0.5639539912052294,0.0,1.4221353669419345,0.05874266341469667,12.479722617277979,54.52779866343429,0.9924684470772974,3.671812778001441,0.5319939337864896,13.088383723647127,5
7.789737233315245,0.4227524156826621,0.16407020255456561,1.1417425886658032,0.0664726276822131,15.482099071639935,35.80899517074338,0.9960466113785784,3.2270343036197158,0.546192165036351,12.091428305078741,6
8.930601225789642,0.3002491007664027,0.5667554015071983,2.2637589165960095,0.11542961533329399,27.35622173150309,18.20328896626276,0.9950602598568044,3.3789868998704327,0.6778303551186843,10.78336499015554,6
10.33935712713302,0.3432937671708731,0.6248081191032737,1.5013391697166887,0.08939159299330092,2.6333874103482344,19.549345368263573,0.9988643451557377,3.233116232187614,0.8024904443359173,12.848675950628836,6
13.680795334024738,0.7918453629248672,0.574849720233338,1.6062425288970459,0.09342526069144151,18.786815614540174,46.17070702590462,1.001267385610754,3.1361198080871384,0.48515642136256887,8.755394888435513,6
13.979562245113014,0.42030896491301467,0.0,7.567458531097195,0.0997180106768132,18.151271799779416,57.7191002630394,1.0013130914384627,2.9316657612174066,0.6512556105644709,10.703231036728646,4
8.23389508482897,0.5160052164571471,0.1225541286344279,2.2801078155449446,0.08338745974026023,5.963801075148514,30.76277667022353,0.9963950286683251,3.549953614466352,0.607545702044526,9.315384035938163,5
10.064718995443387,0.8578975300002394,0.24986753622236624,3.0826016147885023,0.10253381540776993,28.734417733002783,87.77875772564607,0.9976669344580914,3.2122178584696086,0.4950898414635459,9.386915502810705,5
8.184289573001056,0.5283751186564871,0.3112567784694532,2.005064390405452,0.08434792725463465,9.237401644919855,82.23792505023786,0.998174237446012,3.429835466035345,0.7697126336745372,10.576336706640065,6
11.574380636704241,0.4963924507502916,0.470291417681049,2.106038438769781,0.08755425645542567,11.972390995099845,37.89007876903787,0.999335601443113,3.035040763035674,0.5666530320752128,10.228315510797206,5
6.5829165669380805,0.8239293302973546,0.047020270348528716,2.834423620078826,0.11404681683671719,15.121767166541439,17.553239868546502,0.9987633250442539,3.4430323890713694,0.45223958436151834,9.66657145310057,5
9.978300976636524,0.4749136701870624,0.5067983532989592,0.9,0.09028680875424289,2.774851909691315,7.731337063418176,0.9970474710875382,3.1541330606599454,0.5846774766702315,10.795707497891563,6
6.8768692662649284,0.42282646836455473,0.4140184495325239,2.174940843482292,0.08187431319207253,16.362888203805053,46.6329883556757,0.9964108362125796,3.279628630486152,0.6120394326126922,9.44368102546214,6
6.564719312596476,0.6068214300703451,0.5137357816073332,2.688673670608395,0.06586778461113939,17.441152614693856,36.9291414575039,0.9961243185376573,3.374780084687118,0.5318669674891607,9.092002625132501,6
8.81625966379282,0.33634433765312993,0.2394906215493966,2.503443969511295,0.06120038228701835,3.1038928816112534,16.50337330088282,0.9931369550593184,3.204551342580698,0.5590431514332285,12.184633744215322,6
10.671728638881575,0.31584800707196675,0.3622643542282443,1.463032873335227,0.053779289782310974,19.129357794494684,47.11465437157776,0.9951496579284559,3.210393811546492,0.689361898098438,11.38086229717134,7
10.027056769278591,0.49286953491328683,0.221281204633492,2.7200942073112957,0.10316075934923352,20.61055442291478,96.45509229259483,0.9998688217672644,3.2655453584555323,0.7290908966548311,10.428199367874969,6
7.593872941100629,0.47517533410511154,0.1094107864290394,2.646823083651269,0.08228668554866561,21.26642096491828,30.123352479426583,0.9954042130375182,3.329178161169611,0.5898942972484557,11.359723392197235,6
7.193555835610768,0.32751484942547515,0.21597494490061392,2.6526696444626396,0.06719103003278214,16.155152632323777,30.98457504724728,0.9956564515489446,3.462878150644697,0.6274869287101839,11.56469849411325,6
8.81165919711539,0.4985575261932532,0.6673291652029283,3.2613937296496345,0.12624067439817455,11.737580133852903,33.88537987490716,0.9964599126752985,3.160306308657878,0.8410217409121111,12.335642580089015,7
8.048221886026047,0.39769556785462423,0.47579856366628526,1.5512077401143625,0.08840673739017585,34.32180002682768,205.78918051226805,0.9956761675476837,3.2696822515421182,0.6506753235349109,8.4,6
9.841825874067474,0.25399175964808784,0.5400591054242845,0.9,0.05875363414438099,16.961279620782538,158.05783878689317,0.9949771004216045,3.1771723096159294,0.5676119863976443,11.964919717656127,7
9.882304302015429,0.48643667643045,0.18212899311023045,3.1123728401783337,0.10193959367347465,17.68462936332977,73.51983544074162,0.9971710391383732,3.3753697730716326,0.5506447008217769,10.542598508888442,5
11.595261435359124,0.22703013000515335,0.5784146853738555,4.351472611030799,0.1056718772118827,7.6973593152384705,34.031903687291646,0.9940615051876421,3.0762748956138273,0.41526573563660873,11.752438176914744,8
7.555407792270774,0.74906654090319,0.0,1.23080479481418,0.050268431985450696,8.26478626773347,14.390579905169792,0.9974189886732179,3.434324619768706,0.8307365032635483,9.949656850889147,5
10.721654101687337,0.5706615824986332,0.6625813635863231,2.1221120219818332,0.1324510438102096,4.440036761509022,23.359707733684104,0.9999845879681389,3.041918495809166,0.9170384997003111,8.4,6
10.993723384525472,0.4556977363704431,0.22284648866656667,3.0821548267036922,0.09933892711108824,31.068909141064253,53.70473820568279,0.9958849578274284,3.188990189912128,0.6295034654487373,9.715535650456244,5
10.036960827256209,0.5787967512032415,0.22379145494466773,4.851291260281805,0.06589818685509742,39.81247800533231,75.65770708622938,0.9986185952094034,3.3277301073127012,0.6091071743226871,10.009516859646993,6
7.478367351181512,0.4972803306472839,0.3116885700528443,5.190668706592566,0.16056833713168953,13.747074004655314,90.44240559612254,0.9958956499762541,3.1798053500216152,0.6897310132554294,9.716184625624365,5
6.835801582434828,0.5738295332959151,0.0,3.7677374336301828,0.06562743656811021,25.589630267906564,35.59616159417689,0.9990914704091198,3.5174176020631642,0.5632186340138797,10.023805064312704,5
13.45030797096495,0.5969715128194462,0.35477989558661993,1.7533077639148609,0.10202091065490637,12.06225497608221,62.855170213148504,1.00110741927709,2.9505100100923563,0.5719972880685816,10.016211411852272,5
7.917315972180053,0.5364985301890351,0.40804970348604697,0.9,0.11555150479141513,18.801246607368373,66.09482698215744,0.9981958173090626,3.1819040276732293,0.5812890384548708,9.670940539671077,5
7.049464637752224,0.6627001860713944,0.0,3.3545266928834794,0.07836604277834694,18.458681835716106,22.604983180689743,0.9967798028971588,3.2583484487802603,0.5850797213747783,10.162191857027087,6
6.764472228678558,0.7404760504703285,0.0,1.9129958792519695,0.06867190419776097,15.857302481483462,43.127673011089016,0.9924939979591338,3.4767752428168914,0.6282908799166553,11.278786357652336,6
7.978095028900593,0.4793237729831696,0.34326982197667816,2.1603666160090724,0.039416182976530566,10.687170337444696,21.10558135632647,0.9960627436074132,3.3656428667491385,0.7984434284897189,11.611507607657224,7
7.95448426371265,0.6159285179720653,0.0,1.938012598193681,0.10294904310823583,9.645655866728614,22.277380125897587,1.0015500431821627,3.452932660131874,0.6974641829212345,9.35089846045973,6
7.1564558493973,0.6577164375502605,0.43949616524150914,0.9684565363405813,0.050532940652298956,17.14233576215052,151.31558744225822,0.9953795940155029,3.300967377067897,0.6454106829936305,9.960340285192606,5
6.9009284460837925,0.8315969573520814,0.0007740820016667246,1.283840621982003,0.07555586072159699,19.351842920236038,30.944476372065044,0.996393008008419,3.3557558376118606,0.7476997309034393,9.178987366122572,5
8.47988601105952,0.8001611528740611,0.15082920187876545,2.1786852050579437,0.06343847312995618,16.180961791911688,54.18825831766775,0.9944557878610065,3.6192087732244924,0.6161055885667335,12.420697800918067,6
10.4424478724541,0.46964219784528066,0.455678163616234,1.4607047780911406,0.021078342597693006,10.507863042797519,71.32705305339005,0.9921147950710575,3.459320315362314,0.6425415017522906,13.884611192904682,6
12.088881568424984,0.5202410380224032,0.35900509287140003,2.052022212035411,0.1353113839701233,8.431769957723263,20.48856822944557,0.999662519680623,3.3683126504252017,0.7375021522954687,9.262480987238675,6
11.097227108198783,0.4127088360752098,0.13915976042769232,2.837460782622107,0.0993316200012187,12.510036998310175,103.14630849502507,0.9957255893993633,3.2458159769159693,0.6554491586783038,9.616609960796787,5
7.374422060697305,0.40868718498843165,0.13880090181343857,1.6421160472819616,0.070346514611517,32.897811723002185,100.23462834812791,0.9958873743556516,3.2486302599471206,0.627573913975189,9.610241115011569,5
7.973345514619215,0.45781060990682854,0.14469383588348975,4.2589597919744016,0.07984414837118128,19.818723468963885,10.868757049652146,0.9948729633427297,3.295676982209781,0.7778006543556852,9.64943911563483,6
9.011761222050207,0.6623117740485348,0.04225870506797383,2.3836577828869867,0.08492262082851172,15.758263504972588,32.274928452212414,0.998213796269944,3.4856564158863006,0.44589428132478004,9.263179562391972,5
11.232323638417327,0.3767734958539697,0.6074042283915722,3.69794693656696,0.10305234960424309,8.509502836423625,24.63720417844852,0.9966883969175694,3.1269026806030937,0.43560750591421443,11.724681101567597,6
8.256453617931708,0.26148258339693925,0.36768366189270985,2.2774706657594646,0.0761407049193815,11.996276057637019,18.314946867786567,0.995103857853405,3.3256057911509855,0.8150415209784294,11.419187717902014,6
8.58900838545759,0.23290052772146916,0.35329410833688046,5.826655214346966,0.09382127236166388,13.558655130461474,19.935970060624292,0.9960229335699567,3.1655744502890806,0.8946930936871343,11.326833442690942,7
8.42831981871868,0.7516868565066241,0.18762079104021767,9.974241640093272,0.10850827221417537,25.972989594476218,10.54931333287896,0.9992403546587639,3.180113673350896,0.5380017416691495,9.83527007095193,6
7.459200284594988,0.7643423873635494,0.09885402576058688,2.1716566952545096,0.08110388176735285,30.534952581882628,51.998596201280236,0.9985809336523438,3.4370184427657144,0.604103438400203,10.415203716373176,6
11.089609021255425,0.16,0.4614825472281404,1.2662371928017975,0.08149514440073494,3.7999564090251576,16.827274930493346,0.9976588785488651,3.2070028615690025,0.6425045483087936,10.66982941180108,7
9.31232001662779,0.6924990134187985,0.12536383885634744,1.7473251619411363,0.11270723212319458,10.611702957189248,134.7989334808767,0.9981348251680462,3.1009375352644635,0.7590348507116976,10.102290417883845,6
10.59541813579292,0.4976502912858216,0.5439302442481859,2.6774436454767994,0.08579175975610721,12.947616832324506,18.075452973882665,0.9972002064824314,3.0375570415465196,0.6687235662229959,11.637013582368617,6
10.079309376365853,0.3310185106038347,0.441650371725277,2.5368391946165048,0.07013686530055534,5.738994132506608,10.451592020755045,0.9966216962449842,3.230398306389663,0.6906900622376647,11.729597625880809,7
8.815404042874272,0.670041770004538,0.1162054646198763,4.136836063412747,0.07972097115370749,6.458504454683168,22.172366359078307,0.9977362378114656,3.3653607195858313,0.4860861382822486,10.749137947472706,5
7.1961183173383985,0.3745337747758579,0.21146315548055847,2.071293894694806,0.0758492386351962,9.056481137090737,72.79753084828141,0.995960267439944,3.293037731550535,0.5443960164187839,9.231581315050391,6
10.549584928580927,0.5347387762010215,0.42446104463065315,2.4193360556981496,0.0796178571197863,13.57149569946341,6.49283097607894,0.995799288691893,3.314251537125057,0.688654871069661,10.422796932870574,5
7.747338290468032,0.30453512284366024,0.37683152461466357,2.1873776535801266,0.06902142692719111,16.25648787679407,57.56501570976892,0.996354619040536,3.343120216416536,0.6887175315425511,12.382071354739631,7
13.66042076032766,0.5324074091971207,0.5356977506229678,2.8530080393214177,0.08005000876267397,6.723574805799561,6.0,0.9984621924370821,3.0503518232381377,0.5497976162035878,9.402318318363024,6
6.811086576899247,0.7686825385060605,0.09768159199048829,2.0076512925886587,0.08131000965101023,6.456531906284777,57.29396802133517,0.994896252367782,3.5738992653118804,0.769381801,13.011114586942963,4
9.396200328452426,0.5075144910660305,0.5736625350949132,8.80909354596162,0.08482486050708096,10.37524670310778,14.073852400347032,1.0007797320941951,3.2055169927160905,0.8799947917398572,10.279904357720127,6
5.891618704229425,0.6185277102748521,0.0,2.226847741436303,0.059834900854753806,6.876069886013694,15.537916998475716,0.995019706327018,3.3897521195289966,0.5695545652558538,10.257580401433543,4
9.775379515346204,0.42374833069324014,0.41962139083567607,3.2290343221524456,0.10935635894186588,10.510650482246273,14.78674541019789,0.9975752666354883,3.27377134522379,0.6299619832586283,11.84900147742184,6
7.852313569319032,0.6285747388610148,0.16940240670526652,3.3940471318505985,0.06360786302903171,27.039974900203564,136.65594613783864,0.9949076520122726,3.3526177604371017,0.9636068106536837,12.047417034677615,6
6.7046109635316355,0.3105412102852142,0.19464841965581203,1.878910668709168,0.05657316992380732,33.67924834886587,59.916933398106806,0.9942659890407798,3.4310753984355307,0.8282505314407859,11.803930288531214,6
8.847440569053258,0.5932436294732024,0.007632046496692579,1.4801542517697137,0.07258595026737007,24.391278486281287,40.11948942355973,0.9960048245430371,3.3363417957582193,0.7799117134963626,10.57111762111958,6
6.561314210148673,0.5336353086302652,0.0,2.143593363549148,0.07424877051505373,31.02840991109516,15.91556579234905,0.9978239900917458,3.4924183239582938,0.5495529874106992,10.297687540141391,5
8.091624417284212,0.589492364032734,0.046321399516987424,2.0489845252365657,0.11970038802760062,17.05050098145047,6.0,0.9974835647168037,3.3746034439155874,0.5863100500121136,10.003704333467432,5
7.506391241083132,0.6099697748842658,0.05237329922574773,2.323319817247626,0.07587364362860843,22.312130043519446,6.830418068185239,0.9990659124081674,3.491837770167803,0.6349609628244759,10.014330342133228,7
8.238853187353037,0.6165610202158044,0.19060823241553665,0.9523559225349278,0.10708163021914471,17.041893465165646,54.67518762189975,0.9992939773329631,3.382646123609315,0.6473915081906715,9.623073481993726,6
13.276989223322621,0.6180491911350436,0.4678008755834021,2.0114597731530877,0.070016946863247,16.424252368907407,35.143200735559525,1.0005177323062349,3.333575533077703,0.6154258246727693,9.708439721244718,5
7.9001231970378925,0.9779454506424882,0.030922648618421145,3.0246395894605236,0.06317072807291886,27.160127544866114,107.19187914989857,0.9983434813781183,3.4261701965020777,0.5288569354991247,10.106791079653448,4
6.993507619341323,0.5581510293476293,0.08537630499286117,2.258100725732059,0.07782829925210472,44.396415997476666,89.34720026186268,0.9953741255206549,3.2390213814945445,0.579958279999554,9.34818056490949,5
9.980989013976341,0.5656648088819333,0.31632473139115497,1.4837740290175296,0.055502969681051006,6.866705776960233,15.09261360176722,0.9974482254199385,3.1713926798363405,0.9251639023249929,9.601068460754425,4
7.9573822168036425,0.6208073337916001,0.17719120311347425,2.398821889226813,0.07452959647956192,14.548618148818328,44.8409641399604,0.9969926242987556,3.3663519417978915,0.5210105568372972,9.604253125987368,5
7.385774969932929,0.2926715765166123,0.36641132824184836,2.5432340910625877,0.07395220069375608,17.901662456065363,65.46502589813025,0.9948137432712001,3.362841389703685,0.7804764080861684,10.99992702381174,6
8.55234486538604,0.34860173568514957,0.37610310546365083,2.685861861557887,0.0742599829600419,7.374791170877217,28.332428819253852,0.9957398485438498,3.2588062362232386,0.6331304297559333,12.753384340389438,7
6.6616577506332275,0.6866469292596435,0.023587514872738892,2.505369240256954,0.05097959638141548,27.945790095506656,46.665474528787904,0.9953640986907208,3.4322516973894466,0.6579983673121034,9.976410839277351,5
6.859826791125413,0.5506344255649845,0.1860832377407008,1.7860042612220437,0.08429700519021022,13.598406037325327,10.40199475591676,0.9961316562925686,3.2296854477072796,0.8627122848722875,10.694818108972713,5
9.333968352599388,0.42920266397640355,0.34516669515997583,3.548110846789824,0.1279160100225011,1.907458943237951,12.676803584721522,0.9974725108604467,3.289825269794518,0.8108464748902537,11.161218677310005,8
6.933809610732757,0.706137183658637,0.12365210390764243,1.2754485825751567,0.09214026563040115,23.650222347626958,52.67460284210893,0.9982124301655165,3.3354804252410646,0.523753481977301,10.286387428811983,5
7.51201080662535,0.3988202705388922,0.06909180049229524,1.5285586910765372,0.06442354156344454,14.364325580668087,56.97984108560953,0.9973720605517914,3.166773551591091,0.6336849751954937,9.795998281929691,5
7.252896658292594,0.42805452933864413,0.37370387809842626,3.1269520317077495,0.07596079738980924,3.576681688656071,10.965274075507256,0.9954458966120492,3.2862807688775755,0.6779416269780392,11.543795362826076,7
8.444209606591784,0.4958873413846849,0.4462922588220039,1.1316582442540495,0.11464708182799527,8.109763714178268,14.235932338760247,0.9976341233569352,3.314519834271009,0.5286498974255234,10.247516074245059,5
8.899786719936788,0.4016681512339346,0.34452926337943424,3.26884450016538,0.07522496325161006,28.497711341892668,93.76543163230603,0.9979838952959739,3.37783050174636,0.5873851155372157,9.081036655438924,5
8.408611848857259,0.5154934253518805,0.14072384765442292,2.162206742204422,0.10523793541625562,2.0857248671032984,37.155352555627616,0.9984898681417551,3.4123777210461688,0.5490913408325419,9.879550834365139,6
7.5162951831018265,0.8272075695010954,0.06649928777461799,2.71283583309081,0.08847440376152815,10.430637423888335,47.83089524459117,0.9977008751619502,3.320385918624425,0.7443495594475169,11.291267606078716,6
8.511221775999072,0.6090972399013228,0.031098513316214677,1.8384004216749332,0.07619113301248145,9.508853835857302,29.019282174816254,0.9959956183477109,3.226075762775653,0.6405707964259142,10.556640551114121,5
9.446374741320447,0.3099617388257407,0.08961704928147346,7.594052281550086,0.05434686490568287,29.319117367955155,92.32993307908598,0.9974982401989191,3.0904450705829,0.6742976232705482,9.415598971829096,5
12.968450635221396,0.5412744101684404,0.5520672416875682,1.9996118317705525,0.05335162789139382,9.287277281858042,22.48856393567511,0.9985993892184228,3.1368893558519453,0.6649884200922235,9.49051644557844,5
6.638580103817515,0.29221768482640675,0.0,1.6489383437520844,0.11601579781843437,28.25224149448832,38.08793027800808,0.9967426865771527,3.5661034449614832,0.6008153126851293,10.409654493694582,5
7.285247215411899,0.16598960591843082,0.21056247265637756,2.0326341832764405,0.0707595458355725,38.66346820427031,79.25667509041409,0.99584293719873,3.331151535954602,0.6488201134229108,9.746216036331852,5
7.934387365604712,0.41021858497774905,0.17727441322114929,1.5441890412896082,0.07540501236275222,21.980400989920373,35.94162509382264,0.9951001538789657,3.5065364556424496,0.5902209664352484,13.38226912792238,6
11.464949575891813,0.16,0.39602179948327226,2.644251384950428,0.08757095960755187,26.083880475929153,98.92535971431198,1.0002045194786218,3.45870199334139,1.013943903132963,10.153462003201122,5
7.9717571751742735,0.29814434097368914,0.1571945279567544,3.6887622678001124,0.07729998436257599,1.130356898959647,15.313736441639556,0.9941814419876721,3.4393746011394652,0.43529822358782416,10.416514285506418,4
10.54460485349443,0.2866266468636735,0.49006821577566695,2.4684757238133703,0.09504166728184087,19.749167434950287,51.28934084886062,0.9972843782492107,3.163453005414991,0.8213185762261827,9.788856633020798,6
10.487360384943427,0.6383751848691663,0.16061118579507777,5.311267584860386,0.09987250310120849,17.74480223804188,126.95459864985116,0.9992755550820699,3.3401984647610043,0.6187654566510071,9.799121414047189,6
9.59356106680988,0.3740001833912249,0.3704446697005265,2.2591622790997836,0.07609625610039437,31.66423425519978,53.11241313493298,0.9989977601523231,3.2437503378267585,1.1286608804304932,10.080517448155035,7
7.223566991783612,0.5571746551716191,0.22356479626401868,1.8793033604160423,0.09480816325130752,28.932022453665628,79.18417839628992,0.9962343458916136,3.3398711539457278,0.527576412635236,10.842708248356487,5
7.187911867631875,0.7233355393068257,0.0,2.2705888471154125,0.06187884721760619,4.502847839127285,15.229503005595074,0.9946731032876843,3.342238373407538,0.4107837606622369,9.904315240745422,5
9.135941028942673,0.3502872148695435,0.06895340115303844,2.5240426832501983,0.11121471293309386,14.75163191035419,75.26150664673867,0.9960602320782058,3.3311597996842934,0.6715521075549006,9.06349460879207,6
9.246766543402611,0.819236519639251,0.044543900340990206,2.7179069025848728,0.08181941586477495,20.712858613837746,84.39915811928532,0.997609001360231,3.2757889403057914,0.6969228194748947,9.870300009073786,5
10.121826968419048,0.6035041154028973,0.4737105969550077,2.2105655857929265,0.08193388393836525,8.587217988699686,27.907023011376552,0.997162838637036,3.107952710398365,0.5399614062307487,10.257396967880705,5
9.53795725103329,0.2784005014194615,0.029557130622525185,2.2075484592135877,0.06681069186026677,6.728616680994474,24.1630438239752,0.9957862622940011,2.988114876744855,0.49614347529578645,11.639816583720407,6
5.624313965431009,0.487131774390883,0.0,2.3833015625546006,0.07839716812355386,10.496282020278855,57.08367166989406,0.9945068184167427,3.8305165792274516,0.782685235772465,11.947148553969502,6
11.104583313314581,0.28951595885442577,0.5699317747330932,1.9449496708445604,0.06134629117764425,20.58983056181327,60.21894046024365,0.9965569437186766,3.3749803623090004,0.7401915842567695,13.222280114545454,7
7.649786132112253,0.5314164169797123,0.27850046684075513,1.8668803564217245,0.07777467787998862,44.968516746822466,81.13085080261729,0.9945528459594757,3.293185345132096,0.8772700260144385,12.124029050911298,5
8.619208161015708,0.8227390460138985,0.04396571912086734,1.7156593494459809,0.09712614881679237,14.38194929985784,25.235509492741613,0.9954834812144088,3.455965877114812,0.46179410992539677,9.858498878820091,4
7.014931288505567,0.4075465205583805,0.4500557372698808,2.139473096471117,0.06567899884259092,13.051813455262495,70.41514524626251,0.9980124769256291,3.4214890337884984,0.6405866295219369,9.835358795768997,4
10.416560521571693,0.4063293354407822,0.2345808499171909,3.822721484293798,0.0592158762334696,7.038390346477347,22.748269502793868,0.9948427967509617,3.28421897542294,0.7591575352789779,12.653321988962693,4
12.494638440996216,0.6572264850976512,0.28894215700453824,1.597745613397386,0.13284332250532305,39.58734437430448,21.04361059896034,1.0004982590943923,3.360269573019815,0.7002855156971932,9.082783260256464,6
4.865798630725635,0.706106781925257,0.35839684865003685,4.43695852984292,0.0363018649304957,38.258075976263086,109.75544169369505,0.995664394047824,3.1388909336389634,0.5383629034569526,11.858840839786911,6
10.768197720671159,0.4995122025667006,0.22761929765648142,2.186888399571474,0.10855361237856048,6.428546818728122,13.586592125071416,0.9980810414250586,3.2728298811037337,0.5664522380257798,9.77443223547491,7
7.979967398210791,0.37627774711196965,0.4732800103480609,1.68049094514055,0.08522935572546117,24.138797022110587,6.0,0.9963075468343106,3.2331855684945587,0.6677248279334734,9.829077466584705,5
9.131887618703582,0.27831795635760215,0.45157835011314806,3.103031622629604,0.062809787861771,11.953081214543172,23.409692995351108,0.998522402784913,3.4464756417695237,0.7487516314677374,10.699703303438708,6
7.821393916784766,0.5353812005188082,0.043135790949222264,2.4339893884147217,0.07659290893414328,5.838095387197611,16.11826949294876,0.9967226162707199,3.43259489903488,0.6756134321006361,10.056683581832038,4
10.839678772970993,0.30078994809311554,0.6264714215250203,2.35426119224678,0.07934688042179425,5.405141544305568,25.208208212908026,0.9979411532213225,3.1976007125919805,0.9897218943892583,9.88212478799479,7
8.930733347435146,0.8565253611985183,0.3449748015018078,3.0150765324880875,0.08149022148290647,21.739713686137215,66.19653555973693,1.000586225925442,3.514255628069326,0.6431676834934273,9.531418702607262,5
7.372790236651704,0.3593025547704031,0.4235425809559817,1.757713321138248,0.012,9.90896032323396,54.276577102638704,0.9964355391578562,3.2389406409682335,0.5614114035067606,9.686569146913188,6
8.661337441870574,0.3573712063312045,0.5200363263262759,0.9,0.0929554622976026,37.12778434363716,6.0,0.9976124057417707,3.258669885023652,0.6637691098076439,11.181926835607927,7
7.217934591944024,0.5491603625708598,0.01750021110120588,1.8917196211318021,0.07589073669468312,10.117374001449718,32.32275149639548,0.9961444968628761,3.2425536376213993,0.5281758449139597,9.729402008372691,6
8.872317259802703,0.54924325999129,0.20735251084659173,2.5132528731906665,0.08017763859281057,39.111631276660574,108.34433146368102,0.9975558948457072,3.174496760832941,0.5242903876154221,9.437850568196355,5
7.5788803430732665,0.3069580419900504,0.48773875214056017,1.9857215019547465,0.18202863066825986,30.66566200239415,103.93222209445928,0.9910446855207179,3.0427155707463815,1.8047765301211167,13.762027698392183,8
9.680075379326155,0.9028687803676211,0.07926474489378336,1.4335290264609806,0.03832045310694084,3.055271186306583,6.0,0.996295413760713,3.1383222629119896,0.4847587105818407,8.912014845331225,5
8.610402683037137,0.3917041760401534,0.4068495551153292,3.7027933598884677,0.08682717690483537,25.065487936834547,54.80455943696347,0.9943811483044389,3.301149755669442,0.5937139551312607,12.148833244952437,6
9.065945608213779,0.7153803290794808,0.07311802437915552,1.332820206803095,0.0930849649630666,8.173149368203148,35.83429220506428,0.9975416359781768,3.4311185918627607,0.6013375319382838,9.57655404223431,5
7.6936361122726025,0.3299760512409253,0.3026094800997411,2.0851484888277865,0.0638767212092071,19.85935941885991,16.188179437266207,0.9942740137367523,3.277253065537793,0.5929455809598234,12.036404742081185,6
7.6646849291214725,0.6895497359371706,0.1341902870311998,3.411485921542419,0.1087834577572108,13.045874206366326,84.6445223414958,0.9972863811424227,3.3162985585141316,0.6246314379521098,9.381240295059367,5
7.294279802262192,0.4874490854530074,0.21538033241109225,1.4860313782797991,0.08002328294264777,37.54364052829237,95.45431144401725,0.993148114776288,3.1620660031670864,0.5803270905756044,11.159890844839435,7
5.504086649825915,0.467536262071483,0.30681022149799475,1.8440261542538754,0.07469522984646078,18.353503448385364,18.088671254981595,0.9950559341554367,3.367666577199728,0.46330545152046604,11.434451630915962,5
8.799691608966393,0.4519741203766552,0.38756005062754006,3.913162622397759,0.08493657495558138,1.0,110.95619704817642,0.9988404196649743,3.300385794289725,0.6019262159783899,9.281166235521056,6
8.098718766546817,0.3462182369193898,0.41106509130729973,2.0284969546180927,0.08504499616765256,22.656687073878636,71.35325824605711,0.9975654488280277,3.216147185625532,0.7758397737050342,9.745074793916002,5
8.44699281936692,0.17477379491619427,0.2873761214104025,2.1932391472564126,0.0988010886731436,4.876275765356666,15.865890183872958,0.9970789651466049,3.1515406822280037,0.38407109144420787,10.298579023290685,5
8.003207801208754,0.4377846531489921,0.09930125905279022,1.97753893237622,0.07508193894820397,38.391917255439814,100.95443645316836,0.9966288881317806,3.6444596169382804,0.6965853541303445,10.100087187593903,5
8.229115671314531,0.28444241840238305,0.3956721870067382,4.3852671974423965,0.07174031732289043,5.885219211181866,14.964583683525587,0.9966580408060337,3.4078275779252376,0.7516455307471699,12.898994893257745,7
5.882439831938206,0.46761967216060696,0.4013114182646348,4.061807712440652,0.07596893192634427,14.34960002853383,73.40238658048438,0.9959762015366949,3.6029679691554017,0.6019769939240425,12.205058639168186,5
6.993093198600728,0.796747534190402,0.10805911060160692,4.042897476398132,0.08629427696495628,16.52803237829355,40.945928328294315,0.9958576448851787,3.5835128079805334,0.4499396943414954,11.786709537356126,6
7.584740617422429,0.24240302441571177,0.5815577822115712,5.819881477309266,0.06275364966959722,17.970432083415734,17.00810048476183,0.9942487271150009,3.3188617899019484,0.6245386585732052,12.01687397369029,7
8.385838415405397,0.5563111909434154,0.35053364808799,6.066624191278499,0.09301326284818108,24.72393341005664,55.80701237249684,0.999906758752354,3.162761548804804,0.6598757326380986,10.681146637551706,5
8.164482320799523,0.6727595865732279,0.14014567776457892,2.1980778601452844,0.08987828490295433,16.43323459557712,95.91925779525315,0.9964136136144075,3.4274965522003162,0.5582749103929104,8.72840864076311,5
7.414690613954977,0.5689489622314541,0.42263725575165934,5.295311315566435,0.08139518527031539,21.047486661200153,25.087773917891205,0.9973305426565391,3.335675870814959,0.6339201656023629,9.330842349729352,6
6.899842070441771,1.0611820803796082,0.15441912725065832,3.397373367496209,0.06960591922330474,12.115447831836192,42.42796102096985,1.0004822711393357,3.244691697019635,0.49273111449492557,8.774587668043566,5
8.461986685024481,0.5831071483700836,0.05779120088573979,1.5782651275785287,0.08930493679170246,2.9865031918753773,12.52253756131708,0.997666544024385,3.222292857293531,0.5449392335493145,9.106785769462112,5
5.542643927339951,0.3654320298235158,0.061384833120810174,1.8831195356821457,0.05811331522844034,20.60294839778241,62.62867855517783,0.9931173556370292,3.7678823350806634,0.767133097521123,13.41092948203129,6
4.7,0.6872147870797976,0.0,1.5792468684133483,0.04610740643765598,12.626336125786436,24.559024333156678,0.9936909908327652,3.5348842916061285,0.6345673480305095,12.420814027692229,5
9.266350922305454,0.23369112642970552,0.545495794503333,1.8114950476747351,0.06885743275506943,21.94842870277188,33.854100481080636,0.9977900991546234,3.4079296411001216,0.9798883173934045,9.628856125377173,6
9.4952791992161,0.8424357303036343,0.1937092473618044,7.046191956056484,0.09803918333073948,6.2443981434883336,18.928949809563502,1.0023280475384233,3.4162193953069,0.5686174131679662,9.191493400498837,5
7.233716091716506,0.5298281841246975,0.37952708471092583,5.096867171128706,0.12640640156585897,7.093344216339132,25.91837022391212,0.9979408368639243,3.455372212180387,0.608405067486002,10.475649954050626,5
9.041094888761647,0.3624002291402387,0.18444674579876608,1.8130521480346653,0.07836211307821786,29.778353608719303,25.163179816484348,0.9956498491798295,3.436976663105387,0.5627214712143935,9.288917357486458,5
10.15532715869285,0.4631342915121206,0.43264048625904106,2.0654055203687136,0.06076397186867887,1.1147051436319302,40.89207324065972,0.995945040423795,3.2280773021166,0.6380586675177689,10.416816103635275,6
10.26282197087642,0.5362946026564439,0.30549850232920744,2.7320442175347748,0.07267681630687399,30.549081284794326,37.342202483886105,0.9953448820494151,3.2264298922888166,1.4107704073730916,11.343542486277274,5
8.094141230601675,0.46826218854392704,0.3101420052252659,2.5422172808043726,0.08916524540804788,12.09296371763702,30.563648183689676,0.9970610869430505,3.3127656081538683,0.5887732847644044,8.675807022821193,6
10.986157880718125,0.19881075805166823,0.5010477122131043,4.596444480057906,0.10835596637989905,13.020773507651263,21.69023723910076,0.9978695010717509,3.1323369411273023,0.7853085204779016,10.847125150551811,5
7.468707182254417,0.5570381311521914,0.1082326077601071,1.7926750364555808,0.07172688776924979,21.98388991681382,38.2735543963979,0.9970801247459332,3.261955182025187,0.513235355250609,9.874669003669172,7
6.240208481418301,1.0724956449036303,0.0,3.436084911326109,0.11930119704168932,8.589017696046255,47.14262013533885,0.9969703857643446,3.628608860675,0.6729661270366887,11.511143820057349,3
6.910599225853822,0.5736833126979776,0.27053870482356346,2.8639287839059437,0.07709873268399613,18.416907321943235,32.69845338718868,0.996598372675046,3.2054756290347703,0.8274956719508499,10.084012441840288,6
5.793000717873303,0.41995948715173975,0.10476650260421533,3.704300383263603,0.0713233024380678,21.582601316843487,49.643567443011094,0.9948004273524319,3.369833198219351,0.7336025718455046,11.606594488979136,7
5.319181471778156,0.42015826864333394,0.2507091060128457,1.0627847648851787,0.04877169353506346,18.424387795949112,65.42267894439122,0.9936033793698391,3.476292978142591,0.8538264388350689,13.385136506945749,7
8.830370196696661,0.6115441431073436,0.3986826333404134,0.9,0.17911103654632732,23.75736394994975,6.0,0.9991559382115864,3.163074942041737,0.9814964187683096,9.84243961996384,5
6.664938706406749,0.28366052846572776,0.1561608029782412,2.263632402285559,0.05214285049147317,17.280578216824768,6.0,0.9963197831213386,3.3325692678879877,0.6716220701331299,8.849429501975541,6
7.5922886302584205,0.4378756148736795,0.06426087762303474,8.558098963611114,0.07277642969221136,21.777477151921364,32.432621646304796,0.9973541134396738,3.3271277778246877,0.48207229893921255,10.041354591974244,5
6.822868087239351,0.611491477917157,0.10178300143229434,1.815647452715179,0.07320222839543888,15.268343037408751,31.89950334838812,0.9950156303673857,3.4472724548963636,0.48390457382815477,11.333324179174735,5
7.355584711479148,0.6935937092590734,0.12185213278979776,2.1500852896526825,0.06355847085455518,32.3304514886059,29.41992852476953,0.9947809830814508,3.242398152589616,0.7928784368639278,11.155335061526504,7
12.42436404611678,0.42737772611645664,0.4837727244599342,2.942337223722508,0.08355831964943676,23.951978607973267,90.96033650971216,0.9986320620409684,3.1549001816804627,0.5105625238973903,9.004695116749348,5
7.341555831942996,0.6736110561511335,0.4009083734575559,1.7070845215788197,0.13400346122705553,17.2391688143501,103.88384627405179,0.996939476839925,3.314243339010013,0.5354614173961173,9.814057382868107,4
7.694134927586748,0.34892345961730886,0.38796699536977575,1.8059177617328166,0.08868418141880462,3.7098418359447702,6.0,0.995147176883016,3.3475666012464136,0.4697065295409551,9.935095789290305,5
8.283451629481076,0.3369497485740575,0.31509544449210364,2.051413477310104,0.0956381964666683,13.536175228966929,24.601174520114874,0.9969221085120654,3.149869696945671,0.6648954478393622,10.947400975984094,5
10.236219167557168,0.3107851830483493,0.28023708939837316,6.428937706571787,0.12403276437364531,28.014348963259387,19.808067719516814,0.9998224130266976,3.154272361875775,0.7172660582451958,9.472568141691225,4
7.406313602250716,0.5816917745667801,0.14921098804735672,3.301013041682305,0.07885265603415743,14.222089043843061,35.142071264454806,0.9966282689494914,3.404512659727371,0.7281434286107639,9.094514747926882,5
9.504124749719354,0.35556389545738853,0.38474889413229113,1.6682578014170708,0.3464925679266211,1.0,10.711351455457496,0.9979514463229124,3.1402489866646035,0.49156113563695986,10.468467759304373,6
11.396650948708713,0.50554886079562,0.6684196928750447,1.1924173489816972,0.15367795960621256,21.975042183622605,41.405568027176294,1.0002171444363797,3.1315095693303756,0.7725497419443427,10.021893582652323,6
9.450668945219102,0.48056845513867935,0.20794578821280613,3.369460092944584,0.09061386709851506,47.42329849946155,60.71937883197085,0.9987897303975378,3.140896427102927,0.5048873056307701,9.771725757804202,5
8.14010260133701,0.45414483496994773,0.0,3.556064169480288,0.08649217811401322,7.74884483128052,38.848381418595366,0.9955044106583468,3.478302980659774,0.5830447918683976,11.235979921179624,5
10.381288732727965,0.41857926380417865,0.3304037783012689,2.395847350024467,0.08253131882855666,35.06129031588882,90.79092882657854,0.9988167426722921,3.2686043208576354,0.7531498833652579,10.093597908824451,5
7.521066137929633,0.7717894437275211,0.18299361264229386,5.717342123827709,0.07238376862172903,15.827999383031814,37.79504959855533,0.9952362599699908,3.3012635756161774,0.5632331683433247,11.305805618862165,4
7.493559223960095,0.8863641421853119,0.0,1.398713165270003,0.09512692635948795,27.117327186079955,6.0,0.994960394573005,3.156741475548989,0.5367654123283009,9.045606684077137,5
10.042769145812814,0.23106134516513271,0.42791847563192154,2.0649769653568546,0.06306687374756487,35.380749898195276,28.51133960468366,0.9923273828417454,3.144999966198555,0.67694769141242,11.155080319054541,6
8.586461304118533,0.4513925973884128,0.5557269371633666,1.702125759489542,0.49034389491566677,14.607447327167234,42.768046919687954,0.9955131573945487,2.9816777727585886,1.2136783920755758,8.658370335677255,5
8.242446995982327,0.5469965805670621,0.5296031686141486,1.624843087789372,0.42418962447718306,12.539425960795482,76.57139804728334,0.9964920856798828,2.979680650472895,0.7343004004558737,8.4,6
7.536233886863226,0.5862968534217907,0.27568597638876335,1.881079662325881,0.06652054545071283,40.46239752204774,71.08396815287561,0.9965853370318813,3.4492611193201204,0.49836786419729073,10.588609075335556,3
11.01520896032065,0.6583912225056546,0.45435047926731476,2.044696223853525,0.04856738275273441,8.55173386659081,15.967000199338834,0.9969499316699778,3.357693699884501,0.4607540195267788,10.67872568286034,6
10.365738322182773,0.7106082408324607,0.4478274605932677,3.003770036822133,0.0917806916795347,34.45197667034674,52.407261203999234,0.9999316419967914,3.566040811265801,0.6981069178728834,9.469788204588706,6
7.378448734177468,0.5563509511525356,0.39161580138695834,2.3248323739135035,0.06344251658224252,8.271991059930125,19.05722323282204,0.9949591665173219,2.9434061086362044,0.5443721635284726,11.82966426678848,5
5.798311772097523,0.2338883962372622,0.0003349903020340439,2.8910262073284114,0.04674119617009184,42.73935280687481,6.0,0.9917643533218184,3.804958555062611,0.6020577674187285,10.992720084981803,7
12.761140266366619,0.4357383049433275,0.5192079090369031,4.369012400065383,0.09309652341110194,26.597894771114245,33.26639979539974,0.9975966369475155,3.221586799104934,0.5811018521462435,10.214558024142528,5
9.01846365155567,0.8036401524783948,0.30252891660701836,1.9611726218405765,0.08820212263713374,28.703577823382624,69.29491592503621,0.9985707959312496,3.204012582345035,0.6166519481764209,10.295415648803855,5
7.579754607540281,0.6200748470723434,0.012253375881734476,2.503517572976242,0.07132894968281607,19.216613724236606,42.502254718220144,0.9980265084194645,3.509951229884426,0.9038473345684386,9.934165060600538,6
6.220075945495248,0.35706523011652247,0.09618788329649966,1.6585206806641741,0.06649807292265984,35.54807564160707,71.58841553226074,0.9968809796401387,3.368422866623296,0.43263206920689173,9.541377766603201,5
6.825740420813522,0.4802549034297034,0.3035951905207727,1.8112359390598667,0.1349737167395194,7.727712971601791,32.86213174467005,0.9959386424924802,3.1678084974084046,0.6045903838644198,10.225585244315118,5
8.428893230373301,0.7373435409119453,0.10368325945631092,3.168725431312233,0.09175499329847321,18.23001866139378,36.51021571760636,0.999608009371288,3.163459443848026,0.5377541984427588,9.501473356335902,6
8.464180261933338,0.5821326989519003,0.5169878599888038,2.591524606706553,0.09085242793343087,12.827443464400131,90.45402712479438,0.9972825079685673,3.228328152105315,0.4981157493022329,9.76628384600179,5
7.6145219697706565,0.5418906826270733,0.24185809741361997,1.917035211307243,0.21453770329548605,5.297405628038023,9.18689809657541,0.9962581761978723,3.3176619212158043,0.8018133833495886,9.25134927405022,5
7.127146825922781,0.16,0.05704009602538718,1.6113859397323973,0.06430230081632198,18.627486999613176,32.27857017302151,0.9941142179507636,3.3296465062140292,0.6170505397871197,12.506012928352492,7
10.40082880217754,0.33152438644843535,0.2579620582815859,1.9721135236294685,0.08820262249858601,7.686566715624854,26.5871707664678,0.9966953748408146,3.466116712737827,0.6089238173566358,10.236381653270717,6
9.926519456271354,0.4033628109693029,0.4421383195283709,2.2105082984750455,0.18690073226607007,7.633092466170037,12.179675269590767,0.9976009495253033,3.190079438462272,0.6402670478280853,11.853264395389417,7
6.9365074975446825,0.6601967445890302,0.0,2.900554747482982,0.07552200444643882,1.908428858920189,42.11743418072469,0.9966694075533039,3.376704117600731,0.6571304914948515,9.535277751154615,6
7.58549239251056,0.40525033258281407,0.3278878180073863,2.1962773502439803,0.09731592438067464,21.128112414891373,57.71593265530478,0.9970612501906451,3.464155952955428,0.6026532284322341,11.027651723953266,4
7.522903924375796,0.6605825258600373,0.24560219097395852,1.8671717487593604,0.06914190207918572,24.91931745718327,6.0,0.9962209945449589,3.2832238101924656,0.6899583233164416,10.211308096362206,5
5.237169660851027,0.7143281437523823,0.026342107961772922,2.3928023604316886,0.060824422539926676,11.82719513157354,6.0,0.9917062839097001,3.5861505294654035,0.5919277587472296,11.791507944884607,7
7.355099235526408,0.6718769019340556,0.3903887364069789,3.5251035998648947,0.08937640569626801,6.894895819057814,26.03468574989811,0.995414925968496,3.2651681855866403,0.6610311302082047,12.146244409769707,6
7.72176196878179,0.49833199425826324,0.23965945009898673,3.6290909762149663,0.07870342546671502,26.71706233632944,57.77344630059671,0.9970706708070728,3.4246073793113787,0.6895898924245673,9.876376047127328,5
10.500500433850366,0.7095240560569256,0.17890243590453747,2.6731921492048163,0.10552383388815541,18.137010015459374,67.37452611738752,1.0010515469980514,3.205907079022753,0.676070447986479,9.588048746623333,5
6.723268521936175,0.5195022246601303,0.11919803252775188,1.60372387520564,0.07038431465947259,25.898470069773648,47.04809523404062,0.9950964611171981,3.394330170167575,0.6520092303852986,11.146341488645197,5
9.868365567130173,0.6888097138138265,0.11045384750653893,6.690243122325491,0.07246696853572929,34.42778216326417,75.30413236841596,0.9989227765707409,3.396048369738147,0.6664535285269164,9.946630739363552,4
7.799064816524153,0.5592867944353391,0.2110759419273444,2.0257723276297455,0.08296723868494636,13.52514987989932,42.52061689603664,0.997410788762622,3.3028470483421906,0.5001979226219868,9.837829799341689,5
7.878035145218355,0.45279121104313746,0.3482316136087974,1.2491689184718342,0.05671622235634237,16.906716240772504,15.308283533397699,0.9943111982513695,3.091734559802358,0.7361923483717836,12.139087748840545,6
8.229018182870053,0.6998527770678834,0.1284882076821068,1.4053160788638812,0.1488095936806227,9.489847736957485,6.0,0.9959339453945047,3.2395080772804787,0.6279653529965525,10.732788285350926,6
5.845684065379304,0.22473671939969503,0.5585270961334463,1.4813942463227947,0.020772236700792,48.778002131254965,87.71170190416859,0.9984682877392703,3.3498760373202696,0.49581776335257394,10.463939853667087,6
7.156716159526557,0.633487906222967,0.2072909144890864,2.508016655332478,0.05721350185714049,17.64700308975905,81.5044266110863,0.9945477597230462,3.430486526392033,0.5447874491297593,10.93752521241664,7
8.925006290662468,0.4546225551303746,0.41003810042322203,3.2403711668633326,0.07129982778730429,7.545743913392728,49.85719074946148,1.0005552746393465,3.3137638834808762,0.6974311090540729,10.144536884569769,5
7.359435213945729,0.5784113003897037,0.246772062115336,2.614605374958519,0.10642349699775516,5.6614192319283,16.328221312714604,0.9958819866209455,3.2417640636623517,0.5472705632502639,10.853808691359031,5
8.621644735046328,0.5294370385692625,0.33788182368305314,2.8210109996985078,0.08165839284717792,17.64374894622862,47.353698577209116,0.9940122427421663,3.33905008880121,0.4383481405812413,11.992887970248926,5
7.426767637392384,0.7551872656675191,0.15884703744704765,1.9366150552943053,0.0766490986347489,14.13031583000047,78.25359343356378,0.9975466330441296,3.519134265602041,0.5543177057345546,9.80213386324414,5
8.022125006764213,0.34042327813098283,0.20439621762739602,1.7856528562687526,0.08227869757604499,23.052402724782432,78.76062408859853,0.9959428133870252,3.302192112740592,0.6627911023505062,9.825987817256264,6
9.78257091131951,0.6871906235415295,0.0,1.2990600035478126,0.07399483261653281,8.521683041837239,56.537847296347195,0.9960647093316292,3.1187879174628046,0.7952062794484547,10.098059224616405,5
7.020010293515166,0.4095404068464047,0.1347398175313937,1.6747203744469086,0.06336105915834692,8.815476748300345,28.544332800783266,0.9953077217126819,3.2517011628507824,0.5686974821986697,9.414846610523394,5
6.325780748398776,0.6486801571206181,0.11611561125012643,4.3947216724626035,0.08593337982715736,29.263367181089414,85.24611193642093,0.9970898042002386,3.3388040650306823,0.5824543820290514,10.161222341851351,5
7.1915510131645854,0.5956831517444664,0.06937833614442528,2.3108482617346535,0.09220688377529192,5.787708436515821,19.048503821070277,0.9951945271666762,3.4562792521521564,0.5922037238487871,9.511186348756361,6
10.308442442915517,0.4081422035950954,0.30776705987838526,6.276966938055421,0.12052183194641525,22.333653828131325,93.44932808310297,0.9943827152364692,3.213979407889999,0.7831127998013109,11.248293493965893,5
7.8312818663964325,0.2438131012386759,0.18574916441074496,2.1615620960319273,0.12120054585765534,12.921504791531628,42.565713670972045,0.9954628559188622,3.052116823411301,0.519334973519973,9.769911971796569,6
9.964498184348521,0.230006633037676,0.3313624095033267,2.1390065385660315,0.07503722996494695,30.730122614779773,84.61934287738923,0.9962386393127067,3.421784418786569,0.7582935778530695,10.169856038533343,6
7.762034077225625,0.3031249241349323,0.41213052038924425,2.3381514952012736,0.06876958325284538,4.173603183037558,25.603003311750765,0.9946902741463717,3.2075759403625015,0.5307050842659682,11.181637613649007,7
5.833363748844164,0.23867953374133696,0.5210778667053186,3.6845761119547014,0.07686520485358639,17.125864694561503,90.25734832937987,0.9976081383065568,3.280778749354085,0.5136521248211211,9.707060865097965,5
8.877038557048673,0.5957832463838335,0.2218102361059387,2.610059561612678,0.07874838319276405,9.340463425280756,30.31696375963512,0.9976978106044386,3.249351313249829,0.7264110175587457,10.481669681246004,6
6.303502239905461,0.5308052552160923,0.05122906758260873,5.047484444805518,0.1237691263830269,15.275647991010997,85.02474143691096,0.9972064452144132,3.5571067460772894,0.5487637315304796,9.76604446571579,5
7.362028531737644,0.5021943939793708,0.06941225501755338,2.4078990730435597,0.07535639193575436,5.175750488931508,23.25896244992711,0.9974363766547882,3.4967717924855437,0.5482544364909402,9.54520113599638,5
6.395976177389188,0.9079060180926397,0.1457452495643262,5.867989907149389,0.0707171363711408,20.989734408253,57.44291041983276,0.9936698792011913,3.7463551967684112,0.604221078642803,11.605474084441171,5
7.40055928653061,0.6937394097288282,0.19015924344967255,2.519062186471852,0.05321795222061252,23.916494338443602,64.89150921669369,0.9916110463951135,3.345588998400022,0.535431617202988,12.025380085493126,5
7.925677085693744,0.390054067125577,0.41202504448997657,4.603622719075735,0.07407725525005357,1.0,30.318307151208312,0.9991109966875442,3.2749268491968273,0.9676518891641783,10.533688155592323,6
7.259340559520767,0.43432838023492115,0.34439696632724826,2.500900514521842,0.3973676654287156,25.610726139540397,73.07632353060606,0.9960221751954638,3.354762498636867,0.9232391058813224,9.271799617892768,6
7.184155285726506,0.36829869987066616,0.3631446828511465,6.2546344377996235,0.1900182271979004,27.14651007346019,72.39774931442236,1.0018097016828436,3.129545900409283,0.7423355820120238,9.755657075976961,5
8.734441533396437,0.29807853120445754,0.5083092749929183,2.715863874699348,0.08100391311440983,1.2253099398356735,54.53425355864743,0.9959579246514363,3.1586629278461427,0.8388889654590702,12.141505244832393,8
11.219727454461903,0.2943806503572295,0.3359546677061577,1.93749046358688,0.09023691447847583,5.752872728993692,11.686085735892837,0.9960861985220272,3.1009457149249915,0.3955866819266432,10.078456103763942,5
6.8657589873855915,0.620849584922768,0.0,2.1,0.07419683784743353,6.064812636338916,7.067473752997191,0.995498575255279,3.3144977086243723,0.603214081452975,9.463271748193485,5
7.507360769842542,0.8348023651254726,0.0,2.2507784232331804,0.10600821150220865,19.143105731353756,39.00199358250863,0.9962382185634363,3.2166333114371857,0.6362734150455178,9.77158627577138,5
6.4828353294248835,0.41617219881793166,0.10976964253488537,2.1779484975833454,0.0707222000848346,10.912607729712324,90.4211943787439,0.9941885521604857,3.3987872774128163,0.8385187026335454,10.286924550584242,5
9.314113876918706,0.41337405423538287,0.5814356686181079,1.8998056229307818,0.0988249464382215,5.587428544910615,11.322165187680264,0.995618800179222,3.223989596375518,0.6384441157178579,11.061641500180555,5
8.060136370063649,0.5101332065594281,0.2136243322267971,2.908893560626561,0.09126821254623098,20.65989605700638,28.883707440213044,0.9988858293948513,3.197654024256515,0.6984749663720399,11.64563219930645,6
8.84278984823435,0.4958369315279286,0.5943834684500627,2.6303888003922924,0.11732660524282487,8.960232711512225,87.71954925253492,0.9961250086134745,3.24503280822536,0.48403228217440236,9.87240079576591,4
8.067060276782438,0.5740944171899546,0.22527951500008464,1.992665662828691,0.08538824844470157,6.610613071872356,143.34931426906078,0.9957070789682845,3.2570440345867855,0.4652645836185087,9.61840875034135,5
7.3590058099504985,0.47588276478942326,0.17461964615136766,1.8226627428184794,0.08149010113559124,20.115768038245438,109.63129932594049,0.9958094111990977,3.592878454789427,0.604776978304459,10.361961262164598,5
9.714373164285751,0.5139767877692525,0.3188090709557226,2.051795600504525,0.0987577156219195,4.139001311014811,51.992582844061275,1.001976869170006,3.5278991996302493,0.8054987915180482,10.932567141749029,6
11.21495122516755,0.4336036764402111,0.5414513439138267,2.4054084801548425,0.103035746491501,12.268183135270668,60.668430063498995,0.9999638759734992,3.280392262525508,0.9404257802348562,10.5529937738641,6
12.395671863354638,0.42284241045599524,0.2014547074118225,1.5855199330098073,0.11943845546634534,24.25169280084566,62.81725495473862,1.0010889124233715,3.1597186187748583,0.6601850222661828,10.115904304586875,5
7.378423128453469,0.4669108139749012,0.3193906995521435,2.2531222711165633,0.03724375572498613,8.742709475974566,15.233238314375388,0.994138239267175,3.403859631246637,0.6659733446469097,13.103186697434719,6
12.821846219194029,0.5034350276380153,0.6064281745345493,4.80507904097963,0.07726483149484054,7.43308659057603,14.99603830370673,1.0010318239536478,3.283462004274742,0.7918014663895683,11.283423744428204,7
7.523617059899287,0.5377965995293712,0.12207188950780694,1.531594739869917,0.08416238719605518,8.366432704277747,20.17971738256398,0.996761656314899,3.496856741270484,0.7160353135312223,10.29087810159519,6
8.332215615179482,0.6020448144091332,0.4082745223944453,2.6274510449422124,0.10763112479121688,24.892467859368267,34.7072480214271,0.9987329774072291,3.209294437651363,0.7342942758652361,10.178077489131732,5
8.512951022819976,0.6570144168549397,0.20840725057275913,7.962519930259219,0.08266555557456792,25.250780833899633,108.73405047516958,0.9983920782330308,3.3060307564561664,0.3838048732987689,9.57637519345534,5
7.811599960075418,0.607095886680171,0.053877570620423955,2.9551673702603107,0.0642847483834167,7.800343216299883,21.233957647810172,0.9930618280504314,3.39495960223443,0.6925719093413747,11.579840736844469,6
7.964769177459603,0.681935030095049,0.053096479439426386,3.1542331597935367,0.07719924006007134,11.982203273207254,23.856328007399963,0.9969514556437173,3.3928111295556604,0.5995464313077106,10.747061364661798,6
6.484632135266681,0.6302449786471541,0.3254019074930389,2.137258698004685,0.0753052341071668,22.731593762934107,58.68420589052398,0.9940105503095872,3.3709374255110847,0.6849938825049714,11.600182066075725,7
8.131077517081646,0.48991096600007933,0.17117902065942514,4.657982332330236,0.12690346957513893,15.725934859244552,63.53407517152056,0.9981071980643411,3.1740170513040566,0.5886540737350502,10.833515996670869,6
7.353872106509145,0.8267674601574342,0.4237949698976821,2.10766733573072,0.04780597078655724,40.885129919122456,169.99384526348786,0.9982497592821148,3.209056718680685,0.5198219931980708,9.145440138094894,5
6.661780322019555,0.6772521886386871,0.01734825814076471,1.6426186261807887,0.07047162856669342,1.0,6.0,0.9961622365001429,3.4091131062077515,0.6341077198117052,9.239713887500873,5
7.9464346331268,0.7843930793773773,0.14429349667501506,0.9775690121765208,0.0961659777533896,14.977546839810213,37.91404030705387,0.9959971568890192,3.2998087670675287,0.5241133510244643,9.684756353316939,5
8.089777312148232,0.65064488807199,0.47743177710947393,2.0366914884140197,0.11698671851063759,17.97986030472929,133.6536882674319,0.9968134038888573,3.2026025645516074,0.6572374023565936,9.65657902040495,5
8.063446091298745,0.5700083468080867,0.20896286372381923,2.148307804422684,0.09605716920538562,46.55357712355744,44.7643625781687,0.9966846111875974,3.165059231530503,0.510247052379021,9.197036309380971,5
7.161129582148436,0.4593747524470351,0.41299737558310634,1.2251274724822516,0.07124246066111231,8.949939619847747,92.5303830870314,0.9956189324062243,3.242293765057465,0.5800167161667297,9.569676624871212,5
7.843557962347278,1.58,0.0011196761676929151,2.532927520782839,0.146007979138644,5.523481176642013,25.660641677656947,0.9951705671347799,3.5778211951263046,0.5651632351013317,10.813762817444731,5
11.639237851754864,0.5242953095494368,0.465636909304963,1.6084287350544317,0.2130092149444191,6.913488402314489,40.51829132102506,0.9976381554921275,3.0607461178132818,0.7296785786803361,8.61311268919745,5
7.296876048217215,0.31731293045358566,0.5526654513917588,2.7160442933128572,0.10088788378098962,4.140467320859802,90.62550264964479,0.9959188926713767,3.3493094289705487,0.5841718436240586,10.19303524571937,6
7.442937429852957,0.6737879018875491,0.07504098745625123,2.3516825765878426,0.08090934870187906,35.082257743413656,71.17013859412181,0.9982527251605474,3.413177738916904,0.8301611704187217,9.933570501618313,6
9.469341455364042,0.45556177650942936,0.2842016881630687,3.4595483056899963,0.09098216063539859,28.982546928778167,71.5444126937873,0.9982274359168313,3.2342341508968016,0.6921647156065287,9.843670284541073,6
9.460378311671482,0.32854826141471455,0.6681016552803826,9.107341921545306,0.35962461541834106,13.455874297662398,53.107781028998886,0.9967667341552774,2.9818502546829335,0.37,8.970786728600514,6
8.834249640405002,0.5900762272353424,0.5165224209306204,5.025905013301268,0.09838530987774989,25.490943531161008,147.08024748108915,0.9999811833280652,3.264626685567165,0.9816186220768821,11.023243877722226,5
7.3232181449241835,0.5537648121504989,0.20318779151488958,5.9743886767503955,0.0920018904318425,25.46270290830477,65.86829619554837,0.9983178107811844,3.151676024542132,0.6677637512004988,9.901651646434942,4
7.410100192131046,0.87952631494336,0.35207889396379005,1.826436752352595,0.05651927048328179,19.290655187457876,30.311764542760738,0.9962268493623221,3.4124475279172484,0.4973314696767981,10.052944313936242,5
8.667931326236111,0.7568878731017904,0.0,3.2167140213416414,0.11039200399716148,7.769468829551857,45.8893487290493,0.9973514321062968,3.290785097537533,0.5477550581311482,10.686267529697727,3
9.06217032618881,0.3336854612052866,0.5276229279477395,2.2263717129276444,0.09248668181973123,6.403157763569518,14.23491546283756,0.9931966905383138,3.085295783718065,0.4152616563373597,11.000029206964,5
7.885615641132067,0.6493399773470266,0.5143382795887894,3.002937947036656,0.08306479388374766,16.439309484180775,22.35877177682778,0.9973659635805344,3.4287817975729475,0.5254359387116423,9.994371950390567,6
8.178541244671777,0.5225025480703146,0.12757318515944818,2.2836817390141704,0.0637035415816822,28.547041349751815,53.69589009448984,0.9943408473590515,3.4763692152329386,0.8106952955617437,11.3837388632589,6
12.202180584675128,0.48096011895510205,0.7212126292154436,4.382429402121424,0.11667400499598804,9.373653119024777,48.44344934768827,1.0013410918748042,3.25607457779791,0.7484260572038676,12.63825246822801,8
10.437895561951072,0.37039251600717715,0.28253254701280534,3.0045274951129266,0.07953796596660143,6.90465177072969,15.368511894573055,0.9975445156889707,3.0523753522467345,0.4012530609099749,10.344564353348183,6
7.734952524137894,0.16,0.16450597397605454,3.8327018845961063,0.08676311505248008,14.51616211647923,34.798386011897755,0.9975709119489689,3.3738995841314416,0.6677369915460698,11.223960213412036,7
7.546908525400205,0.5617122468426956,0.03995043453700431,5.443069884533866,0.09453426293193808,14.424728521825172,68.4447013574067,0.9929234871401458,3.504444851906527,0.6477288634781402,10.337726958978104,6
6.571062245992613,0.508679627451879,0.04231357736875782,1.8266151257844498,0.08071940653677709,23.34437580124086,36.62557748485773,0.9958756269129985,3.4363711541948865,0.5256507509535233,9.989726127181514,6
9.963309487101048,0.25726840347709595,0.37699866198949356,2.2746683828812024,0.1386660662209115,6.330196919657556,14.134423992727356,0.9972078699256617,3.183604002317902,0.9634223272589022,9.74860456765764,6
8.046705772325812,0.4193494523981544,0.31974466765771875,1.9409474215411298,0.06454808356012715,6.24513494767779,25.609078995659125,0.9947467610411912,3.2976141093143667,0.6817060603728492,12.047203369239623,7
8.856109320001783,0.4455578771961394,0.5878541579147029,4.098398194012854,0.0902969918827822,16.636835949944953,94.61575089966657,0.9997174714472882,3.182038052427056,0.7748899759172566,10.255645911376373,6
9.768268215905662,0.4280761374678563,0.5596251228040265,3.400391653378719,0.08750395329056244,15.359058758080575,26.499342623215725,0.9958608471637287,3.0909574826111093,0.6738836797386812,11.8735231599624,4
7.545428482186709,0.7918285684434749,0.06424992923294036,3.0939121316342417,0.10951110635303915,15.239284719805294,75.72292548940607,0.9965190170047237,3.284110020750428,0.558660313314478,9.434638287029015,5
8.557836581363826,0.5056882502959776,0.4064055246230958,2.894804411270189,0.08330455395506578,1.0,71.90964664201123,0.9977167944529771,3.269582718815893,0.5832338350354822,10.200361534591906,6
10.464017835206503,0.9755727664576496,0.28412389111715736,3.3920801838704064,0.07046208072907675,20.652029364766502,102.14424230703266,0.9988424267073158,3.1020156896991113,0.5216654351607561,10.008369310608748,7
8.513422807265822,0.6525020008351443,0.2786023677756329,4.858597570689785,0.3183535590649835,22.51580175289263,70.85979398263302,0.996451385501574,3.157402758422633,1.1826309566629252,9.703321930087775,5
9.434899418299429,0.47335460173341093,0.3783821104848631,2.316998379490767,0.08428521922304162,1.0,6.0,0.9945987740776683,2.9163688807733803,0.6317967821165185,9.463969646411575,7
9.748857888135323,0.16,0.50805948770463,2.1423889819526996,0.08322826873690348,10.509790035298744,108.16979792461831,0.9993704632647658,3.2109061700714525,0.48352636150896694,9.684536753054747,5
8.420983906634758,0.55932763098248,0.007990076550357793,1.6586758017635799,0.13063307442611874,1.0,95.20768694545445,0.9966073278987237,3.092636165554137,1.0066387722064374,9.350193197744257,5
5.747404741143059,0.6008735798629136,0.0014833795284002471,3.383346951208991,0.08965579742888963,10.613286370185948,6.0,0.9924940636384183,3.5413426043514855,0.7380464589083979,11.944229840197481,7
4.7,0.6021025489001399,0.12002386260854711,1.8032750250859946,0.05880896585689521,17.833684167269144,32.354848859572186,0.9924588367460327,3.501945129249709,0.608930251601869,13.364596746216899,5
7.594188602565327,0.6697477599336225,0.16124322211255165,8.956602965575192,0.09477493016908026,29.315733153593698,117.33045637815917,0.9959981396291616,3.5196940795307645,0.7126901950500715,10.103970082133792,6
6.939555560243476,0.7721581587052201,0.01920645462475935,1.9133942920047762,0.0895823497083032,15.71721856590229,92.65067377486193,0.9968917561797705,3.4605441323663446,0.651668602348649,9.134039986772164,4
10.49434961570319,0.4028624186797851,0.4514468515779203,3.6378771075204277,0.07579070244523395,6.876968761734339,75.02185232184586,0.9968555333621535,2.896968088803733,0.9175236331301116,10.431665007691654,5
8.58911146417974,0.4349284491315103,0.2826413094980769,2.231837868076777,0.09192362826389776,3.6037594480915103,14.505012260322271,0.99659640083424,3.129524509373457,0.6374713177184891,12.214118282620118,6
13.575961353515417,0.4102038193689693,0.7804307495482012,2.7446745643567185,0.09860787992663328,18.48597773271887,75.24465286200777,0.9968638148561504,3.2064990006300045,0.8281019131373579,10.653610875179039,8
6.533258528201561,0.7229435694932994,0.15523649809056062,2.4788655041205803,0.07189319091110201,4.423210155078799,59.104996302508,0.9966079630566741,3.6058159519948854,0.6174126314273998,11.046891254762734,5
7.970158018215271,0.7500830512704496,0.054194385154126286,4.70105200789724,0.012,6.367408083945657,17.80007649195227,0.9956415395183043,3.3350404370385056,0.7731488199608539,10.893425346283987,7
8.644792915099599,0.34342975049069596,0.29968844467016303,2.613452667849247,0.05938161118539374,20.60893374390795,70.62758515470574,0.9976956953998918,3.3453275507873586,0.6315161719087099,10.805182717224215,6
7.348944856041078,0.7600161418530659,0.16103491812218274,2.123100961764246,0.1072658677686851,7.563335650895393,11.915144623735472,0.9969714450770827,3.1787456508824516,0.5442327226667686,9.260957681902985,5
8.253531101293055,0.608267227254011,0.26410985423719074,1.7552032833924063,0.05998794641068082,33.63914986037392,17.773681775103277,0.9965689775895349,3.2538618710913343,0.6417340214846451,9.538569699919753,5
7.353508322415802,0.6464255534594769,0.06858228661386187,1.7644584282769677,0.24536409219363392,4.251962144627094,11.367141581246248,0.9975911648398025,3.3982599252046533,0.6656296759568161,9.806252994751539,6
7.073539849569801,0.6609744995097798,0.3809495770609018,1.063666063978407,0.0722666584037717,23.95420778906985,39.355652976942345,0.9951330771174461,3.3714934830670655,0.5386432412109609,9.679931887417546,7
5.470914170763154,0.7721996355989753,0.04235039484755848,1.8947167897439718,0.07276517595073762,18.9682007498821,25.369164736772827,0.9945400059899706,3.6136189550670976,0.6275282331901437,10.943288341272645,4
9.651685588094368,0.38462026182190096,0.44938233665068844,3.223416673779516,0.06682328332512222,6.497579068730115,10.894920320507838,0.9956486971468007,3.1254970692554185,0.7265072096220342,11.897376521586322,7
11.567324278011535,0.8886220438317689,0.2188611567063044,3.8072698487063596,0.07718139538564697,31.818586640660005,146.27276566751837,0.9968253259270112,3.1593583927533726,0.5262682166266137,9.492449171539977,5
6.13194316602787,0.485539691079999,0.12802784123911345,1.205498638805621,0.07729060462765477,9.117655443704974,12.26293868385098,0.9949279401933732,3.5478467394897506,0.6001428519487999,12.571961389566296,6
7.479044597149649,0.6272718505859015,0.41173612649604996,0.9328659585884793,0.11401154058980777,23.1691444309147,89.9384184805738,0.9971435333092774,3.248927531786355,0.6355545160004686,10.057899916131834,6
13.020243468644498,0.21521491447986457,0.5105922442212658,4.355305915278296,0.0771179778562275,15.492142220262775,33.54774152877308,0.9978676653364006,3.0793482649853994,0.5662914989572194,8.777424553410299,7
9.023801345186817,0.6983683837766376,0.1661293037703349,2.0323490326423683,0.10253820215675691,10.177406896498514,20.296362040295772,0.99757210520533,3.0421333148144063,0.6176630842286261,9.871368476977851,6
8.679922803950415,0.7756686384143432,0.06128626728930854,2.7969231437250595,0.08081900932105825,14.008261003942343,53.37216554372516,0.9949240677962832,3.4111621460572246,0.487737026354959,10.32943509786666,5
9.301915006891655,0.44674246557969755,0.44183705097023734,1.9038622117787662,0.0553448532482715,10.291993902535033,36.61112742207571,0.994434490542345,3.250305798189694,0.6202757406310382,11.933112703821505,8
13.041470708320512,0.33733253530043317,0.4739563011477146,6.391280438687878,0.08176224445387038,12.72226115462959,31.83334109535759,0.9991712964378467,3.0908120533651435,0.7086687542927086,10.747011298316819,6
7.653789467174324,0.625964189372259,0.22106323381063836,2.141637669102416,0.09674339504045609,3.7778744768372725,52.2038953485027,0.9976806285431385,3.2368180144546814,0.6979979821880996,9.84950749192385,5
9.583043821539174,0.3461513273089288,0.5954227998077926,1.9062727129039503,0.0733768850238673,7.39129648696406,19.10190013345811,0.9964334321129157,3.0900933336943983,0.6134538590340408,11.189754974007014,7
6.622019540322376,0.957975552654175,0.004777201578097117,1.9302449056835291,0.08897071151871482,5.287380499347256,8.80556752403714,0.9965371498358906,3.4244456796526217,0.37,10.811801397684626,6
9.90725922673806,0.4539703867159352,0.3723568521527947,2.0922259764435887,0.06521424572719028,2.68978972285258,17.37786202284783,0.9971205516159347,3.22671971040391,0.7954390305605472,9.836529324828572,7
6.394534759616111,0.44243388591686134,0.19978593126970928,1.8169825974573008,0.09649715841800927,12.698897229000965,21.698133371169884,0.9953295242288925,3.2458167497431263,1.0107504983060478,10.200727821050032,7
7.4037786876270495,0.3254568333851101,0.41951551806738163,0.9,0.06253254977634651,1.0,40.266195314857704,0.9953525432966003,3.3436309785636755,0.5474469152929093,11.095736253171154,5
8.343427287783124,0.4884402812797033,0.44908291526977634,0.9,0.08968186285774832,12.624126993583872,27.277878446116837,0.9977717530149784,3.3589803591144642,0.5483512567387104,9.784893141736994,5
8.409674117745714,0.3571374951882802,0.46909271024267807,3.939415885312525,0.0907344239814705,2.040373458323651,8.736563264710725,0.9959183465787936,3.1923882616842967,0.6560484342676717,11.283289208134605,7
6.971785680952599,0.466187522461068,0.43804559790282044,3.0445889446626144,0.025039427720780022,20.47511566360675,42.31468648850972,0.9940931726227902,3.296147252086113,1.1380945861184797,12.570011691854761,7
6.48589183389834,0.5880561795122417,0.048673785974547204,2.21016337915882,0.040279369583793405,18.40855856332559,34.63614005063911,0.9998982274191479,3.4831203149462975,0.5868294116092063,10.156336003571704,6
10.151179378685695,0.27462894979976565,0.5240058068606591,2.088036000044405,0.07727515800619844,15.849307673765818,24.66444945586992,0.9961026761024743,3.224273125473619,1.3306867186297235,10.306689908237233,8
7.772761403400247,0.7724371418735635,0.1917330201204412,2.439767779974449,0.07864058849279147,13.79809269753506,36.21584840950342,0.9976097624043535,3.3016761413152333,0.6209319541673237,10.32725264656736,5
8.642958988037817,0.43058484236163846,0.5312914983462581,5.352297189253575,0.12214173797467509,18.43599993686131,14.935537662442314,0.9963757275352683,3.3257021826896778,0.4007561779525332,10.181922288093169,5
10.773682985295656,0.41970431371413935,0.44449943362725775,1.5490918860978773,0.06942414936124265,9.035022724591492,6.0,0.9952927428297287,3.1983648791024293,0.7567414971659594,10.380437163866974,5
8.885487525694117,0.4252460421850169,0.34033528397238155,2.038955938648022,0.05758451695158622,44.47484208222319,66.36617178809003,0.9954221799061268,3.4305118720939216,0.8468463752304848,9.914530116851935,5
7.180633616074794,0.5305426666787713,0.1738007752026043,2.1841009144081722,0.1519943916137761,9.252160462058601,56.57967020261165,0.9967275996534727,3.421035445419661,0.7057767354987969,10.77534009433173,6
6.607031963103847,0.8052615592211104,0.09767048893038238,2.779452020145023,0.09016256222142227,8.889088964333268,27.128112507305367,0.9953255773931375,3.6727484806537065,0.6535040277521366,12.223234143833233,6
6.615937465899734,0.48184861836749576,0.30371030695654044,1.8637945403317968,0.07230756104225591,32.504780959698316,69.8254445638844,0.9968361501474746,3.343433080147496,0.6218950138389816,10.383404927172041,5
7.1664879194144,0.6431664946959452,0.2723562895046461,2.6062956565670077,0.11872837117482957,11.101525030180408,58.33361864761682,0.9952005406358843,3.314251470997939,0.6342461062301543,9.716739492839599,5
6.583680272426702,0.28924301437334005,0.16146346433620484,4.814254535892624,0.08370032948650187,1.0,64.33347704688396,0.9961685795706887,3.615627699000123,0.7065096810096438,10.507609674658118,5
6.398265418330198,0.6740563820734626,0.0,1.6223041469566852,0.07158006883104115,7.080324441931143,55.37802471692093,0.9955547107858248,3.6238720644780105,0.6997158111438319,10.256636614233155,5
7.7925760808594156,0.6434659162512549,0.018920182750246484,2.081067099686632,0.1163785979513922,8.340668403751359,34.24338380014253,0.9990188615806506,3.578805509154116,0.7456272822428266,9.862815187350996,5
10.384375731698139,0.6625927641232899,0.3296509349958747,3.1445411876784477,0.08381465725534289,25.99744497509154,52.597749853798575,0.9989110317119361,3.350528983080765,0.5917804464159541,9.701448997691656,5
8.419416710418067,0.3648578815345999,0.1898047003340224,2.1336108491313928,0.08065065301993068,9.995087553010054,24.794479509914584,0.9975025747990796,3.3963041002762715,0.9210534208783366,10.593305491616585,6
7.602888248230577,0.4879831957350695,0.15836541309323418,3.239403207826665,0.07701180089588011,15.24537035607099,16.3453336583151,0.9964746995399774,3.3897959280083843,0.4794229073374154,9.919008051817585,4
8.629441832844908,0.41760352492957914,0.33915544780678086,1.6101598123571759,0.0681791498330191,17.81241218155006,24.679813445021388,0.9975993779787076,3.0885683535934416,0.5742250283721595,9.700513492364669,6
10.90757994479679,0.3532323849522059,0.4735276970355878,2.4852967384221634,0.04643709295557612,18.019351641358902,20.295603262250147,0.997913911266899,3.061550714548358,0.7243875570151111,10.375641129866038,5
6.86816964983969,0.46889456002460345,0.29336606658441955,1.7389668889461436,0.07870066526198102,33.84360445536637,43.82017060424806,0.995074346714301,3.629646122669304,0.635911293358297,10.69446007838095,6
7.611198740942427,0.34450060725083076,0.4616590762613979,1.9792916764827746,0.053936514236302864,10.74503980954201,82.46689902416854,0.9939677320024494,3.228008284393317,0.6943902850633413,10.829053041392905,6
10.223810490615318,0.4744442404017969,0.43622171376722507,4.0839488925477045,0.18358898221315598,8.574582552718569,16.618943162795446,1.0013957446542936,3.268634889643756,0.8056466701321665,9.958078313354843,6
7.38535986303855,0.43211205263645097,0.5476419838232658,2.537380603016266,0.14251141700738587,4.7214113490069,20.05906608534948,1.0000084960668683,3.265825226583911,0.6569605685694073,12.205584176159697,5
7.314481207709845,0.260918746543738,0.4305435924919758,2.3583693414804756,0.11283347499635878,8.400339385607225,6.0,0.9950102082413596,3.2707409871961253,0.7832402954418414,11.760893494957893,7
6.254851966745045,0.40379558977522567,0.06844138522372573,1.5439109327878122,0.042033107643152476,12.804502436045432,33.19294026234309,0.9954050701374776,3.372228143992998,0.5379718415875365,12.409208910857169,7
9.26905170734375,0.6497311909010492,0.43653563157150543,1.8936994928130286,0.19790666707303334,22.100421944688417,70.5850316271218,0.9966582232039349,3.043238059077145,1.051287681049546,9.078188777947334,6
8.103767862390049,0.7285662712059918,0.27040355138298766,2.7008495694286334,0.0803076177566175,18.301377476779344,91.86684102497475,0.9975296667552268,3.195223406598049,0.4788677905227049,9.544241309867816,6
12.165583834997374,0.4244990908985733,0.5944632580231448,2.899616828521495,0.1580698555583595,31.883379770779534,19.493397701507686,0.9980224543580536,3.249242442866358,0.7865733023641153,9.117713880574295,7
8.276639809181717,0.6120251616030035,0.21418594087199133,2.7339146664488947,0.086902716161133,22.797926073740562,50.99965687480615,0.9996965470830377,3.403168877110431,0.761470314919446,13.375657586964367,6
8.750092421763181,0.7546257293133681,0.20053544906055565,6.429855827773705,0.1067916891286383,15.605694034624792,178.5171167677899,0.9972197848157371,3.2280154560838863,0.42135407418236026,9.323207629851218,5
6.724239551296424,0.6966045043795916,0.11426394646767915,1.612237422863248,0.07143831572935348,16.749245654442312,35.91336620092165,0.9949182089368,3.4128798763702277,0.7131432015605598,11.65088159076029,6
6.0029265513704875,0.3104301702688413,0.0,3.3920882905996206,0.08575211136483624,30.593302408366178,79.99041509025338,0.9963891156386834,3.374342086368735,0.43164977926473885,9.683806793424688,5
5.794599070327253,1.158207751219009,0.08928779641029277,3.8512430184175894,0.056495940284075306,1.0,30.23961486062062,0.9947549998376194,3.829915721923656,0.5256265207103061,10.148817101392607,4
8.481680550005718,0.7120758614647406,0.37334520919130926,2.682230741735223,0.06585599371451631,7.036470810981029,19.917767685900902,0.9988443613453926,3.22956540290385,0.5280558540776649,10.426778388187678,6
7.25839675905306,0.5847317188480106,0.27114876861273285,2.79348364831315,0.07417590669768406,2.4980030840230576,26.592442387752932,0.9946171110517988,3.5344205357388074,0.7262323837458367,12.443359483664334,7
6.984658321959831,0.3184549759527812,0.27059550167978946,2.2923755552545977,0.07939094327877609,9.137198554330418,25.921867845066725,0.9947580475610996,3.3504078687136785,0.7406436185813062,11.390140217429051,6
7.204883504624281,0.2622628593681826,0.41362194672996566,2.9019861020912994,0.17619112201956139,8.131880142357925,14.328131079128845,0.9963307132054637,3.136191709978015,0.9114420504002421,11.434833473622753,6
7.458265090839118,0.5988386912755237,0.11576494189176048,1.4317504042047644,0.06863185111019901,5.711502606419783,30.395370110884546,0.9978075749156298,3.5031217393511005,0.8439866700993158,10.579291295461026,6
7.09365889769326,0.6261195508474253,0.459057436004119,1.7731960313944652,0.07315294392919353,10.297145380398854,69.18376050745827,0.9966223974917067,3.1089399498004098,0.6570895391511519,10.016616496657345,5
7.837370493233451,0.6942452776056972,0.1354179387109437,2.9144862628057355,0.09429858384831129,26.306577716126075,37.43869700546205,0.9989339844844126,3.3468116364426335,0.5698250340822446,8.896684112048167,6
6.297232939386799,0.40319764076867937,0.13814754804815715,1.5263640781404324,0.06448213640874811,27.516102292064495,52.462357546682824,0.9954021283669187,3.317863510880848,0.5531775014534503,9.970733429386458,5
8.105040735161259,0.7246066897072102,0.18271339168629339,2.1063256717943295,0.08900520198028963,7.360395695977976,22.28036568753291,0.9951239204262126,3.213079085298449,0.900341026222798,11.279064778608744,6
7.119143277316498,0.7920554333799095,0.3439359052434892,4.958620749584499,0.12911443231338765,40.67577131156915,103.1872088420991,0.9986414890041819,3.294714968168775,0.674525683754185,10.839534671709588,5
7.55154776805174,0.599106436652532,0.13487044727411096,1.9855791981428619,0.07456795871010152,21.313009374562476,74.95828990408478,0.9982571733642345,3.2243685752464346,0.5466949031013749,9.407050928022366,6
8.298822324263387,0.33809873105354765,0.40485204315005385,3.392511083499505,0.0970345400438245,6.306681911957192,57.94638720907397,0.9935148168348589,3.188471404556794,0.5691804185256875,12.878240698520973,6
6.989579315490013,0.2587901701337122,0.2513654017822263,2.609570028016191,0.07860788734151641,19.121853219955327,43.874053816974715,0.9943547178855837,3.3910995030348654,0.7842543677819058,10.294157287394597,6
9.183758911074436,0.39022375615481125,0.4737804267471483,1.9226605772468386,0.06677429657441804,20.569071648235866,115.11995850295017,0.9991118697758771,3.180302690406081,0.6313593060113158,9.81749287346867,7
10.630510294497435,0.40676665631770104,0.7073614647025177,3.3840116450060362,0.06147935147948004,11.048422935381904,32.697448749389075,0.9994296721257753,3.130125344002722,0.6883248822617584,13.072073245264331,6
9.018563712385477,0.5844003163721856,0.28180645350719397,1.7392491008530166,0.06426202717739345,14.488958586387804,42.78074574573299,0.9978956974198206,3.5111969149816766,0.8227520981206453,9.832170038553532,6
8.960248151106821,0.3429636785716096,0.4870029127040955,2.759921580132999,0.08717294835048708,10.1549502897495,6.0,0.9975852576949674,3.2034682282660816,0.6847315788429014,11.856598354389154,7
8.33690875291484,0.5667172714097386,0.2628134075800024,2.428284940154345,0.07389495838931141,11.568879564450727,92.45513947692459,0.9966937213242143,3.225303156664057,0.568558256732603,9.938284148301076,5
7.015352758920783,0.731853947574017,0.20028213478598617,1.8122374523837101,0.07578717908253893,16.29965142786831,45.94956270488555,0.9969845403186263,3.3234332817470356,0.7652976154715099,9.69098416398693,5
8.737064683579108,0.7782445736253035,0.23085323648090025,0.9,0.09424212060387625,7.826083665499262,86.69304917057711,0.9952128032736913,3.358128923361596,0.5787724830243504,10.208034357149153,5
7.107465938828891,0.8980307806970365,0.13998681549097206,2.554496648989027,0.05539398496952345,10.964977411662437,18.804334114947174,0.9973876244984871,3.571492030890089,0.7582022332260934,11.793527879497821,7
7.423485330286903,0.6406561216725514,0.17132209566773368,2.3306769348250307,0.08453849763482198,22.237537258045933,43.461836386709834,0.9958078147593555,3.4622564644979876,0.7956056608329733,10.30579465718641,6
