age,job,marital,education,default,balance,housing,loan,contact,campaign,previous,poutcome,y
36,services,married,secondary,no,6405,yes,no,unknown,13,2,unknown,0
35,technician,married,secondary,no,839,yes,no,cellular,3,2,unknown,0
38,services,single,secondary,no,11444,yes,no,cellular,5,1,unknown,0
48,blue-collar,married,primary,no,9793,yes,no,unknown,6,0,unknown,1
29,unknown,single,unknown,no,6538,no,no,cellular,2,4,failure,0
35,management,single,tertiary,no,6665,yes,no,cellular,2,2,unknown,0
42,blue-collar,married,primary,no,7319,yes,no,unknown,6,2,unknown,0
60,management,married,tertiary,no,16085,yes,no,unknown,2,1,unknown,1
33,services,married,secondary,no,-2026,yes,no,unknown,6,2,unknown,0
36,blue-collar,divorced,secondary,no,48,no,no,unknown,4,1,unknown,0
27,management,single,secondary,no,3962,no,yes,cellular,5,2,unknown,0
42,admin.,divorced,secondary,no,-992,yes,no,unknown,6,1,unknown,0
39,entrepreneur,married,tertiary,no,2769,no,yes,cellular,4,2,unknown,0
35,technician,married,secondary,no,-222,no,no,cellular,5,2,unknown,0
37,management,married,tertiary,no,9604,yes,no,cellular,4,1,unknown,0
29,self-employed,single,tertiary,no,6588,no,no,cellular,4,2,unknown,0
51,management,married,secondary,no,3189,yes,no,cellular,18,1,failure,0
36,technician,married,tertiary,no,-590,no,yes,telephone,4,8,other,1
41,management,married,tertiary,no,8556,no,no,unknown,5,0,unknown,0
29,management,married,tertiary,no,-2961,yes,no,unknown,4,2,unknown,0
29,blue-collar,divorced,secondary,no,-1740,yes,yes,cellular,2,7,other,0
45,blue-collar,single,secondary,no,263,no,no,unknown,1,2,unknown,0
36,technician,married,secondary,no,2344,no,no,unknown,2,0,unknown,0
27,management,married,secondary,no,2835,yes,no,unknown,2,1,unknown,1
58,technician,married,tertiary,no,11119,no,no,cellular,5,1,unknown,0
28,admin.,single,secondary,no,3377,yes,no,telephone,2,1,unknown,0
63,management,married,tertiary,no,2219,yes,no,unknown,3,0,unknown,0
61,blue-collar,single,secondary,no,-545,yes,no,cellular,1,0,unknown,0
56,housemaid,married,tertiary,no,746,no,no,unknown,4,1,unknown,0
52,technician,married,secondary,no,-2124,yes,no,cellular,5,2,unknown,0
43,admin.,married,secondary,no,-2596,yes,no,cellular,2,0,unknown,0
58,services,married,secondary,no,-179,no,no,telephone,2,4,failure,1
51,management,single,tertiary,no,1193,yes,no,cellular,3,1,success,1
43,blue-collar,married,secondary,no,2029,yes,no,telephone,5,9,success,1
30,services,married,secondary,no,-1714,yes,no,cellular,10,2,unknown,1
49,admin.,married,secondary,no,436,no,no,telephone,5,1,unknown,0
37,admin.,single,primary,no,-2268,yes,no,cellular,3,1,unknown,0
51,management,married,tertiary,no,1952,no,no,unknown,5,2,unknown,0
33,blue-collar,married,secondary,no,-1564,yes,no,cellular,1,4,failure,0
32,self-employed,single,tertiary,no,-1156,no,no,cellular,3,1,failure,0
35,blue-collar,married,primary,no,-2418,yes,no,cellular,3,2,failure,0
47,management,divorced,tertiary,no,2188,yes,no,unknown,6,2,unknown,0
40,blue-collar,married,secondary,no,-1688,yes,no,cellular,5,2,unknown,0
42,admin.,married,secondary,no,-2375,yes,no,unknown,5,1,unknown,0
40,technician,married,secondary,no,1204,yes,no,cellular,5,1,unknown,0
35,services,married,tertiary,no,641,yes,yes,unknown,11,2,unknown,0
29,admin.,single,secondary,no,3152,yes,no,unknown,5,1,unknown,0
37,blue-collar,divorced,secondary,no,-1802,no,no,unknown,1,1,unknown,0
43,blue-collar,single,primary,no,3538,yes,no,cellular,3,1,unknown,0
32,management,single,tertiary,no,-1875,no,no,unknown,3,1,unknown,0
37,technician,single,secondary,no,1094,yes,yes,unknown,4,1,unknown,0
28,student,married,secondary,no,-266,no,no,cellular,1,2,unknown,0
52,technician,married,secondary,no,-3126,yes,no,cellular,2,1,unknown,0
44,technician,married,secondary,no,2887,yes,no,cellular,2,1,unknown,0
60,blue-collar,married,primary,no,-2864,yes,yes,unknown,7,1,unknown,0
51,management,married,tertiary,no,1706,no,no,cellular,4,1,failure,0
46,admin.,married,secondary,no,2485,yes,no,cellular,3,6,failure,1
34,management,single,primary,no,69,yes,no,telephone,4,1,unknown,0
21,management,single,tertiary,no,2844,yes,no,unknown,4,1,unknown,0
32,entrepreneur,single,primary,no,-104,no,no,unknown,2,2,unknown,0
40,blue-collar,married,tertiary,no,-868,yes,no,cellular,6,0,unknown,0
52,housemaid,married,secondary,no,3295,no,no,cellular,2,2,other,1
59,technician,married,secondary,no,2629,no,yes,cellular,3,0,unknown,0
34,admin.,married,tertiary,no,-1259,no,no,cellular,5,1,unknown,0
34,services,married,secondary,no,-1484,no,no,cellular,5,1,unknown,0
66,management,married,tertiary,no,1414,no,no,cellular,4,1,unknown,0
53,services,married,secondary,no,-2098,yes,no,unknown,2,2,unknown,1
52,management,married,tertiary,no,1639,yes,yes,cellular,7,2,unknown,0
44,management,married,tertiary,no,-1563,no,no,cellular,2,2,unknown,1
45,blue-collar,single,primary,no,625,yes,no,cellular,5,1,unknown,0
35,blue-collar,married,primary,no,-556,yes,no,cellular,3,2,unknown,0
26,blue-collar,single,secondary,no,5231,yes,no,cellular,3,2,unknown,0
50,technician,married,secondary,no,-2137,yes,no,unknown,4,2,unknown,0
45,management,married,secondary,no,-2628,yes,no,unknown,4,2,unknown,0
39,management,married,secondary,no,3727,yes,no,cellular,4,2,unknown,0
57,retired,married,primary,no,682,no,no,telephone,4,2,unknown,0
33,blue-collar,married,primary,no,-2617,yes,no,cellular,5,1,unknown,0
34,management,single,tertiary,no,8678,yes,yes,cellular,2,1,unknown,0
29,technician,divorced,secondary,no,-522,yes,no,cellular,10,2,unknown,0
41,technician,married,primary,no,-1851,yes,no,cellular,5,0,unknown,0
60,retired,married,secondary,no,3156,no,no,cellular,2,1,failure,0
27,admin.,married,secondary,no,4013,yes,yes,cellular,1,1,failure,0
36,management,married,tertiary,no,2887,yes,no,unknown,5,1,unknown,0
33,blue-collar,married,secondary,no,3785,yes,no,cellular,6,6,other,0
40,unemployed,married,tertiary,no,3454,no,no,unknown,2,2,unknown,0
34,management,married,tertiary,no,-2161,no,yes,cellular,2,1,unknown,0
60,retired,divorced,tertiary,no,1541,no,no,cellular,1,1,other,1
58,admin.,married,secondary,no,4099,no,yes,unknown,6,1,unknown,0
38,technician,married,secondary,no,11175,yes,no,cellular,5,0,unknown,1
54,management,married,tertiary,no,-1540,yes,no,cellular,2,2,failure,0
37,admin.,divorced,secondary,no,-1926,yes,yes,unknown,1,1,unknown,1
39,services,married,unknown,no,1949,no,no,telephone,4,1,unknown,0
34,blue-collar,married,secondary,no,1083,yes,no,unknown,2,1,unknown,0
35,technician,divorced,secondary,yes,-3143,no,no,cellular,2,2,unknown,0
59,technician,single,secondary,no,1875,no,no,cellular,4,1,unknown,0
51,management,married,unknown,no,-825,yes,no,cellular,5,2,unknown,0
30,blue-collar,married,secondary,no,1736,yes,yes,telephone,3,2,unknown,0
31,technician,single,secondary,no,2344,yes,no,cellular,13,1,unknown,0
50,technician,married,secondary,no,2926,no,no,cellular,4,0,unknown,0
28,blue-collar,single,primary,no,3906,yes,no,telephone,1,1,unknown,0
44,management,married,tertiary,no,7146,no,no,unknown,1,1,unknown,0
52,entrepreneur,married,secondary,no,-3281,no,no,unknown,4,0,unknown,0
47,services,married,secondary,no,4093,no,no,unknown,4,0,unknown,0
42,blue-collar,married,primary,no,-1893,no,no,cellular,3,2,unknown,0
35,management,married,tertiary,no,3706,yes,no,cellular,5,0,failure,0
32,blue-collar,divorced,unknown,no,-612,no,no,unknown,6,1,unknown,0
35,admin.,single,tertiary,no,-2142,yes,no,cellular,4,1,failure,0
44,technician,single,secondary,no,-2999,yes,yes,cellular,14,7,success,0
42,housemaid,married,tertiary,no,1849,no,no,unknown,3,0,unknown,0
28,management,single,tertiary,no,-385,yes,no,cellular,5,0,unknown,0
29,admin.,married,secondary,no,3188,no,no,cellular,4,2,unknown,0
32,services,single,secondary,no,-2314,yes,no,cellular,3,2,unknown,0
51,admin.,married,secondary,no,-1136,yes,yes,cellular,2,1,unknown,0
42,admin.,single,secondary,no,9545,yes,no,cellular,2,4,failure,0
61,management,married,tertiary,no,-1562,yes,yes,cellular,5,0,unknown,0
35,admin.,divorced,secondary,no,2953,no,no,unknown,16,2,unknown,0
36,entrepreneur,married,secondary,no,2805,yes,yes,unknown,6,1,unknown,0
44,blue-collar,married,unknown,no,-2014,no,no,telephone,3,1,unknown,0
33,technician,single,secondary,no,3729,no,no,telephone,5,1,unknown,0
42,blue-collar,married,secondary,no,8741,no,no,telephone,2,1,unknown,0
39,services,single,secondary,no,3070,yes,no,cellular,1,2,unknown,0
59,retired,divorced,secondary,no,-1406,no,no,telephone,2,3,other,0
56,self-employed,married,primary,no,5529,no,no,cellular,3,2,unknown,0
48,entrepreneur,divorced,secondary,no,2186,no,no,cellular,1,0,unknown,0
48,technician,married,tertiary,no,-1034,no,no,telephone,9,0,unknown,0
73,retired,married,primary,no,-1170,yes,no,cellular,1,2,other,0
27,unemployed,single,secondary,no,-1967,yes,no,cellular,4,2,unknown,1
37,blue-collar,divorced,tertiary,no,-1897,yes,no,unknown,2,1,unknown,0
85,retired,divorced,secondary,no,1387,yes,no,cellular,7,1,failure,0
34,self-employed,married,secondary,no,2628,no,no,telephone,6,0,unknown,0
40,admin.,married,tertiary,no,-1163,yes,yes,cellular,4,2,unknown,0
37,technician,married,unknown,no,3239,no,no,cellular,5,2,unknown,0
26,blue-collar,married,primary,no,3734,yes,no,unknown,4,1,unknown,0
43,admin.,married,secondary,no,3090,yes,no,cellular,2,2,unknown,0
46,management,married,tertiary,no,-955,no,yes,cellular,4,1,other,0
29,student,married,unknown,no,871,no,no,cellular,5,1,unknown,0
55,blue-collar,married,primary,no,1398,yes,no,cellular,4,1,unknown,0
33,admin.,single,secondary,no,3686,yes,yes,cellular,1,2,unknown,0
41,technician,single,unknown,no,-2243,yes,yes,unknown,6,1,unknown,0
35,management,married,tertiary,no,16187,yes,no,cellular,4,3,failure,0
33,self-employed,married,tertiary,no,-2367,no,no,cellular,5,1,unknown,0
31,services,single,secondary,no,2287,no,no,cellular,5,1,unknown,0
50,technician,married,secondary,no,3864,no,no,cellular,10,0,unknown,0
58,blue-collar,married,secondary,no,1373,yes,no,telephone,4,2,unknown,0
61,blue-collar,married,primary,no,-3104,yes,no,cellular,5,1,unknown,0
21,services,single,secondary,no,1419,yes,no,telephone,5,2,other,0
46,technician,married,secondary,no,-3100,no,no,telephone,4,1,unknown,0
33,management,married,tertiary,no,851,yes,no,telephone,5,2,success,0
28,technician,single,secondary,no,1347,no,no,unknown,5,1,unknown,1
25,management,single,primary,no,2705,yes,no,unknown,2,1,unknown,0
34,services,married,secondary,no,1263,no,no,cellular,6,2,unknown,0
54,admin.,married,tertiary,no,23,yes,no,unknown,5,0,unknown,0
37,technician,single,secondary,no,1141,no,yes,unknown,6,1,unknown,0
48,management,married,tertiary,no,-1329,yes,no,unknown,4,0,unknown,0
62,entrepreneur,married,primary,no,3627,yes,yes,cellular,2,0,unknown,0
28,technician,single,tertiary,no,10616,yes,no,cellular,3,1,unknown,1
55,blue-collar,married,primary,no,3957,yes,no,cellular,3,0,unknown,0
37,admin.,divorced,secondary,no,3181,yes,yes,cellular,1,1,unknown,0
38,management,single,tertiary,no,2278,no,no,unknown,4,1,unknown,0
31,unemployed,single,secondary,no,-426,yes,no,cellular,2,1,other,0
32,blue-collar,married,primary,no,1443,yes,no,cellular,10,2,success,1
33,management,married,tertiary,no,3356,yes,yes,cellular,12,0,unknown,0
34,admin.,married,secondary,no,-2406,yes,no,unknown,4,1,unknown,0
46,management,married,secondary,no,3790,yes,no,cellular,6,0,failure,0
38,management,married,secondary,no,-2954,yes,no,unknown,4,0,unknown,0
38,technician,single,secondary,no,1207,no,no,cellular,2,1,unknown,0
41,management,married,unknown,no,4114,no,no,cellular,3,2,unknown,0
27,blue-collar,single,primary,no,3246,yes,no,cellular,4,2,success,1
34,technician,single,secondary,no,80,no,yes,cellular,4,1,unknown,0
86,retired,married,primary,no,-544,yes,yes,cellular,4,1,other,0
58,management,married,tertiary,no,767,yes,no,unknown,2,2,unknown,0
49,blue-collar,married,primary,no,207,yes,no,telephone,5,0,failure,0
44,admin.,single,secondary,no,-1927,no,yes,telephone,4,0,unknown,0
38,management,married,secondary,no,-770,yes,no,cellular,10,2,unknown,0
48,technician,married,secondary,no,-3157,yes,no,cellular,5,0,failure,0
47,management,married,secondary,no,-2852,yes,no,cellular,4,5,other,0
45,blue-collar,married,secondary,no,1818,yes,no,cellular,2,2,unknown,0
31,admin.,single,secondary,no,532,no,yes,unknown,2,2,unknown,0
38,services,married,secondary,no,-2473,yes,no,unknown,5,0,unknown,0
51,blue-collar,married,primary,no,-1116,yes,yes,unknown,5,1,unknown,0
42,technician,single,secondary,no,-2632,yes,no,unknown,4,1,unknown,0
37,admin.,married,secondary,no,628,no,no,unknown,2,2,unknown,0
35,entrepreneur,married,primary,no,-782,yes,no,cellular,2,1,unknown,0
39,blue-collar,married,secondary,no,3733,no,no,cellular,4,1,unknown,0
33,technician,married,secondary,no,1052,yes,no,unknown,4,1,unknown,0
58,retired,divorced,secondary,no,843,yes,no,cellular,5,2,unknown,0
35,management,married,tertiary,no,2976,no,yes,unknown,2,2,unknown,0
32,blue-collar,married,secondary,no,3731,yes,no,unknown,2,2,unknown,0
45,blue-collar,married,primary,no,-394,yes,no,cellular,1,1,unknown,0
54,blue-collar,married,secondary,yes,3275,yes,yes,cellular,8,2,unknown,0
40,management,single,tertiary,no,793,yes,no,cellular,3,2,unknown,0
27,management,married,tertiary,no,2841,yes,no,cellular,4,1,unknown,0
26,student,single,secondary,no,-2587,no,no,unknown,5,2,unknown,0
45,management,married,secondary,no,1638,no,no,cellular,1,1,unknown,0
31,blue-collar,single,primary,no,1777,no,yes,cellular,3,2,unknown,0
41,blue-collar,married,secondary,no,-2619,yes,no,cellular,10,0,unknown,0
61,management,married,tertiary,no,3155,no,no,cellular,4,1,unknown,0
56,retired,married,secondary,no,1684,no,yes,cellular,5,2,unknown,0
36,management,single,tertiary,no,3172,no,no,cellular,2,2,unknown,0
50,entrepreneur,divorced,secondary,no,-1353,no,yes,cellular,4,3,failure,0
26,services,married,primary,no,-1674,yes,no,cellular,6,2,unknown,0
32,blue-collar,married,secondary,no,-407,no,no,unknown,4,0,unknown,0
21,student,single,secondary,yes,-2933,no,no,cellular,5,2,unknown,0
31,technician,married,secondary,no,1648,yes,yes,cellular,3,0,unknown,0
42,blue-collar,single,secondary,no,1379,no,no,cellular,4,1,unknown,0
41,unknown,married,tertiary,no,2880,no,no,unknown,2,1,unknown,0
39,blue-collar,married,secondary,no,-1968,yes,no,unknown,1,0,unknown,1
41,technician,married,secondary,no,3245,yes,no,cellular,5,2,failure,0
29,admin.,single,secondary,no,9547,yes,no,cellular,13,2,unknown,0
45,blue-collar,married,primary,no,3965,no,no,cellular,2,2,unknown,1
31,management,single,tertiary,no,61,yes,no,cellular,2,1,unknown,0
58,services,married,secondary,no,-862,yes,no,cellular,7,2,unknown,0
27,management,single,tertiary,no,3507,yes,no,cellular,2,2,unknown,0
50,management,married,tertiary,no,3532,no,no,unknown,5,2,unknown,0
29,admin.,single,unknown,no,-1842,yes,no,cellular,3,1,unknown,0
48,technician,married,tertiary,no,-2970,no,no,cellular,4,2,unknown,0
31,admin.,single,tertiary,no,3470,yes,no,unknown,5,1,unknown,0
37,management,single,tertiary,no,7867,no,no,cellular,3,1,unknown,0
59,technician,single,tertiary,no,-241,yes,no,unknown,6,1,unknown,0
35,technician,single,secondary,no,-1638,yes,no,cellular,5,2,unknown,0
47,management,married,secondary,no,8964,yes,no,unknown,14,2,unknown,0
28,blue-collar,single,secondary,no,3336,yes,yes,cellular,4,0,unknown,0
38,management,married,tertiary,no,6795,yes,no,cellular,1,2,unknown,0
58,services,married,secondary,no,2289,yes,no,unknown,7,1,unknown,0
30,management,married,tertiary,no,17663,yes,no,cellular,4,2,unknown,0
35,technician,married,secondary,no,-2581,no,no,cellular,3,0,failure,0
30,management,single,tertiary,no,8787,yes,yes,cellular,4,2,unknown,0
47,blue-collar,married,secondary,no,778,yes,no,unknown,5,1,unknown,0
33,housemaid,married,secondary,no,-2033,yes,no,cellular,3,2,unknown,0
52,management,married,tertiary,no,-2432,no,no,unknown,3,2,unknown,0
27,self-employed,single,tertiary,no,846,yes,no,cellular,4,4,failure,0
30,self-employed,married,tertiary,no,-2015,yes,no,cellular,9,1,failure,0
28,services,single,secondary,no,-1536,yes,no,cellular,5,0,unknown,0
34,admin.,single,secondary,no,-2258,yes,no,unknown,4,1,unknown,0
52,unemployed,single,primary,no,-2115,yes,no,unknown,3,1,unknown,0
52,management,single,tertiary,no,3416,no,no,cellular,6,0,unknown,0
42,management,married,tertiary,no,11336,no,no,unknown,5,1,unknown,1
40,blue-collar,single,primary,no,779,yes,yes,cellular,8,2,unknown,1
29,management,divorced,tertiary,no,15147,yes,no,cellular,4,0,unknown,0
61,admin.,married,secondary,no,-3065,no,no,unknown,4,2,unknown,0
39,technician,single,secondary,no,-572,no,no,cellular,2,7,success,1
46,management,married,tertiary,no,-1593,yes,no,cellular,3,1,unknown,0
43,management,single,primary,no,-1170,no,no,cellular,4,1,unknown,0
34,admin.,married,secondary,no,2107,no,yes,cellular,3,5,success,1
26,management,single,tertiary,no,591,yes,no,cellular,4,1,unknown,0
39,blue-collar,married,secondary,no,1112,yes,no,cellular,6,2,failure,0
37,management,single,tertiary,no,-636,no,no,unknown,1,0,unknown,0
37,services,married,tertiary,no,3958,yes,no,cellular,5,0,unknown,0
45,unemployed,married,tertiary,no,3641,no,no,cellular,6,1,unknown,0
38,services,married,secondary,no,-297,no,no,cellular,6,2,unknown,0
37,blue-collar,single,primary,no,3568,yes,no,cellular,10,2,unknown,0
37,management,single,tertiary,no,192,yes,no,cellular,2,2,unknown,1
35,admin.,married,secondary,no,2537,yes,no,unknown,2,1,unknown,0
33,entrepreneur,married,secondary,no,-128,no,no,cellular,3,1,other,0
58,retired,married,secondary,no,3361,no,no,cellular,3,2,unknown,0
38,technician,single,secondary,no,2726,no,no,unknown,4,1,unknown,0
24,services,single,secondary,no,-2779,yes,no,unknown,5,1,unknown,0
44,management,married,tertiary,no,-2574,no,no,unknown,2,1,unknown,0
26,technician,single,secondary,no,-1770,yes,no,cellular,5,2,unknown,0
57,admin.,married,secondary,no,31,no,no,unknown,5,0,unknown,0
26,blue-collar,married,primary,no,-869,no,yes,cellular,3,0,unknown,1
45,blue-collar,divorced,primary,no,-1560,no,no,unknown,5,2,unknown,0
33,blue-collar,single,primary,no,-2547,yes,no,cellular,5,0,unknown,0
55,management,married,tertiary,no,2508,no,no,cellular,4,1,unknown,0
29,technician,single,secondary,no,-3166,no,no,cellular,5,4,success,1
52,blue-collar,married,primary,no,1335,yes,no,cellular,2,1,unknown,0
37,entrepreneur,divorced,tertiary,no,-2775,yes,no,cellular,1,1,unknown,0
33,management,married,tertiary,no,3065,yes,no,cellular,4,0,unknown,0
38,unemployed,married,secondary,no,3111,yes,no,cellular,3,1,unknown,0
27,technician,single,secondary,no,2357,no,yes,cellular,2,0,unknown,0
35,blue-collar,married,secondary,no,404,no,no,cellular,3,2,unknown,0
35,management,married,tertiary,no,15220,no,no,cellular,4,1,unknown,0
58,blue-collar,married,primary,no,-2930,yes,no,unknown,8,1,unknown,1
34,blue-collar,married,primary,no,-982,yes,no,cellular,14,1,unknown,0
35,technician,single,secondary,no,-3300,yes,no,unknown,3,2,unknown,0
35,admin.,married,tertiary,no,-2899,yes,no,unknown,6,0,unknown,0
41,blue-collar,married,primary,no,734,no,yes,cellular,1,2,failure,1
54,housemaid,married,tertiary,no,-1660,no,no,cellular,6,1,unknown,0
42,services,married,secondary,no,633,yes,no,cellular,4,1,unknown,0
34,admin.,married,tertiary,no,566,yes,no,cellular,3,2,unknown,0
34,technician,single,tertiary,no,2169,no,no,cellular,6,1,success,1
40,management,divorced,secondary,no,677,no,no,cellular,4,2,unknown,0
30,management,single,primary,no,2959,yes,no,unknown,11,2,unknown,0
51,services,married,secondary,no,3413,yes,no,unknown,2,1,unknown,0
27,blue-collar,married,secondary,no,2519,no,no,unknown,3,2,unknown,0
29,technician,single,secondary,no,-355,no,no,cellular,1,1,unknown,0
37,management,single,tertiary,no,1007,no,no,cellular,2,1,failure,0
39,blue-collar,single,primary,no,3510,yes,no,cellular,4,2,unknown,0
32,blue-collar,married,primary,no,127,no,no,cellular,4,0,unknown,0
33,management,married,tertiary,no,7813,yes,no,unknown,4,1,unknown,0
53,management,married,tertiary,no,3432,yes,no,cellular,5,0,unknown,0
38,blue-collar,divorced,primary,no,-2562,yes,no,cellular,1,0,unknown,1
61,housemaid,married,tertiary,no,2294,yes,no,cellular,3,0,success,1
34,technician,married,secondary,no,3897,yes,no,unknown,2,1,unknown,1
43,management,married,tertiary,no,-3099,yes,no,cellular,3,2,success,1
41,services,single,secondary,no,-1572,no,yes,telephone,4,2,failure,0
28,services,single,tertiary,no,-2838,yes,no,cellular,5,1,failure,0
29,management,married,tertiary,no,207,yes,no,telephone,6,2,unknown,0
23,entrepreneur,married,secondary,no,11159,yes,yes,cellular,3,1,unknown,0
36,technician,single,secondary,no,484,no,no,unknown,2,0,unknown,0
46,management,divorced,tertiary,no,785,yes,no,telephone,4,1,failure,1
29,blue-collar,married,secondary,no,-1387,yes,yes,cellular,5,1,unknown,1
34,technician,married,secondary,no,2616,no,no,cellular,2,2,unknown,0
39,management,single,secondary,no,-2213,yes,no,cellular,4,3,success,0
27,blue-collar,single,secondary,no,-440,no,no,cellular,2,2,unknown,0
33,blue-collar,married,secondary,no,-2567,yes,no,cellular,5,1,unknown,0
21,admin.,single,secondary,no,3288,no,no,cellular,19,3,other,0
34,management,married,tertiary,no,-3262,no,yes,cellular,6,2,unknown,0
59,services,married,tertiary,no,-2232,yes,no,cellular,6,5,failure,0
40,management,married,unknown,no,2434,no,no,unknown,5,2,unknown,0
39,services,married,secondary,no,4248,yes,no,cellular,4,3,success,0
50,management,single,tertiary,no,-1352,no,no,cellular,6,1,unknown,0
44,management,divorced,primary,no,304,no,no,cellular,2,1,unknown,0
48,blue-collar,single,primary,no,3724,yes,no,cellular,4,1,unknown,0
43,management,married,tertiary,no,-324,no,yes,cellular,3,2,unknown,0
54,retired,married,tertiary,no,6583,no,no,cellular,2,3,failure,0
38,technician,divorced,tertiary,no,-3141,no,no,cellular,3,0,unknown,0
29,blue-collar,single,secondary,no,2015,yes,no,cellular,6,1,unknown,0
28,blue-collar,single,primary,no,2272,yes,no,unknown,5,2,unknown,0
48,services,married,secondary,no,-3144,no,no,unknown,3,2,unknown,0
53,blue-collar,married,primary,no,2334,yes,no,cellular,4,1,unknown,0
26,self-employed,single,tertiary,no,-3254,no,no,cellular,4,6,failure,0
43,unemployed,married,tertiary,no,-2936,yes,no,cellular,5,4,failure,1
33,technician,single,tertiary,no,-2377,no,no,cellular,5,0,unknown,0
32,blue-collar,single,secondary,no,1975,yes,no,cellular,6,1,unknown,0
28,blue-collar,single,secondary,no,4134,yes,no,cellular,5,1,unknown,0
35,management,married,tertiary,no,2058,no,no,unknown,6,0,unknown,1
57,blue-collar,married,secondary,no,12531,yes,no,cellular,2,2,unknown,1
50,services,married,secondary,no,1364,yes,yes,cellular,8,4,success,0
58,blue-collar,divorced,primary,no,-1474,yes,no,unknown,2,2,unknown,0
34,management,single,tertiary,no,-2820,yes,no,cellular,3,1,unknown,0
22,student,single,secondary,no,-645,no,no,unknown,2,0,unknown,0
53,admin.,married,secondary,no,2005,yes,no,cellular,3,1,unknown,1
28,management,single,tertiary,no,-2214,no,no,unknown,2,1,unknown,0
30,blue-collar,single,secondary,no,1654,no,yes,cellular,5,1,unknown,1
76,retired,married,secondary,no,2566,no,no,cellular,2,1,unknown,0
43,services,married,secondary,no,3012,yes,no,unknown,3,2,unknown,0
59,admin.,married,secondary,no,175,yes,no,cellular,1,2,unknown,0
60,services,married,secondary,no,92,no,no,cellular,3,1,unknown,0
43,services,married,secondary,no,-1395,yes,no,cellular,4,24,failure,1
39,management,single,tertiary,no,-1672,yes,no,cellular,3,2,unknown,0
28,technician,single,secondary,no,1854,yes,no,cellular,1,4,failure,1
62,admin.,married,secondary,no,23,no,yes,cellular,6,1,unknown,0
49,management,married,tertiary,no,1953,yes,no,cellular,3,1,unknown,0
35,blue-collar,single,secondary,yes,2950,yes,no,cellular,1,2,unknown,0
60,retired,divorced,primary,no,4009,no,yes,cellular,13,0,unknown,0
27,admin.,single,secondary,no,2786,yes,yes,cellular,1,1,failure,0
52,technician,married,secondary,no,3284,no,no,cellular,5,2,unknown,0
37,management,married,tertiary,no,-2398,no,no,cellular,2,1,unknown,0
37,blue-collar,single,primary,no,-525,no,yes,cellular,6,2,unknown,0
43,admin.,married,secondary,no,-1048,no,no,unknown,3,1,unknown,0
45,self-employed,married,tertiary,no,-2318,no,no,unknown,2,0,unknown,0
60,management,married,tertiary,no,-2922,yes,no,cellular,7,1,unknown,0
32,admin.,single,secondary,no,-629,yes,no,cellular,5,2,unknown,0
62,admin.,married,primary,no,-2017,yes,no,cellular,5,1,unknown,0
27,management,divorced,tertiary,no,-511,no,yes,cellular,3,2,failure,0
46,management,married,tertiary,no,11359,yes,no,cellular,2,1,unknown,0
58,retired,married,primary,no,5227,yes,no,telephone,3,2,unknown,0
46,blue-collar,divorced,primary,no,-1142,yes,no,cellular,1,1,unknown,0
31,blue-collar,married,secondary,no,11007,yes,no,cellular,1,0,unknown,0
55,admin.,married,tertiary,no,3891,yes,no,cellular,3,2,unknown,0
66,management,married,tertiary,no,3527,yes,no,cellular,6,2,failure,0
57,housemaid,married,tertiary,no,-3100,no,no,cellular,2,2,failure,0
33,services,married,secondary,no,4136,no,yes,unknown,3,2,unknown,0
47,management,married,tertiary,no,2894,no,no,unknown,4,1,unknown,0
49,management,married,tertiary,yes,3740,yes,no,cellular,1,0,failure,0
53,self-employed,married,primary,no,3483,yes,no,cellular,9,1,unknown,0
33,self-employed,married,secondary,no,-3121,no,no,cellular,1,2,unknown,0
35,blue-collar,single,secondary,no,3258,yes,no,cellular,11,1,unknown,0
35,unemployed,married,secondary,no,-1892,yes,no,cellular,5,2,unknown,0
36,admin.,single,secondary,no,5362,yes,no,cellular,6,2,unknown,0
58,retired,married,primary,no,218,yes,no,unknown,4,2,unknown,1
49,technician,married,secondary,no,3056,yes,no,cellular,3,4,failure,0
35,blue-collar,married,unknown,no,1392,no,no,cellular,3,1,unknown,0
21,blue-collar,single,primary,no,2392,yes,no,unknown,4,1,unknown,0
56,management,married,tertiary,no,193,yes,no,telephone,9,3,success,1
37,technician,married,tertiary,no,3823,yes,yes,unknown,5,0,unknown,0
25,blue-collar,married,secondary,no,1762,yes,yes,telephone,4,1,unknown,0
57,blue-collar,married,primary,no,1477,yes,no,unknown,4,2,unknown,0
35,blue-collar,married,primary,no,10070,yes,no,cellular,2,2,unknown,0
53,blue-collar,married,primary,no,214,yes,no,cellular,9,0,unknown,0
35,management,divorced,tertiary,no,-1611,no,no,cellular,1,2,unknown,0
44,blue-collar,divorced,secondary,no,-764,no,no,cellular,5,1,unknown,0
51,technician,divorced,tertiary,no,-1829,no,no,cellular,3,2,failure,0
36,admin.,single,secondary,no,-977,yes,no,unknown,1,1,unknown,0
34,management,married,tertiary,no,-1709,yes,no,cellular,5,1,unknown,0
42,blue-collar,divorced,primary,no,2199,no,no,cellular,2,2,unknown,0
44,blue-collar,married,secondary,no,3646,yes,no,unknown,3,1,unknown,0
39,management,married,tertiary,no,1022,yes,no,cellular,1,4,other,1
32,management,divorced,tertiary,no,-140,yes,no,cellular,3,1,unknown,0
36,management,single,tertiary,no,1450,no,yes,cellular,6,1,unknown,0
30,technician,single,secondary,no,3660,yes,no,cellular,3,1,unknown,0
43,blue-collar,married,unknown,no,2002,no,no,cellular,7,6,failure,0
55,technician,married,secondary,no,-3190,yes,yes,cellular,2,1,unknown,0
38,management,single,tertiary,no,-2355,no,no,cellular,1,0,unknown,0
57,blue-collar,married,secondary,no,228,no,no,cellular,4,1,unknown,0
42,services,married,secondary,no,2111,no,no,unknown,3,2,unknown,0
27,blue-collar,single,secondary,no,-1656,yes,no,unknown,3,4,success,0
51,technician,married,tertiary,no,2630,yes,no,unknown,4,1,unknown,0
26,admin.,divorced,secondary,no,762,yes,no,cellular,6,2,unknown,0
51,blue-collar,married,secondary,no,4085,yes,no,cellular,6,6,other,0
33,entrepreneur,married,secondary,no,15400,yes,no,unknown,5,1,unknown,0
45,admin.,single,secondary,no,-906,yes,no,cellular,1,1,unknown,0
33,technician,married,tertiary,no,72,yes,no,cellular,3,2,unknown,0
40,admin.,married,secondary,no,-2603,yes,no,unknown,11,0,unknown,0
46,management,married,tertiary,no,2922,no,no,cellular,2,1,unknown,0
44,entrepreneur,married,tertiary,no,3986,yes,no,cellular,1,2,unknown,0
29,admin.,married,tertiary,no,-1541,yes,no,cellular,2,1,unknown,0
55,blue-collar,divorced,primary,no,-194,yes,yes,cellular,5,1,unknown,0
38,management,married,tertiary,no,-2684,yes,yes,cellular,3,0,unknown,0
34,blue-collar,married,secondary,no,1080,no,no,cellular,1,2,unknown,0
52,housemaid,divorced,primary,yes,7777,no,no,cellular,3,2,success,0
51,management,married,tertiary,no,4003,no,no,cellular,5,0,unknown,0
51,services,divorced,secondary,no,1185,yes,no,unknown,4,2,unknown,0
46,technician,married,tertiary,no,8725,no,no,cellular,3,1,unknown,0
32,blue-collar,married,secondary,no,-1927,yes,no,cellular,13,2,unknown,0
32,blue-collar,single,primary,no,1408,yes,no,cellular,4,0,failure,0
26,admin.,single,secondary,no,14691,yes,no,cellular,2,0,unknown,0
55,management,married,tertiary,no,1307,no,no,cellular,3,1,unknown,0
33,admin.,single,secondary,no,7864,yes,yes,unknown,29,1,unknown,0
42,management,married,tertiary,yes,897,yes,no,cellular,2,1,unknown,1
59,technician,divorced,tertiary,no,-3212,no,no,unknown,4,2,unknown,0
31,management,married,tertiary,no,-3217,yes,no,cellular,3,0,unknown,0
70,retired,married,secondary,no,1022,no,no,cellular,4,0,unknown,0
35,admin.,married,secondary,no,-1209,yes,no,cellular,3,0,unknown,0
40,entrepreneur,married,tertiary,no,3262,yes,no,cellular,5,0,unknown,0
44,management,married,secondary,no,250,yes,no,cellular,4,5,failure,1
42,admin.,married,secondary,no,594,yes,yes,cellular,1,9,failure,0
29,technician,single,secondary,no,-2932,yes,no,cellular,3,2,unknown,0
46,self-employed,married,secondary,no,420,yes,no,cellular,4,0,unknown,0
31,services,single,secondary,no,987,yes,no,cellular,2,2,unknown,1
34,unemployed,married,secondary,no,3709,no,no,cellular,3,1,success,1
34,technician,single,secondary,no,-926,yes,no,telephone,4,0,unknown,0
42,blue-collar,married,secondary,no,3108,no,no,unknown,2,1,unknown,0
40,unemployed,divorced,tertiary,no,-1842,yes,no,unknown,9,2,unknown,0
28,admin.,single,secondary,no,-2949,yes,yes,cellular,6,2,unknown,0
59,blue-collar,divorced,primary,no,4114,yes,yes,cellular,3,2,failure,0
50,unknown,married,tertiary,no,-2313,no,no,unknown,3,1,unknown,0
26,technician,married,secondary,no,3434,no,no,cellular,2,2,failure,1
29,admin.,married,unknown,no,1525,yes,no,cellular,3,1,failure,0
31,services,married,secondary,no,1514,no,no,unknown,4,2,unknown,0
39,unemployed,married,tertiary,no,-2795,yes,no,cellular,5,1,failure,0
37,management,single,tertiary,no,1526,no,no,cellular,4,1,unknown,0
60,services,married,secondary,no,2281,yes,no,unknown,2,2,unknown,0
38,management,married,tertiary,no,9241,no,no,cellular,6,1,unknown,0
50,technician,divorced,secondary,no,-2811,yes,no,cellular,5,0,unknown,1
51,management,divorced,tertiary,no,3473,yes,no,cellular,4,2,unknown,0
32,admin.,single,secondary,no,352,yes,no,cellular,4,1,unknown,0
32,technician,single,secondary,no,1765,no,no,unknown,4,2,unknown,0
41,management,married,tertiary,no,11050,yes,no,telephone,3,1,other,0
52,technician,married,unknown,no,-747,yes,no,cellular,3,2,unknown,0
36,blue-collar,married,secondary,no,1892,yes,no,cellular,22,1,unknown,0
58,management,married,tertiary,no,6843,yes,no,cellular,13,2,unknown,0
51,management,married,unknown,no,22,yes,no,cellular,2,2,unknown,1
34,blue-collar,married,primary,no,-246,no,no,unknown,5,2,unknown,0
36,technician,married,secondary,no,3146,yes,no,unknown,5,0,unknown,1
40,management,divorced,tertiary,no,46,no,no,cellular,5,0,failure,0
50,blue-collar,married,secondary,yes,-1096,no,no,cellular,3,6,success,0
27,management,single,tertiary,no,3870,yes,no,cellular,5,4,failure,0
40,admin.,married,secondary,no,36,no,no,unknown,6,2,unknown,0
43,blue-collar,married,secondary,no,-1180,yes,no,unknown,2,2,unknown,0
57,blue-collar,married,secondary,no,-2057,no,no,cellular,5,2,unknown,0
33,management,married,tertiary,no,2824,no,no,cellular,5,2,unknown,0
44,technician,married,secondary,no,13419,no,no,cellular,4,1,unknown,0
39,management,married,tertiary,no,-2986,yes,no,cellular,3,1,failure,0
50,technician,married,tertiary,yes,-912,yes,no,cellular,5,1,unknown,0
55,management,married,tertiary,no,3572,yes,no,unknown,4,1,unknown,0
43,technician,married,tertiary,no,4119,yes,no,unknown,3,2,unknown,0
49,blue-collar,married,secondary,no,2073,no,no,cellular,5,2,unknown,0
43,blue-collar,married,primary,no,2413,yes,no,cellular,5,6,other,0
58,management,married,tertiary,no,112,yes,no,unknown,4,0,unknown,0
31,management,single,primary,no,-3006,yes,no,telephone,5,1,unknown,0
34,technician,single,secondary,no,11354,yes,no,cellular,3,2,unknown,0
53,unemployed,single,primary,no,-2599,no,no,unknown,1,1,unknown,0
39,services,single,secondary,no,-1717,yes,no,cellular,3,1,unknown,0
42,technician,married,secondary,no,-1065,yes,no,unknown,4,1,unknown,0
49,blue-collar,married,secondary,no,-736,yes,no,unknown,6,1,unknown,0
42,admin.,married,secondary,no,-3025,yes,yes,unknown,4,0,unknown,0
40,blue-collar,married,secondary,no,1783,yes,no,cellular,4,1,unknown,0
58,unemployed,divorced,secondary,no,-793,no,no,unknown,3,1,unknown,1
58,retired,divorced,primary,yes,-976,yes,no,unknown,2,2,unknown,1
49,admin.,married,secondary,no,-798,yes,no,unknown,2,2,unknown,0
28,management,single,tertiary,no,2532,yes,no,cellular,2,1,unknown,0
57,management,divorced,tertiary,no,-2222,yes,no,unknown,2,1,unknown,0
26,blue-collar,married,secondary,no,1409,yes,no,cellular,5,0,unknown,1
36,management,married,tertiary,no,-783,yes,no,cellular,8,2,unknown,0
34,retired,single,secondary,no,3930,no,no,cellular,3,4,failure,1
41,retired,married,secondary,no,2838,no,no,cellular,2,1,unknown,0
38,unemployed,married,secondary,no,3789,yes,no,telephone,2,4,other,0
39,management,married,tertiary,no,3456,yes,no,telephone,6,1,unknown,0
35,technician,divorced,unknown,no,3134,yes,no,cellular,3,0,other,1
38,blue-collar,married,primary,no,-1034,yes,no,cellular,1,0,unknown,0
27,management,married,tertiary,no,46,no,no,cellular,5,2,failure,0
39,blue-collar,married,secondary,no,664,yes,no,cellular,3,2,unknown,0
30,admin.,married,primary,no,3239,yes,no,cellular,2,2,unknown,0
45,technician,married,tertiary,no,-235,yes,no,unknown,5,0,unknown,0
46,management,married,tertiary,no,-2150,no,no,unknown,5,1,unknown,0
42,technician,married,secondary,no,648,yes,no,cellular,5,1,unknown,0
30,blue-collar,married,primary,no,1956,yes,no,cellular,5,2,unknown,0
32,blue-collar,single,primary,no,-1676,no,no,unknown,4,0,unknown,0
30,technician,married,secondary,no,-489,no,no,cellular,2,2,failure,0
31,self-employed,single,secondary,no,-1693,yes,no,unknown,2,0,unknown,0
28,services,single,secondary,no,2853,yes,no,cellular,4,1,unknown,0
42,admin.,divorced,secondary,no,-2761,yes,no,cellular,1,2,unknown,1
35,blue-collar,married,primary,no,3750,yes,yes,unknown,7,1,unknown,0
62,management,married,tertiary,no,1902,no,yes,cellular,3,0,unknown,0
74,retired,married,primary,no,514,no,no,telephone,3,1,unknown,0
35,management,single,tertiary,no,963,yes,no,cellular,6,1,unknown,0
33,blue-collar,divorced,secondary,no,3381,yes,no,cellular,5,2,unknown,0
24,services,single,primary,no,3906,yes,no,telephone,3,0,unknown,0
19,admin.,single,secondary,no,990,yes,no,cellular,2,2,unknown,0
50,admin.,married,secondary,no,3009,no,yes,telephone,1,0,unknown,0
47,admin.,married,secondary,no,-2408,yes,yes,cellular,5,1,unknown,1
28,self-employed,single,tertiary,no,2058,yes,no,unknown,15,1,unknown,0
37,unemployed,married,secondary,no,881,no,yes,cellular,1,0,unknown,0
57,admin.,married,secondary,no,1598,no,no,cellular,1,6,failure,0
32,management,single,tertiary,no,-2531,no,no,cellular,3,2,unknown,0
34,admin.,single,secondary,no,-1492,yes,no,cellular,4,0,unknown,0
40,technician,single,secondary,no,2375,yes,no,cellular,2,0,unknown,0
37,technician,married,secondary,no,1470,no,yes,cellular,4,0,unknown,0
43,technician,married,tertiary,no,3127,yes,no,unknown,4,1,unknown,0
33,unemployed,married,tertiary,no,3072,no,yes,cellular,5,2,unknown,0
48,admin.,divorced,secondary,no,2790,no,yes,cellular,3,2,unknown,0
42,management,divorced,secondary,no,-841,no,no,unknown,3,2,unknown,0
37,admin.,single,secondary,no,209,yes,yes,unknown,3,1,unknown,0
35,management,married,tertiary,no,2470,no,no,cellular,1,1,unknown,0
34,blue-collar,single,primary,no,1017,yes,no,cellular,5,0,unknown,1
37,management,married,primary,no,-840,no,no,cellular,2,1,success,1
50,management,married,tertiary,no,-175,no,no,cellular,2,1,unknown,1
37,management,single,secondary,no,-500,yes,no,cellular,7,2,unknown,1
38,student,married,secondary,no,-177,yes,no,cellular,5,3,other,1
41,retired,married,secondary,no,3399,no,no,cellular,7,0,unknown,0
35,housemaid,married,tertiary,no,2960,no,no,cellular,2,2,unknown,0
48,services,married,unknown,no,2628,yes,no,cellular,8,2,failure,0
51,technician,married,secondary,no,-1817,no,no,telephone,3,1,unknown,0
33,technician,divorced,secondary,no,10814,yes,no,unknown,1,1,unknown,0
29,management,single,tertiary,no,2071,no,no,cellular,3,0,unknown,0
47,technician,married,tertiary,yes,-2524,yes,no,unknown,3,2,unknown,0
34,management,married,secondary,no,3404,yes,no,unknown,3,2,unknown,0
28,blue-collar,single,secondary,no,-2698,yes,no,telephone,5,2,unknown,0
37,blue-collar,married,secondary,no,1157,no,no,cellular,4,2,unknown,0
38,management,married,tertiary,no,1959,no,no,cellular,2,0,unknown,0
30,management,married,tertiary,no,1216,no,no,cellular,7,1,unknown,0
34,management,single,secondary,no,2409,no,no,cellular,5,0,failure,0
37,self-employed,single,tertiary,no,-1836,yes,no,cellular,6,0,unknown,0
46,admin.,married,secondary,no,-3140,yes,yes,telephone,11,1,failure,0
41,entrepreneur,married,tertiary,no,-1484,no,yes,cellular,4,0,unknown,0
52,technician,married,secondary,no,3265,no,no,unknown,11,1,unknown,0
46,technician,married,secondary,no,-1001,yes,no,unknown,6,2,unknown,0
27,admin.,single,secondary,no,613,no,no,cellular,4,2,unknown,0
39,blue-collar,divorced,secondary,no,-762,yes,no,cellular,3,1,unknown,0
36,blue-collar,single,secondary,no,-2029,yes,yes,cellular,3,0,unknown,0
43,technician,divorced,secondary,no,3553,no,no,cellular,3,2,unknown,0
46,management,divorced,unknown,no,5493,yes,yes,cellular,4,0,unknown,0
27,blue-collar,single,secondary,no,3498,no,no,cellular,5,2,unknown,1
58,admin.,married,secondary,no,-852,no,yes,unknown,3,1,unknown,0
47,blue-collar,single,primary,no,-15,yes,no,unknown,1,0,unknown,0
41,technician,married,secondary,no,-341,yes,no,cellular,4,0,failure,0
48,technician,married,tertiary,no,11017,no,yes,cellular,3,1,unknown,0
49,services,married,secondary,no,-2306,yes,no,cellular,4,2,unknown,0
30,technician,single,secondary,no,4041,yes,no,cellular,6,4,failure,1
49,technician,married,tertiary,no,3507,yes,no,cellular,5,2,unknown,0
47,technician,divorced,secondary,no,2710,no,no,cellular,3,1,failure,0
51,admin.,single,secondary,no,3009,no,no,cellular,3,2,unknown,0
38,management,married,tertiary,no,-94,no,no,unknown,4,0,unknown,0
63,retired,married,secondary,no,-1762,yes,no,telephone,9,1,unknown,0
27,admin.,single,secondary,no,-2687,no,no,cellular,6,1,unknown,0
30,admin.,married,secondary,no,-1263,yes,no,unknown,2,1,unknown,0
49,technician,divorced,secondary,no,288,yes,no,cellular,5,1,unknown,1
37,management,married,tertiary,no,1248,no,no,cellular,3,0,failure,0
34,technician,married,secondary,no,-1298,no,no,cellular,15,2,unknown,0
48,management,married,tertiary,no,959,yes,no,telephone,3,0,unknown,0
45,retired,married,secondary,no,-1231,no,no,cellular,5,0,unknown,0
53,retired,divorced,secondary,no,-121,no,yes,unknown,4,2,unknown,0
34,technician,single,secondary,no,-1125,yes,no,telephone,5,2,unknown,1
27,management,single,tertiary,no,14780,no,no,cellular,2,1,unknown,0
39,admin.,single,secondary,no,-1936,yes,no,cellular,5,2,failure,0
50,self-employed,married,secondary,no,3381,yes,no,unknown,3,0,unknown,1
28,entrepreneur,married,tertiary,no,16674,yes,no,unknown,5,1,unknown,0
29,technician,single,secondary,no,704,no,yes,unknown,4,1,unknown,0
42,self-employed,single,secondary,no,-742,no,no,cellular,4,0,unknown,0
41,blue-collar,married,primary,no,-1681,yes,no,cellular,2,2,unknown,0
43,entrepreneur,divorced,primary,no,-1767,yes,yes,cellular,11,1,success,0
34,blue-collar,married,unknown,no,-521,no,no,cellular,3,2,unknown,0
44,technician,married,secondary,no,371,yes,no,cellular,3,1,unknown,0
42,entrepreneur,married,tertiary,no,-1261,no,no,cellular,3,2,unknown,0
42,admin.,single,secondary,no,3618,yes,no,cellular,3,0,unknown,1
54,blue-collar,married,secondary,no,2265,no,yes,unknown,5,1,unknown,0
45,technician,married,secondary,no,-307,yes,no,cellular,2,2,unknown,0
42,management,married,tertiary,no,-1156,no,no,unknown,1,1,unknown,0
29,management,single,tertiary,no,-1036,no,no,unknown,4,1,unknown,0
44,management,married,tertiary,no,2086,no,no,cellular,2,1,unknown,0
35,student,single,secondary,no,-302,no,no,cellular,2,2,unknown,0
36,services,married,secondary,no,-217,yes,yes,cellular,3,1,unknown,0
38,management,single,tertiary,no,4131,no,no,telephone,4,4,failure,0
47,management,married,tertiary,yes,2258,no,no,cellular,4,2,unknown,0
43,self-employed,married,primary,no,1165,yes,no,unknown,3,0,unknown,0
44,blue-collar,single,unknown,no,777,yes,no,telephone,4,1,unknown,0
51,blue-collar,married,secondary,no,-244,yes,yes,unknown,8,2,unknown,0
48,management,married,tertiary,no,-1159,yes,no,cellular,5,0,unknown,0
44,services,married,secondary,no,-1705,yes,yes,cellular,3,2,unknown,0
45,management,married,secondary,no,2498,yes,no,unknown,3,1,unknown,1
26,services,married,secondary,no,23873,yes,no,cellular,5,1,unknown,0
46,retired,single,secondary,no,-220,no,no,unknown,1,2,unknown,0
59,housemaid,single,primary,no,-3063,no,no,cellular,4,7,other,0
55,entrepreneur,married,primary,no,-1246,no,yes,telephone,5,0,unknown,0
41,blue-collar,married,primary,no,830,yes,no,cellular,4,2,unknown,0
45,blue-collar,single,secondary,no,-1812,no,no,cellular,4,2,unknown,0
59,retired,married,primary,no,887,no,no,cellular,2,0,unknown,0
49,technician,married,unknown,no,914,yes,no,unknown,4,2,unknown,0
29,management,married,tertiary,no,3988,yes,no,cellular,3,0,unknown,0
40,self-employed,single,tertiary,no,1028,no,no,cellular,3,4,failure,1
47,blue-collar,divorced,secondary,no,-2522,yes,no,unknown,4,2,unknown,0
51,entrepreneur,divorced,secondary,no,1858,no,no,telephone,5,3,failure,0
43,management,divorced,tertiary,no,16849,yes,yes,cellular,3,1,unknown,0
33,management,married,tertiary,no,-2824,no,no,unknown,2,2,unknown,0
55,admin.,married,secondary,no,842,yes,no,telephone,2,2,unknown,0
30,blue-collar,single,secondary,no,2639,yes,no,cellular,4,5,failure,0
21,technician,single,tertiary,no,3484,no,no,unknown,5,1,unknown,0
44,blue-collar,divorced,secondary,no,286,yes,no,unknown,1,1,unknown,0
51,technician,divorced,tertiary,no,-152,no,no,cellular,5,1,unknown,0
33,technician,married,secondary,no,3775,yes,no,unknown,3,2,unknown,0
33,admin.,married,tertiary,no,-1362,no,no,cellular,18,0,success,1
66,retired,married,secondary,no,-31,no,no,unknown,4,1,unknown,0
32,management,single,tertiary,no,3501,no,no,unknown,5,2,unknown,0
29,admin.,single,secondary,no,1044,yes,yes,unknown,5,2,unknown,0
63,technician,single,secondary,no,809,no,no,cellular,5,2,unknown,0
45,management,married,tertiary,no,259,yes,no,cellular,4,4,failure,0
35,blue-collar,married,primary,no,-28,yes,no,cellular,4,2,unknown,0
40,management,single,tertiary,no,1251,yes,no,cellular,4,3,other,1
58,blue-collar,married,primary,no,1173,yes,yes,unknown,1,0,unknown,0
30,management,single,tertiary,no,-174,yes,yes,unknown,5,0,unknown,0
41,technician,married,secondary,no,1426,no,no,cellular,7,2,failure,0
54,management,married,tertiary,no,-3283,no,no,cellular,1,0,unknown,0
38,management,divorced,tertiary,no,-1696,no,no,cellular,16,1,unknown,0
30,blue-collar,single,secondary,no,3429,yes,no,cellular,2,0,unknown,1
34,technician,married,tertiary,no,1526,yes,no,cellular,1,2,unknown,0
29,management,single,tertiary,no,4290,yes,no,cellular,3,2,unknown,0
46,blue-collar,divorced,primary,no,-721,no,no,cellular,3,1,unknown,0
54,self-employed,married,tertiary,no,1170,no,no,cellular,2,1,unknown,0
35,management,divorced,tertiary,no,-1117,yes,no,cellular,4,0,failure,0
65,entrepreneur,single,unknown,no,-1482,no,no,cellular,2,2,unknown,1
51,blue-collar,married,secondary,no,826,yes,no,cellular,1,5,failure,0
46,blue-collar,married,unknown,no,-461,no,no,cellular,3,0,unknown,0
29,services,single,tertiary,no,2344,yes,no,cellular,3,0,unknown,0
57,management,married,tertiary,no,614,no,no,unknown,4,2,unknown,0
39,management,single,tertiary,no,-819,no,yes,cellular,2,1,failure,0
31,blue-collar,single,tertiary,no,2546,yes,no,telephone,5,2,other,1
41,blue-collar,single,secondary,no,886,yes,yes,cellular,2,1,unknown,0
29,unemployed,single,secondary,no,-1518,yes,no,cellular,3,2,unknown,1
55,management,married,tertiary,no,-1938,no,no,cellular,5,2,unknown,0
79,retired,married,secondary,no,-2692,yes,no,telephone,5,0,unknown,0
59,blue-collar,married,primary,no,456,yes,no,unknown,4,2,unknown,0
33,blue-collar,married,primary,no,3722,no,no,cellular,1,2,unknown,0
32,services,divorced,secondary,no,4019,yes,no,unknown,1,1,unknown,0
41,entrepreneur,married,tertiary,no,2811,yes,no,unknown,5,1,unknown,0
39,management,married,tertiary,no,9551,no,no,unknown,2,2,unknown,0
35,blue-collar,single,primary,no,-1574,no,yes,cellular,2,1,unknown,0
30,management,single,tertiary,no,2957,yes,no,cellular,4,2,unknown,0
37,services,divorced,secondary,no,-2018,no,no,cellular,2,2,unknown,0
37,technician,divorced,tertiary,no,-479,yes,no,cellular,3,1,unknown,0
53,management,married,tertiary,no,-1754,yes,no,cellular,1,2,unknown,0
44,blue-collar,married,secondary,no,-197,yes,no,cellular,3,1,unknown,0
38,blue-collar,married,secondary,no,1505,yes,no,unknown,6,2,unknown,0
34,blue-collar,married,unknown,no,-944,no,no,cellular,2,1,failure,0
57,management,divorced,tertiary,no,4081,yes,no,cellular,3,2,unknown,0
29,technician,single,secondary,no,4010,yes,no,cellular,5,2,success,0
33,admin.,single,secondary,no,-675,no,no,unknown,3,1,unknown,0
53,blue-collar,married,secondary,no,2571,yes,no,unknown,8,1,unknown,0
53,blue-collar,single,secondary,no,-2390,yes,no,cellular,5,2,unknown,0
40,housemaid,married,tertiary,no,8398,yes,no,cellular,1,0,unknown,0
44,blue-collar,divorced,secondary,yes,3815,no,no,cellular,8,2,unknown,0
46,management,married,tertiary,no,-2905,no,no,unknown,2,1,unknown,0
52,unemployed,divorced,primary,no,2755,yes,yes,cellular,5,1,unknown,0
41,blue-collar,single,secondary,no,-2592,yes,no,cellular,1,2,failure,0
37,blue-collar,single,primary,no,-1690,yes,no,unknown,2,0,unknown,0
47,management,married,primary,no,-2918,yes,no,cellular,3,0,unknown,0
35,entrepreneur,divorced,secondary,no,2213,yes,no,cellular,3,0,unknown,0
33,blue-collar,single,secondary,no,3731,yes,no,cellular,4,2,unknown,0
33,technician,married,secondary,no,862,yes,no,unknown,5,0,unknown,0
53,admin.,married,secondary,no,4118,yes,no,cellular,4,1,unknown,0
52,entrepreneur,married,secondary,no,2534,yes,yes,cellular,9,2,unknown,0
33,management,married,tertiary,no,3376,no,no,cellular,14,1,unknown,0
43,management,married,tertiary,no,2396,no,no,cellular,5,6,other,0
30,technician,single,secondary,no,2290,no,no,telephone,4,0,unknown,0
65,management,married,tertiary,no,1887,yes,no,cellular,2,1,unknown,0
39,management,single,tertiary,no,2822,yes,no,cellular,3,5,failure,0
34,technician,married,tertiary,no,-2117,no,no,cellular,1,2,unknown,1
40,management,married,tertiary,no,-1915,yes,no,unknown,5,1,unknown,0
29,management,single,tertiary,no,1896,no,no,telephone,2,1,unknown,0
32,blue-collar,single,secondary,no,3313,yes,no,cellular,4,0,failure,0
48,management,married,tertiary,no,-2574,no,no,unknown,3,2,unknown,0
39,management,married,tertiary,no,4259,yes,yes,cellular,4,4,failure,0
36,management,single,secondary,no,521,no,no,cellular,4,1,unknown,0
36,management,single,tertiary,no,-1819,yes,no,unknown,4,0,unknown,0
36,technician,single,tertiary,no,-3191,no,no,cellular,3,4,failure,0
60,retired,married,primary,no,-2858,yes,no,cellular,2,1,unknown,0
35,services,married,secondary,no,1450,yes,no,cellular,10,1,unknown,1
34,technician,single,secondary,no,-1928,yes,yes,telephone,3,1,unknown,0
33,blue-collar,married,secondary,no,-3223,no,no,cellular,3,1,unknown,0
28,technician,single,secondary,no,-3076,no,no,unknown,3,2,unknown,0
49,management,married,tertiary,no,-11,yes,no,cellular,7,2,unknown,0
64,management,married,tertiary,no,2946,no,no,cellular,2,5,failure,1
53,blue-collar,married,secondary,no,-1371,yes,no,cellular,2,2,unknown,0
36,technician,married,secondary,no,10484,no,no,unknown,25,2,unknown,0
47,management,married,tertiary,no,5418,no,no,cellular,2,1,unknown,0
31,unemployed,single,secondary,no,1544,no,no,unknown,3,1,unknown,0
59,management,divorced,secondary,no,658,no,no,unknown,3,0,unknown,0
38,blue-collar,married,primary,no,1542,yes,no,cellular,1,0,unknown,0
45,housemaid,divorced,unknown,no,-3146,yes,no,unknown,5,1,unknown,0
73,retired,married,primary,no,3755,no,no,telephone,3,4,success,1
42,management,single,tertiary,no,4081,yes,no,unknown,4,1,unknown,0
58,management,married,tertiary,no,-2739,no,no,cellular,4,0,unknown,0
32,technician,single,tertiary,no,10990,yes,no,cellular,3,1,unknown,0
58,management,divorced,tertiary,no,-1450,yes,no,telephone,2,2,unknown,0
37,admin.,married,secondary,no,-1362,yes,no,unknown,2,2,unknown,0
41,entrepreneur,married,tertiary,no,1208,no,yes,cellular,4,1,unknown,0
56,management,married,tertiary,no,3701,yes,no,unknown,2,1,unknown,0
33,admin.,married,secondary,no,4053,no,no,cellular,2,2,unknown,0
38,admin.,single,secondary,no,72,yes,no,cellular,4,0,unknown,0
72,retired,married,primary,no,-1933,no,no,telephone,3,3,success,0
33,management,married,tertiary,no,-2458,no,no,cellular,3,1,unknown,0
40,management,married,tertiary,no,-681,yes,no,cellular,5,2,unknown,0
46,management,married,tertiary,no,2175,no,no,unknown,7,0,unknown,0
57,housemaid,married,primary,no,-2139,yes,no,cellular,4,2,unknown,0
46,management,married,tertiary,no,-256,no,no,cellular,5,1,unknown,0
40,technician,married,tertiary,no,-111,no,no,cellular,6,1,unknown,0
48,technician,married,tertiary,no,6529,yes,no,cellular,6,1,unknown,0
54,self-employed,married,tertiary,no,717,yes,no,unknown,22,1,unknown,0
72,retired,married,secondary,no,-1372,no,no,cellular,2,1,unknown,0
27,management,married,tertiary,no,-2277,yes,no,cellular,3,2,failure,0
36,entrepreneur,single,primary,no,3023,yes,no,unknown,5,2,unknown,0
50,management,married,tertiary,no,-315,yes,no,unknown,5,2,unknown,0
76,retired,married,primary,no,2698,yes,no,cellular,5,1,unknown,0
35,technician,married,secondary,no,1966,no,no,cellular,4,1,unknown,1
38,entrepreneur,married,secondary,no,1633,yes,yes,cellular,3,1,unknown,0
27,management,single,tertiary,no,5796,no,no,unknown,2,0,unknown,0
29,management,single,tertiary,no,-2385,yes,yes,cellular,2,2,unknown,0
29,technician,married,secondary,no,3070,no,no,cellular,6,2,failure,0
44,technician,married,tertiary,no,-3221,no,yes,cellular,2,2,unknown,0
39,entrepreneur,married,tertiary,no,-107,yes,yes,cellular,5,0,failure,0
36,management,married,tertiary,no,1949,yes,no,cellular,1,2,other,0
32,technician,divorced,secondary,no,528,no,no,cellular,2,14,success,0
32,services,single,secondary,no,11152,yes,no,cellular,6,0,unknown,0
38,entrepreneur,single,tertiary,no,7878,no,no,cellular,4,1,unknown,1
21,student,single,secondary,no,-3286,no,no,cellular,5,2,unknown,0
57,management,married,tertiary,no,855,no,no,unknown,3,1,unknown,0
38,management,married,tertiary,no,318,no,no,unknown,4,2,unknown,0
45,management,married,tertiary,no,2512,yes,no,cellular,2,1,unknown,0
45,blue-collar,married,secondary,no,-474,yes,no,unknown,6,2,unknown,0
51,services,married,secondary,no,3512,yes,no,cellular,5,0,unknown,0
55,services,divorced,primary,no,-3167,yes,yes,cellular,6,1,other,0
36,technician,single,secondary,no,1423,no,no,unknown,8,2,unknown,0
40,management,married,tertiary,no,1154,yes,no,unknown,2,1,unknown,0
42,blue-collar,single,secondary,no,251,yes,no,cellular,10,1,unknown,0
40,services,married,secondary,no,213,yes,no,cellular,1,2,unknown,1
29,technician,single,secondary,no,-2286,yes,no,cellular,8,2,unknown,0
42,admin.,married,secondary,no,2145,yes,no,unknown,1,0,unknown,1
58,retired,married,secondary,no,10536,no,yes,unknown,6,2,unknown,1
47,management,married,tertiary,no,975,yes,no,telephone,2,2,failure,0
44,self-employed,married,secondary,no,2840,no,no,cellular,2,1,unknown,0
38,self-employed,married,secondary,no,3864,yes,no,cellular,3,0,unknown,0
47,retired,divorced,primary,no,2017,no,no,cellular,1,1,unknown,0
31,technician,single,tertiary,no,1362,yes,no,unknown,5,0,unknown,0
43,self-employed,married,tertiary,no,-706,no,yes,unknown,22,2,unknown,0
39,admin.,married,tertiary,no,3272,yes,no,cellular,2,2,unknown,0
48,management,married,tertiary,no,11513,yes,no,cellular,1,2,unknown,1
59,management,married,tertiary,no,1117,no,no,unknown,3,1,unknown,0
44,entrepreneur,married,tertiary,no,2578,no,yes,cellular,2,1,unknown,0
46,management,single,primary,no,1391,no,no,cellular,2,0,unknown,0
35,housemaid,single,secondary,no,1406,no,no,unknown,4,1,unknown,0
53,blue-collar,divorced,secondary,no,3533,yes,no,cellular,5,2,success,0
45,blue-collar,divorced,secondary,no,-2637,yes,no,cellular,4,1,unknown,0
49,services,married,secondary,no,177,yes,no,cellular,2,2,unknown,0
33,admin.,married,unknown,no,1838,yes,no,cellular,2,0,unknown,0
47,management,married,tertiary,no,316,yes,yes,unknown,3,0,unknown,0
54,management,married,tertiary,no,1411,yes,no,cellular,4,2,unknown,0
28,services,married,secondary,no,-403,no,no,cellular,1,0,unknown,0
40,management,divorced,tertiary,no,10180,yes,no,cellular,4,2,failure,0
35,technician,married,tertiary,no,17345,no,no,unknown,2,2,unknown,0
29,admin.,single,secondary,no,6619,no,no,cellular,5,0,unknown,0
44,blue-collar,divorced,secondary,no,2412,yes,no,cellular,4,1,failure,0
50,blue-collar,married,secondary,no,661,yes,yes,cellular,4,4,success,1
40,unknown,married,secondary,no,3558,no,no,cellular,2,4,failure,0
38,technician,married,secondary,no,2447,yes,no,cellular,3,1,unknown,0
31,admin.,single,secondary,no,1993,yes,no,cellular,3,2,unknown,0
53,technician,married,tertiary,no,11473,no,no,telephone,2,7,failure,0
50,management,married,secondary,no,-42,no,no,cellular,7,1,unknown,0
29,technician,married,secondary,yes,3876,no,no,cellular,2,1,unknown,0
42,technician,single,tertiary,no,-2126,no,no,unknown,2,0,unknown,0
37,technician,single,secondary,no,2101,yes,yes,cellular,4,4,other,0
36,blue-collar,married,primary,no,2011,no,no,unknown,2,2,unknown,0
37,retired,married,tertiary,no,1527,no,no,cellular,4,0,unknown,0
35,entrepreneur,married,tertiary,no,24,no,yes,cellular,2,5,failure,0
45,blue-collar,divorced,primary,no,-2181,yes,no,unknown,5,2,unknown,0
33,admin.,married,secondary,no,2054,yes,yes,cellular,6,2,unknown,0
50,housemaid,married,tertiary,no,-2359,yes,no,cellular,5,1,unknown,0
34,blue-collar,single,secondary,no,13870,yes,no,cellular,5,2,unknown,0
29,management,married,tertiary,no,2696,no,no,unknown,5,0,unknown,0
61,management,married,tertiary,no,13041,yes,no,cellular,5,2,unknown,0
33,blue-collar,divorced,tertiary,no,1978,no,no,cellular,3,1,unknown,0
38,blue-collar,married,secondary,no,-189,no,no,unknown,17,2,unknown,0
41,entrepreneur,married,secondary,no,-3195,no,no,cellular,5,8,failure,0
55,retired,married,tertiary,no,3569,no,yes,cellular,5,1,unknown,0
55,self-employed,married,tertiary,no,1464,no,no,telephone,7,0,failure,0
37,blue-collar,married,secondary,no,3462,yes,yes,cellular,5,0,failure,0
46,management,divorced,tertiary,no,3053,no,no,cellular,3,2,other,1
28,management,married,tertiary,no,-2243,yes,no,unknown,5,2,unknown,1
37,management,married,tertiary,no,-1153,yes,no,unknown,4,0,unknown,0
36,management,married,tertiary,no,-1077,no,no,cellular,5,1,success,0
50,retired,divorced,primary,no,-2059,no,no,cellular,3,1,unknown,0
27,technician,single,secondary,no,-577,no,no,unknown,4,1,unknown,0
43,blue-collar,married,secondary,no,3650,no,no,unknown,4,1,unknown,0
32,admin.,single,secondary,no,2984,no,no,cellular,3,0,unknown,0
36,admin.,single,secondary,no,7604,yes,yes,cellular,5,0,unknown,0
55,management,married,tertiary,no,2092,no,no,cellular,7,1,unknown,0
31,student,single,secondary,no,1750,no,no,cellular,9,1,unknown,0
40,management,married,tertiary,no,9436,yes,no,cellular,3,0,unknown,0
49,unknown,married,primary,no,-3096,no,no,cellular,9,1,unknown,0
45,management,married,tertiary,no,2864,no,no,cellular,5,1,unknown,1
56,blue-collar,married,secondary,yes,658,no,no,unknown,4,2,unknown,0
47,technician,single,tertiary,no,-314,no,yes,cellular,5,0,unknown,1
39,entrepreneur,married,secondary,no,739,yes,no,unknown,3,2,unknown,0
47,technician,divorced,secondary,no,2207,yes,no,unknown,7,0,unknown,0
57,unemployed,married,secondary,no,4078,no,no,cellular,3,1,unknown,0
44,blue-collar,married,secondary,no,2760,no,no,unknown,2,0,unknown,0
49,management,married,secondary,no,3620,no,no,unknown,2,2,unknown,1
31,admin.,single,tertiary,no,-420,yes,yes,unknown,4,2,unknown,0
33,technician,single,secondary,no,2103,no,no,cellular,3,1,unknown,0
56,unknown,married,unknown,no,-1089,no,no,cellular,4,2,failure,0
43,management,single,primary,no,3037,yes,no,unknown,3,2,unknown,0
40,management,married,tertiary,no,-1874,yes,no,telephone,8,0,unknown,0
38,management,married,tertiary,no,703,no,no,unknown,3,1,unknown,0
40,technician,single,secondary,no,661,yes,no,cellular,8,1,success,1
57,services,single,secondary,no,-39,no,no,unknown,3,0,unknown,0
45,management,married,tertiary,no,1837,no,no,unknown,2,1,unknown,0
61,retired,married,secondary,no,-2715,no,no,cellular,1,2,unknown,0
37,technician,married,secondary,no,610,no,no,cellular,4,1,failure,0
33,self-employed,married,tertiary,no,-3097,yes,no,cellular,3,0,unknown,0
47,self-employed,divorced,secondary,no,3698,no,no,cellular,3,0,unknown,0
28,technician,single,secondary,no,148,yes,no,cellular,3,0,unknown,0
53,management,divorced,tertiary,no,-2725,no,no,cellular,2,0,unknown,0
47,technician,married,secondary,no,1745,no,no,cellular,2,1,unknown,0
38,management,married,tertiary,no,309,yes,no,unknown,5,1,unknown,0
45,blue-collar,married,secondary,no,104,yes,no,unknown,4,1,unknown,0
32,technician,single,primary,no,3589,yes,no,cellular,6,1,unknown,0
33,management,married,tertiary,no,-155,no,no,cellular,5,1,unknown,0
29,management,divorced,tertiary,no,10958,yes,no,cellular,3,2,unknown,0
64,retired,married,secondary,no,-763,no,yes,cellular,1,0,unknown,0
34,blue-collar,single,secondary,no,-2287,no,no,cellular,2,2,unknown,0
42,admin.,married,primary,no,-3037,no,yes,unknown,5,0,unknown,0
33,admin.,single,unknown,no,1926,no,no,cellular,1,1,unknown,0
24,unemployed,single,secondary,no,1221,yes,no,cellular,6,2,unknown,1
46,management,divorced,tertiary,no,2668,yes,no,cellular,2,0,unknown,0
36,blue-collar,married,primary,no,-1089,no,no,cellular,5,4,other,0
38,blue-collar,married,secondary,no,3816,no,no,cellular,5,1,unknown,0
38,blue-collar,single,primary,no,2650,yes,no,cellular,2,9,success,1
48,self-employed,married,tertiary,no,1558,yes,no,unknown,2,1,unknown,0
34,management,married,tertiary,no,4362,no,no,cellular,4,2,other,1
35,self-employed,married,secondary,no,1685,no,no,cellular,4,4,failure,0
63,retired,married,secondary,no,11012,no,no,cellular,5,0,success,0
34,management,married,tertiary,no,-2079,no,no,cellular,3,2,failure,0
35,entrepreneur,married,primary,no,-1640,no,no,cellular,5,1,unknown,0
27,blue-collar,married,secondary,no,-460,no,no,unknown,2,1,unknown,0
41,management,married,tertiary,no,3490,no,no,cellular,5,2,unknown,0
44,entrepreneur,divorced,secondary,no,2326,no,no,unknown,7,2,unknown,0
35,retired,single,secondary,no,-1253,no,yes,cellular,3,1,success,0
29,services,married,primary,no,3767,yes,no,cellular,4,1,unknown,0
42,management,single,tertiary,no,-1696,yes,no,cellular,2,1,unknown,0
30,services,single,secondary,no,3422,yes,no,unknown,5,1,unknown,0
39,technician,married,secondary,no,2004,yes,no,cellular,8,2,other,0
35,blue-collar,married,secondary,no,-1591,no,no,cellular,1,0,unknown,0
37,admin.,single,secondary,no,777,no,no,cellular,4,1,unknown,0
31,management,single,tertiary,yes,-3020,yes,no,unknown,4,1,unknown,0
34,management,married,tertiary,no,2627,no,no,cellular,4,1,unknown,0
36,management,single,tertiary,no,-1673,yes,no,cellular,1,6,failure,0
42,management,married,tertiary,no,7539,yes,yes,cellular,2,1,failure,0
37,services,married,secondary,no,-2553,yes,yes,cellular,1,6,success,1
33,admin.,married,secondary,no,-635,yes,yes,unknown,4,2,unknown,0
52,admin.,divorced,tertiary,no,35,no,no,unknown,5,0,unknown,0
39,management,single,tertiary,no,5440,yes,no,unknown,5,0,unknown,0
59,management,divorced,tertiary,no,-2545,yes,no,unknown,3,1,unknown,0
39,technician,single,secondary,no,-2274,yes,no,unknown,5,1,unknown,0
42,blue-collar,married,secondary,no,3419,no,no,cellular,3,1,unknown,0
38,management,married,tertiary,no,214,no,no,cellular,6,2,unknown,1
52,entrepreneur,married,secondary,no,-2888,no,no,cellular,2,0,unknown,0
58,housemaid,divorced,tertiary,no,2977,yes,no,telephone,5,1,unknown,0
38,blue-collar,single,secondary,no,2505,yes,no,cellular,2,2,unknown,0
62,retired,married,unknown,no,924,no,no,cellular,2,2,unknown,0
52,management,married,tertiary,no,7514,yes,no,cellular,5,2,failure,0
45,housemaid,divorced,primary,no,-1449,yes,yes,cellular,3,1,unknown,1
40,services,married,tertiary,no,-2958,no,no,cellular,6,1,unknown,0
35,management,divorced,tertiary,no,-713,no,yes,unknown,2,2,unknown,0
30,unemployed,married,secondary,no,3006,yes,no,cellular,5,2,success,1
33,management,single,tertiary,no,-98,no,no,cellular,3,1,unknown,0
43,blue-collar,married,secondary,no,-2415,yes,yes,unknown,3,1,unknown,0
44,management,married,tertiary,no,3676,no,no,cellular,1,2,unknown,0
56,retired,married,secondary,no,3070,yes,no,unknown,6,0,unknown,0
57,management,married,tertiary,no,-1947,yes,no,unknown,1,0,unknown,0
36,admin.,married,secondary,no,9432,yes,yes,cellular,2,0,unknown,0
30,blue-collar,divorced,primary,no,-1277,yes,no,unknown,4,2,unknown,0
43,technician,married,tertiary,no,-547,yes,no,unknown,15,0,unknown,0
52,blue-collar,married,primary,no,-2550,yes,yes,unknown,2,2,unknown,0
37,management,single,tertiary,no,3016,yes,no,unknown,3,2,unknown,0
42,admin.,married,secondary,no,1781,no,no,cellular,4,1,unknown,0
55,blue-collar,married,primary,no,-1820,yes,no,cellular,2,3,success,1
55,housemaid,married,tertiary,no,2815,yes,yes,cellular,27,2,failure,0
40,blue-collar,married,primary,no,537,no,yes,cellular,3,2,unknown,0
45,blue-collar,married,primary,no,-809,yes,no,cellular,5,1,other,0
42,blue-collar,married,primary,no,-1303,yes,no,unknown,6,1,unknown,0
47,unemployed,single,secondary,no,-1074,yes,yes,unknown,1,1,unknown,0
63,housemaid,married,primary,no,-2149,no,no,cellular,6,1,unknown,0
59,admin.,married,secondary,no,-365,yes,no,cellular,5,0,unknown,0
54,blue-collar,married,secondary,no,1667,yes,no,cellular,1,2,unknown,0
42,admin.,married,secondary,no,-1095,no,no,cellular,2,1,unknown,0
58,technician,married,secondary,no,4067,no,no,unknown,5,0,unknown,0
40,management,married,tertiary,no,5446,yes,no,unknown,5,2,unknown,1
39,technician,married,secondary,no,6003,no,no,unknown,1,1,unknown,0
53,admin.,married,secondary,no,-742,no,no,cellular,2,2,unknown,0
28,self-employed,single,tertiary,no,-221,yes,no,cellular,3,0,unknown,0
36,admin.,married,secondary,no,4073,yes,no,cellular,2,0,unknown,0
53,management,married,tertiary,no,-2359,no,no,cellular,10,1,unknown,0
36,management,married,tertiary,no,1154,no,no,cellular,4,0,unknown,0
39,management,married,primary,no,-2193,yes,no,cellular,5,0,unknown,0
38,self-employed,divorced,secondary,no,-427,yes,no,cellular,18,2,failure,0
36,services,married,secondary,no,951,no,no,unknown,1,2,unknown,0
30,management,married,tertiary,no,-2360,no,no,cellular,5,0,unknown,0
45,self-employed,married,tertiary,no,756,yes,no,cellular,4,1,unknown,0
50,blue-collar,married,secondary,no,-2446,yes,no,cellular,10,1,unknown,0
37,management,single,tertiary,no,13600,yes,yes,telephone,3,1,unknown,0
42,blue-collar,married,secondary,no,3461,yes,yes,cellular,2,1,unknown,0
33,technician,married,secondary,no,1380,yes,no,unknown,1,0,unknown,0
44,management,married,tertiary,no,6871,yes,yes,unknown,1,2,unknown,0
41,admin.,married,secondary,no,190,yes,no,cellular,4,2,unknown,0
29,management,single,tertiary,no,2945,no,no,cellular,6,2,unknown,0
33,blue-collar,married,primary,no,3271,yes,no,cellular,4,0,unknown,0
37,technician,single,secondary,no,262,no,no,cellular,6,2,unknown,0
57,admin.,married,tertiary,no,3050,yes,no,telephone,5,2,unknown,0
26,services,married,secondary,no,-3210,yes,no,cellular,3,1,unknown,0
70,retired,married,secondary,no,2566,yes,no,telephone,5,0,failure,0
34,admin.,single,secondary,no,-2592,yes,no,cellular,1,1,unknown,0
57,technician,married,secondary,no,506,no,no,cellular,2,2,other,0
36,self-employed,single,tertiary,no,-2,yes,no,unknown,5,1,unknown,0
61,management,married,secondary,no,1769,yes,no,cellular,5,2,unknown,0
27,services,married,secondary,no,1296,yes,yes,cellular,6,1,unknown,0
26,self-employed,married,tertiary,no,-1378,no,no,unknown,2,1,unknown,0
29,blue-collar,single,secondary,no,-3163,yes,no,unknown,11,0,unknown,0
54,services,married,secondary,no,3940,yes,yes,unknown,5,0,unknown,1
35,management,married,tertiary,no,4065,no,no,unknown,2,1,unknown,0
38,blue-collar,divorced,primary,no,-3307,yes,no,unknown,3,0,unknown,0
27,services,married,secondary,no,-2468,yes,yes,unknown,5,2,unknown,0
52,management,married,tertiary,no,3017,yes,no,unknown,11,1,failure,0
41,admin.,married,primary,no,973,no,no,unknown,6,2,unknown,0
38,services,married,secondary,no,-403,no,no,cellular,6,2,unknown,0
57,admin.,divorced,unknown,no,-2215,yes,no,cellular,5,1,unknown,0
51,admin.,married,secondary,no,3870,yes,no,cellular,7,0,unknown,0
44,management,married,tertiary,no,1970,no,no,unknown,3,1,unknown,0
57,blue-collar,married,unknown,no,-3286,yes,yes,unknown,2,2,unknown,0
49,technician,single,tertiary,no,6160,yes,no,unknown,9,1,unknown,0
32,housemaid,single,tertiary,no,3984,no,no,cellular,8,2,unknown,1
23,student,single,secondary,no,-642,no,no,cellular,4,1,unknown,0
34,admin.,married,secondary,no,-975,no,no,unknown,1,1,unknown,0
33,services,married,secondary,no,3400,yes,no,cellular,1,2,unknown,0
45,unemployed,divorced,tertiary,no,2748,no,no,telephone,2,1,unknown,0
41,unknown,single,unknown,no,10260,no,no,cellular,1,1,unknown,0
33,management,married,tertiary,no,7469,no,no,unknown,10,0,unknown,0
37,unemployed,single,secondary,no,543,no,no,cellular,1,2,unknown,0
38,technician,married,tertiary,no,6166,no,no,cellular,3,1,unknown,0
37,technician,married,secondary,no,3599,no,yes,cellular,14,0,unknown,0
42,management,married,tertiary,no,2456,no,no,cellular,3,0,unknown,0
79,retired,married,primary,no,-1692,no,no,cellular,1,1,unknown,0
57,technician,divorced,secondary,no,-2888,yes,no,cellular,3,1,unknown,0
27,management,married,tertiary,no,-2690,no,no,unknown,5,0,unknown,0
34,blue-collar,single,secondary,no,-1730,yes,yes,cellular,1,9,success,1
36,blue-collar,married,primary,no,3139,no,no,unknown,4,1,unknown,1
54,housemaid,divorced,primary,no,3919,no,no,unknown,4,0,unknown,0
38,blue-collar,married,primary,no,-2495,yes,no,cellular,3,1,unknown,1
47,housemaid,single,primary,yes,2395,no,no,unknown,1,1,unknown,1
41,blue-collar,married,secondary,no,2772,yes,no,unknown,2,1,unknown,0
42,blue-collar,married,secondary,no,277,yes,no,telephone,9,1,unknown,0
57,services,married,secondary,no,-106,yes,no,telephone,5,1,unknown,0
29,management,married,primary,no,-926,no,no,cellular,2,1,unknown,0
43,admin.,married,secondary,no,2956,no,no,cellular,2,1,unknown,0
47,technician,married,secondary,no,-972,no,no,unknown,4,2,unknown,0
42,blue-collar,married,primary,no,3045,no,no,cellular,5,2,unknown,0
36,management,single,secondary,no,3410,yes,no,cellular,5,1,unknown,0
51,admin.,divorced,secondary,no,-384,no,no,unknown,2,1,unknown,0
42,technician,married,secondary,no,-27,no,no,telephone,5,2,success,0
43,blue-collar,married,secondary,no,943,no,no,cellular,4,2,unknown,0
34,technician,single,secondary,no,-2331,no,no,cellular,3,2,unknown,0
38,admin.,married,secondary,no,-290,yes,no,cellular,1,3,failure,1
50,blue-collar,married,secondary,no,2390,yes,no,cellular,3,1,unknown,1
26,management,married,tertiary,no,14844,no,no,cellular,1,1,unknown,0
55,management,married,tertiary,no,-3034,yes,no,unknown,3,2,unknown,0
35,management,single,tertiary,no,11912,yes,no,cellular,5,2,unknown,0
29,services,divorced,secondary,no,3044,no,no,unknown,4,1,unknown,0
34,management,married,unknown,no,-2260,no,no,cellular,3,1,unknown,0
45,blue-collar,married,secondary,no,-783,yes,no,cellular,5,0,unknown,0
35,blue-collar,married,secondary,no,372,yes,no,cellular,5,1,unknown,0
62,management,married,tertiary,no,1800,no,no,cellular,5,0,failure,0
60,technician,married,unknown,no,7149,yes,no,cellular,4,2,unknown,0
65,unknown,married,tertiary,no,980,no,no,telephone,3,1,unknown,1
47,unemployed,married,secondary,no,2252,no,no,cellular,6,2,unknown,0
33,blue-collar,single,primary,no,2999,yes,no,cellular,4,1,unknown,0
42,technician,single,secondary,no,-1814,no,no,unknown,2,2,unknown,0
38,blue-collar,married,primary,no,1158,yes,no,cellular,3,1,failure,0
44,admin.,married,secondary,yes,18829,no,no,cellular,2,0,unknown,0
64,self-employed,married,primary,no,-449,no,no,cellular,5,1,unknown,0
22,student,single,unknown,no,1486,no,no,cellular,2,1,unknown,1
64,admin.,married,secondary,no,7713,no,no,unknown,4,0,unknown,0
47,unemployed,married,secondary,no,626,no,no,cellular,5,4,failure,0
34,entrepreneur,single,secondary,no,-702,no,yes,unknown,3,1,unknown,0
56,retired,married,primary,yes,-1246,no,yes,unknown,5,1,unknown,0
34,management,married,tertiary,no,-1786,yes,no,cellular,5,0,unknown,0
32,services,single,secondary,no,9106,yes,no,cellular,6,3,other,0
39,technician,married,secondary,no,-841,no,yes,unknown,3,0,unknown,0
57,management,married,tertiary,no,10085,no,no,cellular,1,2,unknown,0
35,management,married,tertiary,no,189,no,no,cellular,3,1,unknown,0
38,technician,single,secondary,no,3207,yes,no,unknown,8,1,unknown,0
34,management,married,tertiary,no,3931,no,no,cellular,4,0,unknown,0
42,services,married,secondary,no,-3259,no,no,cellular,1,2,unknown,0
35,unemployed,single,secondary,no,-1831,yes,yes,cellular,5,0,unknown,0
28,technician,married,secondary,no,32,yes,no,cellular,4,1,unknown,0
34,technician,married,tertiary,no,656,yes,no,cellular,4,2,unknown,0
44,technician,married,tertiary,no,2628,yes,no,unknown,3,1,unknown,0
37,management,single,tertiary,no,2238,yes,no,unknown,2,2,unknown,0
37,technician,married,tertiary,no,13700,no,no,unknown,13,2,unknown,0
40,entrepreneur,single,tertiary,no,14003,no,yes,unknown,5,0,unknown,0
64,blue-collar,married,tertiary,no,3330,no,no,cellular,5,2,unknown,0
45,admin.,single,secondary,no,-1952,no,no,unknown,2,0,unknown,0
43,management,married,tertiary,no,1224,no,no,cellular,1,2,unknown,0
31,management,single,tertiary,no,2492,no,no,cellular,1,0,unknown,0
44,admin.,married,tertiary,no,506,yes,yes,cellular,5,1,unknown,0
39,technician,single,tertiary,no,288,yes,no,cellular,4,0,unknown,0
41,services,divorced,secondary,no,1987,yes,no,cellular,4,2,unknown,0
59,services,single,secondary,no,1722,yes,no,cellular,4,0,unknown,0
52,management,married,tertiary,no,3627,no,no,unknown,1,2,unknown,0
27,technician,married,secondary,no,-2184,no,no,unknown,2,1,unknown,1
30,blue-collar,single,secondary,no,-2169,no,yes,telephone,6,2,unknown,0
37,blue-collar,single,secondary,no,5831,no,yes,cellular,3,1,unknown,0
54,services,married,secondary,no,1530,yes,no,cellular,6,1,unknown,0
36,admin.,married,secondary,no,-1115,no,no,cellular,20,0,success,1
30,management,married,tertiary,no,-973,yes,no,cellular,14,2,unknown,0
42,blue-collar,divorced,primary,no,3074,yes,no,unknown,4,1,unknown,0
26,blue-collar,single,primary,no,-2765,no,no,cellular,5,5,other,0
43,retired,married,tertiary,no,-3010,no,no,cellular,6,2,unknown,0
39,blue-collar,married,primary,no,-1732,yes,no,cellular,2,2,unknown,0
22,student,single,secondary,no,-903,yes,no,cellular,5,2,unknown,0
56,management,married,tertiary,no,14827,yes,no,cellular,3,2,other,0
53,blue-collar,married,secondary,no,752,yes,no,cellular,1,2,other,0
39,admin.,married,secondary,no,925,yes,no,cellular,2,1,unknown,0
54,services,married,secondary,no,2491,no,no,cellular,3,1,unknown,0
57,unknown,married,primary,no,952,no,no,unknown,2,2,unknown,1
59,retired,married,secondary,no,-1279,no,no,unknown,5,1,unknown,0
32,technician,single,secondary,no,683,yes,no,telephone,4,2,unknown,0
33,management,married,tertiary,no,472,yes,no,telephone,3,0,unknown,0
32,blue-collar,single,primary,no,1678,no,no,cellular,3,1,unknown,0
55,services,married,primary,no,-281,no,yes,cellular,3,7,failure,0
40,unemployed,divorced,primary,no,9732,yes,no,unknown,5,0,unknown,1
43,blue-collar,married,primary,yes,-1957,no,no,cellular,4,1,failure,0
32,management,married,unknown,no,-117,no,no,cellular,2,1,unknown,1
40,services,single,secondary,no,-865,yes,no,unknown,6,0,unknown,0
37,blue-collar,married,primary,no,-2778,yes,no,cellular,15,0,success,1
57,management,married,tertiary,no,3888,no,no,cellular,2,0,unknown,0
29,admin.,married,secondary,no,-1131,yes,no,cellular,6,2,unknown,0
33,blue-collar,married,secondary,no,600,yes,no,cellular,5,4,failure,0
41,technician,divorced,secondary,no,-1178,no,no,cellular,2,0,unknown,0
49,blue-collar,married,unknown,no,3439,no,no,cellular,5,7,other,1
31,management,single,tertiary,no,473,yes,no,cellular,6,4,other,0
34,blue-collar,married,secondary,no,352,yes,no,cellular,3,1,unknown,0
35,management,divorced,tertiary,no,2573,yes,no,cellular,3,1,unknown,1
50,blue-collar,married,secondary,no,3314,yes,no,cellular,3,0,unknown,0
38,unemployed,married,secondary,no,-947,no,yes,cellular,4,1,failure,0
27,blue-collar,single,secondary,no,-2413,yes,no,unknown,2,1,unknown,0
40,services,married,secondary,no,-1521,yes,yes,cellular,15,2,unknown,0
37,management,married,tertiary,no,735,yes,no,telephone,6,1,other,1
32,housemaid,married,primary,no,-1800,no,yes,unknown,6,0,unknown,0
44,technician,married,secondary,no,-1713,no,no,cellular,4,8,failure,0
38,management,married,tertiary,no,1215,yes,no,cellular,5,0,unknown,0
34,admin.,married,unknown,no,-1798,yes,yes,unknown,1,1,unknown,0
44,blue-collar,married,secondary,no,-1989,yes,no,cellular,2,0,unknown,0
32,blue-collar,married,primary,no,-2532,yes,yes,cellular,3,2,unknown,0
21,blue-collar,single,secondary,no,3958,yes,no,cellular,1,2,unknown,0
58,management,married,tertiary,no,715,yes,yes,unknown,2,0,unknown,0
54,unemployed,married,primary,no,2156,no,no,cellular,4,1,unknown,1
31,management,married,tertiary,no,-887,no,no,cellular,5,2,unknown,0
33,blue-collar,married,primary,no,-2475,yes,no,cellular,4,2,unknown,0
27,admin.,married,secondary,no,1352,yes,no,cellular,5,1,unknown,0
45,management,married,tertiary,no,3997,no,no,unknown,3,0,unknown,0
38,management,single,tertiary,no,2950,no,no,cellular,13,2,unknown,0
49,blue-collar,married,primary,no,-1148,yes,no,cellular,4,0,unknown,0
28,admin.,married,tertiary,no,428,yes,no,cellular,2,1,unknown,0
41,services,single,secondary,no,-86,no,no,cellular,5,0,unknown,0
33,admin.,married,unknown,no,1623,yes,no,cellular,5,2,unknown,0
60,retired,married,primary,no,548,no,no,cellular,4,0,unknown,0
28,unemployed,single,primary,no,-3214,no,no,cellular,2,1,unknown,0
66,management,married,secondary,no,6730,yes,no,cellular,3,2,unknown,0
37,services,single,secondary,no,-3144,yes,no,unknown,5,2,unknown,0
37,management,married,tertiary,no,-41,no,no,unknown,7,2,unknown,0
26,technician,single,tertiary,no,2513,yes,no,cellular,3,5,other,1
50,housemaid,married,primary,no,1060,no,no,unknown,2,0,unknown,0
38,blue-collar,married,primary,no,-2126,yes,no,cellular,3,0,unknown,0
36,admin.,single,secondary,no,335,yes,yes,unknown,3,2,unknown,0
54,management,married,unknown,no,3327,yes,yes,cellular,5,0,unknown,0
35,admin.,married,secondary,no,3715,yes,no,cellular,2,2,unknown,1
38,blue-collar,married,secondary,no,2254,no,no,unknown,4,0,unknown,0
41,management,single,tertiary,no,986,no,no,cellular,10,2,unknown,0
26,blue-collar,married,primary,no,1497,yes,no,unknown,3,1,unknown,0
47,management,married,tertiary,no,-1533,no,no,cellular,2,0,unknown,0
29,blue-collar,married,secondary,no,1533,no,no,cellular,5,1,unknown,0
24,student,married,tertiary,no,-1383,yes,no,cellular,4,1,unknown,0
34,technician,married,secondary,no,1827,no,yes,unknown,2,1,unknown,0
26,blue-collar,single,secondary,no,-2692,yes,no,cellular,3,1,unknown,0
34,technician,married,tertiary,no,-2307,yes,no,unknown,2,1,unknown,0
60,management,married,tertiary,no,1904,yes,no,unknown,5,2,unknown,1
59,management,single,unknown,no,-1989,yes,no,telephone,8,3,other,1
26,management,single,tertiary,no,-453,yes,no,unknown,9,1,unknown,0
44,blue-collar,married,secondary,no,-1020,yes,no,unknown,1,0,unknown,1
28,blue-collar,married,unknown,no,-2245,no,no,cellular,2,1,unknown,0
36,technician,married,tertiary,no,-2392,yes,yes,unknown,3,2,unknown,0
45,technician,single,tertiary,no,-2781,yes,yes,cellular,3,2,failure,0
52,blue-collar,married,secondary,no,-3183,yes,no,cellular,8,1,unknown,0
27,technician,single,tertiary,no,939,no,no,cellular,4,1,unknown,0
31,admin.,married,secondary,no,2726,yes,no,cellular,2,1,unknown,0
44,technician,married,secondary,no,-3252,yes,no,cellular,2,5,other,0
34,entrepreneur,single,primary,no,-755,yes,no,cellular,5,2,unknown,0
36,technician,married,tertiary,no,-612,yes,yes,unknown,3,1,unknown,0
33,management,married,tertiary,no,1607,yes,no,cellular,4,0,unknown,0
44,unknown,divorced,tertiary,no,229,no,no,cellular,2,1,unknown,0
35,services,married,secondary,no,-1012,yes,yes,cellular,3,1,unknown,0
45,blue-collar,married,secondary,no,-3162,no,no,cellular,4,1,unknown,0
40,technician,married,secondary,no,-28,no,no,cellular,3,8,failure,0
55,management,married,tertiary,no,77,yes,no,cellular,2,1,success,0
24,blue-collar,married,secondary,no,1316,yes,no,cellular,2,0,failure,0
34,technician,married,secondary,no,-1832,yes,no,cellular,12,1,unknown,0
52,admin.,single,unknown,no,3302,yes,no,cellular,2,1,failure,0
46,blue-collar,married,primary,no,1947,yes,no,unknown,10,2,unknown,0
32,entrepreneur,married,secondary,yes,3809,yes,no,cellular,3,2,unknown,0
45,management,married,tertiary,no,8101,no,no,cellular,4,1,unknown,0
26,admin.,single,secondary,no,602,yes,no,cellular,4,1,failure,0
54,management,divorced,tertiary,no,2196,no,no,telephone,1,1,unknown,0
40,admin.,married,unknown,no,3020,no,no,cellular,5,0,failure,0
75,retired,married,tertiary,no,4195,no,no,telephone,6,1,unknown,0
66,retired,married,secondary,no,8431,yes,no,unknown,4,1,unknown,0
53,unemployed,single,secondary,no,1883,no,no,cellular,10,1,unknown,0
26,student,married,tertiary,no,-1893,no,no,cellular,2,2,unknown,0
57,admin.,married,secondary,no,-3037,yes,yes,unknown,1,2,unknown,0
53,management,single,secondary,no,1365,no,no,cellular,5,1,unknown,0
31,services,single,secondary,no,-1446,yes,no,cellular,9,1,failure,0
37,management,single,tertiary,no,543,yes,no,cellular,1,2,failure,0
26,management,divorced,tertiary,no,1304,yes,yes,unknown,5,1,unknown,0
60,blue-collar,married,secondary,no,1397,yes,yes,cellular,4,1,unknown,0
44,management,single,tertiary,no,-1320,no,no,telephone,3,0,unknown,0
39,blue-collar,single,secondary,no,-1328,yes,no,unknown,4,1,unknown,0
53,blue-collar,married,primary,no,-2149,yes,no,unknown,3,1,unknown,0
31,unemployed,married,secondary,yes,-2280,yes,yes,unknown,2,1,unknown,0
57,retired,married,secondary,no,1832,no,no,cellular,5,0,unknown,0
39,technician,married,tertiary,no,248,yes,yes,cellular,4,1,unknown,0
33,services,single,secondary,no,-1931,yes,yes,cellular,2,0,unknown,0
45,technician,divorced,tertiary,no,8667,yes,yes,cellular,2,1,unknown,0
58,management,married,tertiary,no,-2504,no,no,telephone,3,0,unknown,0
44,management,married,tertiary,no,-2850,yes,no,cellular,2,0,unknown,0
24,technician,married,secondary,no,2984,no,no,cellular,2,2,unknown,0
39,entrepreneur,married,tertiary,no,-1090,no,no,cellular,2,2,unknown,0
34,management,single,secondary,no,-388,yes,yes,cellular,3,1,unknown,0
35,admin.,single,secondary,no,-76,no,no,cellular,5,2,unknown,0
38,admin.,married,secondary,no,1408,yes,yes,cellular,6,1,unknown,0
50,entrepreneur,divorced,secondary,no,3265,no,no,cellular,14,4,other,0
31,technician,married,secondary,no,-1299,yes,no,cellular,4,1,unknown,0
33,services,single,secondary,no,3347,no,no,cellular,6,1,unknown,0
34,services,married,unknown,no,-3096,no,yes,cellular,5,4,other,0
35,management,married,secondary,no,-108,no,no,telephone,2,3,failure,0
37,management,divorced,tertiary,no,-588,yes,no,cellular,4,1,unknown,0
34,services,single,secondary,no,-590,no,no,cellular,2,7,success,1
28,services,married,secondary,no,2020,yes,no,unknown,3,1,unknown,0
39,management,divorced,tertiary,no,8239,no,no,cellular,5,0,failure,1
27,self-employed,single,tertiary,no,3634,yes,no,unknown,11,2,unknown,0
46,services,married,secondary,no,3154,no,no,cellular,3,2,unknown,0
31,services,single,secondary,no,-2603,no,no,cellular,2,1,failure,1
28,services,single,secondary,no,-2418,yes,yes,cellular,6,1,unknown,0
39,admin.,divorced,secondary,no,3172,yes,no,unknown,3,1,unknown,0
54,blue-collar,married,primary,no,-1579,yes,no,cellular,2,0,unknown,0
26,management,single,tertiary,no,-542,yes,no,cellular,9,1,unknown,0
27,services,married,primary,no,2999,yes,no,cellular,2,0,unknown,0
41,blue-collar,married,secondary,no,235,no,no,unknown,3,2,unknown,1
44,admin.,married,secondary,no,3738,yes,no,unknown,2,2,unknown,0
46,technician,married,secondary,no,-2940,yes,no,cellular,9,0,unknown,0
32,technician,single,tertiary,no,-2402,no,no,unknown,3,1,unknown,0
38,services,single,secondary,no,-2628,yes,no,unknown,4,0,unknown,1
33,technician,married,secondary,no,-3074,no,no,unknown,4,1,unknown,0
54,retired,divorced,primary,no,2290,no,no,telephone,2,4,other,0
28,admin.,single,primary,no,-476,yes,no,cellular,6,1,unknown,0
31,technician,single,tertiary,no,-3018,yes,no,cellular,2,8,success,0
35,blue-collar,married,primary,no,-2808,no,no,unknown,22,1,unknown,0
40,services,divorced,secondary,no,2384,no,no,cellular,8,1,unknown,0
53,management,married,tertiary,no,-2222,yes,yes,cellular,11,1,unknown,0
33,blue-collar,single,secondary,no,-1608,yes,no,cellular,5,1,unknown,0
36,blue-collar,married,secondary,no,-2512,yes,no,cellular,4,1,unknown,0
36,blue-collar,married,secondary,no,-3302,yes,no,cellular,1,1,unknown,0
42,technician,married,secondary,no,-1663,no,no,cellular,4,2,unknown,0
54,technician,married,secondary,no,7403,yes,no,cellular,2,1,failure,0
44,blue-collar,divorced,primary,no,2343,yes,no,cellular,4,2,unknown,0
32,entrepreneur,married,tertiary,no,3581,yes,no,cellular,17,1,unknown,0
31,blue-collar,single,primary,no,1086,yes,no,cellular,11,1,unknown,1
39,technician,married,tertiary,no,2405,yes,no,cellular,3,1,unknown,0
40,services,married,secondary,no,-1247,yes,no,cellular,1,0,unknown,1
37,management,married,tertiary,no,3723,no,no,cellular,4,2,unknown,0
48,unemployed,married,tertiary,no,196,no,no,telephone,5,5,other,0
44,unemployed,married,primary,no,719,yes,no,cellular,5,2,unknown,0
64,retired,married,secondary,no,4022,no,no,telephone,3,0,unknown,0
45,management,divorced,tertiary,no,3797,yes,no,unknown,3,2,unknown,0
61,retired,married,unknown,no,-2138,no,no,telephone,5,0,unknown,0
26,management,married,tertiary,no,-2304,yes,no,cellular,13,1,unknown,0
39,admin.,single,secondary,no,-3239,no,no,cellular,4,0,unknown,0
45,management,married,tertiary,no,-1541,yes,no,cellular,3,2,unknown,1
46,admin.,married,secondary,no,-1092,yes,no,unknown,2,0,unknown,0
34,entrepreneur,married,tertiary,no,2695,yes,no,cellular,3,1,unknown,0
50,admin.,divorced,secondary,no,-2623,no,no,cellular,4,4,failure,0
27,housemaid,single,unknown,no,1338,no,no,unknown,10,2,success,1
39,management,married,tertiary,no,1719,yes,no,unknown,6,1,unknown,0
51,technician,married,secondary,yes,30442,yes,no,cellular,1,2,unknown,0
35,admin.,divorced,secondary,no,-2657,yes,no,unknown,3,1,unknown,0
49,management,married,tertiary,no,-804,no,no,cellular,2,1,unknown,0
33,blue-collar,single,secondary,no,3441,yes,yes,unknown,3,1,unknown,0
28,services,single,tertiary,no,11495,yes,no,unknown,1,2,unknown,0
64,retired,married,secondary,no,7275,no,yes,cellular,2,1,unknown,0
58,technician,married,secondary,no,4061,yes,no,cellular,3,2,unknown,0
54,technician,married,secondary,no,1874,yes,no,cellular,1,4,failure,0
41,unemployed,single,tertiary,no,3712,yes,no,cellular,5,2,unknown,1
58,housemaid,married,primary,no,3092,no,no,unknown,10,1,unknown,0
78,retired,married,tertiary,no,-2503,no,no,telephone,6,1,unknown,0
27,blue-collar,single,unknown,no,-2345,yes,no,unknown,3,2,unknown,0
42,admin.,married,secondary,no,139,yes,no,cellular,3,0,unknown,0
47,management,married,tertiary,no,-2185,yes,no,unknown,5,2,unknown,0
49,services,married,secondary,no,716,yes,yes,cellular,4,2,unknown,1
28,self-employed,married,tertiary,no,-2593,yes,no,cellular,3,0,unknown,0
36,technician,single,secondary,no,-2869,yes,no,cellular,2,1,other,1
39,services,married,secondary,no,1905,yes,no,cellular,4,2,unknown,1
58,retired,married,secondary,yes,9113,no,no,cellular,5,0,unknown,0
47,admin.,single,secondary,yes,-2842,no,no,telephone,4,2,unknown,0
24,management,single,secondary,no,2537,yes,no,cellular,3,2,unknown,0
21,technician,single,tertiary,no,490,yes,no,cellular,19,2,unknown,0
33,technician,divorced,secondary,no,-1828,yes,no,unknown,1,1,unknown,0
28,blue-collar,single,secondary,no,10409,no,yes,cellular,8,1,unknown,0
34,admin.,married,secondary,no,2481,yes,no,cellular,3,1,unknown,0
28,admin.,single,secondary,no,3479,yes,no,cellular,5,1,unknown,0
20,admin.,single,secondary,no,-3108,no,no,unknown,2,2,unknown,0
33,admin.,married,secondary,no,-3141,no,no,cellular,5,1,unknown,0
50,blue-collar,divorced,primary,no,3390,yes,no,telephone,1,2,unknown,1
48,management,married,unknown,no,4763,no,no,unknown,13,2,unknown,0
59,housemaid,married,tertiary,no,2938,no,no,cellular,2,5,failure,1
39,blue-collar,married,primary,no,1582,yes,yes,cellular,2,9,failure,0
29,management,single,tertiary,no,-2,no,no,cellular,4,0,unknown,0
44,technician,single,tertiary,no,281,no,no,cellular,8,1,unknown,0
61,management,married,tertiary,no,3270,yes,no,cellular,9,2,unknown,0
39,management,single,tertiary,yes,-1530,yes,yes,unknown,6,1,unknown,1
34,management,married,tertiary,no,531,yes,no,cellular,2,2,success,1
35,services,married,secondary,no,3544,yes,no,cellular,3,1,unknown,0
37,blue-collar,married,primary,no,-226,yes,no,cellular,2,2,unknown,0
30,unemployed,single,secondary,no,-41,yes,no,unknown,5,2,unknown,0
33,blue-collar,single,secondary,no,2476,yes,no,unknown,2,1,unknown,0
34,unknown,married,secondary,no,-1936,no,no,cellular,2,0,unknown,0
39,management,married,tertiary,no,726,yes,no,cellular,3,22,failure,0
33,housemaid,divorced,tertiary,no,-1340,yes,no,cellular,6,1,unknown,1
39,self-employed,married,tertiary,no,-807,yes,no,cellular,2,2,unknown,0
44,blue-collar,married,secondary,no,-1435,yes,no,cellular,6,2,unknown,0
27,technician,married,secondary,no,-3014,yes,no,cellular,4,2,unknown,0
37,technician,married,secondary,no,-3210,no,no,unknown,4,0,unknown,0
26,blue-collar,single,unknown,no,2867,yes,yes,unknown,3,0,unknown,0
28,technician,single,secondary,no,-3254,yes,no,cellular,3,0,unknown,0
45,blue-collar,married,primary,no,4100,yes,no,unknown,2,2,unknown,0
29,management,single,secondary,no,-2498,no,no,cellular,3,2,unknown,0
46,management,married,tertiary,no,-1340,yes,no,unknown,5,1,unknown,0
38,blue-collar,married,secondary,no,-1898,yes,no,unknown,4,2,unknown,0
35,management,divorced,tertiary,no,497,yes,no,cellular,2,1,unknown,0
40,unknown,married,unknown,no,-838,no,no,unknown,2,2,unknown,0
39,technician,married,secondary,no,-1499,yes,no,cellular,8,1,failure,0
80,retired,married,secondary,no,3179,yes,yes,telephone,4,2,unknown,0
38,admin.,married,tertiary,no,-876,no,no,unknown,5,2,unknown,0
35,technician,married,secondary,no,1051,no,no,unknown,6,1,unknown,0
74,retired,married,primary,no,6753,no,no,telephone,1,2,unknown,0
27,admin.,single,secondary,no,2020,yes,no,unknown,3,1,unknown,0
52,blue-collar,married,secondary,no,1759,yes,no,cellular,2,2,unknown,0
33,blue-collar,divorced,primary,no,143,yes,no,cellular,3,2,unknown,1
42,blue-collar,married,tertiary,no,17534,yes,yes,cellular,3,0,unknown,0
34,management,single,tertiary,no,2084,no,no,cellular,22,1,unknown,0
45,blue-collar,married,primary,no,415,yes,no,cellular,3,1,unknown,0
35,management,single,tertiary,no,-318,yes,no,cellular,2,1,unknown,0
44,blue-collar,married,primary,no,-1596,yes,no,cellular,3,1,unknown,0
35,management,married,tertiary,no,-335,no,no,cellular,14,3,failure,0
34,technician,married,secondary,no,-2547,no,no,cellular,2,1,unknown,1
42,blue-collar,married,secondary,no,-1828,no,no,unknown,3,1,unknown,0
46,technician,married,tertiary,no,2000,no,no,cellular,4,1,failure,0
36,unemployed,married,secondary,no,-2202,yes,yes,unknown,3,2,unknown,0
56,blue-collar,married,secondary,no,-3178,no,no,cellular,29,0,unknown,0
44,management,married,tertiary,no,3643,no,no,telephone,8,2,unknown,0
58,blue-collar,married,primary,no,-1032,yes,no,unknown,3,1,unknown,0
43,management,married,tertiary,no,-1613,no,no,unknown,6,0,unknown,0
28,blue-collar,single,primary,no,-2366,yes,no,cellular,5,1,unknown,0
60,management,married,tertiary,no,-2000,yes,no,cellular,6,2,unknown,0
32,services,married,unknown,no,8537,yes,no,cellular,5,0,unknown,1
31,services,married,secondary,no,291,yes,no,cellular,4,10,success,0
36,blue-collar,married,primary,no,-126,yes,no,cellular,5,0,unknown,0
37,management,single,tertiary,no,745,yes,no,cellular,5,1,unknown,0
28,services,single,secondary,yes,-2905,no,no,unknown,12,0,unknown,0
37,management,divorced,tertiary,no,-697,yes,no,unknown,3,1,unknown,0
60,blue-collar,married,primary,no,2948,yes,no,unknown,4,0,unknown,0
52,admin.,married,secondary,no,-2655,yes,no,telephone,3,0,unknown,0
44,admin.,married,secondary,no,-2861,no,no,cellular,11,2,unknown,1
45,admin.,married,secondary,no,2535,yes,yes,unknown,1,2,unknown,0
28,management,married,unknown,no,2417,no,no,unknown,6,1,unknown,0
31,technician,single,secondary,no,-1571,no,no,unknown,2,2,unknown,0
46,management,divorced,tertiary,no,3673,no,no,unknown,3,1,unknown,0
52,technician,single,tertiary,no,1027,no,no,unknown,3,0,unknown,0
58,management,married,secondary,no,2190,yes,yes,telephone,2,1,unknown,0
21,management,single,secondary,no,722,no,no,cellular,4,0,unknown,0
38,entrepreneur,married,secondary,no,3842,yes,no,cellular,5,1,unknown,1
28,technician,single,secondary,no,1355,yes,yes,cellular,1,1,unknown,0
59,services,married,secondary,no,863,no,no,cellular,4,1,unknown,0
41,self-employed,divorced,tertiary,no,4092,no,no,telephone,6,2,unknown,0
39,management,married,tertiary,no,2234,no,yes,cellular,1,2,unknown,0
27,admin.,married,secondary,no,2126,yes,no,unknown,2,1,unknown,0
84,retired,married,primary,no,-2191,no,yes,telephone,4,0,success,0
50,housemaid,married,secondary,no,-2188,no,no,cellular,3,2,unknown,0
28,admin.,married,secondary,no,-1562,yes,yes,cellular,4,0,unknown,0
28,admin.,single,secondary,no,3651,no,no,cellular,3,0,unknown,0
28,services,married,secondary,no,-1210,yes,yes,unknown,5,1,unknown,0
45,admin.,married,tertiary,no,-1583,no,no,cellular,2,0,unknown,0
42,services,married,secondary,no,1138,no,no,unknown,9,1,unknown,0
39,admin.,divorced,secondary,no,-2713,yes,no,cellular,4,1,unknown,0
29,management,single,tertiary,yes,2710,no,no,unknown,1,1,unknown,0
46,technician,married,secondary,no,845,no,no,unknown,6,2,unknown,0
45,technician,single,tertiary,no,-1230,yes,yes,cellular,2,1,unknown,0
36,management,married,tertiary,no,-145,no,no,unknown,1,1,unknown,0
31,self-employed,single,tertiary,no,473,yes,no,cellular,6,1,unknown,0
57,management,divorced,secondary,no,-2362,yes,no,cellular,4,1,unknown,1
36,management,single,secondary,no,3837,yes,no,cellular,4,1,unknown,1
42,technician,married,secondary,no,-2303,yes,no,unknown,11,2,unknown,0
32,management,married,tertiary,no,14864,no,no,cellular,5,1,unknown,0
36,technician,married,tertiary,no,-865,no,no,cellular,5,3,failure,0
33,management,married,tertiary,no,9,no,no,cellular,2,2,unknown,0
31,management,single,tertiary,no,-433,no,no,cellular,6,0,unknown,0
36,management,married,tertiary,no,23981,no,no,cellular,3,1,unknown,1
44,technician,married,tertiary,no,-2178,no,no,cellular,4,0,failure,0
32,management,single,secondary,no,-2529,no,no,cellular,3,2,unknown,0
48,unknown,married,unknown,no,10236,no,no,unknown,5,1,unknown,0
40,unemployed,married,tertiary,no,2300,no,no,cellular,1,1,unknown,0
38,technician,married,tertiary,no,2141,yes,yes,unknown,3,0,unknown,0
27,technician,married,secondary,no,3210,no,no,cellular,4,1,unknown,0
59,housemaid,married,primary,no,1186,no,no,cellular,3,1,unknown,0
41,management,single,tertiary,no,-2970,no,no,cellular,3,2,unknown,0
40,housemaid,married,tertiary,no,307,no,yes,telephone,3,1,unknown,0
35,unemployed,divorced,secondary,no,-2218,yes,no,cellular,5,1,success,0
41,blue-collar,married,secondary,no,-2445,yes,no,cellular,6,0,unknown,0
48,blue-collar,married,primary,no,60,yes,no,cellular,3,1,unknown,0
50,housemaid,married,secondary,no,10272,yes,no,cellular,5,1,unknown,0
39,blue-collar,divorced,primary,no,2752,no,no,unknown,8,2,unknown,0
68,blue-collar,married,secondary,no,-1749,yes,no,telephone,1,3,failure,0
53,blue-collar,divorced,secondary,no,2863,no,no,cellular,2,1,unknown,0
44,technician,divorced,secondary,no,247,yes,no,unknown,6,1,unknown,0
39,management,single,tertiary,no,1463,yes,no,cellular,2,2,unknown,0
40,blue-collar,married,secondary,no,228,yes,no,unknown,1,2,unknown,0
30,blue-collar,married,secondary,no,1626,no,no,cellular,6,2,unknown,0
44,blue-collar,married,primary,no,9140,no,no,unknown,2,1,unknown,0
46,admin.,married,secondary,no,-3060,yes,no,telephone,2,1,unknown,0
29,admin.,married,secondary,no,-215,yes,no,cellular,5,1,failure,1
42,services,married,secondary,no,-2571,no,no,cellular,1,2,unknown,0
39,blue-collar,divorced,primary,no,-569,yes,no,cellular,4,1,unknown,1
35,admin.,married,secondary,no,1194,no,no,cellular,5,1,unknown,0
41,management,divorced,unknown,no,1470,no,no,cellular,7,1,unknown,0
58,admin.,married,secondary,no,3888,yes,no,cellular,6,2,unknown,0
38,admin.,married,secondary,no,521,yes,yes,cellular,5,2,unknown,0
34,blue-collar,single,unknown,no,-3021,yes,yes,telephone,1,1,unknown,0
50,unemployed,married,secondary,no,-2094,no,no,cellular,9,1,unknown,0
35,self-employed,married,tertiary,no,537,no,no,cellular,4,1,failure,0
70,retired,married,secondary,no,1232,no,no,cellular,5,1,unknown,0
26,admin.,single,primary,no,3860,yes,no,unknown,2,1,unknown,0
37,technician,married,secondary,no,837,yes,no,unknown,5,0,unknown,1
45,services,divorced,secondary,no,1355,yes,no,cellular,2,2,unknown,0
49,technician,married,secondary,no,-1315,yes,no,unknown,2,0,unknown,0
26,services,single,secondary,no,1618,yes,no,cellular,6,1,failure,1
48,management,single,tertiary,no,3509,yes,no,cellular,3,1,unknown,0
32,blue-collar,married,unknown,no,-2112,no,no,cellular,3,1,unknown,0
40,blue-collar,single,secondary,no,-403,yes,no,unknown,4,1,unknown,0
31,blue-collar,single,secondary,no,-862,no,no,unknown,3,1,unknown,0
27,services,married,secondary,no,3328,yes,no,cellular,2,1,unknown,0
57,blue-collar,divorced,secondary,no,2322,no,yes,unknown,3,2,unknown,0
26,blue-collar,single,secondary,no,-1737,yes,no,cellular,5,1,unknown,0
55,management,married,tertiary,no,2487,yes,no,telephone,3,1,unknown,0
39,admin.,married,secondary,no,1346,yes,no,telephone,6,4,failure,0
40,technician,married,secondary,no,-2553,no,no,cellular,3,0,failure,1
34,management,married,tertiary,no,14795,yes,no,cellular,4,1,unknown,0
27,technician,married,unknown,no,7384,yes,no,unknown,4,0,unknown,0
25,blue-collar,single,primary,no,-2016,yes,no,cellular,5,1,unknown,0
36,management,married,tertiary,no,-902,yes,no,cellular,2,2,unknown,0
84,retired,divorced,secondary,no,2992,no,no,telephone,6,3,failure,1
42,management,single,tertiary,no,-2756,yes,no,cellular,4,1,unknown,1
45,management,married,tertiary,no,-2118,yes,no,unknown,2,1,unknown,0
51,entrepreneur,single,secondary,no,1874,yes,yes,unknown,2,2,unknown,0
39,blue-collar,married,primary,no,10026,yes,no,unknown,4,1,unknown,0
58,retired,married,primary,no,3600,no,no,cellular,5,2,unknown,0
45,blue-collar,divorced,primary,yes,3491,yes,no,unknown,4,2,unknown,0
54,retired,married,secondary,no,-1798,no,no,cellular,5,1,unknown,1
36,unemployed,married,secondary,no,3832,no,no,cellular,4,2,unknown,0
35,admin.,married,secondary,no,1396,yes,no,cellular,2,4,success,1
57,blue-collar,married,primary,no,-2273,yes,no,unknown,3,2,unknown,0
53,services,married,secondary,no,-236,yes,no,cellular,5,7,failure,0
32,blue-collar,married,secondary,no,3360,yes,no,cellular,4,2,unknown,1
73,retired,married,secondary,no,2895,no,no,telephone,2,1,unknown,0
37,services,married,secondary,no,-715,yes,no,telephone,5,1,failure,0
57,retired,married,primary,no,-24,no,no,unknown,11,1,unknown,0
50,management,married,tertiary,no,4248,no,no,unknown,2,2,unknown,0
26,housemaid,single,secondary,no,-1415,no,no,unknown,4,2,unknown,0
52,management,married,tertiary,no,-1742,no,no,cellular,7,1,unknown,0
33,blue-collar,married,secondary,no,-1760,no,yes,cellular,1,1,unknown,0
39,management,married,tertiary,no,9628,no,yes,cellular,5,0,unknown,0
33,blue-collar,married,secondary,no,-2269,no,no,cellular,6,0,unknown,0
66,management,divorced,tertiary,no,9310,yes,no,cellular,2,0,unknown,0
56,self-employed,married,secondary,no,1453,no,no,telephone,2,4,other,1
40,services,divorced,secondary,no,1035,yes,no,unknown,2,1,unknown,0
33,blue-collar,single,secondary,no,1859,yes,no,cellular,5,6,failure,1
36,entrepreneur,married,tertiary,no,-906,yes,yes,unknown,4,0,unknown,0
54,services,married,secondary,no,2678,no,no,unknown,5,0,unknown,0
34,blue-collar,married,unknown,no,7549,no,no,cellular,5,2,unknown,0
49,technician,married,secondary,no,3653,no,no,unknown,6,0,unknown,0
53,services,married,secondary,no,-3284,yes,no,unknown,6,1,unknown,0
27,blue-collar,married,secondary,no,3496,no,no,cellular,3,2,unknown,0
43,blue-collar,married,secondary,no,9579,no,no,cellular,5,2,unknown,0
51,blue-collar,married,primary,no,1782,no,no,cellular,7,4,failure,0
27,management,married,tertiary,no,7006,no,no,cellular,5,1,failure,0
44,admin.,married,secondary,no,712,yes,no,unknown,5,0,unknown,0
29,blue-collar,single,secondary,no,3281,yes,no,cellular,3,1,unknown,0
51,self-employed,married,tertiary,no,-2723,no,no,cellular,18,1,unknown,0
29,management,single,tertiary,no,-3183,yes,no,cellular,3,2,failure,0
59,retired,married,primary,no,-2449,no,no,unknown,4,0,unknown,0
30,services,single,primary,no,-3075,yes,no,unknown,3,1,unknown,0
58,admin.,married,secondary,no,654,no,no,cellular,3,0,unknown,0
36,technician,married,secondary,no,7515,no,yes,cellular,22,1,unknown,0
30,blue-collar,married,secondary,no,-687,no,no,unknown,3,2,unknown,0
48,management,married,tertiary,no,10075,yes,no,cellular,10,2,unknown,0
36,management,married,secondary,no,2957,yes,yes,cellular,2,1,failure,0
38,technician,married,secondary,no,-707,no,no,cellular,5,1,unknown,0
44,management,married,tertiary,no,3029,yes,no,cellular,6,2,unknown,0
40,technician,married,secondary,no,5161,yes,no,unknown,6,1,unknown,0
57,retired,married,secondary,no,2013,yes,yes,cellular,4,2,failure,1
28,management,married,tertiary,no,-2004,no,no,cellular,4,1,other,0
55,retired,married,secondary,no,2533,no,no,unknown,5,0,unknown,0
58,blue-collar,married,secondary,no,3776,yes,yes,cellular,5,2,unknown,0
50,technician,divorced,secondary,no,-1254,no,no,cellular,1,1,unknown,0
35,blue-collar,married,secondary,no,1970,no,no,cellular,1,1,unknown,1
29,blue-collar,single,secondary,no,1510,no,no,unknown,2,1,unknown,0
40,retired,married,secondary,no,1773,no,no,cellular,3,0,unknown,0
28,services,single,secondary,no,-3283,yes,no,cellular,4,1,unknown,1
38,technician,married,secondary,no,1837,yes,no,cellular,2,2,unknown,1
39,management,married,tertiary,no,21,yes,no,cellular,5,1,unknown,0
51,blue-collar,married,secondary,no,2385,yes,no,cellular,4,2,unknown,1
49,admin.,married,secondary,no,2524,yes,no,unknown,5,0,unknown,0
46,blue-collar,married,unknown,no,-1855,yes,no,cellular,4,0,unknown,0
44,admin.,married,secondary,no,-2589,yes,no,cellular,6,1,unknown,0
54,management,single,secondary,no,7916,no,no,telephone,3,0,unknown,0
26,management,single,tertiary,no,2054,yes,no,cellular,5,1,unknown,0
36,admin.,single,secondary,no,-2202,yes,no,cellular,2,1,unknown,0
28,technician,married,tertiary,no,-2516,yes,no,cellular,3,2,unknown,0
47,admin.,married,secondary,no,10395,yes,no,unknown,4,0,unknown,0
58,retired,married,primary,no,3392,yes,yes,cellular,2,1,failure,0
32,blue-collar,married,secondary,no,953,yes,no,cellular,15,0,failure,1
40,admin.,divorced,secondary,no,3505,yes,no,telephone,5,7,failure,1
35,services,single,secondary,no,-420,no,no,cellular,3,2,unknown,0
51,management,married,tertiary,no,2050,yes,no,cellular,6,2,unknown,1
60,unemployed,married,primary,no,-151,no,yes,unknown,6,0,unknown,0
45,management,married,primary,no,10464,no,no,cellular,4,1,unknown,0
42,admin.,single,secondary,no,-1166,yes,no,unknown,17,1,unknown,0
56,housemaid,married,tertiary,no,20027,no,yes,unknown,9,0,unknown,0
27,self-employed,single,secondary,no,1926,no,no,cellular,14,4,failure,0
30,blue-collar,single,tertiary,no,689,yes,no,cellular,7,1,unknown,0
61,management,married,tertiary,no,1938,no,no,cellular,10,1,other,0
38,admin.,divorced,primary,no,2298,no,no,cellular,5,1,unknown,1
34,management,single,secondary,no,2414,yes,no,cellular,5,2,unknown,0
24,student,single,unknown,yes,-1086,no,no,cellular,4,2,success,1
24,technician,single,secondary,no,192,yes,no,cellular,3,2,unknown,0
39,technician,married,secondary,no,-2833,yes,no,cellular,5,0,other,0
26,student,single,secondary,no,-826,no,no,cellular,2,1,unknown,0
36,services,married,secondary,no,718,yes,no,cellular,4,1,unknown,0
29,management,married,tertiary,no,-2283,no,yes,unknown,4,0,unknown,0
27,entrepreneur,single,secondary,no,-1057,no,no,unknown,2,2,unknown,0
53,technician,married,secondary,no,-2768,no,yes,cellular,9,1,unknown,0
38,management,single,tertiary,no,2449,no,no,cellular,1,1,unknown,0
51,retired,married,secondary,no,62,no,no,cellular,2,0,unknown,0
32,management,single,tertiary,no,1891,yes,no,cellular,4,0,unknown,0
33,admin.,married,secondary,no,-8,yes,no,unknown,3,1,unknown,0
45,technician,married,secondary,no,2207,yes,no,unknown,2,0,unknown,0
60,housemaid,married,secondary,no,10853,yes,no,cellular,3,2,unknown,0
32,self-employed,single,secondary,no,-144,yes,no,cellular,1,1,unknown,0
60,services,divorced,secondary,no,-1630,yes,no,cellular,3,1,unknown,0
30,blue-collar,single,secondary,no,4069,yes,yes,cellular,2,2,failure,0
33,services,married,secondary,no,3278,yes,yes,cellular,6,2,unknown,0
42,technician,divorced,secondary,no,-1121,no,no,cellular,2,2,unknown,0
34,management,single,secondary,no,-1462,no,yes,cellular,2,1,unknown,0
44,management,married,tertiary,no,2777,no,no,cellular,23,1,unknown,0
48,management,single,tertiary,no,3113,yes,no,unknown,2,2,unknown,0
41,blue-collar,married,secondary,no,17421,yes,no,unknown,3,2,unknown,0
32,technician,single,secondary,no,-2510,yes,no,cellular,3,4,other,0
36,technician,single,secondary,no,-1628,yes,no,cellular,3,0,unknown,0
35,management,single,tertiary,no,1287,no,yes,cellular,3,0,unknown,0
27,technician,single,secondary,no,-255,no,no,cellular,2,1,unknown,0
33,management,married,tertiary,no,-1717,yes,no,unknown,2,2,unknown,0
52,management,married,tertiary,no,3667,no,no,unknown,4,2,unknown,0
43,services,married,secondary,no,1738,yes,no,telephone,4,2,unknown,0
33,admin.,single,secondary,no,2559,no,no,telephone,1,2,unknown,0
36,technician,married,secondary,no,3231,no,no,cellular,3,0,success,0
37,blue-collar,single,secondary,no,2659,yes,no,cellular,3,2,unknown,1
35,blue-collar,single,secondary,no,-2202,yes,no,unknown,2,2,unknown,0
32,technician,married,secondary,no,-3132,yes,no,cellular,2,1,unknown,1
46,blue-collar,married,secondary,no,-2190,yes,no,telephone,5,1,other,1
31,management,married,tertiary,no,92,no,no,unknown,3,2,unknown,0
53,self-employed,married,tertiary,no,-682,yes,no,cellular,5,1,failure,0
57,admin.,married,tertiary,no,-1140,yes,no,cellular,4,2,unknown,0
27,services,married,primary,no,2842,no,no,cellular,2,2,unknown,1
35,technician,married,secondary,no,-3109,no,no,cellular,5,1,failure,0
34,self-employed,married,tertiary,no,-1561,no,no,unknown,2,2,unknown,0
48,admin.,married,secondary,no,-219,yes,no,unknown,5,0,unknown,0
32,entrepreneur,single,secondary,no,3630,yes,no,cellular,5,0,unknown,0
39,management,married,tertiary,no,3254,no,yes,cellular,3,2,unknown,0
31,admin.,married,secondary,no,432,yes,no,cellular,3,0,unknown,0
45,services,married,secondary,no,2192,yes,no,unknown,5,1,unknown,0
39,services,divorced,unknown,no,394,no,no,unknown,5,1,unknown,0
37,entrepreneur,married,secondary,no,23258,yes,yes,cellular,2,2,failure,0
36,technician,single,tertiary,no,10610,no,no,cellular,2,2,unknown,0
50,management,married,unknown,no,-1906,no,no,unknown,5,2,unknown,0
57,retired,married,primary,no,-120,no,no,cellular,2,1,failure,0
41,management,married,tertiary,no,-1781,yes,no,unknown,5,1,unknown,0
40,self-employed,single,tertiary,no,1976,no,yes,cellular,6,1,other,0
39,unknown,married,secondary,no,1910,no,no,unknown,1,1,unknown,0
52,admin.,divorced,secondary,no,-3127,no,no,cellular,4,1,unknown,0
50,services,divorced,secondary,no,2501,yes,no,cellular,1,4,failure,0
36,technician,single,tertiary,no,3059,yes,no,cellular,3,0,unknown,0
41,management,married,tertiary,no,-2826,yes,no,cellular,4,2,unknown,0
39,admin.,married,secondary,no,-2723,no,no,cellular,5,0,unknown,1
49,blue-collar,married,primary,no,2626,yes,no,unknown,4,1,unknown,0
30,blue-collar,married,secondary,no,-1314,yes,no,unknown,3,2,unknown,0
44,management,married,tertiary,no,338,no,no,unknown,2,1,unknown,0
40,admin.,married,secondary,no,3634,yes,yes,unknown,1,2,unknown,0
49,entrepreneur,married,secondary,no,-1604,no,no,unknown,4,1,unknown,0
37,management,married,tertiary,no,10983,no,no,cellular,9,2,unknown,0
20,management,married,primary,no,12205,no,no,cellular,5,2,unknown,0
41,management,divorced,tertiary,no,5795,no,no,cellular,5,1,failure,0
31,blue-collar,married,primary,no,-2094,no,yes,cellular,4,1,unknown,0
59,retired,married,secondary,no,-1794,no,no,unknown,3,0,unknown,0
28,technician,single,secondary,no,535,no,no,cellular,4,1,unknown,0
39,self-employed,single,tertiary,no,3953,no,no,cellular,5,9,failure,0
60,retired,married,primary,no,10358,no,no,cellular,3,1,failure,0
43,housemaid,divorced,tertiary,yes,6613,no,no,cellular,5,2,unknown,1
26,unknown,married,tertiary,no,2253,yes,no,cellular,3,3,success,0
41,blue-collar,divorced,secondary,no,2237,yes,no,unknown,3,1,unknown,0
32,management,single,tertiary,no,1553,yes,no,cellular,5,1,unknown,0
45,management,divorced,tertiary,no,208,no,no,cellular,4,2,unknown,0
19,student,married,secondary,no,3684,no,no,unknown,6,0,unknown,0
38,blue-collar,single,unknown,no,5,yes,no,cellular,4,1,unknown,0
41,management,single,tertiary,no,3540,yes,yes,cellular,5,1,unknown,0
37,blue-collar,single,primary,no,2464,yes,yes,cellular,3,4,other,0
32,services,married,secondary,no,3897,no,no,cellular,2,1,unknown,0
27,admin.,single,secondary,no,5643,yes,no,unknown,18,1,unknown,0
38,technician,married,secondary,no,-2317,yes,no,cellular,6,1,unknown,0
23,unemployed,single,primary,no,11101,yes,no,cellular,34,1,unknown,0
20,student,single,secondary,no,-89,no,no,cellular,3,1,unknown,0
52,technician,divorced,secondary,no,2509,yes,no,unknown,5,2,unknown,1
56,admin.,divorced,secondary,no,-3159,yes,yes,cellular,4,13,failure,0
56,management,married,tertiary,no,-2613,yes,no,cellular,2,2,unknown,0
38,management,divorced,tertiary,no,2098,no,no,cellular,2,7,success,0
30,blue-collar,married,secondary,no,-3190,yes,yes,unknown,5,2,unknown,0
37,technician,single,secondary,no,-1096,yes,no,cellular,4,1,unknown,1
54,technician,divorced,secondary,no,-1795,no,no,cellular,4,4,success,1
27,technician,single,secondary,no,3893,yes,no,cellular,3,1,unknown,0
37,services,single,secondary,no,2693,yes,no,cellular,2,0,unknown,0
41,technician,married,tertiary,no,857,no,no,cellular,4,4,failure,0
32,management,single,tertiary,no,3659,no,no,cellular,4,0,unknown,0
36,services,single,secondary,no,422,yes,no,cellular,2,0,unknown,0
39,services,married,secondary,no,683,no,no,cellular,2,1,unknown,0
55,technician,divorced,secondary,no,-2871,no,no,unknown,6,0,unknown,0
43,technician,married,tertiary,no,-2592,no,no,unknown,4,1,unknown,0
38,blue-collar,single,secondary,no,3107,yes,no,cellular,33,0,unknown,0
27,services,single,secondary,no,9936,yes,no,cellular,1,2,success,1
41,management,married,tertiary,no,2216,yes,no,cellular,3,2,unknown,0
31,management,single,tertiary,no,3407,no,no,cellular,2,2,unknown,0
27,blue-collar,single,secondary,no,3361,no,no,unknown,19,1,unknown,0
22,technician,single,tertiary,no,3049,no,no,cellular,2,2,unknown,0
57,retired,married,tertiary,no,2066,yes,no,telephone,9,1,unknown,0
36,management,married,tertiary,no,539,no,yes,unknown,4,1,unknown,0
21,student,single,tertiary,no,2591,no,no,cellular,4,1,unknown,0
38,blue-collar,single,unknown,no,-2158,yes,no,cellular,1,2,failure,0
39,services,married,secondary,no,-2941,yes,no,cellular,6,1,unknown,0
35,unknown,single,unknown,no,3728,no,no,cellular,3,2,unknown,0
39,management,married,tertiary,no,2218,yes,no,cellular,5,2,unknown,0
39,management,married,tertiary,no,-2968,no,no,cellular,5,2,unknown,0
33,housemaid,married,primary,no,-796,yes,no,telephone,3,0,unknown,0
35,services,single,secondary,no,1614,no,no,cellular,2,1,failure,0
28,services,single,secondary,no,-1135,no,no,cellular,5,2,unknown,0
55,retired,divorced,tertiary,no,-3256,no,no,telephone,6,2,unknown,0
29,services,married,secondary,no,3867,no,no,unknown,4,2,unknown,0
40,technician,divorced,secondary,no,-3306,no,no,unknown,4,1,unknown,0
52,technician,married,secondary,no,10962,no,no,cellular,4,2,unknown,0
23,student,single,tertiary,no,-2628,no,no,cellular,4,2,failure,0
43,management,married,tertiary,no,8141,no,no,cellular,5,2,unknown,0
34,admin.,divorced,secondary,no,114,no,no,cellular,4,2,unknown,0
34,management,married,tertiary,no,4104,yes,no,cellular,5,1,failure,0
38,management,married,tertiary,no,4822,no,no,unknown,4,2,unknown,0
32,management,married,tertiary,no,-2697,no,no,cellular,3,2,unknown,0
28,services,divorced,secondary,no,3865,yes,no,unknown,6,0,unknown,0
55,admin.,married,secondary,no,-1994,yes,no,unknown,2,1,unknown,0
58,services,married,unknown,no,269,no,no,cellular,3,2,unknown,1
29,services,single,secondary,no,1722,yes,no,cellular,17,1,unknown,0
39,admin.,divorced,tertiary,no,-1009,yes,no,cellular,2,1,unknown,0
43,management,married,tertiary,no,2707,no,no,cellular,2,1,unknown,0
26,blue-collar,single,secondary,no,1115,yes,yes,cellular,5,1,unknown,0
43,blue-collar,married,secondary,no,-1066,yes,no,cellular,4,1,unknown,0
43,blue-collar,divorced,secondary,no,1063,yes,yes,unknown,1,1,unknown,0
42,services,married,tertiary,no,7703,no,no,cellular,3,2,unknown,0
33,management,married,unknown,no,-802,no,yes,unknown,3,1,unknown,0
42,services,divorced,secondary,no,862,yes,yes,cellular,6,2,unknown,0
44,technician,married,tertiary,no,1186,yes,no,cellular,1,1,unknown,0
44,services,married,secondary,no,-1514,no,no,unknown,5,0,unknown,0
39,blue-collar,married,primary,no,-1846,no,yes,cellular,2,1,unknown,0
28,management,single,unknown,no,12090,no,no,unknown,6,0,unknown,0
47,self-employed,divorced,primary,no,-430,yes,yes,cellular,2,1,unknown,0
54,management,divorced,tertiary,no,6784,no,no,unknown,5,1,unknown,0
57,blue-collar,married,unknown,no,3122,yes,no,telephone,2,0,unknown,0
21,admin.,single,secondary,no,3613,no,yes,unknown,6,1,unknown,0
56,services,married,secondary,no,1579,yes,no,cellular,3,1,unknown,0
26,technician,married,tertiary,no,4076,yes,no,unknown,4,2,unknown,0
38,blue-collar,married,secondary,no,653,yes,no,cellular,4,7,failure,0
56,admin.,married,secondary,no,1957,yes,no,unknown,3,2,unknown,0
51,technician,married,secondary,no,-2307,no,no,cellular,2,1,unknown,0
33,technician,divorced,secondary,no,-2690,yes,no,cellular,3,1,other,1
38,management,married,tertiary,no,-875,yes,no,telephone,2,0,unknown,0
57,management,married,tertiary,no,1761,yes,yes,cellular,2,3,success,1
44,housemaid,married,primary,no,106,yes,no,cellular,4,2,unknown,0
54,services,divorced,secondary,no,-2488,yes,no,unknown,2,0,unknown,0
31,blue-collar,married,primary,no,4282,yes,no,cellular,2,2,unknown,0
40,admin.,married,secondary,no,-2195,no,yes,unknown,2,1,unknown,0
44,admin.,married,secondary,no,2610,yes,no,unknown,9,2,unknown,0
33,management,married,secondary,no,-874,yes,yes,cellular,7,1,success,1
34,management,married,tertiary,no,3662,no,no,cellular,8,2,unknown,0
35,management,married,tertiary,no,-3171,no,no,unknown,9,1,unknown,0
34,services,single,unknown,no,20174,no,no,unknown,5,2,unknown,0
40,management,married,tertiary,no,-254,yes,no,unknown,22,2,unknown,0
26,admin.,single,tertiary,no,2632,yes,yes,cellular,2,2,unknown,0
26,technician,married,tertiary,no,-467,yes,no,cellular,5,1,unknown,0
48,management,married,tertiary,no,-312,yes,no,cellular,2,1,unknown,0
25,student,single,secondary,no,-2142,no,no,cellular,5,2,unknown,0
56,retired,married,primary,no,1325,no,no,unknown,3,1,unknown,0
47,entrepreneur,married,tertiary,no,3864,no,no,cellular,9,0,unknown,0
32,management,married,tertiary,no,3889,yes,no,unknown,3,1,unknown,0
37,blue-collar,married,primary,no,2752,yes,no,cellular,2,1,unknown,0
44,management,married,tertiary,no,-1741,yes,no,cellular,2,0,unknown,0
26,blue-collar,single,secondary,no,1128,yes,no,cellular,3,1,unknown,0
44,admin.,married,secondary,no,1362,yes,no,unknown,2,2,unknown,0
39,blue-collar,married,secondary,no,2334,yes,no,unknown,6,0,unknown,0
37,management,married,tertiary,no,-3298,no,no,cellular,4,1,unknown,0
28,admin.,single,secondary,no,-3188,yes,no,cellular,3,2,unknown,0
55,technician,married,secondary,no,-2978,no,no,telephone,2,4,failure,1
59,blue-collar,married,unknown,no,-1687,yes,yes,unknown,3,1,unknown,0
26,management,single,unknown,no,-2148,yes,no,cellular,6,0,unknown,0
30,services,married,tertiary,no,6439,yes,no,unknown,5,2,unknown,0
34,management,married,tertiary,no,1786,yes,no,cellular,9,1,unknown,0
40,unemployed,married,unknown,no,-1588,no,no,cellular,3,1,unknown,0
42,technician,married,secondary,no,3356,yes,yes,unknown,5,1,unknown,0
28,services,married,unknown,no,1011,yes,yes,cellular,1,0,unknown,0
42,technician,married,secondary,no,1802,yes,no,unknown,3,0,other,0
37,self-employed,single,secondary,no,3475,no,no,cellular,5,1,unknown,0
54,unknown,married,unknown,no,-1154,no,no,unknown,4,1,unknown,0
43,blue-collar,divorced,secondary,no,2977,no,no,unknown,11,1,unknown,0
44,unemployed,married,primary,no,-818,no,no,cellular,3,1,unknown,0
37,technician,single,secondary,no,2733,yes,no,unknown,7,1,unknown,0
35,services,single,secondary,no,2810,yes,no,cellular,5,1,unknown,0
44,management,single,secondary,no,-2406,yes,no,unknown,5,2,unknown,0
59,retired,divorced,secondary,no,8239,no,no,unknown,4,1,unknown,0
46,services,married,secondary,no,1760,no,no,unknown,4,1,unknown,0
37,management,married,secondary,no,153,no,no,cellular,4,1,unknown,0
45,technician,married,secondary,no,850,yes,no,unknown,8,0,unknown,1
26,unemployed,single,secondary,no,-529,no,yes,cellular,5,1,unknown,0
37,management,married,primary,no,9449,yes,no,cellular,6,2,unknown,0
51,management,married,tertiary,no,457,yes,yes,cellular,4,1,unknown,0
38,services,married,secondary,no,24393,no,no,unknown,3,1,unknown,0
32,blue-collar,single,primary,no,-1549,no,no,cellular,5,0,unknown,0
38,management,married,tertiary,no,373,no,no,cellular,5,2,failure,0
49,self-employed,married,secondary,no,-455,no,no,cellular,4,2,unknown,0
44,management,divorced,tertiary,no,2817,no,yes,cellular,4,1,unknown,0
24,blue-collar,single,secondary,no,3076,yes,no,cellular,2,1,unknown,0
46,management,married,tertiary,no,-1102,no,no,cellular,4,2,unknown,0
59,management,divorced,tertiary,no,-642,yes,no,cellular,3,2,unknown,0
44,entrepreneur,single,secondary,yes,-33,yes,yes,cellular,4,1,unknown,0
26,blue-collar,married,secondary,no,-1658,yes,no,cellular,5,0,unknown,1
33,blue-collar,married,secondary,no,110,no,no,cellular,5,2,unknown,0
36,management,divorced,secondary,yes,-3224,no,no,telephone,10,2,unknown,0
59,retired,married,tertiary,no,3286,no,no,unknown,4,0,unknown,0
47,admin.,married,tertiary,no,-1035,yes,no,cellular,16,2,unknown,0
35,admin.,divorced,secondary,no,-2875,no,no,unknown,4,0,unknown,0
55,retired,divorced,primary,no,1388,yes,no,cellular,3,1,unknown,0
57,management,married,tertiary,no,10284,yes,no,cellular,1,1,unknown,0
32,technician,married,secondary,no,2949,no,no,unknown,13,2,unknown,0
36,admin.,married,secondary,no,180,yes,no,cellular,5,1,unknown,0
58,unemployed,married,primary,no,-291,no,no,telephone,3,1,unknown,0
45,management,divorced,tertiary,no,-1067,yes,yes,unknown,2,1,unknown,0
34,management,married,tertiary,no,8361,no,no,telephone,3,1,unknown,0
39,management,married,tertiary,no,2071,yes,no,unknown,4,1,unknown,0
66,unknown,married,tertiary,no,10528,no,no,cellular,3,2,unknown,0
31,student,single,secondary,no,-985,no,no,telephone,6,1,failure,0
33,services,married,secondary,no,2307,yes,no,cellular,2,0,unknown,0
38,management,married,tertiary,no,2669,no,no,unknown,5,1,unknown,0
36,blue-collar,married,primary,no,-2283,yes,no,cellular,1,1,unknown,0
29,self-employed,married,tertiary,no,-2732,yes,no,cellular,2,5,failure,0
31,blue-collar,married,secondary,no,-1951,yes,no,unknown,3,2,unknown,0
31,self-employed,single,tertiary,no,-3277,yes,no,cellular,5,2,unknown,0
48,housemaid,married,primary,no,-454,no,no,cellular,4,1,unknown,0
60,services,married,secondary,no,-1266,no,yes,unknown,5,0,unknown,0
33,services,married,secondary,no,1764,yes,no,cellular,6,4,failure,0
20,services,single,secondary,no,1897,yes,yes,telephone,1,1,failure,0
39,technician,married,tertiary,no,2712,no,no,unknown,1,1,unknown,0
38,admin.,married,secondary,no,-3254,no,no,cellular,4,1,unknown,0
50,entrepreneur,married,tertiary,no,-1518,no,no,cellular,6,4,other,1
34,admin.,married,secondary,no,-950,no,no,cellular,5,1,failure,0
43,management,married,tertiary,no,475,no,no,cellular,5,1,unknown,0
26,blue-collar,married,primary,no,48,yes,no,cellular,2,1,unknown,0
20,services,single,secondary,no,3666,no,no,unknown,4,1,unknown,0
55,services,divorced,primary,no,3949,yes,yes,cellular,1,1,unknown,0
38,technician,divorced,secondary,no,2951,no,no,telephone,10,0,unknown,0
45,entrepreneur,divorced,primary,no,-2609,no,no,cellular,4,3,other,0
53,retired,married,tertiary,no,10998,no,no,unknown,2,1,unknown,0
43,services,married,primary,no,745,no,no,unknown,2,1,unknown,0
28,blue-collar,single,secondary,no,-2555,yes,no,unknown,3,1,unknown,0
34,technician,single,tertiary,no,8555,yes,no,cellular,5,2,unknown,0
51,management,married,tertiary,no,3387,yes,no,unknown,3,2,unknown,0
39,self-employed,married,secondary,no,-2910,no,no,unknown,3,2,unknown,0
32,technician,single,tertiary,no,1656,no,no,unknown,4,1,unknown,0
44,blue-collar,divorced,secondary,no,-2284,yes,yes,cellular,2,4,other,1
28,unemployed,married,primary,no,-1826,no,no,unknown,5,2,unknown,0
44,blue-collar,married,primary,no,-2716,yes,no,cellular,1,0,unknown,0
38,admin.,married,secondary,no,4000,no,no,cellular,3,2,unknown,0
47,admin.,married,secondary,no,9746,yes,no,unknown,2,2,unknown,0
48,services,married,secondary,no,-1615,no,no,cellular,2,6,failure,0
48,blue-collar,married,secondary,no,2104,yes,no,unknown,4,1,unknown,0
52,retired,divorced,secondary,no,-2306,no,no,cellular,2,21,failure,0
32,technician,married,secondary,no,-2805,no,no,cellular,4,1,unknown,0
63,retired,married,secondary,no,-305,yes,no,unknown,4,1,unknown,0
31,blue-collar,married,secondary,no,1842,yes,no,unknown,3,2,unknown,1
37,technician,married,secondary,no,4012,no,no,cellular,1,2,unknown,0
39,blue-collar,divorced,secondary,no,3691,no,yes,cellular,4,2,unknown,0
58,management,married,secondary,no,767,yes,yes,cellular,6,2,unknown,0
47,blue-collar,single,primary,no,-725,yes,no,unknown,2,1,unknown,0
53,admin.,married,unknown,no,754,yes,no,cellular,5,2,unknown,0
44,technician,single,secondary,no,4699,no,no,cellular,2,0,unknown,0
48,technician,married,tertiary,no,-2899,yes,no,telephone,2,0,unknown,0
57,housemaid,married,primary,no,-2423,no,no,cellular,6,0,unknown,0
48,services,married,secondary,no,-842,yes,yes,cellular,5,1,unknown,0
39,management,married,tertiary,yes,681,no,no,cellular,3,1,unknown,0
39,blue-collar,married,primary,no,-2412,yes,no,cellular,4,1,unknown,0
26,management,married,secondary,no,2688,yes,no,cellular,2,2,unknown,0
36,blue-collar,married,primary,no,-1721,yes,yes,unknown,3,1,unknown,0
48,blue-collar,married,primary,no,-2173,yes,no,cellular,3,2,failure,1
34,management,single,tertiary,no,2472,no,no,cellular,2,1,unknown,0
51,self-employed,married,tertiary,no,2218,yes,yes,cellular,1,1,unknown,0
32,admin.,single,secondary,no,-2344,no,no,cellular,5,0,unknown,0
48,self-employed,single,primary,no,-1254,no,no,cellular,4,4,failure,0
43,services,divorced,secondary,no,2583,no,no,cellular,4,1,unknown,0
35,blue-collar,married,primary,no,10798,yes,no,unknown,4,1,unknown,0
55,blue-collar,married,secondary,no,-2010,yes,no,cellular,3,0,unknown,0
27,student,single,secondary,no,-2567,no,no,cellular,2,1,unknown,0
48,technician,married,secondary,no,-2482,no,no,unknown,2,0,unknown,0
49,technician,divorced,secondary,no,69,yes,no,unknown,5,1,unknown,0
47,services,single,secondary,no,2200,yes,no,cellular,4,1,unknown,0
58,housemaid,single,tertiary,no,2672,no,no,unknown,2,0,unknown,0
39,blue-collar,divorced,primary,no,3073,yes,no,unknown,2,1,unknown,0
54,management,married,tertiary,no,3078,no,yes,unknown,6,2,unknown,0
37,blue-collar,married,tertiary,no,2972,yes,no,cellular,3,1,unknown,0
35,admin.,single,secondary,no,925,yes,yes,cellular,1,0,unknown,0
48,admin.,divorced,secondary,no,3937,no,no,cellular,5,1,unknown,0
50,technician,divorced,secondary,no,-3296,yes,no,telephone,4,0,unknown,0
57,self-employed,married,tertiary,no,-1415,yes,no,cellular,3,1,unknown,0
26,technician,single,tertiary,no,4280,yes,no,cellular,4,1,unknown,0
57,blue-collar,married,primary,no,-1431,yes,no,cellular,6,1,unknown,0
27,management,married,tertiary,no,-888,no,no,cellular,2,1,unknown,1
45,admin.,divorced,secondary,no,1374,no,no,cellular,3,1,unknown,0
41,blue-collar,married,secondary,no,11015,no,no,telephone,2,10,other,0
30,admin.,single,secondary,no,3277,no,no,cellular,3,2,unknown,0
44,technician,married,secondary,no,-2480,yes,yes,cellular,1,0,unknown,0
65,self-employed,married,secondary,no,-636,no,no,cellular,1,1,unknown,0
37,technician,married,secondary,no,2906,yes,no,unknown,2,2,unknown,0
37,management,single,tertiary,no,-1129,yes,no,cellular,25,1,unknown,0
34,management,married,secondary,no,-1759,no,no,cellular,1,1,unknown,0
56,retired,married,primary,no,2749,no,no,cellular,5,1,unknown,0
39,management,married,tertiary,no,-951,no,no,cellular,1,2,unknown,0
45,technician,married,secondary,no,2473,no,no,cellular,4,5,other,0
38,services,single,secondary,no,-1232,no,no,cellular,1,2,failure,0
38,technician,married,tertiary,no,2222,yes,yes,cellular,4,0,unknown,0
38,services,married,secondary,no,1305,yes,no,cellular,3,2,unknown,1
44,management,married,tertiary,no,1896,no,yes,cellular,5,0,unknown,0
29,technician,single,unknown,no,3600,yes,no,unknown,2,2,unknown,0
50,entrepreneur,married,secondary,no,3497,yes,yes,unknown,2,2,unknown,0
26,management,single,tertiary,no,3898,yes,no,cellular,6,2,unknown,0
48,technician,married,secondary,no,-2088,yes,no,cellular,5,1,unknown,1
54,management,married,tertiary,no,-1436,yes,no,cellular,4,2,failure,0
59,management,divorced,tertiary,yes,-3096,no,no,telephone,3,1,unknown,1
36,management,divorced,tertiary,no,9743,no,no,unknown,4,2,unknown,0
46,management,married,tertiary,no,-1926,no,no,unknown,3,2,unknown,0
60,management,married,secondary,no,1126,yes,no,unknown,2,2,unknown,0
32,management,married,primary,no,4111,no,no,cellular,7,2,unknown,0
45,blue-collar,married,tertiary,no,-392,yes,no,cellular,7,2,unknown,0
42,blue-collar,married,primary,no,700,no,no,cellular,5,2,unknown,0
36,blue-collar,divorced,secondary,no,4051,no,no,unknown,3,2,unknown,0
52,self-employed,single,tertiary,no,-2298,yes,yes,cellular,4,4,failure,0
28,blue-collar,single,secondary,no,-2711,yes,no,cellular,2,2,unknown,0
49,management,married,tertiary,no,1033,no,no,cellular,3,2,failure,0
34,self-employed,married,tertiary,no,1699,yes,no,cellular,5,1,unknown,0
46,unemployed,single,secondary,no,2227,no,no,cellular,3,2,unknown,0
59,retired,married,secondary,no,3374,yes,no,telephone,5,0,unknown,1
27,blue-collar,married,primary,no,2499,yes,no,unknown,4,2,unknown,1
54,technician,married,secondary,no,3503,no,yes,cellular,3,1,unknown,0
44,housemaid,single,primary,no,-335,no,no,cellular,5,1,unknown,0
49,entrepreneur,married,tertiary,no,-1011,yes,no,unknown,1,0,unknown,0
19,technician,married,tertiary,no,-992,no,no,telephone,2,1,unknown,0
51,management,married,unknown,no,3929,no,no,cellular,1,1,unknown,1
53,technician,married,secondary,no,-1862,no,yes,unknown,2,2,unknown,1
33,management,married,tertiary,no,-2515,no,yes,cellular,2,2,unknown,1
30,management,single,secondary,no,4011,yes,no,cellular,2,1,unknown,0
58,self-employed,married,primary,no,-1457,no,no,cellular,3,2,failure,0
44,management,married,tertiary,no,9695,yes,no,unknown,2,1,unknown,0
76,retired,married,secondary,no,2104,no,no,cellular,5,2,success,1
52,management,divorced,secondary,no,1632,no,no,cellular,4,2,unknown,0
37,technician,married,tertiary,no,170,yes,no,unknown,6,2,unknown,0
28,admin.,single,secondary,no,4087,no,no,cellular,3,2,unknown,0
44,admin.,married,secondary,no,3657,yes,no,cellular,7,1,failure,0
58,technician,married,tertiary,no,-3188,no,no,cellular,4,2,failure,0
56,admin.,married,secondary,no,422,yes,no,cellular,3,2,unknown,0
37,management,married,tertiary,no,-1844,yes,no,cellular,5,1,unknown,0
35,technician,divorced,secondary,no,437,no,no,cellular,4,1,unknown,0
54,blue-collar,married,secondary,no,-602,yes,no,telephone,1,2,unknown,0
32,management,single,tertiary,no,6853,yes,no,cellular,6,2,unknown,0
35,services,married,primary,no,3474,yes,no,cellular,3,2,unknown,0
45,technician,divorced,secondary,no,517,no,no,cellular,3,1,unknown,0
46,blue-collar,married,secondary,no,1105,yes,no,unknown,2,1,unknown,0
59,retired,divorced,tertiary,no,171,no,no,telephone,1,1,unknown,0
27,unemployed,single,tertiary,no,1471,yes,no,unknown,6,1,unknown,0
46,unknown,married,unknown,no,3641,no,no,cellular,5,1,unknown,1
31,management,single,unknown,no,-3073,yes,no,cellular,2,1,unknown,0
43,admin.,married,secondary,no,1984,no,no,unknown,6,0,unknown,0
54,management,married,unknown,no,-3119,no,no,cellular,3,1,unknown,0
58,retired,married,secondary,no,2445,no,no,cellular,4,1,success,1
28,management,married,tertiary,no,-423,yes,no,cellular,4,0,unknown,0
35,admin.,married,secondary,no,-2406,yes,yes,cellular,3,2,unknown,0
27,self-employed,married,tertiary,no,4128,no,no,cellular,2,0,unknown,1
34,services,married,secondary,no,2329,yes,yes,unknown,3,1,unknown,0
29,blue-collar,married,primary,no,-2637,yes,no,cellular,5,2,failure,1
41,blue-collar,married,secondary,no,4096,yes,no,unknown,3,0,unknown,0
59,admin.,married,secondary,no,-1179,no,no,unknown,2,2,unknown,0
59,entrepreneur,divorced,secondary,no,8692,yes,no,cellular,5,2,unknown,0
40,admin.,married,secondary,no,-2319,no,no,unknown,5,2,unknown,0
40,self-employed,married,unknown,no,6945,no,yes,cellular,3,1,unknown,0
36,admin.,divorced,secondary,no,1803,yes,no,cellular,2,2,unknown,1
31,technician,married,secondary,no,66,yes,no,cellular,5,2,failure,0
30,blue-collar,married,secondary,no,642,yes,no,unknown,3,1,unknown,0
56,services,married,secondary,no,1315,yes,yes,unknown,9,1,unknown,0
71,retired,married,secondary,no,2499,no,no,cellular,2,1,failure,0
36,services,married,secondary,no,4047,no,no,cellular,1,0,unknown,0
47,blue-collar,married,secondary,no,-2344,no,no,cellular,6,8,success,0
52,services,divorced,secondary,no,1382,yes,no,cellular,10,2,unknown,0
29,services,married,secondary,no,84,no,no,unknown,4,0,unknown,0
58,retired,married,tertiary,no,-920,no,no,unknown,3,1,unknown,0
30,management,married,secondary,no,-174,yes,yes,cellular,6,0,unknown,0
56,entrepreneur,married,secondary,no,25407,yes,no,unknown,7,0,unknown,0
59,admin.,married,secondary,no,2103,yes,no,telephone,2,0,failure,0
31,management,single,tertiary,no,-268,no,no,cellular,2,1,unknown,0
41,admin.,single,secondary,no,3144,no,yes,unknown,4,1,unknown,1
59,management,married,primary,no,6724,yes,no,unknown,1,2,unknown,0
34,technician,single,secondary,no,-3048,yes,no,cellular,5,1,unknown,0
53,management,married,tertiary,no,1973,yes,no,cellular,5,1,unknown,0
56,blue-collar,divorced,secondary,no,-2013,yes,no,cellular,1,1,unknown,0
39,management,single,tertiary,no,-3223,no,no,cellular,6,2,unknown,0
31,management,single,tertiary,no,9012,no,no,unknown,1,2,unknown,0
51,technician,divorced,secondary,no,-2493,yes,no,unknown,5,1,unknown,0
51,blue-collar,divorced,primary,no,-1279,yes,no,unknown,4,2,unknown,0
38,blue-collar,married,secondary,no,-3068,yes,yes,cellular,6,2,unknown,0
46,blue-collar,married,secondary,no,-2606,yes,no,unknown,5,2,unknown,0
42,technician,single,tertiary,no,3057,yes,no,cellular,4,2,failure,0
21,blue-collar,single,secondary,no,2315,yes,no,cellular,4,2,unknown,1
50,services,married,secondary,no,1979,yes,no,unknown,6,2,unknown,0
58,self-employed,divorced,secondary,no,288,yes,no,unknown,4,2,unknown,0
33,admin.,married,secondary,no,-2827,yes,no,cellular,5,0,unknown,0
51,management,married,tertiary,no,2987,no,no,cellular,3,1,unknown,0
50,entrepreneur,married,secondary,no,-1248,yes,no,cellular,2,2,unknown,0
47,self-employed,married,tertiary,no,1094,no,yes,unknown,5,2,unknown,0
46,entrepreneur,single,tertiary,no,-962,no,yes,cellular,4,2,unknown,0
26,blue-collar,single,unknown,no,-1067,yes,no,unknown,7,1,unknown,0
41,services,married,secondary,no,904,yes,yes,cellular,7,2,unknown,0
35,blue-collar,married,secondary,no,2594,no,no,cellular,3,0,unknown,0
44,services,married,secondary,no,-1658,no,no,cellular,5,0,unknown,0
46,blue-collar,married,secondary,no,-1089,no,no,cellular,5,1,unknown,0
51,blue-collar,married,secondary,no,-2800,yes,no,cellular,1,0,unknown,0
33,services,married,secondary,no,1458,yes,no,telephone,4,0,unknown,1
48,entrepreneur,married,secondary,no,3000,no,yes,cellular,2,1,unknown,0
52,technician,divorced,secondary,no,11058,yes,no,cellular,5,2,unknown,0
41,entrepreneur,married,tertiary,no,-2499,yes,no,unknown,1,2,unknown,0
37,management,married,tertiary,no,-3235,yes,no,unknown,3,1,unknown,0
36,admin.,divorced,secondary,no,4006,yes,no,cellular,2,2,unknown,0
35,blue-collar,married,tertiary,no,9710,no,no,unknown,23,1,unknown,1
54,management,married,tertiary,no,3005,yes,no,telephone,7,2,unknown,0
36,technician,married,secondary,no,1334,yes,no,cellular,3,1,failure,0
44,management,married,tertiary,no,3766,yes,no,cellular,2,0,unknown,0
45,technician,single,secondary,no,-1058,no,no,cellular,4,1,failure,0
52,blue-collar,married,primary,no,-3227,yes,no,cellular,1,1,failure,0
47,admin.,married,secondary,no,3473,yes,no,telephone,3,2,unknown,0
35,technician,single,secondary,no,1457,no,no,cellular,3,2,unknown,0
30,management,married,tertiary,no,-2160,no,no,cellular,5,23,other,0
38,technician,single,tertiary,no,1765,no,no,unknown,1,2,unknown,0
35,management,married,tertiary,no,-2730,no,no,telephone,3,1,unknown,0
42,technician,married,secondary,no,3433,yes,no,cellular,2,2,failure,0
52,blue-collar,married,unknown,no,43,yes,no,unknown,5,1,unknown,0
49,blue-collar,single,primary,no,2208,yes,no,telephone,5,0,unknown,0
56,services,married,secondary,no,2536,yes,no,cellular,6,2,unknown,0
29,services,single,unknown,no,722,yes,no,cellular,4,0,unknown,0
54,retired,married,primary,no,-1849,no,no,cellular,4,2,unknown,0
45,management,married,tertiary,no,1161,yes,no,cellular,5,2,unknown,0
28,management,divorced,tertiary,no,-839,no,no,cellular,5,1,success,1
42,blue-collar,married,secondary,no,-2686,no,no,cellular,5,1,unknown,0
30,management,single,tertiary,no,4609,no,no,telephone,4,2,unknown,0
37,admin.,married,secondary,no,-2068,yes,yes,unknown,4,0,unknown,0
28,blue-collar,single,primary,no,3081,no,no,cellular,2,2,unknown,1
58,services,married,secondary,yes,-970,no,yes,telephone,3,2,unknown,1
34,services,married,secondary,no,622,yes,no,cellular,5,1,unknown,1
43,management,single,tertiary,no,-228,yes,no,cellular,6,0,failure,1
45,blue-collar,married,secondary,no,307,no,no,cellular,3,2,unknown,0
31,student,single,secondary,no,1630,yes,no,cellular,4,1,unknown,0
56,blue-collar,married,primary,no,3789,yes,no,unknown,8,0,unknown,0
40,admin.,married,tertiary,no,5611,yes,no,cellular,2,1,unknown,0
50,admin.,married,secondary,no,1405,no,no,cellular,1,2,unknown,0
41,unemployed,divorced,secondary,no,132,no,no,unknown,2,1,unknown,0
48,blue-collar,married,primary,no,-725,yes,no,cellular,6,1,unknown,1
37,blue-collar,married,primary,no,-2109,yes,no,cellular,5,2,unknown,0
27,unemployed,married,unknown,no,3976,no,no,unknown,6,1,unknown,0
31,technician,married,secondary,no,-1889,no,no,cellular,5,2,unknown,0
71,retired,divorced,secondary,no,-992,no,no,cellular,2,1,unknown,0
47,blue-collar,single,tertiary,no,2699,yes,no,cellular,1,0,unknown,0
47,blue-collar,divorced,primary,no,-1599,yes,yes,cellular,3,0,unknown,0
34,management,single,secondary,no,361,no,no,unknown,2,2,unknown,0
44,housemaid,married,secondary,no,-1845,no,no,cellular,2,1,unknown,0
28,blue-collar,married,primary,no,-528,yes,no,cellular,6,0,unknown,0
36,admin.,married,secondary,no,5125,no,no,cellular,3,1,unknown,0
59,services,married,secondary,no,1783,no,yes,cellular,6,1,unknown,0
57,retired,married,tertiary,no,553,no,yes,unknown,3,1,unknown,0
47,management,married,tertiary,no,270,no,yes,unknown,10,2,unknown,0
46,services,divorced,secondary,no,2849,yes,no,cellular,3,1,unknown,0
54,management,married,tertiary,no,-480,yes,no,unknown,2,1,unknown,0
51,blue-collar,divorced,secondary,no,-1405,yes,yes,cellular,2,5,failure,0
47,blue-collar,single,secondary,no,2019,no,no,unknown,5,1,unknown,0
72,retired,married,primary,no,1674,yes,no,telephone,3,2,unknown,0
43,management,married,tertiary,no,9685,yes,no,unknown,8,1,unknown,0
50,blue-collar,divorced,secondary,no,1928,yes,no,cellular,2,2,unknown,0
36,services,married,secondary,no,642,yes,no,unknown,4,2,unknown,0
38,management,married,secondary,no,-644,no,yes,cellular,2,1,unknown,0
43,entrepreneur,single,secondary,no,-2565,yes,no,cellular,3,2,unknown,0
33,blue-collar,single,secondary,no,4127,yes,yes,cellular,1,2,unknown,0
46,technician,married,secondary,no,-2725,no,no,unknown,4,1,unknown,0
31,admin.,single,secondary,no,959,no,no,cellular,4,1,unknown,0
43,blue-collar,divorced,primary,no,1860,yes,yes,cellular,3,2,unknown,1
31,services,single,secondary,no,-1490,yes,no,cellular,16,2,unknown,0
40,services,married,secondary,no,-1887,no,no,cellular,5,0,unknown,0
34,management,married,tertiary,no,6037,yes,no,cellular,1,2,unknown,0
36,management,single,tertiary,no,2456,yes,no,cellular,4,2,other,1
34,management,married,tertiary,no,184,yes,no,unknown,1,0,unknown,0
79,retired,married,primary,no,-1818,no,no,telephone,7,2,unknown,0
48,blue-collar,married,primary,no,-3021,yes,no,unknown,2,2,unknown,0
28,unemployed,single,tertiary,no,4001,yes,no,unknown,4,0,unknown,0
39,technician,single,tertiary,no,-778,no,yes,unknown,3,2,unknown,1
26,blue-collar,single,secondary,no,-113,yes,no,cellular,2,1,other,0
52,entrepreneur,divorced,tertiary,no,-1458,no,no,cellular,4,5,failure,0
55,housemaid,married,secondary,no,-210,no,no,cellular,2,0,failure,0
30,technician,single,secondary,no,3430,yes,no,unknown,6,1,unknown,0
44,self-employed,married,secondary,no,7426,no,yes,cellular,35,1,other,0
38,blue-collar,single,secondary,no,-1366,yes,no,cellular,2,0,failure,0
46,admin.,divorced,secondary,no,963,no,no,cellular,5,1,unknown,0
39,services,married,secondary,no,800,yes,no,unknown,2,1,unknown,0
46,management,married,unknown,no,-1786,no,no,cellular,5,2,unknown,0
35,services,married,secondary,no,-1571,yes,no,unknown,3,1,unknown,0
28,services,married,secondary,no,2173,no,no,cellular,3,2,unknown,0
69,retired,married,secondary,no,-3240,no,no,cellular,5,2,unknown,0
37,admin.,divorced,secondary,no,313,no,yes,unknown,5,2,unknown,0
46,management,married,tertiary,no,2903,no,no,cellular,7,1,unknown,0
37,blue-collar,married,secondary,no,646,yes,no,cellular,5,1,other,1
42,blue-collar,single,secondary,no,-2006,yes,yes,cellular,1,2,unknown,0
27,housemaid,married,primary,no,-2274,yes,no,cellular,9,2,unknown,0
35,technician,married,secondary,no,-1286,no,no,cellular,1,2,unknown,0
55,technician,married,unknown,no,-2604,no,no,cellular,2,2,unknown,0
52,management,married,secondary,no,3486,no,no,unknown,11,2,unknown,0
27,management,married,tertiary,no,8661,yes,no,unknown,3,2,unknown,0
51,technician,married,secondary,no,-2525,yes,no,unknown,5,2,unknown,0
35,entrepreneur,married,tertiary,no,1951,yes,no,cellular,3,1,unknown,0
36,blue-collar,married,primary,no,1546,yes,yes,cellular,5,2,failure,0
51,admin.,married,secondary,no,2631,yes,no,unknown,4,2,unknown,0
49,services,married,secondary,no,2473,no,no,cellular,2,2,unknown,0
42,management,married,tertiary,no,693,yes,no,cellular,5,2,unknown,0
29,student,married,secondary,no,-583,yes,no,unknown,3,1,unknown,0
65,retired,married,tertiary,no,1415,no,no,cellular,4,2,other,0
56,technician,married,secondary,no,-2468,yes,no,cellular,3,2,unknown,0
22,blue-collar,single,secondary,no,3935,no,no,cellular,5,2,other,1
45,blue-collar,divorced,primary,no,3499,yes,yes,unknown,4,1,unknown,0
35,management,single,secondary,no,339,yes,yes,cellular,23,2,unknown,0
40,blue-collar,married,secondary,no,3151,yes,no,cellular,3,2,failure,0
36,technician,married,unknown,no,-671,no,no,cellular,20,2,other,0
33,management,divorced,tertiary,no,2152,no,no,unknown,2,2,unknown,0
26,services,single,secondary,no,1178,no,yes,cellular,6,1,other,0
50,retired,married,primary,no,1754,no,no,cellular,10,2,unknown,0
42,admin.,single,secondary,no,299,no,no,cellular,2,2,unknown,0
35,technician,single,secondary,no,1493,yes,no,cellular,4,2,unknown,0
46,entrepreneur,married,unknown,yes,-744,yes,no,unknown,2,0,unknown,0
47,admin.,married,secondary,no,1552,yes,yes,cellular,3,2,unknown,0
62,retired,married,secondary,no,420,no,no,unknown,3,1,unknown,1
49,blue-collar,married,secondary,no,2542,no,no,cellular,2,1,unknown,0
29,blue-collar,single,secondary,no,-3113,yes,no,telephone,6,1,other,0
34,blue-collar,divorced,secondary,no,2167,no,yes,unknown,3,2,unknown,0
32,services,married,primary,no,2004,no,no,unknown,3,2,unknown,0
54,retired,married,primary,no,303,yes,no,unknown,2,0,unknown,0
53,admin.,married,secondary,no,958,yes,no,telephone,3,3,failure,0
39,entrepreneur,single,primary,no,2187,no,yes,unknown,4,1,unknown,0
35,admin.,divorced,unknown,no,-1909,yes,no,unknown,3,2,unknown,0
27,technician,single,secondary,no,2662,no,yes,unknown,2,0,unknown,0
33,blue-collar,married,primary,no,6673,yes,no,unknown,4,2,unknown,1
40,technician,single,secondary,no,817,yes,no,unknown,9,2,unknown,0
36,management,single,unknown,no,-2126,yes,no,cellular,6,2,unknown,0
26,blue-collar,single,secondary,no,-2898,yes,no,cellular,4,1,unknown,0
33,blue-collar,married,secondary,no,-164,yes,no,cellular,5,0,unknown,0
35,blue-collar,divorced,secondary,no,8642,yes,yes,cellular,10,1,unknown,0
56,unemployed,single,tertiary,no,-1698,yes,no,unknown,5,2,unknown,0
22,technician,single,tertiary,no,-1472,no,no,cellular,1,2,unknown,0
41,management,single,secondary,no,-2715,no,no,unknown,3,2,unknown,0
44,management,married,primary,no,2342,yes,no,unknown,4,1,unknown,1
45,management,divorced,tertiary,no,-2782,yes,no,unknown,6,2,unknown,0
39,management,married,tertiary,no,8025,no,no,cellular,5,1,unknown,0
44,management,married,tertiary,no,-2989,no,no,unknown,4,1,unknown,0
36,blue-collar,married,secondary,no,-1087,yes,yes,unknown,5,1,unknown,0
43,management,married,tertiary,no,-1545,yes,no,cellular,5,1,unknown,0
55,self-employed,married,tertiary,no,1330,no,yes,unknown,2,0,unknown,0
38,blue-collar,divorced,secondary,no,2046,yes,no,cellular,3,2,unknown,0
36,management,married,tertiary,no,596,yes,no,unknown,5,1,unknown,0
26,management,married,tertiary,yes,-216,no,yes,cellular,2,3,failure,0
35,technician,married,secondary,no,3068,yes,no,cellular,5,2,unknown,0
45,technician,married,tertiary,no,1225,yes,no,cellular,2,1,unknown,0
36,technician,married,secondary,no,3448,yes,no,unknown,5,2,unknown,0
49,housemaid,single,primary,no,1376,no,no,cellular,4,2,unknown,0
44,management,married,tertiary,no,2019,yes,no,cellular,3,1,unknown,0
44,admin.,married,tertiary,no,-1684,yes,no,cellular,3,0,unknown,0
58,blue-collar,married,primary,no,3851,yes,no,cellular,5,2,unknown,1
55,blue-collar,married,primary,no,-626,no,no,unknown,6,0,unknown,0
35,blue-collar,married,secondary,no,1439,yes,no,cellular,9,2,failure,0
44,management,married,tertiary,no,13910,no,no,unknown,4,0,unknown,0
36,management,married,tertiary,no,3501,yes,no,cellular,1,1,unknown,0
59,self-employed,divorced,tertiary,no,8379,no,no,telephone,2,2,unknown,0
35,technician,married,unknown,no,-897,yes,yes,cellular,3,9,other,1
39,blue-collar,married,secondary,no,-2325,no,no,cellular,5,0,unknown,0
27,technician,single,secondary,no,1419,no,no,unknown,13,0,unknown,0
32,blue-collar,single,primary,no,2091,no,no,cellular,5,1,unknown,0
37,self-employed,single,tertiary,no,1488,yes,no,unknown,1,1,unknown,0
39,self-employed,single,tertiary,no,1078,no,no,unknown,1,1,unknown,0
26,blue-collar,married,secondary,no,11407,yes,no,cellular,4,0,unknown,1
38,technician,single,secondary,no,499,yes,no,cellular,6,2,unknown,0
39,blue-collar,married,primary,no,-496,no,no,unknown,1,2,unknown,0
43,admin.,single,secondary,no,8973,yes,yes,unknown,6,0,unknown,0
26,blue-collar,single,secondary,no,1323,yes,no,cellular,6,2,unknown,0
41,management,married,tertiary,yes,-2035,yes,no,cellular,2,1,other,0
36,self-employed,single,tertiary,no,-2495,no,no,cellular,6,1,unknown,0
41,management,married,primary,no,-2823,no,yes,cellular,3,1,unknown,0
31,blue-collar,single,primary,no,-1798,yes,no,cellular,1,2,unknown,0
38,admin.,single,secondary,no,-1792,no,no,cellular,3,3,failure,0
30,services,single,primary,no,-1413,yes,yes,cellular,3,1,unknown,0
44,blue-collar,divorced,secondary,no,1326,yes,no,cellular,4,0,unknown,0
35,blue-collar,married,primary,no,-3167,yes,no,cellular,2,2,failure,0
36,technician,married,secondary,no,-2066,yes,no,cellular,5,1,unknown,0
28,technician,single,secondary,no,-1027,no,no,cellular,2,0,unknown,0
56,retired,divorced,primary,no,3364,yes,no,cellular,2,2,unknown,0
40,admin.,divorced,tertiary,no,3401,yes,no,cellular,5,1,unknown,0
31,blue-collar,married,secondary,no,1826,yes,yes,cellular,5,1,failure,0
37,management,married,tertiary,no,-2287,yes,no,cellular,3,1,success,0
35,technician,single,secondary,no,3372,no,no,cellular,4,2,success,1
54,unknown,married,primary,no,2874,no,no,cellular,4,1,failure,0
38,admin.,married,secondary,no,1724,yes,no,cellular,4,0,unknown,0
50,management,married,primary,yes,-320,yes,no,cellular,2,1,unknown,0
38,blue-collar,married,primary,no,-2359,yes,no,cellular,3,2,unknown,0
34,management,married,tertiary,no,-1731,no,yes,cellular,3,2,unknown,0
46,technician,married,tertiary,no,1120,yes,no,cellular,5,0,unknown,0
37,blue-collar,single,secondary,no,3756,yes,no,cellular,5,2,unknown,0
33,management,married,tertiary,no,2519,yes,no,cellular,3,3,failure,0
34,management,married,tertiary,no,-3138,no,yes,cellular,3,1,unknown,0
38,housemaid,married,primary,no,2787,no,no,telephone,5,0,unknown,0
33,housemaid,married,primary,no,3536,yes,no,unknown,1,1,unknown,0
34,entrepreneur,married,secondary,no,-1564,yes,no,unknown,3,0,unknown,0
39,management,married,secondary,no,-2915,no,no,cellular,3,2,unknown,0
59,technician,divorced,secondary,no,985,yes,no,cellular,2,0,success,0
36,blue-collar,single,primary,no,3958,yes,no,telephone,2,2,unknown,0
42,management,married,tertiary,no,-1295,no,no,cellular,7,2,unknown,0
37,services,married,secondary,no,183,no,no,unknown,2,0,unknown,0
33,blue-collar,married,primary,no,-2900,yes,no,unknown,5,1,unknown,0
36,blue-collar,married,secondary,no,-107,yes,no,cellular,2,2,success,0
50,technician,married,secondary,no,-3097,yes,no,cellular,3,0,unknown,1
39,technician,divorced,secondary,no,8116,no,no,cellular,4,1,unknown,0
23,student,single,unknown,no,-1502,no,no,cellular,2,1,unknown,0
62,retired,single,primary,no,-1267,no,no,cellular,4,2,unknown,0
56,management,married,tertiary,no,-2867,yes,yes,unknown,2,2,unknown,0
42,technician,married,secondary,no,-1857,no,no,cellular,4,1,unknown,0
40,management,married,tertiary,no,-569,no,no,cellular,1,2,unknown,0
51,services,married,secondary,yes,9246,yes,no,telephone,1,4,success,0
46,housemaid,married,tertiary,no,6003,yes,no,unknown,4,2,unknown,0
40,management,married,tertiary,no,902,no,no,unknown,8,0,unknown,0
34,management,single,secondary,no,-3303,no,no,unknown,2,0,unknown,0
62,admin.,married,secondary,no,-2664,no,yes,cellular,3,1,unknown,0
50,blue-collar,married,primary,no,2346,yes,no,cellular,4,2,unknown,0
53,retired,divorced,secondary,no,-1871,no,no,cellular,1,1,unknown,0
32,admin.,married,secondary,no,7364,no,yes,cellular,1,0,unknown,0
43,admin.,divorced,secondary,no,176,yes,no,cellular,5,2,unknown,0
39,management,married,tertiary,no,2813,yes,no,cellular,4,22,failure,1
49,management,married,tertiary,no,1851,no,no,unknown,3,1,unknown,0
41,student,married,secondary,no,3810,no,no,cellular,9,0,unknown,0
39,housemaid,single,primary,no,1579,no,no,cellular,1,1,unknown,0
40,technician,married,tertiary,no,1715,yes,no,unknown,3,1,unknown,0
36,entrepreneur,single,primary,no,-426,yes,yes,unknown,2,1,unknown,0
54,technician,married,secondary,no,2973,no,no,cellular,4,1,other,1
29,services,married,secondary,yes,2709,yes,no,cellular,1,2,unknown,0
62,retired,married,primary,no,-1978,no,no,unknown,10,2,unknown,1
37,technician,single,secondary,no,-1314,yes,no,cellular,6,2,unknown,0
60,services,married,tertiary,yes,3520,no,no,cellular,2,2,unknown,1
42,admin.,married,secondary,no,3967,yes,yes,telephone,2,1,unknown,0
47,blue-collar,single,tertiary,no,-2604,no,no,telephone,1,2,unknown,0
55,management,married,tertiary,no,109,no,no,telephone,5,1,unknown,0
39,management,married,tertiary,no,-291,no,no,cellular,1,3,failure,0
58,technician,married,tertiary,no,-2307,no,no,unknown,6,1,unknown,0
38,entrepreneur,single,secondary,no,-796,yes,yes,cellular,4,2,unknown,0
59,services,married,secondary,no,5947,yes,no,unknown,5,2,unknown,1
33,management,married,tertiary,no,-2830,yes,no,cellular,5,2,unknown,0
56,retired,married,secondary,no,-382,yes,no,cellular,7,0,failure,0
30,management,married,tertiary,no,-3232,yes,no,cellular,5,1,unknown,0
41,unknown,divorced,primary,no,3313,no,no,cellular,2,2,unknown,0
48,blue-collar,divorced,secondary,no,16580,yes,no,cellular,3,1,unknown,0
28,blue-collar,single,primary,no,-706,yes,no,cellular,6,0,unknown,0
27,blue-collar,married,secondary,no,2840,no,no,cellular,3,1,unknown,0
58,retired,married,tertiary,yes,-1391,no,no,cellular,3,0,unknown,0
36,technician,married,secondary,no,3738,yes,no,unknown,4,1,unknown,0
34,technician,married,tertiary,no,-2288,no,no,unknown,2,2,unknown,0
56,blue-collar,divorced,unknown,no,-2825,yes,no,unknown,3,0,unknown,0
47,technician,married,primary,no,4298,no,no,unknown,4,1,unknown,0
47,unemployed,married,primary,no,3716,yes,no,unknown,2,1,unknown,0
31,services,married,secondary,no,2921,no,no,cellular,4,0,other,0
31,blue-collar,married,secondary,no,1993,yes,no,unknown,2,1,unknown,0
59,blue-collar,divorced,primary,no,-3141,yes,no,unknown,3,1,unknown,0
27,admin.,married,unknown,no,2932,yes,no,cellular,2,2,unknown,0
34,technician,married,secondary,no,552,yes,no,cellular,9,2,unknown,0
58,technician,married,secondary,no,-1977,yes,yes,cellular,6,1,unknown,0
55,services,married,secondary,no,3526,no,no,cellular,4,1,unknown,0
31,management,single,secondary,no,-2942,yes,no,unknown,5,2,unknown,0
28,admin.,single,secondary,no,1147,yes,no,unknown,2,1,unknown,0
38,blue-collar,married,tertiary,no,-2728,yes,yes,cellular,3,2,unknown,0
43,management,married,tertiary,no,11005,yes,no,unknown,4,2,unknown,0
62,retired,married,primary,no,-373,no,no,unknown,10,1,unknown,0
33,blue-collar,married,secondary,no,1839,yes,no,cellular,4,2,unknown,0
58,self-employed,married,tertiary,yes,-2228,yes,no,unknown,5,1,unknown,0
48,blue-collar,single,secondary,no,2924,yes,no,cellular,10,0,unknown,0
31,management,single,tertiary,no,521,yes,no,cellular,3,1,unknown,0
33,technician,married,secondary,no,1227,yes,no,cellular,2,1,unknown,0
36,blue-collar,single,secondary,no,-379,yes,yes,unknown,3,0,unknown,0
53,technician,divorced,secondary,no,-3216,no,no,telephone,4,1,unknown,1
47,blue-collar,married,primary,no,2961,yes,no,cellular,3,1,success,1
32,management,single,secondary,no,3400,no,no,unknown,1,1,unknown,1
59,blue-collar,married,secondary,no,1937,yes,no,cellular,4,1,unknown,0
40,blue-collar,married,secondary,no,566,no,yes,cellular,4,1,unknown,0
50,technician,married,secondary,yes,7969,yes,no,telephone,5,1,unknown,0
46,entrepreneur,single,secondary,no,695,yes,yes,unknown,5,1,unknown,0
54,housemaid,married,unknown,no,3026,no,no,cellular,3,1,unknown,0
35,blue-collar,divorced,primary,no,1161,yes,no,cellular,3,0,unknown,0
40,management,single,tertiary,no,1928,no,no,cellular,3,0,unknown,1
45,technician,married,secondary,no,-3078,no,yes,cellular,1,10,failure,0
38,technician,divorced,secondary,no,-46,yes,no,cellular,7,1,unknown,0
37,blue-collar,married,unknown,no,-212,no,no,cellular,1,1,unknown,0
38,entrepreneur,divorced,secondary,no,5259,no,no,cellular,5,2,unknown,0
54,technician,married,secondary,no,2562,yes,no,cellular,5,2,failure,0
67,retired,married,secondary,no,3071,no,no,cellular,3,1,unknown,0
42,technician,single,tertiary,no,-2300,no,no,unknown,10,2,unknown,0
52,technician,single,secondary,no,5885,no,no,cellular,3,0,unknown,0
45,admin.,divorced,secondary,no,-3211,yes,no,unknown,6,2,unknown,0
54,technician,single,secondary,no,3938,no,no,unknown,2,1,unknown,0
28,technician,married,secondary,no,927,yes,no,cellular,6,2,unknown,0
54,blue-collar,married,secondary,no,1161,no,no,unknown,5,1,unknown,1
50,blue-collar,married,secondary,no,746,yes,no,cellular,5,12,other,0
45,technician,married,primary,no,-1452,no,no,cellular,3,0,unknown,0
56,unemployed,married,secondary,no,-2183,yes,no,cellular,3,1,unknown,0
21,services,single,secondary,no,-2172,yes,no,cellular,6,0,failure,0
26,technician,married,tertiary,no,-668,yes,no,unknown,1,1,unknown,0
34,technician,married,secondary,no,-1960,yes,no,cellular,5,1,unknown,0
48,management,married,tertiary,no,191,yes,no,unknown,6,2,unknown,0
32,technician,married,secondary,no,-2334,no,no,unknown,5,1,unknown,0
30,services,married,unknown,no,-1341,yes,yes,cellular,5,2,unknown,0
46,blue-collar,married,primary,no,-2890,yes,no,telephone,1,2,unknown,0
56,retired,married,primary,no,804,no,no,cellular,2,2,unknown,0
40,blue-collar,single,secondary,no,2294,no,no,cellular,18,1,unknown,0
59,management,married,tertiary,yes,11844,yes,no,unknown,4,2,unknown,0
29,blue-collar,single,secondary,no,-2132,yes,no,cellular,3,5,failure,0
52,management,married,tertiary,no,-635,no,no,cellular,3,2,unknown,1
65,management,single,secondary,no,2032,yes,no,cellular,4,1,unknown,0
38,management,single,secondary,no,8460,yes,no,cellular,6,6,success,1
65,technician,single,tertiary,no,1237,yes,no,cellular,2,9,other,0
58,admin.,married,secondary,no,802,yes,no,unknown,4,1,unknown,0
31,management,single,tertiary,no,-2609,no,no,cellular,5,0,unknown,1
35,services,married,secondary,no,2422,yes,no,unknown,2,2,unknown,0
84,retired,married,secondary,no,-1531,no,no,cellular,3,1,unknown,0
30,management,single,tertiary,no,6427,no,no,cellular,6,2,unknown,0
33,technician,married,secondary,no,-3036,yes,no,cellular,5,1,unknown,0
53,technician,married,secondary,no,1053,yes,no,cellular,1,2,unknown,0
38,blue-collar,married,secondary,no,7773,yes,no,unknown,6,1,unknown,0
27,management,single,tertiary,no,-931,yes,no,cellular,3,1,unknown,0
24,student,married,tertiary,no,-1524,no,no,cellular,6,2,unknown,0
23,management,married,tertiary,no,-680,yes,no,cellular,33,1,unknown,0
30,technician,single,secondary,no,995,no,no,cellular,2,0,unknown,1
52,blue-collar,single,unknown,no,1797,yes,no,unknown,5,1,unknown,0
34,management,married,tertiary,no,145,yes,no,cellular,5,2,unknown,0
28,blue-collar,single,secondary,no,-373,yes,no,cellular,6,1,unknown,0
46,management,married,tertiary,no,1108,no,no,cellular,3,2,other,0
48,blue-collar,divorced,primary,no,-311,no,no,cellular,9,2,unknown,0
46,unknown,married,tertiary,no,11060,no,no,cellular,5,1,unknown,0
27,technician,married,secondary,no,-3170,no,no,cellular,6,1,unknown,0
50,services,divorced,secondary,no,7747,no,no,cellular,5,2,unknown,0
44,technician,married,tertiary,no,2343,no,no,cellular,10,2,unknown,0
62,housemaid,married,primary,no,2100,yes,yes,cellular,3,1,unknown,0
52,housemaid,married,secondary,no,-2616,yes,no,cellular,4,2,unknown,0
35,management,married,tertiary,no,1584,no,no,cellular,2,2,unknown,1
33,blue-collar,married,secondary,no,3704,yes,no,unknown,3,0,unknown,0
49,entrepreneur,divorced,secondary,no,8017,no,yes,cellular,9,0,unknown,0
29,unemployed,single,secondary,no,-804,yes,no,cellular,4,2,failure,0
32,blue-collar,single,primary,no,-2910,yes,no,cellular,6,1,unknown,0
51,management,married,tertiary,no,-3069,no,no,unknown,5,0,unknown,0
56,management,married,tertiary,no,8125,no,no,unknown,10,2,unknown,0
30,management,married,tertiary,no,2042,yes,no,cellular,5,0,unknown,1
36,services,single,secondary,no,-1443,no,no,cellular,3,1,unknown,0
51,blue-collar,married,primary,no,1470,yes,no,unknown,3,2,unknown,0
30,services,married,secondary,no,-12,yes,yes,cellular,2,2,unknown,0
52,entrepreneur,married,unknown,no,1563,yes,no,cellular,6,2,unknown,0
55,unemployed,married,tertiary,no,-167,yes,no,cellular,5,0,unknown,0
45,blue-collar,married,primary,no,3371,yes,no,unknown,6,4,other,0
32,management,single,tertiary,no,1170,yes,no,cellular,3,0,failure,0
24,student,married,secondary,no,3063,no,no,cellular,2,1,unknown,0
44,services,married,secondary,no,-2681,yes,no,unknown,6,1,unknown,0
45,services,divorced,secondary,no,-1025,yes,no,unknown,5,2,unknown,0
52,housemaid,married,primary,no,-1037,yes,no,unknown,2,1,unknown,0
31,blue-collar,married,primary,no,3574,no,no,cellular,4,6,failure,0
31,entrepreneur,single,tertiary,no,-1343,no,no,unknown,3,2,unknown,0
56,services,married,secondary,no,-698,yes,no,cellular,5,2,unknown,0
48,self-employed,married,secondary,no,-1504,no,no,telephone,5,2,other,0
55,retired,married,primary,no,343,no,no,cellular,3,2,unknown,1
26,unknown,married,unknown,no,3905,no,no,cellular,3,2,unknown,0
44,management,single,tertiary,no,-243,no,no,cellular,4,1,unknown,0
33,admin.,married,secondary,no,7246,yes,no,cellular,7,1,unknown,0
30,student,married,secondary,no,-178,yes,no,cellular,2,2,unknown,0
45,management,married,secondary,no,275,no,no,cellular,5,1,unknown,0
34,blue-collar,married,primary,no,1092,no,no,unknown,1,2,unknown,0
47,technician,married,secondary,no,3660,yes,no,unknown,4,2,unknown,0
39,management,married,tertiary,no,587,no,no,unknown,3,2,unknown,0
54,management,married,tertiary,no,-1521,yes,no,cellular,5,2,unknown,0
49,blue-collar,married,primary,no,-2279,yes,no,cellular,4,1,unknown,0
49,admin.,married,secondary,no,5902,yes,no,unknown,5,1,unknown,0
42,admin.,divorced,secondary,no,-1296,yes,no,cellular,4,1,unknown,0
31,self-employed,single,tertiary,no,-369,no,no,cellular,3,2,unknown,0
42,services,married,secondary,no,-2600,yes,yes,unknown,2,1,unknown,0
59,housemaid,married,secondary,no,31290,yes,no,unknown,4,1,unknown,0
36,services,single,secondary,no,18237,yes,no,cellular,10,1,unknown,1
48,technician,divorced,tertiary,no,6441,yes,no,cellular,2,2,unknown,0
46,technician,divorced,tertiary,no,-549,no,no,cellular,1,5,failure,0
45,blue-collar,married,secondary,no,-2936,yes,no,cellular,3,1,unknown,0
43,services,married,secondary,no,-1673,yes,yes,cellular,4,0,unknown,0
44,management,married,tertiary,no,-2683,yes,no,cellular,6,2,unknown,0
42,management,divorced,tertiary,no,10281,yes,no,cellular,2,1,unknown,0
31,technician,married,secondary,no,-746,no,no,cellular,2,1,unknown,0
34,blue-collar,single,secondary,no,1019,yes,no,cellular,2,0,unknown,0
47,technician,married,secondary,no,8318,no,no,cellular,9,3,failure,0
36,admin.,married,tertiary,no,5002,yes,no,cellular,48,1,unknown,0
40,admin.,married,tertiary,no,871,yes,no,cellular,7,1,failure,1
44,management,divorced,tertiary,no,3275,yes,no,cellular,2,2,failure,1
49,entrepreneur,divorced,tertiary,no,4080,yes,no,cellular,2,4,failure,0
43,admin.,married,secondary,no,2547,no,no,cellular,6,0,unknown,0
27,technician,single,secondary,no,7470,yes,yes,cellular,5,2,unknown,0
30,services,married,secondary,no,-2315,yes,no,cellular,6,2,unknown,0
39,services,single,secondary,no,3272,yes,yes,unknown,8,2,unknown,0
39,admin.,single,secondary,no,-215,no,no,cellular,2,2,unknown,0
34,technician,married,secondary,no,-680,no,no,cellular,3,1,failure,0
47,self-employed,married,primary,no,2151,no,no,cellular,5,2,unknown,0
62,admin.,married,secondary,no,4027,no,no,telephone,1,1,unknown,0
27,technician,single,tertiary,no,72,no,yes,cellular,5,2,unknown,0
33,management,single,tertiary,no,3277,yes,no,cellular,1,1,unknown,0
36,management,married,secondary,no,4108,yes,no,cellular,2,2,unknown,0
32,services,married,secondary,no,-445,yes,no,cellular,4,0,unknown,0
51,technician,married,secondary,no,102,yes,yes,unknown,1,2,unknown,0
27,blue-collar,single,secondary,no,2902,no,no,cellular,4,1,failure,0
40,blue-collar,married,secondary,no,6170,yes,no,cellular,2,0,unknown,1
26,blue-collar,married,primary,no,-1509,yes,no,cellular,5,1,unknown,0
67,retired,divorced,tertiary,no,-716,no,no,cellular,1,1,success,1
48,blue-collar,married,primary,no,3864,yes,no,unknown,5,1,unknown,0
33,blue-collar,married,secondary,no,2740,yes,no,cellular,4,1,unknown,0
27,blue-collar,married,secondary,no,1159,no,no,cellular,5,2,unknown,1
45,management,married,tertiary,no,-1672,no,yes,cellular,7,2,unknown,0
33,management,married,tertiary,no,458,no,no,cellular,4,0,unknown,0
58,retired,married,primary,no,25130,yes,no,cellular,2,0,unknown,0
32,entrepreneur,married,tertiary,no,1831,no,no,cellular,2,1,unknown,0
27,management,single,tertiary,no,4643,yes,no,cellular,1,1,other,0
37,technician,divorced,secondary,no,-1614,yes,no,cellular,5,2,other,0
54,blue-collar,married,primary,no,4107,yes,no,cellular,2,0,success,1
27,services,single,secondary,no,-2575,no,no,unknown,3,1,unknown,0
48,retired,married,tertiary,no,5692,no,no,unknown,3,1,unknown,0
43,technician,single,tertiary,no,-1758,no,yes,unknown,5,2,unknown,0
39,management,divorced,tertiary,no,334,yes,no,cellular,3,2,unknown,0
57,admin.,married,secondary,no,3790,no,no,cellular,5,0,unknown,0
30,technician,divorced,tertiary,no,-2906,yes,no,cellular,3,2,unknown,1
33,technician,single,secondary,no,986,yes,no,cellular,2,1,unknown,0
52,services,divorced,secondary,no,3811,yes,no,unknown,4,2,unknown,0
28,services,single,unknown,no,3201,no,yes,cellular,7,2,unknown,0
29,management,single,tertiary,no,-520,yes,no,cellular,5,1,unknown,0
38,blue-collar,married,secondary,no,-527,yes,no,cellular,1,2,unknown,0
39,self-employed,divorced,secondary,no,3926,yes,no,unknown,6,0,unknown,0
47,management,married,tertiary,no,-1598,no,no,cellular,4,6,failure,0
27,management,married,tertiary,no,-2591,no,no,telephone,12,2,unknown,0
32,management,single,tertiary,no,801,yes,no,cellular,6,2,unknown,0
58,blue-collar,married,primary,no,3415,yes,yes,cellular,1,2,unknown,0
35,blue-collar,single,secondary,no,-270,yes,no,cellular,2,2,unknown,0
51,management,married,tertiary,yes,-857,yes,no,cellular,2,2,unknown,0
30,technician,single,secondary,no,4021,yes,no,unknown,3,0,unknown,0
36,management,married,tertiary,no,-3062,yes,no,cellular,1,2,unknown,0
78,retired,married,secondary,no,2865,yes,no,cellular,2,2,unknown,0
50,blue-collar,married,primary,no,3616,yes,no,cellular,3,1,failure,0
51,retired,married,primary,no,2559,yes,no,unknown,1,1,unknown,0
28,self-employed,single,tertiary,no,-2218,no,no,cellular,5,1,unknown,0
34,technician,married,secondary,no,1729,no,no,cellular,3,1,unknown,0
56,admin.,married,secondary,no,-2844,yes,no,unknown,1,1,unknown,0
41,management,divorced,tertiary,no,3582,yes,no,cellular,2,2,unknown,0
47,management,married,tertiary,no,652,yes,no,unknown,2,2,unknown,0
51,technician,married,tertiary,no,-852,yes,no,cellular,9,0,other,0
33,management,married,primary,no,3073,no,no,cellular,2,1,failure,1
34,blue-collar,single,secondary,no,-2710,yes,no,telephone,5,1,unknown,0
27,unemployed,single,secondary,no,5795,no,no,cellular,2,2,unknown,0
55,housemaid,divorced,primary,no,908,no,no,cellular,3,0,unknown,0
30,blue-collar,single,secondary,no,-811,yes,no,cellular,6,1,unknown,0
57,blue-collar,married,secondary,no,-2967,no,no,cellular,4,9,other,0
45,technician,married,secondary,no,-429,yes,yes,cellular,2,2,unknown,0
34,admin.,married,secondary,no,3975,yes,yes,unknown,7,1,unknown,0
38,technician,divorced,secondary,no,640,yes,no,cellular,2,2,unknown,0
48,blue-collar,married,primary,no,714,no,no,cellular,10,2,unknown,0
41,student,married,tertiary,no,1898,no,no,unknown,7,1,unknown,0
33,technician,married,primary,no,-547,yes,yes,cellular,2,0,failure,1
44,management,married,tertiary,no,843,no,no,unknown,1,2,unknown,0
42,services,single,unknown,no,-2671,yes,no,cellular,3,2,unknown,0
38,technician,married,tertiary,no,-2928,no,no,unknown,1,0,unknown,0
38,blue-collar,married,secondary,no,-210,yes,no,cellular,5,1,unknown,0
36,unknown,single,secondary,no,726,no,no,cellular,3,1,failure,1
32,management,single,tertiary,no,-1857,no,no,cellular,2,0,unknown,0
33,unemployed,married,secondary,no,2045,no,no,cellular,13,1,unknown,0
30,management,single,tertiary,no,-1686,no,no,cellular,3,0,unknown,0
49,entrepreneur,married,tertiary,no,-2665,yes,yes,cellular,3,1,unknown,0
51,blue-collar,single,secondary,no,-320,yes,no,cellular,4,7,failure,1
38,blue-collar,single,secondary,no,-924,no,no,cellular,3,4,failure,0
58,blue-collar,married,primary,no,2867,yes,no,telephone,3,6,other,0
38,management,single,tertiary,no,1360,yes,no,unknown,4,2,unknown,0
55,technician,married,tertiary,no,-1997,no,yes,cellular,2,1,unknown,0
28,services,married,secondary,no,43,no,no,cellular,4,2,unknown,0
30,admin.,married,secondary,no,-2825,yes,yes,cellular,3,2,failure,0
32,blue-collar,married,secondary,no,-644,yes,no,cellular,2,2,other,0
40,management,single,tertiary,no,1304,no,no,unknown,5,0,unknown,0
44,management,married,tertiary,no,-963,yes,no,unknown,6,2,unknown,0
41,technician,divorced,secondary,no,1730,yes,no,cellular,4,0,failure,0
35,management,married,tertiary,no,3984,yes,no,unknown,3,2,unknown,1
32,unemployed,married,tertiary,no,2250,no,yes,unknown,5,1,unknown,0
26,management,married,tertiary,no,3745,no,no,cellular,9,1,unknown,0
42,admin.,divorced,secondary,no,11106,no,yes,cellular,7,2,unknown,0
43,technician,married,secondary,no,4100,no,no,cellular,1,11,other,0
30,management,single,tertiary,no,-3022,yes,no,unknown,3,2,unknown,0
56,housemaid,married,secondary,no,2552,yes,yes,unknown,2,2,unknown,0
28,management,single,tertiary,no,882,no,no,cellular,1,2,unknown,1
44,admin.,married,tertiary,no,-656,yes,no,unknown,4,2,unknown,0
34,blue-collar,married,secondary,no,714,no,no,unknown,6,1,unknown,0
34,housemaid,divorced,primary,no,-1397,no,no,cellular,2,0,unknown,1
33,services,single,secondary,no,-2613,yes,no,cellular,7,1,unknown,0
20,management,single,tertiary,no,-2633,yes,no,cellular,4,2,unknown,0
36,services,single,secondary,no,2381,yes,no,cellular,4,1,unknown,0
43,admin.,married,tertiary,no,-146,yes,no,cellular,4,0,unknown,1
26,management,single,tertiary,no,-1482,no,no,unknown,4,1,unknown,1
26,technician,divorced,tertiary,no,1666,yes,no,cellular,2,1,unknown,0
43,blue-collar,married,secondary,no,764,yes,no,unknown,5,2,unknown,0
30,services,married,secondary,no,2031,yes,yes,telephone,2,1,unknown,0
33,admin.,single,secondary,no,-2206,yes,yes,cellular,1,1,unknown,0
32,blue-collar,married,secondary,no,1951,yes,yes,cellular,2,2,unknown,0
63,management,married,tertiary,no,10783,no,yes,cellular,3,2,unknown,0
48,services,married,secondary,no,632,no,no,unknown,2,1,unknown,0
34,services,married,secondary,no,-384,no,no,cellular,3,1,unknown,0
57,blue-collar,married,secondary,no,-1089,yes,no,cellular,1,2,failure,1
59,management,married,tertiary,no,-523,yes,no,cellular,2,1,unknown,0
59,retired,married,primary,no,-3235,no,no,unknown,21,0,unknown,1
58,management,married,tertiary,no,863,yes,no,unknown,4,2,unknown,0
43,admin.,married,secondary,no,745,yes,no,cellular,4,2,unknown,0
57,admin.,married,secondary,no,716,no,no,unknown,5,2,unknown,0
47,entrepreneur,married,primary,no,-2088,no,no,unknown,3,0,unknown,0
35,technician,single,secondary,no,934,yes,no,cellular,2,0,failure,0
42,management,married,tertiary,no,-3289,yes,yes,cellular,3,0,unknown,0
56,admin.,married,secondary,no,6723,no,no,unknown,9,2,unknown,0
39,entrepreneur,married,secondary,no,1233,yes,yes,cellular,4,2,unknown,0
38,management,married,tertiary,no,-2118,no,yes,cellular,1,2,failure,0
55,management,divorced,tertiary,no,3195,yes,no,unknown,5,1,unknown,0
28,services,married,tertiary,no,2622,yes,yes,cellular,4,2,unknown,1
45,technician,married,tertiary,no,567,no,no,cellular,3,2,unknown,0
33,technician,married,secondary,no,-1814,yes,no,cellular,5,2,failure,1
42,housemaid,married,primary,no,-2512,no,no,cellular,10,1,unknown,1
41,management,single,tertiary,no,3246,no,no,cellular,2,2,unknown,0
65,admin.,married,secondary,no,-2315,yes,no,cellular,3,2,unknown,0
33,technician,single,tertiary,yes,-2666,no,yes,unknown,6,2,unknown,0
32,services,married,primary,no,3067,yes,yes,cellular,1,0,unknown,1
64,management,married,tertiary,no,3542,yes,yes,cellular,1,1,unknown,0
46,retired,married,secondary,no,261,no,no,unknown,8,1,unknown,0
78,retired,married,secondary,no,1458,yes,no,telephone,5,2,unknown,0
42,entrepreneur,married,secondary,no,2295,no,yes,cellular,4,1,unknown,0
59,services,divorced,secondary,no,3858,yes,yes,unknown,1,0,unknown,0
39,services,married,secondary,no,-620,no,no,cellular,4,6,failure,0
39,admin.,married,secondary,no,764,no,no,cellular,4,1,unknown,0
38,blue-collar,divorced,primary,no,3820,yes,no,cellular,6,2,unknown,0
56,blue-collar,married,secondary,no,4127,yes,no,cellular,3,2,unknown,0
45,admin.,married,secondary,no,4123,yes,no,unknown,5,1,unknown,0
40,services,married,secondary,no,-48,yes,no,cellular,3,1,unknown,0
31,technician,single,tertiary,no,-1571,no,yes,unknown,3,1,unknown,0
47,blue-collar,married,unknown,no,-1952,no,no,unknown,2,1,unknown,0
44,management,married,tertiary,no,359,no,yes,cellular,5,1,success,0
43,blue-collar,married,secondary,no,2788,yes,no,unknown,6,1,unknown,0
52,entrepreneur,married,secondary,no,-86,yes,yes,unknown,4,0,unknown,0
38,technician,married,tertiary,no,2157,no,no,cellular,14,2,unknown,0
33,technician,divorced,tertiary,no,-306,no,no,unknown,6,2,unknown,0
56,admin.,married,primary,no,1036,no,no,unknown,4,1,unknown,0
47,technician,married,tertiary,no,-2395,no,no,cellular,7,2,unknown,1
38,admin.,divorced,primary,no,154,yes,no,cellular,6,0,unknown,0
38,blue-collar,married,primary,no,-1642,yes,no,cellular,4,1,unknown,0
28,blue-collar,single,secondary,no,-2357,yes,no,cellular,5,2,failure,0
28,blue-collar,married,primary,no,-919,yes,yes,cellular,5,1,unknown,0
21,management,married,tertiary,no,3861,no,no,cellular,2,1,unknown,0
52,housemaid,married,tertiary,no,7721,no,no,telephone,1,2,unknown,0
33,technician,married,secondary,no,411,yes,no,unknown,2,0,unknown,0
27,management,single,tertiary,no,-2400,yes,yes,cellular,3,2,unknown,0
35,management,married,tertiary,no,-1088,no,no,unknown,3,1,unknown,0
46,self-employed,married,secondary,no,-381,no,no,telephone,19,2,unknown,0
52,admin.,single,secondary,no,-2549,yes,no,cellular,4,2,unknown,0
27,housemaid,married,primary,no,9324,no,no,cellular,2,1,unknown,1
31,management,divorced,secondary,no,-2515,yes,no,cellular,3,1,unknown,0
24,student,married,unknown,no,-2028,no,no,telephone,2,3,other,0
52,management,single,tertiary,no,-2985,no,no,unknown,2,0,unknown,0
32,technician,single,secondary,no,-1033,yes,yes,unknown,7,1,unknown,0
57,blue-collar,married,primary,no,-2130,yes,no,unknown,3,1,unknown,0
50,management,married,tertiary,no,1768,no,no,cellular,3,2,unknown,0
47,blue-collar,divorced,secondary,no,1453,no,no,unknown,3,2,unknown,0
36,admin.,married,unknown,no,-2131,no,no,cellular,3,1,unknown,0
45,management,divorced,tertiary,no,-2239,no,no,cellular,5,2,unknown,0
37,technician,single,secondary,no,1907,no,no,unknown,5,0,unknown,0
55,admin.,divorced,secondary,no,6271,no,yes,unknown,2,1,unknown,0
60,management,married,tertiary,no,-2571,no,no,cellular,4,2,unknown,0
26,student,single,secondary,no,-253,no,no,unknown,1,2,unknown,1
33,technician,married,tertiary,no,2821,no,no,cellular,3,6,success,1
47,services,married,secondary,no,-1464,no,no,cellular,2,0,unknown,0
34,admin.,divorced,tertiary,no,871,yes,no,cellular,3,1,unknown,0
29,blue-collar,married,secondary,no,2935,yes,no,cellular,4,1,unknown,1
58,management,married,tertiary,no,884,no,no,cellular,3,0,unknown,0
45,blue-collar,single,secondary,no,-1886,yes,no,cellular,4,0,unknown,0
48,services,married,primary,no,1628,yes,yes,unknown,10,1,unknown,0
51,technician,married,unknown,no,11440,yes,yes,cellular,2,1,failure,0
30,technician,single,secondary,no,3589,yes,no,cellular,10,2,unknown,0
35,services,married,tertiary,no,3728,yes,no,unknown,9,2,unknown,0
35,management,single,tertiary,no,6733,yes,yes,cellular,2,2,unknown,0
45,blue-collar,married,secondary,no,4041,yes,yes,cellular,7,1,unknown,0
30,admin.,married,secondary,no,1159,yes,no,unknown,6,0,unknown,0
46,services,married,secondary,no,613,yes,no,unknown,4,1,unknown,0
35,blue-collar,divorced,secondary,no,-1228,no,no,cellular,2,2,unknown,1
33,technician,single,secondary,no,18590,yes,no,cellular,2,2,failure,0
52,services,single,secondary,no,-552,yes,no,cellular,5,2,unknown,0
32,services,single,secondary,no,-34,yes,no,cellular,2,1,unknown,0
32,technician,single,secondary,yes,5115,no,no,cellular,3,0,unknown,0
65,entrepreneur,married,secondary,no,-351,yes,yes,telephone,4,1,unknown,1
46,blue-collar,single,primary,no,3694,yes,no,telephone,9,0,unknown,0
30,management,married,tertiary,no,3017,yes,no,cellular,3,0,unknown,0
45,technician,married,unknown,no,-1331,yes,no,cellular,3,0,unknown,0
52,self-employed,single,tertiary,no,4691,yes,no,cellular,3,5,other,1
33,blue-collar,married,secondary,no,452,yes,no,cellular,3,5,failure,0
56,technician,married,secondary,no,615,no,no,cellular,5,2,unknown,0
29,blue-collar,married,secondary,no,3423,yes,no,unknown,3,1,unknown,0
53,retired,married,secondary,no,-1584,no,no,cellular,4,1,unknown,0
52,blue-collar,married,secondary,no,2750,no,no,telephone,1,4,failure,0
47,housemaid,married,tertiary,no,1524,no,no,unknown,4,1,unknown,0
31,services,single,tertiary,no,-3172,yes,no,telephone,4,0,unknown,0
25,student,married,secondary,yes,-850,no,no,cellular,2,1,unknown,0
42,technician,married,tertiary,no,10381,yes,no,cellular,1,2,unknown,0
28,entrepreneur,single,secondary,no,-2786,no,no,cellular,5,1,unknown,0
39,unemployed,married,tertiary,no,527,no,no,cellular,2,0,unknown,0
28,management,single,tertiary,no,3001,no,no,unknown,3,1,unknown,0
37,services,married,unknown,yes,7883,yes,yes,unknown,6,2,unknown,0
58,technician,single,secondary,no,3626,yes,no,unknown,5,2,unknown,0
47,entrepreneur,divorced,secondary,no,3238,no,yes,cellular,1,2,unknown,0
38,blue-collar,married,primary,no,-2379,yes,yes,cellular,1,2,unknown,0
31,blue-collar,married,secondary,no,1702,yes,no,telephone,3,2,success,1
29,admin.,single,secondary,no,-918,no,no,cellular,4,0,failure,1
57,self-employed,married,primary,no,-1502,no,no,cellular,3,1,unknown,0
36,management,married,tertiary,no,1275,no,no,unknown,9,0,unknown,0
48,blue-collar,married,secondary,no,1367,no,no,cellular,2,2,unknown,0
28,technician,married,secondary,no,-50,yes,no,cellular,5,2,unknown,0
40,management,married,tertiary,no,-1891,yes,yes,cellular,1,1,unknown,0
42,services,married,secondary,no,-1555,yes,no,cellular,16,1,success,1
27,management,married,tertiary,no,438,yes,no,cellular,5,2,unknown,0
51,management,married,tertiary,no,-286,yes,no,cellular,4,2,unknown,0
42,blue-collar,married,secondary,no,-1890,yes,yes,cellular,8,2,unknown,0
47,unknown,married,primary,no,1607,no,no,telephone,4,1,unknown,0
26,technician,married,secondary,no,1128,no,no,cellular,7,2,unknown,0
50,services,married,secondary,no,-830,no,no,cellular,11,2,unknown,0
30,services,single,secondary,no,1097,no,no,unknown,3,0,unknown,0
50,services,married,secondary,no,1682,no,no,cellular,1,2,unknown,0
42,self-employed,married,primary,no,200,yes,no,cellular,4,2,failure,0
29,admin.,single,secondary,no,-2515,yes,no,unknown,10,5,success,0
39,management,married,primary,no,-1413,no,no,cellular,1,1,unknown,0
42,entrepreneur,married,secondary,no,2008,no,no,unknown,5,2,unknown,0
30,services,single,primary,no,-224,yes,yes,cellular,4,0,unknown,0
36,self-employed,married,secondary,no,2359,no,no,unknown,4,2,unknown,0
45,blue-collar,married,secondary,no,-1488,yes,no,cellular,4,1,unknown,0
53,self-employed,married,tertiary,no,908,yes,no,cellular,1,3,failure,0
53,technician,married,secondary,no,3399,no,no,unknown,1,2,unknown,1
30,entrepreneur,married,secondary,no,-1380,no,yes,cellular,3,1,failure,0
57,technician,married,unknown,no,968,yes,no,cellular,8,1,unknown,0
57,admin.,married,secondary,no,3658,no,no,cellular,11,2,unknown,0
34,self-employed,divorced,primary,no,6565,no,yes,cellular,3,4,success,1
48,housemaid,single,tertiary,no,-763,yes,no,unknown,4,0,unknown,0
35,blue-collar,married,secondary,no,-1394,no,no,cellular,3,2,other,1
35,admin.,married,secondary,no,501,no,no,cellular,3,1,unknown,0
38,admin.,married,secondary,no,8552,no,no,cellular,4,1,unknown,0
53,blue-collar,married,secondary,no,-407,no,no,unknown,3,2,unknown,0
39,admin.,married,secondary,no,-989,yes,no,cellular,6,0,unknown,0
29,admin.,single,secondary,no,3556,yes,yes,cellular,1,2,unknown,0
39,management,married,tertiary,no,-2995,yes,no,cellular,2,1,unknown,0
38,housemaid,divorced,secondary,no,9413,yes,no,cellular,1,1,unknown,0
47,technician,married,tertiary,no,4164,no,yes,unknown,1,1,unknown,0
70,retired,married,primary,no,3505,yes,no,cellular,2,2,unknown,0
29,admin.,single,secondary,no,2150,yes,yes,cellular,3,2,unknown,0
56,retired,divorced,secondary,no,-2713,no,no,cellular,2,2,unknown,0
30,admin.,single,secondary,no,939,yes,no,cellular,5,1,failure,0
25,student,married,secondary,no,-2047,no,no,cellular,3,1,unknown,0
54,management,married,secondary,no,16921,no,no,cellular,3,1,unknown,0
53,housemaid,married,primary,no,2060,no,no,cellular,4,2,unknown,0
27,housemaid,married,secondary,no,19887,no,no,unknown,6,0,unknown,0
69,retired,married,secondary,no,2311,no,no,cellular,3,0,unknown,0
34,blue-collar,divorced,secondary,no,16257,no,no,cellular,3,2,unknown,0
32,services,single,secondary,no,-1450,no,no,cellular,1,1,unknown,0
46,admin.,married,secondary,no,933,yes,no,cellular,2,2,unknown,0
22,management,single,tertiary,no,148,yes,no,cellular,3,1,unknown,0
26,technician,single,secondary,no,-451,yes,no,cellular,5,2,unknown,1
28,technician,married,tertiary,yes,856,no,no,cellular,5,2,unknown,0
29,blue-collar,married,primary,no,6922,yes,no,unknown,6,1,unknown,0
35,technician,single,secondary,no,-2464,no,no,unknown,5,0,unknown,1
45,unemployed,married,tertiary,no,-2758,yes,no,unknown,3,2,unknown,0
36,blue-collar,married,primary,no,1163,yes,no,cellular,2,3,failure,0
38,technician,single,secondary,yes,2615,yes,no,cellular,5,0,unknown,0
34,admin.,married,secondary,no,5099,yes,no,cellular,6,1,unknown,0
26,technician,single,tertiary,no,236,no,no,unknown,1,2,unknown,0
33,blue-collar,married,primary,no,-2001,no,yes,unknown,5,0,unknown,0
41,blue-collar,married,tertiary,no,867,no,no,cellular,1,1,unknown,0
46,admin.,married,tertiary,no,1264,no,no,unknown,3,1,unknown,0
28,technician,married,secondary,no,547,yes,no,cellular,1,0,unknown,0
35,management,single,tertiary,no,-2283,no,no,cellular,4,1,unknown,0
34,technician,married,tertiary,no,1465,yes,no,unknown,2,1,unknown,0
46,admin.,married,secondary,no,2509,yes,no,unknown,2,2,unknown,0
39,entrepreneur,married,tertiary,no,-1297,yes,no,cellular,5,2,unknown,0
39,blue-collar,married,secondary,no,-2818,no,no,cellular,5,1,unknown,1
42,blue-collar,divorced,secondary,no,3876,yes,no,unknown,4,2,unknown,0
28,management,married,tertiary,no,4732,yes,no,cellular,4,2,unknown,0
45,self-employed,married,tertiary,no,3055,yes,no,cellular,4,1,unknown,0
39,admin.,married,secondary,yes,-148,yes,no,cellular,5,2,unknown,0
46,blue-collar,single,secondary,yes,3644,yes,no,unknown,5,1,unknown,0
39,management,married,secondary,no,-997,no,yes,cellular,5,2,failure,0
56,retired,married,secondary,no,-269,yes,no,unknown,3,2,unknown,0
51,blue-collar,single,secondary,no,-2293,yes,no,cellular,5,1,unknown,0
31,admin.,single,secondary,no,-2869,no,no,cellular,5,0,unknown,0
49,services,divorced,secondary,no,2559,no,yes,cellular,4,0,unknown,0
36,blue-collar,single,primary,no,2626,yes,no,cellular,2,7,failure,0
41,blue-collar,married,secondary,no,-1006,yes,no,cellular,6,1,unknown,0
36,management,single,tertiary,no,-1201,no,no,cellular,3,1,unknown,0
27,management,married,tertiary,no,7993,no,no,cellular,4,1,unknown,0
44,blue-collar,married,primary,no,2138,yes,yes,unknown,3,0,unknown,0
35,technician,married,secondary,no,-532,no,yes,cellular,2,2,unknown,0
30,admin.,divorced,unknown,no,-2913,yes,no,cellular,4,2,unknown,0
41,blue-collar,single,secondary,no,2817,no,no,unknown,4,1,unknown,0
39,blue-collar,divorced,primary,no,-128,yes,yes,cellular,2,1,unknown,0
35,admin.,married,secondary,no,3776,yes,no,unknown,4,2,unknown,0
44,unemployed,divorced,unknown,no,-2055,yes,no,cellular,2,2,unknown,0
33,technician,divorced,secondary,no,1214,no,no,telephone,7,0,unknown,1
54,technician,married,tertiary,no,1822,no,no,telephone,4,1,unknown,0
20,technician,married,secondary,no,851,yes,no,unknown,5,1,unknown,0
45,management,married,tertiary,no,-1120,no,no,unknown,1,2,unknown,0
30,entrepreneur,married,secondary,no,-2889,yes,no,cellular,3,1,unknown,0
28,technician,single,secondary,no,717,yes,no,unknown,2,1,unknown,0
31,blue-collar,single,secondary,no,1134,no,no,cellular,1,0,unknown,0
45,technician,married,secondary,no,2388,yes,no,cellular,5,1,unknown,0
52,retired,divorced,secondary,no,-3288,yes,yes,cellular,3,2,unknown,0
42,blue-collar,married,tertiary,no,-3175,yes,no,cellular,2,2,unknown,0
42,self-employed,married,secondary,no,2139,no,no,cellular,3,1,unknown,0
22,services,single,secondary,no,-3129,yes,yes,cellular,4,2,unknown,0
66,retired,single,secondary,no,567,yes,no,cellular,1,2,success,1
44,admin.,married,secondary,no,-552,yes,no,unknown,25,0,unknown,0
31,management,married,tertiary,no,-2250,no,no,cellular,3,1,unknown,0
36,management,divorced,tertiary,no,-1940,no,no,cellular,1,0,unknown,0
28,services,single,primary,no,3376,no,no,telephone,4,1,unknown,0
54,management,married,tertiary,no,2111,no,no,unknown,5,2,unknown,0
46,management,married,tertiary,no,-3230,yes,no,unknown,2,2,unknown,0
53,technician,married,secondary,no,-1333,yes,yes,telephone,3,1,unknown,0
26,student,single,tertiary,yes,-1046,yes,no,unknown,6,2,unknown,0
43,blue-collar,single,secondary,no,478,yes,no,cellular,4,2,unknown,0
21,management,single,tertiary,no,-215,no,no,cellular,6,0,unknown,0
35,blue-collar,married,secondary,no,-1257,yes,no,telephone,4,1,unknown,0
57,management,single,tertiary,no,86,yes,no,cellular,3,2,success,1
64,housemaid,married,primary,no,3243,yes,no,telephone,6,1,unknown,0
30,blue-collar,single,primary,no,2223,yes,no,cellular,1,3,other,0
44,blue-collar,married,secondary,no,3448,yes,no,cellular,2,2,unknown,0
44,technician,single,secondary,no,-459,yes,no,cellular,3,1,unknown,1
51,management,married,primary,no,1721,no,no,unknown,9,2,unknown,0
34,housemaid,married,primary,no,-1829,no,no,unknown,6,0,unknown,0
51,management,married,tertiary,no,-3123,yes,no,unknown,4,1,unknown,0
49,services,married,secondary,no,-1470,yes,no,unknown,2,1,unknown,0
35,entrepreneur,single,secondary,no,-2318,yes,no,cellular,3,1,other,0
40,management,single,tertiary,no,-3218,no,yes,cellular,5,1,unknown,0
40,technician,single,secondary,no,-2330,yes,no,cellular,4,2,unknown,0
44,technician,married,secondary,no,516,yes,no,cellular,3,1,unknown,0
68,retired,divorced,secondary,no,-921,no,no,cellular,6,1,unknown,0
27,blue-collar,married,primary,no,881,yes,no,cellular,3,1,unknown,0
59,blue-collar,married,primary,no,1003,no,no,cellular,5,0,unknown,0
35,blue-collar,married,primary,no,372,yes,yes,cellular,4,2,success,0
27,management,single,tertiary,no,1080,yes,no,cellular,5,2,unknown,0
59,management,single,tertiary,no,-1399,yes,yes,telephone,3,2,unknown,1
43,blue-collar,single,secondary,no,89,yes,no,cellular,3,0,unknown,0
38,management,married,tertiary,no,1100,yes,no,cellular,3,0,unknown,0
57,admin.,married,secondary,no,2583,yes,yes,unknown,5,2,unknown,0
55,admin.,married,secondary,no,-878,no,no,unknown,5,1,unknown,0
39,blue-collar,married,secondary,no,-377,yes,no,unknown,2,1,unknown,0
42,management,married,tertiary,no,716,no,no,unknown,2,0,unknown,0
39,technician,married,tertiary,no,-277,yes,no,cellular,31,2,unknown,0
26,services,single,secondary,no,3208,no,no,cellular,5,2,unknown,0
51,entrepreneur,married,tertiary,no,-1441,yes,yes,cellular,4,2,unknown,0
44,self-employed,single,secondary,no,-455,no,no,unknown,3,1,unknown,0
35,admin.,married,secondary,no,555,yes,no,unknown,2,2,unknown,0
27,blue-collar,married,primary,no,2476,yes,no,cellular,2,2,failure,0
27,management,single,tertiary,no,3917,yes,no,unknown,2,0,unknown,0
29,management,single,tertiary,no,-628,no,no,cellular,5,2,unknown,0
64,retired,married,tertiary,no,2111,yes,no,cellular,3,0,unknown,0
60,management,married,tertiary,no,-2490,no,no,telephone,5,0,unknown,0
50,admin.,married,secondary,no,-1279,yes,yes,unknown,3,0,unknown,0
53,housemaid,single,secondary,no,-2364,no,yes,cellular,9,1,failure,0
39,entrepreneur,single,secondary,no,2260,no,yes,cellular,3,2,unknown,0
30,blue-collar,single,secondary,no,-934,yes,no,cellular,2,0,unknown,0
48,blue-collar,divorced,secondary,no,642,yes,no,unknown,2,2,unknown,0
26,technician,married,tertiary,no,-287,yes,no,cellular,3,4,failure,0
51,services,married,tertiary,no,2626,yes,no,cellular,4,6,failure,0
36,management,married,tertiary,no,-621,no,no,cellular,5,1,unknown,0
57,technician,married,secondary,no,3902,yes,no,cellular,1,2,unknown,0
45,admin.,married,secondary,no,-2938,no,no,unknown,2,1,unknown,0
47,technician,married,secondary,no,4092,yes,no,cellular,6,2,unknown,0
35,blue-collar,married,secondary,no,17661,yes,no,cellular,5,1,unknown,0
53,blue-collar,married,secondary,no,-3137,yes,no,unknown,3,1,unknown,0
27,unemployed,married,secondary,no,-1609,no,no,unknown,3,0,unknown,0
28,admin.,married,secondary,no,2009,no,no,unknown,2,1,unknown,0
33,technician,divorced,secondary,no,-72,no,no,unknown,6,2,unknown,0
22,student,single,secondary,no,906,no,no,cellular,5,2,unknown,1
39,management,single,tertiary,no,-1505,yes,yes,cellular,1,1,other,0
31,technician,single,tertiary,no,1889,no,no,cellular,3,2,unknown,0
62,retired,married,secondary,no,1888,no,no,cellular,4,0,unknown,0
48,services,married,secondary,no,-2948,yes,no,cellular,2,0,other,0
53,management,married,primary,no,-2023,yes,no,unknown,2,1,unknown,0
20,blue-collar,single,primary,no,-1714,yes,no,cellular,4,1,unknown,0
26,technician,single,secondary,no,2002,no,yes,unknown,2,2,unknown,0
59,technician,married,tertiary,no,-752,yes,no,telephone,4,3,failure,0
59,self-employed,married,tertiary,yes,1945,yes,no,unknown,2,0,unknown,0
26,technician,divorced,secondary,no,3762,yes,no,cellular,4,2,unknown,1
47,entrepreneur,married,secondary,no,23982,yes,yes,unknown,3,2,unknown,0
53,management,divorced,tertiary,no,-924,no,no,unknown,2,2,unknown,0
39,blue-collar,married,secondary,no,-2214,yes,no,unknown,7,1,unknown,0
30,technician,married,secondary,no,5935,yes,no,cellular,2,1,unknown,0
43,housemaid,single,primary,no,3207,no,no,cellular,5,2,failure,0
59,retired,single,secondary,no,1027,yes,no,unknown,9,2,unknown,1
38,services,married,secondary,no,11166,yes,yes,cellular,5,1,unknown,0
33,blue-collar,married,secondary,no,3415,yes,no,cellular,6,2,unknown,0
29,management,single,secondary,no,-2139,no,no,unknown,3,1,unknown,0
73,retired,married,primary,no,4161,no,no,cellular,6,2,unknown,1
53,blue-collar,divorced,unknown,no,-3139,yes,no,cellular,3,2,unknown,0
41,management,married,tertiary,no,3449,no,yes,unknown,5,2,unknown,1
30,unemployed,married,primary,no,-1232,yes,no,unknown,5,0,unknown,0
36,blue-collar,married,secondary,no,-2231,yes,yes,cellular,8,2,unknown,1
40,management,married,tertiary,no,-3010,no,yes,unknown,4,0,unknown,0
21,blue-collar,married,secondary,no,2796,yes,no,cellular,4,0,unknown,0
48,housemaid,married,secondary,no,-1730,yes,no,cellular,2,1,failure,0
41,entrepreneur,married,secondary,no,308,yes,no,cellular,1,1,unknown,0
28,services,married,secondary,no,1004,no,no,cellular,5,0,unknown,0
33,technician,single,secondary,no,-3041,yes,no,cellular,2,2,unknown,0
49,management,married,tertiary,yes,2555,no,no,telephone,3,1,unknown,0
33,management,married,tertiary,no,10600,yes,no,cellular,3,2,unknown,0
26,management,married,tertiary,no,-1065,no,no,cellular,6,1,unknown,0
39,technician,married,secondary,no,967,no,no,unknown,1,1,unknown,0
27,admin.,single,secondary,no,3344,yes,no,cellular,5,1,unknown,0
37,technician,married,secondary,no,-1212,yes,no,cellular,4,4,failure,0
52,blue-collar,married,secondary,no,386,yes,no,cellular,3,4,failure,0
59,retired,married,tertiary,no,4073,no,no,unknown,2,2,unknown,0
45,management,married,tertiary,no,11469,yes,no,cellular,4,2,unknown,0
34,management,single,tertiary,no,1159,yes,no,cellular,2,2,unknown,1
37,admin.,married,secondary,no,3061,no,no,telephone,2,1,unknown,0
52,services,married,secondary,yes,1485,yes,no,cellular,9,0,other,1
70,retired,divorced,secondary,no,4132,no,no,cellular,4,2,unknown,0
30,management,single,tertiary,no,1801,no,no,unknown,1,1,unknown,0
36,admin.,divorced,secondary,no,-652,yes,no,cellular,4,1,failure,0
39,blue-collar,married,secondary,no,1095,yes,no,cellular,10,1,unknown,0
40,management,married,tertiary,no,-499,yes,no,cellular,11,2,failure,1
50,blue-collar,married,primary,no,1646,yes,no,cellular,3,0,unknown,0
76,retired,married,primary,no,111,no,no,cellular,3,1,unknown,0
26,services,married,secondary,no,2439,no,no,cellular,5,1,unknown,0
46,services,married,secondary,no,2668,yes,no,cellular,2,1,unknown,0
46,admin.,married,tertiary,no,1299,yes,no,cellular,5,3,success,0
50,blue-collar,single,primary,no,2515,yes,no,cellular,14,2,unknown,0
37,management,married,tertiary,no,-1404,yes,yes,cellular,4,4,other,1
25,blue-collar,single,secondary,no,1981,no,no,unknown,1,2,unknown,0
53,blue-collar,married,primary,no,1854,yes,no,unknown,3,2,unknown,0
43,blue-collar,married,secondary,no,984,no,no,cellular,7,2,success,1
44,management,single,secondary,no,3258,no,no,cellular,3,0,unknown,0
42,management,married,tertiary,no,3527,no,no,unknown,1,0,unknown,0
55,management,married,tertiary,no,-3115,no,no,cellular,3,1,unknown,0
26,management,single,tertiary,no,2828,yes,no,cellular,5,1,unknown,1
54,admin.,single,secondary,no,3638,no,no,telephone,5,4,success,0
46,services,married,secondary,no,-1515,no,no,cellular,1,2,unknown,0
55,admin.,married,secondary,no,-3072,yes,no,unknown,5,2,unknown,0
37,technician,married,tertiary,no,1612,no,yes,telephone,5,2,unknown,0
31,blue-collar,married,secondary,no,3023,yes,yes,unknown,10,2,unknown,0
34,blue-collar,married,primary,no,-1199,yes,no,unknown,6,2,unknown,0
57,management,married,tertiary,no,-1892,no,no,cellular,28,1,unknown,0
31,services,single,secondary,no,-1603,yes,no,unknown,5,2,unknown,0
31,technician,single,tertiary,no,-3187,yes,no,cellular,3,0,unknown,0
26,blue-collar,married,unknown,no,-2068,yes,no,cellular,6,1,unknown,0
33,technician,married,secondary,no,3299,no,yes,cellular,5,2,unknown,0
58,management,married,secondary,no,3599,no,no,cellular,5,6,failure,0
40,entrepreneur,married,primary,no,2032,yes,yes,unknown,4,1,unknown,0
48,services,single,secondary,no,337,no,yes,cellular,3,2,failure,0
33,unemployed,married,tertiary,no,-619,no,yes,cellular,2,1,unknown,0
39,blue-collar,married,primary,no,3967,no,no,cellular,2,0,failure,0
32,blue-collar,married,unknown,no,-1527,no,no,unknown,4,0,unknown,1
37,blue-collar,married,secondary,no,-2889,yes,no,unknown,2,2,unknown,0
28,admin.,married,secondary,no,-2515,yes,no,cellular,2,1,unknown,1
38,management,married,tertiary,no,3018,yes,no,cellular,2,2,unknown,0
46,entrepreneur,divorced,secondary,no,1844,yes,no,cellular,4,0,unknown,0
39,unknown,divorced,unknown,no,-1915,no,yes,cellular,4,2,unknown,0
30,technician,married,secondary,no,12356,no,no,cellular,5,1,unknown,0
24,services,single,secondary,no,2541,yes,yes,cellular,5,2,failure,0
44,blue-collar,married,primary,no,-2828,yes,no,unknown,3,2,unknown,0
51,blue-collar,single,primary,no,3609,no,no,cellular,6,2,unknown,0
35,management,married,tertiary,no,-2022,yes,no,cellular,6,2,unknown,0
44,blue-collar,married,secondary,no,-907,yes,no,cellular,2,1,unknown,0
37,services,married,unknown,no,-1663,no,no,cellular,2,4,other,0
34,services,married,secondary,no,127,yes,no,cellular,5,2,unknown,0
41,blue-collar,divorced,secondary,no,3747,yes,no,cellular,4,1,failure,0
48,blue-collar,married,secondary,no,2045,yes,no,unknown,5,2,unknown,0
58,management,single,tertiary,no,-1002,no,yes,unknown,11,1,unknown,0
35,blue-collar,married,secondary,no,-584,yes,no,cellular,4,1,unknown,0
49,blue-collar,married,unknown,no,-514,yes,yes,cellular,3,1,failure,0
40,self-employed,married,tertiary,no,1518,no,no,cellular,4,2,unknown,0
47,services,divorced,secondary,no,10084,yes,no,telephone,2,2,unknown,0
31,blue-collar,single,secondary,no,-3184,yes,yes,cellular,17,1,unknown,1
28,services,single,secondary,no,-3305,yes,no,cellular,2,1,unknown,0
38,admin.,married,secondary,no,-2328,yes,no,cellular,11,2,unknown,0
44,technician,divorced,tertiary,no,-1772,yes,no,unknown,3,2,unknown,0
37,management,single,tertiary,no,2551,no,no,unknown,2,2,unknown,0
53,entrepreneur,married,primary,no,-1629,yes,no,telephone,5,0,failure,0
45,technician,married,secondary,no,457,no,no,unknown,9,0,unknown,0
35,technician,married,secondary,no,-1534,yes,yes,cellular,3,1,success,1
42,technician,single,secondary,no,-1561,yes,no,cellular,2,1,unknown,0
49,technician,married,secondary,no,3858,yes,no,telephone,6,1,unknown,0
30,services,single,secondary,no,1884,yes,no,cellular,4,1,unknown,0
65,retired,married,tertiary,no,3242,yes,no,cellular,1,0,failure,0
31,management,married,tertiary,no,-1822,no,no,unknown,6,2,unknown,0
30,services,married,secondary,no,4496,yes,no,cellular,5,0,failure,0
35,blue-collar,married,primary,no,4051,no,no,unknown,11,1,unknown,1
58,unknown,divorced,tertiary,no,1803,no,no,cellular,2,1,failure,0
25,student,single,secondary,no,171,no,no,unknown,3,1,unknown,0
44,technician,married,secondary,no,1737,no,no,unknown,4,2,unknown,1
58,retired,married,primary,no,3627,no,no,telephone,3,2,unknown,0
60,blue-collar,divorced,primary,no,1374,yes,no,unknown,10,0,unknown,1
51,admin.,married,secondary,no,3815,yes,no,unknown,1,2,unknown,0
31,blue-collar,married,primary,no,2164,yes,no,unknown,4,2,unknown,1
47,self-employed,married,secondary,no,-1197,yes,no,cellular,6,1,unknown,0
54,entrepreneur,divorced,primary,no,-3175,yes,no,cellular,3,2,unknown,0
23,student,single,primary,no,444,no,no,cellular,6,0,unknown,0
35,technician,single,secondary,no,-708,no,no,cellular,4,2,unknown,0
48,retired,divorced,secondary,no,-2298,no,no,cellular,9,1,unknown,0
47,blue-collar,married,unknown,no,-230,no,no,cellular,2,1,unknown,0
26,admin.,married,tertiary,no,-279,no,no,unknown,6,1,unknown,0
29,technician,married,secondary,no,-2967,yes,no,cellular,6,1,success,1
56,management,married,secondary,yes,-717,no,no,cellular,2,2,other,0
43,entrepreneur,married,tertiary,no,1725,yes,no,cellular,5,0,unknown,0
26,technician,single,tertiary,no,-1727,yes,no,cellular,5,2,unknown,1
38,admin.,divorced,secondary,no,3847,yes,no,unknown,1,0,unknown,0
26,technician,divorced,secondary,no,1761,no,no,cellular,4,5,failure,0
45,blue-collar,married,primary,no,-2353,yes,no,unknown,4,0,unknown,0
56,management,single,primary,no,10294,yes,no,cellular,3,2,unknown,0
24,student,single,secondary,no,-2793,no,no,cellular,8,1,unknown,0
83,retired,married,secondary,no,-1398,yes,no,telephone,1,2,unknown,0
52,self-employed,married,secondary,no,584,no,no,cellular,3,1,unknown,0
39,technician,married,tertiary,no,635,yes,no,unknown,1,2,unknown,0
34,technician,single,tertiary,no,2165,no,no,unknown,5,1,unknown,0
31,student,married,unknown,no,7693,yes,no,unknown,3,1,unknown,0
33,management,married,tertiary,no,-2943,no,no,cellular,7,1,unknown,1
38,admin.,married,unknown,no,-2843,yes,no,cellular,3,1,unknown,0
41,blue-collar,married,secondary,no,-2666,no,no,unknown,4,0,unknown,0
37,management,married,tertiary,no,3799,no,no,unknown,6,1,unknown,0
28,admin.,single,secondary,no,1509,yes,no,unknown,4,1,unknown,0
35,management,single,tertiary,no,1852,yes,no,cellular,4,4,success,1
50,technician,married,tertiary,no,-231,no,no,unknown,5,1,unknown,0
51,unemployed,married,primary,no,1270,yes,no,unknown,6,2,unknown,0
40,self-employed,single,tertiary,no,-2433,yes,no,unknown,11,1,unknown,0
34,admin.,married,secondary,no,3647,yes,no,cellular,2,2,unknown,0
32,blue-collar,single,secondary,no,-2013,yes,no,unknown,5,0,unknown,0
41,technician,married,secondary,no,201,yes,no,cellular,3,0,unknown,1
35,services,divorced,secondary,no,3226,yes,no,cellular,3,1,unknown,0
27,admin.,single,tertiary,no,-2740,no,no,cellular,5,1,failure,0
28,blue-collar,married,primary,no,-2707,yes,yes,unknown,2,0,unknown,0
52,blue-collar,married,secondary,no,-872,no,no,cellular,1,1,unknown,0
33,technician,married,tertiary,no,3380,no,yes,unknown,3,2,unknown,0
27,technician,single,tertiary,no,-1615,yes,no,cellular,2,0,unknown,0
27,technician,single,tertiary,no,-1719,yes,no,cellular,1,2,unknown,0
27,services,single,secondary,no,19907,yes,no,cellular,2,2,unknown,0
45,admin.,married,unknown,no,190,yes,yes,cellular,11,1,unknown,0
52,management,married,secondary,no,11273,yes,no,telephone,2,1,unknown,0
32,technician,married,secondary,no,-77,no,no,cellular,14,0,unknown,0
30,admin.,single,secondary,no,3112,no,no,cellular,4,0,unknown,0
21,student,single,secondary,no,-429,no,no,cellular,5,1,unknown,0
40,admin.,single,primary,no,694,no,no,cellular,7,1,unknown,0
39,unemployed,married,tertiary,no,1536,yes,no,cellular,20,1,unknown,0
38,management,married,tertiary,no,-1251,yes,no,cellular,2,1,unknown,0
51,retired,married,unknown,no,3041,no,no,cellular,10,1,unknown,0
37,management,married,secondary,no,332,yes,no,unknown,3,0,unknown,0
27,technician,divorced,secondary,no,1698,yes,no,cellular,4,2,other,1
31,management,married,tertiary,no,-1997,yes,no,unknown,6,2,unknown,0
30,admin.,married,secondary,no,-2047,yes,no,cellular,17,2,failure,0
31,blue-collar,married,secondary,no,3448,yes,no,cellular,2,1,unknown,0
33,management,married,tertiary,no,-2342,no,no,cellular,2,0,unknown,0
42,technician,married,secondary,no,-1962,no,yes,cellular,10,1,other,0
37,services,single,secondary,yes,-3155,yes,yes,cellular,4,1,unknown,0
33,blue-collar,married,secondary,no,-2706,yes,yes,cellular,4,0,unknown,0
50,blue-collar,married,primary,no,4026,yes,no,cellular,2,2,failure,0
46,blue-collar,divorced,primary,no,3309,yes,yes,unknown,4,0,unknown,0
51,blue-collar,divorced,secondary,no,847,yes,no,telephone,6,2,unknown,0
28,services,single,secondary,no,1787,yes,no,cellular,5,1,failure,0
55,admin.,married,secondary,no,2985,yes,no,unknown,3,1,unknown,0
56,services,married,secondary,no,777,no,yes,telephone,4,4,failure,0
43,blue-collar,married,primary,no,425,no,yes,cellular,4,0,unknown,0
49,management,single,tertiary,no,4686,no,no,unknown,5,1,unknown,1
31,blue-collar,single,secondary,no,-443,yes,yes,unknown,6,0,unknown,0
49,unemployed,married,tertiary,no,-67,no,yes,unknown,1,1,unknown,0
44,blue-collar,married,primary,no,-2028,yes,yes,cellular,5,1,unknown,0
21,student,single,secondary,no,-871,no,no,unknown,11,1,unknown,0
35,blue-collar,married,unknown,no,10129,no,no,cellular,6,0,unknown,0
39,admin.,married,secondary,no,863,yes,no,cellular,4,2,unknown,0
30,management,married,tertiary,no,-1513,yes,no,unknown,1,2,unknown,0
52,management,divorced,tertiary,no,29884,no,no,cellular,3,2,unknown,0
31,blue-collar,single,secondary,no,-43,yes,no,cellular,3,6,failure,1
28,services,single,secondary,no,-2794,yes,yes,cellular,4,1,unknown,0
21,student,married,tertiary,no,-1416,no,yes,cellular,4,2,unknown,0
50,technician,married,secondary,no,-889,yes,no,cellular,4,1,unknown,0
43,services,single,secondary,no,1317,yes,no,cellular,7,1,unknown,0
26,management,single,tertiary,no,5108,no,yes,cellular,2,2,unknown,0
49,management,married,tertiary,no,743,no,no,unknown,9,2,unknown,0
40,admin.,married,secondary,no,-407,yes,no,cellular,10,4,other,0
43,technician,married,secondary,no,-873,no,no,unknown,3,1,unknown,0
33,management,single,tertiary,no,1563,yes,yes,cellular,1,1,unknown,0
56,services,married,primary,no,-1924,yes,no,cellular,3,2,unknown,0
45,blue-collar,married,secondary,no,3684,yes,yes,cellular,4,1,unknown,1
61,retired,married,tertiary,no,-806,yes,yes,cellular,2,2,unknown,0
44,management,divorced,tertiary,no,3632,no,no,cellular,1,1,unknown,0
66,management,married,tertiary,no,6817,yes,yes,cellular,1,1,unknown,0
26,admin.,single,secondary,no,-2418,yes,no,cellular,4,3,failure,0
35,blue-collar,single,primary,no,424,yes,yes,cellular,2,2,unknown,0
35,admin.,married,secondary,no,3539,yes,no,cellular,4,2,unknown,0
28,student,single,tertiary,no,723,yes,no,cellular,6,0,unknown,0
36,blue-collar,married,secondary,no,2011,yes,no,cellular,2,1,failure,0
32,entrepreneur,single,tertiary,no,-947,no,no,unknown,5,2,unknown,0
47,unemployed,divorced,secondary,no,-3156,no,no,cellular,1,3,success,0
34,blue-collar,single,primary,no,-42,yes,yes,unknown,10,0,unknown,0
55,entrepreneur,divorced,secondary,no,-2526,no,no,cellular,1,0,failure,0
38,admin.,married,tertiary,no,-1810,no,no,cellular,4,2,unknown,0
55,technician,married,secondary,no,5655,yes,no,cellular,5,2,unknown,0
42,management,divorced,tertiary,no,2718,no,no,cellular,3,3,failure,0
37,management,single,tertiary,no,9994,no,yes,cellular,14,2,unknown,1
43,unemployed,married,tertiary,no,-1729,yes,no,cellular,3,1,unknown,1
45,entrepreneur,married,tertiary,no,2227,yes,no,cellular,4,0,unknown,0
34,self-employed,married,secondary,no,-846,yes,no,unknown,4,2,unknown,0
34,management,divorced,tertiary,no,3621,no,no,cellular,2,1,unknown,0
27,services,single,secondary,no,-1387,yes,no,cellular,5,1,failure,0
29,management,married,secondary,no,-97,yes,no,cellular,2,3,failure,0
35,housemaid,married,primary,no,3823,no,no,cellular,6,1,unknown,0
35,blue-collar,single,secondary,no,-3073,yes,no,cellular,2,0,unknown,0
57,management,married,tertiary,no,10487,yes,no,unknown,5,1,unknown,0
45,blue-collar,married,primary,no,-1912,yes,yes,unknown,2,2,unknown,0
43,management,married,tertiary,no,9311,yes,no,unknown,6,1,unknown,0
40,housemaid,married,primary,no,1502,no,no,cellular,4,2,unknown,0
33,blue-collar,married,secondary,no,-2184,no,no,cellular,5,2,unknown,0
57,management,married,tertiary,no,-2539,yes,no,unknown,6,1,unknown,0
26,self-employed,married,secondary,no,815,yes,no,cellular,5,1,unknown,0
56,unemployed,married,tertiary,no,-1985,no,yes,unknown,9,2,unknown,0
43,management,married,tertiary,no,18313,yes,no,unknown,3,0,unknown,0
35,management,married,tertiary,no,2966,yes,no,cellular,2,1,unknown,0
27,management,married,tertiary,no,2642,yes,no,telephone,5,1,unknown,0
37,management,divorced,tertiary,no,3771,no,no,cellular,3,1,unknown,0
53,housemaid,married,primary,no,4072,yes,no,unknown,3,2,unknown,0
50,blue-collar,married,primary,no,-998,yes,no,unknown,3,1,unknown,0
27,management,single,tertiary,no,-2325,yes,yes,unknown,4,1,unknown,0
50,unknown,married,tertiary,yes,1187,no,no,cellular,3,2,unknown,0
34,technician,married,secondary,no,3117,yes,no,cellular,2,2,unknown,0
53,housemaid,married,tertiary,no,7461,no,no,cellular,8,0,unknown,0
39,services,single,secondary,no,-6,no,yes,cellular,5,7,failure,0
22,student,single,tertiary,no,3057,no,no,unknown,5,0,unknown,0
37,services,single,secondary,no,-2342,yes,no,cellular,5,2,failure,0
24,retired,single,tertiary,no,-1215,no,no,cellular,18,0,other,0
41,admin.,single,tertiary,no,344,yes,no,unknown,1,1,unknown,0
41,blue-collar,married,secondary,no,1643,yes,yes,unknown,4,1,unknown,0
35,technician,married,secondary,no,1504,no,yes,cellular,1,1,unknown,0
56,management,married,tertiary,no,-2389,yes,no,cellular,5,4,other,1
28,management,married,tertiary,no,-667,no,no,unknown,5,1,unknown,0
53,blue-collar,divorced,primary,no,-2782,no,no,cellular,3,2,unknown,0
33,management,divorced,secondary,no,2813,no,no,unknown,11,1,unknown,0
53,management,married,primary,no,810,yes,yes,unknown,5,2,unknown,0
29,student,single,secondary,yes,-1102,no,no,cellular,3,0,unknown,0
36,blue-collar,single,primary,no,2132,yes,no,unknown,4,0,unknown,0
42,admin.,married,secondary,no,1696,no,no,unknown,4,2,unknown,0
37,management,single,tertiary,no,2836,yes,no,unknown,3,0,unknown,0
45,management,married,tertiary,no,2981,no,no,cellular,3,1,unknown,0
80,housemaid,divorced,primary,no,-1321,no,no,cellular,3,0,unknown,0
26,management,single,tertiary,no,45,no,no,unknown,3,1,unknown,1
36,self-employed,single,primary,no,2574,yes,no,cellular,2,1,unknown,0
34,blue-collar,married,primary,no,2134,no,no,unknown,5,1,unknown,0
44,technician,divorced,tertiary,no,-68,yes,no,cellular,5,2,unknown,0
36,management,single,tertiary,no,182,no,no,unknown,5,1,unknown,0
31,services,married,secondary,no,2546,no,no,cellular,4,1,failure,1
43,blue-collar,married,secondary,no,381,yes,no,cellular,6,5,failure,1
67,management,married,tertiary,no,4091,yes,no,cellular,5,0,unknown,0
42,blue-collar,single,secondary,no,681,yes,no,cellular,2,3,failure,0
29,management,single,tertiary,no,2083,no,no,cellular,6,2,unknown,0
41,housemaid,married,tertiary,no,4966,yes,no,cellular,3,2,unknown,0
48,management,married,tertiary,no,2806,no,no,cellular,5,1,unknown,0
38,admin.,married,secondary,no,-2076,yes,no,cellular,6,1,unknown,0
36,technician,single,secondary,no,-113,yes,no,cellular,5,2,failure,1
53,unemployed,married,secondary,no,3175,yes,no,unknown,5,2,unknown,0
73,retired,divorced,secondary,no,1934,no,no,cellular,4,2,success,0
32,self-employed,married,tertiary,no,1177,no,yes,cellular,5,1,failure,0
54,management,married,tertiary,no,-1582,no,no,cellular,8,2,unknown,1
54,housemaid,married,primary,no,1957,yes,no,unknown,2,1,unknown,0
56,technician,married,secondary,no,-86,yes,no,unknown,2,2,unknown,0
55,admin.,married,secondary,no,1944,no,no,cellular,5,3,failure,1
33,entrepreneur,single,tertiary,no,3351,yes,no,cellular,1,1,unknown,0
30,blue-collar,single,primary,no,2323,yes,no,cellular,4,2,unknown,1
30,technician,single,tertiary,no,2227,yes,no,cellular,3,1,unknown,0
59,retired,married,secondary,no,-577,yes,no,unknown,1,0,unknown,0
40,technician,married,secondary,no,104,no,no,cellular,5,0,unknown,0
50,technician,married,tertiary,no,-894,no,no,cellular,5,0,unknown,0
40,blue-collar,single,secondary,no,2239,yes,no,cellular,1,0,unknown,1
27,technician,single,tertiary,no,-3283,yes,no,cellular,2,0,unknown,0
60,unknown,married,unknown,no,11583,no,no,cellular,3,2,other,0
33,management,married,tertiary,no,3621,yes,no,cellular,2,1,unknown,0
30,admin.,married,secondary,no,4086,yes,no,cellular,6,2,unknown,0
52,blue-collar,married,primary,no,-811,no,no,unknown,3,1,unknown,0
30,services,single,tertiary,no,-839,yes,no,cellular,2,0,unknown,0
56,retired,married,secondary,no,-2694,yes,no,unknown,3,0,unknown,0
28,admin.,single,secondary,no,3415,yes,no,cellular,2,2,other,0
36,management,married,secondary,no,2065,yes,no,unknown,9,1,unknown,0
46,management,married,tertiary,no,2794,yes,no,cellular,2,0,unknown,0
19,student,single,tertiary,no,3144,yes,no,cellular,5,3,failure,0
30,blue-collar,single,secondary,no,398,no,yes,cellular,3,0,unknown,0
50,self-employed,married,tertiary,no,-3237,yes,no,cellular,2,2,failure,0
44,blue-collar,single,secondary,no,-1688,yes,no,cellular,3,1,unknown,0
49,admin.,married,secondary,no,-1027,yes,yes,cellular,3,1,unknown,0
41,blue-collar,married,secondary,no,-6,yes,no,cellular,3,0,unknown,0
37,technician,married,secondary,no,-2265,yes,no,cellular,2,1,unknown,0
36,management,married,tertiary,no,8780,no,no,cellular,6,1,unknown,0
45,management,married,tertiary,no,-2230,yes,no,unknown,1,1,unknown,0
41,management,married,unknown,no,10084,no,no,cellular,3,2,failure,1
40,blue-collar,divorced,primary,no,-2410,yes,yes,telephone,2,2,unknown,0
26,technician,single,secondary,no,1951,yes,yes,unknown,4,0,unknown,0
33,services,single,secondary,no,-711,no,yes,cellular,5,2,unknown,0
76,retired,divorced,secondary,no,237,no,yes,telephone,3,1,unknown,0
40,self-employed,divorced,tertiary,no,11387,yes,no,cellular,2,1,unknown,0
27,services,single,unknown,no,3016,yes,no,unknown,4,2,unknown,0
41,technician,single,secondary,no,1737,yes,yes,unknown,5,1,unknown,0
33,technician,married,tertiary,no,7340,no,no,cellular,3,1,failure,0
27,student,married,secondary,no,912,no,no,cellular,2,2,unknown,0
58,retired,married,secondary,no,-3070,no,no,cellular,6,0,failure,0
31,blue-collar,single,primary,no,474,no,no,telephone,2,1,unknown,0
28,management,single,tertiary,no,6742,yes,no,unknown,6,2,unknown,1
33,blue-collar,single,secondary,no,-384,yes,no,unknown,5,2,unknown,0
41,blue-collar,married,secondary,no,-3109,yes,yes,unknown,2,1,unknown,0
26,blue-collar,married,secondary,no,2469,yes,no,unknown,4,2,unknown,0
39,housemaid,single,tertiary,no,-2468,no,no,unknown,3,1,unknown,0
36,technician,married,tertiary,no,-2158,yes,no,cellular,5,1,unknown,0
57,technician,married,secondary,no,1823,yes,no,telephone,4,1,unknown,0
31,blue-collar,single,primary,no,1663,yes,no,cellular,5,2,unknown,0
39,management,married,tertiary,no,-3181,no,no,telephone,4,2,unknown,0
29,technician,single,primary,no,3549,no,no,unknown,2,1,unknown,0
33,technician,married,secondary,no,-1321,no,no,unknown,3,0,unknown,0
83,retired,divorced,primary,no,-1107,no,no,cellular,5,2,unknown,0
34,management,divorced,tertiary,no,3723,yes,no,cellular,6,1,unknown,0
37,services,single,secondary,no,2200,no,no,cellular,2,2,unknown,0
28,self-employed,married,secondary,no,14681,yes,no,unknown,4,2,unknown,0
57,admin.,single,secondary,no,3858,yes,no,cellular,2,1,unknown,0
40,services,divorced,primary,no,-479,yes,no,cellular,4,2,failure,0
27,technician,single,tertiary,no,2546,no,no,unknown,3,1,unknown,0
43,technician,single,secondary,no,245,yes,no,cellular,10,0,unknown,0
63,unknown,married,unknown,no,-913,no,no,cellular,3,5,failure,0
30,student,married,secondary,no,1862,no,no,cellular,4,0,unknown,0
44,entrepreneur,divorced,secondary,no,1000,no,yes,unknown,4,2,unknown,0
52,blue-collar,married,primary,no,-934,no,no,unknown,5,1,unknown,0
60,management,married,tertiary,no,13941,no,no,cellular,2,0,unknown,0
48,technician,married,secondary,no,-792,yes,no,unknown,8,2,unknown,1
34,management,single,tertiary,no,2071,no,no,unknown,5,2,unknown,0
40,blue-collar,single,secondary,no,-1093,no,no,unknown,6,0,unknown,0
51,technician,married,secondary,no,1150,yes,no,cellular,3,2,unknown,0
46,admin.,single,secondary,no,-1534,no,no,cellular,2,2,unknown,0
27,services,single,secondary,no,-2159,yes,no,cellular,6,0,unknown,0
31,blue-collar,single,primary,no,1021,yes,yes,unknown,5,0,unknown,0
39,unemployed,single,secondary,no,4228,no,no,unknown,1,1,unknown,0
58,technician,married,unknown,no,514,yes,no,unknown,5,1,unknown,0
36,management,divorced,tertiary,no,1365,yes,no,cellular,2,0,unknown,0
37,management,divorced,tertiary,no,2557,no,no,cellular,3,1,unknown,0
30,services,single,primary,no,-478,yes,yes,cellular,2,2,unknown,0
41,admin.,single,secondary,no,-3262,yes,no,cellular,4,2,unknown,0
44,blue-collar,divorced,primary,no,2560,no,no,cellular,6,2,failure,0
55,retired,divorced,primary,no,75,no,no,cellular,1,1,unknown,0
43,blue-collar,single,secondary,no,1799,no,yes,unknown,4,2,unknown,0
51,management,divorced,tertiary,no,3781,yes,no,cellular,4,1,unknown,0
27,management,single,tertiary,no,1224,no,no,cellular,2,0,unknown,1
62,management,married,tertiary,no,-2677,no,no,cellular,5,1,unknown,0
37,management,single,tertiary,no,-1211,yes,no,cellular,4,1,unknown,0
58,management,married,tertiary,no,-361,yes,no,unknown,5,2,unknown,0
31,services,married,secondary,no,-2006,yes,yes,cellular,3,0,unknown,0
37,services,married,unknown,no,108,yes,no,cellular,2,1,unknown,0
39,entrepreneur,married,unknown,no,-1065,yes,no,cellular,5,1,unknown,0
44,management,married,tertiary,no,1635,no,yes,unknown,2,2,unknown,0
60,admin.,married,secondary,no,374,yes,no,unknown,5,1,unknown,0
49,technician,married,tertiary,no,9813,no,no,unknown,2,2,unknown,0
47,self-employed,married,tertiary,no,3960,yes,no,cellular,1,1,unknown,0
38,admin.,married,secondary,no,-215,no,yes,cellular,3,2,success,0
31,technician,single,unknown,no,2283,yes,yes,unknown,3,0,unknown,0
56,management,married,tertiary,no,-3194,no,no,cellular,3,0,unknown,1
31,blue-collar,married,unknown,no,4997,yes,no,unknown,8,1,unknown,0
66,retired,single,secondary,no,8031,no,no,cellular,4,1,unknown,1
40,blue-collar,single,secondary,no,-1836,no,no,unknown,4,2,failure,0
38,services,single,secondary,no,163,yes,no,cellular,4,1,unknown,1
48,management,married,tertiary,no,9589,no,no,unknown,9,2,unknown,0
24,retired,married,secondary,no,5874,no,yes,unknown,4,1,unknown,0
49,blue-collar,married,unknown,no,7947,yes,no,unknown,7,1,unknown,0
41,blue-collar,married,primary,no,1831,yes,yes,unknown,4,2,unknown,0
29,management,married,tertiary,no,1528,no,no,cellular,1,1,unknown,0
27,blue-collar,single,secondary,no,6856,yes,no,cellular,4,1,unknown,0
20,blue-collar,single,primary,no,-2132,yes,no,cellular,4,1,success,1
29,blue-collar,married,primary,no,756,no,no,cellular,5,2,unknown,0
58,technician,married,secondary,no,-1261,no,yes,cellular,3,1,unknown,0
44,entrepreneur,married,tertiary,no,381,yes,no,unknown,3,1,unknown,0
42,housemaid,single,secondary,no,1853,no,no,unknown,4,0,failure,0
55,technician,single,secondary,no,-158,no,no,unknown,4,2,unknown,0
29,services,married,secondary,no,2931,yes,no,cellular,2,1,unknown,0
29,student,married,unknown,no,988,yes,no,cellular,9,0,failure,0
33,technician,single,secondary,no,3495,no,no,cellular,5,1,unknown,0
53,management,married,tertiary,no,994,no,no,cellular,4,1,unknown,0
39,technician,divorced,secondary,no,-2762,no,no,telephone,4,1,unknown,0
55,management,married,secondary,no,478,no,no,cellular,2,0,unknown,0
59,retired,married,tertiary,no,4076,yes,yes,cellular,6,0,unknown,0
19,student,single,unknown,no,2419,yes,no,cellular,5,1,unknown,0
21,technician,single,secondary,no,-2501,yes,yes,cellular,4,0,unknown,0
45,blue-collar,married,secondary,no,-2617,yes,no,cellular,4,1,unknown,0
79,retired,married,primary,no,300,no,no,telephone,3,2,unknown,0
52,entrepreneur,married,tertiary,no,3900,yes,yes,unknown,2,2,unknown,0
31,technician,married,secondary,no,8996,no,no,cellular,4,2,unknown,0
49,unemployed,married,tertiary,no,-1575,yes,no,cellular,5,1,unknown,0
45,blue-collar,married,secondary,no,1949,yes,no,unknown,5,2,unknown,0
35,management,single,tertiary,no,912,no,no,cellular,6,1,unknown,0
31,technician,single,secondary,no,-310,no,yes,cellular,2,1,unknown,0
31,technician,single,secondary,no,2783,no,no,cellular,5,2,unknown,0
56,management,married,tertiary,no,-2169,yes,yes,cellular,8,1,unknown,0
36,unemployed,married,secondary,no,-1870,yes,no,cellular,5,3,other,1
42,entrepreneur,married,secondary,no,1037,no,no,cellular,1,2,unknown,0
35,retired,single,secondary,no,-2941,yes,no,cellular,27,0,unknown,0
55,management,married,tertiary,no,8333,no,no,cellular,5,2,unknown,0
30,technician,married,secondary,no,11133,yes,no,cellular,5,1,unknown,0
59,technician,divorced,tertiary,no,-1743,no,yes,cellular,3,0,unknown,0
41,blue-collar,married,primary,no,3013,yes,no,cellular,2,1,unknown,0
34,management,divorced,tertiary,no,-98,no,no,cellular,1,1,unknown,0
35,technician,married,tertiary,no,8,yes,no,cellular,4,1,unknown,1
33,blue-collar,single,primary,no,536,yes,no,cellular,4,1,unknown,0
48,blue-collar,married,unknown,no,1131,yes,no,unknown,4,2,unknown,0
53,retired,married,secondary,no,1172,no,no,cellular,2,2,unknown,0
34,technician,married,secondary,no,1078,yes,no,cellular,4,1,unknown,0
37,technician,married,secondary,no,538,no,no,cellular,5,1,failure,0
38,entrepreneur,married,secondary,no,2062,yes,yes,unknown,1,1,unknown,0
35,services,married,secondary,no,-315,yes,no,cellular,3,1,unknown,0
34,management,married,tertiary,no,9779,yes,no,unknown,14,1,unknown,0
33,services,married,secondary,no,-1604,yes,no,cellular,24,2,unknown,0
45,services,married,primary,no,-385,no,yes,unknown,3,1,unknown,0
34,management,married,tertiary,no,1420,yes,yes,cellular,1,0,failure,0
58,housemaid,married,primary,no,-2993,no,yes,unknown,5,2,unknown,0
42,technician,divorced,secondary,no,5726,yes,no,cellular,5,1,unknown,0
50,services,married,secondary,no,3782,yes,no,unknown,5,0,unknown,0
38,technician,married,tertiary,no,1958,no,no,unknown,2,2,unknown,0
46,unemployed,single,tertiary,no,-3,yes,no,cellular,5,1,unknown,1
33,services,married,tertiary,no,808,yes,no,cellular,5,3,failure,0
53,management,divorced,tertiary,no,462,no,no,cellular,2,2,unknown,1
30,technician,single,secondary,no,-245,no,yes,telephone,3,0,unknown,0
56,management,married,unknown,no,614,no,no,cellular,3,1,unknown,0
53,retired,married,primary,no,-2240,no,no,unknown,6,0,unknown,0
36,admin.,married,secondary,no,632,no,no,cellular,3,1,failure,0
26,blue-collar,single,secondary,no,2983,yes,no,unknown,2,1,unknown,0
33,entrepreneur,married,tertiary,no,3995,yes,no,cellular,4,2,unknown,1
30,admin.,single,secondary,no,2422,yes,no,unknown,2,2,unknown,0
27,blue-collar,married,primary,no,2825,yes,no,cellular,24,1,failure,0
33,services,married,secondary,no,541,yes,no,cellular,3,1,unknown,0
41,services,married,secondary,no,-2195,yes,no,cellular,3,0,failure,0
51,technician,married,secondary,yes,-2330,yes,no,cellular,5,0,success,1
55,management,married,tertiary,no,2529,no,no,cellular,1,2,unknown,1
55,technician,married,secondary,no,-2730,yes,no,cellular,4,1,unknown,0
33,blue-collar,single,secondary,no,-2426,yes,no,cellular,6,2,unknown,0
52,management,married,tertiary,no,3416,no,no,cellular,6,2,unknown,0
30,services,single,secondary,no,3039,yes,no,cellular,2,0,unknown,0
59,unemployed,married,primary,no,92,no,no,telephone,4,0,unknown,0
31,blue-collar,single,secondary,no,-2658,yes,no,telephone,1,1,unknown,0
28,management,single,tertiary,no,2967,yes,no,cellular,6,1,unknown,0
35,technician,married,tertiary,no,4079,yes,yes,cellular,2,1,unknown,1
55,retired,married,unknown,no,6354,yes,no,cellular,6,1,unknown,0
35,technician,single,secondary,no,-1029,no,no,cellular,5,0,unknown,0
47,services,married,secondary,no,-2235,yes,no,telephone,2,0,unknown,1
52,self-employed,married,secondary,no,937,no,no,telephone,4,5,failure,0
78,retired,divorced,secondary,no,3412,no,no,cellular,2,1,unknown,0
55,blue-collar,married,secondary,no,-1104,no,no,cellular,5,7,other,0
35,blue-collar,single,secondary,no,2739,yes,no,cellular,1,4,failure,0
33,admin.,married,secondary,no,3652,yes,no,cellular,2,2,other,0
43,technician,married,tertiary,no,2799,no,no,unknown,6,0,unknown,0
39,technician,married,secondary,no,3232,yes,no,cellular,3,1,unknown,0
30,management,married,tertiary,no,-2510,no,no,cellular,4,0,unknown,0
45,unemployed,single,secondary,no,5070,yes,no,unknown,1,2,unknown,0
30,admin.,single,tertiary,no,21014,yes,no,cellular,1,2,unknown,0
55,retired,divorced,secondary,no,-1767,no,yes,cellular,5,0,failure,0
27,student,married,unknown,no,458,no,no,cellular,1,1,unknown,0
53,admin.,married,secondary,no,499,yes,no,cellular,7,1,unknown,0
36,management,single,tertiary,no,581,no,no,cellular,3,1,other,1
42,blue-collar,single,primary,no,-1879,yes,no,unknown,3,2,unknown,0
43,unemployed,married,primary,no,-2907,no,no,cellular,10,1,unknown,0
47,services,divorced,secondary,no,972,yes,no,unknown,2,1,unknown,0
59,retired,married,secondary,no,-2711,no,no,unknown,1,1,unknown,0
32,blue-collar,married,tertiary,no,109,yes,no,cellular,2,0,unknown,0
41,blue-collar,married,secondary,no,-1656,yes,no,unknown,3,1,unknown,0
55,technician,married,primary,no,-181,yes,no,unknown,4,1,unknown,0
28,services,single,secondary,no,-704,yes,no,cellular,1,2,unknown,0
56,blue-collar,married,primary,no,992,no,no,telephone,1,1,failure,1
57,entrepreneur,divorced,secondary,no,834,yes,no,unknown,2,0,unknown,0
50,blue-collar,married,secondary,no,-2924,yes,no,cellular,5,2,unknown,0
60,entrepreneur,married,tertiary,no,4073,yes,yes,cellular,2,2,unknown,0
23,services,married,secondary,no,-2642,no,no,cellular,4,2,unknown,1
38,technician,single,secondary,no,-3103,yes,no,cellular,6,2,unknown,0
36,services,married,secondary,no,-208,yes,no,unknown,5,0,unknown,0
39,technician,single,tertiary,no,4005,no,no,unknown,4,2,unknown,0
42,self-employed,married,tertiary,no,3183,yes,no,cellular,2,0,unknown,0
40,technician,married,secondary,no,-1810,no,no,cellular,2,2,success,1
79,retired,married,primary,no,642,no,yes,cellular,6,0,unknown,0
44,management,married,tertiary,no,-1079,yes,no,cellular,4,3,other,0
35,services,single,secondary,no,3176,no,no,unknown,3,1,unknown,0
43,blue-collar,married,primary,no,1709,no,no,cellular,4,2,unknown,0
27,blue-collar,single,secondary,no,1349,yes,yes,cellular,3,4,failure,0
37,blue-collar,married,primary,no,10742,yes,yes,unknown,6,1,unknown,0
43,technician,divorced,secondary,no,8982,no,no,cellular,8,2,unknown,0
39,management,married,tertiary,no,3935,no,no,cellular,3,7,success,1
43,management,married,tertiary,no,-2630,yes,no,unknown,1,1,unknown,0
39,unemployed,married,tertiary,no,942,yes,no,unknown,6,1,unknown,0
48,technician,married,secondary,no,-762,no,no,telephone,3,1,unknown,1
39,admin.,married,secondary,no,1742,no,no,cellular,4,1,unknown,0
56,services,married,secondary,no,868,no,no,cellular,3,2,unknown,0
48,technician,married,secondary,no,-2412,no,no,cellular,3,1,unknown,0
35,blue-collar,married,primary,no,1554,yes,no,cellular,2,1,unknown,0
36,management,married,tertiary,no,-537,no,no,cellular,3,0,unknown,0
47,blue-collar,married,secondary,no,-963,yes,no,cellular,4,1,unknown,0
34,blue-collar,married,secondary,no,-673,yes,no,cellular,2,2,unknown,0
29,technician,single,secondary,no,3923,no,no,unknown,3,0,unknown,0
36,management,married,tertiary,no,3283,yes,no,cellular,4,0,unknown,0
57,management,married,tertiary,no,3376,no,yes,cellular,8,1,unknown,0
64,unknown,married,unknown,no,2274,yes,no,cellular,7,1,unknown,0
45,blue-collar,divorced,secondary,no,-2020,yes,no,unknown,5,1,unknown,1
44,blue-collar,single,secondary,no,2680,no,yes,cellular,2,2,unknown,0
41,entrepreneur,married,tertiary,no,-945,yes,yes,cellular,5,2,unknown,0
37,management,single,tertiary,no,-1905,no,no,cellular,3,2,unknown,0
56,technician,married,tertiary,yes,3871,yes,no,cellular,8,2,unknown,0
62,management,married,tertiary,no,1759,no,no,cellular,6,2,failure,0
32,admin.,married,secondary,no,4637,no,no,unknown,4,0,unknown,0
29,blue-collar,single,secondary,no,767,yes,no,cellular,5,1,unknown,0
46,entrepreneur,single,secondary,no,-284,no,yes,unknown,2,1,unknown,0
43,blue-collar,married,secondary,no,3779,yes,yes,cellular,4,7,failure,0
35,management,single,tertiary,no,2439,yes,no,telephone,2,0,unknown,0
37,blue-collar,single,primary,no,-2802,no,no,cellular,4,0,unknown,0
43,self-employed,married,tertiary,no,9214,yes,no,cellular,4,2,unknown,1
37,admin.,married,primary,no,3724,yes,yes,cellular,2,1,unknown,0
27,housemaid,single,primary,no,-1906,yes,no,unknown,5,2,unknown,0
36,management,single,tertiary,no,1129,no,no,cellular,3,1,unknown,0
29,services,married,primary,no,-2164,yes,no,cellular,4,2,unknown,0
41,technician,divorced,secondary,no,-540,yes,no,cellular,3,1,unknown,0
53,self-employed,married,secondary,no,3471,yes,no,telephone,13,4,failure,0
25,blue-collar,single,secondary,no,10866,yes,no,cellular,4,0,unknown,0
36,admin.,divorced,secondary,no,-2102,yes,no,unknown,5,1,unknown,0
36,technician,single,secondary,no,2724,no,yes,cellular,4,1,unknown,0
28,services,married,secondary,no,-1020,yes,yes,cellular,3,1,unknown,0
39,technician,single,secondary,no,958,no,no,cellular,10,1,unknown,0
47,self-employed,married,tertiary,no,-803,no,no,cellular,19,1,unknown,0
40,admin.,married,secondary,no,2665,yes,no,unknown,3,2,unknown,0
29,management,married,tertiary,no,2352,yes,no,cellular,2,1,unknown,0
26,technician,single,tertiary,no,-2961,yes,no,cellular,2,1,unknown,0
30,management,single,tertiary,no,2753,no,no,cellular,2,2,unknown,1
34,technician,married,tertiary,no,1135,no,no,cellular,8,5,failure,0
65,retired,divorced,secondary,no,-1757,no,no,cellular,3,0,failure,0
20,services,married,secondary,no,3687,no,yes,unknown,4,0,unknown,0
33,technician,married,secondary,no,-2652,yes,yes,cellular,4,3,failure,0
31,technician,single,secondary,no,3361,yes,no,telephone,8,19,failure,0
33,management,single,tertiary,no,-1264,no,no,cellular,6,4,success,1
41,admin.,married,secondary,no,1117,no,no,unknown,15,1,unknown,0
52,blue-collar,married,secondary,no,3851,yes,no,cellular,3,2,other,0
57,management,married,tertiary,no,-1294,yes,yes,cellular,5,1,unknown,0
32,technician,married,tertiary,no,2810,yes,no,cellular,6,0,unknown,0
26,unemployed,married,primary,no,4556,yes,yes,telephone,4,1,unknown,0
45,technician,married,secondary,no,-1816,no,no,unknown,2,0,unknown,0
59,technician,married,tertiary,no,-1408,no,no,telephone,2,1,unknown,0
38,blue-collar,married,primary,no,-1538,yes,no,cellular,4,0,unknown,0
52,unemployed,married,secondary,no,-2433,yes,no,telephone,8,1,unknown,0
48,management,divorced,tertiary,no,-1582,yes,no,cellular,1,0,unknown,0
39,management,divorced,tertiary,no,-1279,no,no,unknown,1,1,unknown,0
42,management,married,tertiary,no,-2306,no,no,cellular,6,2,unknown,0
48,blue-collar,married,secondary,no,4129,yes,no,unknown,4,1,unknown,0
55,services,married,secondary,no,2020,yes,no,unknown,1,2,unknown,0
39,admin.,married,secondary,no,867,yes,no,cellular,2,0,unknown,0
35,admin.,married,secondary,no,13,no,no,telephone,3,2,unknown,0
37,blue-collar,single,primary,no,14821,yes,no,cellular,5,1,unknown,0
38,blue-collar,married,unknown,no,-2022,yes,yes,cellular,4,1,failure,0
52,management,married,tertiary,no,-926,no,no,cellular,4,2,unknown,0
28,blue-collar,single,primary,no,1233,yes,no,cellular,4,1,unknown,0
56,housemaid,married,primary,no,-76,no,no,unknown,3,0,unknown,0
43,unemployed,single,secondary,no,1561,no,no,unknown,5,1,unknown,0
30,admin.,married,secondary,no,-1745,no,no,cellular,2,1,unknown,0
29,management,married,tertiary,no,195,no,no,cellular,5,2,unknown,0
30,services,single,secondary,no,-2611,no,no,cellular,5,1,failure,0
40,management,divorced,secondary,no,1514,yes,no,cellular,3,1,unknown,1
49,services,married,secondary,no,8270,yes,no,cellular,4,2,unknown,0
28,management,single,tertiary,no,-1538,yes,no,unknown,2,2,unknown,0
55,retired,divorced,primary,no,3648,no,no,unknown,5,1,unknown,1
35,blue-collar,married,primary,no,3694,no,no,cellular,6,2,unknown,0
39,self-employed,married,tertiary,no,3287,no,yes,cellular,2,0,unknown,1
27,blue-collar,married,secondary,no,2594,yes,no,cellular,2,7,success,1
30,services,single,primary,no,2203,yes,no,unknown,24,6,success,1
34,management,married,tertiary,no,-2604,no,no,cellular,9,0,unknown,0
58,retired,married,secondary,no,-840,no,no,cellular,3,2,unknown,0
37,technician,married,secondary,no,-3058,no,no,unknown,46,1,unknown,0
40,services,single,secondary,no,3244,yes,no,unknown,4,1,unknown,0
45,management,single,tertiary,no,-775,no,no,unknown,1,1,unknown,0
52,blue-collar,married,primary,no,8574,yes,no,unknown,6,1,unknown,0
49,management,married,tertiary,no,4075,no,no,cellular,3,1,unknown,1
31,management,married,tertiary,no,-1430,yes,no,cellular,14,0,unknown,0
52,admin.,married,tertiary,no,-425,yes,no,unknown,2,1,unknown,0
25,student,single,tertiary,no,3301,no,no,cellular,3,1,unknown,0
56,management,married,tertiary,no,1693,no,no,unknown,5,1,unknown,0
63,retired,single,secondary,no,228,no,no,cellular,4,1,unknown,0
44,technician,married,tertiary,no,269,yes,no,cellular,10,0,unknown,0
46,management,married,tertiary,no,791,yes,no,unknown,3,1,unknown,1
33,management,married,tertiary,no,-127,no,no,cellular,2,2,unknown,0
70,retired,married,tertiary,no,-897,no,no,telephone,6,0,failure,0
42,management,married,tertiary,no,2998,no,yes,cellular,10,2,unknown,0
34,services,single,secondary,no,4002,yes,no,cellular,5,0,failure,0
30,blue-collar,single,secondary,no,6625,yes,yes,cellular,5,0,unknown,0
35,management,single,secondary,no,1623,no,yes,cellular,2,1,unknown,0
37,technician,married,secondary,no,1559,yes,no,cellular,9,1,unknown,0
50,unemployed,married,primary,no,-2525,no,no,cellular,2,0,unknown,0
44,blue-collar,single,secondary,no,2419,yes,no,cellular,4,1,unknown,0
45,entrepreneur,single,tertiary,no,157,yes,no,cellular,2,1,unknown,0
41,unknown,married,tertiary,no,2436,no,no,cellular,10,0,unknown,0
44,management,married,tertiary,no,2888,yes,no,cellular,4,2,unknown,0
40,technician,divorced,secondary,no,2668,yes,no,cellular,4,0,unknown,0
61,management,married,tertiary,no,-1206,no,no,cellular,3,9,other,0
36,services,married,secondary,no,-1521,no,no,cellular,1,2,unknown,0
45,blue-collar,married,primary,no,-363,yes,no,unknown,1,2,unknown,0
32,technician,married,secondary,no,-416,no,no,cellular,6,1,unknown,0
39,technician,single,tertiary,no,-60,no,no,cellular,3,2,unknown,0
41,services,married,secondary,no,-1086,yes,no,cellular,3,1,unknown,1
46,blue-collar,married,primary,no,-1755,no,no,cellular,3,0,failure,0
50,technician,divorced,tertiary,no,-28,no,yes,cellular,3,1,unknown,0
41,management,divorced,tertiary,no,3667,no,no,unknown,3,1,unknown,0
27,services,single,secondary,no,790,no,yes,cellular,5,1,unknown,0
58,admin.,divorced,unknown,no,4007,yes,yes,telephone,8,1,unknown,0
56,blue-collar,married,primary,no,914,yes,no,telephone,1,2,unknown,0
33,blue-collar,married,primary,no,-1915,yes,no,cellular,4,1,unknown,0
59,management,married,tertiary,no,1941,no,no,unknown,5,0,unknown,0
32,admin.,single,secondary,no,6966,yes,no,cellular,3,1,unknown,0
27,management,married,tertiary,no,3286,yes,no,unknown,5,1,unknown,0
36,services,single,secondary,no,-1207,no,yes,cellular,1,2,unknown,0
33,blue-collar,divorced,primary,no,3759,yes,no,unknown,5,1,unknown,0
54,retired,married,primary,no,2921,no,no,cellular,7,2,unknown,0
45,management,married,tertiary,no,-599,yes,yes,cellular,11,0,unknown,0
37,management,married,tertiary,no,-809,yes,no,cellular,4,0,failure,0
40,self-employed,divorced,primary,no,-1055,yes,no,cellular,6,1,unknown,0
46,admin.,married,unknown,no,1138,no,no,cellular,4,2,failure,0
46,unemployed,married,tertiary,no,1013,no,no,cellular,6,1,failure,0
45,technician,married,secondary,no,4057,yes,no,cellular,6,1,unknown,0
60,entrepreneur,married,secondary,yes,2,no,no,unknown,2,1,unknown,1
42,unemployed,divorced,secondary,no,-1256,yes,no,cellular,4,2,unknown,0
43,management,married,tertiary,no,943,yes,no,cellular,4,1,unknown,0
54,technician,married,unknown,no,-1548,yes,no,telephone,5,1,unknown,0
24,admin.,single,secondary,no,-485,yes,no,cellular,3,1,unknown,0
35,blue-collar,married,secondary,no,2574,yes,no,cellular,5,6,success,1
42,housemaid,divorced,secondary,no,1235,no,no,cellular,5,1,unknown,0
43,blue-collar,married,primary,no,1418,yes,yes,cellular,4,2,unknown,0
55,blue-collar,married,secondary,no,2736,yes,no,cellular,5,2,success,1
41,management,married,tertiary,no,2764,yes,no,cellular,3,1,unknown,0
57,blue-collar,divorced,secondary,no,1796,yes,no,unknown,2,1,unknown,0
36,blue-collar,married,secondary,no,-2846,yes,yes,cellular,5,1,unknown,0
22,student,single,secondary,no,2964,no,no,unknown,4,2,unknown,0
34,entrepreneur,married,primary,no,-2125,no,yes,cellular,6,2,unknown,0
52,blue-collar,married,secondary,no,1229,yes,no,cellular,11,0,unknown,0
60,blue-collar,married,primary,no,3820,yes,no,cellular,4,1,unknown,0
56,management,divorced,tertiary,no,3311,yes,no,unknown,1,2,unknown,0
50,entrepreneur,married,primary,no,-2409,no,yes,unknown,8,1,unknown,0
30,management,married,secondary,no,9267,no,yes,cellular,4,2,unknown,0
59,management,married,tertiary,no,1184,yes,no,cellular,2,0,unknown,0
37,management,single,tertiary,no,-1808,yes,no,unknown,1,1,unknown,0
73,retired,married,tertiary,no,2724,no,no,cellular,3,2,unknown,0
33,technician,married,secondary,no,3742,yes,no,cellular,2,2,unknown,0
36,management,married,tertiary,no,-3292,yes,yes,cellular,3,1,other,0
31,blue-collar,single,secondary,no,-1950,yes,no,cellular,1,1,failure,0
37,blue-collar,married,primary,no,-968,yes,no,unknown,7,1,unknown,0
37,services,married,secondary,no,8743,yes,yes,cellular,5,2,unknown,0
56,retired,married,tertiary,no,2376,no,no,cellular,4,1,failure,0
66,management,married,tertiary,no,-528,yes,yes,cellular,4,1,unknown,0
27,technician,single,secondary,no,3433,yes,no,cellular,5,2,unknown,0
34,services,married,secondary,no,-2383,yes,no,cellular,5,2,unknown,0
34,technician,married,tertiary,no,18544,yes,no,cellular,1,1,unknown,0
27,services,single,secondary,no,1623,yes,yes,unknown,5,1,unknown,0
28,technician,married,secondary,no,3070,no,no,unknown,2,2,unknown,1
35,management,married,tertiary,no,3099,no,no,cellular,2,2,unknown,0
46,management,married,tertiary,no,11148,no,no,cellular,1,2,unknown,0
26,services,single,secondary,no,849,yes,no,cellular,3,0,failure,0
39,management,married,tertiary,no,3470,no,no,cellular,4,1,unknown,0
49,blue-collar,married,primary,no,-203,yes,yes,unknown,9,2,unknown,0
28,admin.,married,secondary,no,3095,yes,no,cellular,4,1,unknown,1
43,technician,married,secondary,no,4101,no,no,cellular,3,1,unknown,0
28,admin.,married,secondary,no,3227,no,no,cellular,4,0,unknown,1
41,entrepreneur,married,tertiary,no,-168,no,no,cellular,5,2,unknown,0
57,management,divorced,tertiary,no,-2182,no,no,cellular,10,2,unknown,0
50,technician,married,tertiary,no,-896,yes,no,unknown,2,1,unknown,0
34,admin.,single,secondary,no,-53,no,yes,cellular,3,6,other,0
32,blue-collar,single,secondary,no,1537,yes,yes,cellular,2,2,unknown,0
54,blue-collar,married,secondary,no,2704,yes,no,cellular,3,0,unknown,0
43,management,single,tertiary,no,-542,no,yes,unknown,4,1,unknown,0
57,housemaid,married,secondary,no,76,no,no,cellular,2,1,unknown,1
48,admin.,married,secondary,no,-1498,no,no,cellular,4,1,unknown,0
42,management,married,tertiary,no,220,no,no,cellular,3,1,unknown,0
53,retired,married,secondary,no,2175,no,no,cellular,3,0,unknown,0
42,management,divorced,tertiary,no,10321,yes,no,unknown,5,1,unknown,0
40,self-employed,divorced,tertiary,no,1197,no,no,cellular,5,7,other,0
35,technician,single,primary,no,-1311,no,no,unknown,5,2,unknown,0
35,management,married,tertiary,no,-920,yes,no,cellular,4,3,failure,0
38,blue-collar,married,secondary,no,271,yes,no,cellular,3,2,unknown,0
32,services,married,tertiary,no,-680,yes,no,cellular,14,1,unknown,1
46,blue-collar,married,secondary,no,2134,yes,no,unknown,1,2,unknown,0
57,retired,divorced,secondary,no,-108,no,no,unknown,1,2,unknown,0
43,management,married,tertiary,no,2063,no,no,cellular,6,6,other,0
36,blue-collar,married,primary,no,-2836,yes,no,unknown,4,2,unknown,1
33,services,single,secondary,no,2537,yes,no,cellular,3,2,unknown,0
51,admin.,married,secondary,no,-1123,yes,no,cellular,3,1,unknown,0
48,housemaid,married,primary,no,-903,yes,no,telephone,10,1,unknown,0
49,services,married,primary,no,533,no,no,cellular,1,1,unknown,0
48,self-employed,married,tertiary,no,1838,no,no,cellular,1,2,unknown,0
32,services,married,secondary,no,3149,yes,no,unknown,3,0,unknown,1
35,management,married,tertiary,no,499,yes,no,cellular,6,1,unknown,0
52,blue-collar,married,secondary,no,-283,yes,no,cellular,4,1,unknown,0
33,blue-collar,married,primary,no,1689,yes,yes,cellular,2,1,unknown,0
29,services,single,secondary,no,-2011,no,no,unknown,3,1,unknown,1
26,entrepreneur,single,primary,no,3573,yes,no,unknown,3,1,unknown,0
63,management,married,tertiary,no,1838,yes,no,cellular,4,2,unknown,0
37,blue-collar,married,secondary,no,3353,yes,no,cellular,6,2,unknown,0
27,technician,single,secondary,no,-324,yes,no,cellular,3,0,unknown,0
36,housemaid,single,primary,no,-2773,yes,no,unknown,2,1,unknown,0
38,blue-collar,single,secondary,no,-973,no,yes,cellular,3,2,unknown,0
32,blue-collar,married,primary,no,-3257,yes,no,cellular,6,1,unknown,0
30,technician,single,tertiary,no,-256,no,no,cellular,10,2,unknown,0
36,management,divorced,tertiary,no,848,no,no,cellular,46,7,success,1
