age,job,marital,education,default,balance,housing,loan,contact,campaign,previous,poutcome,y
41,technician,married,secondary,no,0,no,yes,cellular,1,0,unknown,0
57,management,married,primary,no,1052,yes,no,unknown,4,0,unknown,0
31,management,married,tertiary,no,1384,yes,no,cellular,2,3,other,0
46,unemployed,divorced,primary,no,23,no,no,cellular,1,0,unknown,0
34,admin.,married,secondary,no,2374,yes,no,cellular,1,2,failure,1
42,technician,divorced,secondary,no,1533,no,yes,cellular,1,0,unknown,0
51,retired,divorced,secondary,no,1679,no,no,cellular,1,9,other,1
43,management,married,tertiary,no,3529,yes,no,cellular,3,0,unknown,0
57,self-employed,married,tertiary,yes,-3313,yes,yes,unknown,1,0,unknown,0
49,services,married,secondary,no,2201,yes,no,unknown,3,0,unknown,0
36,management,single,tertiary,no,3343,no,no,cellular,1,0,unknown,0
30,services,married,secondary,no,227,no,yes,unknown,1,0,unknown,0
42,blue-collar,married,primary,no,2519,yes,no,unknown,4,0,unknown,0
54,retired,married,secondary,no,3671,no,no,unknown,3,0,unknown,0
47,blue-collar,married,secondary,yes,-614,yes,no,unknown,2,0,unknown,0
49,blue-collar,married,tertiary,no,1784,no,no,unknown,1,0,unknown,0
30,technician,married,secondary,no,-393,yes,yes,cellular,1,0,unknown,1
45,blue-collar,married,primary,no,13117,no,no,unknown,2,0,unknown,0
43,blue-collar,married,secondary,no,2160,no,no,cellular,1,1,success,1
55,retired,married,primary,no,4424,no,no,cellular,4,0,unknown,0
42,admin.,divorced,secondary,no,1811,yes,no,unknown,1,0,unknown,0
53,blue-collar,married,secondary,no,25,no,no,cellular,2,0,unknown,1
30,services,married,secondary,no,0,yes,no,unknown,1,0,unknown,0
39,blue-collar,married,primary,no,800,yes,no,cellular,6,0,unknown,0
34,services,married,secondary,no,586,yes,yes,unknown,2,0,unknown,0
61,admin.,married,secondary,no,4608,no,no,cellular,1,0,unknown,1
38,admin.,married,secondary,no,1852,yes,no,cellular,2,0,unknown,0
26,entrepreneur,single,tertiary,no,81,no,no,cellular,3,0,unknown,0
32,admin.,married,secondary,no,923,yes,no,cellular,4,0,unknown,0
57,technician,married,secondary,no,6164,no,no,cellular,2,0,unknown,0
38,blue-collar,married,secondary,no,5092,yes,no,unknown,6,0,unknown,0
33,technician,single,secondary,no,647,yes,yes,cellular,1,1,other,0
46,admin.,single,secondary,no,1790,yes,no,unknown,5,0,unknown,0
26,admin.,single,secondary,no,609,no,no,telephone,1,0,unknown,0
37,technician,single,secondary,no,435,yes,no,unknown,1,0,unknown,0
53,blue-collar,married,primary,no,238,yes,no,cellular,2,5,failure,0
59,self-employed,married,tertiary,no,593,no,no,unknown,2,0,unknown,0
40,self-employed,married,tertiary,no,642,no,no,cellular,3,0,unknown,0
31,management,married,secondary,no,1368,yes,no,cellular,4,0,unknown,0
50,self-employed,married,tertiary,no,202,yes,no,cellular,1,4,failure,0
81,retired,married,secondary,no,1,no,no,cellular,5,0,unknown,0
30,management,single,tertiary,no,4213,no,no,cellular,4,0,unknown,0
36,entrepreneur,married,tertiary,no,6,no,no,telephone,1,0,unknown,0
58,retired,married,secondary,no,764,no,no,cellular,4,0,unknown,0
39,blue-collar,married,unknown,no,157,yes,no,unknown,6,0,unknown,0
33,technician,married,secondary,no,6699,no,no,cellular,1,1,failure,0
55,admin.,married,secondary,no,1102,yes,no,unknown,2,0,unknown,0
32,blue-collar,single,secondary,no,53,yes,no,cellular,1,1,failure,0
57,technician,married,secondary,no,0,no,no,unknown,1,0,unknown,0
24,management,single,tertiary,no,172,no,no,cellular,2,0,unknown,0
36,management,married,tertiary,no,1582,no,no,telephone,2,1,failure,0
50,services,married,primary,no,1260,no,no,cellular,1,0,unknown,0
33,management,married,tertiary,no,296,no,no,cellular,2,0,unknown,0
45,entrepreneur,divorced,tertiary,no,1273,yes,yes,unknown,3,0,unknown,0
53,services,divorced,secondary,no,-905,yes,no,unknown,1,0,unknown,0
46,admin.,single,secondary,no,751,yes,no,unknown,2,0,unknown,0
57,unemployed,married,secondary,no,0,no,no,unknown,1,0,unknown,0
30,technician,single,tertiary,no,2325,no,no,cellular,3,4,other,0
46,admin.,married,secondary,no,3098,yes,no,telephone,9,0,unknown,0
34,management,single,tertiary,no,0,no,no,cellular,2,0,unknown,0
57,retired,married,primary,no,-464,yes,no,cellular,1,6,failure,0
41,technician,married,secondary,no,0,no,yes,cellular,1,0,unknown,0
27,student,single,tertiary,no,118,no,no,cellular,1,0,unknown,0
41,technician,married,tertiary,no,13,no,no,unknown,2,0,unknown,0
32,unemployed,single,tertiary,no,336,yes,no,unknown,1,0,unknown,0
48,management,married,tertiary,yes,-13,yes,no,cellular,6,2,other,0
41,admin.,married,secondary,no,5110,yes,no,cellular,1,0,unknown,0
32,blue-collar,married,secondary,no,1905,yes,no,cellular,2,0,unknown,1
30,services,single,secondary,no,432,yes,no,unknown,3,0,unknown,0
31,admin.,married,secondary,no,0,yes,yes,cellular,3,0,unknown,0
45,management,married,tertiary,no,242,no,no,cellular,1,0,unknown,1
35,technician,single,tertiary,no,3552,no,no,cellular,1,0,unknown,0
51,services,married,secondary,no,867,yes,no,cellular,2,3,failure,0
26,unemployed,single,secondary,no,1064,no,no,unknown,1,0,unknown,0
56,blue-collar,married,secondary,no,2190,no,yes,cellular,2,1,failure,0
42,management,single,tertiary,no,525,no,no,cellular,2,0,unknown,0
42,technician,divorced,secondary,no,-280,yes,no,unknown,1,0,unknown,0
24,technician,single,secondary,no,-46,yes,no,unknown,1,0,unknown,0
52,self-employed,single,tertiary,no,1623,yes,no,unknown,17,0,unknown,0
55,management,married,tertiary,no,540,no,no,cellular,2,0,unknown,0
31,blue-collar,single,primary,no,-280,no,no,unknown,3,0,unknown,0
50,entrepreneur,married,secondary,no,806,yes,yes,cellular,8,2,other,0
28,technician,single,tertiary,no,0,yes,no,unknown,6,0,unknown,0
29,unemployed,single,secondary,no,486,no,no,telephone,1,0,unknown,0
26,management,single,secondary,no,565,yes,no,unknown,11,0,unknown,0
51,blue-collar,divorced,secondary,no,78,yes,no,unknown,2,0,unknown,0
34,blue-collar,married,secondary,no,1897,yes,yes,cellular,1,0,unknown,0
58,blue-collar,divorced,secondary,no,543,no,yes,telephone,3,0,unknown,0
44,management,married,unknown,no,415,yes,no,telephone,7,0,unknown,0
44,self-employed,divorced,secondary,no,80,yes,yes,unknown,2,0,unknown,0
29,services,married,secondary,no,3748,no,no,cellular,3,0,unknown,0
40,management,married,tertiary,no,8902,yes,no,cellular,5,0,unknown,0
44,blue-collar,married,primary,no,420,yes,no,unknown,2,0,unknown,0
30,management,single,tertiary,no,329,yes,no,unknown,16,0,unknown,0
57,retired,married,primary,no,5799,no,no,unknown,1,0,unknown,0
27,housemaid,married,primary,no,0,yes,no,cellular,3,0,unknown,0
48,technician,single,tertiary,no,-551,yes,no,cellular,2,0,unknown,0
45,entrepreneur,married,secondary,no,68,yes,no,unknown,1,0,unknown,0
31,technician,single,tertiary,no,-162,yes,no,cellular,1,0,unknown,0
26,unemployed,single,secondary,no,461,no,no,cellular,1,0,unknown,0
57,retired,married,secondary,no,0,no,yes,unknown,2,0,unknown,0
37,entrepreneur,divorced,tertiary,no,66,no,no,cellular,2,0,unknown,1
44,entrepreneur,married,tertiary,no,3463,yes,yes,cellular,3,0,unknown,0
47,blue-collar,married,secondary,no,3285,no,no,cellular,5,0,unknown,0
80,management,married,primary,no,6483,no,no,telephone,1,0,unknown,0
55,technician,divorced,secondary,no,61,yes,yes,cellular,3,0,unknown,0
35,technician,married,secondary,no,2,no,no,telephone,3,0,unknown,0
40,admin.,divorced,secondary,no,6,no,no,unknown,1,0,unknown,0
35,management,divorced,tertiary,no,473,no,yes,cellular,2,0,unknown,0
38,management,single,tertiary,no,0,yes,no,cellular,2,0,unknown,0
31,services,single,secondary,no,469,no,yes,cellular,1,0,unknown,0
40,management,single,secondary,no,192,yes,no,unknown,11,0,unknown,0
58,blue-collar,married,primary,no,23,yes,no,unknown,6,0,unknown,0
30,self-employed,married,secondary,no,123,no,yes,unknown,1,5,other,0
33,management,single,tertiary,no,3170,no,no,cellular,2,0,unknown,0
44,technician,married,secondary,no,5597,no,no,unknown,3,0,unknown,0
40,management,married,tertiary,no,294,yes,no,cellular,5,0,unknown,0
28,technician,single,tertiary,no,172,yes,yes,cellular,2,0,unknown,0
56,entrepreneur,divorced,primary,no,29,no,no,cellular,2,1,failure,0
38,technician,single,secondary,no,0,yes,no,cellular,2,0,unknown,0
53,retired,married,tertiary,no,-22,yes,no,cellular,3,0,unknown,0
30,self-employed,single,tertiary,no,901,yes,yes,unknown,1,0,unknown,0
32,blue-collar,married,secondary,no,736,yes,no,unknown,3,0,unknown,0
36,technician,married,secondary,no,191,no,no,cellular,1,0,unknown,0
36,services,married,secondary,no,3064,yes,no,telephone,3,4,failure,0
49,blue-collar,single,primary,no,1040,no,no,cellular,2,0,unknown,0
58,blue-collar,married,primary,no,309,no,no,cellular,2,0,unknown,0
55,technician,married,secondary,no,0,yes,no,unknown,2,0,unknown,0
54,services,married,secondary,no,88,yes,no,unknown,1,0,unknown,0
35,technician,married,secondary,no,2,no,no,telephone,3,0,unknown,0
35,technician,divorced,secondary,no,308,no,no,cellular,2,0,unknown,0
33,blue-collar,single,secondary,no,1925,yes,no,cellular,2,0,unknown,0
26,services,single,secondary,no,1700,yes,no,cellular,5,0,unknown,0
26,technician,single,secondary,no,7,yes,no,cellular,2,0,unknown,0
49,management,divorced,tertiary,no,1405,no,no,unknown,1,0,unknown,0
57,retired,married,tertiary,no,0,no,no,cellular,4,0,unknown,0
55,services,divorced,secondary,yes,-404,yes,no,cellular,3,0,unknown,0
49,blue-collar,married,tertiary,no,1784,no,no,unknown,1,0,unknown,0
41,blue-collar,single,unknown,no,4684,no,no,unknown,6,0,unknown,0
41,admin.,married,primary,no,-306,yes,no,unknown,1,0,unknown,1
58,blue-collar,divorced,primary,no,8218,yes,no,cellular,10,0,unknown,0
26,unemployed,single,secondary,no,461,no,no,cellular,1,0,unknown,0
46,services,divorced,secondary,no,5,yes,yes,cellular,2,0,unknown,0
39,services,married,secondary,no,1438,yes,no,unknown,2,0,unknown,0
39,services,married,primary,no,1601,yes,no,unknown,2,0,unknown,0
51,admin.,married,secondary,no,2662,no,no,telephone,2,0,unknown,0
30,services,single,secondary,no,0,yes,no,cellular,6,9,failure,0
50,management,married,secondary,yes,421,no,no,cellular,5,0,unknown,0
50,admin.,married,primary,no,276,no,yes,unknown,6,0,unknown,0
57,retired,married,secondary,no,523,no,yes,cellular,6,0,unknown,0
33,admin.,divorced,secondary,no,818,yes,yes,cellular,3,0,unknown,0
34,blue-collar,single,tertiary,no,1011,yes,no,unknown,1,0,unknown,0
34,blue-collar,married,primary,no,351,no,yes,cellular,11,0,unknown,0
36,management,married,tertiary,no,495,no,no,cellular,3,2,success,1
55,services,divorced,primary,no,653,no,no,unknown,1,0,unknown,0
31,blue-collar,married,secondary,no,1407,yes,no,cellular,3,0,unknown,0
32,admin.,single,secondary,no,620,yes,no,unknown,3,0,unknown,1
36,technician,single,secondary,no,9149,yes,no,cellular,3,0,unknown,0
34,entrepreneur,married,secondary,no,2,yes,yes,cellular,1,6,failure,0
33,management,married,secondary,no,3935,yes,no,cellular,1,2,failure,1
39,technician,single,tertiary,no,-41,no,yes,cellular,15,0,unknown,0
26,admin.,divorced,secondary,yes,-3,yes,no,unknown,5,0,unknown,0
46,blue-collar,married,secondary,no,182,no,no,cellular,1,0,unknown,0
28,management,single,tertiary,no,2380,no,no,cellular,2,0,unknown,0
43,management,married,unknown,no,5172,yes,no,unknown,3,0,unknown,0
46,admin.,single,secondary,no,751,yes,no,unknown,2,0,unknown,0
41,management,married,tertiary,no,2885,no,no,cellular,1,0,unknown,0
38,entrepreneur,divorced,tertiary,no,7929,no,no,cellular,3,0,unknown,0
30,management,single,tertiary,no,4213,no,no,cellular,4,0,unknown,0
35,technician,married,secondary,no,-259,yes,no,cellular,1,2,failure,0
53,technician,married,secondary,no,100,no,no,cellular,4,0,unknown,0
39,services,married,secondary,no,-540,no,no,unknown,1,0,unknown,0
41,admin.,single,secondary,no,1020,yes,no,unknown,1,0,unknown,1
49,technician,married,tertiary,no,3726,no,no,cellular,2,0,unknown,1
40,management,married,tertiary,no,8902,yes,no,cellular,5,0,unknown,0
40,management,single,tertiary,no,1509,no,no,cellular,1,3,failure,0
25,blue-collar,married,primary,yes,-589,yes,no,unknown,1,0,unknown,0
48,unemployed,married,primary,no,5462,no,no,unknown,4,0,unknown,0
48,management,divorced,tertiary,no,541,yes,no,cellular,1,2,other,0
60,retired,married,primary,no,71,no,no,cellular,3,0,unknown,0
42,technician,married,secondary,no,440,yes,no,cellular,5,0,unknown,0
32,technician,married,secondary,no,266,yes,no,cellular,2,0,unknown,0
26,management,married,tertiary,no,265,no,no,cellular,2,0,unknown,0
44,services,married,secondary,no,1989,yes,yes,cellular,2,0,unknown,0
50,blue-collar,married,secondary,no,606,yes,no,unknown,2,0,unknown,0
40,admin.,divorced,secondary,no,6,no,no,unknown,1,0,unknown,0
33,management,single,tertiary,no,1410,yes,no,cellular,1,5,failure,0
51,management,married,tertiary,no,5108,yes,no,cellular,1,8,other,0
34,admin.,single,primary,no,0,yes,yes,cellular,4,0,unknown,0
54,blue-collar,married,secondary,no,1291,yes,no,unknown,1,0,unknown,0
24,technician,married,secondary,no,556,yes,no,cellular,2,0,unknown,1
54,blue-collar,married,secondary,no,-932,yes,no,unknown,1,0,unknown,0
34,blue-collar,married,secondary,no,326,yes,yes,unknown,2,0,unknown,0
39,admin.,single,tertiary,no,2600,yes,no,unknown,1,0,unknown,0
34,admin.,married,tertiary,no,35,yes,no,cellular,1,2,failure,0
49,management,married,secondary,no,362,yes,no,unknown,2,0,unknown,0
34,management,married,tertiary,no,1518,yes,no,cellular,2,0,unknown,0
40,self-employed,single,tertiary,no,2893,no,no,cellular,3,0,unknown,0
31,blue-collar,single,primary,no,-280,no,no,unknown,3,0,unknown,0
51,management,divorced,tertiary,no,0,no,no,cellular,2,0,unknown,0
36,blue-collar,married,primary,no,1177,no,no,cellular,1,4,success,1
61,retired,married,primary,no,1060,yes,no,unknown,1,0,unknown,0
26,technician,married,secondary,no,18,yes,yes,cellular,1,0,unknown,0
30,technician,single,tertiary,no,2325,no,no,cellular,3,4,other,0
56,admin.,married,secondary,no,1504,yes,no,unknown,2,0,unknown,0
31,services,single,secondary,no,469,no,yes,cellular,1,0,unknown,0
28,entrepreneur,married,unknown,no,1034,no,no,cellular,1,0,unknown,0
32,self-employed,married,secondary,no,413,yes,no,cellular,2,0,unknown,0
59,self-employed,married,tertiary,no,3800,no,yes,cellular,1,0,unknown,0
34,unemployed,single,secondary,no,0,no,no,cellular,2,0,unknown,0
25,self-employed,single,tertiary,no,453,yes,no,cellular,1,0,unknown,0
29,management,single,tertiary,no,572,no,no,cellular,1,1,success,1
41,blue-collar,married,primary,no,7735,yes,no,cellular,1,1,failure,0
42,blue-collar,married,secondary,no,3068,yes,yes,cellular,2,0,unknown,0
45,technician,single,secondary,no,410,yes,no,unknown,4,0,unknown,1
48,blue-collar,married,secondary,no,149,yes,no,unknown,1,0,unknown,0
43,management,married,secondary,no,481,yes,no,telephone,1,2,other,0
37,management,married,tertiary,no,3288,no,no,cellular,2,0,unknown,0
36,admin.,single,secondary,no,1927,yes,no,cellular,1,1,other,0
37,blue-collar,married,secondary,no,132,no,no,unknown,2,0,unknown,0
34,technician,married,tertiary,no,1611,yes,no,cellular,2,0,unknown,0
29,management,single,tertiary,no,4210,yes,no,cellular,1,0,unknown,0
29,blue-collar,single,secondary,no,770,yes,no,cellular,1,0,unknown,0
32,technician,single,tertiary,no,13711,yes,no,cellular,1,3,success,0
44,blue-collar,married,secondary,no,508,yes,no,cellular,1,1,failure,0
53,technician,married,secondary,no,206,no,no,cellular,6,0,unknown,0
43,management,married,secondary,no,481,yes,no,telephone,1,2,other,0
36,management,married,secondary,no,1825,yes,no,cellular,1,1,failure,0
52,blue-collar,married,primary,no,36,no,no,cellular,2,0,unknown,0
33,management,single,tertiary,no,23,no,no,cellular,3,0,unknown,0
32,self-employed,married,tertiary,no,3601,no,no,cellular,15,0,unknown,0
43,admin.,married,unknown,no,3485,no,no,unknown,1,0,unknown,0
25,management,single,tertiary,no,553,yes,no,cellular,4,1,failure,0
32,admin.,single,secondary,no,116,no,yes,cellular,2,0,unknown,0
52,management,married,secondary,no,-588,yes,no,cellular,4,0,unknown,0
61,retired,married,secondary,no,313,no,yes,unknown,1,0,unknown,0
54,technician,married,secondary,no,89,yes,no,cellular,3,0,unknown,0
58,services,divorced,secondary,no,462,no,no,cellular,1,1,success,1
45,self-employed,married,secondary,no,3098,yes,no,cellular,2,0,unknown,0
28,management,single,tertiary,no,2380,no,no,cellular,2,0,unknown,0
46,blue-collar,married,primary,no,91,yes,no,cellular,1,2,failure,0
30,management,single,tertiary,no,604,no,yes,cellular,1,0,unknown,0
33,management,married,secondary,no,4040,yes,no,cellular,2,0,unknown,0
54,technician,married,secondary,no,89,yes,no,cellular,3,0,unknown,0
25,student,single,secondary,no,331,no,no,telephone,4,0,unknown,1
34,management,married,tertiary,no,1310,no,no,telephone,3,7,other,0
30,management,married,tertiary,no,562,no,no,cellular,4,0,unknown,0
33,blue-collar,married,primary,no,-195,no,no,unknown,1,0,unknown,0
38,entrepreneur,married,secondary,yes,15,yes,no,cellular,1,0,unknown,0
30,blue-collar,married,secondary,no,-99,yes,no,cellular,5,0,unknown,0
53,blue-collar,married,primary,no,225,no,no,cellular,7,0,unknown,0
30,technician,single,secondary,no,57,no,no,cellular,2,0,unknown,0
51,blue-collar,married,secondary,no,2237,yes,no,unknown,1,0,unknown,0
39,services,divorced,secondary,no,282,yes,no,cellular,1,0,unknown,0
32,technician,single,tertiary,no,705,yes,no,cellular,4,0,unknown,0
60,unemployed,divorced,secondary,no,385,yes,no,cellular,1,0,unknown,0
46,management,divorced,tertiary,no,6269,yes,no,telephone,3,2,failure,0
34,technician,married,secondary,no,-228,yes,no,cellular,3,3,other,0
46,management,divorced,tertiary,no,624,no,no,cellular,2,2,success,1
46,blue-collar,married,primary,no,258,yes,no,unknown,1,0,unknown,0
33,technician,divorced,tertiary,no,39,no,no,cellular,5,0,unknown,0
45,blue-collar,married,secondary,no,4365,no,yes,cellular,2,0,unknown,0
45,technician,married,secondary,no,999,yes,no,cellular,6,2,failure,0
34,student,married,unknown,no,1387,no,no,cellular,1,0,unknown,0
40,admin.,married,secondary,no,1327,yes,yes,unknown,2,0,unknown,0
36,technician,divorced,tertiary,no,1174,yes,no,cellular,2,0,unknown,0
51,self-employed,divorced,primary,no,10924,no,no,cellular,2,0,unknown,0
40,technician,married,tertiary,no,0,no,no,cellular,1,0,unknown,0
27,services,single,secondary,no,-151,no,no,cellular,2,0,unknown,0
29,services,single,secondary,no,0,no,no,cellular,1,0,unknown,0
59,retired,married,secondary,no,1173,no,no,unknown,2,0,unknown,0
35,blue-collar,married,primary,no,793,yes,no,cellular,1,0,unknown,0
25,student,single,tertiary,no,1433,yes,no,cellular,1,0,unknown,0
36,unemployed,single,tertiary,no,9019,yes,no,unknown,3,0,unknown,0
42,admin.,married,secondary,no,214,yes,no,unknown,24,0,unknown,0
48,admin.,married,secondary,no,112,no,no,cellular,5,0,unknown,0
80,retired,married,secondary,no,8304,no,no,telephone,1,11,success,0
33,management,single,tertiary,no,1439,yes,no,cellular,2,0,unknown,0
31,technician,divorced,secondary,no,10787,yes,no,unknown,2,0,unknown,0
49,management,divorced,tertiary,no,1405,no,no,unknown,1,0,unknown,0
50,services,married,primary,no,1260,no,no,cellular,1,0,unknown,0
41,management,married,tertiary,no,176,yes,yes,unknown,1,0,unknown,0
36,blue-collar,married,secondary,no,1554,yes,no,unknown,4,0,unknown,0
35,blue-collar,married,secondary,no,407,yes,no,cellular,6,0,unknown,0
34,technician,married,secondary,no,1464,yes,no,unknown,1,0,unknown,0
32,management,single,tertiary,no,473,yes,no,cellular,2,1,other,0
38,entrepreneur,married,tertiary,no,1514,no,yes,cellular,3,3,failure,0
31,management,married,tertiary,no,2603,yes,no,cellular,4,0,unknown,1
42,technician,divorced,secondary,no,1533,no,yes,cellular,1,0,unknown,0
41,management,divorced,tertiary,no,5037,no,no,cellular,9,5,other,1
37,technician,single,secondary,no,5436,yes,no,cellular,11,1,failure,0
30,admin.,single,secondary,no,-635,no,no,cellular,1,0,unknown,0
37,management,divorced,secondary,no,1287,yes,no,cellular,1,0,unknown,0
55,management,married,tertiary,no,0,yes,no,unknown,2,0,unknown,0
37,unemployed,married,secondary,no,1978,no,no,cellular,1,1,success,1
47,blue-collar,married,secondary,no,1203,yes,no,cellular,2,0,unknown,0
48,technician,married,secondary,no,127,no,yes,cellular,5,0,unknown,0
27,admin.,married,secondary,no,639,no,yes,cellular,3,0,unknown,0
45,blue-collar,married,secondary,no,2926,yes,yes,cellular,3,2,failure,0
83,retired,divorced,primary,no,1097,no,no,telephone,1,0,unknown,1
80,retired,married,secondary,no,8304,no,no,telephone,1,12,failure,1
41,technician,married,secondary,no,0,no,no,cellular,1,0,unknown,0
41,technician,married,secondary,no,288,yes,no,unknown,4,0,unknown,0
43,management,divorced,tertiary,no,99,no,no,cellular,3,0,unknown,0
32,management,single,tertiary,no,2,yes,no,cellular,2,0,unknown,1
46,technician,married,secondary,no,1322,yes,yes,cellular,1,0,unknown,0
49,self-employed,married,secondary,no,2576,yes,no,cellular,6,0,unknown,0
36,unemployed,single,tertiary,no,9019,yes,no,unknown,3,0,unknown,0
38,blue-collar,married,secondary,no,376,yes,no,unknown,1,0,unknown,0
55,housemaid,married,secondary,no,139,no,no,cellular,2,0,unknown,0
31,blue-collar,married,secondary,no,0,no,yes,telephone,2,0,unknown,0
28,management,married,tertiary,no,1480,yes,no,cellular,1,0,unknown,0
25,technician,single,secondary,no,959,no,no,cellular,5,0,unknown,0
48,blue-collar,single,primary,no,316,no,no,unknown,2,0,unknown,0
57,housemaid,married,primary,no,7082,no,no,unknown,3,0,unknown,0
52,entrepreneur,married,secondary,no,0,no,no,cellular,2,0,unknown,0
30,management,single,tertiary,no,-218,yes,no,cellular,15,0,unknown,0
32,admin.,single,secondary,no,620,yes,no,unknown,3,0,unknown,1
53,entrepreneur,married,unknown,no,28,no,no,cellular,2,0,unknown,0
45,technician,married,secondary,no,2571,no,no,unknown,2,0,unknown,0
31,entrepreneur,single,tertiary,no,1957,no,no,cellular,3,0,unknown,0
32,management,single,tertiary,no,3616,no,no,cellular,2,0,unknown,0
36,management,single,tertiary,no,243,yes,no,cellular,2,3,failure,0
35,blue-collar,married,primary,no,422,yes,no,cellular,1,0,unknown,0
41,technician,married,secondary,no,288,yes,no,unknown,4,0,unknown,0
40,blue-collar,married,secondary,no,4795,yes,no,cellular,1,0,unknown,0
72,retired,married,secondary,no,4130,no,no,cellular,1,0,unknown,0
64,retired,married,unknown,no,2923,no,no,cellular,1,0,unknown,0
42,technician,married,secondary,no,2980,no,no,unknown,3,0,unknown,0
52,unknown,married,unknown,no,1317,no,no,unknown,1,0,unknown,0
48,blue-collar,married,secondary,no,0,yes,no,unknown,1,0,unknown,0
25,technician,single,tertiary,no,777,yes,no,unknown,1,0,unknown,0
36,management,single,tertiary,no,3343,no,no,cellular,1,0,unknown,0
32,management,married,tertiary,no,-55,yes,no,cellular,4,0,unknown,0
36,technician,single,secondary,no,0,no,no,cellular,6,0,unknown,0
30,services,married,tertiary,no,1380,yes,no,unknown,2,0,unknown,0
56,entrepreneur,divorced,primary,no,29,no,no,cellular,2,1,failure,0
55,management,married,tertiary,no,236,no,no,cellular,1,0,unknown,0
38,blue-collar,married,secondary,no,526,yes,yes,unknown,2,0,unknown,0
37,self-employed,married,secondary,no,4153,yes,no,cellular,16,0,unknown,0
53,technician,married,secondary,no,65,no,no,cellular,2,0,unknown,0
35,admin.,married,secondary,yes,0,no,yes,unknown,3,0,unknown,0
53,admin.,single,secondary,no,2398,yes,no,cellular,1,2,failure,1
37,admin.,married,secondary,no,121,no,no,cellular,6,0,unknown,0
39,admin.,divorced,secondary,no,2903,yes,yes,telephone,2,0,unknown,0
50,management,single,tertiary,no,567,yes,no,unknown,8,0,unknown,0
56,unemployed,divorced,primary,no,109,no,no,cellular,4,0,unknown,0
56,management,married,secondary,no,238,yes,no,cellular,1,0,unknown,0
30,management,married,tertiary,no,1221,yes,no,telephone,4,0,unknown,1
50,admin.,married,primary,no,276,no,yes,unknown,6,0,unknown,0
48,management,divorced,tertiary,no,1328,yes,no,unknown,1,0,unknown,0
35,management,married,tertiary,no,0,yes,no,cellular,3,0,unknown,0
46,admin.,married,secondary,no,0,yes,yes,cellular,2,2,failure,0
38,admin.,married,primary,no,0,yes,no,unknown,32,0,unknown,0
38,technician,married,tertiary,no,3234,no,no,cellular,2,0,unknown,1
54,self-employed,married,secondary,no,641,yes,no,cellular,1,2,failure,0
41,technician,married,tertiary,no,532,yes,no,cellular,1,0,unknown,0
44,services,single,secondary,no,1378,yes,no,unknown,2,0,unknown,0
50,entrepreneur,married,tertiary,no,52,no,no,cellular,8,0,unknown,0
54,management,divorced,tertiary,no,0,no,yes,cellular,1,0,unknown,0
50,admin.,married,secondary,no,0,no,no,cellular,4,0,unknown,0
50,self-employed,married,tertiary,no,202,yes,no,cellular,1,4,failure,0
29,management,married,tertiary,no,20,yes,no,cellular,1,0,unknown,0
42,blue-collar,single,primary,no,92,no,no,cellular,2,0,unknown,0
30,technician,married,tertiary,no,1570,yes,no,cellular,1,0,unknown,0
56,technician,married,secondary,no,205,no,yes,cellular,2,0,unknown,0
32,management,single,tertiary,no,697,no,no,cellular,1,3,failure,0
42,technician,married,secondary,no,2,no,no,unknown,2,0,unknown,0
35,blue-collar,married,primary,no,46,no,no,cellular,3,0,unknown,0
44,self-employed,married,secondary,no,313,no,no,cellular,4,0,unknown,0
37,admin.,married,tertiary,no,0,yes,no,cellular,2,1,failure,0
36,blue-collar,married,secondary,no,199,yes,no,cellular,1,0,unknown,0
49,unemployed,married,tertiary,no,377,no,no,cellular,1,2,failure,0
48,management,married,tertiary,no,586,yes,yes,cellular,2,0,unknown,0
60,technician,married,primary,no,65,yes,no,unknown,2,0,unknown,1
49,technician,married,secondary,no,12531,no,no,cellular,8,0,unknown,0
35,technician,divorced,secondary,no,0,no,no,cellular,4,0,unknown,0
27,services,single,secondary,no,266,no,yes,cellular,1,0,unknown,0
44,management,divorced,tertiary,no,0,no,no,cellular,1,0,unknown,0
37,admin.,married,secondary,no,-107,yes,no,unknown,2,0,unknown,0
37,blue-collar,married,unknown,no,897,yes,no,cellular,2,2,failure,0
31,technician,married,secondary,no,0,no,yes,cellular,4,0,unknown,0
44,technician,single,secondary,no,7138,no,no,cellular,2,0,unknown,1
67,retired,married,tertiary,no,701,no,no,cellular,2,0,unknown,1
33,services,divorced,secondary,no,991,yes,no,unknown,1,0,unknown,0
43,admin.,divorced,secondary,no,738,yes,no,cellular,4,4,failure,0
57,retired,married,tertiary,no,0,yes,yes,unknown,1,0,unknown,1
37,blue-collar,married,secondary,no,-67,no,no,cellular,1,0,unknown,0
57,management,married,tertiary,no,3431,yes,no,unknown,1,0,unknown,0
37,admin.,married,tertiary,no,0,yes,no,cellular,1,0,unknown,0
55,admin.,married,secondary,no,865,yes,no,cellular,1,1,failure,0
34,management,single,secondary,no,0,no,no,cellular,4,0,unknown,0
33,admin.,divorced,secondary,no,818,yes,yes,cellular,3,0,unknown,0
40,self-employed,divorced,secondary,no,1876,no,yes,unknown,1,0,unknown,0
38,technician,married,secondary,no,6728,no,no,cellular,1,4,success,1
56,unemployed,divorced,primary,no,1770,no,no,cellular,3,0,unknown,0
51,management,married,unknown,no,712,no,no,cellular,2,0,unknown,0
34,services,married,secondary,no,1337,no,no,cellular,2,3,success,1
45,admin.,married,secondary,no,644,no,yes,telephone,1,0,unknown,0
41,entrepreneur,divorced,secondary,no,1588,yes,yes,unknown,8,0,unknown,0
52,management,divorced,tertiary,no,907,yes,no,unknown,2,0,unknown,0
52,management,married,secondary,no,-588,yes,no,cellular,4,0,unknown,0
40,management,married,tertiary,no,542,yes,no,cellular,1,0,unknown,0
49,admin.,married,secondary,no,381,no,no,cellular,2,0,unknown,0
46,admin.,married,primary,no,276,yes,yes,unknown,2,0,unknown,0
52,unemployed,married,primary,no,255,no,yes,cellular,3,0,unknown,0
29,technician,single,tertiary,no,406,yes,no,cellular,1,0,unknown,0
31,blue-collar,married,primary,no,2,yes,yes,cellular,1,0,unknown,0
47,technician,married,secondary,no,1219,no,no,cellular,4,0,unknown,1
49,admin.,single,secondary,no,981,yes,no,telephone,3,0,unknown,0
40,self-employed,married,primary,no,2077,yes,no,cellular,1,24,other,0
30,blue-collar,single,secondary,yes,4,yes,no,unknown,3,0,unknown,0
30,management,single,tertiary,no,1372,no,no,cellular,2,0,unknown,0
34,management,single,tertiary,no,5086,no,no,cellular,4,0,unknown,1
48,blue-collar,single,secondary,no,-552,no,yes,cellular,2,0,unknown,0
48,blue-collar,married,secondary,no,149,yes,no,unknown,1,0,unknown,0
34,management,married,tertiary,no,1906,yes,no,cellular,3,0,unknown,0
31,blue-collar,married,secondary,no,-498,yes,no,cellular,1,0,unknown,0
47,blue-collar,married,primary,no,233,no,no,cellular,3,0,unknown,0
33,technician,divorced,secondary,yes,-305,no,yes,unknown,1,0,unknown,0
60,unemployed,divorced,secondary,no,385,yes,no,cellular,1,0,unknown,0
60,retired,married,primary,no,5,no,no,cellular,2,0,unknown,0
36,unemployed,single,tertiary,no,9019,yes,no,unknown,3,0,unknown,0
51,self-employed,married,secondary,yes,34,no,yes,cellular,1,0,unknown,0
45,blue-collar,married,secondary,no,784,yes,yes,unknown,1,0,unknown,0
59,self-employed,married,tertiary,no,3800,no,yes,cellular,1,0,unknown,0
30,technician,married,tertiary,no,101,yes,yes,cellular,3,0,unknown,0
34,admin.,married,tertiary,no,899,yes,no,telephone,3,4,success,0
31,blue-collar,married,secondary,no,-45,yes,no,unknown,1,0,unknown,0
34,management,married,tertiary,no,415,no,yes,cellular,2,0,unknown,0
34,management,married,tertiary,no,4170,yes,no,unknown,1,0,unknown,0
58,admin.,married,secondary,no,2,yes,yes,telephone,9,0,unknown,0
38,blue-collar,married,secondary,no,284,yes,yes,unknown,6,0,unknown,0
34,technician,single,tertiary,no,9851,yes,no,cellular,5,0,unknown,0
49,services,married,tertiary,no,306,yes,no,cellular,7,0,unknown,0
73,retired,married,primary,no,279,no,no,cellular,3,0,unknown,1
41,technician,married,secondary,no,64,yes,yes,unknown,2,0,unknown,0
34,technician,married,secondary,no,1,yes,no,cellular,1,0,unknown,0
33,services,married,primary,no,0,yes,no,cellular,2,0,unknown,0
42,blue-collar,married,secondary,no,5639,yes,no,cellular,2,0,unknown,0
32,management,married,tertiary,no,-55,yes,no,cellular,4,0,unknown,0
22,admin.,single,secondary,no,4111,no,yes,cellular,1,0,unknown,0
70,retired,married,secondary,no,616,no,no,cellular,2,1,failure,0
32,technician,single,secondary,no,-28,no,yes,unknown,1,0,unknown,0
44,blue-collar,married,secondary,no,-182,yes,yes,cellular,10,0,unknown,0
26,management,single,secondary,no,565,yes,no,unknown,11,0,unknown,0
30,blue-collar,single,secondary,no,2145,yes,no,cellular,2,0,unknown,1
34,technician,single,secondary,no,201,no,no,cellular,2,0,unknown,0
50,management,divorced,tertiary,no,356,no,no,cellular,2,5,other,0
32,management,married,tertiary,no,62,yes,no,cellular,1,0,unknown,0
57,management,married,tertiary,no,1602,no,no,cellular,3,0,unknown,0
44,technician,married,secondary,no,10888,yes,no,cellular,1,0,unknown,0
27,technician,single,secondary,no,235,yes,no,cellular,5,0,unknown,0
44,entrepreneur,married,tertiary,no,0,yes,no,unknown,1,0,unknown,0
37,technician,single,secondary,no,-242,yes,no,cellular,6,0,unknown,1
30,admin.,single,secondary,no,3809,yes,no,unknown,4,0,unknown,0
32,technician,divorced,secondary,no,202,yes,no,cellular,1,1,failure,0
37,blue-collar,married,secondary,no,67,no,no,unknown,2,0,unknown,0
36,blue-collar,married,secondary,no,2357,yes,no,unknown,2,0,unknown,0
22,technician,single,secondary,no,333,no,yes,telephone,1,0,unknown,0
43,blue-collar,married,secondary,no,2160,no,no,cellular,1,1,success,1
52,blue-collar,married,secondary,no,-98,yes,no,unknown,1,0,unknown,0
37,management,married,tertiary,no,3288,no,no,cellular,2,0,unknown,0
83,retired,divorced,primary,no,0,no,no,telephone,1,3,success,0
35,self-employed,married,tertiary,no,560,yes,no,cellular,1,1,failure,0
40,management,single,unknown,no,838,yes,no,unknown,3,0,unknown,0
79,retired,married,secondary,no,4738,no,no,telephone,5,0,unknown,0
41,technician,married,secondary,no,288,yes,no,unknown,4,0,unknown,0
37,entrepreneur,divorced,tertiary,no,66,no,no,cellular,2,0,unknown,1
47,self-employed,married,tertiary,no,2303,yes,no,cellular,2,1,failure,0
42,blue-collar,married,primary,no,2519,yes,no,unknown,4,0,unknown,0
50,entrepreneur,married,secondary,no,665,no,no,telephone,1,0,unknown,0
28,blue-collar,single,primary,no,1199,yes,no,cellular,20,0,unknown,0
37,management,married,tertiary,no,1315,no,no,cellular,1,0,unknown,1
45,technician,married,unknown,no,473,yes,no,unknown,1,0,unknown,0
31,blue-collar,married,primary,no,2,yes,yes,cellular,1,0,unknown,0
41,technician,married,secondary,no,64,yes,yes,unknown,2,0,unknown,0
47,management,divorced,tertiary,no,1149,no,yes,cellular,2,0,unknown,0
60,blue-collar,married,primary,no,493,no,no,cellular,4,0,unknown,1
55,retired,married,secondary,no,2749,yes,yes,unknown,2,0,unknown,0
33,blue-collar,married,secondary,no,86,yes,no,unknown,1,0,unknown,0
45,unemployed,divorced,primary,no,757,no,no,cellular,1,4,failure,0
27,self-employed,single,secondary,no,49,yes,no,cellular,2,0,unknown,0
50,technician,divorced,secondary,no,-701,yes,yes,cellular,1,0,unknown,0
58,retired,divorced,primary,no,2538,yes,no,cellular,6,0,unknown,0
54,management,married,primary,no,3859,no,yes,cellular,3,0,unknown,0
43,technician,divorced,secondary,no,167,no,no,cellular,3,0,unknown,0
39,technician,married,secondary,no,116,no,no,cellular,2,2,success,0
58,management,married,secondary,no,407,yes,no,cellular,2,0,unknown,0
39,blue-collar,married,primary,no,111,no,no,cellular,2,0,unknown,0
46,blue-collar,divorced,primary,no,216,no,no,cellular,1,0,unknown,0
39,management,single,tertiary,no,816,yes,no,cellular,3,0,unknown,0
31,technician,married,secondary,no,660,no,no,cellular,1,0,unknown,0
44,entrepreneur,married,secondary,no,93,no,no,cellular,2,0,unknown,0
57,retired,married,tertiary,no,0,yes,yes,unknown,1,0,unknown,1
59,blue-collar,married,primary,no,699,no,no,cellular,1,6,failure,0
59,housemaid,married,secondary,no,345,no,no,unknown,1,0,unknown,0
21,student,single,secondary,no,681,no,no,unknown,1,0,unknown,0
51,blue-collar,divorced,secondary,no,78,yes,no,unknown,2,0,unknown,0
31,management,married,tertiary,no,623,yes,no,cellular,2,5,failure,0
55,blue-collar,married,primary,no,145,no,no,telephone,3,2,other,0
34,blue-collar,single,secondary,no,-72,yes,no,cellular,5,0,unknown,0
32,self-employed,married,tertiary,no,3601,no,no,cellular,15,0,unknown,0
33,management,single,secondary,no,1558,yes,no,cellular,1,0,unknown,0
39,services,married,primary,no,1601,yes,no,unknown,2,0,unknown,0
38,management,single,tertiary,no,35,yes,no,cellular,1,3,failure,0
47,technician,married,secondary,no,1990,yes,yes,cellular,4,0,unknown,0
38,entrepreneur,married,tertiary,no,0,yes,no,cellular,3,0,unknown,0
53,blue-collar,married,primary,no,4143,no,no,cellular,3,0,unknown,0
59,blue-collar,married,secondary,no,681,yes,no,telephone,2,0,unknown,0
42,housemaid,married,primary,no,14752,no,no,unknown,2,0,unknown,0
30,technician,single,tertiary,no,2325,no,no,cellular,3,4,other,0
30,self-employed,single,tertiary,no,901,yes,yes,unknown,1,0,unknown,0
34,self-employed,single,tertiary,no,5462,no,no,cellular,1,0,unknown,1
26,blue-collar,married,primary,no,5116,yes,no,cellular,3,0,unknown,0
39,management,married,tertiary,no,0,yes,no,unknown,2,0,unknown,0
26,blue-collar,single,secondary,no,592,yes,yes,unknown,1,0,unknown,0
61,retired,married,secondary,no,76,yes,no,cellular,7,0,unknown,0
26,student,single,secondary,no,-147,no,no,unknown,2,0,unknown,0
47,technician,married,secondary,no,599,yes,no,cellular,3,0,unknown,0
71,unknown,married,tertiary,no,353,no,no,cellular,1,2,failure,0
38,unemployed,single,tertiary,no,0,no,no,cellular,2,0,unknown,0
30,technician,married,secondary,no,-393,yes,yes,cellular,1,0,unknown,1
37,services,single,secondary,no,608,no,no,cellular,3,0,unknown,0
38,management,divorced,tertiary,no,4425,yes,no,unknown,1,0,unknown,0
31,technician,single,secondary,no,691,yes,no,cellular,1,0,unknown,0
50,unemployed,divorced,secondary,no,32,no,no,cellular,2,0,unknown,0
46,management,divorced,tertiary,no,134,no,no,cellular,2,0,unknown,0
28,self-employed,single,tertiary,no,442,no,no,cellular,3,3,other,1
40,self-employed,married,primary,no,2077,yes,no,cellular,1,24,other,0
60,management,married,tertiary,no,3387,no,no,cellular,2,0,unknown,0
35,blue-collar,divorced,secondary,no,275,no,yes,cellular,5,0,unknown,0
50,self-employed,married,secondary,no,1138,no,no,cellular,10,0,unknown,0
44,services,married,secondary,no,5780,yes,no,cellular,2,0,unknown,0
36,technician,married,tertiary,no,60,no,no,cellular,2,0,unknown,0
35,housemaid,married,tertiary,no,20,yes,yes,cellular,3,0,unknown,0
40,technician,single,secondary,no,591,no,yes,cellular,6,0,unknown,0
42,management,married,secondary,no,2416,yes,no,unknown,4,0,unknown,0
41,management,married,tertiary,no,51,no,no,cellular,8,0,unknown,0
38,management,married,tertiary,no,0,yes,no,cellular,5,2,failure,0
49,technician,divorced,secondary,no,265,yes,no,unknown,6,0,unknown,0
39,blue-collar,married,secondary,no,1439,yes,no,telephone,6,0,unknown,0
44,management,married,secondary,no,2984,yes,no,unknown,2,0,unknown,0
39,admin.,single,secondary,no,1242,yes,no,unknown,3,0,unknown,0
37,unemployed,married,secondary,no,1978,no,no,cellular,1,1,success,1
35,admin.,divorced,secondary,no,3636,no,yes,cellular,2,0,unknown,1
32,blue-collar,married,secondary,no,119,no,no,cellular,5,0,unknown,0
38,blue-collar,married,secondary,no,1205,yes,no,cellular,4,1,failure,0
31,technician,single,secondary,no,628,yes,no,unknown,2,0,unknown,0
70,retired,divorced,primary,no,4531,no,no,cellular,1,0,unknown,0
34,self-employed,married,secondary,no,-370,yes,no,unknown,1,0,unknown,0
51,admin.,married,secondary,no,1415,yes,no,unknown,3,0,unknown,0
42,technician,married,secondary,no,2,no,no,unknown,2,0,unknown,0
52,services,married,secondary,no,108,yes,no,unknown,12,0,unknown,0
31,management,married,secondary,no,466,yes,no,cellular,1,0,unknown,0
56,services,married,secondary,no,83,no,no,cellular,11,0,unknown,0
33,admin.,married,tertiary,no,79,yes,no,cellular,2,2,failure,1
44,blue-collar,married,secondary,no,508,yes,no,cellular,1,1,failure,0
74,retired,divorced,secondary,no,4079,no,no,cellular,3,0,unknown,1
41,technician,single,secondary,no,618,no,no,cellular,1,0,unknown,0
46,blue-collar,married,primary,no,143,yes,no,unknown,1,0,unknown,0
35,entrepreneur,married,tertiary,no,0,no,no,cellular,1,4,failure,0
38,unemployed,married,tertiary,no,1449,no,no,unknown,6,0,unknown,0
27,blue-collar,single,secondary,no,3792,no,no,cellular,2,0,unknown,1
29,technician,single,secondary,no,778,yes,no,unknown,2,0,unknown,0
47,entrepreneur,married,primary,no,668,no,no,cellular,1,0,unknown,0
55,management,married,primary,no,2587,no,no,cellular,2,2,success,1
30,admin.,single,secondary,no,81,yes,no,cellular,6,3,other,0
36,services,married,secondary,no,895,yes,yes,unknown,1,0,unknown,0
59,retired,married,primary,no,1427,no,no,unknown,2,0,unknown,0
39,blue-collar,married,primary,no,7685,yes,no,cellular,3,0,unknown,0
37,admin.,married,tertiary,no,3913,yes,no,cellular,1,0,unknown,1
31,blue-collar,married,secondary,no,401,no,no,cellular,3,0,unknown,0
54,blue-collar,married,secondary,no,-932,yes,no,unknown,1,0,unknown,0
44,housemaid,married,primary,no,3706,no,no,unknown,3,0,unknown,0
47,management,married,unknown,no,150,no,no,unknown,1,0,unknown,0
33,blue-collar,divorced,primary,no,636,yes,no,cellular,11,0,unknown,0
33,admin.,married,secondary,no,95,yes,no,cellular,1,0,unknown,1
29,self-employed,married,tertiary,no,1,no,no,cellular,3,0,unknown,0
55,admin.,married,secondary,no,1102,yes,no,unknown,2,0,unknown,0
45,blue-collar,married,secondary,no,784,yes,yes,unknown,1,0,unknown,0
52,admin.,married,secondary,no,0,no,no,cellular,2,1,failure,0
38,services,single,secondary,no,2253,yes,no,cellular,3,0,unknown,1
43,management,married,tertiary,no,348,no,yes,cellular,3,0,unknown,0
38,admin.,single,secondary,no,902,yes,no,telephone,13,0,unknown,0
41,services,divorced,secondary,no,654,yes,no,cellular,2,0,unknown,0
32,self-employed,married,secondary,no,-33,yes,no,unknown,3,0,unknown,0
55,blue-collar,married,secondary,no,383,no,no,unknown,1,0,unknown,0
34,management,married,tertiary,no,415,no,yes,cellular,2,0,unknown,0
39,management,married,tertiary,no,0,yes,no,unknown,2,0,unknown,0
32,blue-collar,married,secondary,no,14,yes,no,unknown,1,0,unknown,0
58,retired,married,secondary,no,425,yes,yes,cellular,1,0,unknown,0
59,retired,divorced,secondary,no,1026,no,no,unknown,1,0,unknown,1
62,management,married,tertiary,no,1859,no,no,telephone,3,0,unknown,1
56,management,divorced,tertiary,no,1016,yes,no,unknown,5,0,unknown,0
35,student,single,unknown,no,0,no,no,telephone,3,0,unknown,0
27,services,single,secondary,no,0,yes,no,unknown,7,0,unknown,0
34,student,married,unknown,no,1387,no,no,cellular,1,0,unknown,0
39,blue-collar,married,primary,no,52,no,no,cellular,1,0,unknown,0
46,admin.,single,secondary,no,1790,yes,no,unknown,5,0,unknown,0
45,admin.,married,unknown,no,1783,no,no,unknown,11,0,unknown,0
32,management,married,tertiary,no,62,yes,no,cellular,1,0,unknown,0
55,retired,married,secondary,no,168,no,no,cellular,2,0,unknown,0
56,management,married,tertiary,no,3172,yes,no,cellular,1,0,unknown,0
35,technician,married,secondary,no,327,yes,no,cellular,3,0,unknown,0
27,entrepreneur,single,secondary,no,376,yes,yes,cellular,1,0,unknown,0
29,technician,single,tertiary,no,218,yes,no,cellular,1,0,unknown,0
52,unknown,married,primary,no,247,no,no,cellular,6,0,unknown,0
35,services,married,secondary,no,181,yes,no,cellular,3,0,unknown,0
40,management,married,tertiary,no,-17,yes,yes,cellular,1,1,success,1
39,technician,married,secondary,no,1048,no,yes,cellular,1,0,unknown,0
27,student,single,tertiary,no,5291,no,no,cellular,2,2,failure,1
42,blue-collar,divorced,unknown,no,0,no,no,cellular,2,0,unknown,0
30,blue-collar,married,primary,no,-518,yes,yes,unknown,6,0,unknown,0
53,technician,married,tertiary,no,431,yes,no,unknown,1,0,unknown,0
47,blue-collar,married,secondary,no,3285,no,no,cellular,5,0,unknown,0
32,unemployed,divorced,primary,no,0,no,no,cellular,4,0,unknown,0
32,technician,married,secondary,no,687,no,no,cellular,4,0,unknown,0
42,unemployed,married,secondary,no,1289,no,no,cellular,4,2,failure,1
80,management,married,primary,no,6483,no,no,telephone,1,0,unknown,0
25,technician,single,secondary,no,-80,yes,yes,unknown,1,0,unknown,0
51,technician,divorced,tertiary,no,0,no,no,cellular,7,0,unknown,0
25,student,single,secondary,no,1116,yes,no,cellular,3,0,unknown,0
27,admin.,single,tertiary,no,3672,yes,no,cellular,2,5,failure,0
47,housemaid,single,tertiary,no,3727,no,no,unknown,6,0,unknown,1
60,unknown,married,unknown,no,7337,no,no,cellular,1,0,unknown,0
38,technician,single,tertiary,no,0,no,no,cellular,2,0,unknown,0
34,technician,married,tertiary,no,1611,yes,no,cellular,2,0,unknown,0
47,self-employed,married,unknown,no,14,yes,no,cellular,1,0,unknown,0
38,management,married,tertiary,no,76,yes,no,cellular,3,0,unknown,0
49,management,single,primary,no,548,no,no,telephone,6,0,unknown,0
35,management,single,tertiary,no,2975,no,no,cellular,2,0,unknown,0
37,technician,single,secondary,no,-242,yes,no,cellular,6,0,unknown,1
44,self-employed,single,tertiary,no,2734,yes,no,cellular,4,0,unknown,1
59,blue-collar,married,primary,no,699,no,no,cellular,1,6,failure,0
30,management,single,tertiary,no,604,no,yes,cellular,1,0,unknown,0
60,management,divorced,tertiary,no,366,no,no,cellular,1,0,unknown,1
27,technician,single,secondary,no,842,no,no,cellular,1,1,other,0
25,student,single,secondary,no,304,no,no,cellular,2,0,unknown,1
57,management,married,tertiary,no,320,no,no,cellular,2,0,unknown,0
36,management,married,tertiary,no,1582,no,no,telephone,2,1,failure,0
37,blue-collar,married,primary,no,704,no,no,unknown,7,0,unknown,0
37,management,single,unknown,no,504,yes,no,cellular,1,0,unknown,0
42,technician,divorced,secondary,no,0,yes,no,unknown,6,0,unknown,0
38,services,single,secondary,no,-196,yes,no,cellular,1,1,failure,0
45,blue-collar,married,primary,no,13117,no,no,unknown,2,0,unknown,0
53,management,married,tertiary,no,37,no,no,cellular,9,0,unknown,0
48,technician,married,secondary,no,568,yes,no,cellular,2,1,success,1
33,housemaid,married,primary,no,212,yes,no,cellular,2,0,unknown,0
46,self-employed,married,secondary,no,390,yes,no,cellular,2,0,unknown,0
51,admin.,married,secondary,no,1415,yes,no,unknown,3,0,unknown,0
36,management,married,tertiary,no,-381,yes,no,cellular,29,0,unknown,0
44,unknown,married,secondary,no,2319,no,no,cellular,3,0,unknown,0
47,technician,married,primary,no,187,yes,no,unknown,1,0,unknown,0
33,blue-collar,married,secondary,no,26,yes,no,cellular,3,1,other,0
38,management,married,tertiary,no,12877,no,no,unknown,3,0,unknown,0
35,admin.,married,tertiary,no,0,yes,no,cellular,7,0,unknown,0
25,admin.,single,tertiary,no,1420,no,no,cellular,2,0,unknown,0
31,technician,single,secondary,yes,25,no,no,cellular,1,0,unknown,0
33,blue-collar,single,secondary,no,-416,yes,no,unknown,2,0,unknown,1
36,management,married,secondary,no,80,yes,no,unknown,3,0,unknown,0
39,management,married,tertiary,no,894,yes,no,cellular,1,1,other,0
41,blue-collar,married,secondary,no,343,yes,no,unknown,7,0,unknown,0
41,management,married,primary,no,5310,yes,no,cellular,1,0,unknown,1
60,admin.,married,secondary,no,2552,no,yes,cellular,2,4,other,0
47,entrepreneur,married,tertiary,no,459,yes,no,cellular,4,0,unknown,0
28,student,single,secondary,no,378,yes,no,cellular,1,0,unknown,0
31,services,single,secondary,no,469,no,yes,cellular,1,0,unknown,0
52,management,married,secondary,no,428,yes,no,unknown,1,0,unknown,0
27,services,single,secondary,no,0,yes,no,unknown,7,0,unknown,0
26,services,single,secondary,no,127,yes,yes,cellular,3,0,unknown,0
43,admin.,married,secondary,no,0,yes,no,cellular,3,0,unknown,0
59,housemaid,married,tertiary,no,0,no,yes,cellular,2,0,unknown,0
31,services,married,tertiary,no,309,yes,yes,unknown,1,0,unknown,0
26,services,single,secondary,no,1700,yes,no,cellular,5,0,unknown,0
33,technician,divorced,secondary,yes,10,yes,yes,cellular,5,0,unknown,0
41,blue-collar,married,secondary,no,780,yes,no,cellular,3,0,unknown,0
58,blue-collar,married,primary,no,781,yes,no,cellular,2,0,unknown,0
40,management,married,tertiary,no,294,yes,no,cellular,5,0,unknown,0
31,technician,single,tertiary,no,1214,no,no,cellular,1,0,unknown,0
55,management,married,tertiary,no,6880,no,no,cellular,2,0,unknown,0
35,management,single,secondary,no,81,yes,no,cellular,1,0,unknown,0
36,management,single,secondary,no,0,no,no,cellular,5,0,unknown,0
27,services,single,secondary,no,266,no,yes,cellular,1,0,unknown,0
57,retired,married,secondary,no,1044,no,no,telephone,1,2,success,1
53,services,married,secondary,no,4994,no,no,cellular,6,0,unknown,0
43,blue-collar,married,primary,no,188,yes,no,cellular,3,5,failure,0
32,blue-collar,married,secondary,no,101,yes,no,unknown,4,0,unknown,0
42,blue-collar,married,secondary,no,2157,yes,no,cellular,1,2,failure,0
48,management,married,primary,no,2537,no,no,cellular,6,0,unknown,0
36,management,married,tertiary,no,428,no,no,unknown,1,0,unknown,0
57,technician,married,secondary,no,1469,yes,no,cellular,1,0,unknown,0
34,unemployed,single,secondary,no,0,no,no,cellular,2,0,unknown,0
33,management,single,secondary,no,1558,yes,no,cellular,1,0,unknown,0
35,admin.,married,secondary,no,725,yes,no,cellular,7,1,failure,0
32,technician,married,secondary,no,485,no,no,cellular,14,0,unknown,0
27,unemployed,single,tertiary,no,1,no,no,cellular,2,0,unknown,0
52,management,married,tertiary,no,3163,no,no,cellular,6,0,unknown,0
36,blue-collar,married,secondary,no,141,yes,no,unknown,3,0,unknown,0
38,admin.,married,primary,no,3913,yes,no,cellular,2,2,failure,0
50,management,married,tertiary,no,-470,yes,no,cellular,2,1,failure,0
40,services,married,tertiary,no,35,no,no,cellular,4,3,failure,0
37,services,single,secondary,no,608,no,no,cellular,3,0,unknown,0
33,management,single,tertiary,no,1909,no,no,cellular,2,0,unknown,0
32,blue-collar,single,secondary,no,1143,yes,yes,cellular,1,0,unknown,0
36,blue-collar,married,secondary,no,-231,no,yes,cellular,2,0,unknown,0
39,admin.,single,secondary,no,1242,yes,no,unknown,3,0,unknown,0
39,technician,married,tertiary,no,794,no,no,telephone,1,0,unknown,0
34,technician,single,secondary,no,0,yes,yes,unknown,1,0,unknown,0
61,housemaid,married,primary,no,848,no,no,cellular,1,1,other,0
45,management,married,tertiary,no,1929,yes,no,unknown,15,0,unknown,0
43,management,divorced,tertiary,no,38,yes,no,cellular,6,0,unknown,0
38,admin.,divorced,tertiary,no,86,yes,no,unknown,1,0,unknown,0
31,technician,single,secondary,no,35,no,yes,cellular,1,0,unknown,0
31,blue-collar,married,primary,no,620,no,no,cellular,1,0,unknown,0
33,blue-collar,divorced,primary,no,142,yes,no,telephone,2,5,failure,0
34,self-employed,married,tertiary,no,263,no,no,cellular,1,8,other,0
54,services,married,secondary,no,88,yes,no,unknown,1,0,unknown,0
28,services,single,secondary,no,290,yes,no,cellular,1,0,unknown,0
45,blue-collar,married,secondary,no,4365,no,yes,cellular,2,0,unknown,0
33,technician,divorced,secondary,yes,-305,no,yes,unknown,1,0,unknown,0
32,technician,married,secondary,no,5122,no,no,cellular,1,0,unknown,0
36,blue-collar,single,primary,no,1313,yes,no,unknown,10,0,unknown,0
35,blue-collar,married,primary,no,-12,yes,no,unknown,5,0,unknown,0
33,technician,divorced,tertiary,no,-386,yes,no,unknown,1,0,unknown,0
49,blue-collar,married,secondary,no,2039,yes,no,cellular,1,2,failure,1
23,admin.,single,secondary,no,589,yes,no,cellular,1,0,unknown,0
29,management,single,tertiary,no,572,no,no,cellular,1,1,success,1
50,management,married,tertiary,no,-94,no,yes,unknown,1,0,unknown,0
46,management,single,secondary,no,295,yes,no,unknown,6,0,unknown,0
56,services,married,secondary,no,705,yes,no,unknown,2,0,unknown,0
40,management,married,tertiary,no,294,yes,no,cellular,5,0,unknown,0
31,services,single,secondary,no,469,no,yes,cellular,1,0,unknown,0
30,blue-collar,single,secondary,yes,4,yes,no,unknown,3,0,unknown,0
47,technician,married,secondary,no,3973,no,no,cellular,2,0,unknown,0
56,management,married,tertiary,no,318,no,yes,telephone,3,0,unknown,0
32,management,single,tertiary,no,151,yes,no,unknown,1,0,unknown,0
39,blue-collar,married,unknown,no,0,no,no,cellular,1,3,failure,0
42,blue-collar,single,primary,no,92,no,no,cellular,2,0,unknown,0
36,management,married,tertiary,no,2987,yes,no,cellular,1,0,unknown,1
53,retired,married,tertiary,no,-22,yes,no,cellular,3,0,unknown,0
29,blue-collar,married,secondary,no,125,yes,no,unknown,1,0,unknown,0
41,unemployed,divorced,secondary,no,1281,no,no,cellular,3,0,unknown,0
46,blue-collar,married,secondary,no,519,yes,no,cellular,6,0,unknown,0
35,blue-collar,married,secondary,no,243,yes,no,cellular,3,0,unknown,0
34,management,married,secondary,no,15,no,no,cellular,7,0,unknown,0
44,self-employed,divorced,secondary,no,80,yes,yes,unknown,2,0,unknown,0
39,management,single,tertiary,no,816,yes,no,cellular,3,0,unknown,0
60,retired,married,primary,no,5,no,no,cellular,2,0,unknown,0
33,management,single,tertiary,no,1410,yes,no,cellular,1,5,failure,0
35,blue-collar,married,secondary,no,6411,yes,yes,cellular,1,2,failure,0
44,technician,divorced,secondary,no,14,no,no,cellular,1,1,success,1
77,retired,married,tertiary,no,0,no,no,cellular,1,1,success,1
39,management,married,secondary,no,0,yes,no,cellular,3,0,unknown,0
34,blue-collar,divorced,secondary,no,-566,yes,no,unknown,2,0,unknown,0
27,student,single,secondary,no,213,no,no,cellular,1,0,unknown,1
27,technician,single,secondary,no,235,yes,no,cellular,5,0,unknown,0
36,entrepreneur,single,secondary,no,475,no,no,cellular,3,0,unknown,0
30,services,married,secondary,no,227,no,yes,unknown,1,0,unknown,0
61,retired,married,secondary,no,313,no,yes,unknown,1,0,unknown,0
34,admin.,married,tertiary,no,69,no,yes,cellular,3,6,success,1
32,blue-collar,single,primary,no,882,no,yes,cellular,8,0,unknown,0
31,technician,single,secondary,no,1094,yes,no,unknown,8,0,unknown,0
36,entrepreneur,married,tertiary,no,1169,yes,no,unknown,2,0,unknown,0
36,management,divorced,tertiary,no,1057,no,no,cellular,2,0,unknown,0
35,management,single,tertiary,no,747,no,no,cellular,2,3,failure,0
35,management,married,tertiary,no,175,yes,no,cellular,2,0,unknown,0
39,blue-collar,married,secondary,no,-405,yes,no,cellular,1,0,unknown,0
59,management,married,secondary,no,42,no,no,cellular,1,0,unknown,0
52,blue-collar,married,primary,no,1141,yes,no,cellular,5,0,unknown,0
32,management,single,tertiary,no,131,no,no,unknown,3,0,unknown,0
33,blue-collar,single,secondary,no,1925,yes,no,cellular,2,0,unknown,0
34,blue-collar,married,secondary,no,1831,yes,no,unknown,2,0,unknown,0
43,management,married,tertiary,no,2886,no,no,cellular,1,0,unknown,0
54,retired,married,secondary,no,1139,yes,no,cellular,1,7,failure,0
39,management,divorced,tertiary,no,1315,yes,no,cellular,4,1,failure,0
53,blue-collar,married,secondary,no,70,yes,no,unknown,2,0,unknown,0
24,blue-collar,single,unknown,no,431,yes,no,unknown,12,0,unknown,0
54,management,married,primary,no,1691,yes,no,cellular,1,0,unknown,0
31,self-employed,single,secondary,no,360,yes,no,unknown,4,0,unknown,0
39,housemaid,married,primary,no,267,no,no,unknown,5,0,unknown,0
34,management,single,secondary,no,524,no,no,unknown,1,0,unknown,0
36,management,divorced,tertiary,no,0,no,no,cellular,4,0,unknown,0
27,services,single,secondary,no,261,yes,yes,cellular,1,0,unknown,0
72,retired,married,secondary,no,4130,no,no,cellular,1,0,unknown,0
27,blue-collar,single,secondary,no,14,no,no,unknown,2,0,unknown,0
50,entrepreneur,married,secondary,no,806,yes,yes,cellular,8,2,other,0
59,blue-collar,married,unknown,no,139,no,no,unknown,1,0,unknown,0
30,blue-collar,married,secondary,no,-28,yes,no,cellular,2,1,failure,0
41,technician,married,tertiary,no,532,yes,no,cellular,1,0,unknown,0
39,self-employed,married,tertiary,no,585,yes,no,cellular,1,3,failure,0
47,blue-collar,married,secondary,no,3285,no,no,cellular,5,0,unknown,0
25,student,married,tertiary,no,0,yes,no,cellular,1,0,unknown,0
40,blue-collar,married,primary,no,3658,yes,no,unknown,1,0,unknown,0
36,blue-collar,married,secondary,no,63,yes,no,unknown,8,0,unknown,0
34,blue-collar,married,primary,no,428,yes,no,cellular,2,0,unknown,0
31,blue-collar,single,secondary,no,609,yes,no,cellular,1,1,failure,0
38,admin.,married,primary,no,3913,yes,no,cellular,2,2,failure,0
32,technician,married,secondary,no,167,yes,yes,cellular,3,0,unknown,0
42,technician,married,secondary,no,473,yes,no,cellular,5,0,unknown,0
31,technician,married,secondary,no,0,no,yes,cellular,4,0,unknown,0
26,blue-collar,single,primary,no,3342,yes,no,unknown,4,0,unknown,0
49,blue-collar,married,primary,no,1032,yes,no,unknown,5,0,unknown,0
55,management,married,tertiary,no,0,yes,no,unknown,2,0,unknown,0
44,management,divorced,tertiary,no,2058,no,yes,cellular,1,0,unknown,0
34,management,married,secondary,no,15,no,no,cellular,7,0,unknown,0
29,management,divorced,tertiary,no,415,yes,yes,unknown,4,0,unknown,0
36,blue-collar,married,secondary,no,688,yes,no,unknown,2,0,unknown,0
39,blue-collar,married,secondary,no,-405,yes,no,cellular,1,0,unknown,0
58,admin.,single,secondary,no,2223,no,no,cellular,2,1,success,0
36,technician,single,secondary,no,0,no,no,cellular,6,0,unknown,0
55,blue-collar,married,secondary,no,383,no,no,unknown,1,0,unknown,0
48,admin.,married,secondary,no,191,yes,no,cellular,3,0,unknown,0
65,housemaid,married,primary,no,2179,yes,no,cellular,7,0,unknown,0
46,technician,married,tertiary,no,342,yes,yes,cellular,1,0,unknown,0
42,admin.,single,secondary,no,30,yes,no,cellular,1,3,failure,0
38,technician,married,secondary,no,6728,no,no,cellular,1,4,success,1
43,management,single,secondary,no,-228,yes,yes,unknown,2,0,unknown,0
61,retired,married,secondary,no,76,yes,no,cellular,7,0,unknown,0
28,blue-collar,single,secondary,no,1065,yes,yes,cellular,1,1,failure,0
52,unknown,married,secondary,no,142,no,no,cellular,6,0,unknown,0
28,blue-collar,single,primary,no,0,yes,yes,unknown,4,0,unknown,0
39,self-employed,married,secondary,no,31,yes,no,cellular,2,4,failure,0
47,admin.,married,secondary,no,104,yes,yes,cellular,2,0,unknown,0
41,blue-collar,married,primary,no,8,yes,no,cellular,2,0,unknown,0
41,self-employed,married,secondary,no,28,yes,no,cellular,1,0,unknown,0
33,management,divorced,tertiary,no,0,no,no,cellular,2,0,unknown,0
39,entrepreneur,married,secondary,no,0,no,no,cellular,7,0,unknown,0
59,management,married,primary,no,1727,no,no,telephone,4,2,failure,1
37,technician,married,secondary,no,712,yes,no,cellular,2,0,unknown,0
46,blue-collar,married,primary,no,258,yes,no,unknown,1,0,unknown,0
33,services,married,secondary,no,4789,yes,yes,cellular,1,4,failure,0
28,blue-collar,married,secondary,no,1325,yes,no,cellular,1,0,unknown,0
32,management,married,tertiary,no,3107,yes,yes,cellular,1,0,unknown,0
30,management,single,tertiary,no,424,no,no,cellular,4,0,unknown,1
60,retired,married,secondary,no,4820,no,no,unknown,1,0,unknown,0
25,student,single,tertiary,no,1433,yes,no,cellular,1,0,unknown,0
26,student,single,secondary,no,203,no,no,cellular,1,1,failure,0
38,technician,single,tertiary,no,2273,yes,no,cellular,1,0,unknown,0
49,unemployed,married,primary,no,-384,yes,no,unknown,1,0,unknown,0
34,admin.,married,secondary,no,61,no,yes,unknown,1,0,unknown,0
33,technician,single,tertiary,no,123,no,no,cellular,1,0,unknown,0
38,student,single,tertiary,no,807,no,no,cellular,2,0,unknown,0
29,management,single,tertiary,no,0,no,no,unknown,25,0,unknown,0
39,blue-collar,married,primary,no,800,yes,no,cellular,6,0,unknown,0
34,blue-collar,married,tertiary,no,20,no,no,unknown,1,0,unknown,0
42,technician,married,secondary,no,473,yes,no,cellular,5,0,unknown,0
43,blue-collar,married,secondary,no,2160,no,no,cellular,1,1,success,1
51,technician,married,secondary,no,18,no,yes,cellular,6,0,unknown,0
34,admin.,married,tertiary,no,37,no,no,cellular,1,0,unknown,0
55,blue-collar,divorced,primary,no,410,no,yes,cellular,2,0,unknown,0
43,admin.,married,secondary,no,0,yes,no,cellular,3,0,unknown,0
60,housemaid,married,primary,no,0,no,yes,telephone,1,0,unknown,0
34,management,married,tertiary,no,1310,no,no,telephone,3,7,other,0
32,technician,single,tertiary,no,1100,yes,yes,cellular,1,0,unknown,0
40,self-employed,married,tertiary,no,642,no,no,cellular,3,0,unknown,0
53,management,married,unknown,no,2240,yes,no,cellular,2,1,success,1
37,management,married,tertiary,no,1698,yes,no,unknown,2,0,unknown,0
33,technician,divorced,tertiary,no,39,no,no,cellular,5,0,unknown,0
27,entrepreneur,single,secondary,no,376,yes,yes,cellular,1,0,unknown,0
57,retired,married,secondary,no,374,yes,yes,cellular,1,0,unknown,0
42,blue-collar,married,primary,no,7041,yes,no,cellular,4,0,unknown,0
43,blue-collar,married,primary,no,1211,yes,no,unknown,3,0,unknown,0
38,blue-collar,divorced,secondary,no,157,no,no,unknown,5,0,unknown,0
41,technician,single,tertiary,no,1646,yes,no,cellular,1,6,success,1
31,services,single,secondary,no,31,yes,yes,unknown,2,0,unknown,0
34,admin.,married,secondary,no,645,yes,no,unknown,1,0,unknown,0
31,blue-collar,married,primary,no,2,yes,yes,cellular,1,0,unknown,0
32,self-employed,married,secondary,no,413,yes,no,cellular,2,0,unknown,0
33,admin.,single,secondary,no,-300,yes,yes,cellular,1,0,unknown,0
41,entrepreneur,married,secondary,no,1249,yes,no,cellular,1,0,unknown,0
31,services,single,secondary,no,31,yes,yes,unknown,2,0,unknown,0
38,management,single,tertiary,no,493,yes,no,cellular,1,7,failure,0
45,technician,married,secondary,no,1415,yes,no,cellular,1,0,unknown,0
57,retired,married,tertiary,no,0,no,no,cellular,4,0,unknown,0
36,management,single,secondary,no,0,no,no,cellular,5,0,unknown,0
43,management,single,secondary,yes,-1164,yes,yes,cellular,4,0,unknown,0
19,student,single,unknown,no,0,no,no,cellular,3,0,unknown,0
33,technician,single,secondary,no,5235,no,no,cellular,3,0,unknown,0
59,housemaid,married,primary,no,235,no,no,cellular,2,0,unknown,0
35,management,single,tertiary,no,71,yes,no,unknown,12,0,unknown,0
51,blue-collar,married,primary,no,872,no,no,cellular,2,0,unknown,0
28,management,single,tertiary,no,2380,no,no,cellular,2,0,unknown,0
37,admin.,married,secondary,no,749,no,no,cellular,1,0,unknown,0
37,blue-collar,divorced,secondary,no,33,yes,no,cellular,2,1,failure,0
34,blue-collar,married,secondary,no,67,yes,yes,unknown,3,0,unknown,0
44,blue-collar,married,primary,no,-312,yes,no,unknown,3,0,unknown,0
43,blue-collar,married,secondary,no,625,yes,no,unknown,1,0,unknown,0
41,technician,married,tertiary,no,177,yes,no,telephone,2,0,unknown,0
48,management,married,tertiary,yes,-13,yes,no,cellular,6,2,other,0
39,services,single,secondary,no,7066,yes,no,cellular,3,3,other,1
56,admin.,divorced,secondary,no,3337,yes,no,telephone,3,0,unknown,0
58,retired,divorced,primary,no,2538,yes,no,cellular,6,0,unknown,0
43,blue-collar,married,secondary,no,-179,yes,no,cellular,6,0,unknown,0
29,management,married,tertiary,no,877,no,no,cellular,3,0,unknown,0
47,management,single,tertiary,no,440,no,no,cellular,4,0,unknown,0
34,technician,single,secondary,no,1076,no,no,cellular,2,0,unknown,0
33,technician,single,secondary,no,716,yes,no,cellular,2,0,unknown,0
34,management,single,secondary,no,0,no,no,cellular,4,0,unknown,0
44,blue-collar,married,primary,no,2657,yes,no,unknown,2,0,unknown,0
52,unemployed,married,secondary,no,-9,no,no,unknown,1,0,unknown,0
29,services,married,secondary,no,11417,yes,no,unknown,2,0,unknown,0
55,services,married,secondary,no,96,no,no,telephone,2,0,unknown,0
41,technician,married,secondary,no,1066,no,no,cellular,3,0,unknown,1
40,blue-collar,married,primary,no,1206,no,yes,telephone,5,0,unknown,0
52,technician,married,secondary,no,118,no,no,cellular,20,0,unknown,0
38,blue-collar,married,secondary,no,171,yes,yes,unknown,1,0,unknown,0
26,services,single,secondary,no,50,yes,no,cellular,1,0,unknown,0
38,technician,single,tertiary,no,0,no,no,cellular,2,0,unknown,0
49,management,single,tertiary,no,588,no,no,cellular,9,0,unknown,0
40,services,married,secondary,no,4157,yes,no,unknown,1,0,unknown,0
39,technician,single,tertiary,no,-41,no,yes,cellular,15,0,unknown,0
39,technician,single,tertiary,no,1043,no,no,cellular,10,0,unknown,0
40,blue-collar,married,secondary,no,6767,yes,no,cellular,2,0,unknown,0
39,self-employed,married,secondary,no,31,yes,no,cellular,2,4,failure,0
38,student,single,tertiary,no,807,no,no,cellular,2,0,unknown,0
46,admin.,married,secondary,no,4958,yes,no,cellular,3,5,other,0
26,entrepreneur,single,tertiary,no,81,no,no,cellular,3,0,unknown,0
34,management,married,tertiary,no,4831,yes,no,cellular,1,0,unknown,0
37,services,single,secondary,no,1175,yes,no,cellular,1,2,failure,0
35,entrepreneur,married,primary,no,2643,no,yes,cellular,1,0,unknown,0
49,blue-collar,married,secondary,no,-55,no,no,unknown,3,0,unknown,0
51,services,married,secondary,no,867,yes,no,cellular,2,3,failure,0
31,technician,single,unknown,no,187,no,no,cellular,1,0,unknown,0
51,blue-collar,married,primary,no,1466,yes,no,unknown,2,0,unknown,0
40,blue-collar,married,primary,no,3658,yes,no,unknown,1,0,unknown,0
34,technician,married,tertiary,no,544,yes,yes,cellular,2,0,unknown,0
32,blue-collar,married,secondary,no,736,yes,no,unknown,3,0,unknown,0
45,entrepreneur,divorced,tertiary,no,1273,yes,yes,unknown,3,0,unknown,0
60,management,divorced,tertiary,no,366,no,no,cellular,1,0,unknown,1
49,services,married,secondary,no,823,no,no,cellular,4,0,unknown,1
51,blue-collar,divorced,primary,no,-28,no,yes,unknown,2,0,unknown,0
55,management,married,unknown,no,559,no,no,cellular,2,0,unknown,0
33,technician,married,tertiary,no,-988,yes,yes,cellular,3,0,unknown,0
44,technician,married,secondary,no,5597,no,no,unknown,3,0,unknown,0
64,retired,divorced,tertiary,no,890,no,no,cellular,3,0,unknown,0
28,self-employed,single,tertiary,no,0,yes,no,cellular,1,0,unknown,0
55,blue-collar,married,primary,no,284,no,yes,telephone,4,0,unknown,0
30,self-employed,single,tertiary,no,901,yes,yes,unknown,1,0,unknown,0
42,blue-collar,married,secondary,no,179,yes,no,cellular,1,0,unknown,0
33,blue-collar,married,primary,no,511,yes,no,unknown,2,0,unknown,0
43,technician,single,tertiary,yes,0,no,no,cellular,4,0,unknown,0
37,management,married,primary,no,3953,yes,no,cellular,2,1,failure,0
58,retired,married,primary,no,1987,no,no,telephone,4,0,unknown,0
26,blue-collar,married,secondary,no,245,yes,no,unknown,11,0,unknown,0
59,admin.,married,secondary,no,2381,no,no,cellular,2,0,unknown,0
57,housemaid,married,secondary,no,0,no,no,cellular,2,0,unknown,0
26,admin.,single,secondary,no,96,yes,no,cellular,2,3,other,0
42,technician,married,secondary,no,2030,yes,yes,cellular,1,0,unknown,0
57,blue-collar,married,primary,no,179,no,no,unknown,3,0,unknown,0
42,blue-collar,married,secondary,no,2157,yes,no,cellular,1,2,failure,0
45,blue-collar,married,primary,no,2433,no,no,cellular,2,0,unknown,0
41,self-employed,single,tertiary,no,3950,yes,no,unknown,2,0,unknown,0
26,blue-collar,married,secondary,no,128,no,no,unknown,1,0,unknown,0
44,unemployed,married,tertiary,no,178,no,no,cellular,2,0,unknown,0
47,management,divorced,tertiary,no,447,no,yes,unknown,1,0,unknown,0
43,technician,married,secondary,no,764,yes,no,cellular,5,0,unknown,0
32,services,married,secondary,no,162,yes,no,unknown,2,0,unknown,0
43,blue-collar,married,primary,no,-98,yes,yes,cellular,2,3,other,0
39,technician,married,secondary,no,130,no,no,cellular,2,0,unknown,0
34,management,married,tertiary,no,436,no,yes,cellular,4,0,unknown,0
36,management,single,tertiary,no,3875,yes,no,unknown,5,0,unknown,0
27,housemaid,married,secondary,no,4848,yes,yes,telephone,3,0,unknown,0
48,technician,married,secondary,no,1152,yes,no,cellular,5,0,unknown,0
30,management,single,tertiary,no,6495,no,no,cellular,3,0,unknown,0
33,technician,single,tertiary,no,696,no,yes,cellular,1,8,failure,0
53,retired,married,tertiary,no,-22,yes,no,cellular,3,0,unknown,0
48,services,single,primary,no,1499,yes,no,cellular,7,0,unknown,0
26,technician,single,secondary,no,1275,yes,no,unknown,9,0,unknown,0
47,services,married,secondary,no,51,yes,yes,unknown,1,0,unknown,0
30,blue-collar,single,secondary,no,180,no,no,cellular,1,2,failure,0
38,unemployed,married,tertiary,no,2812,yes,no,cellular,1,0,unknown,1
50,self-employed,married,secondary,no,36,no,no,cellular,10,0,unknown,0
41,admin.,divorced,secondary,no,6046,yes,yes,telephone,6,2,success,1
24,blue-collar,married,secondary,no,1222,yes,no,cellular,1,0,unknown,0
22,student,single,unknown,no,549,no,no,cellular,1,0,unknown,0
25,services,single,secondary,no,-352,no,no,cellular,1,0,unknown,0
54,services,divorced,secondary,no,1012,yes,no,cellular,3,2,other,0
53,blue-collar,married,secondary,no,-626,yes,no,cellular,1,0,unknown,0
46,unemployed,married,secondary,no,3533,yes,no,cellular,2,0,unknown,0
31,blue-collar,married,primary,no,0,yes,yes,unknown,4,0,unknown,0
39,technician,married,secondary,no,994,no,no,cellular,1,1,failure,0
58,management,married,tertiary,no,1517,yes,no,telephone,5,0,unknown,0
38,technician,married,secondary,no,0,no,no,cellular,4,0,unknown,0
53,unknown,married,unknown,no,13,no,no,telephone,1,0,unknown,0
61,blue-collar,married,primary,no,625,yes,no,unknown,2,0,unknown,0
78,retired,divorced,primary,no,229,no,no,telephone,1,0,unknown,1
35,blue-collar,married,primary,no,793,yes,no,cellular,1,0,unknown,0
60,blue-collar,married,primary,no,1472,no,no,unknown,4,0,unknown,0
32,management,married,tertiary,no,0,no,no,cellular,1,0,unknown,0
33,technician,married,tertiary,no,16992,yes,no,unknown,1,0,unknown,0
41,management,married,tertiary,no,437,yes,no,unknown,21,0,unknown,0
33,admin.,divorced,secondary,no,661,yes,no,cellular,1,2,other,0
48,blue-collar,married,secondary,no,1159,yes,yes,cellular,9,0,unknown,0
32,blue-collar,single,secondary,no,2285,yes,no,unknown,2,0,unknown,0
34,blue-collar,married,primary,no,428,yes,no,cellular,2,0,unknown,0
26,student,single,secondary,no,-147,no,no,unknown,2,0,unknown,0
53,retired,married,tertiary,no,-22,yes,no,cellular,3,0,unknown,0
42,management,single,tertiary,no,0,no,no,cellular,1,0,unknown,0
58,management,married,tertiary,no,299,no,no,cellular,4,0,unknown,0
43,blue-collar,married,primary,no,188,yes,no,cellular,3,5,failure,0
57,management,married,tertiary,no,320,no,no,cellular,2,0,unknown,0
34,technician,married,secondary,no,-228,yes,no,cellular,3,3,other,0
31,self-employed,married,secondary,no,33,no,no,cellular,4,0,unknown,0
47,blue-collar,married,primary,no,556,yes,no,cellular,2,4,other,0
43,management,married,tertiary,no,2886,no,no,cellular,1,0,unknown,0
37,management,married,tertiary,no,489,yes,no,cellular,5,0,unknown,0
38,management,single,tertiary,no,11971,yes,no,unknown,2,3,failure,0
42,management,married,tertiary,no,1205,no,no,telephone,2,0,unknown,1
34,management,married,tertiary,no,1906,yes,no,cellular,3,0,unknown,0
41,blue-collar,married,secondary,no,1459,no,no,unknown,1,0,unknown,0
49,management,divorced,tertiary,no,1405,no,no,unknown,1,0,unknown,0
50,entrepreneur,married,tertiary,no,433,yes,no,cellular,4,0,unknown,0
34,management,married,tertiary,no,4170,yes,no,unknown,1,0,unknown,0
35,management,divorced,tertiary,no,0,yes,no,telephone,1,0,unknown,1
35,management,married,tertiary,no,3161,no,no,cellular,2,0,unknown,0
31,services,single,secondary,no,2070,no,no,cellular,2,0,unknown,0
45,blue-collar,married,primary,no,0,no,no,cellular,2,0,unknown,0
33,blue-collar,single,secondary,no,1925,yes,no,cellular,2,0,unknown,0
30,blue-collar,married,secondary,no,-28,yes,no,cellular,2,1,failure,0
47,blue-collar,married,secondary,no,1203,yes,no,cellular,2,0,unknown,0
30,admin.,single,secondary,no,239,yes,no,cellular,3,0,unknown,0
29,management,married,tertiary,no,451,no,no,cellular,1,0,unknown,0
45,technician,married,secondary,no,-149,yes,no,cellular,2,0,unknown,0
47,blue-collar,married,primary,no,2642,no,no,cellular,2,0,unknown,0
37,technician,married,tertiary,no,6968,no,no,cellular,1,0,unknown,0
46,admin.,married,primary,no,276,yes,yes,unknown,2,0,unknown,0
35,entrepreneur,married,secondary,no,2971,no,no,cellular,4,2,failure,1
34,technician,married,secondary,no,1,yes,no,cellular,1,0,unknown,0
55,admin.,married,secondary,no,865,yes,no,cellular,1,3,failure,0
31,management,married,tertiary,no,2603,yes,no,cellular,4,0,unknown,1
33,management,single,secondary,no,1558,yes,no,cellular,1,0,unknown,0
28,student,single,secondary,no,378,yes,no,cellular,1,0,unknown,0
41,technician,married,tertiary,no,532,yes,no,cellular,1,0,unknown,0
40,services,married,unknown,no,4075,yes,no,unknown,3,0,unknown,0
34,technician,married,secondary,no,0,yes,no,cellular,1,0,unknown,0
54,admin.,married,secondary,no,0,no,no,cellular,1,2,failure,1
29,admin.,married,secondary,no,22171,yes,no,cellular,1,3,failure,0
43,entrepreneur,married,tertiary,no,1574,yes,no,cellular,3,0,unknown,0
37,management,married,tertiary,no,502,yes,no,cellular,1,1,failure,0
36,blue-collar,married,secondary,no,0,no,no,unknown,3,0,unknown,0
49,self-employed,married,primary,no,489,yes,no,unknown,4,0,unknown,0
56,housemaid,married,tertiary,no,1922,yes,no,cellular,2,0,unknown,0
37,technician,single,secondary,no,267,no,no,cellular,1,0,unknown,0
75,retired,divorced,primary,no,852,no,no,cellular,1,0,unknown,0
44,blue-collar,married,primary,no,2657,yes,no,unknown,2,0,unknown,0
48,blue-collar,married,secondary,no,741,yes,no,cellular,1,0,unknown,0
33,technician,married,tertiary,no,-988,yes,yes,cellular,3,0,unknown,0
35,admin.,married,secondary,no,725,yes,no,cellular,7,1,failure,0
58,blue-collar,married,secondary,no,-27,no,yes,telephone,13,0,unknown,0
34,admin.,married,tertiary,no,69,no,yes,cellular,3,6,success,1
36,blue-collar,married,unknown,no,70,yes,no,unknown,4,0,unknown,0
32,technician,married,secondary,no,5122,no,no,cellular,1,0,unknown,0
57,retired,married,secondary,yes,32,yes,no,cellular,3,0,unknown,0
33,services,married,secondary,no,4789,yes,yes,cellular,1,4,failure,0
45,technician,married,secondary,no,999,yes,no,cellular,6,2,failure,0
29,services,married,secondary,no,57,yes,no,telephone,9,0,unknown,0
57,technician,married,secondary,no,6164,no,no,cellular,2,0,unknown,0
31,blue-collar,married,unknown,no,-120,yes,no,cellular,2,0,unknown,0
30,management,single,tertiary,no,604,no,yes,cellular,1,0,unknown,0
31,services,married,secondary,no,-230,yes,yes,cellular,1,0,unknown,0
54,services,married,secondary,no,812,no,no,cellular,6,0,unknown,0
54,entrepreneur,married,tertiary,no,1544,no,yes,cellular,7,3,failure,0
43,management,married,tertiary,no,13044,no,no,cellular,4,0,unknown,0
36,management,divorced,tertiary,no,5195,yes,no,unknown,25,0,unknown,0
39,admin.,single,secondary,no,163,yes,no,cellular,2,0,unknown,0
71,retired,divorced,tertiary,no,261,no,no,cellular,2,0,unknown,0
37,management,married,tertiary,no,4039,no,yes,cellular,2,0,unknown,0
33,admin.,single,tertiary,no,621,no,no,cellular,1,0,unknown,0
40,management,married,tertiary,no,1548,yes,no,cellular,3,0,unknown,0
42,admin.,single,secondary,no,-247,yes,yes,telephone,1,1,other,1
41,management,married,tertiary,no,3872,no,no,cellular,1,0,unknown,0
35,admin.,married,secondary,no,725,yes,no,cellular,7,1,failure,0
48,management,married,tertiary,yes,-13,yes,no,cellular,6,2,other,0
53,unknown,married,unknown,no,13,no,no,telephone,1,0,unknown,0
58,management,married,secondary,no,37,no,no,cellular,11,0,unknown,0
28,management,single,tertiary,no,1466,yes,no,cellular,1,0,unknown,0
31,technician,married,secondary,no,660,no,no,cellular,1,0,unknown,0
31,services,single,secondary,no,11386,yes,no,cellular,1,0,unknown,0
30,management,single,tertiary,no,201,yes,no,cellular,2,0,unknown,1
55,blue-collar,married,unknown,no,23,no,no,cellular,1,3,other,0
49,blue-collar,single,primary,no,3018,yes,no,unknown,1,0,unknown,0
31,services,single,secondary,no,469,no,yes,cellular,1,0,unknown,0
46,blue-collar,divorced,primary,no,1712,no,no,unknown,1,0,unknown,0
58,management,married,secondary,no,139,no,no,cellular,1,2,other,0
50,services,married,secondary,no,961,no,yes,cellular,4,0,unknown,0
66,retired,married,primary,no,206,no,no,cellular,1,0,unknown,1
59,technician,married,primary,no,4198,no,no,cellular,1,10,success,1
46,management,married,tertiary,no,1375,yes,no,cellular,3,0,unknown,0
46,management,divorced,tertiary,no,225,yes,no,cellular,1,1,other,0
31,services,married,secondary,no,500,yes,no,unknown,18,0,unknown,0
63,retired,married,primary,no,8044,no,no,cellular,1,0,unknown,0
54,retired,married,secondary,no,3671,no,no,unknown,3,0,unknown,0
32,technician,married,secondary,no,3333,no,no,cellular,4,0,unknown,0
60,retired,married,secondary,no,262,no,no,cellular,4,0,unknown,0
46,admin.,married,secondary,no,368,no,no,cellular,1,4,other,1
48,blue-collar,married,secondary,no,149,yes,no,unknown,1,0,unknown,0
45,management,married,tertiary,no,3370,no,no,unknown,3,0,unknown,0
35,blue-collar,married,secondary,no,1257,yes,no,cellular,3,7,failure,0
30,admin.,single,secondary,no,3809,yes,no,unknown,4,0,unknown,0
48,blue-collar,single,secondary,no,-552,no,yes,cellular,2,0,unknown,0
49,technician,married,tertiary,no,1843,yes,no,cellular,1,0,unknown,0
36,self-employed,married,tertiary,no,307,yes,no,cellular,1,2,other,0
31,management,married,tertiary,no,1331,no,no,cellular,1,3,success,1
36,management,single,tertiary,no,260,yes,no,cellular,1,0,unknown,0
32,blue-collar,married,secondary,no,736,yes,no,unknown,3,0,unknown,0
45,blue-collar,married,secondary,no,776,yes,no,cellular,4,1,failure,0
47,self-employed,married,tertiary,no,751,no,no,cellular,14,0,unknown,0
32,management,single,secondary,no,249,yes,no,unknown,1,0,unknown,0
48,services,married,secondary,no,116,yes,no,telephone,4,0,unknown,0
30,admin.,married,tertiary,no,400,yes,no,cellular,1,0,unknown,0
58,blue-collar,married,secondary,no,-27,no,yes,telephone,13,0,unknown,0
31,admin.,single,secondary,no,68,yes,no,cellular,2,0,unknown,0
46,services,married,secondary,no,271,yes,no,unknown,4,0,unknown,0
56,retired,married,secondary,no,3948,no,no,cellular,1,3,failure,0
43,technician,married,secondary,no,764,yes,no,cellular,5,0,unknown,0
54,blue-collar,married,secondary,no,1291,yes,no,unknown,1,0,unknown,0
46,admin.,married,primary,no,276,yes,yes,unknown,2,0,unknown,0
30,management,single,tertiary,no,1372,no,no,cellular,2,0,unknown,0
29,services,single,unknown,no,33,no,no,unknown,1,0,unknown,0
45,entrepreneur,married,primary,no,2418,yes,no,unknown,1,0,unknown,0
32,entrepreneur,divorced,secondary,no,1121,yes,yes,cellular,3,0,unknown,0
45,admin.,divorced,unknown,no,998,yes,no,telephone,2,0,unknown,0
32,unemployed,single,tertiary,no,336,yes,no,unknown,1,0,unknown,0
37,management,divorced,secondary,no,414,no,no,cellular,2,4,failure,0
24,blue-collar,single,unknown,no,431,yes,no,unknown,12,0,unknown,0
50,management,married,tertiary,no,3463,no,yes,cellular,1,0,unknown,1
43,management,married,tertiary,no,2767,yes,no,unknown,7,0,unknown,0
34,management,divorced,secondary,no,291,no,no,cellular,2,0,unknown,0
43,entrepreneur,married,tertiary,no,210,no,no,cellular,2,0,unknown,0
58,blue-collar,married,secondary,no,602,yes,no,cellular,1,0,unknown,0
31,blue-collar,single,secondary,no,-219,yes,no,unknown,2,0,unknown,0
50,blue-collar,married,primary,no,5776,no,no,cellular,3,0,unknown,0
35,technician,married,secondary,no,0,no,no,cellular,4,0,unknown,0
38,services,married,secondary,no,1,no,yes,cellular,2,0,unknown,0
57,management,married,tertiary,no,1172,no,no,unknown,1,0,unknown,0
34,technician,single,secondary,no,201,no,no,cellular,2,0,unknown,0
28,self-employed,single,tertiary,no,0,yes,no,cellular,1,0,unknown,0
55,services,divorced,secondary,no,218,yes,no,unknown,2,0,unknown,0
33,self-employed,single,secondary,no,238,yes,yes,cellular,5,0,unknown,0
27,technician,single,tertiary,no,3083,yes,no,unknown,2,0,unknown,0
53,unknown,married,unknown,no,13,no,no,telephone,1,0,unknown,0
46,technician,married,tertiary,no,217,yes,no,cellular,1,2,other,0
49,technician,married,secondary,no,12531,no,no,cellular,8,0,unknown,0
29,blue-collar,married,secondary,no,15,no,no,cellular,1,0,unknown,0
36,admin.,divorced,secondary,no,356,yes,no,cellular,3,1,failure,0
34,blue-collar,divorced,secondary,no,0,no,yes,unknown,1,0,unknown,0
54,blue-collar,married,primary,no,781,yes,no,unknown,2,0,unknown,0
26,self-employed,married,tertiary,no,479,yes,no,cellular,3,0,unknown,0
48,management,married,tertiary,no,586,yes,yes,cellular,2,0,unknown,0
33,blue-collar,single,secondary,no,22,no,no,cellular,2,1,failure,0
47,blue-collar,divorced,primary,no,1279,yes,no,cellular,2,0,unknown,0
48,entrepreneur,married,tertiary,no,810,no,no,unknown,1,0,unknown,0
31,technician,single,secondary,yes,25,no,no,cellular,1,0,unknown,0
31,services,divorced,primary,no,459,yes,no,cellular,1,1,success,1
58,unemployed,married,tertiary,no,744,no,no,telephone,1,0,unknown,0
31,technician,single,secondary,no,35,no,yes,cellular,1,0,unknown,0
42,technician,married,secondary,no,0,no,no,cellular,12,0,unknown,0
38,management,married,tertiary,no,3436,no,no,cellular,4,0,unknown,1
40,management,married,tertiary,no,-1212,yes,no,cellular,2,18,failure,0
32,unemployed,single,secondary,no,0,no,no,cellular,2,0,unknown,0
35,management,married,tertiary,no,1253,yes,no,unknown,2,0,unknown,0
51,services,divorced,secondary,no,518,yes,no,telephone,1,0,unknown,0
40,blue-collar,married,primary,no,98,yes,no,unknown,5,0,unknown,0
64,retired,divorced,tertiary,no,890,no,no,cellular,3,0,unknown,0
57,admin.,divorced,unknown,no,4012,no,no,cellular,1,0,unknown,0
32,services,married,secondary,no,255,yes,yes,unknown,2,0,unknown,0
42,blue-collar,married,secondary,no,117,yes,no,unknown,1,0,unknown,0
50,admin.,married,secondary,no,231,yes,no,cellular,2,0,unknown,0
34,blue-collar,married,secondary,no,1221,yes,no,cellular,1,8,failure,0
27,services,married,secondary,no,0,yes,no,cellular,13,0,unknown,0
43,blue-collar,married,primary,no,2519,yes,no,cellular,2,9,other,0
53,admin.,single,secondary,no,2398,yes,no,cellular,1,2,failure,1
35,blue-collar,married,primary,no,46,no,no,cellular,3,0,unknown,0
28,unemployed,married,secondary,no,655,yes,no,unknown,2,0,unknown,0
26,services,single,secondary,no,256,yes,no,cellular,2,0,unknown,0
32,entrepreneur,single,primary,yes,-849,yes,yes,cellular,1,0,unknown,0
49,blue-collar,married,primary,no,305,yes,yes,telephone,10,0,unknown,0
30,management,single,tertiary,no,201,yes,no,cellular,2,0,unknown,1
29,technician,single,secondary,no,778,yes,no,unknown,2,0,unknown,0
37,management,married,tertiary,no,489,yes,no,cellular,5,0,unknown,0
45,admin.,married,secondary,no,248,no,no,cellular,2,0,unknown,0
32,management,married,tertiary,no,3107,yes,yes,cellular,1,0,unknown,0
27,admin.,married,secondary,no,186,yes,no,unknown,2,0,unknown,0
47,blue-collar,married,secondary,no,3285,no,no,cellular,5,0,unknown,0
36,blue-collar,married,secondary,no,-206,yes,no,unknown,2,0,unknown,0
44,technician,divorced,secondary,no,0,no,no,cellular,5,0,unknown,0
45,blue-collar,married,primary,no,185,yes,no,cellular,3,0,unknown,0
34,blue-collar,married,secondary,no,622,yes,no,unknown,1,0,unknown,0
31,management,married,tertiary,no,1384,yes,no,cellular,2,3,other,0
31,blue-collar,married,secondary,no,191,yes,no,unknown,1,0,unknown,0
38,services,married,secondary,no,435,yes,no,unknown,2,0,unknown,0
27,services,single,secondary,no,468,yes,no,cellular,1,0,unknown,0
45,entrepreneur,married,primary,no,58,yes,no,telephone,3,3,failure,0
39,services,divorced,secondary,no,282,yes,no,cellular,1,0,unknown,0
53,entrepreneur,married,tertiary,no,2289,yes,yes,cellular,1,0,unknown,0
36,technician,single,secondary,yes,12,no,no,cellular,2,0,unknown,1
51,technician,married,secondary,no,-379,yes,no,cellular,1,0,unknown,0
36,management,single,tertiary,no,339,no,no,cellular,6,0,unknown,0
44,unemployed,married,tertiary,no,178,no,no,cellular,2,0,unknown,0
41,unemployed,divorced,secondary,no,1281,no,no,cellular,3,0,unknown,0
60,retired,married,secondary,no,89,no,no,cellular,2,0,unknown,0
43,technician,married,secondary,no,297,yes,no,cellular,3,0,unknown,0
37,management,single,tertiary,no,9,no,no,cellular,2,0,unknown,0
39,services,married,secondary,no,-540,no,no,unknown,1,0,unknown,0
45,housemaid,married,primary,no,4994,no,no,unknown,1,0,unknown,0
29,services,divorced,secondary,no,330,yes,no,unknown,2,0,unknown,0
31,technician,single,secondary,no,125,no,no,cellular,2,0,unknown,0
44,blue-collar,married,secondary,no,878,yes,no,cellular,1,0,unknown,0
32,technician,married,secondary,no,485,no,no,cellular,14,0,unknown,0
56,unemployed,divorced,primary,no,109,no,no,cellular,4,0,unknown,0
25,technician,single,secondary,no,505,no,yes,cellular,2,0,unknown,1
34,technician,single,tertiary,no,925,yes,no,cellular,1,0,unknown,1
47,management,single,tertiary,no,440,no,no,cellular,4,0,unknown,0
28,blue-collar,single,primary,no,0,yes,yes,unknown,4,0,unknown,0
42,technician,divorced,tertiary,no,7190,yes,no,cellular,2,0,unknown,0
36,technician,divorced,secondary,no,487,no,yes,cellular,3,0,unknown,0
37,management,single,tertiary,no,9,no,no,cellular,2,0,unknown,0
31,technician,single,tertiary,no,1214,no,no,cellular,1,0,unknown,0
32,technician,single,secondary,no,6402,yes,no,cellular,1,1,success,0
30,management,married,tertiary,no,944,no,no,cellular,2,0,unknown,1
59,technician,married,secondary,no,1,no,no,cellular,2,3,failure,1
31,management,married,tertiary,no,1170,no,no,cellular,4,0,unknown,0
53,blue-collar,married,secondary,no,70,yes,no,unknown,2,0,unknown,0
55,blue-collar,married,secondary,no,471,yes,no,unknown,2,0,unknown,0
36,entrepreneur,single,secondary,no,475,no,no,cellular,3,0,unknown,0
46,entrepreneur,married,unknown,no,242,yes,no,unknown,2,0,unknown,0
39,technician,married,tertiary,no,1161,yes,no,cellular,1,1,failure,0
45,housemaid,married,primary,no,4994,no,no,unknown,1,0,unknown,0
46,services,married,secondary,no,271,yes,no,unknown,4,0,unknown,0
60,housemaid,married,primary,no,0,no,yes,telephone,1,0,unknown,0
27,services,married,secondary,no,0,yes,no,cellular,13,0,unknown,0
37,blue-collar,divorced,secondary,no,33,yes,no,cellular,2,1,failure,0
33,management,single,secondary,no,8004,no,no,cellular,3,0,unknown,0
32,management,married,tertiary,no,3107,yes,yes,cellular,1,0,unknown,0
53,retired,married,secondary,no,665,yes,no,cellular,2,0,unknown,1
38,management,single,tertiary,no,493,yes,no,cellular,1,7,failure,0
30,admin.,single,tertiary,no,305,no,no,cellular,1,2,success,1
50,blue-collar,married,secondary,no,606,yes,no,unknown,2,0,unknown,0
47,admin.,married,secondary,no,3676,no,no,cellular,1,3,success,1
35,technician,single,tertiary,no,2288,no,no,telephone,2,0,unknown,0
43,management,married,tertiary,no,3529,yes,no,cellular,3,0,unknown,0
47,management,married,tertiary,no,3681,no,no,cellular,2,0,unknown,0
35,blue-collar,married,primary,no,3587,yes,no,unknown,4,0,unknown,0
37,admin.,single,secondary,no,0,yes,no,cellular,2,0,unknown,0
34,technician,single,secondary,no,179,no,no,cellular,3,0,unknown,0
58,technician,married,secondary,no,7495,yes,no,unknown,1,0,unknown,0
59,admin.,married,secondary,no,2381,no,no,cellular,2,0,unknown,0
40,blue-collar,married,secondary,no,0,yes,yes,unknown,3,0,unknown,0
56,management,divorced,tertiary,no,2959,yes,no,telephone,1,0,unknown,0
58,retired,married,secondary,no,413,no,no,cellular,5,0,unknown,0
39,housemaid,single,primary,no,109,yes,no,unknown,3,0,unknown,0
60,management,single,tertiary,no,0,no,yes,cellular,1,0,unknown,0
62,self-employed,divorced,tertiary,no,6,yes,no,cellular,1,4,success,1
34,blue-collar,married,secondary,no,1897,yes,yes,cellular,1,0,unknown,0
42,blue-collar,married,secondary,no,117,yes,no,unknown,1,0,unknown,0
53,management,married,secondary,no,66,no,yes,telephone,1,0,unknown,0
32,blue-collar,married,secondary,no,517,yes,no,unknown,1,0,unknown,0
46,self-employed,married,secondary,no,548,no,no,cellular,4,0,unknown,1
56,management,divorced,tertiary,no,2959,yes,no,telephone,1,0,unknown,0
38,admin.,married,tertiary,no,605,no,no,cellular,2,0,unknown,0
56,unemployed,divorced,primary,no,802,no,no,telephone,2,0,unknown,0
32,technician,single,tertiary,no,705,yes,no,cellular,4,0,unknown,0
39,management,single,tertiary,no,816,yes,no,cellular,3,0,unknown,0
36,blue-collar,married,secondary,no,1049,yes,no,cellular,4,0,unknown,1
52,unknown,married,unknown,no,1317,no,no,unknown,1,0,unknown,0
34,admin.,single,secondary,no,6979,yes,no,cellular,5,0,unknown,0
30,management,single,tertiary,yes,35,no,no,cellular,4,0,unknown,0
41,admin.,single,tertiary,no,982,no,no,cellular,1,0,unknown,0
40,admin.,married,secondary,no,1327,yes,yes,unknown,2,0,unknown,0
38,blue-collar,married,secondary,no,5092,yes,no,unknown,6,0,unknown,0
42,admin.,single,secondary,no,1022,yes,no,unknown,2,0,unknown,0
58,blue-collar,married,primary,no,781,yes,no,cellular,2,0,unknown,0
45,entrepreneur,married,primary,no,58,yes,no,telephone,3,3,failure,0
50,services,single,secondary,no,72,no,no,unknown,2,0,unknown,0
43,blue-collar,married,secondary,no,3060,yes,no,unknown,2,0,unknown,0
57,technician,married,unknown,no,206,yes,no,unknown,3,0,unknown,0
44,management,divorced,tertiary,no,0,no,no,cellular,1,0,unknown,0
41,entrepreneur,married,secondary,no,353,no,no,cellular,2,0,unknown,0
26,management,single,tertiary,no,122,no,yes,cellular,1,0,unknown,0
40,management,single,tertiary,no,36,yes,no,unknown,3,0,unknown,0
46,blue-collar,married,secondary,no,494,yes,no,unknown,1,0,unknown,0
38,technician,single,secondary,no,-242,yes,no,cellular,3,6,success,1
30,admin.,married,secondary,no,2678,yes,no,cellular,5,0,unknown,0
37,services,married,secondary,no,4760,yes,no,cellular,2,2,failure,0
45,management,divorced,tertiary,no,2096,no,no,cellular,1,2,failure,0
58,management,single,tertiary,no,2,yes,no,telephone,3,0,unknown,0
23,technician,single,secondary,no,598,no,no,cellular,1,0,unknown,0
57,admin.,divorced,unknown,no,4012,no,no,cellular,1,0,unknown,0
45,blue-collar,married,secondary,no,192,yes,no,cellular,5,1,other,0
46,blue-collar,married,primary,no,91,yes,no,cellular,1,2,failure,0
27,student,single,secondary,no,1566,no,no,cellular,5,0,unknown,0
28,services,single,secondary,no,-427,yes,yes,unknown,2,0,unknown,0
45,technician,married,secondary,no,315,yes,no,cellular,1,0,unknown,0
51,services,married,secondary,no,0,no,yes,unknown,3,0,unknown,0
46,admin.,married,secondary,no,4958,yes,no,cellular,3,5,other,0
32,management,single,tertiary,no,473,yes,no,cellular,2,1,other,0
34,admin.,married,tertiary,no,69,no,yes,cellular,3,6,success,1
47,services,single,unknown,no,1784,no,no,cellular,2,0,unknown,1
35,self-employed,married,tertiary,no,560,yes,no,cellular,1,1,failure,0
32,technician,divorced,secondary,no,202,yes,no,cellular,1,1,failure,0
38,unknown,single,tertiary,no,0,no,no,cellular,3,3,success,1
31,technician,single,secondary,yes,25,no,no,cellular,1,0,unknown,0
46,management,married,tertiary,no,964,yes,no,cellular,1,0,unknown,0
53,services,divorced,secondary,no,-905,yes,no,unknown,1,0,unknown,0
35,blue-collar,married,primary,no,624,yes,no,unknown,1,0,unknown,0
29,management,married,tertiary,no,20,yes,no,cellular,1,0,unknown,0
33,admin.,married,secondary,no,4902,yes,no,cellular,1,0,unknown,0
50,blue-collar,married,primary,no,8139,yes,no,cellular,6,0,unknown,0
45,entrepreneur,married,primary,no,2418,yes,no,unknown,1,0,unknown,0
48,blue-collar,married,secondary,no,480,yes,no,cellular,1,2,failure,1
31,self-employed,married,tertiary,no,1134,no,no,cellular,2,0,unknown,0
37,services,single,secondary,no,-244,no,no,unknown,1,0,unknown,0
49,admin.,married,secondary,no,3608,yes,no,unknown,1,0,unknown,1
37,technician,married,secondary,no,4030,yes,no,unknown,5,0,unknown,0
41,technician,married,secondary,no,1066,no,no,cellular,3,0,unknown,1
47,unemployed,married,secondary,no,3188,yes,no,cellular,3,0,unknown,0
36,entrepreneur,married,tertiary,no,1169,yes,no,unknown,2,0,unknown,0
54,blue-collar,married,primary,no,4503,no,no,telephone,3,0,unknown,0
37,management,married,tertiary,no,1315,no,no,cellular,1,0,unknown,1
44,admin.,married,secondary,no,262,yes,no,cellular,1,0,unknown,0
32,technician,single,secondary,no,493,no,no,cellular,2,0,unknown,0
58,retired,married,primary,no,565,no,no,telephone,1,0,unknown,1
34,blue-collar,married,secondary,no,3990,yes,no,cellular,7,0,unknown,0
54,technician,divorced,secondary,no,784,yes,yes,unknown,1,0,unknown,0
32,admin.,married,secondary,no,3540,yes,no,cellular,1,1,failure,0
47,blue-collar,married,primary,no,214,yes,yes,unknown,1,0,unknown,0
31,blue-collar,married,secondary,no,1664,yes,no,cellular,1,1,success,0
36,management,married,tertiary,no,605,yes,no,unknown,1,0,unknown,0
34,management,married,tertiary,no,0,yes,no,cellular,1,2,success,1
35,admin.,married,secondary,no,725,yes,no,cellular,7,1,failure,0
55,retired,married,primary,no,4424,no,no,cellular,4,0,unknown,0
33,blue-collar,married,secondary,no,1134,yes,no,unknown,2,0,unknown,0
32,blue-collar,married,secondary,yes,-53,yes,no,cellular,1,1,other,1
53,blue-collar,married,primary,no,25,yes,no,unknown,3,0,unknown,0
40,admin.,divorced,secondary,no,6,no,no,unknown,1,0,unknown,0
29,technician,single,tertiary,no,0,yes,no,unknown,2,0,unknown,0
26,blue-collar,married,primary,no,0,yes,no,unknown,1,0,unknown,0
55,retired,married,secondary,no,159,no,no,cellular,1,0,unknown,0
31,management,married,tertiary,no,2395,no,no,cellular,1,0,unknown,0
53,technician,married,primary,no,6839,yes,no,cellular,1,0,unknown,0
45,admin.,married,secondary,no,248,no,no,cellular,2,0,unknown,0
39,technician,divorced,secondary,no,902,yes,no,cellular,2,5,failure,1
33,services,married,secondary,no,478,no,no,cellular,2,0,unknown,1
49,unemployed,married,tertiary,no,377,no,no,cellular,1,2,failure,0
51,services,married,secondary,no,0,no,yes,unknown,3,0,unknown,0
25,technician,single,tertiary,no,777,yes,no,unknown,1,0,unknown,0
24,student,single,secondary,no,508,yes,no,telephone,3,1,other,0
40,self-employed,married,tertiary,no,642,no,no,cellular,3,0,unknown,0
44,technician,divorced,secondary,no,14,no,no,cellular,1,1,success,1
29,student,single,secondary,no,872,yes,no,unknown,1,0,unknown,0
34,services,married,secondary,no,1337,no,no,cellular,2,3,success,1
42,blue-collar,married,secondary,no,-921,yes,no,unknown,2,0,unknown,0
46,services,married,secondary,no,451,yes,yes,cellular,4,0,unknown,0
39,technician,married,secondary,no,501,no,no,unknown,1,0,unknown,0
43,blue-collar,married,primary,no,757,yes,no,unknown,4,0,unknown,0
36,services,married,secondary,no,1746,yes,no,unknown,1,0,unknown,0
31,blue-collar,married,secondary,no,360,yes,yes,cellular,1,1,failure,0
34,blue-collar,married,secondary,no,518,yes,no,cellular,1,0,unknown,0
36,blue-collar,married,unknown,no,70,yes,no,unknown,4,0,unknown,0
45,technician,married,unknown,no,473,yes,no,unknown,1,0,unknown,0
34,management,single,tertiary,no,1,no,no,cellular,1,0,unknown,0
40,blue-collar,married,secondary,no,1012,yes,no,cellular,1,0,unknown,0
41,management,married,secondary,no,0,no,yes,cellular,3,0,unknown,0
28,unemployed,married,secondary,no,655,yes,no,unknown,2,0,unknown,0
45,technician,married,secondary,no,2571,no,no,unknown,2,0,unknown,0
38,entrepreneur,married,tertiary,no,6704,yes,no,unknown,2,0,unknown,0
55,blue-collar,married,primary,no,1086,yes,no,cellular,1,2,failure,0
56,retired,married,secondary,no,1044,no,no,telephone,2,0,unknown,1
58,management,married,tertiary,no,541,yes,no,cellular,1,0,unknown,0
40,blue-collar,married,primary,no,1206,no,yes,telephone,5,0,unknown,0
50,entrepreneur,divorced,tertiary,no,1790,no,yes,cellular,3,0,unknown,0
28,admin.,single,secondary,no,1323,yes,no,unknown,1,0,unknown,0
28,self-employed,single,tertiary,no,442,no,no,cellular,3,3,other,1
45,blue-collar,married,primary,no,13117,no,no,unknown,2,0,unknown,0
43,blue-collar,married,primary,no,487,yes,no,unknown,2,0,unknown,0
26,student,single,secondary,no,-147,no,no,unknown,2,0,unknown,0
29,services,married,primary,no,-102,no,no,unknown,1,0,unknown,0
40,services,married,primary,no,33,no,no,unknown,3,0,unknown,0
57,management,married,tertiary,no,929,no,no,cellular,8,0,unknown,0
44,management,single,tertiary,no,5063,no,no,cellular,2,0,unknown,1
46,technician,married,secondary,no,499,yes,no,cellular,10,0,unknown,0
41,management,married,tertiary,no,51,no,no,cellular,8,0,unknown,0
34,housemaid,married,tertiary,no,0,no,no,cellular,1,1,failure,0
28,blue-collar,single,secondary,no,416,yes,no,unknown,2,0,unknown,0
32,blue-collar,single,secondary,no,1670,yes,no,cellular,1,0,unknown,0
25,technician,single,tertiary,no,777,yes,no,unknown,1,0,unknown,0
83,retired,divorced,primary,no,0,no,no,telephone,1,3,success,0
31,services,married,secondary,no,-230,yes,yes,cellular,1,0,unknown,0
38,blue-collar,married,secondary,no,171,yes,yes,unknown,1,0,unknown,0
36,blue-collar,married,primary,no,123,yes,no,cellular,1,0,unknown,0
57,technician,married,tertiary,no,27069,no,yes,unknown,3,0,unknown,0
51,blue-collar,married,primary,no,5050,no,yes,unknown,7,0,unknown,0
31,blue-collar,married,secondary,no,1243,yes,no,unknown,1,0,unknown,0
43,management,divorced,tertiary,no,36,no,no,cellular,1,2,failure,0
47,technician,married,secondary,no,-938,yes,no,unknown,2,0,unknown,0
46,technician,divorced,secondary,no,3455,yes,no,unknown,2,0,unknown,0
49,blue-collar,married,primary,no,0,yes,yes,telephone,6,0,unknown,0
47,services,married,tertiary,no,871,no,no,cellular,9,0,unknown,0
54,technician,divorced,secondary,no,1114,yes,no,cellular,1,0,unknown,0
48,admin.,married,unknown,no,0,yes,no,cellular,1,2,failure,0
47,blue-collar,divorced,primary,no,1279,yes,no,cellular,2,0,unknown,0
51,blue-collar,divorced,secondary,no,1069,yes,no,unknown,2,0,unknown,0
28,management,single,tertiary,no,231,yes,yes,cellular,2,0,unknown,0
52,blue-collar,married,primary,no,1331,yes,no,cellular,2,0,unknown,0
25,self-employed,single,tertiary,no,453,yes,no,cellular,1,0,unknown,0
58,blue-collar,married,primary,no,781,yes,no,cellular,2,0,unknown,0
50,technician,married,secondary,no,2497,yes,no,cellular,1,1,failure,0
49,unemployed,divorced,tertiary,no,780,no,no,cellular,1,2,failure,0
44,self-employed,married,secondary,no,313,no,no,cellular,4,0,unknown,0
31,blue-collar,single,primary,no,864,yes,no,telephone,2,0,unknown,0
36,services,married,secondary,no,1328,yes,no,unknown,4,0,unknown,0
50,self-employed,married,unknown,no,-84,yes,no,unknown,1,0,unknown,0
38,management,single,tertiary,no,493,yes,no,cellular,1,7,failure,0
42,housemaid,married,primary,no,83,no,yes,cellular,1,0,unknown,0
44,technician,single,secondary,no,33,yes,no,cellular,3,10,failure,0
53,blue-collar,married,secondary,no,0,no,no,telephone,4,0,unknown,0
25,technician,single,secondary,no,505,no,yes,cellular,2,0,unknown,1
36,technician,married,secondary,no,2394,no,no,cellular,2,0,unknown,0
41,admin.,married,secondary,no,8238,yes,yes,unknown,4,0,unknown,0
27,student,single,secondary,no,671,yes,no,unknown,2,0,unknown,0
41,blue-collar,married,primary,no,0,yes,no,unknown,3,0,unknown,0
29,technician,single,tertiary,no,2325,no,no,cellular,1,0,unknown,1
30,admin.,married,secondary,no,122,yes,no,unknown,1,0,unknown,0
27,technician,single,tertiary,no,3083,yes,no,unknown,2,0,unknown,0
28,blue-collar,single,secondary,no,2700,no,no,cellular,4,0,unknown,0
43,unemployed,single,unknown,no,3274,yes,no,cellular,1,1,failure,0
31,self-employed,single,secondary,no,203,no,yes,cellular,1,0,unknown,0
33,technician,divorced,secondary,yes,-305,no,yes,unknown,1,0,unknown,0
37,unemployed,married,unknown,no,4565,no,no,cellular,1,0,unknown,0
60,retired,married,secondary,no,78,yes,no,unknown,3,0,unknown,0
53,blue-collar,married,secondary,no,70,yes,no,unknown,2,0,unknown,0
64,retired,married,tertiary,no,846,no,no,cellular,1,3,failure,1
34,blue-collar,single,secondary,no,-72,yes,no,cellular,5,0,unknown,0
24,technician,single,secondary,no,-46,yes,no,unknown,1,0,unknown,0
38,admin.,married,tertiary,no,605,no,no,cellular,2,0,unknown,0
48,technician,married,secondary,no,4265,yes,no,unknown,2,0,unknown,0
40,technician,married,secondary,no,-396,yes,no,unknown,1,0,unknown,0
47,housemaid,married,primary,no,201,yes,no,cellular,2,1,failure,0
42,blue-collar,married,secondary,no,352,yes,no,cellular,3,0,unknown,0
29,management,single,tertiary,no,1673,no,no,cellular,2,3,other,0
37,management,single,tertiary,no,37,no,no,cellular,2,0,unknown,0
39,technician,married,secondary,no,116,no,no,cellular,2,2,success,0
49,unemployed,married,secondary,no,769,yes,no,unknown,1,0,unknown,0
40,admin.,divorced,secondary,no,6,no,no,unknown,1,0,unknown,0
51,blue-collar,married,unknown,no,1883,yes,no,unknown,1,0,unknown,0
42,blue-collar,divorced,unknown,no,0,no,no,cellular,2,0,unknown,0
29,blue-collar,single,secondary,no,555,yes,no,cellular,4,0,unknown,0
44,technician,single,secondary,no,7138,no,no,cellular,2,0,unknown,1
40,services,divorced,secondary,no,1959,yes,no,unknown,1,0,unknown,0
33,admin.,divorced,secondary,no,818,yes,yes,cellular,3,0,unknown,0
60,management,single,tertiary,no,0,no,yes,cellular,1,0,unknown,0
55,management,divorced,tertiary,no,1598,no,no,cellular,4,0,unknown,0
38,management,single,tertiary,no,1373,no,no,cellular,4,0,unknown,0
47,self-employed,married,unknown,no,14,yes,no,cellular,1,0,unknown,0
54,management,married,tertiary,no,55,yes,no,cellular,2,0,unknown,0
31,services,married,secondary,no,338,yes,no,cellular,1,0,unknown,0
21,student,single,secondary,no,6844,no,no,cellular,3,7,other,0
32,self-employed,married,tertiary,no,189,yes,no,unknown,2,0,unknown,0
43,self-employed,single,tertiary,no,0,no,no,unknown,1,0,unknown,0
52,technician,married,tertiary,no,0,no,no,cellular,3,4,success,0
26,unemployed,single,secondary,no,1064,no,no,unknown,1,0,unknown,0
48,technician,married,secondary,no,10655,no,no,telephone,3,0,unknown,0
49,blue-collar,married,unknown,no,51,yes,no,unknown,1,0,unknown,0
35,blue-collar,married,secondary,no,5304,yes,no,cellular,1,2,failure,0
46,technician,married,secondary,no,1427,yes,no,unknown,3,0,unknown,0
46,admin.,single,secondary,no,751,yes,no,unknown,2,0,unknown,0
38,management,single,tertiary,no,15030,yes,no,cellular,1,7,other,0
47,technician,married,secondary,no,65,no,no,cellular,8,0,unknown,0
33,technician,divorced,secondary,yes,-305,no,yes,unknown,1,0,unknown,0
57,blue-collar,married,primary,no,318,yes,no,unknown,2,0,unknown,0
42,admin.,single,secondary,no,-247,yes,yes,telephone,1,1,other,1
38,entrepreneur,married,secondary,yes,15,yes,no,cellular,1,0,unknown,0
54,retired,married,secondary,no,1139,yes,no,cellular,1,7,failure,0
48,management,divorced,tertiary,no,108,yes,no,unknown,2,0,unknown,0
43,unemployed,married,tertiary,no,58,yes,no,cellular,4,0,unknown,0
46,self-employed,married,secondary,no,390,yes,no,cellular,2,0,unknown,0
51,technician,married,primary,no,1550,no,no,unknown,5,0,unknown,0
37,technician,single,unknown,no,391,yes,no,unknown,3,0,unknown,0
57,retired,married,secondary,no,523,no,yes,cellular,6,0,unknown,0
58,management,married,primary,no,2769,yes,no,cellular,2,0,unknown,0
47,entrepreneur,married,unknown,no,209,yes,no,unknown,2,0,unknown,0
43,management,married,tertiary,no,2,no,yes,cellular,2,0,unknown,0
46,housemaid,married,primary,no,19,yes,no,telephone,1,0,unknown,0
39,blue-collar,married,primary,no,111,no,no,cellular,2,0,unknown,0
37,management,married,tertiary,no,0,yes,no,unknown,13,0,unknown,0
31,technician,married,secondary,no,589,yes,yes,unknown,1,0,unknown,0
55,technician,married,secondary,no,955,yes,no,cellular,1,0,unknown,0
32,technician,married,secondary,no,5122,no,no,cellular,1,0,unknown,0
41,blue-collar,married,secondary,no,338,yes,no,unknown,1,0,unknown,0
43,unemployed,married,tertiary,no,58,yes,no,cellular,4,0,unknown,0
34,management,divorced,tertiary,no,13204,yes,yes,cellular,2,0,unknown,0
33,blue-collar,married,primary,no,511,yes,no,unknown,2,0,unknown,0
50,technician,married,tertiary,no,3337,yes,yes,telephone,14,0,unknown,0
27,services,married,secondary,no,0,yes,no,cellular,13,0,unknown,1
38,admin.,single,secondary,no,902,yes,no,telephone,13,0,unknown,0
35,technician,married,tertiary,no,7050,no,no,cellular,3,4,success,1
33,blue-collar,married,primary,no,1209,yes,no,cellular,1,0,unknown,0
55,admin.,married,secondary,no,1102,yes,no,unknown,2,0,unknown,0
41,blue-collar,divorced,secondary,no,174,yes,no,cellular,2,1,other,0
57,retired,married,tertiary,no,0,no,no,cellular,4,0,unknown,0
46,admin.,married,secondary,no,120,yes,no,unknown,11,0,unknown,0
30,technician,single,tertiary,no,236,yes,no,unknown,1,0,unknown,0
34,admin.,single,secondary,no,1,yes,no,cellular,7,0,unknown,0
57,housemaid,single,secondary,no,254,no,no,cellular,1,0,unknown,0
56,retired,divorced,secondary,no,212,no,yes,telephone,1,0,unknown,0
28,blue-collar,single,secondary,no,-46,yes,no,cellular,1,14,success,1
50,blue-collar,married,primary,no,2142,yes,no,cellular,2,1,other,0
38,management,single,tertiary,no,15030,yes,no,cellular,1,7,other,0
45,blue-collar,married,secondary,no,4365,no,yes,cellular,2,0,unknown,0
34,blue-collar,single,secondary,no,3723,yes,no,unknown,5,0,unknown,0
70,retired,married,primary,no,3782,no,no,cellular,1,0,unknown,0
39,housemaid,married,primary,no,267,no,no,unknown,5,0,unknown,0
58,unemployed,married,tertiary,no,744,no,no,telephone,1,0,unknown,0
30,blue-collar,married,primary,no,-336,no,no,cellular,6,0,unknown,0
35,technician,married,secondary,no,2,no,no,telephone,3,0,unknown,0
44,management,married,tertiary,no,3762,no,no,cellular,12,0,unknown,0
41,unemployed,divorced,secondary,no,1281,no,no,cellular,3,0,unknown,0
44,blue-collar,married,secondary,no,2523,yes,no,unknown,2,0,unknown,0
47,management,married,tertiary,no,6637,yes,no,cellular,2,0,unknown,0
45,blue-collar,married,primary,no,61,no,no,cellular,1,0,unknown,0
33,services,divorced,secondary,no,2411,yes,no,cellular,1,1,failure,1
39,blue-collar,married,secondary,no,-405,yes,no,cellular,1,0,unknown,0
49,admin.,married,secondary,no,14440,yes,no,cellular,1,0,unknown,0
33,blue-collar,single,secondary,no,706,yes,no,cellular,1,1,failure,0
81,retired,married,secondary,no,1,no,no,cellular,5,0,unknown,0
35,technician,married,secondary,no,4508,yes,no,cellular,1,0,unknown,1
47,technician,married,secondary,no,65,no,no,cellular,8,0,unknown,0
35,blue-collar,single,primary,no,293,yes,no,unknown,2,0,unknown,0
36,technician,single,secondary,no,1521,yes,no,unknown,2,0,unknown,0
41,management,married,tertiary,no,51,no,no,cellular,8,0,unknown,0
75,retired,married,secondary,no,26452,no,no,telephone,2,0,unknown,0
43,management,married,tertiary,no,348,no,yes,cellular,3,0,unknown,0
40,self-employed,married,tertiary,no,642,no,no,cellular,3,0,unknown,0
25,student,single,secondary,no,331,no,no,telephone,4,0,unknown,1
35,services,married,secondary,no,0,yes,no,cellular,2,0,unknown,0
32,self-employed,single,secondary,no,518,yes,no,cellular,7,0,unknown,0
50,admin.,married,secondary,no,231,yes,no,cellular,2,0,unknown,0
51,admin.,divorced,secondary,no,340,yes,no,unknown,1,0,unknown,0
31,admin.,married,secondary,no,0,yes,yes,unknown,2,0,unknown,0
29,self-employed,married,tertiary,no,751,yes,no,unknown,2,0,unknown,0
71,retired,married,primary,no,4657,no,no,cellular,5,0,unknown,1
34,technician,single,tertiary,no,228,yes,no,cellular,4,0,unknown,0
48,management,married,secondary,no,99,yes,no,unknown,1,0,unknown,0
39,technician,single,unknown,no,75,no,no,unknown,1,0,unknown,0
50,admin.,married,secondary,no,231,yes,no,cellular,2,0,unknown,0
46,technician,married,secondary,no,-337,yes,no,unknown,1,0,unknown,0
34,management,married,tertiary,no,436,yes,no,cellular,1,1,failure,0
53,housemaid,married,primary,no,2581,no,no,cellular,1,0,unknown,0
48,blue-collar,married,secondary,no,0,yes,no,unknown,1,0,unknown,0
38,technician,single,secondary,no,4366,yes,no,cellular,2,0,unknown,0
34,housemaid,married,tertiary,no,0,no,no,cellular,1,1,failure,0
34,blue-collar,single,secondary,no,-72,yes,no,cellular,5,0,unknown,0
45,admin.,single,secondary,no,-11,yes,no,cellular,1,0,unknown,0
42,management,married,tertiary,no,520,no,no,cellular,1,0,unknown,0
39,management,divorced,tertiary,no,26,no,no,unknown,5,0,unknown,0
37,blue-collar,single,primary,no,851,yes,no,cellular,1,1,failure,0
38,admin.,single,secondary,no,902,yes,no,telephone,13,0,unknown,0
44,management,married,secondary,no,8262,yes,no,cellular,16,0,unknown,0
57,admin.,married,secondary,no,-967,yes,no,telephone,7,0,unknown,0
58,admin.,single,secondary,no,2223,no,no,cellular,2,1,success,0
50,blue-collar,married,primary,no,-1,no,no,cellular,2,0,unknown,0
55,retired,married,secondary,no,168,no,no,cellular,2,0,unknown,0
40,blue-collar,married,secondary,no,61,yes,no,unknown,3,0,unknown,0
28,blue-collar,married,secondary,no,373,yes,no,cellular,9,1,failure,0
26,student,single,secondary,no,-147,no,no,unknown,2,0,unknown,0
28,technician,married,secondary,no,232,yes,yes,cellular,1,1,failure,0
45,admin.,divorced,secondary,no,0,no,no,cellular,1,0,unknown,1
36,entrepreneur,married,tertiary,no,6,no,no,telephone,1,0,unknown,0
48,blue-collar,married,secondary,no,1738,yes,no,cellular,1,0,unknown,0
55,blue-collar,married,primary,no,145,no,no,telephone,3,2,other,0
49,blue-collar,married,primary,no,371,yes,no,cellular,44,0,unknown,0
56,admin.,divorced,secondary,no,985,no,yes,cellular,2,0,unknown,0
25,student,single,secondary,no,304,no,no,cellular,2,0,unknown,1
35,services,married,secondary,no,819,yes,no,telephone,14,0,unknown,0
48,services,single,primary,no,1499,yes,no,cellular,7,0,unknown,0
31,self-employed,married,tertiary,no,1134,no,no,cellular,2,0,unknown,0
49,services,married,secondary,no,2201,yes,no,unknown,3,0,unknown,0
49,blue-collar,married,secondary,no,8545,yes,yes,cellular,7,1,failure,0
45,entrepreneur,married,secondary,no,68,yes,no,unknown,1,0,unknown,0
31,blue-collar,married,secondary,no,401,no,no,cellular,3,0,unknown,0
44,entrepreneur,married,tertiary,no,0,yes,no,unknown,1,0,unknown,0
36,services,single,secondary,no,774,yes,no,cellular,2,1,failure,0
52,housemaid,married,secondary,no,14363,no,no,unknown,1,0,unknown,0
48,management,divorced,secondary,no,1598,yes,no,unknown,1,0,unknown,0
50,technician,single,secondary,no,3897,no,no,cellular,1,0,unknown,0
30,blue-collar,single,secondary,no,75,yes,no,unknown,1,0,unknown,0
44,admin.,married,secondary,no,205,no,no,cellular,1,0,unknown,1
28,blue-collar,single,secondary,no,517,no,yes,cellular,1,0,unknown,1
36,services,married,secondary,no,257,yes,no,cellular,2,0,unknown,0
44,management,married,tertiary,no,773,no,yes,cellular,1,0,unknown,0
38,entrepreneur,divorced,tertiary,no,7929,no,no,cellular,3,0,unknown,0
48,management,married,primary,no,2537,no,no,cellular,6,0,unknown,0
35,technician,married,secondary,no,327,yes,no,cellular,3,0,unknown,0
58,management,married,tertiary,no,2764,no,no,cellular,1,0,unknown,0
50,technician,married,secondary,no,669,yes,no,unknown,1,0,unknown,0
33,technician,married,secondary,no,181,yes,yes,telephone,2,0,unknown,0
27,blue-collar,married,secondary,no,2171,yes,no,cellular,1,1,other,0
47,admin.,divorced,secondary,no,162,yes,no,unknown,4,0,unknown,0
33,blue-collar,married,secondary,no,467,yes,no,unknown,2,0,unknown,0
58,management,divorced,tertiary,no,1533,no,no,unknown,2,0,unknown,0
46,technician,married,secondary,no,57,no,no,unknown,1,0,unknown,1
36,management,married,tertiary,no,0,yes,no,cellular,1,1,other,0
32,services,married,secondary,no,61,yes,no,cellular,5,0,unknown,0
34,management,single,tertiary,no,340,yes,no,unknown,28,0,unknown,0
33,blue-collar,married,secondary,no,1134,yes,no,unknown,2,0,unknown,0
49,blue-collar,married,secondary,no,2039,yes,no,cellular,1,2,failure,1
49,services,married,secondary,no,823,no,no,cellular,4,0,unknown,1
60,technician,married,primary,no,65,yes,no,unknown,2,0,unknown,1
38,unemployed,married,primary,no,-363,no,no,unknown,2,0,unknown,0
48,admin.,married,primary,no,607,no,no,unknown,2,0,unknown,0
34,management,married,tertiary,no,1906,yes,no,cellular,3,0,unknown,0
31,blue-collar,married,secondary,no,79,yes,yes,cellular,11,0,unknown,0
44,technician,married,secondary,no,310,yes,no,cellular,1,1,failure,0
38,management,married,tertiary,no,46,no,no,cellular,4,0,unknown,0
30,entrepreneur,married,secondary,no,946,yes,no,cellular,1,1,other,0
39,management,married,tertiary,no,894,yes,no,cellular,1,1,other,0
36,admin.,married,unknown,no,2323,no,no,cellular,1,0,unknown,0
31,blue-collar,married,primary,no,2,yes,yes,cellular,1,0,unknown,0
50,technician,divorced,secondary,no,-701,yes,yes,cellular,1,0,unknown,0
42,blue-collar,married,primary,no,0,yes,yes,cellular,2,0,unknown,0
48,blue-collar,married,primary,no,5366,yes,no,unknown,3,0,unknown,0
45,blue-collar,divorced,secondary,no,1269,yes,no,cellular,2,0,unknown,0
47,entrepreneur,married,unknown,no,209,yes,no,unknown,2,0,unknown,0
34,technician,married,secondary,no,1641,yes,no,cellular,1,0,unknown,0
29,self-employed,married,tertiary,no,751,yes,no,unknown,2,0,unknown,0
31,management,married,secondary,no,466,yes,no,cellular,1,0,unknown,0
31,blue-collar,single,primary,no,864,yes,no,telephone,2,0,unknown,0
30,blue-collar,single,primary,no,395,no,no,cellular,1,0,unknown,0
44,self-employed,married,secondary,no,313,no,no,cellular,4,0,unknown,0
43,management,single,secondary,no,109,yes,no,unknown,3,0,unknown,0
34,admin.,single,primary,no,0,yes,yes,cellular,4,0,unknown,0
50,technician,married,secondary,no,1412,no,no,cellular,3,0,unknown,0
30,services,single,tertiary,no,-477,no,yes,cellular,2,0,unknown,1
51,housemaid,married,primary,no,492,yes,no,unknown,3,0,unknown,0
54,blue-collar,married,primary,no,781,yes,no,unknown,2,0,unknown,0
58,management,married,tertiary,no,9339,yes,no,telephone,3,3,other,0
39,management,married,tertiary,no,399,no,no,cellular,1,0,unknown,0
30,blue-collar,married,primary,no,-518,yes,yes,unknown,6,0,unknown,0
41,blue-collar,married,primary,no,2067,yes,no,cellular,7,0,unknown,0
30,blue-collar,single,secondary,no,315,no,no,cellular,1,0,unknown,1
46,services,married,secondary,no,4,no,no,cellular,1,5,other,1
39,blue-collar,married,secondary,no,1045,yes,yes,cellular,13,0,unknown,0
45,admin.,married,secondary,no,72,yes,yes,cellular,2,2,failure,0
32,services,married,secondary,no,255,yes,yes,unknown,2,0,unknown,0
35,entrepreneur,single,tertiary,no,145,yes,no,cellular,2,0,unknown,1
47,self-employed,married,unknown,no,14,yes,no,cellular,1,0,unknown,0
43,unknown,single,tertiary,no,2731,no,no,cellular,7,0,unknown,0
70,retired,married,secondary,no,2815,no,no,cellular,2,1,failure,0
41,technician,divorced,secondary,no,0,yes,no,cellular,2,0,unknown,0
47,management,divorced,tertiary,no,1149,no,yes,cellular,2,0,unknown,0
34,self-employed,married,secondary,no,-370,yes,no,unknown,1,0,unknown,0
31,technician,married,secondary,no,589,yes,yes,unknown,1,0,unknown,0
32,blue-collar,married,secondary,no,9,yes,no,cellular,2,0,unknown,0
49,services,single,secondary,no,133,no,no,unknown,6,0,unknown,0
33,management,single,tertiary,no,71,no,no,cellular,6,0,unknown,0
43,management,married,secondary,no,17555,no,no,cellular,14,0,unknown,0
26,housemaid,married,tertiary,no,543,no,no,cellular,3,0,unknown,0
31,blue-collar,single,secondary,no,16,no,no,cellular,1,0,unknown,0
38,services,married,secondary,no,435,yes,no,unknown,2,0,unknown,0
33,services,married,secondary,no,288,yes,no,cellular,1,0,unknown,0
39,admin.,divorced,secondary,no,1022,yes,no,unknown,3,0,unknown,0
29,management,married,tertiary,no,877,no,no,cellular,3,0,unknown,0
29,management,married,tertiary,no,20,yes,no,cellular,1,0,unknown,0
52,management,married,tertiary,no,6922,no,no,cellular,1,0,unknown,0
30,services,single,tertiary,no,3516,yes,no,unknown,4,0,unknown,0
37,management,single,tertiary,no,815,yes,no,cellular,1,0,unknown,0
29,admin.,married,secondary,no,22171,yes,no,cellular,1,3,failure,0
31,blue-collar,married,primary,no,620,no,no,cellular,1,0,unknown,0
40,management,married,tertiary,no,8969,yes,no,cellular,1,0,unknown,0
31,management,married,tertiary,no,1343,yes,yes,unknown,1,0,unknown,0
53,management,divorced,secondary,no,112,no,yes,cellular,3,0,unknown,0
46,technician,married,tertiary,no,217,yes,no,cellular,1,2,other,0
38,retired,single,unknown,no,62,no,no,unknown,1,0,unknown,0
29,technician,married,tertiary,no,858,yes,no,cellular,7,1,failure,0
55,management,married,tertiary,no,236,no,no,cellular,1,0,unknown,0
32,admin.,married,secondary,no,76,yes,no,unknown,2,0,unknown,0
30,services,married,secondary,no,1808,yes,no,cellular,2,0,unknown,0
46,blue-collar,married,secondary,no,5,no,no,cellular,3,0,unknown,0
30,technician,single,secondary,no,3107,yes,no,unknown,2,0,unknown,0
49,blue-collar,married,primary,no,902,no,no,unknown,2,0,unknown,0
56,unemployed,divorced,primary,no,109,no,no,cellular,4,0,unknown,0
44,blue-collar,married,primary,no,271,yes,yes,unknown,1,0,unknown,0
30,management,married,tertiary,no,877,no,no,cellular,1,5,failure,0
26,services,single,secondary,no,512,yes,yes,cellular,5,3,failure,0
41,self-employed,married,primary,no,204,no,no,cellular,7,0,unknown,0
41,unknown,single,tertiary,no,1567,no,no,cellular,2,0,unknown,0
34,management,married,tertiary,no,0,yes,no,cellular,1,2,success,1
39,admin.,married,tertiary,no,722,no,no,telephone,1,0,unknown,0
45,self-employed,married,tertiary,no,334,no,no,unknown,2,0,unknown,0
32,management,single,tertiary,no,474,yes,no,cellular,3,0,unknown,0
51,unemployed,single,tertiary,no,1594,no,no,telephone,1,0,unknown,0
24,admin.,single,secondary,no,926,yes,yes,cellular,1,0,unknown,0
40,technician,married,secondary,no,1259,no,no,unknown,5,0,unknown,0
34,management,married,tertiary,no,1906,yes,no,cellular,3,0,unknown,0
50,self-employed,married,secondary,no,3025,no,yes,cellular,3,0,unknown,0
38,services,married,secondary,no,497,yes,yes,unknown,5,0,unknown,0
29,admin.,married,secondary,no,22171,yes,no,cellular,1,3,failure,0
57,unemployed,married,secondary,no,0,no,no,unknown,1,0,unknown,0
34,technician,single,tertiary,no,925,yes,no,cellular,1,0,unknown,1
56,admin.,divorced,secondary,no,3337,yes,no,telephone,3,0,unknown,0
34,management,married,tertiary,no,703,yes,no,cellular,1,0,unknown,1
36,admin.,married,secondary,no,-423,yes,yes,unknown,1,0,unknown,0
46,blue-collar,married,primary,no,91,yes,no,cellular,1,2,failure,0
36,management,married,tertiary,no,9,no,no,cellular,4,0,unknown,1
31,technician,single,unknown,no,187,no,no,cellular,1,0,unknown,0
42,management,married,tertiary,no,2187,yes,no,cellular,3,0,unknown,1
59,retired,married,primary,no,0,yes,no,unknown,7,0,unknown,0
46,management,divorced,secondary,no,558,no,no,cellular,6,0,unknown,0
50,technician,married,secondary,no,841,yes,no,unknown,2,0,unknown,0
33,admin.,single,secondary,no,894,no,no,cellular,2,0,unknown,0
34,technician,married,secondary,no,1641,yes,no,cellular,1,0,unknown,0
32,technician,married,secondary,no,5122,no,no,cellular,1,0,unknown,0
27,services,single,secondary,no,3354,yes,no,cellular,5,0,unknown,0
36,blue-collar,married,secondary,no,-73,yes,yes,cellular,8,0,unknown,0
73,retired,married,secondary,no,19,no,no,cellular,2,0,unknown,0
56,housemaid,married,primary,no,306,no,yes,cellular,1,0,unknown,0
37,technician,divorced,secondary,no,23,no,no,cellular,2,0,unknown,0
33,admin.,single,tertiary,no,621,no,no,cellular,1,0,unknown,0
27,admin.,married,secondary,no,710,yes,yes,cellular,1,2,success,1
35,blue-collar,married,secondary,no,6411,yes,yes,cellular,1,2,failure,0
57,housemaid,married,primary,no,501,yes,yes,cellular,2,0,unknown,0
38,blue-collar,divorced,secondary,no,595,yes,no,cellular,3,0,unknown,0
36,management,married,tertiary,no,0,yes,no,cellular,1,1,other,0
77,retired,married,secondary,no,610,no,no,cellular,3,0,unknown,0
51,technician,married,secondary,no,500,yes,no,cellular,6,0,unknown,0
37,entrepreneur,married,tertiary,no,4798,yes,no,unknown,2,0,unknown,0
49,self-employed,married,secondary,no,1103,no,no,cellular,2,0,unknown,0
30,services,single,secondary,no,432,yes,no,unknown,3,0,unknown,0
55,blue-collar,married,secondary,no,383,no,no,unknown,1,0,unknown,0
35,management,married,tertiary,no,1100,no,yes,cellular,2,0,unknown,0
51,management,married,tertiary,no,-15,no,no,cellular,2,0,unknown,0
35,technician,single,tertiary,no,3552,no,no,cellular,1,0,unknown,0
43,unemployed,married,secondary,no,3529,no,no,cellular,2,0,unknown,0
30,management,married,tertiary,no,1221,yes,no,telephone,4,0,unknown,1
58,management,married,tertiary,no,1517,yes,no,telephone,5,0,unknown,0
27,admin.,married,secondary,no,639,no,yes,cellular,3,0,unknown,0
31,blue-collar,married,secondary,no,897,yes,no,unknown,2,0,unknown,0
50,services,married,primary,no,1260,no,no,cellular,1,0,unknown,0
42,services,married,tertiary,no,12223,yes,no,cellular,1,0,unknown,0
23,technician,single,secondary,no,-306,yes,no,unknown,2,0,unknown,0
36,blue-collar,married,secondary,no,2357,yes,no,unknown,2,0,unknown,0
33,management,single,tertiary,no,99,no,no,cellular,1,0,unknown,0
34,housemaid,married,secondary,no,0,yes,no,unknown,1,0,unknown,1
41,technician,single,secondary,no,879,no,yes,cellular,4,0,unknown,0
24,services,married,tertiary,no,0,yes,no,unknown,1,0,unknown,0
38,management,single,tertiary,no,1373,no,no,cellular,4,0,unknown,0
61,management,married,tertiary,no,6016,no,no,cellular,3,0,unknown,1
45,blue-collar,divorced,primary,no,-311,yes,no,unknown,1,0,unknown,1
34,management,married,tertiary,no,703,yes,no,cellular,1,0,unknown,1
60,retired,married,secondary,no,262,no,no,cellular,4,0,unknown,0
29,technician,single,tertiary,no,828,yes,no,cellular,3,3,other,0
52,management,married,tertiary,no,3163,no,no,cellular,6,0,unknown,0
49,blue-collar,married,secondary,no,8545,yes,yes,cellular,7,1,failure,0
55,blue-collar,married,primary,no,1086,yes,no,cellular,1,2,failure,0
35,blue-collar,married,primary,no,0,yes,no,cellular,6,0,unknown,0
37,blue-collar,married,secondary,no,346,yes,no,cellular,1,1,failure,0
78,housemaid,married,secondary,no,499,no,no,telephone,4,0,unknown,0
31,technician,single,secondary,no,102,yes,no,telephone,2,2,failure,0
37,management,married,tertiary,no,1315,no,no,cellular,1,0,unknown,1
27,services,married,secondary,no,0,yes,no,cellular,13,0,unknown,1
36,technician,single,secondary,no,1521,yes,no,unknown,2,0,unknown,0
25,blue-collar,married,primary,yes,-589,yes,no,unknown,1,0,unknown,0
31,unemployed,married,secondary,no,3242,no,no,unknown,2,0,unknown,0
35,technician,divorced,secondary,no,0,no,no,cellular,4,0,unknown,0
29,admin.,single,secondary,no,1070,yes,no,unknown,1,1,other,1
49,technician,married,tertiary,no,3726,no,no,cellular,2,0,unknown,1
29,management,married,tertiary,no,318,yes,no,cellular,2,4,failure,0
31,technician,single,secondary,no,1970,no,no,telephone,3,0,unknown,0
33,technician,married,secondary,no,181,yes,yes,telephone,2,0,unknown,0
46,technician,married,secondary,no,499,yes,no,cellular,10,0,unknown,0
47,entrepreneur,married,unknown,no,209,yes,no,unknown,2,0,unknown,0
25,student,single,secondary,no,1790,no,no,cellular,1,3,failure,0
23,student,married,tertiary,yes,-230,yes,no,cellular,2,0,unknown,0
48,technician,married,tertiary,no,310,no,no,unknown,1,0,unknown,0
35,blue-collar,divorced,secondary,no,3102,yes,no,cellular,1,0,unknown,0
37,admin.,married,tertiary,no,3913,yes,no,cellular,1,0,unknown,1
38,blue-collar,single,tertiary,no,14058,no,no,telephone,20,0,unknown,0
43,technician,single,secondary,no,34,no,no,telephone,1,0,unknown,0
43,management,divorced,tertiary,no,497,no,no,cellular,1,22,failure,0
38,technician,single,secondary,no,258,no,yes,unknown,2,0,unknown,0
54,self-employed,married,secondary,no,641,yes,no,cellular,1,2,failure,0
28,blue-collar,single,secondary,no,6307,yes,no,unknown,1,0,unknown,0
40,management,married,secondary,no,643,yes,no,cellular,2,1,failure,0
30,services,married,secondary,no,227,no,yes,unknown,1,0,unknown,0
48,retired,married,primary,yes,-285,no,yes,cellular,1,0,unknown,0
27,blue-collar,married,secondary,no,872,yes,no,cellular,3,0,unknown,0
58,management,married,tertiary,no,172,no,no,cellular,7,0,unknown,0
53,management,married,tertiary,no,1343,no,no,cellular,4,0,unknown,0
57,admin.,married,secondary,no,2137,no,no,telephone,7,0,unknown,0
59,blue-collar,married,unknown,no,139,no,no,unknown,1,0,unknown,0
58,self-employed,married,secondary,no,1407,yes,no,unknown,1,0,unknown,0
47,admin.,divorced,secondary,no,162,yes,no,unknown,4,0,unknown,0
53,management,married,primary,no,4086,no,no,unknown,3,0,unknown,0
44,management,married,tertiary,no,17361,no,no,unknown,1,0,unknown,0
45,blue-collar,married,primary,no,0,no,no,unknown,5,0,unknown,0
28,blue-collar,divorced,unknown,no,101,yes,no,unknown,4,0,unknown,0
56,retired,divorced,secondary,no,212,no,yes,telephone,1,0,unknown,0
28,technician,single,tertiary,no,0,yes,no,unknown,6,0,unknown,0
57,retired,married,secondary,no,49,yes,yes,cellular,4,0,unknown,0
48,management,single,tertiary,no,414,no,no,cellular,2,0,unknown,0
42,unemployed,married,secondary,no,8131,yes,no,unknown,1,0,unknown,0
58,housemaid,married,secondary,no,2705,no,no,telephone,1,0,unknown,0
30,blue-collar,single,secondary,no,2145,yes,no,cellular,2,0,unknown,1
60,retired,married,secondary,no,78,yes,no,unknown,3,0,unknown,0
50,management,married,tertiary,no,-470,yes,no,cellular,2,3,failure,0
56,admin.,divorced,secondary,no,985,no,yes,cellular,2,0,unknown,0
40,blue-collar,married,secondary,no,498,yes,no,cellular,2,4,failure,0
34,technician,single,secondary,no,5039,no,no,cellular,6,0,unknown,0
58,retired,married,unknown,no,937,no,no,cellular,1,0,unknown,0
33,management,married,tertiary,no,296,no,no,cellular,2,0,unknown,0
29,technician,single,secondary,no,534,yes,no,cellular,1,0,unknown,0
49,blue-collar,married,primary,no,371,yes,no,cellular,44,0,unknown,0
25,services,single,secondary,no,368,no,no,telephone,1,0,unknown,0
32,management,married,secondary,no,6217,yes,yes,cellular,2,2,failure,0
27,housemaid,married,primary,no,0,yes,no,cellular,3,0,unknown,0
45,blue-collar,married,primary,no,0,no,no,unknown,5,0,unknown,0
28,management,single,tertiary,no,1466,yes,no,cellular,1,0,unknown,0
49,admin.,married,secondary,no,3608,yes,no,unknown,1,0,unknown,1
48,services,single,unknown,no,5095,yes,no,unknown,1,0,unknown,0
42,self-employed,divorced,tertiary,no,360,yes,no,unknown,5,0,unknown,0
42,technician,married,secondary,no,0,no,no,cellular,12,0,unknown,0
34,blue-collar,married,secondary,no,7,yes,yes,cellular,2,2,other,0
41,blue-collar,married,primary,no,4,no,no,cellular,5,0,unknown,0
42,blue-collar,married,primary,no,969,yes,no,cellular,1,0,unknown,0
53,management,divorced,secondary,no,112,no,yes,cellular,3,0,unknown,0
50,management,married,secondary,no,732,no,no,cellular,7,0,unknown,0
27,services,married,secondary,no,-1202,yes,no,unknown,2,0,unknown,0
30,management,single,tertiary,no,2,yes,yes,cellular,8,0,unknown,1
47,blue-collar,married,secondary,no,1203,yes,no,cellular,2,0,unknown,0
34,technician,single,tertiary,no,9851,yes,no,cellular,5,0,unknown,0
44,technician,divorced,unknown,no,759,yes,no,unknown,1,0,unknown,0
31,services,married,secondary,no,440,yes,no,unknown,3,0,unknown,0
48,blue-collar,married,primary,no,750,yes,no,cellular,6,0,unknown,0
36,management,single,tertiary,no,3343,no,no,cellular,1,0,unknown,0
39,services,divorced,secondary,no,282,yes,no,cellular,1,0,unknown,0
32,management,single,tertiary,no,151,yes,no,unknown,1,0,unknown,0
31,blue-collar,single,secondary,no,609,yes,no,cellular,1,1,failure,0
32,technician,married,secondary,no,5122,no,no,cellular,1,0,unknown,0
75,retired,married,secondary,no,26452,no,no,telephone,2,0,unknown,0
53,unknown,married,unknown,no,13,no,no,telephone,1,0,unknown,0
38,technician,single,secondary,no,4366,yes,no,cellular,2,0,unknown,0
34,technician,single,secondary,no,2178,yes,no,cellular,1,0,unknown,0
47,blue-collar,married,primary,no,292,no,yes,telephone,3,0,unknown,0
34,management,married,secondary,no,15,no,no,cellular,7,0,unknown,0
57,retired,married,secondary,no,1044,no,no,telephone,1,2,success,1
43,management,single,secondary,no,-228,yes,yes,unknown,2,0,unknown,0
65,retired,married,primary,no,493,no,no,cellular,1,1,failure,0
30,management,single,tertiary,no,2,yes,yes,cellular,8,0,unknown,1
37,entrepreneur,married,tertiary,no,7944,no,no,cellular,1,0,unknown,0
40,self-employed,single,tertiary,no,2893,no,no,cellular,3,0,unknown,0
32,admin.,married,tertiary,no,0,yes,no,unknown,1,0,unknown,0
34,technician,single,secondary,no,179,no,no,cellular,3,0,unknown,0
54,self-employed,married,secondary,no,641,yes,no,cellular,1,2,failure,0
35,admin.,married,tertiary,no,0,yes,no,cellular,7,0,unknown,0
54,management,married,tertiary,no,8295,no,no,cellular,1,0,unknown,1
55,retired,married,primary,no,150,no,no,cellular,1,0,unknown,0
51,self-employed,divorced,primary,no,10924,no,no,cellular,2,0,unknown,0
32,services,married,secondary,no,4885,yes,yes,cellular,2,0,unknown,0
40,admin.,single,secondary,no,462,yes,yes,cellular,1,4,other,0
36,management,single,tertiary,no,678,no,yes,unknown,3,0,unknown,0
35,blue-collar,single,secondary,no,376,yes,yes,unknown,3,0,unknown,0
47,management,married,tertiary,no,6637,yes,no,cellular,2,0,unknown,0
52,retired,married,secondary,no,603,no,yes,unknown,1,0,unknown,0
53,technician,divorced,secondary,no,0,yes,yes,cellular,5,0,unknown,0
46,admin.,single,secondary,no,1790,yes,no,unknown,5,0,unknown,0
34,admin.,married,secondary,no,96,no,no,cellular,2,0,unknown,0
41,management,divorced,tertiary,no,4567,yes,yes,cellular,1,0,unknown,0
56,retired,divorced,primary,no,694,no,no,cellular,1,1,other,1
32,unemployed,divorced,primary,no,0,no,no,cellular,4,0,unknown,0
37,services,single,secondary,no,608,no,no,cellular,3,0,unknown,0
34,management,married,tertiary,no,3301,yes,no,cellular,2,4,failure,1
41,management,married,tertiary,no,2885,no,no,cellular,1,0,unknown,0
45,technician,single,secondary,no,410,yes,no,unknown,4,0,unknown,1
36,technician,single,secondary,no,1855,yes,no,cellular,1,1,failure,0
58,housemaid,married,secondary,no,2705,no,no,telephone,1,0,unknown,0
61,retired,married,secondary,no,5207,no,no,cellular,1,2,other,0
57,services,married,tertiary,no,10,no,no,telephone,3,0,unknown,0
56,services,married,secondary,no,705,yes,no,unknown,2,0,unknown,0
41,blue-collar,single,unknown,no,4684,no,no,unknown,6,0,unknown,0
45,admin.,divorced,secondary,no,0,no,no,cellular,1,0,unknown,1
33,management,single,tertiary,no,1909,no,no,cellular,2,0,unknown,0
32,services,married,secondary,no,55,yes,no,unknown,9,0,unknown,0
36,technician,single,secondary,yes,12,no,no,cellular,2,0,unknown,1
39,technician,married,secondary,no,3663,no,no,cellular,3,0,unknown,0
23,technician,single,secondary,no,598,no,no,cellular,1,0,unknown,0
29,blue-collar,married,secondary,no,228,yes,no,cellular,8,9,failure,0
48,blue-collar,married,secondary,no,333,yes,no,cellular,6,0,unknown,0
65,unknown,married,unknown,no,4717,no,no,telephone,1,0,unknown,1
31,blue-collar,married,secondary,no,0,no,yes,telephone,2,0,unknown,0
49,management,single,tertiary,no,588,no,no,cellular,9,0,unknown,0
46,admin.,divorced,secondary,no,2232,no,no,cellular,1,0,unknown,1
58,admin.,married,secondary,no,1142,no,no,telephone,3,0,unknown,0
48,admin.,married,unknown,no,0,yes,no,cellular,1,2,failure,0
29,services,married,secondary,no,57,yes,no,telephone,9,0,unknown,0
39,entrepreneur,married,primary,no,238,yes,yes,cellular,1,0,unknown,0
37,admin.,single,secondary,no,0,yes,no,cellular,2,0,unknown,0
46,housemaid,married,primary,no,19,yes,no,telephone,1,0,unknown,0
49,admin.,married,secondary,no,13229,no,yes,telephone,2,0,unknown,0
34,management,married,tertiary,no,697,no,no,cellular,1,0,unknown,0
33,services,married,secondary,no,4789,yes,yes,cellular,1,4,failure,0
54,blue-collar,married,unknown,no,310,yes,no,telephone,4,3,other,0
30,technician,single,secondary,no,3107,yes,no,unknown,2,0,unknown,0
30,blue-collar,single,primary,no,71,yes,no,unknown,6,0,unknown,0
31,blue-collar,single,primary,no,-280,no,no,unknown,3,0,unknown,0
25,self-employed,single,tertiary,no,453,yes,no,cellular,1,0,unknown,0
57,blue-collar,married,primary,no,93,yes,no,telephone,1,0,unknown,0
58,self-employed,married,primary,no,1013,yes,no,cellular,1,1,failure,1
48,blue-collar,married,secondary,no,841,yes,no,unknown,1,0,unknown,0
42,blue-collar,married,secondary,no,179,yes,no,cellular,1,0,unknown,0
24,blue-collar,married,secondary,no,204,yes,yes,cellular,3,0,unknown,0
51,admin.,divorced,secondary,no,340,yes,no,unknown,1,0,unknown,0
44,unemployed,single,secondary,no,3945,no,no,cellular,1,0,unknown,0
45,blue-collar,married,secondary,no,2926,yes,yes,cellular,3,2,failure,0
39,self-employed,married,secondary,no,167,yes,yes,cellular,1,0,unknown,0
49,management,divorced,tertiary,no,1405,no,no,unknown,1,0,unknown,0
60,admin.,married,secondary,no,-396,yes,no,cellular,1,1,failure,0
58,management,married,tertiary,no,16264,no,no,telephone,3,0,unknown,0
30,management,single,tertiary,no,19358,no,no,cellular,2,0,unknown,0
30,technician,single,secondary,no,790,no,no,cellular,3,0,unknown,0
36,management,married,secondary,no,80,yes,no,unknown,3,0,unknown,0
35,unemployed,married,secondary,no,978,no,no,cellular,3,3,success,1
39,technician,single,secondary,no,122,yes,no,unknown,1,0,unknown,0
54,retired,married,secondary,no,1139,yes,no,cellular,1,7,failure,0
40,management,married,tertiary,no,1584,yes,no,telephone,1,0,unknown,0
37,admin.,married,secondary,no,121,no,no,cellular,6,0,unknown,0
45,management,married,tertiary,no,-459,no,no,cellular,6,0,unknown,0
35,technician,married,secondary,no,2789,yes,no,cellular,2,1,failure,0
35,management,single,tertiary,no,0,no,no,cellular,6,0,unknown,0
46,management,divorced,tertiary,no,743,no,no,unknown,2,0,unknown,0
54,management,divorced,tertiary,no,1295,yes,no,cellular,10,0,unknown,0
69,retired,married,tertiary,no,473,no,no,cellular,1,1,failure,0
49,unemployed,married,tertiary,no,-471,yes,no,cellular,3,7,failure,0
26,unemployed,single,secondary,no,1064,no,no,unknown,1,0,unknown,0
58,management,married,primary,no,2769,yes,no,cellular,2,0,unknown,0
55,services,divorced,tertiary,no,1983,yes,no,telephone,1,0,unknown,0
32,blue-collar,married,secondary,no,119,no,no,cellular,5,0,unknown,0
43,admin.,divorced,secondary,no,738,yes,no,cellular,4,4,failure,0
24,blue-collar,married,secondary,no,-220,yes,no,cellular,1,0,unknown,0
36,management,single,secondary,no,0,no,no,cellular,5,0,unknown,0
38,admin.,single,secondary,no,902,yes,no,telephone,13,0,unknown,0
37,technician,married,secondary,yes,0,no,no,unknown,1,0,unknown,0
57,technician,married,secondary,no,1469,yes,no,cellular,1,0,unknown,0
58,blue-collar,divorced,primary,no,8218,yes,no,cellular,10,0,unknown,0
37,technician,married,secondary,no,1063,yes,no,cellular,2,0,unknown,0
32,services,single,secondary,no,0,no,yes,cellular,2,0,unknown,0
34,management,married,tertiary,no,436,yes,no,cellular,1,1,failure,0
44,blue-collar,married,primary,no,134,yes,no,cellular,1,0,unknown,0
36,management,married,secondary,no,1825,yes,no,cellular,1,1,failure,0
55,management,married,tertiary,no,6880,no,no,cellular,2,0,unknown,0
45,unemployed,divorced,secondary,no,728,yes,yes,cellular,1,0,unknown,0
30,management,single,tertiary,no,201,yes,no,cellular,2,0,unknown,1
47,management,married,tertiary,no,295,yes,no,cellular,1,0,unknown,0
32,blue-collar,single,secondary,no,33,yes,no,cellular,1,4,failure,0
30,blue-collar,single,secondary,no,1073,yes,no,cellular,4,0,unknown,0
86,retired,married,secondary,no,1503,no,no,telephone,3,1,other,0
45,technician,married,secondary,no,1415,yes,no,cellular,1,1,failure,0
55,admin.,married,secondary,no,1102,yes,no,unknown,2,0,unknown,0
31,technician,single,secondary,no,373,no,no,cellular,5,0,unknown,0
36,management,divorced,tertiary,no,608,no,no,cellular,2,0,unknown,0
60,unknown,married,unknown,no,7337,no,no,cellular,1,0,unknown,0
40,unemployed,divorced,secondary,no,507,yes,no,cellular,1,7,failure,0
38,blue-collar,married,primary,no,506,yes,yes,unknown,1,0,unknown,0
53,technician,married,secondary,no,65,no,no,cellular,2,0,unknown,0
31,management,married,tertiary,no,623,yes,no,cellular,2,5,failure,0
44,services,married,secondary,no,5780,yes,no,cellular,2,0,unknown,0
32,technician,married,secondary,no,5122,no,no,cellular,1,0,unknown,0
46,admin.,divorced,secondary,no,2232,no,no,cellular,1,0,unknown,1
32,management,divorced,tertiary,no,874,no,no,cellular,6,0,unknown,1
57,management,married,secondary,no,82,no,yes,telephone,1,0,unknown,0
48,unemployed,married,tertiary,no,-471,yes,no,unknown,7,0,unknown,0
40,self-employed,single,tertiary,no,2893,no,no,cellular,3,0,unknown,0
40,services,married,secondary,no,113,yes,no,unknown,1,0,unknown,0
35,management,married,tertiary,no,0,yes,no,cellular,3,0,unknown,0
28,blue-collar,married,secondary,no,373,yes,no,cellular,9,1,failure,0
38,retired,single,unknown,no,62,no,no,unknown,1,0,unknown,0
57,management,married,tertiary,no,929,no,no,cellular,8,0,unknown,0
26,entrepreneur,single,tertiary,no,81,no,no,cellular,3,0,unknown,0
57,retired,married,tertiary,no,0,yes,yes,unknown,1,0,unknown,1
32,management,married,tertiary,no,62,yes,no,cellular,1,0,unknown,0
32,technician,married,secondary,no,253,yes,no,unknown,3,0,unknown,0
27,blue-collar,single,secondary,no,5563,yes,no,unknown,2,0,unknown,0
49,entrepreneur,married,secondary,no,167,yes,yes,unknown,3,0,unknown,0
36,blue-collar,married,primary,no,123,yes,no,cellular,1,0,unknown,0
45,management,married,tertiary,no,6945,no,no,cellular,5,3,failure,0
36,blue-collar,divorced,secondary,no,-11,no,no,unknown,2,0,unknown,0
42,admin.,single,secondary,no,1022,yes,no,unknown,2,0,unknown,0
35,entrepreneur,married,tertiary,no,2723,yes,yes,cellular,4,0,unknown,0
25,management,single,tertiary,no,553,yes,no,cellular,4,1,failure,0
35,management,single,tertiary,no,71,yes,no,unknown,12,0,unknown,0
21,student,single,unknown,no,137,yes,no,unknown,3,0,unknown,0
50,unemployed,divorced,secondary,no,32,no,no,cellular,2,0,unknown,0
57,unemployed,married,secondary,no,0,no,no,unknown,1,0,unknown,0
35,housemaid,married,primary,no,0,yes,no,cellular,3,0,unknown,0
47,services,single,secondary,no,33,yes,no,cellular,1,0,unknown,0
44,management,married,tertiary,no,1242,yes,no,cellular,6,0,unknown,0
47,management,single,tertiary,no,0,no,no,unknown,3,0,unknown,0
45,technician,married,secondary,no,88,no,no,cellular,2,0,unknown,0
37,technician,married,secondary,no,712,yes,no,cellular,2,0,unknown,0
58,blue-collar,married,secondary,no,602,yes,no,cellular,1,0,unknown,0
33,technician,married,secondary,no,133,no,no,cellular,1,0,unknown,1
55,retired,divorced,secondary,no,1580,no,yes,unknown,1,0,unknown,1
35,management,married,tertiary,no,4286,yes,no,unknown,1,0,unknown,0
32,management,married,tertiary,no,5878,no,no,cellular,2,0,unknown,0
31,entrepreneur,married,tertiary,no,5191,no,no,cellular,2,0,unknown,0
45,blue-collar,married,primary,no,0,no,no,unknown,5,0,unknown,0
41,admin.,single,secondary,no,748,no,no,telephone,7,3,other,0
40,technician,married,secondary,no,1819,no,no,cellular,2,0,unknown,0
38,management,single,tertiary,no,0,no,no,cellular,1,0,unknown,0
35,management,married,tertiary,no,2682,yes,no,cellular,1,0,unknown,0
57,retired,married,tertiary,no,0,no,no,cellular,4,0,unknown,0
26,admin.,divorced,secondary,yes,-3,yes,no,unknown,5,0,unknown,0
56,admin.,married,secondary,no,1504,yes,no,unknown,2,0,unknown,0
52,admin.,married,secondary,no,395,yes,no,unknown,3,0,unknown,0
46,admin.,married,secondary,no,179,yes,no,cellular,4,1,other,0
37,blue-collar,married,primary,no,704,no,no,unknown,7,0,unknown,0
28,management,single,tertiary,no,1351,no,no,cellular,1,0,unknown,0
39,technician,married,tertiary,no,794,no,no,telephone,1,0,unknown,0
26,blue-collar,single,secondary,no,592,yes,yes,unknown,1,0,unknown,0
27,admin.,single,secondary,no,619,yes,no,cellular,5,4,other,0
56,entrepreneur,divorced,primary,no,29,no,no,cellular,2,1,failure,0
44,blue-collar,married,primary,no,-237,yes,no,telephone,1,0,unknown,0
39,admin.,divorced,secondary,no,1022,yes,no,unknown,3,0,unknown,0
49,blue-collar,divorced,unknown,no,39,yes,no,cellular,5,0,unknown,0
34,technician,married,tertiary,no,1611,yes,no,cellular,2,0,unknown,0
73,retired,married,primary,no,279,no,no,cellular,3,0,unknown,1
30,services,married,secondary,no,1286,yes,yes,cellular,1,0,unknown,0
53,technician,married,secondary,no,9146,no,no,cellular,4,0,unknown,0
37,management,divorced,secondary,no,414,no,no,cellular,2,4,failure,0
55,management,divorced,tertiary,no,1598,no,no,cellular,4,0,unknown,0
41,retired,single,primary,no,0,no,no,cellular,1,2,failure,0
30,management,single,tertiary,no,726,yes,no,cellular,1,3,failure,0
30,management,single,tertiary,no,1372,no,no,cellular,2,0,unknown,0
37,technician,single,tertiary,no,3315,yes,no,cellular,2,0,unknown,0
29,technician,single,tertiary,no,406,yes,no,cellular,1,0,unknown,0
52,entrepreneur,divorced,primary,no,278,yes,no,unknown,2,0,unknown,0
41,technician,divorced,secondary,no,52,no,no,cellular,2,0,unknown,0
37,management,married,tertiary,no,0,yes,no,unknown,13,0,unknown,0
35,technician,married,secondary,no,1707,yes,no,unknown,3,0,unknown,0
59,blue-collar,married,secondary,no,5314,yes,no,cellular,3,0,unknown,0
67,retired,married,tertiary,no,701,no,no,cellular,2,0,unknown,1
45,self-employed,married,secondary,no,706,no,no,cellular,2,1,success,0
44,services,single,secondary,no,1378,yes,no,unknown,2,0,unknown,0
58,self-employed,married,primary,no,671,yes,no,unknown,3,0,unknown,0
42,student,married,unknown,no,-7,no,no,telephone,6,0,unknown,0
61,retired,married,primary,no,1060,yes,no,unknown,1,0,unknown,0
38,blue-collar,married,secondary,no,1370,yes,no,cellular,2,0,unknown,0
40,self-employed,married,tertiary,no,13669,no,no,cellular,1,8,other,0
21,services,single,secondary,no,361,no,no,telephone,1,1,other,0
33,technician,single,secondary,no,2085,no,no,cellular,2,0,unknown,1
49,services,married,tertiary,no,306,yes,no,cellular,7,0,unknown,0
36,blue-collar,married,secondary,no,1049,yes,no,cellular,4,0,unknown,1
31,technician,single,secondary,no,2544,no,no,cellular,1,3,success,1
58,entrepreneur,married,secondary,no,2,no,no,unknown,1,0,unknown,0
33,blue-collar,married,secondary,no,26,yes,no,cellular,3,1,other,0
31,blue-collar,married,secondary,no,-45,yes,no,unknown,1,0,unknown,0
30,management,single,tertiary,no,604,no,yes,cellular,1,0,unknown,0
48,admin.,married,secondary,no,3064,yes,no,telephone,2,0,unknown,0
57,retired,married,unknown,no,1621,yes,no,unknown,1,0,unknown,0
36,admin.,single,tertiary,no,980,no,no,cellular,4,7,failure,0
58,management,married,tertiary,no,541,yes,no,cellular,1,0,unknown,0
51,admin.,married,secondary,no,423,yes,yes,cellular,1,0,unknown,0
28,management,married,tertiary,no,1480,yes,no,cellular,1,0,unknown,0
44,blue-collar,married,primary,no,271,yes,yes,unknown,1,0,unknown,0
29,entrepreneur,single,secondary,no,404,no,no,cellular,3,0,unknown,0
40,blue-collar,married,secondary,no,4795,yes,no,cellular,1,0,unknown,0
55,blue-collar,married,primary,no,1086,yes,no,cellular,1,2,failure,0
48,management,divorced,tertiary,no,541,yes,no,cellular,1,2,other,0
32,management,married,secondary,no,6217,yes,yes,cellular,2,2,failure,0
58,housemaid,married,primary,no,5278,yes,no,unknown,4,0,unknown,0
28,blue-collar,married,secondary,no,4287,no,no,cellular,1,0,unknown,0
31,technician,married,secondary,no,0,no,yes,cellular,4,0,unknown,0
35,blue-collar,married,primary,no,3587,yes,no,unknown,4,0,unknown,0
39,self-employed,married,tertiary,no,1047,no,no,unknown,1,0,unknown,1
52,management,married,secondary,no,-588,yes,no,cellular,4,0,unknown,0
31,blue-collar,married,secondary,no,92,yes,no,unknown,1,0,unknown,1
37,management,married,tertiary,no,0,no,no,cellular,2,3,success,1
35,services,married,secondary,no,819,yes,no,telephone,14,0,unknown,0
57,blue-collar,married,secondary,no,2887,no,no,cellular,10,0,unknown,1
45,entrepreneur,married,tertiary,no,0,yes,no,cellular,3,0,unknown,0
45,management,married,tertiary,no,6945,no,no,cellular,5,3,failure,0
48,admin.,married,primary,no,607,no,no,unknown,2,0,unknown,0
26,technician,married,secondary,no,18,yes,yes,cellular,1,0,unknown,0
61,retired,married,secondary,no,5207,no,no,cellular,1,2,other,0
31,services,married,secondary,no,388,yes,no,unknown,2,0,unknown,0
49,management,single,tertiary,no,588,no,no,cellular,9,0,unknown,0
62,management,married,tertiary,no,0,no,no,cellular,3,0,unknown,0
38,blue-collar,married,primary,no,3419,yes,no,unknown,5,0,unknown,0
48,technician,married,secondary,no,568,yes,no,cellular,2,1,success,1
37,blue-collar,divorced,secondary,no,48,yes,no,unknown,2,0,unknown,0
35,retired,married,primary,no,285,yes,no,cellular,1,0,unknown,0
47,unemployed,married,primary,no,168,yes,no,telephone,1,1,other,0
44,technician,single,secondary,no,33,yes,no,cellular,3,10,failure,0
48,management,married,tertiary,no,363,no,no,cellular,1,0,unknown,0
30,blue-collar,single,secondary,no,648,yes,yes,unknown,1,0,unknown,0
41,unknown,single,tertiary,no,1567,no,no,cellular,2,0,unknown,0
42,blue-collar,single,primary,no,1628,yes,no,cellular,1,8,success,0
42,management,married,secondary,yes,-34,no,no,cellular,1,0,unknown,0
31,management,married,tertiary,no,1343,yes,yes,unknown,1,0,unknown,0
36,self-employed,married,tertiary,no,16430,yes,no,unknown,3,0,unknown,0
37,blue-collar,married,primary,no,190,yes,yes,unknown,1,0,unknown,0
31,technician,married,secondary,no,251,no,yes,cellular,2,0,unknown,0
56,retired,married,secondary,no,-113,yes,yes,cellular,2,0,unknown,0
33,entrepreneur,married,tertiary,no,595,no,no,cellular,2,0,unknown,0
35,management,single,tertiary,no,714,yes,no,cellular,22,0,unknown,0
33,technician,married,secondary,no,133,no,no,cellular,1,0,unknown,1
55,services,divorced,primary,no,653,no,no,unknown,1,0,unknown,0
35,housemaid,divorced,secondary,no,39,no,no,cellular,2,0,unknown,0
45,management,divorced,tertiary,no,0,no,no,unknown,1,0,unknown,0
56,admin.,divorced,secondary,no,985,no,yes,cellular,2,0,unknown,0
56,entrepreneur,divorced,primary,no,29,no,no,cellular,2,1,failure,0
36,services,single,secondary,no,417,yes,no,cellular,10,3,failure,0
56,admin.,divorced,primary,no,0,no,yes,cellular,1,0,unknown,0
34,admin.,single,secondary,no,10,no,yes,cellular,1,3,failure,0
55,unemployed,married,tertiary,no,4809,yes,no,cellular,2,3,other,0
58,retired,married,secondary,no,425,yes,yes,cellular,1,0,unknown,0
38,management,single,tertiary,no,427,yes,no,cellular,3,2,failure,0
46,services,married,secondary,no,451,yes,yes,cellular,4,0,unknown,0
37,technician,single,unknown,no,391,yes,no,unknown,3,0,unknown,0
56,admin.,married,secondary,no,0,yes,no,telephone,2,0,unknown,0
43,blue-collar,divorced,primary,no,49,yes,no,unknown,1,0,unknown,0
40,management,divorced,tertiary,no,69,yes,no,cellular,2,2,failure,0
27,self-employed,single,secondary,no,49,yes,no,cellular,2,0,unknown,0
43,admin.,married,unknown,no,3485,no,no,unknown,1,0,unknown,0
27,services,single,secondary,no,266,no,yes,cellular,1,0,unknown,0
46,services,married,secondary,no,271,yes,no,unknown,4,0,unknown,0
56,services,married,secondary,no,-229,no,yes,cellular,10,0,unknown,0
36,blue-collar,married,secondary,no,-73,yes,yes,cellular,8,0,unknown,0
32,admin.,single,tertiary,no,-59,no,yes,unknown,1,0,unknown,0
46,admin.,married,secondary,no,179,yes,no,cellular,4,1,other,0
28,management,single,tertiary,no,781,no,no,cellular,6,0,unknown,0
47,services,married,secondary,no,51,yes,yes,unknown,1,0,unknown,0
44,blue-collar,married,secondary,no,-674,yes,no,unknown,1,0,unknown,0
53,entrepreneur,married,unknown,no,28,no,no,cellular,2,0,unknown,0
29,blue-collar,married,secondary,no,912,yes,no,cellular,1,0,unknown,0
59,retired,married,primary,no,0,no,no,cellular,2,0,unknown,1
35,unemployed,married,secondary,no,978,no,no,cellular,3,3,success,1
27,services,married,secondary,no,0,yes,no,cellular,13,0,unknown,0
43,technician,married,secondary,no,297,yes,no,cellular,3,0,unknown,0
32,services,single,secondary,no,152,yes,no,cellular,2,0,unknown,1
53,retired,divorced,secondary,yes,-200,no,yes,unknown,1,0,unknown,0
38,admin.,divorced,secondary,no,156,yes,no,unknown,3,0,unknown,0
35,retired,married,primary,no,285,yes,no,cellular,1,0,unknown,0
44,services,married,secondary,no,5780,yes,no,cellular,2,0,unknown,0
30,technician,married,secondary,no,1211,yes,no,cellular,1,0,unknown,0
42,self-employed,married,tertiary,no,753,no,no,unknown,1,0,unknown,0
52,technician,married,secondary,no,64,no,no,telephone,2,0,unknown,0
30,management,married,tertiary,no,931,no,no,cellular,1,0,unknown,0
37,admin.,married,secondary,no,121,no,no,cellular,6,0,unknown,0
36,admin.,married,secondary,no,998,yes,no,unknown,2,0,unknown,0
24,retired,single,secondary,no,366,no,yes,unknown,2,0,unknown,0
31,entrepreneur,single,tertiary,no,38,no,no,cellular,2,0,unknown,0
49,admin.,married,secondary,no,3608,yes,no,unknown,1,0,unknown,1
37,technician,married,secondary,no,2707,yes,no,telephone,1,0,unknown,0
50,blue-collar,married,secondary,no,887,no,no,unknown,1,0,unknown,0
24,technician,married,secondary,no,556,yes,no,cellular,2,0,unknown,1
36,technician,single,secondary,no,0,no,no,cellular,6,0,unknown,0
49,retired,married,primary,no,-37,no,no,unknown,2,0,unknown,0
29,technician,single,tertiary,no,828,yes,no,cellular,3,3,other,0
46,technician,married,secondary,no,-337,yes,no,unknown,1,0,unknown,0
58,management,married,primary,no,2769,yes,no,cellular,2,0,unknown,0
45,technician,married,unknown,no,473,yes,no,unknown,1,0,unknown,0
55,retired,married,secondary,no,4194,no,yes,telephone,3,0,unknown,0
48,unemployed,divorced,secondary,no,1266,yes,no,telephone,1,0,unknown,0
43,technician,single,secondary,no,593,yes,no,unknown,1,0,unknown,0
49,technician,married,secondary,no,4667,yes,no,unknown,2,0,unknown,0
28,management,married,tertiary,no,1480,yes,no,cellular,1,0,unknown,0
52,entrepreneur,married,secondary,no,0,no,no,cellular,2,0,unknown,0
27,entrepreneur,single,secondary,no,376,yes,yes,cellular,1,0,unknown,0
33,technician,married,secondary,no,575,no,yes,cellular,2,0,unknown,0
33,technician,divorced,secondary,no,9,no,no,cellular,2,0,unknown,0
36,technician,married,tertiary,no,1109,no,no,cellular,2,0,unknown,0
36,services,married,secondary,no,1328,yes,no,unknown,4,0,unknown,0
32,management,single,tertiary,no,473,yes,no,cellular,2,1,other,0
45,blue-collar,married,primary,no,0,no,no,unknown,5,0,unknown,0
57,retired,married,secondary,no,49,yes,yes,cellular,4,0,unknown,0
45,management,married,tertiary,no,242,no,no,cellular,1,0,unknown,1
34,student,single,unknown,no,1281,no,no,cellular,1,1,failure,0
43,admin.,divorced,secondary,no,738,yes,no,cellular,4,4,failure,0
33,technician,divorced,secondary,yes,10,yes,yes,cellular,5,0,unknown,0
48,management,divorced,secondary,no,1598,yes,no,unknown,1,0,unknown,0
49,technician,married,secondary,yes,-74,yes,no,cellular,1,0,unknown,0
51,technician,married,secondary,no,-379,yes,no,cellular,1,0,unknown,0
75,blue-collar,married,secondary,no,6053,no,no,cellular,2,1,failure,0
36,blue-collar,married,primary,no,398,yes,no,unknown,1,0,unknown,0
43,management,married,tertiary,no,690,yes,no,cellular,3,0,unknown,0
45,technician,married,secondary,no,1410,no,no,cellular,2,0,unknown,0
49,retired,married,primary,no,1672,no,no,cellular,3,0,unknown,0
32,services,single,secondary,no,48,yes,no,cellular,3,0,unknown,0
34,blue-collar,married,secondary,no,7,yes,yes,cellular,2,2,other,0
39,services,married,secondary,no,5731,yes,no,unknown,2,0,unknown,0
40,services,married,secondary,no,0,yes,no,cellular,1,3,failure,0
37,management,married,tertiary,no,238,no,no,cellular,1,1,success,1
34,management,single,tertiary,no,1,no,no,cellular,1,0,unknown,0
41,admin.,married,primary,no,-306,yes,no,unknown,1,0,unknown,1
38,services,divorced,secondary,no,792,no,no,unknown,1,0,unknown,0
34,entrepreneur,divorced,tertiary,no,262,no,no,cellular,1,0,unknown,0
43,management,single,tertiary,no,1304,no,no,cellular,2,0,unknown,1
55,management,married,tertiary,no,171,yes,no,cellular,6,0,unknown,0
35,technician,divorced,tertiary,no,4515,yes,no,cellular,2,0,unknown,0
38,unemployed,single,tertiary,no,0,no,no,cellular,2,0,unknown,0
41,management,married,tertiary,no,6563,no,no,cellular,8,0,unknown,0
33,management,divorced,secondary,no,1897,yes,yes,unknown,1,0,unknown,0
32,entrepreneur,single,primary,yes,-849,yes,yes,cellular,1,0,unknown,0
50,technician,married,secondary,no,0,no,no,cellular,2,0,unknown,0
32,blue-collar,married,secondary,no,-32,yes,no,cellular,1,0,unknown,0
46,technician,divorced,secondary,no,3455,yes,no,unknown,2,0,unknown,0
55,retired,married,secondary,no,159,no,no,cellular,1,0,unknown,0
34,technician,married,secondary,no,209,yes,yes,cellular,2,0,unknown,0
34,admin.,divorced,secondary,no,479,yes,no,cellular,1,5,failure,1
50,services,single,secondary,no,72,no,no,unknown,2,0,unknown,0
31,services,single,secondary,no,2070,no,no,cellular,2,0,unknown,0
49,blue-collar,single,primary,no,3018,yes,no,unknown,1,0,unknown,0
23,student,single,secondary,no,9216,no,no,cellular,2,0,unknown,0
26,services,single,secondary,no,50,yes,no,cellular,1,0,unknown,0
49,entrepreneur,married,secondary,no,1916,no,yes,telephone,3,0,unknown,0
59,retired,married,tertiary,no,9676,no,no,telephone,2,0,unknown,1
54,retired,divorced,tertiary,no,6102,yes,yes,unknown,6,0,unknown,0
45,services,married,secondary,no,0,no,yes,cellular,7,0,unknown,0
32,services,single,secondary,no,2881,no,no,cellular,1,0,unknown,1
54,management,married,primary,no,1691,yes,no,cellular,1,0,unknown,0
41,management,married,tertiary,no,771,yes,no,cellular,8,0,unknown,0
55,unemployed,married,tertiary,no,4809,yes,no,cellular,2,3,other,0
54,retired,married,primary,no,208,no,no,unknown,1,0,unknown,0
58,blue-collar,divorced,secondary,no,543,no,yes,telephone,3,0,unknown,0
45,management,divorced,tertiary,no,0,no,no,unknown,1,0,unknown,0
26,student,single,secondary,no,2572,yes,no,cellular,1,0,unknown,0
26,student,single,tertiary,no,294,no,no,cellular,1,2,success,1
61,retired,married,secondary,no,313,no,yes,unknown,1,0,unknown,0
42,admin.,married,secondary,no,-396,yes,no,cellular,1,4,failure,0
34,management,married,tertiary,no,436,no,yes,cellular,4,0,unknown,0
51,housemaid,married,unknown,no,174,no,no,telephone,3,0,unknown,0
46,services,married,secondary,no,1550,yes,no,cellular,2,8,failure,0
31,services,married,secondary,no,1062,yes,yes,cellular,1,0,unknown,0
56,blue-collar,married,primary,no,379,no,no,cellular,5,0,unknown,0
32,technician,single,tertiary,no,259,no,no,cellular,4,0,unknown,0
37,admin.,married,secondary,no,176,yes,no,cellular,2,1,failure,0
39,management,married,tertiary,no,763,yes,no,cellular,7,2,other,1
36,blue-collar,married,secondary,no,439,yes,no,unknown,5,0,unknown,0
49,blue-collar,married,primary,no,937,yes,no,unknown,1,0,unknown,0
19,student,single,primary,no,103,no,no,cellular,2,0,unknown,1
29,services,single,unknown,no,33,no,no,unknown,1,0,unknown,0
50,management,divorced,tertiary,no,201,yes,no,cellular,1,0,unknown,0
28,student,single,secondary,no,459,no,no,cellular,13,0,unknown,0
33,blue-collar,single,secondary,no,13494,yes,no,unknown,25,0,unknown,0
47,management,married,tertiary,no,109,yes,no,cellular,1,0,unknown,0
28,management,single,tertiary,no,80,no,no,cellular,2,2,failure,1
19,student,single,unknown,no,0,no,no,cellular,3,0,unknown,0
31,services,single,secondary,no,31,yes,yes,unknown,2,0,unknown,0
32,self-employed,married,tertiary,no,3601,no,no,cellular,15,0,unknown,0
58,retired,married,secondary,no,764,no,no,cellular,4,0,unknown,0
47,entrepreneur,married,unknown,no,209,yes,no,unknown,2,0,unknown,0
50,blue-collar,married,secondary,no,372,yes,no,telephone,1,0,unknown,0
32,self-employed,married,tertiary,no,3601,no,no,cellular,15,0,unknown,0
66,management,married,tertiary,no,2169,no,no,cellular,1,0,unknown,0
33,management,single,tertiary,no,-67,yes,no,unknown,1,0,unknown,0
34,admin.,married,secondary,no,50,yes,no,unknown,2,0,unknown,0
30,admin.,single,secondary,no,81,yes,no,cellular,6,3,other,0
43,technician,single,secondary,no,34,no,no,telephone,1,0,unknown,0
46,blue-collar,married,unknown,no,9328,yes,no,cellular,3,0,unknown,1
34,technician,single,tertiary,no,992,yes,no,cellular,1,2,success,0
34,technician,single,secondary,no,201,no,no,cellular,2,0,unknown,0
56,retired,married,secondary,no,344,yes,no,unknown,1,0,unknown,0
36,blue-collar,married,secondary,no,-461,no,no,cellular,2,1,failure,0
31,technician,married,secondary,no,660,no,no,cellular,1,0,unknown,0
35,management,married,tertiary,no,8,yes,no,unknown,4,0,unknown,0
49,management,divorced,tertiary,no,1904,no,yes,cellular,2,0,unknown,0
59,housemaid,married,primary,no,0,no,no,cellular,11,0,unknown,0
44,admin.,single,secondary,no,2524,no,no,unknown,1,0,unknown,0
33,admin.,married,secondary,no,353,yes,no,cellular,2,0,unknown,0
55,self-employed,married,secondary,no,2678,no,yes,cellular,12,0,unknown,0
42,admin.,married,secondary,no,3165,yes,no,unknown,4,0,unknown,0
34,entrepreneur,married,tertiary,no,475,yes,yes,cellular,1,0,unknown,0
26,services,single,secondary,no,1347,no,no,telephone,6,5,other,1
47,blue-collar,married,primary,no,556,yes,no,cellular,2,4,other,0
38,blue-collar,married,secondary,no,1663,yes,no,cellular,3,1,failure,0
43,blue-collar,married,primary,no,232,no,yes,cellular,1,0,unknown,0
47,services,married,secondary,no,2,no,yes,cellular,15,0,unknown,0
45,services,married,secondary,no,0,no,yes,cellular,7,0,unknown,0
47,technician,married,secondary,no,-938,yes,no,unknown,2,0,unknown,0
30,self-employed,married,secondary,no,123,no,yes,unknown,1,5,other,0
36,technician,married,secondary,no,300,no,no,unknown,1,0,unknown,0
45,blue-collar,married,primary,no,61,no,no,cellular,1,0,unknown,0
26,student,single,tertiary,no,294,no,no,cellular,1,2,success,1
54,blue-collar,divorced,primary,no,-182,no,no,cellular,1,0,unknown,0
59,self-employed,married,tertiary,no,593,no,no,unknown,2,0,unknown,0
36,management,single,tertiary,no,3343,no,no,cellular,1,0,unknown,0
34,self-employed,single,tertiary,no,876,yes,no,cellular,2,0,unknown,0
32,management,single,tertiary,no,577,no,no,cellular,2,0,unknown,0
45,blue-collar,married,secondary,no,192,yes,no,cellular,5,1,other,0
47,technician,married,unknown,no,2106,yes,no,unknown,1,0,unknown,0
56,admin.,married,secondary,no,1504,yes,no,unknown,2,0,unknown,0
46,technician,married,tertiary,no,342,yes,yes,cellular,1,0,unknown,0
46,admin.,married,secondary,no,22,yes,no,cellular,4,0,unknown,0
31,technician,married,secondary,no,0,yes,yes,cellular,1,9,other,0
32,blue-collar,single,secondary,no,135,yes,no,cellular,2,0,unknown,0
37,blue-collar,single,primary,no,851,yes,no,cellular,1,1,failure,0
38,admin.,married,secondary,no,4196,yes,no,cellular,2,0,unknown,0
23,technician,single,secondary,no,-306,yes,no,unknown,2,0,unknown,0
53,admin.,single,secondary,no,1178,yes,no,unknown,2,0,unknown,0
71,retired,married,primary,no,4657,no,no,cellular,5,0,unknown,1
30,admin.,single,secondary,no,1009,yes,no,cellular,1,0,unknown,0
32,services,single,secondary,no,2881,no,no,cellular,1,0,unknown,1
61,management,married,tertiary,no,6016,no,no,cellular,3,0,unknown,1
27,services,single,secondary,no,54,yes,no,unknown,2,0,unknown,1
28,blue-collar,single,secondary,no,6307,yes,no,unknown,1,0,unknown,0
32,entrepreneur,single,primary,yes,-849,yes,yes,cellular,1,0,unknown,0
41,blue-collar,single,unknown,no,4684,no,no,unknown,6,0,unknown,0
57,retired,married,tertiary,no,0,no,no,cellular,4,0,unknown,0
25,student,single,tertiary,no,5,no,no,cellular,1,0,unknown,0
38,technician,married,tertiary,no,1161,yes,no,unknown,1,0,unknown,0
55,retired,married,secondary,no,1467,no,yes,cellular,2,0,unknown,0
45,blue-collar,married,secondary,no,784,yes,yes,unknown,1,0,unknown,0
57,services,single,primary,no,3777,yes,no,telephone,2,0,unknown,0
58,retired,married,primary,no,1987,no,no,telephone,4,0,unknown,0
32,blue-collar,single,secondary,no,2,no,no,unknown,2,0,unknown,0
33,blue-collar,single,primary,no,92,yes,no,unknown,1,0,unknown,0
38,blue-collar,married,primary,no,0,yes,no,unknown,2,0,unknown,0
86,retired,married,secondary,no,1503,no,no,telephone,3,1,other,0
32,blue-collar,married,secondary,no,478,yes,no,unknown,1,0,unknown,0
29,technician,single,tertiary,no,2893,yes,no,unknown,1,0,unknown,0
25,student,married,tertiary,no,0,yes,no,cellular,1,0,unknown,0
28,admin.,married,secondary,no,-97,yes,no,cellular,1,2,success,0
37,management,married,tertiary,no,347,yes,no,cellular,1,0,unknown,0
29,technician,single,tertiary,no,2485,no,no,telephone,6,0,unknown,0
41,management,divorced,tertiary,no,5037,no,no,cellular,9,5,other,1
60,management,single,tertiary,no,0,no,yes,cellular,1,0,unknown,0
42,services,married,secondary,no,-246,yes,no,unknown,1,0,unknown,0
34,blue-collar,married,primary,no,351,no,yes,cellular,11,0,unknown,0
40,self-employed,married,primary,no,2077,yes,no,cellular,1,24,other,0
53,entrepreneur,married,tertiary,no,71,no,yes,cellular,1,0,unknown,0
51,services,married,secondary,no,0,no,yes,unknown,3,0,unknown,0
35,blue-collar,married,primary,no,319,yes,no,cellular,1,0,unknown,0
23,blue-collar,married,primary,no,1158,yes,no,cellular,1,0,unknown,0
56,management,married,tertiary,no,3172,yes,no,cellular,1,0,unknown,0
39,management,single,tertiary,no,816,yes,no,cellular,3,0,unknown,0
46,management,married,tertiary,no,477,yes,no,unknown,6,0,unknown,0
32,blue-collar,married,primary,no,66,no,no,cellular,1,0,unknown,0
42,management,divorced,tertiary,no,16,no,no,cellular,3,0,unknown,0
52,services,married,secondary,no,657,no,no,telephone,2,2,failure,1
51,services,married,unknown,no,5801,yes,no,unknown,2,0,unknown,0
49,blue-collar,married,primary,no,0,yes,yes,telephone,6,0,unknown,0
34,admin.,single,secondary,no,6979,yes,no,cellular,5,0,unknown,0
31,unknown,divorced,tertiary,no,137,no,no,cellular,9,0,unknown,0
40,blue-collar,married,secondary,no,952,no,yes,unknown,1,0,unknown,0
36,blue-collar,married,secondary,no,-461,no,no,cellular,2,1,failure,0
50,technician,married,secondary,no,841,yes,no,unknown,2,0,unknown,0
47,blue-collar,married,secondary,no,1230,yes,no,cellular,1,1,success,1
31,self-employed,single,tertiary,no,96,no,no,cellular,1,0,unknown,0
44,management,married,tertiary,no,4460,no,no,telephone,2,0,unknown,0
51,technician,married,primary,no,260,no,no,cellular,2,0,unknown,0
50,management,married,tertiary,no,-94,no,yes,unknown,1,0,unknown,0
46,self-employed,married,secondary,no,390,yes,no,cellular,2,0,unknown,0
40,services,divorced,secondary,no,-81,no,yes,cellular,1,0,unknown,0
42,admin.,married,secondary,no,-396,yes,no,cellular,1,4,failure,0
36,blue-collar,divorced,secondary,no,-11,no,no,unknown,2,0,unknown,0
46,technician,married,tertiary,no,342,yes,yes,cellular,1,0,unknown,0
29,management,married,tertiary,no,451,no,no,cellular,1,0,unknown,0
30,admin.,single,tertiary,no,261,no,no,cellular,1,20,failure,0
34,management,single,tertiary,no,171,yes,no,cellular,1,1,failure,0
47,unknown,married,unknown,no,677,no,no,cellular,1,4,success,0
42,technician,married,secondary,no,440,yes,no,cellular,5,0,unknown,0
30,management,single,tertiary,no,4213,no,no,cellular,4,0,unknown,0
34,management,single,tertiary,no,2646,no,no,cellular,1,0,unknown,1
24,technician,married,secondary,no,556,yes,no,cellular,2,0,unknown,1
43,management,married,tertiary,no,1188,no,no,cellular,2,0,unknown,0
28,student,single,secondary,no,330,no,no,telephone,1,0,unknown,0
32,blue-collar,married,secondary,no,34,yes,no,cellular,2,0,unknown,0
59,blue-collar,married,primary,no,699,no,no,cellular,1,6,failure,0
55,housemaid,married,secondary,no,139,no,no,cellular,2,0,unknown,0
50,services,married,secondary,no,26394,no,no,cellular,4,0,unknown,0
49,entrepreneur,married,secondary,no,1916,no,yes,telephone,3,0,unknown,0
53,unknown,married,unknown,no,13,no,no,telephone,1,0,unknown,0
34,management,single,tertiary,no,5086,no,no,cellular,4,0,unknown,1
41,self-employed,married,primary,no,204,no,no,cellular,7,0,unknown,0
37,management,divorced,secondary,no,1287,yes,no,cellular,1,0,unknown,0
44,technician,divorced,unknown,no,759,yes,no,unknown,1,0,unknown,0
53,blue-collar,married,primary,no,53,yes,no,cellular,1,1,failure,0
53,services,divorced,secondary,no,0,no,no,cellular,2,0,unknown,1
33,technician,single,secondary,no,716,yes,no,cellular,2,0,unknown,0
31,blue-collar,married,secondary,no,1243,yes,no,unknown,1,0,unknown,0
44,management,married,tertiary,no,22,yes,no,cellular,2,0,unknown,0
25,unemployed,married,secondary,no,157,yes,no,cellular,31,0,unknown,0
43,blue-collar,married,primary,no,7343,yes,no,unknown,4,0,unknown,0
36,technician,married,secondary,no,300,no,no,unknown,1,0,unknown,0
32,blue-collar,single,secondary,no,604,no,yes,cellular,3,0,unknown,0
53,technician,married,secondary,no,9146,no,no,cellular,4,0,unknown,0
32,admin.,single,secondary,no,678,yes,no,cellular,1,4,failure,1
48,blue-collar,married,primary,no,574,no,no,cellular,1,0,unknown,0
30,technician,married,tertiary,no,1570,yes,no,cellular,1,0,unknown,0
36,blue-collar,divorced,secondary,no,-140,yes,no,unknown,2,0,unknown,0
27,services,married,secondary,no,-1202,yes,no,unknown,2,0,unknown,0
37,management,married,primary,no,22856,no,no,cellular,1,1,failure,0
31,admin.,divorced,secondary,no,1210,no,no,cellular,1,0,unknown,0
46,self-employed,married,secondary,no,390,yes,no,cellular,2,0,unknown,0
44,management,married,secondary,no,438,yes,no,telephone,3,1,failure,0
24,student,single,secondary,no,1847,no,no,cellular,1,0,unknown,0
40,admin.,married,secondary,no,1327,yes,yes,unknown,2,0,unknown,0
55,blue-collar,divorced,primary,no,410,no,yes,cellular,2,0,unknown,0
40,blue-collar,married,secondary,no,952,no,yes,unknown,1,0,unknown,0
38,management,single,tertiary,no,35,yes,no,cellular,1,3,failure,0
37,blue-collar,married,primary,no,704,no,no,unknown,7,0,unknown,0
42,management,single,tertiary,no,10907,no,no,cellular,3,0,unknown,0
32,blue-collar,married,secondary,no,150,no,no,cellular,1,0,unknown,0
57,retired,married,secondary,no,374,yes,yes,cellular,1,0,unknown,0
47,blue-collar,married,secondary,no,3285,no,no,cellular,5,0,unknown,0
52,technician,married,secondary,no,192,yes,no,cellular,2,0,unknown,0
53,technician,married,secondary,no,9146,no,no,cellular,4,0,unknown,0
60,technician,married,primary,no,65,yes,no,unknown,2,0,unknown,1
32,admin.,married,secondary,no,3540,yes,no,cellular,1,1,failure,0
40,admin.,single,secondary,no,1670,yes,no,unknown,2,0,unknown,0
39,management,divorced,tertiary,no,3575,no,yes,cellular,3,0,unknown,0
53,services,divorced,secondary,no,0,no,no,cellular,2,0,unknown,1
32,management,married,tertiary,no,4761,yes,no,cellular,2,2,failure,0
55,retired,married,primary,no,3334,no,no,cellular,4,0,unknown,1
26,blue-collar,married,secondary,no,245,yes,no,unknown,11,0,unknown,0
35,blue-collar,married,primary,no,793,yes,no,cellular,1,0,unknown,0
43,management,married,tertiary,no,1429,yes,no,cellular,1,2,other,1
37,housemaid,divorced,secondary,no,1040,yes,no,cellular,1,2,failure,0
46,admin.,married,secondary,no,4958,yes,no,cellular,3,5,other,0
32,management,single,tertiary,no,577,no,no,cellular,2,0,unknown,0
50,admin.,divorced,secondary,no,202,no,yes,cellular,1,0,unknown,0
36,management,single,tertiary,no,553,no,no,cellular,2,0,unknown,0
38,technician,single,tertiary,no,221,no,no,cellular,3,0,unknown,0
43,management,married,secondary,no,17555,no,no,cellular,14,0,unknown,0
49,services,married,secondary,no,1114,no,no,cellular,1,0,unknown,0
42,self-employed,divorced,tertiary,no,360,yes,no,unknown,5,0,unknown,0
32,admin.,married,secondary,no,0,yes,yes,cellular,2,2,failure,0
54,housemaid,married,unknown,no,0,no,no,cellular,5,3,other,0
47,technician,married,secondary,no,599,yes,no,cellular,3,0,unknown,0
80,management,married,primary,no,6483,no,no,telephone,1,0,unknown,0
31,management,married,tertiary,no,1750,yes,no,telephone,3,0,unknown,0
49,unemployed,divorced,tertiary,no,780,no,no,cellular,1,2,failure,0
42,management,married,secondary,no,-105,yes,no,cellular,2,0,unknown,0
33,technician,divorced,secondary,yes,-305,no,yes,unknown,1,0,unknown,0
43,self-employed,married,tertiary,no,64,no,no,unknown,2,0,unknown,0
44,admin.,married,secondary,no,205,no,no,cellular,1,0,unknown,1
56,management,married,secondary,no,238,yes,no,cellular,1,0,unknown,0
51,technician,married,tertiary,no,1315,no,no,telephone,2,0,unknown,0
48,management,married,primary,no,2537,no,no,cellular,6,0,unknown,0
39,management,married,tertiary,no,399,no,no,cellular,1,0,unknown,0
47,technician,married,secondary,no,302,yes,no,unknown,3,0,unknown,0
26,blue-collar,married,primary,no,5116,yes,no,cellular,3,0,unknown,0
42,unemployed,divorced,secondary,no,759,no,no,cellular,1,3,failure,0
41,blue-collar,married,secondary,no,343,yes,no,unknown,7,0,unknown,0
32,blue-collar,married,primary,no,66,no,no,cellular,1,0,unknown,0
33,management,divorced,secondary,no,1897,yes,yes,unknown,1,0,unknown,0
46,technician,married,secondary,no,410,no,yes,cellular,5,0,unknown,0
30,services,single,secondary,no,20,yes,no,cellular,6,1,failure,0
47,technician,married,secondary,no,3973,no,no,cellular,2,0,unknown,0
57,management,married,primary,no,-226,yes,no,unknown,1,0,unknown,0
27,services,single,secondary,no,468,yes,no,cellular,1,0,unknown,0
37,admin.,married,tertiary,no,0,yes,no,cellular,1,0,unknown,0
38,blue-collar,divorced,secondary,no,0,yes,no,cellular,1,1,failure,0
43,blue-collar,single,primary,no,30,yes,no,unknown,17,0,unknown,0
49,management,single,tertiary,no,151,yes,no,cellular,3,0,unknown,1
41,technician,married,secondary,no,1066,no,no,cellular,3,0,unknown,1
47,services,single,secondary,no,33,yes,no,cellular,1,0,unknown,0
42,admin.,married,secondary,no,323,yes,yes,unknown,2,0,unknown,0
29,management,married,tertiary,no,877,no,no,cellular,3,0,unknown,0
25,management,single,tertiary,no,2506,no,no,cellular,1,0,unknown,1
37,technician,single,secondary,no,61,yes,no,unknown,8,0,unknown,0
33,unknown,married,secondary,no,2727,no,no,cellular,3,0,unknown,0
48,blue-collar,married,secondary,no,741,yes,no,cellular,1,0,unknown,0
33,management,divorced,secondary,no,1897,yes,yes,unknown,1,0,unknown,0
37,management,single,tertiary,no,509,yes,no,cellular,1,0,unknown,0
29,services,married,secondary,no,3748,no,no,cellular,3,0,unknown,0
50,management,married,unknown,no,3304,no,no,unknown,2,0,unknown,0
58,self-employed,married,primary,no,1013,yes,no,cellular,1,1,failure,1
57,management,married,tertiary,no,3250,no,no,cellular,3,0,unknown,0
34,blue-collar,single,tertiary,no,1011,yes,no,unknown,1,0,unknown,0
44,services,married,secondary,no,0,yes,yes,cellular,1,0,unknown,0
32,technician,single,tertiary,no,5514,no,no,cellular,1,1,success,1
59,retired,married,secondary,no,163,no,no,cellular,1,0,unknown,0
38,technician,single,secondary,no,173,no,no,cellular,4,0,unknown,0
51,self-employed,divorced,primary,no,10924,no,no,cellular,2,0,unknown,0
58,admin.,single,secondary,no,2223,no,no,cellular,2,1,success,0
49,management,married,tertiary,no,852,yes,no,cellular,1,0,unknown,0
43,blue-collar,single,primary,no,30,yes,no,unknown,17,0,unknown,0
44,housemaid,married,tertiary,no,460,no,no,unknown,1,0,unknown,0
37,technician,single,secondary,no,0,no,no,cellular,2,0,unknown,0
43,blue-collar,married,secondary,no,130,no,no,cellular,1,3,failure,0
60,retired,married,primary,no,71188,no,no,cellular,1,0,unknown,0
29,management,single,secondary,no,584,yes,no,unknown,19,0,unknown,0
55,services,married,secondary,no,186,yes,yes,unknown,1,0,unknown,0
60,management,married,primary,no,252,yes,yes,cellular,2,3,failure,0
40,blue-collar,married,primary,no,3658,yes,no,unknown,1,0,unknown,0
40,services,married,secondary,no,1836,yes,no,cellular,2,0,unknown,1
40,self-employed,married,primary,no,92,yes,no,unknown,1,0,unknown,0
57,self-employed,married,tertiary,yes,-3313,yes,yes,unknown,1,0,unknown,0
49,self-employed,married,secondary,no,2576,yes,no,cellular,6,0,unknown,0
32,management,married,tertiary,no,1667,yes,no,cellular,2,3,failure,0
45,housemaid,married,primary,no,7353,no,no,cellular,2,0,unknown,0
38,management,married,tertiary,no,46,no,no,cellular,4,0,unknown,0
26,services,single,secondary,no,512,yes,yes,cellular,5,3,failure,0
53,technician,married,secondary,no,9146,no,no,cellular,4,0,unknown,0
45,entrepreneur,married,secondary,no,128,no,yes,cellular,2,0,unknown,0
32,technician,divorced,secondary,no,202,yes,no,cellular,1,1,failure,0
32,technician,married,secondary,no,3333,no,no,cellular,4,0,unknown,0
42,blue-collar,single,primary,no,1322,yes,yes,cellular,1,0,unknown,0
48,blue-collar,married,secondary,no,425,yes,no,telephone,2,0,unknown,0
39,services,single,secondary,no,7066,yes,no,cellular,3,3,other,1
52,services,married,secondary,no,657,no,no,telephone,2,2,failure,1
33,management,single,tertiary,no,99,no,no,cellular,1,0,unknown,0
37,services,divorced,secondary,no,532,yes,no,unknown,1,0,unknown,0
46,housemaid,single,tertiary,no,3232,no,no,telephone,2,0,unknown,0
47,self-employed,married,tertiary,no,751,no,no,cellular,14,0,unknown,0
84,retired,divorced,primary,no,639,no,no,telephone,3,0,unknown,1
50,self-employed,married,secondary,no,3025,no,yes,cellular,3,0,unknown,0
33,technician,married,secondary,no,6699,no,no,cellular,1,1,failure,0
36,technician,married,tertiary,no,0,no,no,cellular,2,0,unknown,0
35,blue-collar,single,secondary,no,376,yes,yes,unknown,3,0,unknown,0
49,blue-collar,single,primary,no,3018,yes,no,unknown,1,0,unknown,0
60,admin.,married,secondary,no,3043,no,no,cellular,3,0,unknown,0
42,blue-collar,married,primary,no,0,yes,no,cellular,1,0,unknown,0
34,services,divorced,secondary,no,202,yes,no,unknown,1,0,unknown,0
32,blue-collar,married,secondary,no,1148,yes,no,cellular,1,0,unknown,0
32,services,married,secondary,no,180,yes,no,telephone,2,0,unknown,0
50,blue-collar,divorced,primary,no,-10,no,yes,cellular,6,0,unknown,0
27,housemaid,married,primary,no,0,yes,no,cellular,3,0,unknown,0
45,technician,married,tertiary,no,265,no,no,cellular,3,0,unknown,0
33,technician,married,secondary,no,181,yes,yes,telephone,2,0,unknown,0
51,management,married,tertiary,no,-892,yes,yes,cellular,2,0,unknown,0
61,management,married,tertiary,no,6016,no,no,cellular,3,0,unknown,1
57,management,married,secondary,no,82,no,yes,telephone,1,0,unknown,0
38,blue-collar,married,secondary,no,648,yes,no,unknown,1,0,unknown,0
45,management,married,tertiary,no,242,no,no,cellular,1,0,unknown,1
49,housemaid,divorced,primary,no,198,yes,no,unknown,3,0,unknown,0
47,self-employed,married,secondary,yes,2,no,no,cellular,2,0,unknown,0
28,technician,single,secondary,no,2034,yes,no,unknown,1,0,unknown,0
41,technician,married,secondary,no,288,yes,no,unknown,4,0,unknown,0
34,blue-collar,married,secondary,no,393,yes,no,cellular,9,0,unknown,0
32,management,single,tertiary,no,697,no,no,cellular,1,3,failure,0
34,technician,married,tertiary,no,544,yes,yes,cellular,2,0,unknown,0
62,retired,married,secondary,no,816,no,no,cellular,2,0,unknown,0
30,management,married,secondary,no,0,yes,no,cellular,3,0,unknown,0
43,management,single,secondary,no,-228,yes,yes,unknown,2,0,unknown,0
49,services,married,secondary,no,320,no,no,telephone,4,0,unknown,1
45,management,married,tertiary,no,5450,no,no,cellular,2,0,unknown,0
39,blue-collar,married,primary,no,1564,no,no,unknown,1,0,unknown,0
28,technician,single,secondary,no,1453,yes,no,cellular,1,1,other,0
47,admin.,divorced,secondary,no,136,no,yes,cellular,1,0,unknown,0
33,management,single,tertiary,no,23,no,no,cellular,3,0,unknown,0
53,entrepreneur,married,unknown,no,28,no,no,cellular,2,0,unknown,0
41,unknown,single,tertiary,no,1567,no,no,cellular,2,0,unknown,0
25,services,single,secondary,no,3217,yes,no,unknown,1,0,unknown,0
34,technician,married,secondary,no,1,yes,no,cellular,1,0,unknown,0
45,technician,single,secondary,no,586,no,yes,cellular,3,0,unknown,0
31,admin.,divorced,secondary,no,1210,no,no,cellular,1,0,unknown,0
32,technician,divorced,secondary,no,1097,yes,no,unknown,2,0,unknown,0
45,blue-collar,married,primary,no,185,yes,no,cellular,3,0,unknown,0
43,blue-collar,married,secondary,no,130,no,no,cellular,1,3,failure,0
33,admin.,married,secondary,no,220,yes,no,unknown,1,0,unknown,0
39,technician,single,unknown,no,75,no,no,unknown,1,0,unknown,0
27,management,single,tertiary,no,212,yes,no,cellular,1,0,unknown,0
45,management,divorced,tertiary,no,0,no,no,unknown,1,0,unknown,0
26,admin.,divorced,secondary,yes,-3,yes,no,unknown,5,0,unknown,0
32,technician,single,tertiary,no,1625,no,no,cellular,1,1,failure,1
56,self-employed,married,secondary,no,800,no,yes,cellular,1,0,unknown,0
30,unknown,single,tertiary,no,6836,no,no,cellular,3,0,unknown,0
59,technician,married,primary,no,3163,yes,no,unknown,2,0,unknown,0
40,services,divorced,secondary,no,-81,no,yes,cellular,1,0,unknown,0
58,housemaid,married,tertiary,no,497,no,no,unknown,5,0,unknown,0
37,management,married,tertiary,no,238,no,no,cellular,1,1,success,1
48,blue-collar,married,secondary,no,1143,yes,no,cellular,1,1,failure,0
45,blue-collar,married,primary,no,185,yes,no,cellular,3,0,unknown,0
35,management,single,tertiary,no,747,no,no,cellular,2,3,failure,0
45,entrepreneur,married,primary,no,58,yes,no,telephone,3,3,failure,0
32,management,divorced,tertiary,no,883,yes,no,cellular,1,5,other,1
50,management,married,tertiary,no,2881,no,no,cellular,2,5,other,0
40,entrepreneur,married,primary,no,0,yes,no,cellular,2,0,unknown,0
26,blue-collar,married,secondary,no,128,no,no,unknown,1,0,unknown,0
27,blue-collar,single,primary,no,-79,yes,no,unknown,5,0,unknown,0
44,blue-collar,married,primary,no,-11,yes,no,unknown,1,0,unknown,0
46,management,divorced,tertiary,no,6269,yes,no,telephone,3,2,failure,0
27,services,single,secondary,no,261,yes,yes,cellular,1,0,unknown,0
35,services,divorced,secondary,no,67,yes,no,cellular,2,0,unknown,0
47,services,married,secondary,no,2322,no,no,cellular,1,0,unknown,0
56,self-employed,married,secondary,no,784,no,yes,cellular,2,0,unknown,0
35,blue-collar,married,secondary,no,407,yes,no,cellular,6,0,unknown,0
39,technician,married,tertiary,no,794,no,no,telephone,1,0,unknown,0
58,retired,married,primary,no,1987,no,no,telephone,4,0,unknown,0
33,technician,single,tertiary,no,123,no,no,cellular,1,0,unknown,0
80,retired,married,secondary,no,462,no,no,cellular,2,0,unknown,0
48,blue-collar,married,secondary,no,841,yes,no,unknown,1,0,unknown,0
56,management,married,secondary,no,238,yes,no,cellular,1,0,unknown,0
39,management,single,tertiary,no,816,yes,no,cellular,3,0,unknown,0
49,management,divorced,tertiary,no,1904,no,yes,cellular,2,0,unknown,0
42,admin.,divorced,secondary,no,63,no,no,unknown,6,0,unknown,0
30,management,single,tertiary,no,-218,yes,no,cellular,15,0,unknown,0
31,management,single,tertiary,no,62,yes,no,cellular,1,5,failure,0
39,entrepreneur,married,tertiary,no,2644,yes,no,unknown,1,0,unknown,0
41,blue-collar,divorced,primary,no,664,no,yes,cellular,5,0,unknown,1
40,technician,married,secondary,no,56,yes,yes,cellular,1,1,failure,0
42,blue-collar,married,primary,no,704,yes,yes,telephone,10,0,unknown,0
31,management,single,secondary,no,36,no,no,cellular,2,0,unknown,0
35,blue-collar,married,secondary,no,603,yes,no,cellular,2,0,unknown,0
34,management,married,tertiary,no,2892,yes,yes,cellular,7,0,unknown,0
47,services,divorced,secondary,no,4906,yes,no,unknown,1,0,unknown,0
45,admin.,married,secondary,no,72,yes,yes,cellular,2,2,failure,0
50,technician,divorced,unknown,no,2706,yes,no,unknown,3,0,unknown,0
49,blue-collar,married,tertiary,no,1784,no,no,unknown,1,0,unknown,0
41,admin.,married,secondary,no,920,yes,yes,unknown,1,0,unknown,0
32,blue-collar,divorced,secondary,no,739,yes,no,unknown,1,0,unknown,0
42,management,single,tertiary,no,525,no,no,cellular,2,0,unknown,0
51,housemaid,married,primary,no,30,yes,no,cellular,2,0,unknown,0
30,management,married,secondary,no,0,yes,no,cellular,3,0,unknown,0
30,technician,single,tertiary,no,799,yes,yes,unknown,18,0,unknown,0
57,housemaid,married,primary,no,501,yes,yes,cellular,2,0,unknown,0
46,admin.,divorced,secondary,no,2232,no,no,cellular,1,0,unknown,1
46,services,married,secondary,no,2420,no,no,cellular,2,0,unknown,0
27,services,single,secondary,no,261,yes,yes,cellular,1,0,unknown,0
36,blue-collar,single,secondary,no,35,yes,no,unknown,3,0,unknown,0
33,blue-collar,single,secondary,no,-320,no,no,cellular,2,0,unknown,0
28,blue-collar,single,secondary,no,6307,yes,no,unknown,1,0,unknown,0
47,services,married,secondary,no,2,no,yes,cellular,15,0,unknown,0
34,blue-collar,married,primary,no,-319,yes,yes,cellular,4,0,unknown,0
65,retired,divorced,primary,no,1840,no,no,cellular,2,5,failure,0
26,technician,single,secondary,no,2610,yes,yes,unknown,1,0,unknown,0
42,blue-collar,married,primary,no,2111,yes,no,cellular,2,0,unknown,0
44,blue-collar,married,secondary,no,878,yes,no,cellular,1,0,unknown,0
50,technician,divorced,unknown,no,2706,yes,no,unknown,3,0,unknown,0
48,unemployed,divorced,secondary,no,1266,yes,no,telephone,1,0,unknown,0
35,admin.,married,secondary,no,0,yes,no,cellular,5,0,unknown,0
54,blue-collar,married,primary,no,781,yes,no,unknown,2,0,unknown,0
47,admin.,divorced,secondary,no,225,no,no,cellular,4,0,unknown,1
34,management,single,tertiary,no,1171,yes,no,cellular,1,0,unknown,0
54,services,married,secondary,no,88,yes,no,unknown,1,0,unknown,0
48,management,married,tertiary,no,866,no,no,cellular,2,0,unknown,0
34,admin.,single,secondary,no,1,yes,no,cellular,7,0,unknown,0
37,blue-collar,married,secondary,no,103,yes,no,cellular,1,0,unknown,0
42,services,married,secondary,no,3620,yes,no,unknown,16,0,unknown,0
34,technician,married,secondary,no,209,yes,yes,cellular,2,0,unknown,0
26,management,single,tertiary,no,592,no,no,telephone,2,1,other,0
57,retired,married,primary,no,75,no,no,cellular,2,0,unknown,0
27,services,married,secondary,no,0,yes,no,cellular,13,0,unknown,1
56,management,married,tertiary,no,3172,yes,no,cellular,1,0,unknown,0
32,blue-collar,single,secondary,no,1670,yes,no,cellular,1,0,unknown,0
43,admin.,married,secondary,no,264,yes,no,cellular,2,0,unknown,0
40,technician,married,secondary,no,697,no,no,cellular,2,2,other,0
38,unemployed,single,tertiary,no,0,no,no,cellular,2,0,unknown,0
48,blue-collar,married,secondary,no,841,yes,no,unknown,1,0,unknown,0
45,technician,married,secondary,no,115,yes,no,cellular,1,0,unknown,0
36,technician,married,secondary,no,5902,yes,no,unknown,4,0,unknown,0
41,technician,married,secondary,no,64,yes,yes,unknown,2,0,unknown,0
31,technician,married,secondary,no,589,yes,yes,unknown,1,0,unknown,0
37,management,married,tertiary,no,0,no,no,cellular,4,2,failure,0
29,blue-collar,married,secondary,no,15,no,no,cellular,1,0,unknown,0
31,admin.,married,secondary,no,0,yes,no,unknown,2,0,unknown,0
70,retired,divorced,primary,no,4531,no,no,cellular,1,0,unknown,0
48,technician,married,secondary,no,5,no,no,unknown,6,0,unknown,0
49,self-employed,married,primary,no,489,yes,no,unknown,4,0,unknown,0
57,self-employed,married,tertiary,yes,-3313,yes,yes,unknown,1,0,unknown,0
31,management,married,tertiary,no,1750,yes,no,telephone,3,0,unknown,0
29,unemployed,single,tertiary,no,991,no,no,cellular,1,0,unknown,0
48,management,married,unknown,no,0,yes,no,cellular,1,1,other,0
35,housemaid,married,tertiary,no,20,yes,yes,cellular,3,0,unknown,0
31,blue-collar,married,secondary,no,92,yes,no,unknown,1,0,unknown,1
49,services,married,secondary,no,400,no,no,cellular,3,0,unknown,0
30,services,married,secondary,no,0,yes,no,unknown,1,0,unknown,0
38,management,single,tertiary,no,493,yes,no,cellular,1,7,failure,0
36,blue-collar,married,unknown,no,6,no,no,unknown,7,0,unknown,0
32,management,single,secondary,no,249,yes,no,unknown,1,0,unknown,0
48,admin.,divorced,secondary,no,4099,no,no,cellular,2,0,unknown,1
59,blue-collar,married,primary,no,0,no,no,cellular,2,0,unknown,0
27,technician,single,unknown,no,59,no,no,cellular,4,0,unknown,0
35,technician,married,secondary,no,2789,yes,no,cellular,2,1,failure,0
31,technician,single,tertiary,no,1214,no,no,cellular,1,0,unknown,0
46,technician,married,secondary,no,499,yes,no,cellular,10,0,unknown,0
41,self-employed,married,primary,no,204,no,no,cellular,7,0,unknown,0
35,management,married,tertiary,no,1253,yes,no,unknown,2,0,unknown,0
42,blue-collar,married,primary,no,0,yes,yes,cellular,2,0,unknown,0
43,blue-collar,married,primary,no,232,no,yes,cellular,1,0,unknown,0
73,retired,married,secondary,no,19,no,no,cellular,2,0,unknown,0
67,retired,married,tertiary,no,701,no,no,cellular,2,0,unknown,1
44,management,divorced,tertiary,no,0,no,no,cellular,1,0,unknown,0
25,student,married,tertiary,no,0,yes,no,cellular,1,0,unknown,0
50,admin.,divorced,secondary,no,1111,yes,no,cellular,1,0,unknown,0
27,management,single,tertiary,no,212,yes,no,cellular,1,0,unknown,0
33,blue-collar,single,secondary,no,13494,yes,no,unknown,25,0,unknown,0
42,unemployed,married,secondary,no,1289,no,no,cellular,4,2,failure,1
52,blue-collar,married,secondary,no,2087,yes,no,cellular,1,1,failure,1
55,blue-collar,married,primary,no,2275,no,no,cellular,9,0,unknown,0
34,admin.,married,secondary,no,61,no,yes,unknown,1,0,unknown,0
34,management,married,tertiary,no,-308,yes,no,cellular,2,0,unknown,0
38,services,married,secondary,no,0,no,yes,cellular,6,0,unknown,0
49,admin.,married,secondary,no,14440,yes,no,cellular,1,0,unknown,0
46,blue-collar,married,primary,no,0,yes,no,unknown,9,0,unknown,0
56,services,married,secondary,no,22196,yes,no,cellular,1,0,unknown,0
52,entrepreneur,divorced,primary,no,278,yes,no,unknown,2,0,unknown,0
40,blue-collar,married,primary,yes,0,yes,no,unknown,2,0,unknown,0
27,technician,single,secondary,no,489,yes,no,cellular,4,0,unknown,1
34,self-employed,married,secondary,no,-370,yes,no,unknown,1,0,unknown,0
45,blue-collar,married,primary,no,2433,no,no,cellular,2,0,unknown,0
33,blue-collar,married,primary,no,925,no,no,cellular,3,0,unknown,0
44,management,married,tertiary,no,3762,no,no,cellular,12,0,unknown,0
36,management,married,tertiary,no,0,yes,yes,unknown,3,0,unknown,0
24,blue-collar,married,secondary,no,9,yes,no,unknown,7,0,unknown,0
58,retired,married,primary,no,4007,no,no,cellular,4,0,unknown,0
31,services,married,tertiary,no,309,yes,yes,unknown,1,0,unknown,0
53,blue-collar,married,primary,no,25,yes,no,unknown,3,0,unknown,0
35,admin.,married,secondary,yes,0,no,yes,unknown,3,0,unknown,0
31,management,married,tertiary,no,8312,no,no,cellular,13,0,unknown,0
42,management,married,tertiary,no,1205,no,no,telephone,2,0,unknown,1
32,technician,single,secondary,no,6402,yes,no,cellular,1,1,success,0
34,management,married,tertiary,no,176,no,no,cellular,4,0,unknown,0
60,retired,married,secondary,no,4820,no,no,unknown,1,0,unknown,0
56,admin.,married,secondary,no,45,no,no,unknown,1,0,unknown,1
56,retired,married,tertiary,no,478,no,no,cellular,1,0,unknown,0
40,admin.,single,secondary,no,263,yes,no,unknown,1,0,unknown,0
34,technician,married,secondary,no,0,yes,no,cellular,4,0,unknown,0
38,management,married,tertiary,no,1199,no,no,cellular,1,1,success,1
32,technician,married,secondary,no,485,no,no,cellular,14,0,unknown,0
30,management,single,tertiary,no,47,no,yes,cellular,17,0,unknown,0
57,technician,married,tertiary,no,27069,no,yes,unknown,3,0,unknown,0
57,management,married,primary,no,-226,yes,no,unknown,1,0,unknown,0
25,management,single,tertiary,no,553,yes,no,cellular,4,1,failure,0
34,blue-collar,married,secondary,no,518,yes,no,cellular,1,0,unknown,0
31,admin.,married,secondary,no,0,yes,no,cellular,5,0,unknown,0
39,admin.,married,tertiary,no,722,no,no,telephone,1,0,unknown,0
39,blue-collar,single,primary,no,6,yes,no,cellular,2,0,unknown,0
33,blue-collar,single,primary,no,1,yes,no,cellular,1,0,unknown,0
59,technician,married,primary,no,3163,yes,no,unknown,2,0,unknown,0
28,management,single,tertiary,no,5549,no,no,cellular,6,0,unknown,0
27,blue-collar,single,primary,no,1209,no,no,cellular,1,0,unknown,0
53,entrepreneur,married,secondary,no,-118,yes,no,unknown,3,0,unknown,0
31,blue-collar,married,secondary,no,0,no,yes,telephone,2,0,unknown,0
43,blue-collar,married,secondary,no,625,yes,no,unknown,1,0,unknown,0
30,blue-collar,single,secondary,no,363,no,no,cellular,3,0,unknown,0
52,management,married,tertiary,no,1944,yes,no,cellular,3,2,failure,0
47,technician,married,secondary,no,1990,yes,yes,cellular,4,0,unknown,0
43,management,married,secondary,no,17555,no,no,cellular,14,0,unknown,0
36,management,single,tertiary,no,442,yes,yes,cellular,3,0,unknown,0
53,services,divorced,secondary,no,-905,yes,no,unknown,1,0,unknown,0
55,services,married,secondary,no,186,yes,yes,unknown,1,0,unknown,0
49,technician,married,secondary,no,4667,yes,no,unknown,2,0,unknown,0
36,management,married,tertiary,no,495,no,no,cellular,3,2,success,1
59,self-employed,married,tertiary,no,593,no,no,unknown,2,0,unknown,0
39,entrepreneur,married,tertiary,no,2,yes,no,cellular,1,0,unknown,0
71,retired,married,tertiary,no,14220,yes,no,cellular,1,0,unknown,1
51,technician,married,secondary,no,500,yes,no,cellular,6,0,unknown,0
37,self-employed,married,secondary,no,215,yes,no,unknown,1,0,unknown,0
39,technician,divorced,secondary,no,902,yes,no,cellular,2,5,failure,1
40,self-employed,divorced,secondary,no,1876,no,yes,unknown,1,0,unknown,0
36,technician,married,secondary,no,23,yes,no,cellular,2,1,failure,0
54,management,married,primary,no,3859,no,yes,cellular,3,0,unknown,0
51,blue-collar,married,primary,no,3726,no,yes,cellular,12,0,unknown,0
32,services,married,secondary,no,-632,yes,yes,cellular,5,0,unknown,0
52,management,divorced,tertiary,no,907,yes,no,unknown,2,0,unknown,0
41,management,married,tertiary,no,4824,no,yes,cellular,7,0,unknown,0
41,blue-collar,single,unknown,no,4684,no,no,unknown,6,0,unknown,0
50,technician,married,secondary,no,1412,no,no,cellular,3,0,unknown,0
47,technician,married,secondary,no,-938,yes,no,unknown,2,0,unknown,0
43,technician,single,tertiary,yes,0,no,no,cellular,4,0,unknown,0
28,blue-collar,married,secondary,no,373,yes,no,cellular,9,1,failure,0
41,blue-collar,married,secondary,no,780,yes,no,cellular,3,0,unknown,0
42,unemployed,married,secondary,no,1289,no,no,cellular,4,2,failure,1
38,technician,married,secondary,no,4030,yes,no,cellular,2,5,failure,0
35,technician,married,secondary,no,13658,yes,no,telephone,2,0,unknown,0
30,technician,single,tertiary,no,411,no,no,cellular,1,0,unknown,0
35,management,married,tertiary,no,0,yes,no,cellular,3,0,unknown,0
56,blue-collar,married,primary,no,379,no,no,cellular,5,0,unknown,0
61,technician,married,secondary,no,1191,no,no,cellular,4,0,unknown,1
36,technician,married,tertiary,no,491,yes,no,unknown,3,0,unknown,0
48,blue-collar,married,secondary,no,0,yes,no,unknown,1,0,unknown,0
35,management,single,tertiary,no,5958,yes,no,cellular,1,0,unknown,1
50,services,married,secondary,no,1572,yes,no,cellular,1,0,unknown,0
34,management,single,secondary,no,524,no,no,unknown,1,0,unknown,0
33,services,married,secondary,no,288,yes,no,cellular,1,0,unknown,0
29,blue-collar,single,secondary,no,770,yes,no,cellular,1,0,unknown,0
31,blue-collar,married,secondary,no,92,yes,no,unknown,1,0,unknown,1
32,self-employed,married,tertiary,no,3601,no,no,cellular,15,0,unknown,0
38,admin.,married,tertiary,no,605,no,no,cellular,2,0,unknown,0
27,services,married,secondary,no,0,yes,no,cellular,13,0,unknown,1
34,management,married,tertiary,no,1557,yes,yes,unknown,1,0,unknown,0
55,services,married,secondary,no,186,yes,yes,unknown,1,0,unknown,0
58,management,married,primary,no,76,yes,no,telephone,4,0,unknown,0
31,admin.,married,secondary,no,3,yes,no,cellular,12,0,unknown,0
40,blue-collar,married,primary,no,98,yes,no,unknown,5,0,unknown,0
36,technician,married,tertiary,no,491,yes,no,unknown,3,0,unknown,0
49,management,divorced,tertiary,no,1405,no,no,unknown,1,0,unknown,0
48,technician,married,secondary,no,127,no,yes,cellular,5,0,unknown,0
84,retired,divorced,primary,no,639,no,no,telephone,3,0,unknown,1
28,services,single,secondary,no,-427,yes,yes,unknown,2,0,unknown,0
34,management,married,tertiary,no,180,no,no,cellular,3,0,unknown,0
37,blue-collar,divorced,secondary,no,0,yes,no,cellular,4,0,unknown,1
45,blue-collar,married,secondary,no,784,yes,yes,unknown,1,0,unknown,0
34,technician,single,secondary,no,0,yes,yes,unknown,1,0,unknown,0
32,admin.,single,secondary,no,1649,no,no,cellular,2,0,unknown,0
42,blue-collar,married,secondary,no,3068,yes,yes,cellular,2,0,unknown,0
46,blue-collar,married,secondary,no,5,no,no,cellular,3,0,unknown,0
51,blue-collar,divorced,primary,no,837,no,no,telephone,2,0,unknown,0
26,blue-collar,single,primary,no,-887,yes,no,cellular,2,0,unknown,1
55,entrepreneur,married,primary,no,298,yes,no,unknown,3,0,unknown,0
57,admin.,married,secondary,no,3927,no,no,cellular,1,0,unknown,0
35,blue-collar,married,primary,no,11,yes,no,unknown,4,0,unknown,0
70,retired,married,secondary,no,2815,no,no,cellular,2,1,failure,0
49,unemployed,married,tertiary,no,-471,yes,no,cellular,3,7,failure,0
48,technician,married,secondary,no,7020,no,no,cellular,2,0,unknown,0
44,management,married,tertiary,no,773,no,yes,cellular,1,0,unknown,0
51,management,single,tertiary,yes,-55,yes,no,cellular,6,0,unknown,0
46,services,married,secondary,no,271,yes,no,unknown,4,0,unknown,0
27,technician,married,secondary,no,1577,yes,yes,unknown,2,0,unknown,0
34,management,single,tertiary,no,872,yes,no,unknown,2,0,unknown,0
59,blue-collar,married,primary,no,699,no,no,cellular,1,6,failure,0
43,admin.,married,secondary,no,3215,yes,no,cellular,3,0,unknown,0
45,technician,married,secondary,no,115,yes,no,cellular,1,0,unknown,0
41,blue-collar,married,secondary,no,343,yes,no,unknown,7,0,unknown,0
39,admin.,married,secondary,no,260,yes,no,cellular,1,1,failure,0
43,technician,married,secondary,no,434,yes,no,unknown,1,0,unknown,0
31,management,married,tertiary,no,623,yes,no,cellular,2,5,failure,0
43,admin.,married,secondary,no,3215,yes,no,cellular,3,0,unknown,0
28,technician,single,secondary,yes,-298,yes,no,unknown,7,0,unknown,0
38,unemployed,single,tertiary,no,0,no,no,cellular,2,0,unknown,0
38,management,single,tertiary,no,0,yes,no,cellular,2,0,unknown,0
39,blue-collar,married,secondary,no,1439,yes,no,telephone,6,0,unknown,0
43,services,single,secondary,no,3403,yes,no,cellular,2,2,success,1
53,management,married,tertiary,no,4,no,no,unknown,6,0,unknown,0
32,services,married,secondary,no,61,yes,no,cellular,5,0,unknown,0
47,housemaid,married,primary,no,201,yes,no,cellular,2,1,failure,0
33,technician,single,secondary,no,2085,no,no,cellular,2,0,unknown,1
62,unknown,married,secondary,no,367,no,no,telephone,5,0,unknown,0
44,services,married,secondary,no,0,yes,yes,cellular,1,0,unknown,0
31,management,married,tertiary,no,1170,no,no,cellular,4,0,unknown,0
52,admin.,single,unknown,no,2227,no,no,cellular,2,0,unknown,1
36,management,divorced,tertiary,no,649,no,no,cellular,2,1,failure,0
35,technician,married,secondary,no,13658,yes,no,telephone,2,0,unknown,0
52,retired,married,secondary,no,424,no,no,cellular,1,3,failure,0
44,technician,married,tertiary,no,1707,no,no,cellular,3,0,unknown,0
56,admin.,married,secondary,no,45,no,no,unknown,1,0,unknown,1
32,management,married,secondary,no,3935,yes,no,unknown,2,0,unknown,0
36,management,married,tertiary,no,340,yes,no,cellular,2,0,unknown,0
38,management,divorced,tertiary,no,4425,yes,no,unknown,1,0,unknown,0
32,blue-collar,married,secondary,no,-63,yes,no,unknown,1,0,unknown,0
31,services,single,secondary,no,469,no,yes,cellular,1,0,unknown,0
41,admin.,single,secondary,no,748,no,no,telephone,7,3,other,0
58,blue-collar,divorced,secondary,no,543,no,yes,telephone,3,0,unknown,0
54,blue-collar,married,secondary,no,0,no,no,telephone,1,1,failure,0
46,admin.,single,secondary,no,751,yes,no,unknown,2,0,unknown,0
45,technician,married,secondary,no,1477,yes,no,cellular,1,0,unknown,0
45,blue-collar,divorced,secondary,no,1269,yes,no,cellular,2,0,unknown,0
55,blue-collar,divorced,primary,no,410,no,yes,cellular,2,0,unknown,0
39,housemaid,single,primary,no,109,yes,no,unknown,3,0,unknown,0
58,admin.,married,secondary,no,1142,no,no,telephone,3,0,unknown,0
49,management,divorced,tertiary,no,1405,no,no,unknown,1,0,unknown,0
31,management,single,tertiary,no,1130,yes,no,cellular,3,4,failure,0
52,management,married,tertiary,no,0,yes,no,cellular,1,0,unknown,0
57,blue-collar,married,primary,no,179,no,no,unknown,3,0,unknown,0
30,technician,single,tertiary,no,2325,no,no,cellular,3,4,other,0
50,blue-collar,divorced,primary,no,1545,yes,no,cellular,1,0,unknown,0
57,technician,married,secondary,no,1469,yes,no,cellular,1,0,unknown,0
57,retired,married,primary,no,808,no,no,telephone,1,0,unknown,0
43,blue-collar,divorced,primary,no,-97,yes,yes,cellular,4,0,unknown,0
30,technician,single,secondary,no,57,no,no,cellular,2,0,unknown,0
32,management,married,tertiary,no,1667,yes,no,cellular,2,3,failure,0
45,admin.,married,secondary,no,638,yes,no,cellular,9,0,unknown,0
57,housemaid,married,tertiary,no,3,no,no,cellular,2,0,unknown,0
35,technician,divorced,secondary,no,308,no,no,cellular,2,0,unknown,0
79,retired,married,primary,no,8556,no,no,telephone,2,2,success,1
62,unknown,married,secondary,no,367,no,no,telephone,5,0,unknown,0
34,self-employed,married,primary,no,712,yes,no,unknown,3,0,unknown,0
31,blue-collar,married,secondary,no,360,yes,yes,cellular,1,1,failure,0
80,retired,married,secondary,no,462,no,no,cellular,2,0,unknown,0
43,blue-collar,married,primary,no,757,yes,no,unknown,4,0,unknown,0
37,technician,married,tertiary,no,0,yes,no,cellular,1,0,unknown,0
56,housemaid,married,tertiary,no,1922,yes,no,cellular,2,0,unknown,0
46,blue-collar,married,secondary,no,519,yes,no,cellular,6,0,unknown,0
55,retired,married,secondary,no,4194,no,yes,telephone,3,0,unknown,0
49,self-employed,married,secondary,no,1103,no,no,cellular,2,0,unknown,0
53,entrepreneur,married,tertiary,no,624,no,yes,cellular,4,0,unknown,0
37,services,single,secondary,no,-244,no,no,unknown,1,0,unknown,0
45,blue-collar,married,secondary,no,827,yes,no,unknown,5,0,unknown,0
32,technician,single,tertiary,no,1012,no,no,cellular,1,0,unknown,0
57,admin.,divorced,unknown,no,4012,no,no,cellular,1,0,unknown,0
28,management,married,tertiary,no,318,yes,no,unknown,4,0,unknown,0
55,blue-collar,married,primary,no,284,no,yes,telephone,4,0,unknown,0
29,management,single,tertiary,no,4210,yes,no,cellular,1,0,unknown,0
32,technician,married,secondary,no,687,no,no,cellular,4,0,unknown,0
60,technician,married,primary,no,65,yes,no,unknown,2,0,unknown,1
49,admin.,single,secondary,no,981,yes,no,telephone,3,0,unknown,0
47,services,single,unknown,no,1784,no,no,cellular,2,0,unknown,1
36,technician,single,secondary,no,9149,yes,no,cellular,3,0,unknown,0
29,management,married,tertiary,no,581,yes,yes,cellular,2,0,unknown,0
31,management,married,tertiary,no,1170,no,no,cellular,4,0,unknown,0
41,technician,divorced,secondary,no,0,yes,no,cellular,2,0,unknown,0
28,blue-collar,single,secondary,no,56,yes,no,unknown,1,0,unknown,0
36,management,single,tertiary,no,553,no,no,cellular,2,0,unknown,0
41,retired,single,primary,no,0,no,no,cellular,1,2,failure,0
46,management,married,tertiary,no,477,yes,no,unknown,6,0,unknown,0
39,technician,married,secondary,no,3663,no,no,cellular,3,0,unknown,0
41,blue-collar,married,primary,no,951,yes,no,cellular,4,0,unknown,0
39,services,married,secondary,no,5731,yes,no,unknown,2,0,unknown,0
30,services,married,secondary,no,0,yes,no,unknown,1,0,unknown,0
33,management,married,tertiary,no,4,yes,no,cellular,5,0,unknown,0
35,services,married,secondary,no,128,yes,no,cellular,1,0,unknown,0
42,technician,single,unknown,no,344,yes,no,unknown,7,0,unknown,0
58,retired,married,primary,no,565,no,no,telephone,1,0,unknown,1
31,management,married,tertiary,no,395,yes,no,cellular,3,0,unknown,0
33,blue-collar,married,secondary,no,86,yes,no,unknown,1,0,unknown,0
38,technician,married,secondary,no,226,yes,no,unknown,3,0,unknown,1
34,services,married,secondary,no,0,yes,no,cellular,4,0,unknown,0
42,blue-collar,married,primary,no,0,yes,no,cellular,1,0,unknown,0
43,technician,single,secondary,no,593,yes,no,unknown,1,0,unknown,0
29,services,married,secondary,no,308,yes,no,unknown,1,0,unknown,0
46,entrepreneur,married,secondary,no,757,no,no,unknown,3,0,unknown,0
27,admin.,divorced,secondary,no,451,yes,no,cellular,1,0,unknown,1
26,services,single,secondary,no,50,yes,no,cellular,1,0,unknown,0
59,retired,married,primary,no,-47,yes,no,cellular,4,0,unknown,0
49,management,married,tertiary,no,7007,no,no,cellular,2,0,unknown,0
32,blue-collar,married,secondary,no,736,yes,no,unknown,3,0,unknown,0
30,services,married,secondary,no,1808,yes,no,cellular,2,0,unknown,0
37,blue-collar,married,primary,no,0,yes,no,cellular,1,3,other,0
36,management,married,tertiary,no,9,no,no,cellular,4,0,unknown,1
52,admin.,married,secondary,no,2347,no,yes,cellular,3,0,unknown,0
38,management,married,tertiary,no,223,no,no,cellular,1,0,unknown,0
44,management,married,secondary,no,8262,yes,no,cellular,16,0,unknown,0
46,management,divorced,tertiary,no,6269,yes,no,telephone,3,2,failure,0
26,management,single,secondary,no,63,no,no,cellular,4,0,unknown,0
56,retired,married,secondary,no,1044,no,no,telephone,2,0,unknown,1
46,services,married,secondary,no,271,yes,no,unknown,4,0,unknown,0
31,technician,single,tertiary,no,614,no,no,cellular,4,0,unknown,0
30,blue-collar,single,secondary,no,315,no,no,cellular,1,0,unknown,1
59,management,divorced,primary,no,133,yes,no,cellular,1,0,unknown,0
61,self-employed,divorced,tertiary,no,6610,no,no,cellular,2,0,unknown,1
43,unemployed,married,secondary,no,3529,no,no,cellular,2,0,unknown,0
27,services,single,secondary,no,-151,no,no,cellular,2,0,unknown,0
31,technician,single,secondary,no,691,yes,no,cellular,1,0,unknown,0
31,blue-collar,married,secondary,no,1664,yes,no,cellular,1,1,success,0
42,blue-collar,married,secondary,no,-921,yes,no,unknown,2,0,unknown,0
28,blue-collar,single,primary,no,0,yes,yes,unknown,4,0,unknown,0
37,services,married,primary,no,52,yes,no,unknown,1,0,unknown,0
40,management,single,tertiary,no,1361,no,no,cellular,1,0,unknown,1
56,retired,married,secondary,no,-1206,yes,no,cellular,2,0,unknown,1
36,management,married,primary,no,3953,yes,no,cellular,1,0,unknown,0
58,blue-collar,divorced,primary,no,8218,yes,no,cellular,10,0,unknown,0
41,management,married,tertiary,no,6563,no,no,cellular,8,0,unknown,0
34,technician,married,secondary,no,351,yes,no,cellular,1,0,unknown,0
47,admin.,divorced,secondary,no,136,no,yes,cellular,1,0,unknown,0
31,admin.,single,secondary,no,223,yes,no,cellular,1,11,success,0
43,entrepreneur,married,tertiary,no,1574,yes,no,cellular,3,0,unknown,0
34,technician,married,secondary,no,209,yes,yes,cellular,2,0,unknown,0
45,management,married,tertiary,no,1929,yes,no,unknown,15,0,unknown,0
25,management,single,tertiary,no,2506,no,no,cellular,1,0,unknown,1
27,services,married,secondary,no,54,yes,no,cellular,1,1,failure,0
36,management,married,tertiary,no,222,yes,no,cellular,1,2,failure,0
43,services,single,secondary,no,3403,yes,no,cellular,2,2,success,1
31,technician,married,secondary,no,2363,yes,no,unknown,1,0,unknown,0
33,admin.,married,tertiary,no,79,yes,no,cellular,2,2,failure,1
27,self-employed,married,secondary,no,-220,yes,no,unknown,2,0,unknown,0
42,blue-collar,married,primary,no,2111,yes,no,cellular,2,0,unknown,0
41,admin.,married,tertiary,no,1536,no,no,cellular,2,0,unknown,0
56,retired,married,primary,no,-1,no,no,cellular,23,0,unknown,0
32,blue-collar,married,secondary,no,9,yes,no,cellular,2,0,unknown,0
42,services,married,secondary,no,3620,yes,no,unknown,16,0,unknown,0
35,housemaid,married,tertiary,no,20,yes,yes,cellular,3,0,unknown,0
43,management,married,tertiary,no,2886,no,no,cellular,1,0,unknown,0
34,admin.,divorced,secondary,no,479,yes,no,cellular,1,5,failure,1
29,management,single,tertiary,no,21,yes,no,cellular,4,3,failure,0
33,management,single,tertiary,no,1240,yes,no,cellular,2,1,other,0
33,technician,single,tertiary,no,123,no,no,cellular,1,0,unknown,0
36,management,single,secondary,no,0,no,no,cellular,5,0,unknown,0
30,technician,single,secondary,no,790,no,no,cellular,3,0,unknown,0
48,blue-collar,married,primary,no,199,no,no,telephone,2,0,unknown,0
41,admin.,married,primary,no,-306,yes,no,unknown,1,0,unknown,1
32,management,married,secondary,no,6217,yes,yes,cellular,2,2,failure,0
33,management,married,tertiary,no,3696,no,no,cellular,1,3,failure,0
61,technician,married,secondary,no,1191,no,no,cellular,4,0,unknown,1
58,unemployed,married,tertiary,no,1798,yes,no,cellular,8,0,unknown,0
59,self-employed,married,tertiary,no,3800,no,yes,cellular,1,0,unknown,0
25,services,single,secondary,no,368,no,no,telephone,1,0,unknown,0
36,technician,divorced,tertiary,no,1174,yes,no,cellular,2,0,unknown,0
37,admin.,married,secondary,no,749,no,no,cellular,1,0,unknown,0
44,unknown,married,secondary,no,2319,no,no,cellular,3,0,unknown,0
50,blue-collar,married,primary,no,5776,no,no,cellular,3,0,unknown,0
49,retired,married,primary,no,1672,no,no,cellular,3,0,unknown,0
48,management,married,secondary,no,117,yes,no,cellular,1,0,unknown,0
53,technician,married,primary,no,6839,yes,no,cellular,1,0,unknown,0
38,admin.,married,tertiary,no,605,no,no,cellular,2,0,unknown,0
34,blue-collar,married,secondary,no,516,yes,yes,unknown,1,0,unknown,0
34,technician,single,secondary,no,5039,no,no,cellular,6,0,unknown,0
34,technician,married,secondary,no,47,no,no,cellular,6,0,unknown,0
37,entrepreneur,single,secondary,no,654,no,no,unknown,2,0,unknown,0
36,services,single,secondary,no,417,yes,no,cellular,10,3,failure,0
55,retired,married,primary,no,8894,no,no,unknown,1,0,unknown,0
27,blue-collar,single,primary,no,-79,yes,no,unknown,5,0,unknown,0
37,blue-collar,married,secondary,no,132,no,no,unknown,2,0,unknown,0
54,blue-collar,married,secondary,no,0,no,no,telephone,1,1,failure,0
27,student,single,secondary,no,268,yes,no,cellular,1,2,failure,0
34,technician,single,secondary,no,475,yes,no,cellular,8,0,unknown,0
31,blue-collar,single,secondary,no,1882,no,no,cellular,2,0,unknown,0
34,management,divorced,secondary,no,291,no,no,cellular,2,0,unknown,0
36,management,married,tertiary,no,0,yes,yes,unknown,3,0,unknown,0
44,technician,divorced,secondary,no,809,yes,no,unknown,4,0,unknown,0
37,unemployed,married,secondary,no,1978,no,no,cellular,1,1,success,1
32,blue-collar,married,secondary,no,1148,yes,no,cellular,1,0,unknown,0
33,technician,married,secondary,no,-163,yes,yes,cellular,2,0,unknown,0
50,self-employed,married,secondary,no,1138,no,no,cellular,10,0,unknown,0
44,management,married,tertiary,no,4460,no,no,telephone,2,0,unknown,0
33,admin.,single,secondary,no,-300,yes,yes,cellular,1,0,unknown,0
48,management,single,tertiary,no,414,no,no,cellular,2,0,unknown,0
32,blue-collar,single,secondary,no,53,yes,no,cellular,1,1,failure,0
41,management,married,tertiary,no,6563,no,no,cellular,8,0,unknown,0
60,management,married,primary,no,252,yes,yes,cellular,2,3,failure,0
37,entrepreneur,single,secondary,no,654,no,no,unknown,2,0,unknown,0
38,services,married,secondary,no,8876,no,no,cellular,1,1,failure,0
60,self-employed,single,secondary,no,27,no,no,cellular,2,0,unknown,0
30,admin.,married,secondary,no,124,no,no,telephone,2,0,unknown,0
36,technician,married,tertiary,no,6,yes,no,cellular,1,1,failure,0
43,blue-collar,married,secondary,no,3060,yes,no,unknown,2,0,unknown,0
46,admin.,married,secondary,no,179,yes,no,cellular,4,1,other,0
31,management,married,tertiary,no,1343,yes,yes,unknown,1,0,unknown,0
24,blue-collar,married,secondary,no,204,yes,yes,cellular,3,0,unknown,0
56,blue-collar,married,secondary,no,2190,no,yes,cellular,2,1,failure,0
57,technician,married,secondary,no,839,no,yes,unknown,1,0,unknown,0
49,management,single,tertiary,no,151,yes,no,cellular,3,0,unknown,1
34,technician,single,secondary,no,201,no,no,cellular,2,0,unknown,0
35,technician,married,secondary,no,94,yes,yes,unknown,5,0,unknown,0
24,student,single,unknown,no,3298,yes,no,unknown,1,0,unknown,0
32,technician,married,secondary,no,5122,no,no,cellular,1,0,unknown,0
42,blue-collar,married,unknown,no,-406,yes,no,cellular,5,0,unknown,0
27,blue-collar,single,secondary,no,14,no,no,unknown,2,0,unknown,0
26,blue-collar,married,secondary,no,128,no,no,unknown,1,0,unknown,0
40,entrepreneur,married,secondary,no,1416,yes,no,unknown,2,0,unknown,0
50,self-employed,married,tertiary,no,202,yes,no,cellular,1,4,failure,0
58,blue-collar,divorced,secondary,no,314,no,no,unknown,2,0,unknown,0
33,management,married,secondary,no,3935,yes,no,cellular,1,2,failure,1
49,unemployed,divorced,tertiary,no,780,no,no,cellular,1,2,failure,0
51,blue-collar,married,primary,no,42,yes,no,cellular,2,3,failure,0
41,blue-collar,married,primary,no,389,yes,no,unknown,2,0,unknown,0
51,blue-collar,married,primary,no,3726,no,yes,cellular,12,0,unknown,0
38,blue-collar,divorced,secondary,no,889,no,yes,unknown,1,0,unknown,0
27,student,single,tertiary,no,3733,yes,no,cellular,1,6,success,1
58,unemployed,married,secondary,no,610,yes,no,telephone,2,0,unknown,0
33,management,married,tertiary,no,287,yes,no,cellular,2,3,other,0
40,management,married,tertiary,no,8969,yes,no,cellular,1,0,unknown,0
34,blue-collar,married,primary,no,455,yes,no,unknown,3,0,unknown,0
27,services,single,secondary,no,0,yes,no,unknown,7,0,unknown,0
47,technician,married,secondary,no,72,no,no,unknown,1,0,unknown,0
42,blue-collar,married,secondary,no,2157,yes,no,cellular,1,2,failure,0
36,blue-collar,married,secondary,no,-206,yes,no,unknown,2,0,unknown,0
53,technician,divorced,primary,no,7290,yes,no,unknown,1,0,unknown,0
32,management,married,secondary,no,3935,yes,no,unknown,2,0,unknown,0
43,management,married,unknown,no,5172,yes,no,unknown,3,0,unknown,0
25,admin.,married,secondary,no,894,yes,no,unknown,1,0,unknown,0
39,technician,married,secondary,no,994,no,no,cellular,1,1,failure,0
43,blue-collar,married,primary,no,487,yes,no,unknown,2,0,unknown,0
30,admin.,married,secondary,no,2678,yes,no,cellular,5,0,unknown,0
27,student,single,secondary,no,8366,no,no,cellular,2,1,other,0
51,management,divorced,tertiary,no,0,no,no,cellular,2,0,unknown,0
50,blue-collar,married,primary,no,-1,no,no,cellular,2,0,unknown,0
37,services,married,primary,no,52,yes,no,unknown,1,0,unknown,0
38,technician,single,tertiary,no,25,yes,no,cellular,2,0,unknown,1
49,blue-collar,married,tertiary,no,1784,no,no,unknown,1,0,unknown,0
32,admin.,married,secondary,no,1031,yes,no,cellular,1,0,unknown,0
48,blue-collar,married,secondary,no,1738,yes,no,cellular,1,0,unknown,0
47,management,married,tertiary,no,109,yes,no,cellular,1,0,unknown,0
43,admin.,married,secondary,no,3215,yes,no,cellular,3,0,unknown,0
31,technician,married,secondary,no,0,no,yes,cellular,4,0,unknown,0
38,blue-collar,married,secondary,no,1370,yes,no,cellular,2,0,unknown,0
45,blue-collar,married,primary,no,185,yes,no,cellular,3,0,unknown,0
31,management,married,tertiary,no,1170,no,no,cellular,4,0,unknown,0
35,technician,married,tertiary,no,0,yes,yes,cellular,1,6,other,0
22,technician,single,secondary,no,333,no,yes,telephone,1,0,unknown,0
40,management,married,tertiary,no,1548,yes,no,cellular,3,0,unknown,0
54,retired,divorced,tertiary,no,0,no,no,unknown,1,0,unknown,1
33,admin.,married,secondary,no,1158,yes,no,cellular,2,0,unknown,0
27,admin.,married,secondary,no,1033,yes,no,unknown,1,0,unknown,0
47,services,divorced,secondary,no,691,no,no,cellular,6,0,unknown,0
48,blue-collar,married,primary,no,750,yes,no,cellular,6,0,unknown,0
30,services,single,secondary,no,3485,no,no,cellular,2,0,unknown,0
28,unemployed,single,secondary,no,304,no,no,cellular,1,0,unknown,0
63,retired,married,secondary,no,2747,no,no,cellular,1,1,failure,0
57,blue-collar,married,primary,no,23,yes,no,telephone,8,0,unknown,0
39,management,married,tertiary,no,0,yes,no,unknown,2,0,unknown,0
25,blue-collar,married,secondary,no,-76,yes,no,unknown,3,0,unknown,0
32,blue-collar,single,secondary,no,-255,no,yes,unknown,3,0,unknown,0
53,technician,divorced,unknown,no,629,yes,no,cellular,1,0,unknown,0
31,services,married,tertiary,no,309,yes,yes,unknown,1,0,unknown,0
30,management,single,tertiary,no,4213,no,no,cellular,4,0,unknown,0
55,management,married,tertiary,no,6880,no,no,cellular,2,0,unknown,0
34,technician,married,secondary,no,351,yes,no,cellular,1,0,unknown,0
47,technician,divorced,tertiary,no,-1148,yes,yes,unknown,2,0,unknown,0
34,blue-collar,married,secondary,no,3990,yes,no,cellular,7,0,unknown,0
35,housemaid,divorced,secondary,no,39,no,no,cellular,2,0,unknown,0
48,management,divorced,tertiary,no,541,yes,no,cellular,1,2,other,0
39,management,single,tertiary,no,3797,no,no,cellular,2,0,unknown,0
34,admin.,single,secondary,no,852,no,no,cellular,2,0,unknown,0
49,services,married,tertiary,no,306,yes,no,cellular,7,0,unknown,0
30,blue-collar,single,secondary,no,363,no,no,cellular,3,0,unknown,0
35,technician,single,tertiary,no,470,yes,no,cellular,13,0,unknown,1
32,services,married,secondary,no,1464,yes,no,unknown,1,0,unknown,0
54,self-employed,married,secondary,no,641,yes,no,cellular,1,2,failure,0
19,student,single,primary,no,103,no,no,cellular,2,0,unknown,1
29,blue-collar,single,secondary,no,770,yes,no,cellular,1,0,unknown,0
51,unemployed,single,tertiary,no,1594,no,no,telephone,1,0,unknown,0
56,admin.,divorced,primary,no,0,no,yes,cellular,1,0,unknown,0
29,management,single,tertiary,no,1026,no,no,cellular,1,1,other,1
35,technician,divorced,secondary,no,308,no,no,cellular,2,0,unknown,0
29,management,married,tertiary,no,581,yes,yes,cellular,2,0,unknown,0
43,blue-collar,married,primary,no,1211,yes,no,unknown,3,0,unknown,0
28,admin.,single,secondary,no,26,yes,no,cellular,2,0,unknown,0
42,blue-collar,single,primary,no,1322,yes,yes,cellular,1,0,unknown,0
32,services,married,secondary,no,55,yes,no,unknown,9,0,unknown,0
43,unemployed,married,tertiary,no,58,yes,no,cellular,4,0,unknown,0
46,admin.,single,secondary,no,751,yes,no,unknown,2,0,unknown,0
38,management,married,tertiary,no,223,no,no,cellular,1,0,unknown,0
58,admin.,married,secondary,no,1142,no,no,telephone,3,0,unknown,0
32,technician,married,secondary,no,2693,yes,no,unknown,1,0,unknown,0
32,blue-collar,single,secondary,no,-84,yes,no,cellular,1,0,unknown,0
44,self-employed,married,tertiary,no,134,no,no,cellular,4,0,unknown,0
33,management,single,tertiary,no,1410,yes,no,cellular,1,5,failure,0
29,entrepreneur,married,secondary,no,452,yes,no,unknown,1,0,unknown,0
48,management,single,tertiary,no,414,no,no,cellular,2,0,unknown,0
26,management,divorced,tertiary,yes,-402,no,yes,unknown,2,0,unknown,0
36,management,married,tertiary,no,0,yes,yes,unknown,3,0,unknown,0
49,services,single,secondary,no,133,no,no,unknown,6,0,unknown,0
45,admin.,married,secondary,no,5346,yes,yes,unknown,1,0,unknown,1
40,self-employed,married,primary,no,92,yes,no,unknown,1,0,unknown,0
31,student,single,tertiary,no,64,no,no,cellular,1,2,success,0
58,unemployed,married,tertiary,no,1798,yes,no,cellular,8,0,unknown,0
57,admin.,divorced,primary,no,1,no,no,unknown,10,0,unknown,0
26,student,single,secondary,no,2572,yes,no,cellular,1,0,unknown,0
66,retired,married,primary,no,206,no,no,cellular,1,0,unknown,1
56,admin.,married,unknown,no,2038,no,no,cellular,1,1,success,0
32,management,married,secondary,no,3935,yes,no,unknown,2,0,unknown,0
54,blue-collar,married,primary,no,4503,no,no,telephone,3,0,unknown,0
38,management,single,tertiary,no,493,yes,no,cellular,1,7,failure,0
48,management,married,tertiary,no,1808,yes,no,cellular,1,0,unknown,1
42,blue-collar,single,primary,no,1322,yes,yes,cellular,1,0,unknown,0
53,blue-collar,married,primary,no,53,yes,no,cellular,1,1,failure,0
51,services,married,unknown,no,5801,yes,no,unknown,2,0,unknown,0
26,technician,single,secondary,no,2610,yes,yes,unknown,1,0,unknown,0
49,self-employed,married,primary,no,489,yes,no,unknown,4,0,unknown,0
39,technician,married,secondary,no,6,yes,no,cellular,3,4,failure,0
30,management,single,tertiary,no,47,no,yes,cellular,17,0,unknown,0
59,technician,divorced,secondary,no,879,yes,no,unknown,1,0,unknown,0
33,services,married,secondary,no,288,yes,no,cellular,1,0,unknown,0
35,blue-collar,single,secondary,no,0,yes,no,cellular,1,4,other,1
57,management,married,tertiary,no,1602,no,no,cellular,3,0,unknown,0
31,housemaid,single,tertiary,no,287,yes,no,cellular,1,0,unknown,0
55,management,married,primary,no,229,no,yes,unknown,3,0,unknown,0
48,technician,married,secondary,no,178,yes,no,unknown,4,0,unknown,0
67,retired,married,primary,no,2301,no,no,cellular,1,0,unknown,0
36,services,married,secondary,no,3064,yes,no,telephone,4,0,unknown,0
30,blue-collar,single,primary,no,185,no,no,unknown,1,0,unknown,0
39,management,single,tertiary,no,3797,no,no,cellular,2,0,unknown,0
31,management,married,tertiary,no,1750,yes,no,telephone,3,0,unknown,0
38,management,single,tertiary,no,15030,yes,no,cellular,1,7,other,0
55,blue-collar,married,secondary,no,989,yes,yes,unknown,4,0,unknown,0
32,entrepreneur,married,unknown,no,73,yes,no,cellular,1,1,failure,0
50,technician,married,secondary,no,1412,no,no,cellular,3,0,unknown,0
50,management,single,tertiary,no,567,yes,no,unknown,8,0,unknown,0
29,admin.,single,secondary,no,1070,yes,no,unknown,1,1,other,1
36,blue-collar,married,secondary,no,63,yes,no,unknown,8,0,unknown,0
34,admin.,married,secondary,no,244,yes,no,cellular,4,0,unknown,0
32,admin.,single,tertiary,no,-59,no,yes,unknown,1,0,unknown,0
38,admin.,divorced,tertiary,no,86,yes,no,unknown,1,0,unknown,0
60,retired,married,secondary,no,262,no,no,cellular,4,0,unknown,0
44,services,divorced,secondary,no,0,yes,yes,unknown,1,0,unknown,0
46,blue-collar,married,primary,no,91,yes,no,cellular,1,2,failure,0
55,blue-collar,married,primary,no,1086,yes,no,cellular,1,2,failure,0
53,admin.,single,secondary,no,2398,yes,no,cellular,1,2,failure,1
56,admin.,divorced,secondary,no,3337,yes,no,telephone,3,0,unknown,0
38,technician,married,secondary,no,1960,yes,no,cellular,2,0,unknown,0
38,unemployed,married,primary,no,1147,yes,yes,unknown,5,0,unknown,0
28,technician,single,tertiary,no,2269,yes,no,unknown,1,0,unknown,0
34,admin.,married,secondary,no,1671,no,no,unknown,1,0,unknown,0
28,admin.,married,secondary,no,12,yes,no,cellular,3,3,other,0
24,blue-collar,married,secondary,no,204,yes,yes,cellular,3,0,unknown,0
37,technician,single,secondary,no,228,yes,no,cellular,2,0,unknown,0
33,blue-collar,single,secondary,no,5137,yes,no,cellular,1,0,unknown,0
51,technician,married,tertiary,no,2506,no,no,cellular,3,0,unknown,0
32,technician,married,secondary,no,253,yes,no,unknown,3,0,unknown,0
35,management,divorced,tertiary,no,649,no,no,cellular,1,0,unknown,0
41,management,married,tertiary,no,2885,no,no,cellular,1,0,unknown,0
39,technician,married,tertiary,no,794,no,no,telephone,1,0,unknown,0
35,admin.,married,tertiary,no,0,yes,no,cellular,7,0,unknown,0
34,technician,single,secondary,no,341,no,yes,cellular,1,3,failure,0
33,services,married,secondary,no,210,yes,yes,unknown,1,0,unknown,0
52,blue-collar,married,primary,no,2,no,no,unknown,3,0,unknown,0
41,blue-collar,married,secondary,no,1459,no,no,unknown,1,0,unknown,0
34,entrepreneur,married,secondary,no,2,yes,yes,cellular,1,6,failure,0
48,management,married,tertiary,no,998,yes,no,cellular,3,0,unknown,0
46,admin.,divorced,secondary,no,2232,no,no,cellular,1,0,unknown,1
34,management,divorced,secondary,no,291,no,no,cellular,2,0,unknown,0
36,management,single,tertiary,no,2944,no,no,cellular,8,0,unknown,1
36,management,single,secondary,no,0,no,no,cellular,5,0,unknown,0
30,blue-collar,married,primary,no,2581,no,no,unknown,2,0,unknown,0
48,management,married,primary,no,3230,yes,no,telephone,3,0,unknown,0
34,management,single,tertiary,no,872,yes,no,unknown,2,0,unknown,0
41,blue-collar,divorced,primary,no,664,no,yes,cellular,5,0,unknown,1
42,technician,married,secondary,no,4945,yes,no,cellular,2,0,unknown,1
38,admin.,married,tertiary,no,669,yes,yes,cellular,2,0,unknown,0
43,management,married,unknown,no,5172,yes,no,unknown,3,0,unknown,0
31,management,married,tertiary,no,459,no,no,cellular,14,0,unknown,0
43,blue-collar,single,primary,no,30,yes,no,unknown,17,0,unknown,0
21,services,single,secondary,no,361,no,no,telephone,1,1,other,0
37,management,single,tertiary,no,695,no,no,cellular,1,0,unknown,0
35,technician,divorced,secondary,no,56,no,no,cellular,12,0,unknown,0
52,unknown,married,primary,no,247,no,no,cellular,6,0,unknown,0
38,technician,married,secondary,no,1960,yes,no,cellular,2,0,unknown,0
36,blue-collar,married,secondary,no,-73,yes,yes,cellular,8,0,unknown,0
29,blue-collar,single,tertiary,no,455,no,no,telephone,1,0,unknown,1
50,blue-collar,married,primary,no,5776,no,no,cellular,3,0,unknown,0
43,blue-collar,married,secondary,no,625,yes,no,unknown,1,0,unknown,0
34,self-employed,married,tertiary,no,5498,no,no,cellular,1,0,unknown,0
44,entrepreneur,married,tertiary,no,0,yes,no,unknown,1,0,unknown,0
33,blue-collar,divorced,primary,no,142,yes,no,telephone,2,5,failure,0
39,blue-collar,married,secondary,no,0,yes,no,cellular,1,1,failure,0
47,technician,married,secondary,no,2246,yes,no,cellular,1,0,unknown,0
52,blue-collar,married,primary,no,779,yes,no,unknown,3,0,unknown,0
47,management,married,unknown,no,150,no,no,unknown,1,0,unknown,0
79,retired,married,primary,no,429,no,no,telephone,2,0,unknown,1
29,blue-collar,single,secondary,no,770,yes,no,cellular,1,0,unknown,0
57,blue-collar,married,primary,no,179,no,no,unknown,3,0,unknown,0
44,blue-collar,married,primary,no,887,yes,no,cellular,2,1,failure,0
36,technician,divorced,secondary,no,-435,yes,no,unknown,8,0,unknown,0
26,technician,single,tertiary,no,75,yes,yes,unknown,1,0,unknown,0
38,blue-collar,married,primary,no,290,yes,no,cellular,1,0,unknown,0
35,technician,married,secondary,no,2,no,no,telephone,3,0,unknown,0
38,technician,single,tertiary,no,221,no,no,cellular,3,0,unknown,0
60,admin.,married,secondary,no,3043,no,no,cellular,3,0,unknown,0
48,management,married,tertiary,no,60,no,no,telephone,2,7,failure,0
31,blue-collar,married,secondary,no,92,yes,no,unknown,1,0,unknown,1
49,blue-collar,married,secondary,no,8545,yes,yes,cellular,7,1,failure,0
53,admin.,single,secondary,no,1178,yes,no,unknown,2,0,unknown,0
36,management,married,tertiary,no,-296,yes,no,cellular,3,0,unknown,0
62,retired,married,secondary,no,816,no,no,cellular,2,0,unknown,0
31,technician,single,secondary,no,102,yes,no,telephone,2,2,failure,0
32,technician,single,tertiary,no,1059,yes,no,cellular,1,0,unknown,0
32,management,single,tertiary,no,751,yes,no,unknown,1,0,unknown,0
31,management,married,tertiary,no,22546,yes,no,cellular,6,4,failure,0
33,technician,single,secondary,no,716,yes,no,cellular,2,0,unknown,0
39,blue-collar,married,primary,no,111,no,no,cellular,2,0,unknown,0
32,blue-collar,married,secondary,no,2089,yes,no,cellular,1,0,unknown,1
42,management,married,tertiary,no,520,no,no,cellular,1,0,unknown,0
32,services,married,secondary,no,-632,yes,yes,cellular,5,0,unknown,0
37,technician,divorced,secondary,no,79,no,no,cellular,1,0,unknown,0
30,admin.,single,tertiary,no,261,no,no,cellular,1,20,failure,0
28,management,single,tertiary,no,231,yes,yes,cellular,2,0,unknown,0
34,technician,married,secondary,no,50,no,no,cellular,3,0,unknown,0
44,blue-collar,married,primary,no,-11,yes,no,unknown,1,0,unknown,0
44,entrepreneur,married,tertiary,no,0,yes,no,unknown,1,0,unknown,0
57,admin.,divorced,unknown,no,887,no,no,unknown,8,0,unknown,0
70,retired,married,secondary,no,2815,no,no,cellular,2,1,failure,0
61,admin.,married,secondary,no,4608,no,no,cellular,1,0,unknown,1
60,management,divorced,tertiary,no,366,no,no,cellular,1,0,unknown,1
64,retired,married,secondary,no,1574,no,no,telephone,3,0,unknown,1
38,blue-collar,married,secondary,no,1663,yes,no,cellular,3,1,failure,0
30,technician,married,secondary,no,-393,yes,yes,cellular,1,0,unknown,1
40,self-employed,married,secondary,no,167,yes,yes,cellular,4,1,failure,0
45,self-employed,married,secondary,no,706,no,no,cellular,2,1,success,0
32,technician,single,tertiary,no,4665,yes,no,unknown,2,0,unknown,1
31,blue-collar,divorced,secondary,no,6,yes,no,cellular,1,0,unknown,0
27,services,married,secondary,no,100,no,no,cellular,2,0,unknown,0
39,admin.,married,secondary,no,260,yes,no,cellular,1,1,failure,0
36,technician,married,secondary,no,146,yes,yes,unknown,2,0,unknown,0
27,technician,single,unknown,no,59,no,no,cellular,4,0,unknown,0
44,services,married,secondary,no,5780,yes,no,cellular,2,0,unknown,0
41,self-employed,single,tertiary,no,3950,yes,no,unknown,2,0,unknown,0
39,admin.,divorced,secondary,no,399,yes,yes,cellular,2,0,unknown,0
47,blue-collar,married,secondary,no,1203,yes,no,cellular,2,0,unknown,0
31,self-employed,single,secondary,no,360,yes,no,unknown,4,0,unknown,0
70,retired,married,secondary,no,616,no,no,cellular,2,1,failure,0
30,technician,single,tertiary,no,6619,yes,no,cellular,8,0,unknown,0
65,housemaid,married,primary,no,2179,yes,no,cellular,7,0,unknown,0
35,technician,married,secondary,no,4508,yes,no,cellular,1,0,unknown,1
29,management,married,tertiary,no,20,yes,no,cellular,1,0,unknown,0
33,technician,single,tertiary,no,316,no,no,cellular,3,0,unknown,0
35,entrepreneur,single,tertiary,no,145,yes,no,cellular,2,0,unknown,1
45,unemployed,divorced,secondary,no,728,yes,yes,cellular,1,0,unknown,0
40,self-employed,married,tertiary,no,13669,no,no,cellular,1,8,other,0
50,management,married,tertiary,no,-470,yes,no,cellular,2,3,failure,0
30,technician,single,secondary,no,4787,yes,no,unknown,2,0,unknown,0
35,management,single,tertiary,no,2486,yes,no,cellular,1,0,unknown,0
32,blue-collar,married,secondary,no,1148,yes,no,cellular,1,0,unknown,0
55,services,married,unknown,no,1210,yes,no,unknown,1,0,unknown,0
40,blue-collar,married,primary,no,3658,yes,no,unknown,1,0,unknown,0
45,technician,single,tertiary,no,2087,no,no,cellular,14,0,unknown,0
60,retired,married,primary,no,71,no,no,cellular,3,0,unknown,0
33,services,divorced,secondary,no,411,yes,no,unknown,1,0,unknown,0
42,entrepreneur,married,tertiary,no,0,no,no,cellular,1,0,unknown,0
39,blue-collar,married,secondary,no,0,yes,no,cellular,1,2,failure,0
28,admin.,single,secondary,no,26,yes,no,cellular,2,0,unknown,0
48,technician,married,secondary,no,127,no,yes,cellular,5,0,unknown,0
35,technician,single,tertiary,no,3552,no,no,cellular,1,0,unknown,0
40,unemployed,divorced,secondary,no,507,yes,no,cellular,1,7,failure,0
44,self-employed,married,secondary,no,313,no,no,cellular,4,0,unknown,0
39,management,divorced,tertiary,no,1315,yes,no,cellular,4,1,failure,0
31,blue-collar,married,secondary,no,1407,yes,no,cellular,3,0,unknown,0
58,retired,married,secondary,no,235,no,no,cellular,4,0,unknown,0
35,management,married,tertiary,no,1100,no,yes,cellular,2,0,unknown,0
34,technician,single,secondary,no,475,yes,no,cellular,8,0,unknown,0
32,blue-collar,married,secondary,no,478,yes,no,unknown,1,0,unknown,0
50,unemployed,married,secondary,no,1772,no,no,cellular,4,0,unknown,0
31,admin.,married,secondary,no,0,yes,no,cellular,5,0,unknown,0
37,technician,divorced,secondary,no,79,no,no,cellular,1,0,unknown,0
35,self-employed,married,tertiary,no,560,yes,no,cellular,1,1,failure,0
50,management,divorced,tertiary,no,356,no,no,cellular,2,5,other,0
45,management,married,tertiary,no,5450,no,no,cellular,2,0,unknown,0
31,self-employed,single,tertiary,no,96,no,no,cellular,1,0,unknown,0
59,self-employed,married,tertiary,no,2013,no,no,cellular,4,2,success,1
51,management,single,tertiary,yes,-55,yes,no,cellular,6,0,unknown,0
53,technician,divorced,primary,no,7290,yes,no,unknown,1,0,unknown,0
45,technician,single,secondary,no,410,yes,no,unknown,4,0,unknown,1
50,blue-collar,married,secondary,no,606,yes,no,unknown,2,0,unknown,0
40,self-employed,married,primary,no,2077,yes,no,cellular,1,24,other,0
71,technician,married,tertiary,no,383,no,no,cellular,2,3,success,0
55,blue-collar,married,primary,no,2275,no,no,cellular,9,0,unknown,0
58,retired,single,primary,no,6570,no,no,cellular,3,0,unknown,0
80,retired,married,secondary,no,8304,no,no,telephone,1,11,success,0
44,services,divorced,secondary,no,0,yes,yes,unknown,1,0,unknown,0
36,management,married,tertiary,no,61,no,yes,cellular,2,0,unknown,0
49,blue-collar,married,primary,no,371,yes,no,cellular,44,0,unknown,0
42,self-employed,married,tertiary,no,0,no,no,cellular,6,0,unknown,0
55,retired,divorced,secondary,no,1580,no,yes,unknown,1,0,unknown,1
38,services,married,secondary,no,435,yes,no,unknown,2,0,unknown,0
39,technician,married,tertiary,no,794,no,no,telephone,1,0,unknown,0
45,unemployed,divorced,primary,yes,-249,yes,yes,unknown,1,0,unknown,0
46,admin.,married,secondary,no,556,yes,yes,unknown,3,0,unknown,1
36,technician,single,tertiary,no,40,no,no,cellular,3,0,unknown,0
57,self-employed,married,tertiary,yes,-3313,yes,yes,unknown,1,0,unknown,0
36,blue-collar,married,primary,no,398,yes,no,unknown,1,0,unknown,0
51,technician,married,secondary,no,-379,yes,no,cellular,1,0,unknown,0
31,management,married,tertiary,no,8312,no,no,cellular,13,0,unknown,0
38,blue-collar,married,secondary,no,1663,yes,no,cellular,3,1,failure,0
54,management,divorced,tertiary,no,1295,yes,no,cellular,10,0,unknown,0
35,self-employed,divorced,tertiary,no,1354,yes,no,unknown,2,0,unknown,1
46,management,single,secondary,no,295,yes,no,unknown,6,0,unknown,0
33,management,married,tertiary,no,752,yes,no,cellular,4,0,unknown,0
30,services,married,secondary,no,1808,yes,no,cellular,2,0,unknown,0
37,management,divorced,tertiary,no,0,yes,no,cellular,6,0,unknown,0
37,technician,single,secondary,no,5436,yes,no,cellular,11,1,failure,0
59,retired,divorced,secondary,no,5845,no,no,cellular,2,0,unknown,1
32,entrepreneur,married,unknown,no,73,yes,no,cellular,1,1,failure,0
28,admin.,single,secondary,no,177,yes,yes,cellular,1,0,unknown,0
28,student,single,secondary,no,378,yes,no,cellular,1,0,unknown,0
39,entrepreneur,married,primary,no,238,yes,yes,cellular,1,0,unknown,0
27,admin.,married,secondary,no,186,yes,no,unknown,2,0,unknown,0
26,student,single,secondary,no,2572,yes,no,cellular,1,0,unknown,0
48,management,married,tertiary,no,998,yes,no,cellular,3,0,unknown,0
49,services,married,secondary,no,400,no,no,cellular,3,0,unknown,0
34,management,married,tertiary,no,176,no,no,cellular,4,0,unknown,0
49,blue-collar,married,secondary,no,-55,no,no,unknown,3,0,unknown,0
66,retired,married,tertiary,no,2262,no,no,cellular,1,0,unknown,0
38,technician,married,secondary,no,226,yes,no,unknown,3,0,unknown,1
58,self-employed,married,secondary,no,1407,yes,no,unknown,1,0,unknown,0
42,housemaid,married,primary,no,83,no,yes,cellular,1,0,unknown,0
41,admin.,married,secondary,no,920,yes,yes,unknown,1,0,unknown,0
35,technician,divorced,secondary,no,0,no,no,cellular,4,0,unknown,0
55,blue-collar,married,unknown,no,23,no,no,cellular,2,0,unknown,0
33,admin.,single,secondary,no,2557,yes,no,cellular,1,0,unknown,0
32,management,single,unknown,no,787,no,no,cellular,1,0,unknown,0
34,management,single,tertiary,no,872,yes,no,unknown,2,0,unknown,0
31,blue-collar,married,secondary,no,401,no,no,cellular,3,0,unknown,0
26,services,single,secondary,no,256,yes,no,cellular,2,0,unknown,0
40,management,single,unknown,no,838,yes,no,unknown,3,0,unknown,0
39,management,married,tertiary,no,399,no,no,cellular,1,0,unknown,0
41,technician,married,secondary,no,1066,no,no,cellular,3,0,unknown,1
33,technician,married,secondary,no,-163,yes,yes,cellular,2,0,unknown,0
49,management,divorced,tertiary,no,1405,no,no,unknown,1,0,unknown,0
37,blue-collar,married,primary,no,0,yes,no,unknown,1,0,unknown,0
34,blue-collar,married,secondary,no,2542,yes,no,cellular,1,0,unknown,0
44,self-employed,married,secondary,no,313,no,no,cellular,4,0,unknown,0
37,entrepreneur,married,tertiary,no,7944,no,no,cellular,1,0,unknown,0
48,management,single,secondary,no,290,yes,no,cellular,2,0,unknown,0
50,unknown,married,unknown,no,558,no,no,cellular,1,6,failure,1
53,technician,married,secondary,no,719,yes,no,unknown,1,0,unknown,0
32,technician,single,secondary,no,271,yes,no,cellular,2,2,other,0
23,entrepreneur,single,primary,no,4,yes,no,unknown,2,0,unknown,1
33,management,single,primary,no,4897,yes,no,unknown,1,0,unknown,0
48,blue-collar,married,unknown,no,439,yes,no,cellular,1,2,other,0
25,unemployed,married,secondary,no,157,yes,no,cellular,31,0,unknown,0
38,admin.,single,secondary,no,-23,no,no,cellular,2,0,unknown,0
39,blue-collar,married,primary,no,3705,yes,no,unknown,1,0,unknown,0
42,management,divorced,tertiary,no,401,yes,no,cellular,9,0,unknown,0
30,blue-collar,single,secondary,no,315,no,no,cellular,1,0,unknown,1
48,entrepreneur,married,tertiary,no,810,no,no,unknown,1,0,unknown,0
45,technician,married,secondary,no,1477,yes,no,cellular,1,0,unknown,0
43,management,married,secondary,no,17555,no,no,cellular,14,0,unknown,0
48,services,married,secondary,yes,-20,no,no,cellular,2,0,unknown,0
31,technician,single,unknown,no,187,no,no,cellular,1,0,unknown,0
57,admin.,married,secondary,no,3927,no,no,cellular,1,0,unknown,0
44,housemaid,married,tertiary,no,460,no,no,unknown,1,0,unknown,0
36,blue-collar,divorced,secondary,no,-11,no,no,unknown,2,0,unknown,0
36,admin.,single,secondary,no,1927,yes,no,cellular,1,1,other,0
45,housemaid,married,primary,no,4994,no,no,unknown,1,0,unknown,0
41,admin.,married,tertiary,no,1536,no,no,cellular,2,0,unknown,0
