age,job,marital,education,default,balance,housing,loan,contact,campaign,previous,poutcome,y
55,technician,single,secondary,no,353,no,no,cellular,1,0,other,1
57,blue-collar,married,primary,no,4795,yes,no,unknown,2,0,unknown,0
32,technician,married,tertiary,no,296,yes,yes,cellular,1,2,unknown,0
65,admin.,married,secondary,no,2988,yes,no,cellular,4,0,success,0
51,management,married,secondary,no,30,no,no,unknown,1,0,unknown,0
43,housemaid,married,unknown,no,64,yes,no,unknown,3,0,unknown,0
30,management,divorced,secondary,no,0,no,no,cellular,2,0,failure,0
37,housemaid,married,primary,no,7050,yes,yes,cellular,5,6,unknown,0
39,management,single,secondary,no,1494,yes,no,telephone,2,0,unknown,1
33,management,married,primary,no,1410,no,yes,unknown,1,2,unknown,0
49,admin.,divorced,tertiary,no,2887,no,no,cellular,1,0,unknown,0
55,technician,married,secondary,no,16,yes,no,cellular,1,0,failure,0
31,technician,divorced,secondary,no,-102,no,no,cellular,2,0,unknown,1
35,admin.,married,unknown,no,273,no,no,telephone,8,0,unknown,0
49,management,married,primary,no,2237,no,no,unknown,2,0,unknown,0
43,retired,divorced,secondary,no,33,yes,no,cellular,1,0,unknown,0
34,unknown,divorced,secondary,no,355,yes,no,unknown,1,0,unknown,0
51,student,married,unknown,no,385,yes,no,cellular,1,0,unknown,0
75,entrepreneur,married,tertiary,no,386,yes,no,unknown,2,0,unknown,0
47,management,married,secondary,no,3215,yes,no,cellular,4,0,unknown,0
34,self-employed,married,primary,no,1380,yes,no,unknown,2,0,unknown,0
41,entrepreneur,single,secondary,no,1008,yes,no,cellular,1,0,unknown,0
53,management,divorced,secondary,no,290,yes,no,cellular,3,0,unknown,0
26,management,single,secondary,no,592,yes,no,cellular,4,4,unknown,0
37,technician,married,tertiary,no,3455,yes,no,cellular,2,0,unknown,0
33,blue-collar,divorced,secondary,no,2400,yes,no,cellular,8,6,unknown,0
34,services,married,secondary,no,428,yes,no,cellular,3,0,unknown,0
53,services,divorced,tertiary,no,8238,no,no,unknown,2,0,failure,1
32,management,married,secondary,no,16,yes,no,unknown,2,1,unknown,0
25,technician,married,secondary,yes,246,no,no,cellular,2,0,failure,0
28,blue-collar,single,secondary,no,201,yes,no,telephone,3,0,failure,0
22,self-employed,single,secondary,no,-333,yes,no,cellular,6,0,unknown,0
36,services,married,tertiary,no,6164,no,no,cellular,3,0,unknown,1
45,blue-collar,single,tertiary,yes,-287,yes,no,cellular,1,0,other,1
59,blue-collar,married,primary,no,60,no,no,cellular,2,0,other,0
33,blue-collar,single,tertiary,no,189,no,no,unknown,3,0,unknown,0
63,blue-collar,divorced,primary,no,-703,no,no,cellular,2,1,unknown,1
28,services,married,secondary,no,759,no,no,cellular,3,0,unknown,0
26,blue-collar,single,secondary,no,421,no,no,cellular,2,1,failure,0
56,management,single,secondary,no,0,no,no,cellular,1,0,unknown,0
53,admin.,married,secondary,no,1160,yes,no,cellular,2,0,unknown,0
32,admin.,married,tertiary,no,176,yes,no,unknown,4,0,unknown,0
39,blue-collar,divorced,tertiary,no,345,yes,no,unknown,1,0,unknown,0
41,blue-collar,married,secondary,no,0,no,no,cellular,1,0,unknown,0
33,admin.,married,tertiary,no,117,no,no,unknown,4,0,unknown,0
49,management,married,tertiary,no,0,no,no,cellular,1,1,failure,0
26,admin.,married,secondary,no,162,yes,no,cellular,1,1,unknown,0
28,technician,married,primary,no,34,yes,no,cellular,4,0,unknown,0
34,retired,married,tertiary,no,-11,yes,no,cellular,2,1,unknown,0
59,blue-collar,single,secondary,no,8,no,no,cellular,2,0,unknown,0
53,blue-collar,single,secondary,no,-196,yes,no,cellular,2,1,unknown,0
70,admin.,single,tertiary,no,7495,no,no,cellular,3,3,unknown,0
33,blue-collar,married,secondary,no,12437,yes,no,cellular,1,0,unknown,0
32,technician,single,secondary,no,2007,yes,no,cellular,3,0,unknown,0
27,management,married,tertiary,no,2707,no,no,cellular,1,0,success,0
41,blue-collar,divorced,tertiary,no,8004,yes,no,telephone,4,1,unknown,1
25,housemaid,married,secondary,no,452,no,no,unknown,1,0,unknown,0
36,blue-collar,married,primary,no,2478,yes,no,cellular,2,0,failure,0
33,entrepreneur,married,secondary,no,3071,yes,no,unknown,7,0,failure,0
41,blue-collar,married,secondary,no,239,no,no,cellular,3,0,unknown,0
25,management,married,primary,no,52,no,no,unknown,5,0,unknown,0
43,management,single,secondary,no,390,yes,no,cellular,1,0,failure,0
30,services,divorced,secondary,no,2975,yes,no,cellular,1,0,unknown,0
47,technician,married,tertiary,no,6880,no,no,cellular,4,0,unknown,0
41,blue-collar,married,secondary,no,1008,yes,no,unknown,1,0,unknown,0
43,technician,married,unknown,no,452,no,no,cellular,2,0,unknown,0
46,management,married,secondary,no,-28,no,no,cellular,5,0,unknown,0
50,self-employed,married,tertiary,no,697,yes,no,cellular,1,0,failure,0
42,admin.,single,tertiary,no,118,yes,no,cellular,1,0,success,0
50,technician,single,primary,no,5,yes,no,cellular,3,0,unknown,0
36,blue-collar,married,secondary,no,1146,no,no,cellular,3,0,unknown,0
55,management,single,unknown,no,175,yes,no,cellular,2,0,unknown,0
37,self-employed,single,secondary,no,2729,no,no,unknown,2,0,unknown,1
31,technician,married,secondary,no,0,yes,no,cellular,9,0,unknown,0
34,services,married,tertiary,no,0,no,no,cellular,5,0,unknown,0
59,services,married,secondary,no,315,no,no,unknown,7,2,unknown,0
49,blue-collar,married,tertiary,no,0,no,no,unknown,8,0,unknown,0
29,management,divorced,secondary,no,367,no,no,unknown,1,0,unknown,0
47,blue-collar,married,tertiary,no,100,yes,no,unknown,1,0,unknown,0
38,management,married,secondary,no,310,no,no,cellular,2,0,unknown,0
25,management,married,tertiary,no,292,yes,yes,unknown,4,1,unknown,0
32,technician,married,secondary,no,4213,no,no,unknown,3,0,unknown,1
52,management,single,secondary,no,844,yes,no,unknown,4,0,unknown,0
48,unknown,divorced,secondary,no,3948,yes,no,unknown,4,4,unknown,0
30,services,divorced,secondary,no,168,yes,no,unknown,1,0,unknown,0
48,management,single,secondary,no,566,yes,no,cellular,3,0,failure,1
58,housemaid,single,tertiary,no,15,yes,no,cellular,2,1,unknown,0
34,services,married,unknown,no,2707,no,no,cellular,1,0,unknown,0
34,services,married,primary,no,-182,no,no,unknown,1,0,unknown,0
36,admin.,married,secondary,no,83,no,no,cellular,1,0,unknown,1
31,student,divorced,secondary,no,2144,yes,no,cellular,3,0,other,0
52,admin.,single,secondary,no,107,no,no,cellular,1,0,unknown,0
29,blue-collar,married,secondary,no,1670,no,yes,cellular,1,0,unknown,0
38,management,married,secondary,no,1978,no,no,cellular,2,2,unknown,1
53,admin.,divorced,tertiary,no,1129,no,no,telephone,2,1,unknown,0
28,retired,married,secondary,no,-617,no,no,unknown,1,0,unknown,1
54,services,married,tertiary,no,2,no,no,telephone,2,0,unknown,0
41,blue-collar,single,secondary,no,76,no,no,unknown,1,0,unknown,0
47,entrepreneur,married,secondary,no,13494,no,no,unknown,1,0,unknown,0
44,technician,married,secondary,no,215,yes,no,cellular,3,0,unknown,0
45,blue-collar,married,secondary,no,122,no,no,unknown,2,6,unknown,0
37,student,married,primary,no,1539,yes,yes,cellular,1,0,unknown,0
53,blue-collar,married,secondary,no,736,yes,no,cellular,7,0,unknown,1
37,admin.,married,secondary,no,22171,yes,no,unknown,2,0,unknown,0
44,admin.,married,tertiary,no,5801,no,no,cellular,2,0,unknown,0
27,services,single,unknown,no,1790,no,yes,cellular,1,0,unknown,0
45,management,divorced,tertiary,no,784,yes,no,cellular,2,0,failure,0
33,management,married,unknown,no,4543,no,no,cellular,1,0,unknown,0
51,admin.,married,secondary,no,386,no,no,cellular,3,1,unknown,0
26,technician,divorced,tertiary,no,524,yes,no,telephone,3,0,unknown,0
56,blue-collar,married,secondary,no,251,yes,no,cellular,1,3,unknown,0
38,blue-collar,divorced,secondary,no,796,no,no,cellular,2,0,unknown,0
45,blue-collar,single,tertiary,no,8131,yes,no,unknown,3,0,unknown,0
41,blue-collar,divorced,tertiary,no,1562,no,no,unknown,1,0,unknown,1
47,unemployed,married,secondary,no,323,no,no,cellular,3,1,unknown,0
35,services,married,secondary,no,0,no,no,cellular,1,1,unknown,0
43,unemployed,single,secondary,no,3638,yes,no,unknown,2,0,unknown,0
34,admin.,married,secondary,no,6904,no,no,cellular,5,0,unknown,0
48,blue-collar,single,tertiary,no,6217,no,no,cellular,2,0,unknown,0
47,blue-collar,single,secondary,no,1471,no,no,cellular,1,3,unknown,0
46,management,divorced,primary,no,-1202,no,no,cellular,1,0,unknown,0
61,technician,single,secondary,no,4902,yes,no,cellular,2,0,unknown,0
44,management,married,primary,no,668,no,no,cellular,1,0,unknown,0
77,housemaid,married,secondary,no,1924,no,no,unknown,3,0,failure,0
30,management,single,primary,no,7124,no,no,cellular,7,0,unknown,0
45,management,married,secondary,no,26,yes,no,cellular,4,0,unknown,0
34,blue-collar,married,tertiary,no,88,yes,no,cellular,2,0,unknown,0
33,unemployed,married,secondary,no,589,yes,no,cellular,3,0,unknown,0
53,blue-collar,married,tertiary,no,186,no,no,cellular,1,0,unknown,0
31,management,married,secondary,no,817,no,no,cellular,1,3,unknown,0
31,management,married,tertiary,no,132,no,no,unknown,28,0,success,0
52,admin.,married,secondary,no,259,yes,no,cellular,3,1,unknown,1
30,self-employed,single,tertiary,no,-583,no,no,cellular,1,0,unknown,0
34,unemployed,married,primary,no,9324,yes,no,cellular,2,3,unknown,0
34,admin.,married,primary,no,3370,yes,no,unknown,2,0,other,0
54,management,married,secondary,no,49,yes,no,cellular,1,0,unknown,1
24,management,single,primary,no,895,yes,no,cellular,3,0,unknown,0
40,management,married,tertiary,no,0,yes,no,cellular,1,2,other,0
34,management,married,primary,no,10177,no,no,cellular,3,6,unknown,0
28,blue-collar,married,tertiary,no,1169,yes,no,cellular,3,0,unknown,0
30,management,married,secondary,no,980,yes,yes,cellular,1,1,unknown,0
35,admin.,married,primary,no,41,yes,no,cellular,2,0,unknown,0
46,technician,married,tertiary,no,37,yes,no,cellular,4,0,other,0
42,unemployed,married,primary,yes,689,yes,no,unknown,2,0,unknown,0
34,retired,married,primary,no,2543,yes,no,unknown,1,0,unknown,0
34,entrepreneur,married,secondary,no,3470,no,no,cellular,2,1,unknown,0
29,retired,married,secondary,no,291,yes,no,cellular,2,0,unknown,1
27,management,single,tertiary,no,9121,no,no,telephone,5,0,unknown,0
59,housemaid,married,unknown,no,1134,no,no,unknown,1,1,unknown,1
37,blue-collar,married,tertiary,no,586,no,no,cellular,1,0,unknown,0
35,blue-collar,married,secondary,no,230,yes,no,unknown,1,0,unknown,1
47,admin.,married,secondary,no,132,no,no,cellular,1,6,unknown,0
47,management,married,tertiary,no,314,no,no,cellular,2,0,other,0
42,blue-collar,married,secondary,no,425,no,no,cellular,5,0,unknown,0
71,student,married,tertiary,no,197,no,no,cellular,9,0,unknown,0
37,housemaid,married,secondary,no,395,no,no,unknown,5,0,unknown,0
41,management,married,secondary,no,83,no,no,cellular,3,0,unknown,0
42,management,single,primary,no,-204,yes,no,unknown,4,0,unknown,0
48,management,divorced,tertiary,no,763,yes,no,cellular,2,1,unknown,0
29,retired,single,secondary,no,9449,no,no,cellular,4,0,unknown,0
38,management,married,primary,no,699,yes,no,cellular,1,1,other,0
33,technician,married,tertiary,no,980,yes,no,cellular,1,0,unknown,0
49,management,divorced,secondary,no,1477,no,no,cellular,1,0,unknown,0
30,admin.,single,primary,no,4,no,no,unknown,6,0,unknown,0
46,management,married,secondary,no,124,no,no,cellular,4,1,unknown,0
59,services,married,unknown,no,214,yes,yes,cellular,1,0,unknown,0
49,management,married,tertiary,no,16992,no,no,cellular,3,0,unknown,0
48,self-employed,married,secondary,no,26,yes,no,cellular,1,0,unknown,1
30,management,married,secondary,no,-13,yes,no,cellular,2,0,unknown,0
41,blue-collar,single,tertiary,no,4885,yes,no,cellular,2,0,unknown,1
32,services,divorced,secondary,no,1490,no,no,cellular,1,0,unknown,0
45,blue-collar,married,secondary,no,49,yes,no,cellular,1,0,unknown,1
46,technician,married,secondary,no,7495,no,no,cellular,11,0,unknown,0
38,admin.,divorced,secondary,no,989,no,no,cellular,2,1,unknown,1
38,technician,single,tertiary,no,0,no,no,unknown,2,0,unknown,0
31,retired,married,secondary,no,1298,yes,no,cellular,4,1,failure,0
45,blue-collar,single,primary,no,-375,yes,no,cellular,7,0,unknown,0
31,management,married,primary,no,17555,yes,no,cellular,3,0,failure,0
41,blue-collar,married,secondary,no,60,no,no,cellular,2,0,unknown,0
42,services,married,secondary,no,-90,no,no,cellular,3,7,unknown,0
49,blue-collar,married,primary,no,4738,no,no,cellular,3,2,unknown,0
54,unknown,single,secondary,no,16,yes,no,cellular,5,0,failure,0
28,admin.,married,secondary,no,-386,yes,no,cellular,3,1,unknown,0
34,blue-collar,single,secondary,no,3809,yes,no,unknown,5,0,unknown,0
34,blue-collar,married,tertiary,no,13044,yes,yes,cellular,24,0,other,0
52,blue-collar,married,unknown,no,541,yes,no,cellular,3,0,unknown,0
32,admin.,divorced,secondary,yes,131,no,no,unknown,4,0,unknown,0
54,blue-collar,married,primary,no,-411,no,no,telephone,1,0,unknown,0
30,management,married,secondary,no,1970,yes,no,unknown,3,0,unknown,0
55,management,divorced,primary,no,-147,no,no,cellular,1,0,unknown,0
54,management,married,secondary,no,189,yes,yes,cellular,1,0,unknown,0
35,admin.,married,secondary,no,1129,no,no,cellular,3,0,unknown,0
42,services,single,secondary,no,1808,yes,no,cellular,2,0,success,0
59,management,married,primary,no,1260,no,no,cellular,4,0,unknown,0
34,management,single,secondary,no,104,no,no,cellular,2,0,unknown,0
57,blue-collar,married,primary,no,338,yes,no,cellular,1,0,unknown,1
42,management,single,primary,no,1337,yes,no,cellular,2,0,unknown,0
34,services,married,secondary,no,1573,no,no,unknown,1,0,unknown,0
34,student,married,secondary,no,3636,no,no,cellular,2,0,unknown,0
30,management,married,secondary,no,837,yes,no,unknown,1,0,unknown,0
45,admin.,single,tertiary,no,1171,no,no,unknown,7,0,success,1
57,services,divorced,tertiary,no,3132,yes,no,cellular,2,0,unknown,1
49,management,married,secondary,no,8023,no,no,cellular,1,0,unknown,0
55,management,married,unknown,no,6101,no,no,unknown,1,0,unknown,0
34,retired,married,secondary,no,-558,yes,no,telephone,3,0,unknown,1
32,management,single,tertiary,no,0,no,no,cellular,1,0,unknown,0
57,technician,single,secondary,no,102,yes,no,unknown,1,0,unknown,0
26,blue-collar,single,secondary,no,245,no,yes,unknown,2,0,unknown,0
41,admin.,married,tertiary,no,917,yes,no,cellular,1,0,unknown,1
37,technician,divorced,secondary,no,666,yes,no,cellular,2,0,unknown,0
46,management,married,tertiary,no,0,yes,yes,cellular,8,2,failure,0
39,management,married,tertiary,no,809,no,no,cellular,9,0,unknown,0
34,self-employed,divorced,primary,no,3025,yes,no,cellular,24,0,failure,0
41,blue-collar,married,primary,no,50,no,no,cellular,2,0,failure,0
48,technician,divorced,secondary,no,1670,yes,no,cellular,3,2,unknown,0
43,management,married,primary,no,1694,no,no,cellular,2,0,unknown,0
39,services,married,secondary,no,3339,yes,no,cellular,9,0,unknown,0
32,entrepreneur,divorced,secondary,no,287,no,no,cellular,1,5,unknown,1
40,admin.,married,secondary,no,126,no,no,cellular,5,0,unknown,0
29,management,married,tertiary,no,230,no,no,cellular,1,0,unknown,0
42,admin.,married,secondary,no,696,no,yes,telephone,9,0,unknown,0
31,entrepreneur,married,secondary,no,266,yes,no,unknown,7,0,unknown,1
28,housemaid,single,secondary,no,666,no,yes,cellular,1,0,unknown,0
39,management,married,unknown,no,0,yes,no,unknown,1,0,success,0
55,blue-collar,married,secondary,no,1490,no,no,cellular,11,0,unknown,0
32,unemployed,married,tertiary,no,537,yes,no,cellular,1,0,unknown,0
34,blue-collar,married,secondary,no,23,yes,no,cellular,5,2,unknown,0
31,management,married,tertiary,no,2657,yes,no,unknown,4,0,unknown,0
41,services,married,secondary,no,883,yes,no,cellular,6,0,unknown,0
29,blue-collar,married,secondary,no,119,yes,no,cellular,3,1,unknown,0
54,services,married,tertiary,no,81,yes,yes,cellular,16,4,failure,0
43,retired,married,primary,no,0,yes,no,unknown,1,0,unknown,0
24,student,single,secondary,no,420,yes,no,cellular,2,0,unknown,0
37,services,married,tertiary,no,4657,yes,no,cellular,1,0,unknown,1
46,blue-collar,single,primary,no,1640,no,no,cellular,2,0,unknown,1
36,admin.,married,secondary,no,-27,no,no,cellular,3,0,unknown,0
35,management,married,tertiary,no,4157,no,no,unknown,3,0,unknown,0
35,management,married,secondary,no,75,yes,no,cellular,1,0,unknown,0
75,technician,married,secondary,no,3333,no,no,cellular,1,0,unknown,0
41,management,married,secondary,no,1033,yes,no,unknown,12,0,unknown,0
30,unknown,married,primary,no,44,yes,no,unknown,2,0,unknown,0
32,technician,married,tertiary,no,9009,yes,yes,cellular,2,2,other,1
38,entrepreneur,divorced,secondary,no,1209,no,no,cellular,1,0,unknown,0
62,admin.,married,secondary,no,46,yes,no,cellular,1,4,other,1
40,student,married,tertiary,no,306,yes,no,unknown,1,0,failure,0
58,blue-collar,married,secondary,no,3935,yes,no,cellular,1,0,unknown,0
60,entrepreneur,married,secondary,no,215,yes,no,unknown,4,1,unknown,0
61,management,married,secondary,no,0,no,yes,cellular,2,0,unknown,1
58,housemaid,divorced,primary,no,206,no,no,cellular,2,0,unknown,0
38,entrepreneur,single,primary,no,1029,yes,no,cellular,1,0,unknown,0
55,technician,married,primary,no,405,yes,no,cellular,1,0,unknown,0
35,management,married,secondary,no,948,yes,no,unknown,1,0,unknown,0
26,housemaid,married,tertiary,no,68,no,no,cellular,2,0,other,0
61,housemaid,married,tertiary,no,26,yes,no,cellular,2,0,unknown,0
31,admin.,married,tertiary,no,98,no,no,unknown,1,0,unknown,0
42,blue-collar,single,secondary,no,579,yes,no,unknown,2,0,unknown,0
35,management,married,secondary,no,1239,no,no,unknown,1,0,unknown,0
44,technician,single,secondary,no,10,yes,no,cellular,4,0,unknown,0
38,services,divorced,secondary,no,2186,yes,no,telephone,2,0,unknown,1
46,technician,married,tertiary,no,13117,yes,no,cellular,4,1,unknown,0
42,management,single,primary,no,2105,yes,yes,unknown,1,0,other,0
53,services,married,secondary,no,-388,yes,no,cellular,1,0,failure,1
39,entrepreneur,married,secondary,no,872,no,no,cellular,3,0,unknown,0
40,technician,married,secondary,no,4848,yes,no,telephone,4,0,unknown,0
59,management,single,secondary,no,1890,yes,no,unknown,1,0,unknown,0
42,technician,married,secondary,no,817,yes,no,unknown,1,0,unknown,0
40,blue-collar,divorced,tertiary,no,21515,no,no,unknown,3,0,unknown,0
58,technician,single,primary,no,748,no,no,cellular,2,0,unknown,0
54,services,married,secondary,no,0,no,no,cellular,2,0,unknown,0
47,technician,married,tertiary,no,787,yes,no,cellular,13,0,unknown,0
38,management,single,tertiary,no,5957,yes,yes,cellular,1,0,unknown,0
53,technician,divorced,tertiary,no,177,no,no,unknown,3,0,other,0
32,technician,single,tertiary,no,1136,no,no,cellular,1,0,unknown,0
39,management,married,tertiary,no,102,no,yes,cellular,5,0,unknown,0
59,services,married,tertiary,no,377,yes,no,cellular,1,0,other,0
34,admin.,married,secondary,no,5137,yes,no,telephone,3,0,unknown,0
36,blue-collar,divorced,secondary,no,367,no,no,cellular,2,2,unknown,0
34,student,single,tertiary,no,22546,no,no,unknown,23,0,unknown,0
35,management,married,secondary,no,403,yes,no,unknown,2,0,unknown,0
50,blue-collar,married,secondary,no,8883,yes,no,cellular,1,0,unknown,0
41,entrepreneur,married,primary,no,180,yes,no,cellular,5,0,unknown,0
40,unemployed,single,tertiary,no,757,no,yes,telephone,1,4,unknown,0
42,blue-collar,married,primary,no,1734,yes,no,unknown,1,0,unknown,0
54,technician,married,primary,no,0,yes,yes,cellular,8,0,unknown,0
42,technician,married,unknown,no,4015,yes,no,unknown,3,0,unknown,0
34,services,married,unknown,no,-296,no,no,cellular,7,0,unknown,1
42,retired,single,secondary,no,0,yes,yes,cellular,2,0,unknown,0
38,blue-collar,single,secondary,no,11,yes,no,cellular,1,0,unknown,0
36,admin.,married,secondary,no,-54,no,no,unknown,1,0,unknown,1
37,admin.,single,secondary,no,677,yes,no,unknown,2,0,other,0
40,retired,married,primary,no,3285,no,yes,cellular,12,0,unknown,1
47,management,married,secondary,no,1069,yes,no,cellular,3,0,unknown,0
40,housemaid,married,primary,no,342,no,no,unknown,1,0,unknown,0
57,management,divorced,secondary,no,532,no,yes,cellular,11,0,unknown,0
30,admin.,married,unknown,yes,4515,no,no,unknown,1,0,unknown,0
35,technician,married,secondary,no,56,no,no,telephone,1,0,other,0
54,technician,single,primary,no,2581,no,no,cellular,2,3,other,1
34,blue-collar,married,unknown,no,769,yes,no,cellular,3,0,unknown,0
39,student,married,secondary,no,171,yes,no,cellular,2,0,unknown,0
38,self-employed,divorced,secondary,no,6248,yes,no,unknown,3,0,unknown,0
47,technician,married,primary,no,747,no,no,cellular,1,3,unknown,0
39,entrepreneur,married,secondary,no,0,no,no,cellular,3,1,other,0
36,management,single,secondary,no,124,no,no,unknown,2,0,failure,0
51,technician,married,primary,no,225,no,no,cellular,2,0,unknown,0
48,management,married,tertiary,no,802,yes,no,unknown,3,1,unknown,0
31,self-employed,married,secondary,no,278,yes,no,cellular,2,18,unknown,0
43,management,married,tertiary,no,1050,yes,no,cellular,2,0,unknown,0
48,management,married,secondary,no,943,yes,no,cellular,4,0,unknown,0
33,management,married,tertiary,no,-378,no,no,unknown,3,0,unknown,0
57,management,single,primary,no,7020,yes,no,cellular,1,0,unknown,0
37,blue-collar,married,secondary,no,3274,yes,no,unknown,1,0,unknown,0
29,management,married,secondary,no,6483,no,no,cellular,6,0,unknown,0
57,blue-collar,married,secondary,no,6217,yes,no,cellular,1,0,unknown,0
38,entrepreneur,single,tertiary,no,4198,yes,no,unknown,1,0,unknown,0
36,management,single,primary,no,275,no,no,cellular,1,0,unknown,0
38,management,single,secondary,yes,168,yes,no,cellular,1,0,unknown,1
29,services,married,secondary,no,1062,no,no,unknown,10,0,unknown,0
52,management,married,tertiary,no,249,yes,no,cellular,6,0,unknown,0
30,management,married,secondary,no,512,no,no,unknown,3,0,unknown,0
46,admin.,married,unknown,no,532,yes,no,cellular,1,0,unknown,1
31,management,single,tertiary,no,2729,no,no,cellular,2,0,unknown,0
25,retired,married,primary,no,95,no,no,cellular,1,0,unknown,0
55,blue-collar,single,secondary,no,67,no,no,unknown,24,7,unknown,0
31,blue-collar,married,tertiary,no,389,yes,yes,cellular,1,6,unknown,0
38,self-employed,married,primary,no,0,no,no,cellular,1,0,unknown,0
40,self-employed,married,tertiary,no,47,yes,yes,cellular,11,4,success,0
32,entrepreneur,married,primary,no,3172,yes,no,cellular,4,0,unknown,0
35,management,married,tertiary,no,177,no,no,cellular,2,0,unknown,0
37,student,married,secondary,no,8647,yes,no,cellular,2,0,unknown,0
71,blue-collar,single,tertiary,no,385,yes,no,cellular,2,0,unknown,0
38,management,married,tertiary,no,4012,yes,no,telephone,1,0,unknown,0
31,technician,single,secondary,no,0,yes,no,cellular,1,0,unknown,0
37,management,married,secondary,no,1,yes,yes,cellular,1,0,failure,0
56,blue-collar,married,primary,no,33,yes,no,unknown,12,0,unknown,1
33,blue-collar,married,tertiary,no,1042,no,yes,cellular,1,0,unknown,0
30,management,married,secondary,no,0,yes,no,unknown,12,0,unknown,0
31,management,married,tertiary,no,4722,no,no,cellular,2,0,unknown,0
54,blue-collar,divorced,tertiary,no,2169,no,no,cellular,1,0,other,1
57,management,married,secondary,no,93,yes,no,unknown,6,1,unknown,0
38,self-employed,divorced,secondary,no,1580,no,no,cellular,4,0,unknown,1
44,admin.,married,secondary,no,0,yes,yes,cellular,1,0,unknown,0
38,technician,married,tertiary,no,3561,yes,no,unknown,3,0,unknown,1
28,admin.,single,primary,no,2567,yes,no,cellular,1,0,failure,0
33,technician,married,secondary,no,1948,no,no,cellular,1,0,unknown,1
53,services,married,primary,no,251,no,no,unknown,3,0,unknown,0
45,management,married,primary,no,-2,yes,no,unknown,2,0,success,0
58,management,married,secondary,no,2764,no,no,cellular,1,0,unknown,0
33,management,married,tertiary,no,66,no,yes,cellular,13,0,unknown,0
55,admin.,single,tertiary,no,757,no,no,unknown,4,0,other,1
55,retired,married,secondary,no,-53,yes,no,unknown,3,0,unknown,0
28,technician,married,secondary,no,66,no,no,telephone,3,0,unknown,1
30,technician,single,tertiary,no,172,yes,no,unknown,1,0,unknown,0
40,housemaid,single,secondary,no,1177,no,no,unknown,1,0,unknown,0
52,management,married,secondary,no,117,no,no,cellular,4,0,success,0
53,management,single,tertiary,no,304,yes,no,unknown,1,0,unknown,0
58,technician,divorced,secondary,no,-77,yes,no,telephone,2,0,unknown,0
39,admin.,single,tertiary,no,-350,yes,no,cellular,8,0,success,1
50,services,single,secondary,no,64,no,no,cellular,1,0,unknown,0
31,technician,married,secondary,no,0,no,no,unknown,3,0,unknown,0
56,housemaid,single,tertiary,no,130,no,no,telephone,3,0,unknown,0
47,management,married,secondary,no,2319,no,no,cellular,1,0,unknown,1
42,management,married,secondary,no,3771,no,no,cellular,2,0,unknown,0
57,admin.,married,tertiary,no,214,yes,no,cellular,1,0,unknown,0
48,blue-collar,married,secondary,no,29,no,no,cellular,2,0,unknown,1
56,self-employed,divorced,tertiary,no,567,no,no,cellular,2,0,unknown,0
49,retired,married,primary,no,0,yes,no,unknown,2,0,failure,0
33,services,married,tertiary,no,201,no,no,cellular,1,2,unknown,0
55,management,married,primary,no,728,yes,no,unknown,5,0,failure,0
55,admin.,single,secondary,no,50,no,no,unknown,2,0,other,1
52,services,married,secondary,no,0,no,no,telephone,2,0,unknown,0
33,technician,single,secondary,no,6766,yes,yes,cellular,2,0,unknown,0
30,management,married,tertiary,no,5086,yes,no,cellular,8,1,unknown,0
53,unemployed,single,secondary,no,-416,yes,no,cellular,4,7,unknown,0
51,admin.,single,secondary,no,2747,yes,no,cellular,1,0,success,0
32,technician,married,tertiary,no,-370,no,yes,cellular,1,0,unknown,0
53,services,single,secondary,no,2643,no,no,cellular,4,0,unknown,0
31,technician,divorced,secondary,no,693,yes,no,cellular,3,0,failure,0
35,technician,single,secondary,no,2058,yes,no,unknown,3,0,unknown,0
39,retired,married,primary,no,1278,yes,no,cellular,8,0,unknown,0
53,blue-collar,single,secondary,no,-540,yes,no,cellular,1,0,unknown,0
38,management,married,tertiary,no,2303,yes,yes,unknown,6,0,failure,0
39,unemployed,married,secondary,no,631,yes,yes,cellular,1,0,unknown,0
31,technician,married,secondary,no,297,yes,no,unknown,3,0,unknown,0
42,management,married,secondary,no,949,yes,no,cellular,11,0,unknown,0
32,blue-collar,married,secondary,no,250,yes,no,unknown,2,0,unknown,0
31,management,married,secondary,no,3163,no,yes,unknown,1,0,unknown,0
48,management,married,tertiary,no,359,yes,no,cellular,1,0,unknown,0
70,services,married,secondary,no,331,no,yes,cellular,2,0,unknown,1
54,blue-collar,single,tertiary,no,20453,yes,no,cellular,1,0,unknown,0
46,services,single,secondary,no,1295,yes,no,cellular,1,0,unknown,0
36,unemployed,divorced,secondary,no,1238,yes,no,cellular,2,0,unknown,0
34,blue-collar,single,secondary,no,562,yes,yes,cellular,1,0,unknown,0
28,self-employed,married,tertiary,no,230,yes,no,cellular,2,2,unknown,0
54,management,married,tertiary,no,35,yes,no,cellular,5,0,unknown,0
39,blue-collar,married,tertiary,no,6904,yes,no,cellular,1,0,unknown,0
38,self-employed,married,unknown,no,835,no,no,unknown,2,0,unknown,0
28,unemployed,married,secondary,no,7179,yes,no,telephone,2,0,unknown,0
37,admin.,divorced,tertiary,no,4148,yes,no,cellular,1,0,unknown,0
51,entrepreneur,married,tertiary,no,2893,yes,no,cellular,3,0,unknown,0
27,technician,single,primary,no,484,no,no,cellular,2,0,failure,0
44,blue-collar,married,secondary,no,2142,yes,no,cellular,1,0,failure,0
57,management,married,tertiary,no,940,no,no,cellular,1,0,unknown,0
59,student,single,tertiary,no,48,no,no,cellular,3,0,unknown,0
32,technician,single,secondary,no,35,yes,no,cellular,1,0,other,0
44,unemployed,married,tertiary,no,634,yes,no,cellular,1,0,failure,0
43,admin.,divorced,tertiary,no,0,yes,no,cellular,1,0,success,0
38,management,married,tertiary,no,837,no,no,cellular,2,0,unknown,0
30,blue-collar,divorced,primary,no,4446,yes,no,cellular,2,0,unknown,0
54,technician,married,tertiary,no,25,no,no,cellular,1,0,unknown,0
38,self-employed,married,primary,no,642,yes,no,cellular,2,0,unknown,0
44,entrepreneur,married,secondary,no,1050,no,no,cellular,6,0,unknown,0
52,technician,married,secondary,no,895,yes,no,unknown,1,0,unknown,0
32,blue-collar,married,secondary,no,2269,no,no,unknown,2,0,failure,0
29,management,married,tertiary,no,644,yes,no,telephone,2,0,other,0
37,entrepreneur,single,tertiary,yes,0,yes,no,cellular,2,0,unknown,0
33,management,married,secondary,no,456,yes,no,unknown,1,0,failure,0
37,entrepreneur,single,tertiary,no,1327,yes,no,cellular,3,0,other,0
27,management,married,secondary,no,3403,yes,no,cellular,15,0,unknown,1
48,management,single,secondary,no,9305,no,no,unknown,1,0,unknown,0
35,admin.,single,tertiary,no,-136,yes,no,unknown,3,1,unknown,0
50,self-employed,married,secondary,no,4157,yes,yes,cellular,1,0,unknown,0
53,retired,married,secondary,no,1729,yes,no,cellular,1,0,unknown,0
31,services,single,secondary,no,811,yes,no,cellular,1,0,success,0
34,unemployed,divorced,tertiary,no,3232,no,no,unknown,3,0,unknown,0
31,student,married,tertiary,no,-151,no,no,cellular,1,1,unknown,0
31,student,married,tertiary,no,73,yes,no,cellular,2,0,unknown,0
44,management,married,secondary,no,1757,yes,no,unknown,1,0,unknown,1
51,unemployed,divorced,secondary,no,1526,yes,no,cellular,3,0,success,0
43,admin.,single,secondary,no,2039,no,no,cellular,3,0,unknown,0
31,retired,married,tertiary,no,2927,no,no,cellular,1,0,failure,0
41,blue-collar,single,secondary,no,542,yes,no,cellular,1,0,failure,0
56,services,divorced,secondary,no,425,no,no,cellular,1,9,unknown,1
34,blue-collar,married,tertiary,no,-217,no,no,cellular,6,0,unknown,0
32,management,married,secondary,no,2855,yes,no,unknown,3,0,other,0
37,blue-collar,divorced,secondary,no,5173,yes,no,cellular,3,0,unknown,0
44,self-employed,married,tertiary,no,-1746,yes,no,cellular,2,0,unknown,0
41,blue-collar,single,secondary,no,3704,no,yes,telephone,3,0,unknown,0
34,technician,single,primary,no,255,yes,no,telephone,3,0,unknown,0
52,admin.,married,tertiary,no,0,no,yes,unknown,1,0,success,0
59,blue-collar,married,tertiary,no,259,yes,yes,unknown,2,0,unknown,1
52,services,single,tertiary,no,8131,yes,no,cellular,2,0,unknown,1
62,blue-collar,single,secondary,no,591,yes,no,telephone,2,0,unknown,0
61,blue-collar,married,tertiary,no,0,no,no,cellular,1,0,unknown,0
43,management,married,secondary,no,895,yes,no,cellular,2,0,unknown,0
33,blue-collar,married,secondary,no,459,no,no,cellular,4,0,unknown,0
51,technician,married,secondary,no,184,yes,no,unknown,4,0,unknown,0
40,entrepreneur,divorced,tertiary,no,3913,yes,no,unknown,2,0,unknown,0
43,blue-collar,single,secondary,no,1533,yes,no,cellular,2,0,unknown,0
45,blue-collar,single,secondary,no,223,no,no,cellular,2,0,unknown,0
33,entrepreneur,married,tertiary,no,943,no,no,cellular,1,0,unknown,1
57,student,married,secondary,no,-6,yes,no,cellular,1,0,unknown,0
55,admin.,married,tertiary,no,2186,no,no,unknown,6,0,success,0
30,management,married,primary,no,2232,yes,no,cellular,6,1,unknown,0
56,management,single,secondary,no,2007,yes,no,cellular,3,5,unknown,0
49,admin.,divorced,secondary,no,2,yes,no,unknown,4,0,unknown,0
51,admin.,married,tertiary,no,157,no,no,cellular,2,0,unknown,0
42,management,married,secondary,no,343,yes,no,cellular,1,0,success,0
34,unknown,divorced,primary,no,5563,no,no,unknown,2,0,unknown,0
43,blue-collar,single,primary,no,498,yes,no,cellular,8,23,unknown,0
60,blue-collar,single,secondary,no,1992,yes,no,cellular,5,0,unknown,0
37,technician,single,unknown,no,130,yes,no,cellular,1,0,unknown,1
25,student,single,secondary,no,39,yes,no,cellular,2,1,success,1
45,admin.,single,secondary,no,0,yes,no,unknown,4,0,unknown,0
36,technician,single,secondary,no,2105,no,no,unknown,1,0,unknown,0
31,admin.,married,secondary,no,1430,no,no,telephone,1,0,failure,1
26,admin.,married,secondary,no,395,yes,no,cellular,5,0,unknown,0
33,unemployed,married,secondary,no,2418,no,yes,cellular,3,0,unknown,0
29,blue-collar,married,secondary,no,310,yes,no,unknown,3,0,unknown,0
26,self-employed,married,primary,no,406,no,yes,unknown,2,2,unknown,0
44,admin.,single,tertiary,no,1114,yes,yes,unknown,1,0,unknown,0
27,technician,single,secondary,no,177,no,no,telephone,1,0,failure,0
40,admin.,divorced,tertiary,no,0,yes,no,unknown,2,1,unknown,0
44,admin.,married,primary,no,2178,yes,no,cellular,1,0,unknown,0
32,admin.,married,secondary,no,1746,yes,no,cellular,2,0,failure,0
48,management,married,primary,no,921,no,yes,cellular,2,4,unknown,0
58,blue-collar,married,primary,no,0,no,no,cellular,8,0,unknown,1
33,student,married,secondary,no,749,no,yes,cellular,3,0,unknown,0
35,unemployed,married,tertiary,no,4659,no,no,cellular,1,0,unknown,1
27,management,married,tertiary,yes,696,yes,yes,cellular,1,0,failure,0
26,services,married,tertiary,no,704,no,no,cellular,5,0,unknown,0
60,technician,divorced,secondary,no,137,yes,no,cellular,1,0,other,0
46,services,divorced,secondary,no,2715,yes,yes,cellular,2,0,unknown,0
35,admin.,married,secondary,no,326,no,no,cellular,1,0,unknown,0
46,management,single,secondary,no,155,yes,no,cellular,1,0,unknown,0
49,management,divorced,secondary,no,669,yes,no,unknown,3,0,failure,0
40,technician,married,secondary,no,2096,yes,no,cellular,6,0,unknown,0
31,technician,married,tertiary,no,3242,yes,yes,cellular,1,0,unknown,0
30,entrepreneur,married,secondary,no,1034,yes,no,cellular,7,0,unknown,0
38,management,married,secondary,no,624,yes,no,unknown,2,2,unknown,1
32,admin.,married,secondary,no,99,yes,yes,telephone,12,0,unknown,0
80,blue-collar,married,secondary,no,593,yes,no,cellular,4,0,unknown,0
73,self-employed,single,unknown,no,106,yes,no,unknown,4,0,unknown,0
45,management,married,tertiary,no,6,yes,no,cellular,5,0,unknown,0
32,management,married,secondary,no,255,yes,yes,cellular,2,0,unknown,0
38,blue-collar,married,tertiary,no,4148,yes,yes,cellular,1,0,unknown,0
28,management,married,primary,no,1970,yes,no,unknown,4,0,unknown,0
29,unemployed,married,primary,no,1410,no,no,cellular,13,0,unknown,0
33,management,single,secondary,no,975,yes,no,unknown,16,0,unknown,1
27,management,married,secondary,no,393,yes,no,cellular,2,0,unknown,0
33,admin.,divorced,secondary,no,412,yes,no,cellular,8,0,unknown,0
44,technician,married,tertiary,no,466,yes,no,unknown,2,1,unknown,0
70,admin.,divorced,secondary,no,497,no,no,unknown,1,0,failure,0
31,management,married,secondary,no,0,yes,no,unknown,18,2,unknown,0
41,services,married,secondary,no,1309,yes,no,cellular,4,0,unknown,0
35,blue-collar,single,primary,no,10910,yes,no,cellular,3,0,unknown,0
40,housemaid,married,primary,no,437,yes,no,unknown,5,0,unknown,0
49,technician,married,secondary,no,220,yes,no,cellular,8,0,unknown,0
37,services,married,tertiary,no,214,yes,no,unknown,3,0,unknown,0
33,blue-collar,married,tertiary,no,1100,yes,yes,unknown,2,0,unknown,0
38,blue-collar,married,secondary,no,2993,no,yes,cellular,1,0,unknown,0
48,student,single,primary,no,197,yes,no,unknown,2,0,unknown,0
54,technician,married,primary,no,1249,yes,yes,unknown,2,3,failure,0
41,blue-collar,divorced,tertiary,no,4012,yes,no,cellular,18,0,unknown,0
42,student,married,tertiary,no,290,yes,no,cellular,1,0,unknown,0
51,student,divorced,secondary,no,774,yes,no,cellular,1,0,unknown,0
57,services,single,secondary,no,164,yes,no,cellular,2,2,unknown,0
35,technician,married,secondary,no,1048,yes,no,cellular,6,0,unknown,0
44,self-employed,married,secondary,no,437,yes,no,cellular,7,1,unknown,0
49,services,married,secondary,no,2320,yes,yes,cellular,1,2,unknown,0
53,technician,married,tertiary,no,72,no,yes,cellular,1,1,unknown,0
37,admin.,married,secondary,no,2815,yes,no,cellular,1,0,unknown,0
58,management,single,primary,no,34,no,no,cellular,1,0,unknown,0
31,blue-collar,married,secondary,no,253,no,no,unknown,3,3,other,0
50,technician,married,tertiary,no,846,no,yes,cellular,1,0,unknown,1
35,technician,married,tertiary,no,199,yes,yes,cellular,2,0,unknown,0
43,entrepreneur,married,secondary,no,-6,yes,yes,unknown,3,0,other,1
35,services,single,unknown,no,1509,yes,no,cellular,2,0,unknown,0
59,management,married,tertiary,no,3873,yes,no,unknown,4,0,unknown,0
36,blue-collar,divorced,primary,no,2096,yes,no,cellular,1,0,unknown,0
79,technician,single,secondary,no,122,no,yes,cellular,3,0,unknown,0
39,retired,single,tertiary,no,4079,yes,yes,cellular,1,1,unknown,0
46,management,single,tertiary,no,878,no,no,cellular,2,0,unknown,0
29,blue-collar,single,primary,no,292,no,no,unknown,7,0,unknown,0
48,blue-collar,single,secondary,no,2855,yes,no,unknown,3,0,failure,0
33,technician,divorced,primary,no,26,yes,yes,unknown,8,0,unknown,0
83,management,single,secondary,no,2273,yes,no,cellular,1,0,unknown,0
44,unemployed,single,primary,no,468,yes,no,cellular,6,0,unknown,0
57,admin.,married,tertiary,no,343,no,no,unknown,1,0,unknown,0
41,technician,married,tertiary,no,7929,no,no,unknown,6,0,success,0
51,management,single,secondary,no,0,yes,no,unknown,1,1,other,0
41,services,married,primary,no,434,no,yes,cellular,2,0,unknown,0
55,management,married,secondary,no,9,no,no,unknown,2,0,unknown,0
34,blue-collar,married,tertiary,no,13204,yes,yes,unknown,1,3,unknown,1
30,management,married,tertiary,no,828,no,yes,cellular,1,0,unknown,0
49,blue-collar,married,tertiary,no,112,yes,no,cellular,3,0,unknown,0
52,entrepreneur,single,secondary,no,4089,no,no,telephone,7,0,unknown,0
55,admin.,married,tertiary,no,835,yes,no,cellular,14,1,unknown,0
59,technician,single,tertiary,no,-117,no,no,cellular,6,0,failure,0
32,services,married,tertiary,no,0,no,yes,cellular,2,0,unknown,1
33,technician,married,tertiary,no,487,yes,no,cellular,3,0,unknown,0
27,technician,married,secondary,no,1844,yes,yes,cellular,1,0,unknown,0
33,unemployed,divorced,tertiary,no,7082,yes,no,cellular,2,3,unknown,0
56,services,single,primary,no,0,yes,yes,unknown,3,0,unknown,0
38,technician,married,secondary,no,666,no,no,unknown,4,0,other,0
33,services,married,tertiary,no,697,no,no,cellular,7,0,unknown,0
35,admin.,married,tertiary,no,826,yes,no,cellular,2,0,unknown,0
36,technician,married,tertiary,no,480,yes,no,unknown,3,0,unknown,0
33,housemaid,married,tertiary,no,239,no,no,cellular,8,0,unknown,0
35,technician,married,secondary,no,60,yes,no,unknown,2,0,unknown,0
30,blue-collar,married,secondary,no,275,yes,no,cellular,3,0,unknown,1
41,management,married,primary,no,3276,yes,no,cellular,1,1,unknown,1
35,management,married,tertiary,no,-465,no,no,unknown,1,0,failure,0
34,management,single,tertiary,no,32,no,no,unknown,1,0,failure,0
26,services,married,secondary,no,872,yes,no,unknown,1,1,unknown,0
44,retired,single,secondary,no,94,yes,yes,telephone,2,0,unknown,0
32,entrepreneur,married,primary,no,21,yes,yes,unknown,6,0,unknown,0
43,blue-collar,married,tertiary,yes,-253,yes,no,cellular,3,1,unknown,0
34,technician,married,secondary,no,1034,yes,no,cellular,3,0,unknown,0
59,management,divorced,unknown,no,10177,no,yes,cellular,2,0,unknown,0
34,technician,divorced,tertiary,no,808,yes,yes,unknown,2,0,unknown,1
48,management,married,tertiary,no,105,yes,no,cellular,1,0,unknown,0
24,management,married,secondary,no,-300,no,no,cellular,1,2,unknown,0
42,management,married,primary,no,0,no,no,cellular,3,0,unknown,0
47,technician,married,secondary,no,4665,no,no,cellular,1,1,unknown,0
36,student,married,primary,no,0,no,no,cellular,2,0,unknown,1
53,blue-collar,married,secondary,no,0,yes,no,cellular,1,2,unknown,0
43,services,married,primary,no,872,yes,no,cellular,1,0,failure,1
36,self-employed,single,tertiary,no,1698,no,no,telephone,5,2,unknown,1
36,admin.,single,tertiary,no,0,yes,yes,unknown,2,0,success,0
47,retired,married,tertiary,no,3771,yes,no,cellular,2,0,other,0
57,management,single,tertiary,no,109,no,no,unknown,3,0,unknown,0
43,entrepreneur,married,secondary,no,1049,no,no,cellular,7,0,unknown,0
57,technician,married,secondary,no,125,yes,yes,cellular,12,0,unknown,0
41,management,single,primary,no,5403,no,no,cellular,2,0,unknown,0
36,unemployed,single,secondary,no,0,no,no,cellular,1,4,unknown,0
47,admin.,married,primary,no,574,yes,no,unknown,3,0,unknown,0
26,technician,single,tertiary,no,55,yes,no,cellular,3,0,unknown,0
57,technician,married,tertiary,no,0,no,yes,unknown,1,0,unknown,0
34,blue-collar,divorced,primary,no,-302,no,no,telephone,1,0,unknown,0
54,technician,divorced,secondary,no,299,yes,no,unknown,2,0,unknown,0
28,blue-collar,single,tertiary,no,-242,yes,no,cellular,2,0,unknown,0
30,blue-collar,married,secondary,yes,776,yes,no,cellular,1,0,unknown,0
48,technician,single,secondary,no,2959,no,no,unknown,1,0,unknown,0
33,entrepreneur,married,secondary,no,5958,yes,no,cellular,2,0,unknown,1
41,blue-collar,married,tertiary,no,877,no,no,cellular,3,0,unknown,0
30,management,married,secondary,no,3451,no,no,cellular,2,0,unknown,0
53,blue-collar,divorced,secondary,yes,784,yes,no,cellular,12,0,unknown,0
43,technician,divorced,tertiary,no,356,yes,no,unknown,7,2,unknown,0
23,technician,single,secondary,no,0,yes,no,cellular,1,0,unknown,0
34,admin.,divorced,primary,no,343,yes,no,cellular,1,0,unknown,0
42,services,married,secondary,no,167,yes,no,unknown,7,0,other,0
52,blue-collar,married,secondary,no,156,yes,no,cellular,1,0,unknown,1
42,blue-collar,married,primary,no,3315,yes,yes,cellular,1,0,unknown,0
52,entrepreneur,single,secondary,no,3948,no,no,cellular,1,1,unknown,0
40,housemaid,married,tertiary,no,109,yes,yes,unknown,3,0,failure,1
34,blue-collar,single,primary,no,52,yes,no,cellular,1,0,other,0
48,admin.,single,primary,no,3472,no,no,cellular,2,0,unknown,0
31,unemployed,married,tertiary,no,310,no,no,cellular,8,0,unknown,0
42,admin.,married,tertiary,no,99,no,no,unknown,1,0,unknown,0
29,self-employed,married,tertiary,no,126,yes,no,telephone,3,0,other,0
50,management,married,secondary,no,192,yes,no,unknown,2,0,unknown,0
31,entrepreneur,single,primary,no,15,no,no,cellular,2,0,unknown,1
37,blue-collar,married,secondary,no,0,yes,no,cellular,3,0,other,0
32,technician,married,secondary,no,41,yes,no,cellular,1,1,failure,0
30,entrepreneur,married,tertiary,no,279,no,no,cellular,2,0,unknown,0
34,management,married,secondary,no,872,no,yes,cellular,2,0,unknown,0
39,retired,married,secondary,no,3913,no,no,cellular,2,0,unknown,0
30,blue-collar,single,primary,no,-306,no,no,cellular,2,5,unknown,0
30,technician,married,secondary,no,1998,yes,no,cellular,7,7,unknown,0
27,blue-collar,single,tertiary,no,0,yes,no,cellular,4,1,success,0
45,technician,married,secondary,no,3370,yes,yes,cellular,3,2,unknown,0
49,admin.,married,secondary,no,132,yes,no,unknown,2,0,unknown,0
39,services,single,primary,no,3107,yes,no,cellular,1,0,unknown,0
54,management,married,secondary,no,2569,no,yes,cellular,5,0,success,0
55,management,divorced,secondary,no,1218,no,no,cellular,1,0,failure,0
57,technician,single,secondary,no,396,yes,yes,cellular,7,0,unknown,0
42,technician,single,secondary,no,1449,yes,no,unknown,5,0,failure,0
23,technician,married,primary,no,816,yes,no,unknown,2,2,unknown,0
30,blue-collar,married,secondary,no,1772,yes,no,unknown,8,0,unknown,0
35,retired,married,primary,no,14220,yes,no,unknown,1,0,unknown,1
33,blue-collar,married,secondary,no,228,yes,no,cellular,4,8,unknown,0
35,student,married,secondary,no,98,no,no,unknown,2,0,failure,0
49,blue-collar,single,secondary,no,286,yes,no,cellular,2,0,unknown,0
67,admin.,married,secondary,no,201,no,no,telephone,2,1,failure,0
46,blue-collar,married,secondary,no,1416,yes,yes,unknown,1,0,unknown,1
24,services,married,tertiary,no,384,no,no,cellular,3,0,unknown,0
36,self-employed,divorced,secondary,no,318,no,no,cellular,6,0,unknown,0
46,management,married,tertiary,no,876,no,no,cellular,1,1,success,0
34,blue-collar,married,primary,no,1700,no,no,cellular,1,0,unknown,1
41,technician,married,secondary,no,30,yes,no,cellular,13,0,failure,0
38,management,single,secondary,no,1495,yes,yes,cellular,1,0,unknown,0
60,services,married,secondary,no,2190,no,no,unknown,1,0,failure,0
39,blue-collar,divorced,primary,no,42,no,no,cellular,2,0,unknown,0
29,retired,married,secondary,no,4608,yes,no,cellular,2,0,unknown,0
34,services,married,tertiary,no,225,no,no,unknown,4,0,unknown,0
28,blue-collar,single,tertiary,no,-674,yes,no,unknown,1,0,unknown,0
33,admin.,divorced,secondary,no,57,yes,no,cellular,4,0,failure,0
56,management,single,secondary,no,5137,yes,no,unknown,1,0,unknown,1
41,entrepreneur,single,secondary,no,202,yes,no,cellular,2,1,unknown,1
56,technician,single,primary,no,105,no,no,unknown,1,0,unknown,0
57,blue-collar,married,primary,no,1430,no,yes,cellular,2,0,unknown,0
48,management,married,primary,no,-14,yes,no,cellular,2,2,unknown,0
45,unemployed,married,tertiary,no,243,yes,no,cellular,2,18,unknown,0
33,blue-collar,divorced,secondary,no,367,yes,no,unknown,3,1,success,0
44,services,married,tertiary,no,1121,no,no,cellular,2,0,unknown,1
40,management,married,secondary,no,247,yes,no,cellular,3,0,unknown,0
42,blue-collar,married,tertiary,no,21244,yes,no,telephone,12,0,success,0
27,management,single,tertiary,no,6563,yes,no,unknown,1,0,unknown,0
31,services,single,tertiary,no,3190,yes,no,cellular,2,0,success,0
45,management,single,secondary,no,4541,yes,no,cellular,2,0,unknown,1
39,technician,married,tertiary,no,101,yes,no,cellular,2,0,unknown,0
39,technician,divorced,secondary,no,-285,yes,yes,unknown,1,0,unknown,0
29,self-employed,divorced,secondary,no,1130,yes,no,unknown,1,0,unknown,0
54,management,married,tertiary,no,117,yes,no,unknown,1,0,unknown,0
36,technician,married,secondary,yes,1657,no,no,unknown,1,0,unknown,0
38,unemployed,married,tertiary,no,593,no,no,cellular,1,0,unknown,1
34,services,divorced,secondary,no,2155,yes,no,telephone,2,0,unknown,0
36,blue-collar,divorced,secondary,no,3576,no,no,cellular,4,0,unknown,0
36,self-employed,married,secondary,no,432,yes,no,cellular,1,0,other,0
42,unemployed,divorced,primary,no,58,yes,no,cellular,1,1,unknown,0
32,technician,single,secondary,no,15311,yes,no,unknown,5,0,unknown,0
59,entrepreneur,married,secondary,no,57,yes,no,unknown,2,0,unknown,0
48,management,divorced,primary,no,1007,yes,no,unknown,7,0,unknown,0
54,services,divorced,primary,no,480,yes,no,cellular,1,0,unknown,0
53,technician,married,tertiary,no,868,no,no,cellular,2,0,unknown,0
28,admin.,married,primary,no,5063,yes,no,cellular,2,0,unknown,0
55,management,married,primary,no,60,no,no,unknown,1,0,unknown,1
59,management,married,tertiary,no,1222,no,no,cellular,1,3,unknown,0
29,self-employed,single,secondary,no,2403,yes,no,telephone,2,0,unknown,0
28,technician,single,secondary,no,595,no,yes,cellular,1,0,unknown,0
36,retired,married,tertiary,no,-276,yes,no,unknown,2,0,failure,0
36,technician,married,secondary,no,386,yes,no,cellular,5,0,unknown,0
44,services,married,tertiary,no,312,no,no,cellular,2,0,unknown,0
30,blue-collar,married,secondary,no,1464,no,no,cellular,2,0,unknown,0
52,blue-collar,single,unknown,no,515,yes,no,unknown,2,0,unknown,0
33,housemaid,single,secondary,no,1566,no,no,unknown,1,0,failure,0
43,blue-collar,single,tertiary,no,1027,yes,yes,cellular,1,2,unknown,0
35,retired,married,secondary,no,175,yes,no,cellular,4,0,unknown,0
35,entrepreneur,married,secondary,no,759,yes,no,cellular,2,0,unknown,0
38,services,single,tertiary,no,1048,yes,no,cellular,16,0,unknown,0
48,technician,married,secondary,no,422,yes,no,unknown,3,5,unknown,0
39,services,divorced,secondary,no,639,no,no,cellular,6,0,unknown,1
49,admin.,single,primary,no,0,no,no,cellular,2,0,unknown,0
40,management,married,tertiary,no,206,yes,no,unknown,1,3,unknown,0
39,housemaid,married,primary,no,315,no,no,unknown,2,1,failure,0
30,admin.,married,primary,no,1427,no,no,cellular,1,0,unknown,0
38,blue-collar,divorced,primary,no,1291,no,no,cellular,1,0,unknown,0
40,blue-collar,divorced,secondary,no,626,no,no,cellular,1,0,unknown,0
32,blue-collar,single,tertiary,no,-242,yes,no,unknown,1,0,unknown,0
31,student,single,secondary,no,74,yes,no,cellular,1,3,unknown,0
52,management,single,unknown,no,4040,yes,no,cellular,2,0,unknown,0
36,blue-collar,married,secondary,no,-559,yes,no,telephone,3,0,failure,0
42,management,married,secondary,no,15,yes,no,unknown,6,4,unknown,0
40,management,married,tertiary,no,62,no,no,cellular,2,1,unknown,0
29,admin.,married,primary,no,1161,no,no,cellular,3,2,unknown,0
55,management,divorced,tertiary,no,-471,no,no,cellular,3,0,unknown,0
69,admin.,single,tertiary,no,618,yes,no,cellular,2,3,unknown,0
59,entrepreneur,divorced,primary,no,1134,no,no,cellular,1,0,unknown,0
57,admin.,married,tertiary,no,400,yes,no,cellular,1,0,unknown,0
57,management,married,tertiary,no,976,yes,no,cellular,1,1,unknown,0
59,management,married,tertiary,no,410,no,no,cellular,2,0,unknown,0
43,services,married,secondary,no,625,yes,no,cellular,6,1,unknown,0
56,entrepreneur,married,secondary,no,-339,yes,no,cellular,3,0,unknown,0
32,technician,married,primary,no,0,no,no,cellular,1,0,unknown,0
31,retired,married,unknown,no,502,no,no,cellular,2,0,unknown,0
51,technician,married,secondary,no,317,yes,no,cellular,2,0,unknown,0
32,admin.,divorced,primary,no,124,yes,no,cellular,1,0,failure,1
34,services,single,tertiary,no,144,yes,no,telephone,3,0,unknown,0
42,management,married,secondary,no,749,yes,no,cellular,17,0,unknown,0
40,entrepreneur,married,primary,no,1221,yes,no,unknown,1,0,unknown,0
43,management,married,primary,no,41,yes,no,unknown,9,0,unknown,0
49,blue-collar,married,secondary,no,-396,yes,yes,unknown,1,0,unknown,0
59,unemployed,single,tertiary,no,86,no,no,cellular,3,0,unknown,0
32,housemaid,single,secondary,no,0,no,no,unknown,1,2,unknown,0
45,technician,married,secondary,no,424,no,no,telephone,1,0,other,1
38,retired,single,secondary,no,0,yes,no,cellular,1,0,unknown,0
33,admin.,married,secondary,no,877,yes,no,cellular,2,0,failure,0
59,management,married,secondary,no,322,yes,no,unknown,1,0,unknown,1
75,retired,single,secondary,no,-54,yes,no,cellular,4,2,unknown,1
56,services,married,secondary,no,435,no,no,cellular,2,0,unknown,1
54,management,married,secondary,no,1808,yes,no,cellular,1,0,unknown,0
49,blue-collar,married,secondary,no,3663,yes,no,telephone,2,0,unknown,0
44,management,married,secondary,no,-90,no,no,unknown,4,0,failure,0
53,blue-collar,married,secondary,no,126,yes,no,unknown,2,0,unknown,1
44,blue-collar,married,secondary,no,0,no,yes,cellular,1,0,unknown,0
60,services,single,secondary,no,96,no,no,unknown,2,0,other,0
31,blue-collar,married,secondary,no,134,yes,no,cellular,1,0,failure,0
37,management,married,tertiary,no,344,no,no,cellular,2,0,unknown,0
41,admin.,married,secondary,no,-378,no,no,unknown,1,0,unknown,0
48,blue-collar,married,secondary,no,2485,yes,no,unknown,3,0,unknown,0
48,technician,single,tertiary,no,3,yes,no,cellular,1,0,unknown,1
31,management,married,tertiary,no,-27,no,no,cellular,1,0,failure,1
57,management,married,secondary,no,171,yes,no,cellular,1,0,unknown,0
57,services,divorced,secondary,no,396,yes,no,telephone,1,0,failure,0
29,management,single,secondary,no,0,yes,no,unknown,2,0,unknown,0
34,management,married,tertiary,no,279,yes,no,unknown,2,0,unknown,0
25,entrepreneur,single,primary,no,1553,yes,no,unknown,2,6,unknown,0
58,admin.,divorced,secondary,no,1322,no,no,cellular,1,0,failure,0
31,management,single,tertiary,no,808,no,no,telephone,1,0,failure,0
48,self-employed,married,secondary,no,302,no,no,unknown,1,0,unknown,0
25,retired,married,secondary,no,260,yes,no,unknown,1,0,unknown,0
40,admin.,single,tertiary,no,-63,no,no,cellular,3,0,unknown,0
35,blue-collar,married,tertiary,no,1322,no,no,cellular,6,0,unknown,0
51,technician,married,primary,no,1518,no,no,unknown,1,6,unknown,0
32,admin.,divorced,secondary,no,795,yes,yes,cellular,6,0,unknown,0
26,management,married,secondary,no,475,yes,no,unknown,3,0,unknown,0
42,services,divorced,tertiary,no,218,no,no,cellular,6,0,unknown,0
43,blue-collar,single,tertiary,no,323,yes,no,unknown,2,0,unknown,0
32,technician,married,secondary,no,0,no,no,cellular,3,0,unknown,1
40,self-employed,single,secondary,no,1509,yes,no,cellular,4,3,unknown,0
41,blue-collar,married,tertiary,no,157,yes,no,unknown,4,0,unknown,0
38,blue-collar,single,primary,no,1482,yes,no,unknown,6,0,failure,0
50,admin.,married,tertiary,no,724,yes,no,unknown,1,0,unknown,0
40,unemployed,married,tertiary,no,2904,no,no,cellular,2,0,unknown,0
26,blue-collar,married,tertiary,no,192,yes,no,unknown,1,3,unknown,0
37,blue-collar,married,secondary,no,1482,yes,no,cellular,2,1,unknown,0
35,blue-collar,married,secondary,yes,279,yes,no,cellular,1,0,success,0
50,management,married,secondary,no,8304,no,no,unknown,1,2,failure,0
29,admin.,divorced,primary,yes,266,yes,no,cellular,3,0,unknown,0
57,blue-collar,single,secondary,no,70,yes,no,unknown,2,0,unknown,1
33,technician,divorced,secondary,no,200,yes,yes,telephone,1,0,unknown,0
32,entrepreneur,married,secondary,no,1904,no,no,cellular,1,0,unknown,0
50,technician,married,secondary,no,8556,yes,no,cellular,1,0,failure,0
49,management,married,secondary,no,500,yes,yes,cellular,2,0,unknown,1
30,management,married,primary,no,795,yes,no,cellular,2,0,success,0
52,management,married,secondary,no,603,no,yes,cellular,3,0,unknown,0
41,technician,married,secondary,no,434,yes,no,cellular,3,0,unknown,0
46,blue-collar,married,secondary,no,519,yes,no,cellular,1,0,unknown,0
31,technician,divorced,unknown,no,992,no,no,cellular,1,0,unknown,0
53,retired,married,secondary,no,889,no,no,cellular,4,0,failure,0
35,services,single,tertiary,no,257,no,no,cellular,1,0,unknown,0
51,services,divorced,secondary,no,291,yes,no,unknown,1,0,unknown,0
30,management,single,tertiary,no,2587,yes,no,cellular,2,0,unknown,0
55,management,married,primary,no,2179,no,yes,cellular,2,0,unknown,0
32,management,married,secondary,no,158,yes,no,cellular,3,0,unknown,0
31,technician,married,primary,no,215,yes,no,cellular,1,0,unknown,0
52,entrepreneur,married,secondary,no,0,no,no,telephone,2,0,unknown,0
53,blue-collar,married,tertiary,no,1594,no,no,telephone,1,0,unknown,1
40,services,married,primary,no,99,no,yes,unknown,1,0,unknown,0
52,services,married,secondary,no,56,yes,no,cellular,4,0,unknown,0
36,services,married,primary,no,-53,no,no,cellular,8,1,unknown,0
29,technician,divorced,secondary,no,1193,no,no,cellular,1,0,unknown,1
27,self-employed,single,tertiary,no,340,no,no,unknown,2,0,unknown,0
55,management,married,tertiary,no,1331,no,no,cellular,18,0,unknown,0
45,admin.,married,secondary,yes,415,no,no,cellular,5,6,success,0
47,services,married,tertiary,no,0,yes,no,unknown,1,2,unknown,0
36,self-employed,divorced,secondary,no,717,yes,no,unknown,2,0,unknown,1
36,retired,married,primary,no,424,no,no,cellular,3,0,unknown,0
36,technician,married,secondary,no,872,no,no,cellular,1,0,unknown,0
33,admin.,married,tertiary,no,318,no,no,unknown,4,0,unknown,1
58,technician,divorced,secondary,no,16957,no,no,cellular,1,0,failure,0
39,blue-collar,married,tertiary,no,1679,yes,no,cellular,1,2,unknown,0
55,services,divorced,secondary,no,-563,yes,no,unknown,1,0,other,0
34,blue-collar,married,unknown,no,1482,no,no,telephone,3,0,unknown,0
32,technician,married,primary,no,32,no,no,unknown,4,3,unknown,0
30,management,single,tertiary,no,86,no,no,cellular,3,0,other,0
39,management,married,primary,no,-892,yes,yes,unknown,22,0,unknown,0
36,technician,married,tertiary,no,289,yes,no,cellular,3,5,unknown,0
49,retired,married,secondary,no,35,yes,no,cellular,2,0,unknown,0
46,entrepreneur,married,primary,no,0,no,no,unknown,6,0,unknown,0
32,admin.,married,secondary,no,39,no,no,unknown,3,0,unknown,0
43,management,divorced,secondary,no,-17,yes,yes,cellular,1,0,unknown,0
78,admin.,married,secondary,no,969,yes,no,cellular,2,0,unknown,1
35,admin.,married,secondary,no,8652,yes,no,unknown,1,1,unknown,0
61,retired,married,secondary,no,338,yes,yes,telephone,1,0,failure,0
31,housemaid,divorced,secondary,no,808,no,no,cellular,1,0,unknown,0
48,management,married,secondary,no,267,yes,no,cellular,1,0,success,1
47,technician,married,tertiary,no,784,no,no,cellular,1,0,failure,1
34,technician,married,primary,no,781,yes,no,unknown,1,0,failure,0
24,services,married,tertiary,no,673,no,yes,cellular,1,0,unknown,0
30,blue-collar,single,tertiary,no,9339,yes,no,cellular,2,0,unknown,0
37,technician,married,tertiary,no,101,yes,yes,unknown,1,0,unknown,0
32,management,married,secondary,no,1897,yes,no,cellular,2,0,other,0
77,services,single,secondary,no,1257,no,no,telephone,2,0,unknown,0
32,admin.,married,tertiary,no,10,yes,no,unknown,1,0,unknown,0
37,management,married,secondary,no,373,yes,no,cellular,8,0,failure,0
39,blue-collar,single,secondary,no,765,yes,no,unknown,2,0,unknown,0
45,technician,divorced,secondary,no,2980,yes,no,unknown,3,0,unknown,0
46,management,married,primary,no,14412,no,no,telephone,3,0,unknown,0
32,management,married,tertiary,no,1469,yes,yes,cellular,3,0,failure,0
30,blue-collar,married,primary,no,782,no,no,cellular,4,0,unknown,0
48,blue-collar,single,unknown,no,23,no,no,cellular,2,0,unknown,1
27,management,married,secondary,no,694,yes,yes,unknown,3,0,other,0
43,housemaid,married,secondary,no,1818,yes,no,cellular,2,0,failure,0
37,blue-collar,married,secondary,no,0,yes,no,cellular,1,0,other,0
40,services,single,secondary,no,119,yes,no,cellular,1,0,unknown,0
34,blue-collar,married,secondary,no,3931,yes,no,cellular,1,0,unknown,1
52,self-employed,married,secondary,no,2098,yes,no,cellular,1,0,failure,0
46,admin.,married,secondary,no,681,no,no,cellular,3,2,other,1
28,blue-collar,married,unknown,no,246,yes,no,unknown,2,0,other,0
43,management,married,tertiary,no,38,no,no,cellular,1,0,unknown,0
55,blue-collar,single,secondary,no,1916,yes,no,unknown,1,1,unknown,0
42,management,single,secondary,no,640,yes,no,unknown,4,0,unknown,0
49,technician,married,tertiary,no,33,no,no,cellular,1,0,unknown,0
34,blue-collar,married,tertiary,no,817,yes,no,cellular,2,0,unknown,0
38,management,divorced,tertiary,no,0,no,no,cellular,2,1,unknown,1
19,blue-collar,married,primary,no,453,no,no,unknown,2,0,failure,0
34,technician,married,secondary,no,5137,no,yes,cellular,1,0,unknown,1
45,management,married,secondary,no,1172,no,no,telephone,4,0,failure,0
38,services,married,secondary,no,462,yes,yes,cellular,2,0,unknown,1
31,technician,single,tertiary,no,589,no,no,cellular,3,0,unknown,0
26,blue-collar,married,secondary,no,8238,yes,no,cellular,1,0,unknown,0
37,technician,married,primary,yes,948,yes,no,cellular,6,0,unknown,1
30,blue-collar,married,primary,no,0,no,yes,unknown,3,7,other,0
50,blue-collar,married,tertiary,no,0,no,no,cellular,3,0,unknown,0
35,self-employed,married,tertiary,no,0,yes,no,cellular,5,0,unknown,0
39,housemaid,married,primary,no,50,no,no,unknown,1,0,unknown,0
49,blue-collar,divorced,primary,no,639,no,no,cellular,3,0,unknown,0
75,admin.,married,secondary,no,280,yes,no,telephone,3,0,unknown,0
43,services,married,secondary,no,618,yes,yes,unknown,11,0,unknown,0
33,blue-collar,single,primary,no,0,no,no,cellular,1,0,unknown,0
25,blue-collar,single,tertiary,no,-674,no,no,cellular,2,0,unknown,0
36,technician,divorced,tertiary,no,3064,yes,no,cellular,1,0,unknown,0
39,services,married,tertiary,no,605,yes,yes,cellular,1,0,unknown,0
44,blue-collar,single,tertiary,no,9339,yes,no,cellular,1,0,unknown,0
38,technician,married,secondary,no,-461,no,no,unknown,1,0,unknown,0
40,admin.,married,unknown,no,2465,yes,no,cellular,2,0,unknown,0
55,blue-collar,married,secondary,no,0,no,no,cellular,1,1,failure,0
61,technician,single,tertiary,no,0,yes,yes,cellular,3,0,unknown,0
39,technician,married,tertiary,no,-1,yes,yes,cellular,1,0,unknown,1
26,blue-collar,married,secondary,no,985,no,no,unknown,1,0,failure,1
45,services,single,secondary,no,998,yes,no,cellular,1,0,failure,0
38,management,married,secondary,no,4659,no,no,cellular,2,0,unknown,0
59,retired,single,tertiary,no,96,yes,no,cellular,1,0,unknown,0
30,blue-collar,single,tertiary,no,42,no,no,cellular,1,0,unknown,0
59,management,single,tertiary,no,2508,yes,yes,cellular,9,0,unknown,0
35,blue-collar,married,secondary,no,16264,no,yes,cellular,4,2,other,0
57,self-employed,married,primary,no,14440,yes,yes,cellular,1,0,unknown,0
34,management,married,secondary,no,1459,no,no,cellular,1,0,unknown,0
39,technician,married,secondary,no,189,no,no,unknown,2,0,unknown,0
36,technician,married,tertiary,no,14,yes,no,cellular,1,0,unknown,1
49,technician,married,secondary,no,6613,yes,no,cellular,1,0,unknown,0
57,services,married,tertiary,no,0,yes,no,cellular,1,4,unknown,1
40,management,married,secondary,no,41,no,no,cellular,5,0,unknown,1
36,services,married,secondary,no,115,no,no,unknown,1,0,unknown,0
38,retired,married,tertiary,no,2,yes,yes,unknown,4,0,unknown,0
36,management,married,tertiary,no,879,no,no,cellular,2,0,unknown,0
34,admin.,married,tertiary,no,4789,yes,no,cellular,3,0,unknown,0
51,technician,married,primary,no,1548,yes,no,cellular,3,0,unknown,0
38,management,married,secondary,no,644,no,no,cellular,2,0,unknown,0
38,blue-collar,single,secondary,no,8669,yes,no,cellular,30,0,unknown,0
37,admin.,married,secondary,yes,706,yes,no,cellular,1,0,unknown,0
60,technician,married,secondary,no,41,no,no,unknown,1,2,unknown,0
41,services,single,secondary,no,100,no,no,cellular,1,0,unknown,0
44,blue-collar,single,tertiary,no,1,yes,no,cellular,2,0,unknown,0
51,management,divorced,tertiary,no,606,no,no,unknown,1,2,unknown,1
41,management,single,secondary,no,-19,no,no,cellular,1,0,unknown,0
26,management,married,tertiary,no,317,yes,no,unknown,2,6,unknown,1
51,admin.,single,secondary,no,4722,no,no,cellular,17,0,unknown,0
29,admin.,married,tertiary,no,4543,yes,no,cellular,2,0,unknown,0
51,blue-collar,married,tertiary,no,969,no,no,cellular,1,0,unknown,0
36,retired,married,secondary,no,317,no,no,cellular,1,0,unknown,0
27,admin.,single,secondary,no,16992,yes,no,unknown,2,0,other,0
32,management,single,tertiary,no,1407,no,no,cellular,5,0,unknown,0
69,blue-collar,divorced,secondary,no,1464,yes,no,unknown,6,0,unknown,1
43,technician,married,unknown,no,-452,yes,no,telephone,1,1,unknown,0
33,retired,married,tertiary,no,907,yes,no,cellular,1,0,failure,0
34,services,single,primary,no,5774,yes,no,unknown,4,0,unknown,0
41,blue-collar,married,secondary,no,0,yes,no,cellular,1,0,success,0
34,retired,married,secondary,no,876,no,no,cellular,1,0,failure,0
42,management,married,secondary,no,50,no,no,cellular,1,0,failure,0
42,admin.,single,tertiary,no,5801,no,no,cellular,3,0,unknown,0
42,management,single,primary,no,-55,no,no,cellular,4,0,unknown,1
31,retired,married,tertiary,no,697,yes,no,cellular,2,2,unknown,0
52,admin.,single,secondary,no,897,no,no,unknown,3,0,unknown,0
33,blue-collar,married,tertiary,yes,2317,yes,no,cellular,1,0,unknown,0
51,blue-collar,married,secondary,yes,1318,yes,no,unknown,1,1,failure,0
36,admin.,single,secondary,no,5673,no,no,cellular,2,0,unknown,0
75,self-employed,divorced,primary,no,1539,yes,no,cellular,2,0,unknown,0
33,services,married,secondary,no,14,no,no,cellular,2,0,unknown,0
53,technician,married,secondary,no,37,yes,no,unknown,1,1,unknown,0
36,self-employed,married,secondary,no,808,yes,no,unknown,3,0,failure,0
47,management,married,secondary,no,358,no,no,cellular,1,0,failure,0
49,management,divorced,secondary,no,259,yes,no,cellular,5,0,unknown,0
51,blue-collar,single,tertiary,no,226,yes,no,cellular,2,0,unknown,0
43,management,married,secondary,no,908,yes,no,unknown,4,1,unknown,0
27,blue-collar,married,primary,no,-312,no,no,cellular,3,0,unknown,0
34,management,single,secondary,yes,3014,yes,no,cellular,3,0,other,0
47,technician,married,secondary,no,826,yes,no,cellular,3,2,unknown,0
36,management,married,tertiary,no,2058,yes,no,unknown,2,0,unknown,0
32,management,married,secondary,no,-32,no,no,cellular,5,0,unknown,0
37,services,single,secondary,no,1657,yes,no,cellular,2,1,unknown,0
43,entrepreneur,married,tertiary,no,3217,yes,no,cellular,1,0,unknown,0
32,management,married,primary,no,424,no,no,cellular,1,0,unknown,0
74,housemaid,married,secondary,no,318,no,yes,cellular,1,0,failure,0
28,services,single,secondary,no,3232,yes,no,telephone,3,0,unknown,0
42,admin.,single,secondary,no,-381,yes,no,cellular,3,0,unknown,0
70,technician,married,secondary,no,212,yes,no,telephone,1,0,unknown,0
49,admin.,single,secondary,no,2246,yes,yes,cellular,2,0,unknown,0
58,blue-collar,married,secondary,no,648,yes,no,cellular,1,0,unknown,0
51,retired,married,secondary,no,0,no,yes,cellular,25,0,unknown,0
35,unemployed,single,secondary,no,385,no,yes,cellular,1,0,unknown,0
37,retired,married,secondary,no,0,yes,no,cellular,1,0,unknown,0
24,technician,married,tertiary,no,3825,no,no,cellular,8,0,unknown,1
33,management,single,secondary,no,883,no,no,unknown,3,0,unknown,0
59,services,married,secondary,no,8,yes,no,unknown,4,1,unknown,0
39,housemaid,single,secondary,no,1206,yes,no,telephone,10,1,unknown,0
38,services,married,tertiary,no,781,no,no,unknown,7,0,unknown,0
34,entrepreneur,single,secondary,no,1210,yes,no,cellular,1,8,failure,1
44,blue-collar,single,tertiary,no,997,yes,no,telephone,1,1,unknown,0
28,management,single,tertiary,no,837,no,no,cellular,2,0,unknown,0
30,services,married,secondary,no,50,yes,no,cellular,2,1,unknown,0
41,blue-collar,divorced,secondary,no,2880,yes,no,unknown,5,7,unknown,0
54,admin.,divorced,primary,no,2749,yes,no,cellular,2,0,unknown,0
48,technician,married,secondary,no,293,yes,no,telephone,1,0,unknown,0
50,management,single,secondary,no,0,yes,no,unknown,5,0,failure,0
27,technician,divorced,primary,no,569,yes,no,unknown,2,0,success,0
46,blue-collar,single,tertiary,no,1273,yes,no,cellular,1,0,failure,0
47,services,married,tertiary,no,389,no,no,cellular,8,3,unknown,0
57,management,married,secondary,no,1020,yes,no,telephone,1,0,failure,0
53,student,married,secondary,no,782,yes,no,cellular,1,0,unknown,0
38,technician,single,tertiary,no,0,no,no,unknown,2,0,unknown,0
25,technician,married,tertiary,no,1117,no,no,cellular,1,0,other,0
30,management,divorced,secondary,no,3143,no,no,cellular,1,0,unknown,0
32,self-employed,single,secondary,no,215,no,no,cellular,4,0,unknown,0
27,retired,married,tertiary,no,169,no,no,cellular,5,0,unknown,0
33,student,single,secondary,no,118,yes,no,cellular,2,0,unknown,0
32,self-employed,married,secondary,no,509,yes,yes,cellular,1,0,failure,0
38,technician,married,unknown,no,6,yes,no,unknown,2,0,unknown,0
22,management,married,tertiary,no,428,no,no,cellular,1,0,unknown,0
32,unemployed,single,tertiary,no,1240,no,no,cellular,2,3,failure,0
49,management,single,secondary,no,273,yes,no,telephone,2,0,unknown,0
27,management,married,tertiary,no,1053,no,no,cellular,1,0,success,1
38,admin.,divorced,secondary,no,740,no,no,cellular,2,0,unknown,0
37,housemaid,married,secondary,no,788,yes,no,cellular,3,0,unknown,0
50,admin.,married,tertiary,no,4402,no,no,cellular,1,1,failure,0
36,admin.,married,secondary,no,787,yes,no,unknown,2,2,unknown,0
40,management,married,secondary,no,0,no,no,cellular,3,0,failure,0
36,blue-collar,divorced,secondary,no,781,yes,no,unknown,2,4,unknown,0
31,blue-collar,married,tertiary,no,343,yes,no,unknown,1,0,unknown,1
51,services,married,secondary,no,2893,yes,no,telephone,1,0,unknown,0
33,services,single,secondary,no,782,yes,no,cellular,3,0,unknown,0
52,management,single,secondary,no,342,yes,yes,cellular,2,0,failure,0
49,retired,single,unknown,no,569,no,no,cellular,2,0,unknown,0
40,management,married,secondary,no,2971,no,no,unknown,3,0,unknown,0
52,blue-collar,married,secondary,no,6053,yes,no,cellular,3,0,unknown,0
29,services,divorced,tertiary,no,566,yes,no,cellular,1,0,unknown,0
51,blue-collar,divorced,primary,no,-416,no,no,cellular,1,0,unknown,0
31,blue-collar,single,tertiary,no,437,yes,yes,cellular,1,0,other,0
32,technician,single,tertiary,no,4,yes,no,cellular,8,2,unknown,0
28,blue-collar,single,unknown,no,440,yes,no,unknown,1,0,unknown,0
35,technician,married,secondary,no,2262,yes,no,unknown,1,0,success,0
44,management,married,secondary,no,551,no,no,cellular,8,0,unknown,0
31,blue-collar,married,secondary,no,1315,no,no,unknown,2,2,unknown,0
44,management,divorced,tertiary,no,77,yes,no,unknown,2,0,unknown,0
37,retired,married,secondary,no,7780,yes,yes,unknown,3,6,unknown,0
36,entrepreneur,married,secondary,no,6969,yes,yes,unknown,1,1,failure,0
29,technician,divorced,primary,no,1665,no,no,unknown,2,0,unknown,0
36,technician,married,secondary,no,189,no,no,cellular,1,2,unknown,0
31,admin.,single,secondary,no,860,yes,yes,unknown,5,0,unknown,0
46,student,married,tertiary,no,151,no,no,cellular,1,0,unknown,1
34,blue-collar,single,secondary,no,263,yes,yes,cellular,3,0,unknown,0
34,blue-collar,divorced,tertiary,no,118,no,no,cellular,28,0,other,1
25,management,married,tertiary,yes,410,no,no,cellular,1,0,unknown,0
39,technician,single,secondary,no,437,no,yes,cellular,2,0,unknown,0
35,unemployed,divorced,primary,no,25,no,yes,cellular,1,0,unknown,1
41,student,married,secondary,yes,8669,no,no,cellular,3,1,unknown,0
49,blue-collar,single,secondary,no,456,yes,no,cellular,2,0,unknown,0
56,blue-collar,married,tertiary,no,0,yes,no,unknown,2,0,other,0
38,blue-collar,married,secondary,no,665,yes,no,cellular,6,0,unknown,0
34,admin.,married,secondary,no,106,no,no,cellular,7,0,unknown,0
49,blue-collar,married,secondary,no,3050,yes,yes,cellular,3,0,unknown,0
54,unemployed,single,secondary,no,1707,yes,yes,unknown,1,0,unknown,0
39,self-employed,married,primary,no,2411,no,no,unknown,1,1,unknown,0
34,management,married,tertiary,no,0,no,no,cellular,1,3,unknown,0
34,blue-collar,single,secondary,no,0,no,no,cellular,3,0,unknown,0
29,technician,married,tertiary,no,902,yes,yes,cellular,1,0,unknown,0
58,technician,divorced,tertiary,no,4438,yes,yes,cellular,2,0,unknown,0
48,services,divorced,secondary,no,1410,no,no,unknown,3,0,unknown,0
51,management,single,secondary,no,265,no,no,cellular,1,0,failure,0
31,services,divorced,secondary,no,-216,yes,no,cellular,1,0,unknown,0
74,entrepreneur,married,primary,no,3529,yes,no,cellular,2,0,unknown,0
44,admin.,single,primary,no,1672,no,no,cellular,2,0,unknown,0
71,housemaid,divorced,primary,no,0,yes,no,cellular,5,0,unknown,0
44,entrepreneur,married,secondary,no,-55,no,no,cellular,1,0,unknown,0
40,management,married,secondary,no,3927,yes,no,cellular,4,0,unknown,0
50,management,married,primary,no,1679,no,no,unknown,1,0,unknown,1
48,management,married,tertiary,no,202,no,no,cellular,2,0,unknown,0
37,blue-collar,married,tertiary,no,13342,no,no,cellular,2,0,unknown,0
31,admin.,married,secondary,no,864,yes,no,unknown,1,0,unknown,0
51,admin.,divorced,secondary,no,118,yes,no,unknown,1,0,unknown,0
34,blue-collar,married,tertiary,yes,25,no,yes,cellular,1,0,unknown,0
27,management,married,primary,no,0,no,no,cellular,10,0,unknown,0
32,student,married,secondary,no,0,yes,no,cellular,2,0,unknown,0
34,technician,married,secondary,no,118,no,yes,telephone,2,0,unknown,1
30,unemployed,divorced,tertiary,no,288,no,no,unknown,2,1,unknown,0
29,blue-collar,married,secondary,no,1909,yes,no,cellular,2,0,unknown,0
29,management,married,secondary,no,2,yes,no,unknown,1,0,unknown,0
29,technician,single,secondary,no,801,no,no,cellular,5,0,unknown,0
71,management,divorced,secondary,no,474,yes,no,cellular,2,11,unknown,0
37,admin.,married,primary,no,630,no,no,unknown,2,0,unknown,0
54,blue-collar,divorced,primary,no,-19,yes,no,unknown,18,8,unknown,0
41,technician,single,primary,no,1116,no,no,cellular,1,0,unknown,0
44,management,divorced,tertiary,no,65,yes,yes,cellular,1,0,unknown,0
43,services,married,unknown,no,1044,yes,no,cellular,2,1,unknown,0
49,management,married,secondary,no,1983,yes,no,unknown,1,0,unknown,1
34,services,single,tertiary,no,-1680,yes,no,cellular,4,0,unknown,0
33,technician,married,tertiary,no,846,yes,no,unknown,2,0,unknown,0
34,entrepreneur,married,unknown,no,559,yes,no,cellular,4,1,unknown,0
46,blue-collar,married,tertiary,no,1287,yes,yes,cellular,7,5,unknown,0
31,blue-collar,married,tertiary,no,1844,no,no,cellular,1,0,unknown,0
36,technician,single,tertiary,no,230,yes,no,cellular,2,5,unknown,0
34,blue-collar,married,tertiary,no,765,no,no,cellular,6,0,unknown,0
28,retired,single,tertiary,no,12,no,no,unknown,1,0,unknown,0
35,blue-collar,married,secondary,no,1696,yes,no,unknown,1,4,unknown,1
38,retired,married,secondary,no,-452,yes,no,cellular,1,0,unknown,0
33,blue-collar,married,secondary,no,0,yes,no,unknown,1,0,unknown,0
39,blue-collar,married,primary,no,75,yes,no,unknown,2,8,unknown,1
32,technician,married,unknown,no,0,no,no,cellular,1,0,unknown,0
56,blue-collar,married,primary,no,383,yes,no,unknown,1,0,unknown,0
34,technician,married,tertiary,no,10,yes,no,cellular,1,2,unknown,0
35,blue-collar,married,tertiary,no,1130,no,no,cellular,2,0,unknown,0
35,technician,divorced,secondary,no,51,yes,no,cellular,2,0,unknown,0
40,blue-collar,married,secondary,no,-113,no,no,unknown,2,0,unknown,0
23,management,married,tertiary,no,42,yes,no,unknown,2,0,unknown,0
42,student,married,tertiary,no,558,yes,no,cellular,3,3,unknown,0
60,blue-collar,single,secondary,no,0,yes,no,cellular,1,0,unknown,0
36,management,married,secondary,no,119,yes,no,cellular,1,0,unknown,0
28,self-employed,married,secondary,no,1134,no,no,cellular,1,0,unknown,1
46,entrepreneur,married,tertiary,no,0,yes,no,cellular,1,0,unknown,0
28,technician,divorced,tertiary,no,609,yes,no,cellular,6,0,failure,0
29,management,divorced,tertiary,no,1221,yes,no,cellular,4,0,other,0
37,blue-collar,married,primary,no,565,no,yes,cellular,1,0,failure,0
35,management,married,secondary,no,1328,no,no,unknown,3,0,unknown,0
48,housemaid,married,tertiary,no,2914,no,no,cellular,1,3,unknown,0
27,self-employed,divorced,primary,no,13658,yes,no,cellular,1,4,unknown,1
44,technician,divorced,secondary,no,123,no,yes,cellular,1,6,unknown,0
60,technician,single,secondary,no,2,yes,no,cellular,1,0,unknown,0
43,services,married,tertiary,no,82,no,no,cellular,6,0,unknown,0
39,management,married,primary,no,2747,no,no,cellular,4,0,unknown,0
33,technician,married,secondary,no,13683,no,yes,unknown,2,0,unknown,0
40,admin.,married,secondary,no,3638,no,no,cellular,2,0,failure,0
29,self-employed,single,secondary,no,553,yes,no,cellular,4,2,unknown,0
32,blue-collar,single,secondary,no,-535,yes,no,cellular,2,1,unknown,0
40,admin.,divorced,secondary,no,1906,no,no,cellular,4,0,success,0
37,technician,married,unknown,no,524,yes,no,cellular,12,0,unknown,0
32,student,married,secondary,no,64,no,no,unknown,1,0,unknown,1
39,management,single,primary,no,2,yes,no,unknown,2,0,unknown,0
59,blue-collar,married,primary,no,818,no,no,cellular,1,0,unknown,0
41,management,married,secondary,no,586,no,no,cellular,2,0,unknown,0
65,admin.,married,tertiary,no,-22,no,no,telephone,4,0,unknown,0
50,self-employed,married,secondary,no,23,yes,no,unknown,3,0,unknown,1
30,management,married,tertiary,no,1960,yes,no,cellular,3,0,unknown,1
30,admin.,married,secondary,no,68,no,yes,cellular,1,0,unknown,0
34,technician,married,secondary,no,0,yes,no,cellular,3,2,unknown,0
47,blue-collar,married,primary,no,383,no,no,cellular,2,0,unknown,0
55,technician,married,tertiary,no,-151,yes,no,unknown,2,3,unknown,1
32,admin.,single,tertiary,no,0,yes,no,cellular,2,0,unknown,0
30,management,married,tertiary,no,-701,no,no,cellular,4,0,unknown,0
26,student,single,secondary,no,994,yes,no,cellular,3,0,unknown,0
45,admin.,married,tertiary,no,3370,yes,no,unknown,3,2,failure,0
37,blue-collar,married,tertiary,no,2189,no,no,cellular,2,0,unknown,1
27,services,single,secondary,no,4022,yes,no,cellular,1,1,unknown,0
57,unemployed,married,tertiary,no,3935,yes,no,telephone,18,0,unknown,0
53,management,married,secondary,no,-388,no,no,cellular,2,0,unknown,0
54,unemployed,divorced,secondary,no,69,yes,no,telephone,3,0,unknown,0
25,technician,married,secondary,no,1439,yes,no,unknown,1,11,unknown,0
54,blue-collar,married,secondary,no,79,no,no,unknown,2,1,unknown,0
42,admin.,married,secondary,no,519,yes,yes,cellular,2,0,failure,0
77,technician,divorced,secondary,no,46,yes,no,cellular,2,0,unknown,0
27,management,married,tertiary,no,56,yes,no,unknown,2,0,success,0
35,admin.,married,tertiary,no,7635,yes,yes,cellular,1,0,unknown,0
38,unknown,married,tertiary,no,1844,no,no,cellular,6,0,unknown,0
42,retired,married,secondary,no,191,no,no,cellular,1,0,unknown,0
52,housemaid,married,primary,no,5310,no,no,cellular,2,0,unknown,0
38,management,single,tertiary,no,7864,yes,no,unknown,1,7,unknown,0
21,blue-collar,single,secondary,no,132,yes,no,telephone,1,0,unknown,1
35,retired,married,secondary,no,638,yes,no,cellular,1,6,unknown,0
44,unemployed,divorced,secondary,no,22,no,no,unknown,1,0,success,0
58,services,divorced,secondary,no,1022,yes,yes,cellular,1,0,unknown,0
32,retired,married,secondary,no,227,yes,no,cellular,7,0,unknown,0
34,unemployed,married,secondary,yes,369,yes,no,cellular,13,0,unknown,0
30,technician,married,tertiary,no,179,no,yes,unknown,1,0,unknown,0
41,blue-collar,single,tertiary,no,96,no,no,cellular,1,0,unknown,0
50,admin.,single,tertiary,no,1495,yes,no,cellular,4,0,unknown,0
71,management,divorced,secondary,no,7317,yes,no,unknown,1,0,unknown,0
51,management,married,secondary,no,795,no,no,cellular,2,0,unknown,0
29,self-employed,divorced,secondary,no,678,yes,yes,unknown,1,3,unknown,0
52,admin.,single,secondary,no,427,yes,yes,cellular,1,0,unknown,1
36,blue-collar,single,secondary,yes,3554,yes,yes,unknown,1,1,unknown,0
24,services,single,secondary,no,743,no,no,cellular,1,0,unknown,0
57,retired,married,unknown,no,0,yes,no,cellular,1,1,unknown,0
50,blue-collar,married,secondary,no,7082,yes,yes,unknown,7,0,unknown,0
28,blue-collar,single,tertiary,no,1026,yes,no,cellular,2,2,unknown,0
33,technician,single,secondary,no,5563,yes,yes,unknown,3,0,unknown,0
34,retired,married,secondary,no,5462,yes,no,cellular,3,0,failure,1
49,entrepreneur,single,primary,no,101,no,no,unknown,8,0,unknown,0
35,blue-collar,married,secondary,no,1367,yes,yes,unknown,1,0,failure,0
35,management,single,secondary,no,201,no,no,cellular,4,0,unknown,0
42,technician,single,tertiary,no,495,no,no,cellular,4,0,unknown,0
49,management,married,secondary,no,621,no,no,cellular,7,0,unknown,1
57,blue-collar,divorced,primary,no,689,no,no,cellular,1,2,failure,0
47,management,married,primary,no,1022,yes,yes,cellular,1,0,unknown,0
35,entrepreneur,divorced,secondary,no,0,yes,no,cellular,2,0,failure,0
49,retired,married,secondary,no,4820,yes,no,cellular,2,0,unknown,0
38,blue-collar,married,secondary,no,3576,no,no,cellular,3,1,unknown,0
27,self-employed,married,primary,no,2486,no,no,unknown,2,0,failure,0
40,management,married,secondary,no,363,yes,no,unknown,1,3,unknown,0
36,management,divorced,secondary,no,1666,no,no,cellular,3,0,unknown,0
34,blue-collar,single,tertiary,no,171,no,no,unknown,2,0,unknown,0
46,retired,married,secondary,no,1143,yes,no,cellular,2,0,failure,1
33,blue-collar,married,secondary,no,46,yes,no,cellular,1,0,unknown,0
48,services,married,tertiary,no,5320,yes,no,cellular,3,0,other,0
24,services,divorced,secondary,no,1141,yes,no,unknown,3,0,other,0
39,management,divorced,tertiary,no,1136,yes,no,telephone,8,0,unknown,0
30,technician,married,secondary,no,126,yes,no,cellular,2,1,unknown,0
63,technician,married,tertiary,no,21244,no,no,unknown,1,0,failure,0
41,unemployed,married,tertiary,no,119,yes,no,unknown,2,0,unknown,0
61,management,married,tertiary,no,-94,yes,no,cellular,1,0,unknown,0
35,blue-collar,married,secondary,no,34,yes,no,telephone,4,0,unknown,0
35,retired,single,tertiary,no,-55,yes,yes,unknown,1,0,unknown,0
55,admin.,married,secondary,no,4610,yes,no,cellular,1,0,unknown,0
29,technician,single,secondary,no,168,yes,no,cellular,2,0,unknown,0
49,self-employed,divorced,secondary,no,334,yes,no,cellular,3,2,unknown,0
26,blue-collar,divorced,secondary,no,2830,yes,no,cellular,2,0,unknown,0
51,services,married,secondary,no,4,no,no,unknown,5,0,unknown,0
58,services,married,tertiary,no,209,no,no,cellular,1,4,unknown,1
46,housemaid,married,secondary,no,411,no,no,cellular,11,0,unknown,0
58,blue-collar,married,tertiary,no,453,no,yes,cellular,1,0,unknown,0
38,student,single,tertiary,no,186,yes,no,cellular,4,2,unknown,0
25,unknown,single,secondary,no,197,no,no,cellular,1,1,unknown,1
33,blue-collar,single,tertiary,no,133,no,no,cellular,1,0,unknown,0
32,management,married,secondary,no,138,no,no,unknown,1,0,unknown,0
24,blue-collar,single,secondary,no,-280,yes,no,unknown,1,0,success,0
32,housemaid,married,secondary,no,3777,no,no,cellular,8,1,failure,0
60,blue-collar,married,tertiary,no,195,yes,no,cellular,4,6,unknown,0
34,management,married,tertiary,no,6613,no,no,unknown,1,0,unknown,0
47,admin.,married,secondary,no,1922,no,yes,telephone,1,1,unknown,0
32,blue-collar,married,tertiary,no,0,no,no,cellular,5,0,unknown,1
43,retired,married,secondary,no,126,no,no,cellular,1,0,unknown,0
44,technician,married,primary,no,-1400,yes,no,unknown,9,2,unknown,0
33,blue-collar,married,secondary,no,-478,no,no,cellular,1,0,unknown,0
51,management,married,primary,yes,315,no,no,cellular,3,2,unknown,0
50,housemaid,married,secondary,no,1564,no,no,telephone,2,0,failure,0
35,services,married,secondary,no,603,yes,no,unknown,2,0,failure,1
38,management,single,primary,no,11262,yes,no,unknown,4,0,unknown,1
35,technician,married,secondary,no,3529,no,yes,cellular,1,1,unknown,0
26,management,married,primary,no,117,yes,yes,unknown,1,0,unknown,0
59,technician,single,secondary,no,0,no,no,unknown,5,0,unknown,0
57,blue-collar,single,tertiary,no,2232,yes,no,cellular,2,0,unknown,0
41,management,married,secondary,no,759,yes,no,cellular,3,0,unknown,1
41,management,divorced,tertiary,no,130,no,no,cellular,3,0,unknown,0
43,technician,married,secondary,no,168,no,no,telephone,5,0,failure,0
47,blue-collar,single,unknown,no,230,yes,no,unknown,7,0,failure,0
51,blue-collar,divorced,tertiary,no,103,no,no,cellular,2,0,unknown,1
60,technician,divorced,secondary,no,0,no,no,unknown,1,0,unknown,0
57,management,single,tertiary,no,2993,no,no,cellular,1,0,unknown,0
52,technician,single,secondary,no,1796,yes,no,cellular,3,0,unknown,0
57,management,married,secondary,no,8494,no,no,unknown,1,1,unknown,0
38,blue-collar,single,tertiary,no,1172,yes,no,unknown,1,0,failure,0
40,student,divorced,secondary,no,360,yes,no,cellular,2,0,unknown,0
37,self-employed,married,secondary,no,368,yes,no,cellular,1,4,unknown,0
44,blue-collar,married,secondary,no,-17,no,no,cellular,1,0,unknown,0
37,blue-collar,single,secondary,no,1881,no,no,cellular,1,0,unknown,0
51,management,single,secondary,no,156,yes,no,unknown,2,0,unknown,0
51,management,single,unknown,no,64,no,no,cellular,1,0,failure,0
40,blue-collar,married,tertiary,no,229,no,no,unknown,1,0,unknown,0
41,technician,single,secondary,no,0,no,no,cellular,2,0,unknown,0
32,services,married,primary,no,2571,no,no,cellular,1,0,unknown,0
27,management,single,tertiary,no,1295,no,no,cellular,1,0,unknown,0
54,entrepreneur,married,primary,no,3676,yes,no,unknown,3,0,unknown,0
35,admin.,married,tertiary,no,-384,yes,yes,cellular,20,0,unknown,0
45,services,married,primary,no,0,yes,no,cellular,1,0,success,0
49,blue-collar,married,secondary,no,6979,yes,no,unknown,2,0,unknown,0
31,management,single,secondary,no,242,no,no,cellular,4,4,unknown,0
35,blue-collar,married,tertiary,no,35,no,no,cellular,1,7,unknown,0
33,entrepreneur,married,secondary,no,14,yes,no,unknown,3,0,unknown,0
35,blue-collar,married,secondary,no,699,yes,no,unknown,1,0,unknown,0
28,blue-collar,single,tertiary,no,-179,no,no,cellular,2,2,unknown,0
38,blue-collar,single,tertiary,no,0,yes,no,cellular,2,0,unknown,0
38,admin.,single,tertiary,no,1161,no,no,cellular,1,0,unknown,0
46,admin.,single,tertiary,no,1640,no,no,cellular,1,1,unknown,0
59,housemaid,single,tertiary,no,-399,no,yes,unknown,1,0,unknown,0
34,services,married,secondary,no,751,no,no,cellular,1,1,unknown,0
28,admin.,single,secondary,no,132,yes,no,cellular,7,0,unknown,0
44,management,married,primary,no,442,yes,no,cellular,1,0,unknown,1
46,retired,married,primary,no,795,no,no,cellular,1,0,unknown,0
45,services,married,secondary,no,38,no,no,unknown,8,0,unknown,0
52,technician,married,secondary,no,385,yes,no,cellular,4,0,unknown,0
73,entrepreneur,married,secondary,no,10786,yes,no,unknown,2,0,unknown,0
43,admin.,single,secondary,no,21,yes,no,unknown,1,0,failure,0
36,blue-collar,divorced,secondary,no,340,no,no,cellular,1,0,unknown,0
33,technician,married,primary,no,351,no,yes,cellular,1,0,unknown,0
44,technician,divorced,tertiary,no,2544,yes,yes,cellular,1,0,unknown,0
37,self-employed,married,primary,no,1564,no,no,cellular,2,1,unknown,0
39,admin.,married,secondary,no,145,yes,no,cellular,2,0,unknown,0
36,services,married,unknown,no,437,no,yes,cellular,1,0,unknown,0
35,services,married,tertiary,no,77,no,no,cellular,3,0,unknown,0
32,management,married,secondary,no,518,yes,no,cellular,1,9,unknown,0
37,entrepreneur,single,secondary,no,344,no,no,cellular,18,0,failure,0
28,blue-collar,single,secondary,no,4608,yes,no,cellular,2,0,unknown,0
35,admin.,married,primary,no,-93,yes,no,unknown,2,0,unknown,0
52,management,married,secondary,no,-253,no,no,cellular,2,0,unknown,0
27,technician,single,secondary,no,1574,yes,no,cellular,2,0,other,0
33,technician,married,secondary,no,1148,yes,no,unknown,2,0,failure,0
46,management,married,secondary,no,999,yes,no,cellular,2,0,failure,0
24,blue-collar,divorced,secondary,no,0,yes,no,unknown,2,0,unknown,0
51,management,single,secondary,no,3470,yes,no,unknown,2,2,unknown,0
35,admin.,single,primary,no,109,no,no,unknown,1,0,unknown,1
37,admin.,married,unknown,no,1343,yes,no,cellular,2,0,unknown,0
38,management,married,primary,no,1298,no,yes,cellular,2,2,unknown,1
57,services,single,secondary,no,10786,yes,no,cellular,3,0,unknown,0
47,management,single,secondary,no,-11,no,no,cellular,4,0,unknown,0
33,management,married,secondary,no,33,no,no,cellular,2,0,unknown,0
58,technician,married,tertiary,no,90,yes,no,unknown,3,0,other,0
29,student,divorced,tertiary,no,0,yes,no,cellular,1,0,unknown,0
25,admin.,married,secondary,no,574,yes,no,cellular,7,2,unknown,0
32,management,married,secondary,no,21515,yes,no,cellular,1,0,unknown,0
43,admin.,married,secondary,no,3172,yes,no,cellular,1,0,failure,0
33,technician,single,secondary,no,0,yes,no,cellular,7,0,unknown,0
49,admin.,single,unknown,no,20,no,no,cellular,1,0,unknown,0
32,admin.,married,secondary,no,2317,no,no,cellular,3,3,unknown,0
38,blue-collar,divorced,secondary,no,5,yes,no,cellular,7,0,unknown,0
49,admin.,married,secondary,no,-350,yes,no,unknown,1,0,unknown,0
34,technician,divorced,secondary,no,6880,no,yes,cellular,1,0,unknown,1
37,blue-collar,divorced,tertiary,yes,747,yes,no,cellular,1,0,failure,0
33,management,single,primary,no,101,no,no,cellular,5,0,unknown,0
39,technician,single,primary,no,109,no,no,cellular,2,0,unknown,0
55,student,divorced,secondary,no,669,yes,no,cellular,2,0,unknown,0
26,blue-collar,married,secondary,no,-253,yes,no,cellular,1,1,unknown,0
31,admin.,single,secondary,no,61,yes,no,cellular,2,4,unknown,0
42,management,single,primary,no,1177,no,no,unknown,1,0,unknown,0
43,services,single,tertiary,no,107,yes,no,cellular,1,1,unknown,0
35,services,married,secondary,no,150,yes,yes,cellular,3,0,unknown,0
35,management,married,tertiary,no,420,no,no,unknown,30,0,success,0
38,unemployed,married,tertiary,no,484,no,no,cellular,2,0,unknown,0
32,housemaid,married,secondary,no,146,no,no,cellular,3,0,unknown,1
52,management,married,secondary,no,547,no,no,cellular,6,0,unknown,0
54,services,single,tertiary,no,0,yes,no,cellular,3,2,failure,0
38,admin.,married,tertiary,no,1893,yes,no,cellular,2,0,unknown,0
49,self-employed,married,primary,no,818,no,no,cellular,1,0,other,0
48,blue-collar,single,tertiary,no,636,no,no,unknown,25,0,unknown,0
48,technician,single,tertiary,no,474,no,no,unknown,1,2,failure,0
44,admin.,married,tertiary,no,4111,no,no,cellular,1,0,unknown,0
57,services,married,tertiary,yes,1890,yes,yes,cellular,3,2,unknown,0
28,management,single,primary,no,994,no,no,unknown,1,0,unknown,0
26,student,married,tertiary,no,1331,no,yes,cellular,1,0,unknown,0
35,management,single,secondary,no,-988,no,yes,telephone,8,0,unknown,0
49,student,single,secondary,no,4130,yes,no,cellular,4,0,unknown,0
36,management,married,primary,no,120,yes,no,cellular,3,0,unknown,0
37,management,single,unknown,no,1158,yes,no,cellular,3,0,unknown,1
53,housemaid,married,secondary,no,0,no,no,unknown,28,2,unknown,1
51,technician,single,secondary,no,65,no,no,cellular,1,2,unknown,0
29,admin.,married,unknown,no,1167,no,yes,cellular,1,1,unknown,0
33,technician,divorced,secondary,no,98,no,no,cellular,1,0,unknown,0
69,admin.,married,tertiary,no,149,no,no,cellular,1,6,unknown,1
31,management,married,secondary,no,9449,no,no,cellular,2,0,unknown,0
35,technician,married,tertiary,no,1409,yes,no,telephone,6,0,unknown,0
29,blue-collar,married,secondary,no,420,yes,no,unknown,2,0,unknown,0
44,management,married,secondary,no,3676,yes,yes,unknown,2,0,unknown,0
36,blue-collar,single,tertiary,no,1983,yes,no,unknown,1,0,unknown,0
49,admin.,divorced,secondary,no,975,no,no,cellular,21,0,other,0
23,admin.,married,secondary,no,839,no,no,unknown,5,0,unknown,0
39,retired,married,primary,no,2567,no,no,unknown,1,0,unknown,0
45,technician,single,secondary,no,378,yes,no,cellular,1,0,unknown,0
30,self-employed,married,tertiary,no,13658,yes,no,cellular,7,0,failure,0
58,management,divorced,secondary,no,-35,no,no,cellular,1,0,unknown,0
30,services,married,tertiary,no,696,yes,no,unknown,1,0,unknown,0
52,technician,single,tertiary,no,691,yes,yes,cellular,3,0,unknown,0
28,technician,single,secondary,no,2059,yes,no,cellular,1,5,unknown,0
50,blue-collar,single,secondary,no,50,yes,no,cellular,2,0,unknown,0
57,technician,married,secondary,no,4610,yes,no,unknown,1,0,unknown,0
33,technician,married,secondary,no,1577,yes,yes,cellular,2,0,failure,0
45,management,married,primary,no,44,no,no,cellular,1,1,unknown,0
33,blue-collar,single,secondary,no,444,yes,no,cellular,2,0,unknown,0
42,retired,married,tertiary,no,697,no,no,cellular,1,3,unknown,1
55,retired,married,secondary,no,328,yes,no,cellular,1,0,failure,0
38,admin.,married,tertiary,no,285,yes,no,cellular,6,0,unknown,0
41,management,married,unknown,no,-294,yes,yes,unknown,11,0,unknown,0
56,technician,divorced,secondary,no,0,yes,no,cellular,2,0,unknown,0
50,services,married,tertiary,no,0,no,no,unknown,6,0,unknown,0
52,management,married,tertiary,no,665,yes,no,cellular,2,0,unknown,0
51,unemployed,married,secondary,no,3186,yes,no,cellular,1,0,unknown,0
28,technician,married,secondary,no,113,no,no,cellular,3,0,other,0
33,self-employed,married,tertiary,no,0,yes,no,cellular,1,2,failure,0
73,management,married,secondary,no,4232,no,no,cellular,1,1,unknown,0
27,self-employed,married,tertiary,no,2581,yes,no,cellular,1,5,failure,1
46,entrepreneur,married,secondary,no,275,yes,no,telephone,1,0,unknown,0
58,services,married,secondary,no,694,yes,no,unknown,2,0,unknown,0
58,entrepreneur,married,tertiary,no,493,no,no,unknown,3,0,unknown,0
39,unemployed,married,secondary,no,3057,yes,no,cellular,2,0,unknown,0
33,unemployed,married,tertiary,no,1298,yes,no,cellular,1,0,failure,0
29,entrepreneur,married,tertiary,no,343,yes,no,unknown,2,0,unknown,0
41,entrepreneur,married,tertiary,no,215,yes,no,cellular,1,0,unknown,0
41,management,divorced,secondary,no,221,no,no,cellular,2,0,unknown,0
40,technician,married,primary,no,297,no,no,cellular,2,0,failure,1
44,self-employed,married,tertiary,no,245,no,no,telephone,1,3,unknown,1
40,blue-collar,married,secondary,no,1260,yes,no,cellular,1,0,failure,0
57,blue-collar,married,tertiary,no,0,no,yes,cellular,2,0,other,1
47,blue-collar,married,secondary,no,0,yes,no,cellular,1,0,unknown,0
50,technician,divorced,tertiary,no,74,yes,yes,cellular,1,2,unknown,1
40,technician,married,secondary,no,11219,no,no,cellular,1,0,unknown,0
56,technician,married,primary,no,1007,yes,no,cellular,2,0,unknown,0
40,technician,married,secondary,no,168,yes,no,cellular,3,0,unknown,0
55,technician,married,primary,no,-94,yes,no,unknown,1,3,unknown,0
33,blue-collar,married,tertiary,no,1732,yes,no,unknown,1,0,unknown,0
28,technician,married,secondary,no,230,yes,no,unknown,5,1,unknown,0
50,blue-collar,single,secondary,no,186,yes,no,cellular,5,0,unknown,0
34,technician,married,tertiary,no,231,yes,no,unknown,20,0,unknown,0
27,management,single,primary,no,34,no,no,unknown,1,0,failure,0
34,services,single,tertiary,no,1172,yes,no,cellular,4,0,unknown,1
43,management,single,primary,no,1721,yes,no,unknown,1,0,success,1
51,technician,married,secondary,no,0,yes,no,cellular,2,0,unknown,1
50,management,single,tertiary,no,327,yes,no,telephone,2,0,unknown,0
32,blue-collar,married,secondary,no,209,no,no,unknown,1,0,unknown,1
41,technician,single,secondary,no,636,no,no,cellular,6,0,unknown,0
54,self-employed,married,secondary,no,440,no,no,cellular,1,0,unknown,0
43,admin.,married,secondary,no,789,no,no,cellular,16,0,failure,0
31,admin.,married,primary,no,344,yes,no,cellular,2,0,unknown,1
30,services,divorced,tertiary,no,625,yes,no,unknown,1,0,unknown,0
36,services,married,tertiary,no,232,yes,no,telephone,1,0,unknown,0
42,services,single,secondary,no,75,no,no,cellular,6,0,unknown,0
33,blue-collar,married,secondary,no,3872,yes,no,cellular,1,0,unknown,0
27,blue-collar,married,secondary,no,81,yes,yes,cellular,3,6,unknown,1
24,retired,married,secondary,no,4099,yes,no,cellular,3,0,other,0
24,blue-collar,married,tertiary,no,-932,yes,no,cellular,2,0,unknown,0
36,self-employed,married,secondary,no,907,yes,no,unknown,1,0,unknown,0
45,management,married,secondary,no,789,yes,no,cellular,2,0,unknown,1
25,management,married,tertiary,no,4382,yes,no,unknown,1,2,unknown,0
31,blue-collar,married,secondary,no,2749,no,no,cellular,2,0,unknown,0
27,unemployed,married,primary,no,820,yes,no,cellular,2,0,unknown,0
40,management,married,secondary,no,475,no,yes,cellular,2,0,unknown,0
44,technician,married,secondary,no,238,no,no,cellular,2,0,unknown,0
29,services,single,tertiary,no,586,yes,no,telephone,1,1,unknown,0
39,technician,divorced,tertiary,no,8139,yes,no,cellular,1,0,unknown,0
54,technician,married,tertiary,no,1477,yes,no,cellular,1,1,unknown,0
40,technician,married,secondary,no,4789,yes,yes,cellular,2,0,unknown,0
48,unknown,married,tertiary,no,398,yes,no,cellular,2,0,other,0
49,student,single,secondary,no,0,no,no,cellular,6,0,success,0
31,retired,married,tertiary,no,3354,no,no,cellular,2,0,unknown,0
55,retired,married,primary,no,372,yes,yes,telephone,2,0,success,0
45,technician,single,secondary,no,4902,no,yes,cellular,7,0,unknown,0
33,blue-collar,married,secondary,no,7929,yes,yes,cellular,1,0,failure,0
30,admin.,single,secondary,no,313,no,no,unknown,1,0,unknown,0
53,blue-collar,single,secondary,yes,35,yes,no,unknown,4,2,unknown,0
45,management,single,secondary,no,38,yes,no,unknown,3,0,unknown,0
33,management,married,secondary,no,208,no,no,unknown,3,0,unknown,0
53,services,married,secondary,no,400,yes,no,cellular,1,0,failure,0
48,blue-collar,married,tertiary,no,1111,yes,no,unknown,1,0,failure,0
63,technician,divorced,tertiary,no,8,yes,no,cellular,2,0,unknown,0
36,management,married,secondary,no,358,yes,no,cellular,1,0,unknown,0
33,blue-collar,married,primary,no,8312,yes,yes,cellular,3,0,other,0
61,unemployed,married,secondary,no,5514,no,no,cellular,2,0,unknown,0
38,management,married,tertiary,no,641,no,no,cellular,2,0,unknown,1
52,services,married,unknown,no,19,no,no,cellular,2,0,unknown,0
45,admin.,married,tertiary,no,112,yes,yes,telephone,5,0,unknown,0
34,admin.,divorced,unknown,no,109,yes,no,cellular,1,0,unknown,0
39,unemployed,married,primary,no,247,yes,yes,cellular,2,0,unknown,0
46,blue-collar,married,secondary,no,2039,yes,yes,cellular,1,1,unknown,0
58,technician,single,secondary,no,822,yes,no,cellular,1,0,unknown,0
40,services,married,secondary,no,162,yes,no,unknown,2,0,unknown,0
33,technician,single,primary,no,-522,no,yes,cellular,1,0,unknown,0
40,housemaid,single,secondary,no,0,yes,yes,cellular,1,0,unknown,0
39,student,single,tertiary,no,1317,yes,no,cellular,2,2,unknown,0
48,management,married,secondary,no,940,yes,no,unknown,8,3,failure,0
56,technician,single,secondary,no,228,no,no,telephone,2,0,failure,0
31,management,married,tertiary,no,33,yes,no,cellular,5,0,unknown,0
55,blue-collar,single,secondary,no,255,yes,no,telephone,6,0,failure,0
51,services,married,tertiary,no,2497,yes,no,cellular,4,0,unknown,0
35,student,married,secondary,no,-97,yes,no,cellular,2,0,unknown,0
54,blue-collar,married,primary,no,2325,yes,no,cellular,4,0,unknown,0
30,admin.,divorced,tertiary,no,0,yes,yes,cellular,2,0,failure,0
31,technician,single,primary,no,553,no,no,cellular,3,0,unknown,1
40,services,married,primary,no,3587,yes,no,cellular,1,0,unknown,0
47,blue-collar,single,secondary,no,36,no,no,cellular,3,0,unknown,0
58,management,married,tertiary,no,1660,yes,no,telephone,3,0,other,1
43,management,married,secondary,no,3436,no,no,unknown,1,0,unknown,0
53,admin.,single,secondary,no,133,yes,no,unknown,1,0,unknown,0
36,technician,married,secondary,yes,2380,yes,no,cellular,2,0,other,1
37,services,divorced,secondary,no,179,yes,no,cellular,2,0,unknown,0
45,management,married,primary,no,1169,no,yes,unknown,1,0,unknown,0
66,blue-collar,married,secondary,no,16063,no,no,cellular,2,0,unknown,0
38,self-employed,married,secondary,no,100,yes,no,unknown,5,0,unknown,0
19,blue-collar,divorced,secondary,no,725,yes,no,unknown,12,0,unknown,0
37,management,divorced,tertiary,no,966,no,yes,cellular,6,0,unknown,0
36,student,single,secondary,no,0,yes,yes,cellular,1,0,failure,0
27,entrepreneur,divorced,primary,no,0,no,yes,cellular,1,0,unknown,0
45,blue-collar,married,secondary,no,0,yes,no,unknown,3,4,unknown,0
43,admin.,divorced,secondary,no,131,no,no,unknown,3,4,unknown,0
37,services,married,secondary,no,0,yes,no,cellular,1,0,unknown,0
36,management,married,tertiary,no,2223,no,no,cellular,1,0,unknown,0
30,blue-collar,married,secondary,no,-10,no,no,unknown,2,0,unknown,0
45,management,married,secondary,no,99,no,no,telephone,1,0,unknown,0
57,admin.,married,secondary,no,424,yes,yes,unknown,3,0,unknown,0
31,admin.,married,secondary,no,839,no,no,cellular,6,0,unknown,0
42,management,single,secondary,no,1983,yes,no,cellular,3,0,failure,0
53,blue-collar,single,tertiary,no,1471,no,no,cellular,3,0,unknown,1
34,housemaid,divorced,primary,no,2231,yes,no,cellular,12,0,unknown,1
55,housemaid,single,tertiary,no,13,no,no,cellular,3,0,unknown,0
36,blue-collar,married,secondary,no,2096,no,yes,cellular,2,2,success,0
56,management,divorced,primary,no,712,no,no,unknown,1,1,unknown,0
27,blue-collar,divorced,secondary,no,2749,no,no,cellular,2,0,unknown,0
27,services,married,primary,no,104,no,no,cellular,6,0,unknown,0
54,technician,single,secondary,no,69,no,yes,cellular,1,0,unknown,0
45,housemaid,married,tertiary,no,22370,no,yes,cellular,6,0,unknown,0
32,management,married,unknown,no,136,no,no,cellular,3,5,unknown,0
49,retired,married,primary,no,1044,no,no,cellular,2,2,unknown,0
51,services,single,secondary,no,401,no,no,cellular,3,0,unknown,0
29,technician,married,secondary,no,143,no,yes,cellular,2,0,unknown,0
40,management,married,primary,no,0,yes,no,unknown,1,0,unknown,0
38,management,single,secondary,no,279,yes,no,cellular,2,0,unknown,0
30,blue-collar,single,secondary,no,-136,no,no,unknown,4,4,unknown,0
35,management,married,tertiary,no,32,no,no,telephone,4,0,unknown,1
63,management,single,tertiary,no,751,yes,no,unknown,5,0,unknown,0
53,technician,married,tertiary,no,3242,no,no,cellular,1,0,unknown,0
46,management,divorced,secondary,no,712,yes,yes,cellular,2,0,unknown,0
42,housemaid,married,secondary,no,428,yes,no,cellular,1,0,unknown,0
45,management,married,unknown,no,1308,no,no,unknown,1,2,unknown,0
43,management,single,unknown,no,2880,yes,no,unknown,9,12,unknown,0
54,blue-collar,married,secondary,no,2543,no,no,cellular,4,0,unknown,0
51,admin.,married,tertiary,no,94,yes,no,cellular,2,2,unknown,0
28,management,married,tertiary,no,1040,yes,no,telephone,1,0,unknown,0
32,management,single,tertiary,no,487,yes,no,unknown,1,0,failure,0
43,services,married,tertiary,no,2237,yes,no,cellular,2,2,failure,0
74,admin.,divorced,primary,no,203,no,no,telephone,1,1,other,1
27,admin.,married,unknown,no,4,yes,no,cellular,1,0,unknown,1
32,blue-collar,married,secondary,no,1883,yes,no,cellular,1,0,unknown,0
26,technician,married,secondary,no,14,yes,no,unknown,1,0,unknown,0
51,management,married,primary,no,-396,yes,yes,unknown,2,0,unknown,0
33,self-employed,married,tertiary,no,360,no,no,cellular,2,0,unknown,0
39,blue-collar,married,secondary,no,3859,yes,no,cellular,2,1,unknown,0
46,services,married,secondary,no,102,no,no,cellular,2,0,success,0
34,blue-collar,married,tertiary,no,195,yes,no,unknown,1,0,failure,0
34,blue-collar,single,secondary,no,505,no,no,cellular,3,0,unknown,0
57,management,married,tertiary,no,3021,yes,yes,telephone,2,0,unknown,0
30,retired,married,secondary,no,8556,no,yes,unknown,10,0,unknown,0
52,management,single,primary,no,94,no,no,cellular,1,1,unknown,0
40,blue-collar,married,primary,no,792,yes,no,unknown,2,0,unknown,0
33,student,divorced,primary,no,2729,yes,yes,cellular,6,1,unknown,0
34,technician,married,secondary,no,5739,no,no,unknown,2,0,other,0
36,management,married,tertiary,no,322,yes,no,unknown,2,0,unknown,0
35,admin.,married,secondary,no,88,yes,no,cellular,1,0,unknown,0
35,unknown,married,secondary,no,1506,no,no,unknown,4,0,unknown,0
33,services,married,primary,no,1169,no,no,cellular,3,1,failure,0
36,services,single,secondary,no,4659,no,yes,unknown,6,0,unknown,0
39,student,single,secondary,no,1981,no,no,telephone,3,0,unknown,0
56,management,married,tertiary,no,1808,yes,no,cellular,1,1,unknown,0
33,management,married,tertiary,no,591,yes,no,cellular,6,0,unknown,0
35,services,single,secondary,no,246,no,no,cellular,3,1,unknown,0
58,technician,married,secondary,no,372,no,yes,telephone,2,0,unknown,0
38,blue-collar,single,tertiary,yes,20,yes,no,unknown,1,0,unknown,1
37,technician,married,secondary,no,786,no,no,cellular,1,0,unknown,0
35,blue-collar,married,secondary,no,839,yes,no,cellular,1,0,unknown,1
48,admin.,married,secondary,no,1198,yes,no,cellular,2,0,failure,0
52,retired,divorced,secondary,no,7744,yes,no,unknown,2,0,unknown,0
33,admin.,single,tertiary,no,0,no,yes,cellular,1,0,unknown,0
36,management,single,secondary,no,808,yes,no,unknown,1,0,unknown,0
39,management,married,primary,no,606,no,yes,cellular,7,0,unknown,0
34,management,single,secondary,no,606,no,no,cellular,5,0,unknown,0
46,management,married,unknown,no,345,yes,no,cellular,1,0,unknown,0
29,blue-collar,single,tertiary,no,-46,yes,no,telephone,1,1,unknown,0
50,blue-collar,married,primary,no,305,yes,no,unknown,3,0,unknown,0
53,services,married,tertiary,no,5116,yes,no,telephone,1,2,unknown,0
51,services,married,secondary,no,5902,yes,no,unknown,1,0,unknown,0
34,blue-collar,married,secondary,no,73,yes,no,unknown,2,0,unknown,0
39,management,single,tertiary,no,242,no,no,cellular,2,3,unknown,0
43,services,divorced,unknown,no,389,yes,yes,unknown,1,0,unknown,0
31,services,married,secondary,no,335,yes,no,unknown,2,7,unknown,0
50,blue-collar,single,primary,no,-378,no,no,telephone,2,0,unknown,0
52,unknown,single,secondary,no,-498,no,no,telephone,2,1,failure,0
55,unknown,single,tertiary,no,2398,no,no,telephone,2,2,unknown,1
44,services,married,secondary,no,1049,no,no,unknown,5,0,unknown,0
55,technician,married,primary,no,8,yes,no,cellular,3,0,unknown,0
45,admin.,married,secondary,no,34,yes,yes,cellular,1,0,unknown,0
40,blue-collar,divorced,secondary,no,20,yes,no,cellular,1,0,unknown,0
53,management,married,primary,no,5355,yes,no,cellular,3,0,unknown,0
50,retired,married,tertiary,no,8,no,yes,cellular,3,0,success,0
25,services,married,secondary,no,-124,yes,no,cellular,1,1,unknown,0
38,services,married,secondary,no,0,yes,no,unknown,6,0,unknown,0
44,blue-collar,single,tertiary,no,-411,no,no,cellular,2,0,failure,0
32,management,married,secondary,no,2789,yes,no,cellular,1,0,unknown,0
34,blue-collar,divorced,unknown,no,314,yes,no,cellular,14,0,unknown,0
42,self-employed,single,tertiary,no,8304,no,no,cellular,2,0,unknown,0
39,entrepreneur,married,tertiary,no,745,yes,no,cellular,3,0,failure,0
34,management,divorced,tertiary,no,1367,yes,yes,cellular,1,0,unknown,1
34,technician,married,primary,no,13683,no,yes,unknown,4,0,unknown,0
49,management,single,tertiary,no,1699,yes,no,cellular,2,3,failure,0
56,admin.,married,secondary,no,259,yes,no,unknown,1,1,unknown,0
28,admin.,married,secondary,no,524,no,no,cellular,1,0,failure,0
51,technician,married,tertiary,no,687,no,no,cellular,1,0,unknown,0
34,management,single,tertiary,no,6,no,no,unknown,1,0,failure,0
26,self-employed,divorced,primary,no,171,no,no,cellular,5,0,failure,0
74,technician,single,secondary,no,1134,no,no,cellular,2,0,unknown,0
29,services,single,secondary,no,-2,no,no,cellular,1,0,unknown,0
19,admin.,single,secondary,no,5957,no,no,unknown,1,0,failure,0
50,blue-collar,married,secondary,no,3431,no,no,cellular,3,0,unknown,0
32,technician,married,secondary,no,2815,no,no,cellular,3,0,failure,0
57,blue-collar,married,tertiary,no,2144,no,yes,telephone,4,0,unknown,0
59,blue-collar,single,primary,no,57,yes,no,cellular,3,0,unknown,0
37,technician,married,secondary,no,5776,no,no,unknown,1,0,failure,0
43,retired,divorced,secondary,no,4787,no,yes,cellular,2,0,unknown,0
33,unemployed,married,tertiary,no,17555,no,no,unknown,3,0,unknown,0
35,blue-collar,single,primary,no,389,yes,no,cellular,1,0,unknown,0
30,entrepreneur,married,secondary,no,381,yes,no,cellular,25,0,unknown,0
29,technician,married,secondary,no,338,yes,no,cellular,3,0,other,0
27,entrepreneur,married,tertiary,no,913,no,no,cellular,2,0,unknown,0
31,blue-collar,married,secondary,no,772,no,no,cellular,4,2,unknown,1
49,management,married,primary,no,1121,no,no,cellular,1,0,unknown,0
33,admin.,divorced,secondary,no,42,yes,no,cellular,2,0,unknown,0
31,management,married,tertiary,no,4030,yes,no,cellular,1,0,unknown,0
35,management,single,secondary,no,2662,no,no,cellular,1,0,unknown,0
24,admin.,married,primary,no,55,no,no,cellular,2,0,failure,0
38,technician,single,secondary,no,0,no,no,cellular,5,0,unknown,0
75,technician,married,tertiary,no,-294,yes,yes,cellular,2,0,failure,0
32,management,married,secondary,no,1040,yes,yes,cellular,7,1,unknown,0
34,blue-collar,married,secondary,no,6,no,no,cellular,1,0,failure,1
50,student,married,tertiary,no,0,no,no,cellular,1,1,failure,0
52,services,married,secondary,no,306,yes,no,unknown,2,0,unknown,0
33,management,married,secondary,yes,872,no,no,telephone,2,0,unknown,0
31,technician,married,tertiary,no,230,yes,no,cellular,1,0,other,0
30,technician,married,tertiary,no,7289,yes,no,cellular,3,0,unknown,0
38,housemaid,married,secondary,no,0,no,no,unknown,1,4,failure,1
29,technician,single,tertiary,no,476,yes,no,unknown,2,2,unknown,0
37,technician,single,secondary,no,83,no,yes,unknown,1,0,unknown,0
25,services,single,secondary,no,0,yes,no,unknown,1,0,unknown,0
45,management,married,tertiary,no,3102,yes,yes,cellular,1,0,unknown,0
32,services,single,tertiary,no,-97,yes,no,unknown,3,1,failure,0
29,technician,married,tertiary,no,176,yes,yes,cellular,3,0,failure,0
46,retired,married,tertiary,no,133,no,no,unknown,1,0,unknown,0
33,management,married,secondary,no,1355,no,no,cellular,2,0,unknown,0
31,management,single,tertiary,no,1134,yes,no,cellular,1,0,unknown,0
34,blue-collar,married,primary,no,94,no,no,unknown,1,0,success,0
33,admin.,married,secondary,no,431,no,no,unknown,2,0,unknown,0
32,entrepreneur,married,tertiary,no,319,yes,no,cellular,6,0,failure,0
49,management,divorced,secondary,no,-29,yes,no,cellular,1,3,unknown,0
40,admin.,married,tertiary,no,41,yes,no,cellular,2,0,unknown,0
35,management,married,tertiary,no,14,no,no,cellular,1,1,unknown,0
57,technician,married,secondary,no,39,no,no,cellular,2,0,unknown,0
35,technician,single,secondary,no,1091,yes,yes,unknown,1,0,unknown,0
30,services,married,secondary,no,603,no,yes,unknown,3,0,other,0
41,management,married,tertiary,no,0,no,no,unknown,2,0,unknown,0
30,admin.,married,secondary,no,37,no,yes,cellular,2,0,other,0
27,entrepreneur,single,secondary,no,14220,yes,no,cellular,2,0,unknown,0
42,blue-collar,married,secondary,no,0,no,no,unknown,22,0,unknown,0
59,admin.,divorced,tertiary,no,1831,no,no,cellular,4,4,unknown,0
50,retired,single,primary,no,2644,yes,yes,cellular,2,0,unknown,0
49,technician,divorced,secondary,no,249,no,no,cellular,1,0,unknown,0
36,entrepreneur,married,tertiary,no,2370,yes,no,cellular,2,0,unknown,0
83,management,married,tertiary,no,724,yes,no,unknown,1,2,unknown,0
27,management,single,tertiary,no,267,no,yes,unknown,1,0,unknown,0
47,technician,married,secondary,no,1161,no,no,cellular,1,0,other,0
83,admin.,married,tertiary,no,75,no,no,cellular,8,0,unknown,1
55,housemaid,single,tertiary,no,2597,no,no,cellular,6,0,other,1
87,technician,married,tertiary,no,2465,yes,yes,unknown,1,0,unknown,0
53,management,married,secondary,no,254,yes,no,cellular,1,0,unknown,0
30,admin.,divorced,secondary,no,0,no,no,unknown,2,10,failure,0
58,blue-collar,married,primary,no,340,no,no,cellular,2,0,unknown,0
31,technician,single,tertiary,no,2749,yes,no,cellular,2,0,unknown,0
41,management,single,secondary,yes,179,yes,no,unknown,1,0,unknown,0
49,admin.,single,secondary,no,476,no,no,cellular,1,0,unknown,0
37,technician,married,secondary,no,1388,yes,no,cellular,2,0,unknown,0
35,entrepreneur,married,primary,no,447,no,no,cellular,1,0,unknown,0
39,technician,married,secondary,no,2380,yes,yes,cellular,1,0,failure,0
34,student,married,tertiary,no,497,no,no,cellular,3,0,other,0
45,housemaid,single,secondary,no,5776,yes,no,unknown,1,0,unknown,0
48,blue-collar,single,unknown,no,98,yes,no,cellular,2,0,unknown,0
39,management,married,primary,no,1136,yes,no,cellular,4,0,failure,0
50,entrepreneur,married,tertiary,no,6095,no,no,cellular,2,0,unknown,0
32,technician,married,secondary,no,314,yes,yes,telephone,2,0,unknown,0
55,management,married,secondary,no,1372,no,no,cellular,1,0,unknown,0
32,blue-collar,married,secondary,no,3228,yes,no,unknown,3,0,unknown,0
39,services,single,secondary,no,-710,yes,no,cellular,2,0,unknown,0
56,management,single,secondary,no,-154,yes,no,unknown,1,0,unknown,0
58,management,single,primary,no,1269,no,no,unknown,31,0,unknown,0
72,management,married,secondary,no,4012,no,no,cellular,4,0,unknown,0
53,technician,married,secondary,no,641,yes,no,unknown,4,0,failure,0
34,self-employed,married,primary,no,1905,yes,no,unknown,1,4,unknown,0
56,unemployed,single,secondary,no,61,no,no,cellular,1,0,unknown,1
35,services,single,secondary,no,366,yes,no,cellular,1,0,unknown,0
51,retired,single,secondary,no,0,no,no,cellular,5,0,failure,0
66,technician,married,tertiary,no,625,yes,no,unknown,4,0,unknown,1
38,admin.,married,secondary,no,221,no,no,cellular,1,0,failure,1
47,student,divorced,primary,no,5739,yes,no,cellular,1,0,unknown,0
41,entrepreneur,divorced,tertiary,no,90,no,no,unknown,6,0,unknown,0
29,management,divorced,tertiary,no,877,yes,no,cellular,6,1,other,1
29,blue-collar,married,secondary,no,115,no,no,unknown,2,8,unknown,0
59,admin.,single,tertiary,no,424,no,no,cellular,2,0,unknown,0
36,blue-collar,married,tertiary,no,209,no,no,cellular,1,0,unknown,0
40,unemployed,married,tertiary,no,640,yes,no,cellular,1,1,unknown,1
36,management,married,secondary,no,71188,no,no,cellular,1,0,unknown,0
31,housemaid,single,secondary,no,725,no,no,cellular,8,0,unknown,1
55,blue-collar,divorced,secondary,no,517,yes,no,unknown,2,0,unknown,0
26,student,married,primary,no,87,yes,yes,unknown,2,3,unknown,1
23,admin.,divorced,primary,no,665,no,no,cellular,4,0,unknown,0
29,management,married,secondary,no,93,yes,no,telephone,10,0,unknown,0
38,unemployed,married,primary,no,-17,yes,no,telephone,24,0,unknown,0
42,entrepreneur,single,secondary,no,264,yes,no,unknown,4,0,success,0
48,management,married,tertiary,no,60,yes,no,cellular,1,0,unknown,1
43,services,married,primary,no,0,yes,no,cellular,2,0,unknown,0
39,self-employed,married,tertiary,no,752,no,yes,unknown,5,0,unknown,0
47,management,married,tertiary,no,4659,no,yes,cellular,4,0,unknown,0
33,services,single,secondary,no,0,no,no,unknown,2,0,unknown,0
55,admin.,single,secondary,yes,8515,yes,no,cellular,2,1,failure,0
34,blue-collar,married,secondary,no,0,no,no,cellular,3,1,failure,0
35,management,single,tertiary,no,846,yes,no,cellular,1,0,unknown,0
51,housemaid,married,primary,no,163,yes,no,unknown,4,0,unknown,0
30,blue-collar,married,unknown,no,0,yes,no,cellular,3,0,unknown,0
28,admin.,single,tertiary,no,271,no,no,unknown,2,4,unknown,0
49,blue-collar,married,unknown,no,35,yes,yes,cellular,1,0,unknown,0
50,blue-collar,married,secondary,no,15,yes,no,telephone,6,0,unknown,0
51,management,married,secondary,no,2880,yes,no,cellular,5,0,other,0
65,blue-collar,married,secondary,no,602,yes,no,cellular,3,0,unknown,0
40,services,single,primary,no,64,yes,no,cellular,1,0,other,0
34,management,married,secondary,no,1309,no,no,unknown,1,0,unknown,0
37,blue-collar,married,tertiary,no,2806,yes,no,cellular,6,0,unknown,0
33,management,single,secondary,no,98,yes,no,cellular,1,0,unknown,1
26,blue-collar,single,primary,no,1235,no,no,cellular,1,0,unknown,0
47,blue-collar,married,primary,no,317,yes,yes,cellular,1,0,unknown,0
31,services,married,tertiary,no,1983,yes,yes,cellular,7,0,unknown,0
30,management,married,secondary,no,296,yes,no,cellular,5,1,other,0
42,retired,married,tertiary,no,2974,yes,no,cellular,3,2,unknown,0
50,technician,single,secondary,no,-119,yes,no,unknown,1,0,other,0
54,self-employed,single,tertiary,no,388,yes,no,cellular,1,0,unknown,1
42,housemaid,married,tertiary,no,0,yes,no,cellular,2,0,unknown,1
55,services,married,tertiary,no,-375,yes,no,unknown,1,0,unknown,0
48,admin.,married,secondary,no,0,no,yes,cellular,1,0,unknown,0
28,management,divorced,tertiary,no,1148,yes,no,cellular,2,0,unknown,1
38,management,married,secondary,no,16992,yes,no,unknown,2,0,unknown,0
31,management,married,secondary,no,9,yes,no,unknown,7,0,unknown,0
40,management,single,secondary,no,0,yes,no,unknown,1,0,other,0
51,admin.,married,secondary,no,1729,yes,no,unknown,1,0,unknown,0
32,entrepreneur,married,tertiary,no,0,no,no,cellular,3,0,unknown,0
40,entrepreneur,married,secondary,no,199,yes,no,cellular,4,0,unknown,0
32,blue-collar,divorced,secondary,no,0,yes,no,cellular,2,0,success,0
31,blue-collar,married,primary,no,0,yes,no,cellular,16,0,unknown,0
32,admin.,married,secondary,no,60,yes,no,unknown,3,0,unknown,0
25,management,divorced,tertiary,no,435,no,no,cellular,3,0,unknown,1
39,services,single,secondary,no,237,yes,no,cellular,4,0,unknown,0
80,services,married,secondary,no,4143,yes,no,cellular,3,0,failure,0
27,admin.,single,tertiary,no,345,no,no,cellular,1,0,failure,0
29,technician,married,secondary,no,691,no,no,cellular,1,0,unknown,0
33,management,married,primary,no,3333,no,yes,unknown,1,0,unknown,1
42,admin.,married,secondary,no,1343,yes,yes,cellular,2,3,unknown,0
35,blue-collar,married,tertiary,no,79,no,yes,unknown,1,0,failure,0
38,self-employed,single,secondary,no,317,yes,no,unknown,1,0,unknown,0
57,services,married,secondary,no,1242,yes,no,cellular,1,0,unknown,0
36,management,married,secondary,no,748,no,no,cellular,2,0,unknown,0
46,technician,married,secondary,no,11262,yes,yes,cellular,7,0,failure,0
27,admin.,married,primary,no,999,yes,no,cellular,1,0,unknown,0
33,unemployed,married,tertiary,no,14412,no,no,unknown,10,0,unknown,0
26,blue-collar,divorced,secondary,no,130,no,no,unknown,1,0,unknown,1
41,blue-collar,married,secondary,no,479,yes,no,cellular,13,0,unknown,0
39,admin.,married,secondary,no,828,yes,no,unknown,3,0,success,0
41,technician,married,tertiary,no,1334,no,no,cellular,1,2,success,0
48,management,married,primary,no,-56,no,no,unknown,2,0,unknown,1
57,technician,single,secondary,no,1064,no,no,cellular,4,0,unknown,0
35,unemployed,married,secondary,no,7635,no,no,cellular,3,0,unknown,0
48,management,married,primary,no,121,yes,no,unknown,1,0,unknown,0
59,management,divorced,tertiary,no,225,yes,no,cellular,1,0,unknown,0
32,technician,married,secondary,no,136,yes,no,cellular,3,0,unknown,0
41,technician,single,primary,no,-120,no,no,unknown,2,0,unknown,0
55,blue-collar,married,unknown,no,361,yes,yes,cellular,3,0,unknown,0
28,blue-collar,divorced,secondary,no,0,yes,no,unknown,4,0,unknown,0
26,blue-collar,married,secondary,no,-938,yes,no,unknown,2,4,unknown,0
32,admin.,married,primary,no,3809,yes,no,unknown,2,0,unknown,1
38,technician,divorced,primary,no,518,yes,no,unknown,3,0,unknown,0
46,management,married,secondary,no,1164,no,no,unknown,4,0,other,0
32,technician,married,secondary,no,-118,yes,no,cellular,2,0,unknown,0
49,management,single,primary,no,1959,yes,no,cellular,5,0,failure,0
37,blue-collar,married,tertiary,no,6307,yes,no,unknown,2,0,unknown,1
36,housemaid,married,secondary,no,1906,no,no,unknown,7,0,unknown,0
36,technician,divorced,secondary,no,459,no,no,cellular,3,0,other,1
47,management,married,tertiary,no,1831,no,no,cellular,1,0,unknown,0
44,management,married,primary,no,7864,yes,no,telephone,1,0,unknown,0
60,admin.,single,secondary,no,228,yes,yes,cellular,1,0,unknown,0
44,management,married,secondary,no,0,yes,no,cellular,1,0,unknown,0
58,admin.,single,secondary,no,177,yes,no,cellular,1,0,unknown,0
32,management,single,tertiary,no,1464,no,no,unknown,2,2,unknown,0
28,admin.,married,primary,no,250,no,no,cellular,4,0,unknown,0
31,admin.,married,secondary,no,1897,no,no,cellular,5,3,unknown,0
35,admin.,married,secondary,no,0,no,no,cellular,3,0,unknown,0
43,retired,married,tertiary,no,32,no,no,cellular,5,0,failure,0
37,management,single,unknown,no,2914,yes,no,unknown,3,0,unknown,0
48,management,married,tertiary,no,12569,yes,no,cellular,2,0,unknown,0
27,management,divorced,primary,no,920,no,no,telephone,2,0,unknown,0
51,management,single,secondary,no,242,no,no,cellular,1,0,unknown,0
44,management,married,tertiary,no,11219,no,no,cellular,2,0,unknown,0
54,technician,married,tertiary,no,648,yes,no,telephone,1,0,unknown,1
35,blue-collar,single,tertiary,no,271,yes,no,unknown,1,1,failure,0
22,blue-collar,married,primary,no,1128,no,yes,cellular,3,2,unknown,1
28,admin.,single,primary,no,118,no,no,cellular,1,0,unknown,0
55,admin.,married,primary,no,4958,no,no,unknown,4,0,unknown,0
39,services,single,secondary,no,764,yes,no,cellular,3,0,unknown,0
29,management,married,tertiary,no,472,yes,no,unknown,6,0,unknown,0
29,technician,married,secondary,no,620,yes,yes,unknown,6,0,unknown,1
29,management,married,tertiary,no,454,yes,no,cellular,1,0,unknown,0
36,management,married,secondary,no,14363,yes,no,unknown,1,6,success,0
40,blue-collar,single,tertiary,no,602,no,no,cellular,1,0,unknown,0
47,services,divorced,tertiary,no,103,no,no,unknown,2,0,other,0
41,unemployed,married,secondary,no,218,yes,no,unknown,1,0,unknown,0
31,technician,single,tertiary,no,62,no,no,unknown,10,2,unknown,0
43,technician,married,tertiary,no,257,yes,no,cellular,3,0,unknown,1
46,blue-collar,married,secondary,no,466,no,no,cellular,1,0,unknown,0
46,technician,single,secondary,no,759,yes,no,unknown,1,0,unknown,0
47,admin.,married,secondary,no,8,no,yes,unknown,7,0,unknown,0
36,management,divorced,tertiary,no,43,no,no,unknown,1,2,failure,0
31,admin.,divorced,secondary,no,0,no,no,cellular,1,0,unknown,0
35,blue-collar,married,primary,no,386,no,no,unknown,2,0,unknown,0
47,blue-collar,married,tertiary,no,4824,no,no,unknown,2,0,unknown,0
32,admin.,single,secondary,no,440,no,yes,cellular,1,0,unknown,0
29,management,married,secondary,no,133,no,no,cellular,1,0,unknown,0
37,management,single,secondary,no,2815,yes,no,cellular,3,0,unknown,0
40,management,married,tertiary,no,306,yes,no,cellular,6,0,unknown,0
40,technician,married,tertiary,no,386,no,no,cellular,4,0,unknown,1
41,services,married,primary,no,0,no,no,cellular,8,1,unknown,0
32,blue-collar,single,secondary,no,2729,yes,no,cellular,6,0,unknown,0
51,management,single,tertiary,no,-2,yes,no,unknown,9,0,unknown,0
38,management,married,primary,no,1673,yes,no,unknown,2,0,other,0
49,self-employed,married,tertiary,no,844,yes,no,unknown,1,0,other,0
31,management,divorced,secondary,no,249,no,no,unknown,2,0,unknown,0
43,admin.,single,secondary,no,1139,yes,no,unknown,2,4,unknown,0
47,entrepreneur,married,secondary,no,-587,yes,no,cellular,3,0,success,0
46,management,single,primary,no,498,yes,yes,cellular,4,1,failure,0
36,management,single,secondary,no,401,yes,no,cellular,1,0,unknown,0
33,services,single,secondary,no,1295,no,no,cellular,2,0,success,0
40,technician,married,secondary,no,201,yes,no,unknown,7,1,unknown,0
54,unemployed,married,tertiary,no,99,no,no,cellular,3,0,unknown,0
28,admin.,married,tertiary,no,12,no,no,cellular,1,0,unknown,0
46,services,single,tertiary,no,17,yes,no,telephone,1,0,unknown,0
29,unknown,married,tertiary,no,0,yes,no,telephone,1,0,unknown,0
34,admin.,married,tertiary,no,428,yes,no,unknown,2,0,unknown,0
55,management,married,primary,no,1587,yes,no,cellular,2,2,unknown,0
36,blue-collar,married,primary,no,-966,yes,no,unknown,1,1,unknown,0
31,services,married,secondary,no,969,yes,no,cellular,2,3,unknown,0
27,services,married,primary,no,310,no,no,cellular,2,0,unknown,0
37,technician,single,unknown,no,589,yes,no,cellular,3,0,unknown,0
52,blue-collar,divorced,tertiary,no,1310,yes,no,cellular,1,0,unknown,0
38,self-employed,married,secondary,no,724,no,no,unknown,1,0,failure,0
55,technician,married,secondary,no,-427,no,no,unknown,2,0,unknown,0
27,blue-collar,single,primary,no,871,no,no,cellular,4,0,unknown,0
33,management,divorced,primary,no,94,yes,no,cellular,1,1,unknown,0
57,management,married,secondary,no,71,yes,no,cellular,2,0,unknown,0
46,admin.,married,primary,no,-465,no,no,unknown,1,2,unknown,0
38,admin.,married,secondary,no,147,no,yes,cellular,5,0,unknown,0
32,management,single,secondary,no,1041,yes,no,cellular,7,0,unknown,0
36,technician,single,secondary,no,60,yes,no,cellular,1,0,unknown,0
44,self-employed,married,tertiary,no,57,yes,no,cellular,1,0,unknown,1
37,services,single,tertiary,no,710,yes,no,cellular,1,0,unknown,0
24,blue-collar,divorced,secondary,no,290,yes,no,unknown,1,0,failure,0
31,blue-collar,single,tertiary,no,231,no,no,unknown,4,0,unknown,0
41,management,married,secondary,no,249,yes,no,telephone,2,4,unknown,0
31,admin.,married,tertiary,no,427,yes,no,unknown,1,0,unknown,0
45,services,single,tertiary,no,9374,no,no,cellular,2,0,unknown,0
32,technician,married,primary,no,487,no,no,cellular,1,0,unknown,0
38,admin.,divorced,secondary,no,1148,no,no,cellular,1,0,unknown,0
51,entrepreneur,single,secondary,no,932,yes,no,cellular,1,0,unknown,0
32,blue-collar,married,tertiary,no,2023,yes,no,cellular,8,0,unknown,0
46,management,divorced,tertiary,no,4438,no,yes,cellular,3,0,unknown,0
49,technician,married,secondary,no,53,yes,no,unknown,5,1,unknown,0
46,blue-collar,single,primary,no,732,no,no,cellular,3,0,unknown,0
25,services,married,secondary,no,298,yes,no,unknown,2,0,unknown,0
52,management,married,secondary,no,3663,yes,no,unknown,1,0,unknown,0
29,unknown,married,unknown,no,551,yes,yes,cellular,2,2,unknown,0
40,retired,married,secondary,no,-679,no,no,unknown,1,0,unknown,1
49,services,married,primary,no,4664,yes,no,unknown,2,1,unknown,0
31,blue-collar,single,secondary,yes,3726,no,no,cellular,2,0,unknown,1
37,unemployed,married,tertiary,no,0,yes,no,unknown,2,0,unknown,0
40,management,single,tertiary,no,10888,yes,no,unknown,2,0,unknown,0
27,management,married,secondary,no,99,no,no,unknown,2,0,other,0
51,unemployed,married,secondary,no,310,yes,no,cellular,1,0,unknown,1
39,unemployed,single,primary,no,-452,yes,no,cellular,1,0,unknown,0
40,technician,single,tertiary,no,990,yes,yes,cellular,1,0,unknown,1
47,retired,married,tertiary,no,9,yes,no,cellular,2,0,other,1
47,technician,married,secondary,yes,-824,yes,no,cellular,1,0,unknown,0
43,management,married,tertiary,no,64,yes,no,cellular,2,2,unknown,1
45,blue-collar,married,primary,no,1116,no,yes,telephone,1,0,unknown,0
41,blue-collar,divorced,tertiary,no,976,no,no,cellular,1,0,unknown,0
34,unemployed,married,secondary,no,562,yes,no,cellular,2,0,unknown,0
40,technician,married,tertiary,no,359,yes,no,unknown,1,0,unknown,0
41,management,married,primary,no,124,no,no,cellular,8,0,unknown,0
31,technician,married,secondary,no,0,yes,no,unknown,1,0,other,0
29,management,married,secondary,no,8004,no,no,cellular,2,0,unknown,0
57,admin.,single,primary,no,4758,no,no,cellular,5,0,unknown,0
54,blue-collar,married,secondary,no,185,yes,no,unknown,3,0,unknown,0
53,management,married,tertiary,no,7845,yes,no,telephone,1,0,unknown,0
46,technician,married,tertiary,no,959,no,no,cellular,1,0,unknown,0
35,management,single,primary,no,88,yes,no,unknown,2,0,unknown,0
36,blue-collar,divorced,secondary,no,1279,yes,no,cellular,15,5,failure,0
56,blue-collar,married,tertiary,no,259,yes,no,cellular,2,0,unknown,0
47,blue-collar,married,primary,no,3357,yes,no,cellular,2,1,unknown,0
33,unemployed,married,tertiary,no,230,no,no,cellular,3,0,unknown,0
32,management,single,secondary,no,44,no,no,cellular,1,1,unknown,0
43,services,married,unknown,no,1504,no,no,unknown,2,0,unknown,0
35,blue-collar,divorced,tertiary,no,440,no,no,unknown,2,0,unknown,0
36,technician,married,tertiary,no,-6,yes,no,cellular,1,4,unknown,0
55,self-employed,single,primary,no,2685,no,no,cellular,6,0,failure,0
58,entrepreneur,married,tertiary,no,789,yes,no,cellular,2,0,unknown,0
74,unknown,married,secondary,no,2569,yes,no,cellular,1,0,unknown,0
32,services,married,secondary,no,0,yes,no,cellular,1,0,unknown,0
42,services,married,secondary,no,759,yes,no,cellular,1,2,unknown,0
35,services,married,primary,no,739,yes,no,unknown,4,0,unknown,0
59,management,married,tertiary,no,108,yes,no,cellular,1,2,unknown,0
38,retired,married,secondary,no,2590,yes,no,cellular,7,0,unknown,0
37,unemployed,married,tertiary,no,43,no,no,cellular,1,0,unknown,0
53,services,married,secondary,no,446,yes,no,telephone,2,0,unknown,1
32,management,married,tertiary,no,2039,yes,no,cellular,1,1,unknown,1
57,blue-collar,single,tertiary,no,532,no,no,cellular,3,0,success,0
37,blue-collar,divorced,secondary,no,-6,no,no,cellular,2,0,unknown,0
44,services,married,secondary,no,122,no,no,unknown,1,1,unknown,1
56,self-employed,married,secondary,no,1160,yes,yes,cellular,1,0,unknown,0
43,technician,married,secondary,no,145,yes,no,cellular,2,0,failure,0
70,blue-collar,married,tertiary,no,1494,yes,no,unknown,5,0,unknown,1
55,blue-collar,married,secondary,no,1699,yes,no,cellular,2,0,unknown,0
37,management,married,secondary,no,0,no,no,cellular,2,0,failure,0
35,blue-collar,married,tertiary,no,16,yes,no,unknown,1,0,unknown,1
55,technician,married,unknown,no,768,no,no,unknown,2,0,unknown,1
58,blue-collar,single,secondary,no,5366,yes,no,cellular,1,0,unknown,0
28,technician,married,primary,no,2993,yes,no,cellular,3,0,unknown,0
38,retired,married,primary,no,6836,yes,no,cellular,2,0,unknown,0
30,unknown,married,secondary,no,3071,yes,no,unknown,1,0,unknown,0
30,unknown,married,tertiary,no,162,yes,yes,unknown,2,0,unknown,0
77,services,married,secondary,no,1159,no,yes,unknown,1,0,unknown,0
38,management,married,primary,no,3,yes,no,telephone,2,0,unknown,0
53,services,married,secondary,no,186,yes,yes,cellular,3,0,unknown,0
37,technician,single,secondary,no,3412,yes,no,unknown,4,0,unknown,1
24,technician,married,secondary,no,4335,yes,no,unknown,1,0,failure,0
32,management,divorced,secondary,no,1287,yes,no,unknown,1,0,unknown,0
34,retired,single,tertiary,no,-388,yes,no,unknown,4,0,success,0
34,blue-collar,single,tertiary,no,-308,yes,no,unknown,1,0,unknown,0
34,technician,married,tertiary,no,2662,yes,yes,cellular,1,0,unknown,1
33,admin.,married,tertiary,no,724,yes,no,telephone,14,0,failure,0
36,management,single,secondary,no,1066,no,no,cellular,1,0,failure,0
36,admin.,married,unknown,no,499,no,no,cellular,2,0,failure,0
55,blue-collar,divorced,primary,no,195,no,no,cellular,8,4,unknown,0
33,admin.,married,secondary,yes,18347,yes,no,unknown,2,2,unknown,1
51,admin.,married,secondary,no,1612,yes,no,cellular,1,0,failure,0
47,housemaid,married,tertiary,no,4256,yes,no,cellular,5,0,unknown,0
30,blue-collar,divorced,secondary,no,259,no,no,cellular,1,0,unknown,0
43,admin.,single,secondary,no,0,yes,no,unknown,1,0,unknown,0
28,retired,divorced,tertiary,no,16992,no,no,unknown,1,1,unknown,0
24,management,married,tertiary,no,4789,no,no,cellular,2,0,unknown,0
59,blue-collar,married,secondary,no,584,yes,no,cellular,3,0,unknown,0
39,management,single,secondary,no,0,yes,no,cellular,2,0,unknown,0
57,housemaid,married,secondary,no,816,no,no,cellular,1,0,unknown,0
40,blue-collar,married,tertiary,no,0,yes,no,unknown,2,0,failure,0
46,management,single,tertiary,no,156,no,yes,cellular,28,0,unknown,1
32,retired,single,tertiary,no,0,no,no,unknown,1,0,unknown,0
53,retired,married,tertiary,no,261,no,no,unknown,7,0,unknown,1
33,unknown,married,secondary,no,10787,yes,no,cellular,4,0,unknown,0
39,blue-collar,single,secondary,no,8494,yes,no,unknown,6,1,unknown,0
40,blue-collar,married,tertiary,no,648,no,no,cellular,7,0,unknown,0
36,student,single,secondary,no,4111,yes,no,telephone,2,0,unknown,0
37,technician,married,secondary,no,405,yes,no,cellular,3,0,unknown,0
38,management,single,secondary,no,362,yes,no,telephone,4,0,unknown,0
30,management,married,primary,no,839,yes,no,cellular,2,1,unknown,0
45,blue-collar,married,secondary,no,7,yes,no,unknown,1,0,unknown,0
32,technician,married,secondary,no,1012,no,no,unknown,1,0,unknown,0
34,housemaid,single,secondary,no,25,no,no,cellular,2,0,success,0
32,management,single,tertiary,no,492,yes,no,cellular,1,0,unknown,0
36,admin.,married,secondary,no,1052,no,no,cellular,3,4,unknown,0
39,retired,married,primary,no,426,yes,no,unknown,1,0,unknown,0
56,blue-collar,divorced,tertiary,no,8131,yes,no,cellular,3,0,failure,0
35,technician,married,secondary,no,295,no,no,cellular,1,0,unknown,0
33,admin.,divorced,secondary,no,-19,yes,no,cellular,4,0,unknown,1
38,management,single,secondary,no,4229,no,no,cellular,3,0,unknown,0
28,admin.,single,secondary,no,71,no,no,cellular,2,0,unknown,0
28,blue-collar,married,secondary,no,246,yes,yes,unknown,1,0,unknown,0
29,blue-collar,married,tertiary,yes,446,no,no,cellular,2,0,failure,0
58,technician,married,secondary,no,4425,yes,yes,cellular,1,0,other,0
54,management,divorced,secondary,no,1810,no,no,cellular,4,0,unknown,0
36,blue-collar,single,primary,no,136,yes,no,unknown,2,0,unknown,0
35,technician,single,secondary,no,480,no,no,cellular,1,0,unknown,0
77,entrepreneur,single,secondary,no,0,no,no,cellular,1,0,unknown,0
54,blue-collar,married,secondary,no,8556,yes,no,telephone,1,0,failure,0
42,entrepreneur,married,secondary,no,96,no,no,unknown,1,0,unknown,0
40,services,married,secondary,no,23,yes,no,unknown,1,0,unknown,0
36,management,married,tertiary,no,801,yes,no,cellular,2,0,failure,0
44,entrepreneur,married,secondary,no,261,no,yes,cellular,1,0,unknown,0
38,services,divorced,primary,no,58,no,no,cellular,2,2,unknown,0
31,unknown,married,unknown,no,239,yes,no,cellular,2,0,unknown,0
46,retired,married,secondary,no,1929,no,yes,cellular,1,0,success,0
40,blue-collar,single,unknown,no,473,yes,yes,cellular,3,0,unknown,0
52,blue-collar,single,tertiary,no,432,yes,yes,cellular,2,0,unknown,1
31,technician,married,secondary,no,1445,no,no,cellular,3,0,unknown,0
29,entrepreneur,married,tertiary,no,292,yes,no,cellular,2,0,unknown,0
39,technician,married,primary,no,2880,no,yes,cellular,2,0,unknown,0
35,technician,married,secondary,no,5803,yes,no,unknown,1,3,failure,0
31,entrepreneur,married,tertiary,no,467,yes,no,cellular,4,0,unknown,0
31,services,single,secondary,no,1337,yes,no,unknown,2,0,failure,0
30,management,married,secondary,no,5,no,no,cellular,1,0,unknown,0
38,admin.,married,primary,no,591,yes,no,cellular,8,0,unknown,0
42,entrepreneur,married,secondary,no,143,no,no,cellular,1,0,unknown,0
32,entrepreneur,married,unknown,no,105,yes,no,unknown,2,0,unknown,0
32,blue-collar,married,tertiary,no,12437,no,no,cellular,3,2,failure,1
54,self-employed,single,primary,no,100,no,no,unknown,3,0,unknown,0
40,blue-collar,married,secondary,no,189,no,yes,cellular,1,0,unknown,0
26,technician,married,tertiary,no,235,yes,no,cellular,1,0,unknown,0
41,entrepreneur,single,primary,no,778,no,no,cellular,1,1,other,0
37,management,divorced,tertiary,no,361,no,no,cellular,1,0,unknown,0
37,blue-collar,married,secondary,no,0,no,no,cellular,1,0,unknown,0
31,management,married,secondary,no,1199,no,yes,unknown,4,0,unknown,0
40,management,divorced,secondary,no,483,no,no,cellular,3,0,unknown,0
39,blue-collar,married,tertiary,no,65,yes,no,cellular,6,0,unknown,0
28,management,married,primary,no,-551,yes,no,cellular,1,0,unknown,0
37,management,single,primary,no,238,no,no,cellular,5,0,unknown,0
42,retired,married,secondary,no,-852,yes,no,cellular,1,0,unknown,0
33,technician,married,tertiary,no,8131,yes,no,cellular,5,0,failure,0
34,admin.,married,primary,no,249,yes,no,unknown,1,0,failure,0
34,blue-collar,single,tertiary,no,556,yes,no,cellular,2,0,failure,0
31,admin.,married,secondary,no,889,yes,no,cellular,6,0,unknown,0
27,services,married,secondary,no,3873,no,no,unknown,6,0,failure,0
47,entrepreneur,married,primary,no,351,yes,no,unknown,4,1,unknown,0
66,management,married,tertiary,no,61,yes,no,cellular,1,0,unknown,0
26,services,single,tertiary,no,-370,yes,no,telephone,1,0,unknown,0
33,student,single,tertiary,no,6637,yes,no,cellular,1,0,unknown,0
30,management,married,primary,no,344,no,no,unknown,2,0,unknown,0
34,housemaid,single,tertiary,no,0,yes,no,unknown,5,1,unknown,0
51,self-employed,married,tertiary,no,4508,yes,no,telephone,2,3,failure,0
52,unknown,married,tertiary,no,178,no,no,telephone,1,0,unknown,0
55,management,single,primary,no,258,no,yes,telephone,1,0,unknown,0
36,blue-collar,married,secondary,no,2880,no,yes,cellular,1,0,unknown,1
58,services,married,tertiary,no,3060,no,yes,unknown,1,0,unknown,0
34,management,married,unknown,no,-328,yes,no,cellular,2,0,unknown,0
32,housemaid,married,tertiary,no,0,yes,no,telephone,2,0,unknown,1
40,housemaid,single,primary,no,0,yes,no,telephone,4,0,failure,0
34,services,married,secondary,no,51,no,yes,cellular,1,0,unknown,0
36,self-employed,married,unknown,no,10378,no,no,cellular,2,0,other,0
44,management,married,secondary,no,0,yes,yes,unknown,3,0,unknown,0
57,retired,married,secondary,no,363,no,no,unknown,2,0,unknown,0
27,blue-collar,married,secondary,no,0,yes,no,unknown,3,0,unknown,0
43,blue-collar,married,secondary,no,26,no,no,unknown,2,0,unknown,0
57,technician,married,tertiary,no,1026,no,no,cellular,2,0,other,0
42,self-employed,married,secondary,no,6101,yes,no,cellular,2,0,failure,0
27,technician,single,secondary,no,2727,yes,no,unknown,5,0,unknown,1
42,management,divorced,secondary,no,697,yes,no,cellular,4,0,unknown,0
43,blue-collar,married,secondary,no,489,no,no,unknown,1,0,unknown,0
50,admin.,married,tertiary,no,8044,yes,no,cellular,2,0,unknown,0
53,technician,married,secondary,no,700,no,no,cellular,1,0,unknown,0
38,blue-collar,married,secondary,no,49,yes,no,cellular,1,0,unknown,0
36,admin.,single,secondary,no,55,no,no,unknown,1,0,unknown,0
51,services,married,tertiary,no,6,yes,no,unknown,1,4,failure,0
45,management,married,secondary,no,6217,no,no,cellular,9,0,unknown,0
41,entrepreneur,married,secondary,no,3576,no,no,unknown,2,0,unknown,0
37,entrepreneur,single,unknown,no,0,no,no,cellular,11,0,unknown,0
53,management,married,secondary,no,0,yes,no,unknown,1,0,unknown,0
19,entrepreneur,married,secondary,no,631,yes,yes,cellular,4,0,unknown,0
39,management,divorced,tertiary,no,25,yes,no,cellular,2,0,unknown,0
41,blue-collar,divorced,tertiary,no,3064,no,no,unknown,4,0,unknown,1
31,retired,married,primary,no,1205,no,no,cellular,2,0,unknown,0
40,management,married,secondary,no,2548,yes,yes,cellular,2,0,unknown,0
45,services,married,unknown,no,828,no,no,cellular,6,0,unknown,0
37,blue-collar,married,secondary,no,3371,no,no,cellular,2,1,unknown,0
27,blue-collar,married,tertiary,no,1712,yes,no,cellular,1,0,unknown,0
33,management,married,tertiary,no,1153,yes,no,cellular,1,0,unknown,0
30,self-employed,married,tertiary,no,148,yes,no,unknown,2,2,unknown,0
28,blue-collar,single,tertiary,no,668,no,no,unknown,2,0,unknown,0
36,admin.,married,secondary,no,1161,no,no,cellular,2,0,unknown,0
66,management,married,primary,no,177,yes,no,cellular,1,0,unknown,0
47,blue-collar,divorced,tertiary,no,1671,yes,no,cellular,1,0,other,0
42,blue-collar,married,unknown,no,553,yes,no,cellular,4,0,unknown,0
40,technician,married,primary,no,0,yes,no,unknown,2,0,failure,0
33,self-employed,married,secondary,no,14412,yes,no,cellular,1,0,unknown,0
58,services,divorced,secondary,no,169,no,yes,cellular,2,0,unknown,1
35,services,single,primary,yes,949,no,no,cellular,2,0,unknown,1
55,technician,married,primary,no,13204,yes,no,unknown,1,0,unknown,0
48,entrepreneur,single,secondary,no,36,no,no,cellular,1,0,unknown,0
34,admin.,married,primary,no,57,yes,no,cellular,2,0,other,0
53,self-employed,married,tertiary,no,2,yes,no,cellular,1,0,unknown,1
39,self-employed,married,tertiary,no,100,yes,no,cellular,7,0,unknown,0
35,admin.,married,tertiary,no,76,yes,no,cellular,8,0,unknown,0
36,blue-collar,single,secondary,no,5039,yes,yes,telephone,2,2,unknown,0
31,blue-collar,single,secondary,no,7050,yes,no,cellular,3,0,unknown,0
31,management,married,secondary,no,-11,yes,no,cellular,2,0,other,0
26,management,single,secondary,no,1072,yes,no,cellular,2,0,unknown,0
41,admin.,married,secondary,no,2190,no,no,cellular,1,0,unknown,0
41,technician,single,primary,no,826,yes,yes,cellular,2,0,unknown,0
44,admin.,single,tertiary,no,244,yes,no,cellular,2,0,unknown,0
53,unemployed,married,tertiary,no,-673,yes,no,cellular,2,8,unknown,0
45,services,divorced,secondary,no,84,yes,no,unknown,2,0,unknown,0
52,retired,married,tertiary,no,890,no,no,unknown,1,0,unknown,0
32,admin.,married,tertiary,no,626,no,no,cellular,1,0,unknown,0
30,services,married,secondary,no,-17,yes,no,cellular,2,0,unknown,0
39,housemaid,married,primary,no,1343,no,yes,unknown,1,0,unknown,0
55,technician,married,secondary,no,784,no,no,unknown,1,0,unknown,0
30,admin.,married,secondary,no,209,no,no,cellular,6,0,unknown,0
56,services,single,secondary,no,0,yes,no,cellular,6,0,unknown,0
34,admin.,married,secondary,no,1424,no,yes,unknown,12,0,unknown,0
42,management,married,primary,no,606,no,no,cellular,2,0,unknown,0
39,technician,married,primary,no,0,no,no,cellular,4,0,unknown,0
40,self-employed,single,tertiary,no,2988,no,no,cellular,1,0,other,0
50,services,married,secondary,no,0,no,no,cellular,1,0,unknown,0
72,management,married,secondary,no,-98,yes,no,cellular,1,0,unknown,0
38,self-employed,divorced,secondary,no,75,no,no,cellular,4,0,unknown,0
32,housemaid,single,primary,no,331,yes,no,unknown,2,1,unknown,0
35,unknown,married,primary,no,-584,yes,no,cellular,1,0,unknown,0
50,blue-collar,divorced,tertiary,no,6900,no,no,unknown,2,0,other,0
48,services,married,secondary,no,581,yes,no,cellular,1,0,unknown,0
47,admin.,married,primary,no,714,no,no,cellular,2,0,unknown,0
45,blue-collar,married,tertiary,no,104,yes,no,unknown,1,0,failure,0
55,management,divorced,secondary,no,102,no,no,cellular,1,0,unknown,0
34,technician,divorced,secondary,no,2106,no,no,unknown,5,0,unknown,0
49,admin.,single,secondary,no,-315,yes,no,unknown,3,0,unknown,0
29,self-employed,married,secondary,no,743,yes,no,unknown,2,0,unknown,0
26,management,married,secondary,no,1145,yes,no,unknown,3,0,unknown,0
34,technician,single,secondary,no,614,yes,no,cellular,4,0,unknown,1
52,technician,married,secondary,no,-589,yes,yes,cellular,1,6,unknown,1
48,technician,married,primary,no,316,yes,no,cellular,2,0,unknown,0
35,management,married,tertiary,no,1390,no,no,unknown,1,0,unknown,0
48,technician,married,unknown,no,1787,no,yes,unknown,3,0,unknown,0
38,services,single,primary,no,1557,no,yes,cellular,2,0,unknown,0
53,technician,married,tertiary,no,1289,no,no,cellular,2,1,unknown,0
52,blue-collar,married,tertiary,no,602,no,no,cellular,3,0,other,0
42,retired,single,tertiary,no,2819,no,yes,cellular,3,0,unknown,0
49,management,married,secondary,no,501,no,no,unknown,3,2,unknown,0
49,technician,single,secondary,no,318,no,no,cellular,2,0,unknown,0
29,management,married,tertiary,no,498,no,no,cellular,2,4,unknown,1
47,self-employed,married,secondary,no,367,no,no,telephone,3,0,unknown,0
26,unemployed,single,primary,no,745,no,no,unknown,1,0,unknown,0
47,housemaid,married,primary,no,865,no,no,unknown,2,2,unknown,1
35,technician,married,secondary,no,4659,no,no,unknown,2,0,other,0
37,self-employed,married,secondary,no,769,no,no,cellular,1,0,unknown,0
45,admin.,married,secondary,no,1375,yes,no,cellular,1,8,failure,0
31,services,single,tertiary,no,-287,yes,no,telephone,2,1,unknown,0
27,entrepreneur,single,secondary,no,199,no,no,cellular,3,2,success,0
48,blue-collar,married,secondary,no,148,yes,no,cellular,5,0,failure,0
41,services,single,tertiary,no,1427,yes,no,cellular,1,5,unknown,0
57,management,married,tertiary,no,1335,no,no,cellular,3,0,unknown,0
45,self-employed,married,secondary,no,375,no,yes,cellular,3,1,unknown,0
64,management,single,primary,no,4265,yes,no,telephone,1,1,unknown,0
36,technician,married,secondary,no,816,no,no,unknown,2,0,unknown,0
54,technician,single,secondary,no,0,yes,no,unknown,2,0,unknown,1
32,retired,married,secondary,no,2033,yes,no,cellular,3,0,other,0
56,management,single,primary,no,92,no,no,cellular,2,0,unknown,0
32,unemployed,married,tertiary,no,538,no,no,cellular,3,0,unknown,0
48,entrepreneur,single,secondary,no,4785,yes,no,cellular,1,0,unknown,0
47,admin.,single,tertiary,no,1517,yes,yes,cellular,3,8,unknown,0
33,management,married,secondary,no,228,yes,no,unknown,2,0,unknown,0
39,management,married,secondary,no,39,no,no,unknown,1,0,unknown,0
33,self-employed,married,secondary,no,70,yes,no,unknown,3,2,failure,0
33,management,single,secondary,yes,1153,no,no,cellular,4,5,unknown,0
45,blue-collar,married,primary,no,-79,no,no,cellular,2,0,unknown,0
37,admin.,divorced,secondary,no,1750,yes,no,unknown,1,0,success,0
27,admin.,single,tertiary,no,14363,no,no,telephone,10,0,unknown,0
46,admin.,single,tertiary,no,846,no,no,cellular,1,0,unknown,0
40,entrepreneur,married,primary,no,188,yes,no,cellular,4,0,unknown,0
31,housemaid,married,secondary,no,674,yes,no,cellular,3,0,unknown,0
23,housemaid,single,tertiary,no,8669,yes,no,cellular,1,1,unknown,0
56,blue-collar,divorced,tertiary,no,184,no,no,unknown,2,3,unknown,0
30,blue-collar,married,secondary,no,3107,no,no,telephone,4,0,other,0
32,blue-collar,married,secondary,no,3177,no,no,cellular,3,2,unknown,0
40,blue-collar,single,secondary,no,9019,no,no,cellular,1,2,failure,1
35,management,single,tertiary,no,63,yes,no,cellular,5,6,unknown,0
34,unemployed,married,primary,no,1164,no,no,unknown,1,0,unknown,0
61,self-employed,married,tertiary,no,466,no,no,cellular,1,0,unknown,0
41,blue-collar,single,secondary,no,179,yes,no,telephone,1,0,unknown,1
50,technician,single,secondary,no,1397,no,no,telephone,2,2,unknown,0
49,services,single,secondary,no,201,yes,no,cellular,1,0,unknown,0
37,blue-collar,single,tertiary,no,0,yes,no,cellular,3,0,unknown,0
46,admin.,married,secondary,no,125,yes,no,cellular,1,0,unknown,0
27,management,single,secondary,no,997,no,no,cellular,2,0,unknown,0
39,blue-collar,married,secondary,no,1012,yes,no,cellular,4,0,unknown,0
38,blue-collar,married,secondary,no,1843,yes,no,cellular,3,0,unknown,0
40,management,single,primary,no,3921,no,yes,cellular,1,0,success,0
30,management,divorced,tertiary,no,353,no,no,cellular,4,3,unknown,0
52,management,married,primary,no,7,yes,no,cellular,1,0,unknown,0
38,blue-collar,divorced,secondary,no,2317,yes,no,cellular,3,0,failure,0
31,admin.,married,secondary,no,13,yes,no,cellular,1,0,unknown,0
39,management,single,secondary,no,11797,no,no,unknown,3,0,unknown,0
45,management,single,tertiary,no,8167,yes,no,cellular,2,0,unknown,0
36,retired,single,tertiary,no,351,no,no,cellular,4,0,unknown,1
36,entrepreneur,single,tertiary,no,504,yes,no,cellular,1,0,failure,0
25,management,married,secondary,no,784,yes,no,cellular,2,0,unknown,0
27,management,single,primary,no,-558,no,no,cellular,3,0,unknown,0
58,entrepreneur,married,tertiary,no,950,no,no,telephone,1,1,unknown,0
47,blue-collar,married,unknown,no,638,yes,no,cellular,1,0,unknown,0
51,admin.,married,secondary,no,4508,yes,no,cellular,1,0,other,0
50,blue-collar,single,secondary,no,0,no,no,cellular,3,0,unknown,0
37,technician,married,secondary,no,169,no,yes,unknown,1,0,unknown,0
39,technician,single,unknown,no,0,no,no,cellular,3,0,unknown,0
49,unemployed,married,tertiary,no,0,yes,no,unknown,7,1,unknown,0
47,services,divorced,unknown,no,3064,no,no,unknown,1,2,unknown,0
38,blue-collar,married,secondary,no,3068,yes,no,cellular,1,0,unknown,0
44,student,single,primary,no,0,yes,no,unknown,4,1,unknown,0
29,admin.,single,secondary,no,0,yes,yes,cellular,6,0,unknown,0
48,self-employed,married,primary,no,7845,no,yes,cellular,3,2,unknown,1
26,admin.,married,secondary,no,0,yes,no,cellular,4,0,failure,0
56,services,married,tertiary,no,-37,no,no,unknown,2,0,unknown,0
44,blue-collar,single,secondary,no,6,yes,yes,unknown,2,0,unknown,0
44,self-employed,single,secondary,no,60,yes,no,telephone,1,2,unknown,0
43,student,married,primary,no,192,yes,no,cellular,1,0,success,0
43,technician,married,tertiary,no,14058,no,no,unknown,12,0,unknown,0
33,management,divorced,secondary,no,385,yes,no,cellular,1,0,failure,0
31,technician,married,primary,yes,255,yes,no,unknown,1,0,unknown,0
52,services,married,primary,no,340,no,no,cellular,3,0,unknown,0
44,admin.,single,secondary,no,665,yes,no,unknown,4,0,unknown,0
45,admin.,married,tertiary,no,23,yes,no,cellular,7,0,success,0
34,blue-collar,single,tertiary,no,2059,yes,no,cellular,3,0,unknown,0
32,technician,married,primary,no,-319,no,yes,unknown,2,0,other,0
52,blue-collar,divorced,secondary,no,0,yes,no,cellular,1,0,unknown,1
27,services,married,secondary,no,2567,no,no,cellular,2,0,unknown,0
49,management,divorced,primary,no,1386,yes,no,cellular,2,2,unknown,0
40,unknown,married,tertiary,no,1477,yes,yes,cellular,3,0,unknown,0
40,blue-collar,single,secondary,no,681,yes,no,unknown,5,0,unknown,0
31,services,divorced,tertiary,no,991,no,no,unknown,10,0,unknown,0
49,blue-collar,single,secondary,no,-219,no,no,cellular,1,0,unknown,0
34,unemployed,married,secondary,no,1664,yes,no,cellular,1,0,unknown,0
35,blue-collar,married,secondary,no,350,no,no,telephone,1,0,unknown,0
32,blue-collar,married,secondary,no,502,yes,no,cellular,12,0,unknown,0
47,management,married,tertiary,no,2381,yes,no,cellular,4,0,failure,0
33,blue-collar,married,secondary,no,344,yes,no,unknown,4,0,unknown,0
27,retired,single,tertiary,no,317,no,no,unknown,2,0,unknown,0
35,admin.,married,secondary,no,81,yes,no,cellular,2,0,unknown,0
72,blue-collar,divorced,secondary,no,264,yes,no,cellular,2,0,failure,0
54,blue-collar,married,tertiary,no,640,yes,no,cellular,1,1,unknown,0
34,management,single,primary,yes,626,yes,yes,cellular,1,0,unknown,0
50,management,married,secondary,no,1992,no,yes,cellular,2,0,unknown,0
49,services,married,tertiary,no,0,no,no,unknown,1,0,unknown,0
44,retired,married,secondary,no,1172,no,no,cellular,1,0,unknown,0
58,blue-collar,married,secondary,no,2105,yes,no,cellular,2,0,other,0
61,admin.,married,tertiary,no,1148,no,no,cellular,3,0,unknown,0
40,retired,divorced,tertiary,no,2304,no,no,cellular,1,0,unknown,0
29,blue-collar,married,secondary,no,290,yes,yes,cellular,1,0,other,0
45,services,married,secondary,no,1009,yes,no,unknown,2,0,unknown,0
33,management,divorced,secondary,no,775,yes,no,telephone,2,3,unknown,0
41,blue-collar,married,tertiary,no,1191,no,no,cellular,1,0,unknown,0
30,technician,divorced,secondary,yes,7546,yes,no,cellular,1,0,unknown,0
34,services,single,secondary,no,4232,yes,no,cellular,4,0,success,0
33,admin.,married,tertiary,no,237,yes,no,cellular,2,0,other,0
50,admin.,single,secondary,no,168,yes,no,cellular,3,0,other,1
44,blue-collar,married,secondary,no,1727,yes,no,cellular,44,0,unknown,0
38,management,single,secondary,no,1743,yes,no,unknown,7,2,other,0
29,management,married,unknown,no,306,yes,no,cellular,2,0,unknown,0
38,student,single,tertiary,no,0,no,no,unknown,1,0,unknown,0
47,technician,married,secondary,no,2059,yes,no,cellular,3,0,unknown,0
33,technician,single,secondary,no,1012,no,yes,unknown,3,1,unknown,0
59,technician,married,primary,no,7290,no,no,telephone,3,1,unknown,0
37,blue-collar,divorced,tertiary,no,8106,no,no,cellular,2,2,success,0
40,management,single,tertiary,no,321,no,yes,cellular,2,0,unknown,0
55,services,married,primary,no,143,no,no,unknown,2,0,unknown,0
47,admin.,single,tertiary,no,3921,yes,no,cellular,3,0,unknown,0
47,technician,married,secondary,no,55,yes,no,cellular,1,0,unknown,0
35,housemaid,married,secondary,no,1808,yes,no,cellular,3,0,unknown,0
38,technician,married,secondary,no,3554,no,no,telephone,2,0,unknown,0
53,services,married,unknown,no,7635,yes,no,cellular,2,1,unknown,0
33,services,married,secondary,no,0,no,no,unknown,1,0,unknown,0
27,blue-collar,married,tertiary,no,468,no,no,unknown,2,4,other,0
48,entrepreneur,married,secondary,no,0,yes,no,cellular,1,0,unknown,0
53,technician,married,tertiary,no,1660,yes,no,unknown,2,0,unknown,0
38,management,single,primary,no,61,yes,no,telephone,1,2,failure,0
49,technician,single,tertiary,no,-11,yes,no,cellular,4,0,failure,0
30,entrepreneur,married,tertiary,no,35,yes,no,unknown,4,6,unknown,0
30,retired,married,secondary,no,319,yes,no,telephone,3,0,unknown,1
30,services,married,tertiary,no,787,yes,no,unknown,3,0,unknown,0
42,technician,divorced,secondary,no,0,no,yes,cellular,1,0,unknown,0
25,technician,married,primary,no,-117,yes,no,cellular,5,0,unknown,1
54,housemaid,married,secondary,no,1084,yes,no,cellular,1,0,other,1
46,blue-collar,single,primary,no,591,no,no,cellular,2,0,unknown,0
42,blue-collar,married,secondary,no,230,no,no,cellular,1,0,failure,0
60,self-employed,married,primary,no,313,yes,no,cellular,2,0,unknown,0
50,unemployed,single,tertiary,no,19,yes,no,cellular,1,4,failure,0
28,self-employed,single,secondary,no,0,no,no,cellular,2,2,unknown,0
66,student,married,secondary,yes,1469,yes,no,cellular,1,0,unknown,0
42,blue-collar,married,secondary,no,492,no,no,unknown,2,0,failure,0
45,blue-collar,married,primary,no,225,no,no,telephone,4,0,unknown,0
22,admin.,married,primary,no,897,yes,no,cellular,5,3,unknown,0
77,technician,married,tertiary,no,385,yes,no,unknown,2,0,unknown,0
47,technician,married,primary,no,63,yes,no,unknown,2,2,other,0
27,technician,married,secondary,no,474,yes,no,cellular,2,0,unknown,0
44,services,married,secondary,no,-189,yes,no,cellular,1,0,unknown,1
38,technician,married,secondary,no,-1680,no,no,cellular,1,0,unknown,0
37,blue-collar,single,secondary,no,318,yes,no,unknown,4,0,unknown,1
49,blue-collar,single,tertiary,no,2,yes,no,cellular,4,0,unknown,0
49,management,married,secondary,no,9,yes,yes,cellular,1,0,unknown,0
47,services,single,secondary,no,2789,yes,no,unknown,3,0,unknown,0
40,blue-collar,divorced,secondary,no,1494,yes,no,cellular,2,6,failure,0
39,services,single,secondary,no,2139,yes,yes,cellular,2,0,unknown,0
34,retired,single,secondary,no,135,yes,no,cellular,2,3,failure,0
36,retired,married,tertiary,no,1868,no,no,cellular,1,4,unknown,0
41,housemaid,married,secondary,no,180,no,yes,cellular,2,1,unknown,0
40,blue-collar,single,primary,no,24,yes,yes,unknown,7,0,unknown,0
55,retired,married,secondary,no,1295,yes,no,cellular,1,0,unknown,0
31,retired,married,secondary,no,1451,no,no,cellular,2,0,unknown,0
33,blue-collar,single,secondary,no,5564,yes,no,unknown,8,0,unknown,0
25,student,single,secondary,no,2,no,yes,cellular,2,0,unknown,0
36,blue-collar,married,tertiary,no,493,no,yes,unknown,1,0,other,0
39,admin.,married,tertiary,no,406,no,no,cellular,2,0,unknown,0
43,services,married,secondary,no,1433,yes,no,unknown,1,0,failure,0
22,blue-collar,divorced,secondary,no,3800,yes,yes,telephone,1,0,unknown,0
31,technician,married,secondary,no,178,yes,no,cellular,2,0,unknown,1
34,admin.,single,secondary,no,3301,yes,no,unknown,16,0,unknown,0
29,technician,married,tertiary,no,113,no,no,telephone,2,1,unknown,0
26,management,married,tertiary,no,2558,yes,no,cellular,1,0,unknown,0
29,admin.,married,tertiary,no,16,yes,no,cellular,2,0,unknown,0
38,self-employed,married,secondary,no,0,yes,no,cellular,3,0,success,0
41,self-employed,married,secondary,no,145,yes,no,cellular,8,0,unknown,0
48,blue-collar,married,secondary,no,331,no,yes,cellular,2,0,unknown,0
34,services,married,tertiary,no,1094,no,no,cellular,1,0,unknown,1
51,blue-collar,married,secondary,no,2039,yes,yes,cellular,3,3,unknown,0
26,blue-collar,married,secondary,no,-558,no,no,cellular,2,0,unknown,0
34,entrepreneur,married,secondary,no,55,yes,yes,cellular,4,0,unknown,0
27,retired,divorced,tertiary,no,68,yes,no,cellular,2,2,unknown,0
54,admin.,married,secondary,no,1149,no,yes,cellular,2,1,unknown,0
54,housemaid,married,secondary,no,3215,no,no,cellular,1,3,unknown,0
32,services,single,secondary,no,4608,no,no,unknown,3,5,unknown,0
46,technician,married,primary,no,4143,yes,no,cellular,1,0,unknown,0
25,blue-collar,divorced,secondary,no,0,yes,no,unknown,1,0,unknown,0
55,blue-collar,married,tertiary,no,1160,yes,no,unknown,1,0,unknown,0
37,admin.,married,primary,no,137,no,yes,cellular,3,0,other,0
30,blue-collar,married,secondary,no,500,yes,no,unknown,1,0,unknown,0
34,management,married,secondary,no,302,yes,no,cellular,1,0,failure,0
49,management,married,tertiary,no,2195,yes,no,cellular,1,0,unknown,0
50,services,single,secondary,no,795,yes,no,unknown,1,1,other,0
32,management,single,secondary,no,244,no,no,cellular,4,0,unknown,0
26,entrepreneur,married,secondary,no,1129,no,no,cellular,1,2,unknown,0
52,services,married,secondary,no,429,no,no,cellular,5,0,unknown,0
39,management,married,primary,no,556,yes,no,cellular,2,0,unknown,0
36,blue-collar,divorced,secondary,no,0,yes,no,cellular,1,3,unknown,1
46,technician,married,secondary,no,149,yes,no,unknown,1,0,unknown,0
44,admin.,single,tertiary,no,19,yes,yes,cellular,1,0,unknown,0
66,blue-collar,married,secondary,no,260,yes,yes,unknown,2,0,unknown,0
37,technician,single,primary,no,772,no,no,unknown,1,0,unknown,0
38,technician,single,secondary,no,26,no,no,unknown,13,0,unknown,0
35,management,married,secondary,no,322,no,no,unknown,2,2,unknown,0
49,blue-collar,married,secondary,no,757,yes,yes,unknown,5,0,unknown,0
32,student,single,secondary,no,679,yes,yes,cellular,2,0,unknown,0
28,retired,married,secondary,no,23,yes,no,unknown,2,2,unknown,0
37,housemaid,married,secondary,no,255,no,no,cellular,1,0,unknown,0
57,entrepreneur,married,tertiary,no,43,no,no,unknown,1,0,unknown,0
30,blue-collar,married,secondary,no,196,yes,no,cellular,5,0,unknown,0
35,self-employed,married,secondary,no,2278,no,no,cellular,1,0,unknown,0
44,services,married,tertiary,no,180,no,no,cellular,1,0,unknown,0
33,technician,single,secondary,no,2558,yes,no,unknown,4,0,unknown,0
37,management,single,primary,no,28,yes,no,cellular,2,0,unknown,0
46,services,married,secondary,no,46,no,yes,cellular,3,0,unknown,0
42,blue-collar,divorced,secondary,no,132,no,no,cellular,2,4,unknown,0
58,management,married,tertiary,no,13156,no,no,cellular,7,0,unknown,0
39,admin.,divorced,secondary,no,2400,yes,no,cellular,3,0,unknown,0
57,admin.,married,secondary,no,9009,no,no,unknown,4,0,unknown,0
43,self-employed,single,primary,no,2058,yes,no,cellular,2,0,success,0
69,admin.,divorced,secondary,no,1287,no,yes,cellular,5,0,unknown,1
30,admin.,married,primary,no,589,no,no,cellular,1,1,unknown,0
63,blue-collar,married,unknown,no,2039,no,no,cellular,2,0,failure,0
50,admin.,married,secondary,no,818,yes,no,cellular,2,0,unknown,0
26,self-employed,single,tertiary,no,-386,yes,no,cellular,2,0,failure,0
33,unemployed,married,secondary,no,4374,yes,no,cellular,1,3,unknown,0
38,management,divorced,primary,no,282,yes,yes,cellular,1,0,unknown,0
28,admin.,married,secondary,no,2098,yes,no,cellular,2,0,unknown,0
59,blue-collar,single,secondary,no,846,no,no,cellular,2,9,unknown,0
50,services,single,secondary,no,2457,no,no,unknown,1,3,unknown,0
47,technician,married,primary,no,2157,no,no,cellular,1,0,unknown,0
60,admin.,married,secondary,no,1260,yes,no,cellular,3,0,unknown,0
47,admin.,single,secondary,no,132,no,yes,cellular,2,1,failure,0
37,services,married,tertiary,no,0,yes,no,cellular,4,0,unknown,0
41,blue-collar,married,primary,no,1957,no,yes,cellular,2,3,unknown,1
28,services,single,secondary,no,119,yes,no,cellular,4,0,unknown,0
30,admin.,married,secondary,no,5739,no,yes,cellular,1,0,unknown,0
48,blue-collar,married,secondary,no,393,yes,no,unknown,2,0,other,0
46,management,married,secondary,no,283,no,no,cellular,1,1,unknown,0
35,blue-collar,married,primary,no,1410,no,no,telephone,16,0,unknown,0
31,services,married,secondary,no,2887,no,no,cellular,4,0,unknown,0
28,blue-collar,married,secondary,no,3601,yes,yes,cellular,2,0,success,0
44,blue-collar,married,secondary,no,116,yes,no,unknown,3,0,unknown,0
50,blue-collar,single,tertiary,no,318,no,yes,unknown,3,0,other,0
35,management,married,primary,no,229,no,no,cellular,2,0,unknown,0
32,self-employed,married,tertiary,no,7,no,no,cellular,2,0,unknown,0
45,technician,married,tertiary,no,697,yes,no,cellular,1,0,unknown,0
27,management,married,secondary,no,64,no,no,unknown,1,0,unknown,0
34,admin.,married,tertiary,no,0,no,no,cellular,8,0,failure,0
48,blue-collar,married,secondary,no,1210,no,no,cellular,1,0,failure,0
37,services,married,secondary,no,31,no,no,cellular,1,0,unknown,0
46,management,married,secondary,no,314,no,no,unknown,2,0,failure,0
34,blue-collar,single,tertiary,no,697,yes,no,cellular,2,0,failure,0
46,management,married,secondary,no,543,no,no,cellular,1,0,unknown,1
32,blue-collar,single,tertiary,no,2642,no,no,cellular,1,0,success,0
62,technician,married,secondary,no,9,yes,yes,cellular,1,0,unknown,0
59,blue-collar,divorced,secondary,no,3403,no,no,telephone,1,0,unknown,0
53,admin.,divorced,tertiary,no,1224,no,no,cellular,2,0,unknown,0
30,blue-collar,married,tertiary,no,321,yes,no,cellular,25,0,unknown,0
36,management,married,secondary,no,3334,no,no,telephone,2,0,unknown,0
30,self-employed,married,tertiary,no,0,no,no,unknown,2,0,unknown,1
45,management,married,secondary,no,-551,yes,no,cellular,2,0,unknown,0
29,services,married,primary,no,102,no,no,cellular,2,0,unknown,0
44,retired,married,tertiary,no,-17,yes,yes,cellular,6,0,unknown,0
53,unemployed,married,secondary,no,2,yes,no,cellular,10,1,unknown,1
38,technician,divorced,primary,no,1598,no,yes,cellular,3,0,unknown,0
36,blue-collar,married,secondary,no,246,yes,no,unknown,1,0,unknown,0
54,management,single,secondary,no,1464,no,yes,unknown,6,1,other,0
46,housemaid,single,primary,no,251,no,no,unknown,2,0,unknown,0
37,management,single,unknown,no,622,no,no,unknown,1,0,unknown,0
36,management,married,secondary,no,310,yes,no,cellular,3,0,failure,1
37,retired,single,primary,no,1545,yes,no,cellular,1,3,unknown,0
29,management,single,tertiary,no,335,no,no,unknown,3,0,unknown,0
32,blue-collar,married,secondary,no,60,yes,no,unknown,1,0,unknown,0
34,technician,married,tertiary,no,298,yes,no,cellular,2,4,unknown,0
34,technician,single,secondary,no,1,yes,no,cellular,1,0,unknown,1
33,management,married,secondary,no,188,no,no,cellular,1,0,unknown,0
30,technician,married,primary,no,2146,yes,no,cellular,1,0,unknown,0
32,blue-collar,married,tertiary,no,694,no,no,cellular,2,0,unknown,0
34,admin.,married,secondary,no,6,no,yes,cellular,2,0,other,0
66,management,married,secondary,no,622,no,no,unknown,1,0,failure,0
28,services,single,primary,no,147,yes,no,cellular,1,0,failure,0
52,services,single,tertiary,no,-219,yes,no,cellular,1,0,unknown,0
27,management,married,secondary,no,121,no,yes,unknown,1,3,unknown,0
58,technician,married,secondary,no,1017,no,no,cellular,2,0,unknown,0
36,unknown,divorced,tertiary,no,60,yes,no,cellular,3,0,unknown,0
86,technician,single,primary,no,6483,yes,no,cellular,3,0,unknown,0
43,management,married,secondary,no,-921,no,no,unknown,1,0,unknown,0
57,blue-collar,married,secondary,no,782,no,no,cellular,2,0,other,0
29,blue-collar,married,secondary,no,2993,no,no,cellular,2,3,unknown,0
51,management,single,secondary,no,477,yes,yes,cellular,1,0,unknown,0
27,blue-collar,married,tertiary,no,1978,no,no,cellular,2,4,unknown,0
53,blue-collar,married,secondary,no,942,no,no,unknown,1,3,unknown,0
44,management,married,tertiary,no,1219,yes,no,cellular,1,0,unknown,0
51,self-employed,married,secondary,no,1048,yes,no,unknown,1,0,unknown,0
37,retired,divorced,secondary,no,-97,yes,yes,cellular,1,1,unknown,0
32,unemployed,married,tertiary,no,220,yes,no,unknown,3,0,failure,0
45,self-employed,divorced,secondary,no,1429,yes,no,cellular,2,0,unknown,0
36,admin.,single,secondary,no,1322,no,no,unknown,2,1,unknown,0
36,admin.,married,tertiary,no,1268,no,no,cellular,2,1,unknown,0
36,management,married,tertiary,no,0,no,no,unknown,1,0,unknown,0
41,entrepreneur,married,unknown,no,316,yes,no,cellular,2,0,failure,0
34,blue-collar,married,secondary,no,1043,yes,no,unknown,1,0,unknown,0
49,self-employed,single,secondary,no,318,yes,no,unknown,1,6,failure,0
48,unemployed,single,primary,no,-105,yes,no,unknown,1,2,unknown,0
28,blue-collar,divorced,secondary,no,2548,yes,no,cellular,1,0,unknown,0
26,services,married,secondary,no,77,yes,no,cellular,1,0,unknown,0
29,management,single,unknown,no,24,yes,no,cellular,1,1,unknown,0
25,services,divorced,tertiary,no,2185,yes,no,cellular,1,0,unknown,0
29,retired,single,tertiary,no,-121,no,no,unknown,1,0,unknown,0
43,technician,divorced,secondary,no,2420,yes,no,cellular,3,0,unknown,0
36,blue-collar,single,primary,no,26394,yes,no,cellular,13,0,unknown,0
34,blue-collar,single,secondary,no,10910,yes,no,cellular,6,0,unknown,0
25,blue-collar,married,tertiary,no,202,no,no,cellular,2,0,unknown,0
32,technician,married,tertiary,no,383,no,no,cellular,2,2,unknown,0
34,technician,married,tertiary,no,126,no,no,unknown,1,2,unknown,0
45,entrepreneur,divorced,primary,no,194,yes,no,cellular,6,0,unknown,0
51,retired,married,secondary,no,4094,yes,no,cellular,6,0,unknown,0
27,student,married,tertiary,no,2590,yes,no,cellular,1,0,unknown,1
33,services,divorced,primary,no,456,yes,yes,cellular,1,0,unknown,1
42,services,single,secondary,no,1531,yes,no,cellular,1,1,unknown,0
42,admin.,married,secondary,no,417,no,no,unknown,1,0,unknown,0
45,housemaid,married,primary,no,-220,yes,yes,cellular,1,8,failure,0
41,management,married,primary,no,18347,no,no,unknown,4,0,unknown,1
56,admin.,married,tertiary,no,0,yes,no,cellular,1,0,unknown,0
29,blue-collar,married,secondary,no,-617,no,no,cellular,4,0,success,0
40,technician,married,tertiary,no,599,no,no,cellular,2,1,unknown,0
45,management,married,secondary,no,36,yes,no,cellular,15,0,unknown,0
47,unknown,married,secondary,no,0,yes,no,unknown,5,0,unknown,0
38,student,single,secondary,no,620,no,no,cellular,2,0,unknown,0
42,technician,married,tertiary,no,1382,no,no,cellular,1,0,unknown,0
42,management,married,tertiary,no,-892,no,no,cellular,6,0,unknown,0
53,technician,single,primary,yes,1260,no,no,cellular,4,0,unknown,1
36,admin.,married,primary,no,-1202,yes,yes,cellular,2,0,unknown,0
36,unemployed,married,secondary,no,179,yes,no,cellular,1,0,unknown,0
33,admin.,married,tertiary,no,2926,no,no,unknown,2,3,unknown,0
37,management,married,unknown,no,2914,yes,yes,unknown,4,0,unknown,0
58,technician,single,secondary,no,978,yes,no,cellular,3,0,unknown,1
35,blue-collar,married,secondary,no,1464,no,no,telephone,2,0,unknown,0
34,self-employed,married,tertiary,no,205,no,no,cellular,7,0,failure,0
42,services,single,tertiary,no,285,yes,yes,cellular,2,0,unknown,0
49,unemployed,married,tertiary,no,1550,yes,no,unknown,2,1,unknown,0
32,management,married,tertiary,no,428,yes,no,unknown,1,0,unknown,0
26,management,divorced,secondary,no,35,no,yes,cellular,1,0,success,0
35,management,married,unknown,no,304,no,yes,cellular,4,0,unknown,0
27,technician,single,tertiary,no,3939,no,no,cellular,1,0,unknown,0
32,technician,married,secondary,no,-11,yes,no,cellular,12,0,unknown,0
51,blue-collar,divorced,tertiary,no,1040,no,no,unknown,9,1,unknown,0
34,management,married,secondary,no,790,yes,no,cellular,3,0,unknown,0
39,services,single,secondary,no,7546,no,yes,cellular,1,0,unknown,0
57,admin.,single,secondary,no,172,yes,no,cellular,2,1,unknown,0
36,services,single,secondary,no,625,yes,no,cellular,1,0,unknown,0
53,services,married,tertiary,no,177,no,yes,cellular,2,0,unknown,0
35,management,married,secondary,no,4148,yes,no,cellular,13,0,unknown,0
40,blue-collar,married,primary,no,3301,no,no,cellular,8,0,unknown,0
54,admin.,married,tertiary,no,471,yes,yes,cellular,1,0,unknown,0
33,management,married,tertiary,no,-35,yes,no,unknown,1,0,unknown,0
47,services,single,primary,no,-308,yes,no,cellular,6,0,unknown,0
55,technician,married,secondary,no,4374,no,no,cellular,4,0,unknown,1
32,admin.,married,secondary,no,406,no,no,unknown,5,0,unknown,0
34,blue-collar,single,tertiary,no,-378,no,no,unknown,2,0,unknown,0
34,blue-collar,married,primary,no,2394,yes,no,telephone,6,0,unknown,0
43,housemaid,divorced,secondary,no,39,yes,no,cellular,1,0,unknown,0
33,admin.,married,secondary,yes,0,no,no,cellular,2,0,failure,0
33,technician,married,tertiary,no,315,yes,no,cellular,5,0,unknown,0
46,management,married,secondary,no,35,no,no,telephone,3,0,unknown,0
43,housemaid,married,tertiary,no,456,no,no,unknown,2,0,unknown,0
59,admin.,married,secondary,no,1086,no,no,unknown,3,3,unknown,0
49,blue-collar,single,secondary,no,680,no,no,cellular,2,0,failure,1
36,services,divorced,secondary,no,310,yes,no,cellular,1,0,unknown,0
38,technician,divorced,tertiary,no,1064,yes,no,cellular,1,0,unknown,1
49,retired,divorced,tertiary,no,137,yes,no,cellular,1,3,unknown,1
41,housemaid,married,secondary,no,126,yes,no,cellular,2,0,failure,0
52,management,single,secondary,no,57,no,no,cellular,2,0,failure,0
41,self-employed,single,secondary,no,2934,yes,no,cellular,1,6,unknown,0
49,entrepreneur,single,primary,no,-296,yes,no,cellular,1,0,unknown,0
27,entrepreneur,married,tertiary,no,490,yes,yes,cellular,1,0,unknown,0
53,blue-collar,married,tertiary,no,378,yes,yes,cellular,2,0,unknown,0
42,blue-collar,married,tertiary,no,236,yes,yes,cellular,4,0,unknown,0
30,management,married,secondary,no,0,yes,no,unknown,3,0,unknown,0
41,retired,married,secondary,yes,313,yes,no,cellular,1,0,unknown,0
52,self-employed,married,secondary,no,0,yes,no,cellular,1,0,failure,0
37,management,married,secondary,no,7735,yes,no,cellular,2,5,unknown,0
59,technician,married,primary,no,4099,no,no,cellular,4,0,unknown,0
30,blue-collar,single,secondary,no,410,no,no,unknown,1,0,unknown,0
35,blue-collar,married,secondary,no,759,yes,no,cellular,1,2,failure,0
36,technician,married,tertiary,no,201,yes,yes,unknown,5,0,unknown,0
33,management,married,secondary,no,1046,yes,no,cellular,2,0,other,0
34,blue-collar,married,unknown,no,0,no,no,telephone,2,0,unknown,0
45,entrepreneur,married,secondary,no,122,yes,no,cellular,1,0,unknown,0
83,technician,divorced,secondary,no,502,no,no,cellular,3,0,unknown,0
39,admin.,single,tertiary,no,80,yes,no,cellular,1,2,unknown,0
32,management,married,primary,no,22196,yes,no,cellular,3,0,unknown,0
37,management,single,secondary,no,7289,yes,no,cellular,6,3,unknown,0
54,admin.,single,secondary,no,487,yes,yes,cellular,1,0,unknown,1
34,services,single,secondary,no,0,yes,no,cellular,3,0,unknown,0
50,management,single,secondary,no,640,yes,no,unknown,1,0,unknown,0
30,management,married,tertiary,no,2643,yes,no,telephone,2,0,unknown,0
34,retired,married,tertiary,no,177,no,no,cellular,2,2,unknown,0
32,self-employed,married,primary,no,10,no,no,cellular,1,0,unknown,0
28,management,single,unknown,no,2142,yes,yes,unknown,2,0,unknown,0
56,student,divorced,unknown,no,168,yes,yes,cellular,4,0,unknown,0
32,blue-collar,married,tertiary,no,1259,yes,no,unknown,1,0,unknown,0
56,technician,married,secondary,no,1153,no,yes,cellular,3,0,success,0
54,management,married,primary,no,10924,no,no,cellular,2,0,unknown,0
27,services,married,tertiary,no,171,no,no,cellular,2,0,unknown,0
36,technician,married,secondary,no,104,no,no,telephone,1,0,unknown,0
31,management,single,tertiary,no,2830,yes,no,unknown,3,0,unknown,0
41,self-employed,married,tertiary,no,3534,no,no,unknown,3,0,unknown,0
38,admin.,married,secondary,no,109,yes,no,cellular,1,0,failure,0
45,management,single,unknown,no,67,yes,no,unknown,1,0,unknown,0
28,blue-collar,married,primary,no,276,yes,no,cellular,1,0,unknown,0
46,management,married,tertiary,no,895,yes,no,cellular,1,0,unknown,0
32,management,married,secondary,no,168,yes,no,cellular,1,0,failure,0
44,technician,married,secondary,no,0,yes,no,cellular,1,0,unknown,0
46,technician,divorced,primary,no,0,yes,no,cellular,2,0,unknown,1
37,technician,married,secondary,no,1766,yes,no,cellular,2,0,unknown,0
31,unemployed,divorced,secondary,no,1224,yes,no,cellular,2,0,unknown,0
49,blue-collar,single,secondary,no,227,no,yes,unknown,3,0,unknown,0
49,admin.,single,secondary,no,295,yes,no,cellular,1,0,unknown,0
44,technician,married,tertiary,no,1143,no,no,cellular,2,0,failure,0
56,technician,married,primary,no,-204,yes,no,cellular,2,4,unknown,0
55,management,married,secondary,no,1388,yes,yes,telephone,5,4,unknown,1
56,blue-collar,single,secondary,no,2729,yes,no,unknown,3,0,unknown,0
32,management,married,primary,no,296,no,no,unknown,1,0,unknown,0
27,technician,married,secondary,no,1092,yes,no,cellular,4,0,unknown,0
32,technician,divorced,secondary,no,2116,no,yes,cellular,4,0,unknown,0
40,technician,single,unknown,no,1989,yes,no,cellular,2,0,other,0
41,admin.,divorced,secondary,no,3,yes,no,cellular,1,0,unknown,0
33,blue-collar,single,secondary,no,54,yes,no,cellular,4,0,unknown,0
38,management,married,primary,no,1341,no,no,unknown,1,0,unknown,0
38,blue-collar,divorced,primary,no,1796,no,yes,telephone,1,0,unknown,0
44,management,single,primary,no,2105,yes,no,cellular,4,0,success,0
30,management,single,tertiary,no,229,yes,no,cellular,2,0,failure,0
57,management,single,primary,no,6164,yes,no,cellular,2,0,failure,0
35,services,married,tertiary,no,748,yes,yes,cellular,4,0,unknown,0
40,blue-collar,divorced,primary,no,819,yes,no,telephone,8,0,unknown,0
44,housemaid,married,secondary,no,3611,yes,no,cellular,6,6,unknown,0
55,self-employed,married,tertiary,no,558,yes,no,unknown,3,0,other,0
48,technician,divorced,tertiary,no,102,no,no,cellular,4,0,unknown,0
59,blue-collar,divorced,secondary,no,10,no,no,unknown,3,0,unknown,0
56,technician,married,primary,no,294,no,no,telephone,2,7,unknown,0
57,blue-collar,divorced,unknown,no,476,yes,no,cellular,1,1,unknown,0
24,technician,single,tertiary,no,-1,no,no,cellular,1,0,unknown,0
50,admin.,single,unknown,no,335,yes,yes,unknown,2,0,unknown,0
51,management,single,primary,no,9305,yes,no,unknown,1,0,failure,0
48,management,married,secondary,yes,299,no,no,cellular,3,1,unknown,0
34,technician,divorced,secondary,no,247,no,no,cellular,1,0,unknown,0
40,services,married,secondary,no,879,yes,no,cellular,1,0,unknown,0
48,admin.,married,primary,no,-558,no,no,unknown,2,0,failure,0
33,technician,single,tertiary,no,19358,yes,no,cellular,1,0,unknown,0
54,management,married,primary,no,238,no,yes,unknown,1,0,unknown,0
47,blue-collar,married,tertiary,no,1158,yes,no,cellular,4,0,unknown,0
27,services,married,secondary,no,920,yes,no,cellular,2,0,failure,0
39,management,single,tertiary,no,817,no,no,cellular,1,0,unknown,0
35,entrepreneur,married,secondary,no,6767,yes,no,cellular,1,0,unknown,0
40,services,married,secondary,no,37,no,no,cellular,4,0,failure,0
33,services,single,primary,no,23,yes,no,cellular,1,0,unknown,0
45,services,married,secondary,no,847,no,yes,unknown,4,17,success,0
55,blue-collar,single,secondary,no,276,yes,yes,cellular,1,0,unknown,1
42,retired,married,secondary,no,419,yes,yes,unknown,2,0,success,0
47,admin.,single,secondary,no,478,yes,yes,unknown,2,0,unknown,0
30,services,divorced,primary,no,1897,yes,no,unknown,2,0,unknown,1
34,services,married,tertiary,no,1318,yes,no,cellular,1,0,unknown,0
27,services,divorced,secondary,no,1205,yes,no,cellular,32,0,failure,0
43,blue-collar,married,secondary,no,64,yes,no,cellular,8,0,failure,0
61,self-employed,married,secondary,no,9,no,yes,cellular,19,0,unknown,0
41,blue-collar,married,secondary,no,1506,no,yes,unknown,1,0,other,1
57,management,married,secondary,no,19447,no,yes,cellular,6,0,unknown,1
32,technician,single,secondary,no,21515,yes,no,cellular,2,0,unknown,1
33,blue-collar,married,secondary,no,341,no,yes,unknown,1,0,unknown,0
38,admin.,married,secondary,no,13,yes,no,cellular,1,1,unknown,0
38,technician,single,secondary,no,10,yes,no,cellular,1,3,failure,0
38,technician,single,secondary,no,57,yes,no,cellular,1,0,unknown,0
77,self-employed,married,secondary,no,55,no,no,unknown,7,0,unknown,0
49,management,married,secondary,no,1451,yes,no,cellular,1,0,unknown,1
40,technician,married,tertiary,no,31,yes,no,cellular,1,6,unknown,0
38,blue-collar,single,secondary,no,1905,no,no,telephone,4,0,unknown,0
37,admin.,married,secondary,no,2366,yes,yes,cellular,2,0,failure,0
38,services,single,tertiary,no,0,no,yes,cellular,32,0,failure,0
49,housemaid,single,unknown,no,334,no,no,cellular,3,0,unknown,0
41,technician,married,tertiary,no,-379,no,no,unknown,1,0,unknown,0
30,management,married,secondary,no,2366,yes,no,cellular,1,0,unknown,0
31,self-employed,married,secondary,no,523,yes,no,cellular,4,0,unknown,1
33,management,single,tertiary,no,0,yes,no,cellular,1,0,unknown,0
46,technician,married,tertiary,no,2465,no,no,unknown,3,0,unknown,0
35,management,single,secondary,no,2400,yes,yes,cellular,2,0,unknown,0
52,services,married,secondary,no,2678,yes,no,unknown,1,0,failure,1
38,student,married,tertiary,no,0,yes,no,cellular,2,0,unknown,0
32,unemployed,divorced,tertiary,no,3665,yes,no,unknown,1,0,failure,1
57,self-employed,single,secondary,no,838,no,yes,cellular,1,0,unknown,0
32,blue-collar,married,primary,no,2764,no,no,cellular,3,0,unknown,1
35,admin.,married,secondary,no,0,no,no,unknown,4,0,unknown,0
44,technician,single,primary,no,-402,yes,no,telephone,3,0,unknown,0
52,blue-collar,married,primary,no,109,no,no,cellular,1,1,unknown,0
43,services,single,tertiary,no,111,no,no,telephone,1,0,unknown,0
59,retired,married,tertiary,no,1242,no,yes,cellular,3,0,failure,0
42,management,married,secondary,no,2486,yes,no,cellular,2,0,unknown,0
35,services,single,secondary,no,1810,yes,no,unknown,11,0,unknown,0
64,blue-collar,married,secondary,no,14533,no,no,telephone,2,3,success,0
36,blue-collar,single,primary,no,6,yes,no,cellular,2,0,unknown,0
59,admin.,single,tertiary,no,1427,no,no,unknown,3,0,unknown,0
34,management,married,tertiary,no,400,yes,no,unknown,1,3,unknown,0
29,blue-collar,divorced,secondary,no,-77,no,no,unknown,2,0,failure,0
31,technician,married,primary,no,796,no,no,cellular,1,0,failure,0
26,blue-collar,married,secondary,no,973,yes,no,cellular,2,0,failure,0
42,technician,married,secondary,no,429,yes,yes,unknown,6,0,unknown,0
59,student,single,tertiary,no,296,no,no,cellular,6,0,unknown,0
33,management,married,tertiary,no,306,no,no,cellular,1,0,unknown,0
34,blue-collar,married,secondary,no,209,no,no,cellular,5,0,unknown,0
25,management,married,primary,no,784,no,no,unknown,3,5,failure,0
32,management,married,tertiary,yes,149,no,yes,unknown,1,0,unknown,0
34,blue-collar,married,secondary,no,263,no,no,unknown,4,0,unknown,0
36,management,married,tertiary,no,1238,no,no,unknown,1,0,unknown,0
32,blue-collar,single,primary,no,2098,yes,no,cellular,1,0,failure,0
40,technician,divorced,tertiary,no,10786,no,yes,unknown,12,2,unknown,0
36,admin.,divorced,tertiary,no,966,no,no,unknown,1,0,unknown,0
54,technician,single,secondary,no,365,yes,no,cellular,1,2,other,0
41,unemployed,single,tertiary,no,112,yes,no,cellular,4,3,unknown,0
63,admin.,married,tertiary,no,203,no,no,cellular,1,1,unknown,0
60,blue-collar,married,secondary,no,50,yes,yes,cellular,6,1,unknown,0
33,entrepreneur,divorced,tertiary,no,588,yes,no,cellular,1,0,other,0
28,technician,married,secondary,no,-970,yes,no,cellular,1,0,failure,0
46,technician,married,secondary,no,524,yes,no,cellular,1,0,failure,1
73,blue-collar,married,secondary,no,134,no,no,cellular,2,0,unknown,0
34,admin.,married,secondary,no,245,yes,no,cellular,2,0,unknown,0
27,management,married,secondary,no,5173,no,yes,unknown,2,0,unknown,0
31,blue-collar,single,secondary,no,1021,no,no,unknown,2,0,unknown,0
23,services,married,primary,no,483,yes,no,telephone,5,0,unknown,0
61,management,married,tertiary,no,442,no,no,cellular,2,0,unknown,0
51,management,married,primary,no,43,no,no,cellular,5,0,failure,0
53,retired,married,secondary,no,3953,no,yes,cellular,1,8,unknown,0
53,management,single,tertiary,no,2349,yes,no,cellular,3,0,failure,0
35,services,married,secondary,no,385,no,yes,cellular,3,0,unknown,0
72,admin.,married,tertiary,no,1169,yes,no,cellular,1,0,unknown,0
32,admin.,married,secondary,no,111,no,no,cellular,3,0,unknown,0
38,technician,married,secondary,no,-13,yes,no,cellular,3,0,unknown,0
30,blue-collar,married,secondary,no,607,yes,no,unknown,2,0,unknown,0
52,blue-collar,married,secondary,no,8902,yes,no,cellular,4,5,unknown,0
30,management,married,secondary,no,309,yes,no,unknown,3,0,unknown,1
45,admin.,divorced,secondary,no,2723,yes,no,unknown,1,1,unknown,0
77,technician,divorced,secondary,no,5957,yes,yes,telephone,1,3,failure,0
31,retired,single,tertiary,no,4760,yes,no,cellular,4,0,unknown,0
41,technician,married,secondary,no,12531,no,no,cellular,1,0,unknown,0
61,housemaid,married,tertiary,no,118,no,no,cellular,10,0,unknown,0
29,retired,married,primary,no,210,yes,no,unknown,2,0,unknown,0
28,management,single,secondary,no,1439,yes,no,cellular,1,0,unknown,1
29,blue-collar,married,primary,no,56,yes,no,cellular,1,0,unknown,0
30,housemaid,married,tertiary,no,-41,no,no,cellular,2,0,unknown,0
34,blue-collar,married,unknown,no,2157,no,no,telephone,3,2,unknown,0
29,technician,single,secondary,no,2929,no,no,cellular,1,0,unknown,0
53,technician,married,primary,no,99,no,no,unknown,6,0,success,0
58,services,married,secondary,no,1544,yes,no,cellular,2,0,unknown,0
38,blue-collar,married,tertiary,no,-72,yes,no,cellular,3,0,unknown,0
30,self-employed,married,tertiary,no,5039,no,no,cellular,1,0,other,1
35,admin.,married,secondary,no,1521,yes,no,cellular,25,0,unknown,0
32,technician,married,secondary,no,487,yes,no,cellular,7,0,unknown,0
55,services,married,secondary,no,3935,no,no,cellular,1,0,unknown,0
35,technician,single,secondary,no,5969,yes,no,telephone,5,0,unknown,0
50,blue-collar,married,tertiary,no,932,yes,no,cellular,1,0,failure,0
33,retired,married,secondary,no,456,no,no,cellular,2,2,unknown,0
49,management,married,secondary,no,0,no,no,unknown,2,0,failure,0
49,blue-collar,married,tertiary,no,1449,yes,no,cellular,1,4,unknown,0
32,retired,married,secondary,no,1370,yes,no,unknown,1,0,unknown,0
36,blue-collar,single,secondary,no,3990,no,no,cellular,1,0,unknown,0
55,technician,divorced,unknown,no,181,no,no,cellular,2,0,failure,0
52,blue-collar,married,secondary,no,0,no,yes,cellular,1,0,unknown,0
48,management,married,tertiary,no,2,yes,no,unknown,2,0,unknown,0
51,management,married,secondary,no,352,no,no,cellular,2,0,failure,0
32,unemployed,married,secondary,no,3057,yes,yes,unknown,1,0,unknown,0
55,technician,married,secondary,no,195,yes,no,cellular,4,0,failure,0
40,technician,single,primary,no,113,no,yes,cellular,1,0,failure,0
42,services,married,tertiary,no,85,yes,no,cellular,1,0,unknown,0
33,management,married,tertiary,no,1388,no,yes,cellular,3,0,unknown,0
37,blue-collar,married,secondary,no,210,yes,no,unknown,1,0,unknown,0
41,blue-collar,married,tertiary,no,0,no,no,cellular,1,0,unknown,0
35,blue-collar,married,primary,no,132,no,no,cellular,8,0,unknown,0
54,technician,married,secondary,no,-568,yes,no,telephone,7,0,unknown,0
50,admin.,married,secondary,no,747,yes,no,unknown,2,0,unknown,0
34,admin.,single,tertiary,no,2497,yes,no,unknown,4,0,failure,0
31,services,single,tertiary,no,3172,yes,no,cellular,1,0,unknown,0
32,unemployed,single,primary,no,-179,no,no,unknown,1,1,unknown,0
61,unemployed,married,tertiary,no,1416,yes,no,unknown,9,0,other,0
58,services,married,secondary,no,309,yes,no,cellular,4,0,unknown,0
39,technician,divorced,primary,no,124,yes,no,telephone,1,0,unknown,0
40,management,married,secondary,no,2581,no,no,cellular,1,0,unknown,0
58,blue-collar,divorced,secondary,no,480,no,no,telephone,1,0,unknown,1
64,blue-collar,single,unknown,no,895,no,no,unknown,3,0,unknown,0
32,admin.,divorced,secondary,no,478,yes,no,telephone,1,0,unknown,0
47,retired,single,primary,no,1086,yes,no,unknown,1,0,unknown,1
49,housemaid,married,tertiary,no,13,no,no,cellular,3,0,unknown,0
49,blue-collar,married,tertiary,no,340,no,no,cellular,1,0,unknown,0
22,services,married,secondary,no,0,yes,no,cellular,6,0,unknown,0
59,blue-collar,married,tertiary,no,1265,no,no,cellular,2,0,unknown,0
35,blue-collar,divorced,tertiary,no,178,no,no,cellular,1,0,other,0
36,self-employed,married,secondary,no,1572,yes,no,cellular,2,4,failure,0
50,technician,married,secondary,no,1847,yes,no,cellular,8,0,unknown,0
30,services,married,tertiary,no,161,no,yes,cellular,2,0,unknown,0
24,management,single,secondary,no,4089,yes,no,unknown,2,0,unknown,0
60,management,divorced,secondary,no,219,yes,no,cellular,1,3,unknown,1
57,retired,divorced,secondary,no,1341,no,no,cellular,1,0,unknown,0
33,management,married,secondary,no,225,yes,no,cellular,1,1,unknown,0
47,management,married,tertiary,no,921,no,no,cellular,1,0,unknown,0
41,admin.,married,tertiary,no,2303,yes,no,cellular,2,0,unknown,0
46,technician,divorced,secondary,no,2998,no,no,unknown,1,0,unknown,0
43,management,married,tertiary,no,33,no,no,cellular,1,0,unknown,0
59,management,divorced,secondary,no,8494,no,no,telephone,4,0,unknown,0
25,blue-collar,married,secondary,no,3451,yes,no,cellular,1,0,unknown,1
41,blue-collar,married,primary,no,117,no,no,unknown,2,0,unknown,0
36,management,married,secondary,no,1011,no,no,unknown,1,0,unknown,0
35,management,married,secondary,no,0,yes,no,cellular,2,0,failure,0
30,retired,single,secondary,no,266,no,no,cellular,24,0,unknown,0
36,services,divorced,secondary,no,435,yes,no,cellular,1,0,unknown,0
27,technician,divorced,secondary,no,149,no,no,cellular,1,3,unknown,0
26,admin.,married,tertiary,no,1053,yes,no,cellular,2,0,unknown,0
41,blue-collar,married,secondary,no,1666,yes,no,cellular,5,0,unknown,0
28,management,married,primary,no,-13,no,yes,unknown,2,0,unknown,0
42,management,married,unknown,no,-495,yes,yes,cellular,3,0,unknown,0
26,student,married,secondary,no,306,yes,no,unknown,5,0,unknown,0
57,services,married,tertiary,no,179,yes,no,unknown,1,4,unknown,0
33,technician,married,secondary,no,0,no,yes,cellular,1,6,unknown,0
36,unemployed,married,primary,no,606,yes,no,telephone,3,0,failure,0
40,admin.,single,tertiary,no,0,yes,no,cellular,1,0,unknown,1
41,technician,married,tertiary,no,1660,yes,no,cellular,3,0,failure,0
34,unemployed,single,tertiary,no,1511,no,no,telephone,6,3,unknown,1
42,management,married,secondary,no,294,no,no,telephone,1,0,unknown,0
29,blue-collar,married,tertiary,no,1467,no,no,cellular,2,0,unknown,0
32,blue-collar,married,secondary,no,2,no,no,cellular,14,0,unknown,0
53,management,married,secondary,no,4,no,yes,cellular,2,1,unknown,0
36,blue-collar,married,secondary,no,745,no,no,unknown,6,0,unknown,0
25,self-employed,married,unknown,no,26,yes,no,unknown,1,0,unknown,0
58,blue-collar,single,tertiary,no,537,yes,no,unknown,2,2,unknown,0
53,services,married,tertiary,no,130,no,no,unknown,2,0,unknown,0
36,management,married,primary,no,-422,no,no,cellular,2,0,unknown,0
40,blue-collar,married,primary,no,677,yes,no,cellular,2,0,other,0
60,self-employed,single,secondary,no,997,yes,no,cellular,6,0,unknown,0
28,housemaid,married,tertiary,no,825,yes,no,unknown,4,0,unknown,1
80,admin.,divorced,tertiary,no,4170,yes,no,unknown,1,9,unknown,1
52,retired,married,unknown,no,302,yes,no,cellular,1,1,unknown,0
29,unknown,single,tertiary,no,-97,yes,no,cellular,2,0,unknown,0
26,technician,married,tertiary,no,1218,no,no,telephone,2,0,failure,0
38,entrepreneur,married,primary,no,60,yes,no,cellular,2,0,unknown,0
43,self-employed,single,secondary,no,0,yes,no,telephone,3,0,unknown,0
27,blue-collar,married,tertiary,no,13,no,no,unknown,2,0,unknown,0
51,blue-collar,married,secondary,no,462,no,no,unknown,1,0,unknown,0
27,admin.,single,tertiary,yes,4717,yes,no,unknown,5,0,unknown,0
31,technician,married,tertiary,no,808,yes,no,unknown,1,3,unknown,0
41,services,married,primary,no,112,yes,no,cellular,1,0,unknown,1
25,housemaid,married,tertiary,no,-55,no,no,cellular,3,0,unknown,1
44,services,divorced,secondary,no,3334,yes,no,cellular,2,0,unknown,0
25,technician,single,tertiary,no,748,yes,yes,cellular,3,3,unknown,0
45,admin.,married,primary,no,500,no,no,telephone,5,0,unknown,0
71,management,married,secondary,no,760,yes,no,cellular,2,0,unknown,0
24,blue-collar,single,tertiary,no,9,yes,no,cellular,2,4,unknown,0
34,blue-collar,single,secondary,no,51,yes,no,unknown,4,0,unknown,0
32,management,married,secondary,no,447,no,no,cellular,2,1,unknown,0
42,management,married,primary,no,-14,yes,no,unknown,1,0,unknown,0
59,technician,single,tertiary,no,1602,no,no,cellular,1,0,unknown,0
46,management,single,secondary,no,16430,no,no,telephone,1,0,unknown,0
32,admin.,married,secondary,no,435,yes,no,cellular,1,0,unknown,0
57,self-employed,single,tertiary,no,30,no,no,cellular,1,0,unknown,0
58,student,married,secondary,no,14058,no,no,telephone,2,0,unknown,1
32,management,married,secondary,no,0,yes,no,cellular,5,0,unknown,1
34,housemaid,married,unknown,no,3672,yes,no,cellular,8,0,unknown,0
54,management,married,tertiary,no,-762,yes,no,unknown,1,0,success,0
58,admin.,single,secondary,no,-189,no,no,cellular,1,6,unknown,1
39,technician,married,secondary,no,1,yes,no,cellular,6,0,unknown,0
30,technician,married,secondary,no,390,yes,no,cellular,4,0,unknown,0
54,blue-collar,married,tertiary,no,266,no,no,cellular,4,0,unknown,0
45,services,married,secondary,no,478,no,no,cellular,2,0,unknown,0
44,technician,married,secondary,no,154,yes,no,cellular,1,0,unknown,0
30,technician,married,tertiary,no,220,no,yes,cellular,1,0,unknown,0
46,blue-collar,married,tertiary,yes,310,no,no,cellular,1,0,unknown,0
49,retired,single,secondary,no,1464,yes,no,unknown,1,0,unknown,0
40,technician,married,secondary,no,39,yes,no,cellular,5,0,unknown,0
34,admin.,single,secondary,no,428,yes,no,unknown,1,0,unknown,1
38,admin.,married,tertiary,no,431,yes,no,cellular,8,0,other,0
33,admin.,single,secondary,no,5803,no,no,unknown,1,0,unknown,0
48,management,married,secondary,no,435,yes,no,cellular,6,0,unknown,0
30,management,married,tertiary,yes,696,yes,no,unknown,4,0,unknown,0
37,management,married,secondary,no,751,no,no,unknown,6,0,unknown,0
77,management,married,tertiary,no,-932,yes,no,cellular,1,0,unknown,0
36,services,married,secondary,no,83,no,no,cellular,3,0,unknown,1
42,technician,single,primary,no,6411,no,no,cellular,2,0,unknown,0
42,blue-collar,single,secondary,no,14,no,no,telephone,1,2,unknown,0
34,blue-collar,single,secondary,no,1905,yes,no,cellular,2,0,unknown,0
79,management,single,secondary,no,0,yes,yes,unknown,1,0,unknown,0
49,blue-collar,married,tertiary,no,0,yes,no,telephone,1,0,unknown,0
57,services,single,tertiary,no,-29,no,no,cellular,3,0,failure,0
51,admin.,married,secondary,no,2087,yes,no,cellular,2,14,unknown,0
48,technician,single,primary,no,2304,yes,no,cellular,1,0,unknown,0
36,management,single,secondary,no,334,no,no,unknown,2,0,failure,0
43,technician,married,primary,no,0,no,no,cellular,1,0,success,0
33,housemaid,single,secondary,no,2144,yes,no,unknown,2,0,unknown,0
53,blue-collar,married,secondary,no,640,yes,yes,cellular,1,0,unknown,0
26,management,married,tertiary,no,46,yes,yes,cellular,3,7,failure,0
52,admin.,married,secondary,no,604,no,no,cellular,1,0,success,0
51,admin.,married,secondary,no,0,no,no,unknown,2,0,unknown,0
58,technician,single,primary,no,5122,no,no,telephone,3,0,unknown,0
45,unemployed,married,tertiary,no,123,yes,no,unknown,16,0,unknown,0
57,services,married,secondary,no,10218,no,yes,cellular,5,0,unknown,1
57,management,married,primary,no,255,no,yes,cellular,1,0,unknown,0
36,blue-collar,married,secondary,no,50,yes,yes,unknown,1,1,success,0
69,management,married,secondary,no,7290,yes,no,unknown,3,0,failure,0
40,blue-collar,married,secondary,no,-333,yes,no,cellular,3,0,success,0
57,blue-collar,single,secondary,no,6,yes,no,unknown,1,0,unknown,0
46,management,single,unknown,no,2185,no,no,cellular,1,0,unknown,0
31,blue-collar,married,secondary,no,16,no,yes,cellular,1,3,failure,0
53,services,married,tertiary,no,2,yes,no,cellular,1,0,unknown,0
35,management,married,secondary,no,1094,yes,no,cellular,7,0,unknown,1
36,technician,married,secondary,no,7337,no,no,unknown,1,0,failure,0
48,admin.,married,tertiary,no,105,yes,no,unknown,2,0,success,0
79,services,single,tertiary,no,796,yes,no,unknown,2,0,unknown,0
51,services,single,tertiary,no,-282,yes,no,cellular,3,0,unknown,0
31,blue-collar,divorced,secondary,no,4888,yes,no,cellular,2,0,unknown,0
39,technician,married,secondary,no,148,no,no,cellular,2,4,unknown,0
37,technician,married,secondary,no,2629,yes,no,unknown,1,0,unknown,0
26,blue-collar,single,secondary,no,-139,yes,yes,cellular,2,0,unknown,0
33,entrepreneur,married,primary,no,95,no,no,cellular,4,0,failure,0
54,technician,married,tertiary,no,0,no,yes,unknown,2,7,unknown,0
39,services,single,secondary,no,132,yes,no,unknown,1,0,other,0
39,retired,married,primary,no,-1212,yes,yes,cellular,4,0,failure,0
36,services,married,secondary,no,641,no,no,unknown,4,0,unknown,1
73,blue-collar,single,secondary,no,198,yes,no,cellular,3,0,unknown,1
56,technician,single,tertiary,no,0,no,yes,cellular,13,0,unknown,0
38,student,married,tertiary,no,203,no,yes,cellular,1,0,failure,1
30,blue-collar,single,secondary,no,4210,yes,no,cellular,1,2,unknown,0
39,management,married,secondary,no,16,yes,yes,cellular,1,0,unknown,0
37,technician,single,secondary,no,171,yes,no,cellular,2,2,unknown,1
41,admin.,single,primary,no,282,no,no,cellular,2,0,unknown,1
46,unemployed,married,primary,no,541,yes,no,cellular,1,0,unknown,0
42,management,single,primary,no,4888,yes,no,cellular,1,0,unknown,0
58,retired,divorced,primary,no,0,no,no,cellular,2,0,unknown,0
50,retired,single,secondary,no,-26,no,no,cellular,5,0,unknown,0
34,technician,single,tertiary,no,1314,no,no,unknown,1,0,unknown,0
29,services,single,secondary,no,470,yes,yes,cellular,1,0,unknown,0
43,admin.,single,secondary,no,544,no,no,cellular,5,0,unknown,1
41,blue-collar,married,tertiary,no,288,yes,no,unknown,5,0,unknown,0
33,blue-collar,married,primary,no,-396,no,no,cellular,2,0,unknown,0
57,blue-collar,married,primary,no,847,yes,no,unknown,3,0,unknown,0
32,blue-collar,married,secondary,no,381,yes,no,cellular,2,1,unknown,0
45,technician,married,tertiary,no,18347,yes,no,cellular,1,0,unknown,0
29,blue-collar,single,primary,no,888,yes,no,cellular,1,0,other,0
40,admin.,divorced,primary,no,1906,no,no,cellular,1,0,unknown,0
45,blue-collar,single,tertiary,no,51,no,no,cellular,2,1,unknown,0
41,blue-collar,divorced,secondary,no,259,yes,no,cellular,3,0,unknown,0
58,admin.,divorced,secondary,no,8,yes,no,cellular,2,0,unknown,0
29,housemaid,single,secondary,no,0,no,no,cellular,2,0,unknown,0
31,management,married,secondary,no,453,no,no,cellular,1,1,unknown,0
41,management,married,secondary,no,302,yes,no,cellular,1,0,unknown,0
42,management,divorced,secondary,no,102,yes,yes,cellular,1,0,unknown,0
48,blue-collar,married,secondary,no,699,no,no,cellular,1,0,unknown,0
49,services,single,tertiary,no,-522,no,yes,unknown,3,0,unknown,0
49,entrepreneur,single,secondary,no,-91,yes,no,telephone,3,0,unknown,1
36,management,single,primary,no,14,yes,no,cellular,1,0,other,0
32,admin.,divorced,secondary,no,4012,no,yes,cellular,2,2,unknown,0
36,self-employed,married,tertiary,no,0,yes,no,cellular,1,0,unknown,1
42,services,single,primary,no,586,no,no,cellular,17,0,failure,0
32,technician,married,tertiary,no,0,yes,no,unknown,1,1,unknown,0
51,management,married,secondary,no,480,yes,no,cellular,1,1,unknown,0
57,management,married,unknown,no,109,yes,no,unknown,2,0,unknown,0
37,services,single,primary,no,1671,no,no,unknown,28,0,unknown,0
32,self-employed,single,tertiary,no,9,yes,no,unknown,19,0,unknown,0
32,management,single,tertiary,no,71188,yes,no,cellular,3,4,success,0
31,unknown,married,secondary,no,2059,yes,no,cellular,9,0,failure,0
48,admin.,married,tertiary,no,130,no,no,cellular,4,0,unknown,0
36,admin.,married,secondary,no,164,yes,no,unknown,2,1,unknown,0
51,blue-collar,married,secondary,no,3357,yes,no,cellular,4,0,failure,0
53,admin.,single,secondary,no,705,yes,no,cellular,2,0,unknown,0
47,management,divorced,secondary,no,3694,yes,no,cellular,1,0,unknown,1
33,blue-collar,married,primary,no,6637,no,no,cellular,2,0,failure,0
38,technician,single,tertiary,no,5563,yes,no,cellular,1,0,unknown,0
36,blue-collar,married,primary,no,72,no,no,cellular,12,3,unknown,0
33,blue-collar,single,secondary,no,57,no,no,unknown,4,0,unknown,0
36,management,single,secondary,no,4210,yes,no,cellular,2,0,unknown,0
31,technician,married,secondary,no,6095,yes,no,unknown,7,1,unknown,0
32,self-employed,married,tertiary,no,310,yes,no,cellular,2,2,unknown,0
31,blue-collar,married,tertiary,no,267,yes,no,cellular,1,3,unknown,0
55,entrepreneur,single,tertiary,no,0,no,no,unknown,1,0,unknown,0
35,unemployed,married,secondary,no,-630,yes,yes,cellular,1,0,unknown,0
77,management,single,secondary,no,382,no,no,telephone,1,0,unknown,0
35,blue-collar,divorced,secondary,no,2395,yes,yes,unknown,1,0,failure,0
38,management,married,secondary,no,0,no,yes,cellular,2,3,unknown,0
48,entrepreneur,divorced,primary,no,2540,yes,no,cellular,1,0,unknown,0
42,unemployed,married,secondary,no,226,no,no,cellular,5,0,unknown,0
35,technician,married,primary,no,7066,no,no,cellular,4,0,success,0
46,admin.,married,tertiary,no,2,yes,yes,cellular,1,7,unknown,1
38,student,married,secondary,no,25,yes,no,cellular,3,0,unknown,0
49,blue-collar,married,secondary,no,4348,no,no,unknown,2,0,unknown,0
32,self-employed,single,secondary,no,119,no,no,unknown,1,0,unknown,0
48,admin.,divorced,primary,no,1233,yes,no,unknown,2,0,unknown,0
35,management,married,primary,no,92,yes,no,unknown,2,0,failure,0
52,services,married,secondary,no,542,no,no,cellular,2,0,failure,0
54,management,divorced,secondary,no,99,no,yes,cellular,5,1,unknown,0
34,management,married,tertiary,no,0,yes,yes,telephone,9,2,unknown,1
30,technician,married,tertiary,no,2098,yes,no,unknown,1,0,failure,0
27,retired,married,tertiary,no,3333,yes,no,cellular,4,0,success,0
32,retired,single,tertiary,no,584,yes,yes,cellular,3,0,failure,0
26,technician,single,secondary,no,64,no,no,unknown,1,2,unknown,0
61,housemaid,single,tertiary,no,351,yes,no,cellular,6,0,unknown,0
42,student,married,secondary,no,1453,yes,no,cellular,1,0,unknown,0
49,management,single,secondary,no,0,no,no,unknown,1,0,unknown,0
30,technician,single,tertiary,no,1298,no,no,cellular,2,0,unknown,0
30,services,single,secondary,no,373,yes,no,cellular,1,0,failure,0
28,housemaid,married,secondary,no,64,yes,yes,unknown,1,1,unknown,1
41,self-employed,divorced,unknown,no,4820,no,no,unknown,1,0,unknown,0
34,management,married,secondary,no,839,yes,no,telephone,4,0,unknown,0
39,technician,married,primary,no,2597,yes,no,unknown,1,0,unknown,1
31,blue-collar,married,primary,no,230,no,no,telephone,4,0,failure,0
30,management,married,secondary,no,608,yes,no,cellular,1,0,other,0
43,management,married,primary,no,2237,no,no,cellular,4,1,unknown,0
41,blue-collar,married,tertiary,no,471,no,no,unknown,1,0,failure,0
51,services,married,secondary,no,205,no,yes,cellular,1,0,unknown,0
23,technician,married,tertiary,no,353,yes,no,unknown,1,0,unknown,0
42,entrepreneur,married,primary,no,3897,yes,yes,cellular,2,3,unknown,1
58,technician,married,secondary,no,795,no,no,cellular,1,0,failure,0
34,unemployed,married,secondary,no,47,yes,no,cellular,3,0,unknown,0
34,management,married,tertiary,no,162,no,no,cellular,2,0,unknown,0
43,management,single,tertiary,no,112,no,no,cellular,2,0,unknown,0
30,management,married,secondary,no,168,no,no,telephone,2,0,unknown,0
35,blue-collar,married,secondary,no,-905,no,no,cellular,6,0,failure,0
34,student,married,tertiary,no,-365,no,no,unknown,4,0,unknown,0
33,admin.,married,tertiary,no,13,no,no,cellular,1,0,success,0
38,unemployed,divorced,primary,no,1372,yes,no,cellular,3,0,unknown,0
46,technician,single,unknown,no,977,yes,no,cellular,1,0,unknown,0
35,blue-collar,divorced,secondary,no,317,yes,yes,cellular,1,0,unknown,0
31,blue-collar,married,secondary,no,480,yes,no,unknown,1,0,unknown,1
54,technician,married,primary,no,6637,yes,no,unknown,11,2,failure,0
57,management,married,tertiary,no,476,no,yes,cellular,1,0,other,0
33,retired,married,secondary,no,2398,no,no,telephone,1,0,unknown,0
33,services,married,secondary,no,61,yes,no,unknown,23,0,success,0
27,blue-collar,married,tertiary,no,2273,no,no,cellular,1,0,unknown,0
48,admin.,married,secondary,no,888,yes,no,cellular,2,3,unknown,0
45,blue-collar,divorced,tertiary,no,474,yes,no,cellular,1,0,unknown,0
52,student,married,secondary,no,639,yes,no,unknown,1,0,unknown,0
55,admin.,married,primary,no,365,yes,no,cellular,12,0,unknown,0
57,blue-collar,single,tertiary,no,-35,yes,no,cellular,9,0,unknown,0
56,management,married,tertiary,no,405,no,no,cellular,7,0,unknown,0
37,technician,married,secondary,no,5106,yes,no,telephone,2,0,unknown,0
43,technician,single,secondary,no,2262,no,no,cellular,2,3,unknown,0
57,technician,married,secondary,no,4684,yes,no,cellular,2,0,unknown,0
29,management,married,secondary,no,290,yes,no,cellular,2,0,unknown,0
50,technician,married,secondary,no,3339,no,no,cellular,9,0,unknown,1
35,services,married,primary,no,0,no,no,unknown,1,0,unknown,0
79,management,married,secondary,no,661,no,no,telephone,3,0,unknown,0
37,management,married,primary,no,174,yes,yes,cellular,2,0,unknown,0
53,management,married,secondary,no,1,no,no,telephone,4,0,unknown,0
87,unemployed,divorced,secondary,no,1281,yes,no,unknown,2,2,unknown,0
49,technician,married,secondary,no,586,yes,yes,cellular,3,3,unknown,0
44,unemployed,married,secondary,no,0,no,no,cellular,1,0,unknown,0
43,housemaid,married,secondary,no,93,yes,no,cellular,1,0,unknown,0
41,technician,married,secondary,no,691,no,no,cellular,1,0,unknown,0
36,blue-collar,married,tertiary,no,87,no,no,cellular,2,0,unknown,0
34,management,married,secondary,no,2590,no,no,unknown,1,0,unknown,1
30,blue-collar,divorced,secondary,no,5564,no,no,cellular,2,0,unknown,0
28,management,married,secondary,no,50,yes,no,unknown,2,0,unknown,0
42,unemployed,married,tertiary,no,2715,yes,no,cellular,2,0,unknown,0
50,technician,single,secondary,no,0,yes,no,unknown,1,0,unknown,0
43,management,married,tertiary,no,-54,no,no,unknown,2,0,unknown,1
56,housemaid,married,secondary,no,-452,yes,no,unknown,2,0,unknown,0
55,blue-collar,divorced,secondary,no,-1680,yes,no,unknown,2,2,unknown,1
37,blue-collar,married,tertiary,no,2374,yes,no,telephone,1,0,success,0
39,blue-collar,married,primary,no,308,no,no,cellular,1,0,unknown,0
43,admin.,married,primary,no,804,yes,yes,cellular,6,0,unknown,0
40,technician,married,unknown,no,104,no,no,unknown,1,0,unknown,1
59,blue-collar,single,secondary,no,75,yes,no,cellular,4,0,failure,0
41,services,single,tertiary,no,-230,no,yes,unknown,1,0,other,0
55,services,married,secondary,yes,225,no,no,cellular,5,0,success,1
30,management,married,primary,no,0,yes,no,unknown,1,0,unknown,0
54,blue-collar,single,primary,no,2543,yes,no,cellular,1,0,unknown,0
31,blue-collar,married,secondary,no,7343,no,no,unknown,1,0,unknown,1
48,blue-collar,single,tertiary,no,2987,no,no,cellular,1,0,unknown,0
48,admin.,married,secondary,no,4015,yes,no,cellular,2,0,unknown,0
43,admin.,married,primary,no,199,no,no,cellular,5,0,failure,0
38,admin.,single,tertiary,no,33,no,no,cellular,1,0,failure,0
26,blue-collar,married,secondary,no,1787,yes,no,unknown,2,0,unknown,0
57,self-employed,single,secondary,no,3196,no,no,cellular,13,2,unknown,0
33,services,single,tertiary,no,2749,yes,no,cellular,1,0,other,0
50,entrepreneur,single,primary,no,1164,yes,no,unknown,6,0,unknown,0
42,services,married,tertiary,no,837,no,no,cellular,6,2,unknown,0
53,self-employed,married,tertiary,no,-8,yes,no,cellular,1,0,unknown,0
51,self-employed,single,secondary,no,0,no,no,telephone,3,0,unknown,0
40,unemployed,single,secondary,no,2881,no,no,unknown,1,0,other,0
37,technician,married,secondary,no,0,no,no,cellular,2,0,unknown,0
35,technician,divorced,secondary,no,2418,no,no,telephone,2,0,unknown,0
38,management,married,tertiary,no,501,yes,no,cellular,4,0,unknown,0
70,blue-collar,single,tertiary,no,224,yes,no,cellular,2,0,unknown,0
24,blue-collar,married,secondary,no,44,yes,no,unknown,1,0,unknown,0
25,technician,single,tertiary,no,1278,yes,no,cellular,1,0,unknown,0
37,technician,married,tertiary,no,3496,yes,no,unknown,1,0,unknown,0
30,student,married,primary,no,108,yes,yes,cellular,1,0,unknown,0
47,management,married,primary,no,102,yes,no,unknown,4,0,failure,0
37,management,married,tertiary,no,-230,no,no,cellular,2,0,unknown,0
60,technician,married,secondary,no,23,yes,no,cellular,3,0,unknown,0
40,technician,married,secondary,no,670,yes,no,telephone,1,0,unknown,0
46,management,divorced,primary,no,2157,no,no,unknown,2,0,unknown,0
30,services,divorced,primary,no,-113,no,no,cellular,4,0,unknown,1
49,services,divorced,tertiary,no,876,yes,no,cellular,2,0,unknown,0
38,technician,married,primary,no,0,no,yes,cellular,1,0,unknown,0
42,blue-collar,married,tertiary,no,500,no,no,cellular,2,0,other,1
41,technician,divorced,secondary,no,-333,no,no,cellular,1,0,unknown,0
33,management,single,secondary,no,-105,yes,no,cellular,2,0,unknown,0
54,technician,single,secondary,no,7041,yes,no,unknown,1,0,unknown,0
46,blue-collar,married,tertiary,no,2142,yes,no,cellular,1,0,unknown,0
40,self-employed,married,secondary,no,1594,no,yes,telephone,3,1,unknown,0
31,admin.,single,tertiary,no,868,yes,yes,cellular,1,0,unknown,0
40,management,single,primary,no,997,yes,no,cellular,9,0,unknown,0
50,technician,married,tertiary,no,132,no,yes,cellular,3,0,unknown,0
34,self-employed,divorced,tertiary,no,1067,yes,no,unknown,2,0,other,0
47,services,married,secondary,no,9009,yes,no,cellular,2,1,unknown,0
22,housemaid,married,secondary,no,35,yes,no,cellular,1,0,unknown,0
29,technician,single,tertiary,no,76,no,yes,telephone,2,0,failure,0
54,retired,divorced,secondary,no,29,no,no,cellular,1,0,unknown,0
48,services,married,tertiary,no,1,yes,no,unknown,2,1,unknown,0
66,management,married,secondary,no,88,no,no,unknown,25,0,unknown,0
49,technician,single,secondary,no,4194,no,no,cellular,1,0,unknown,0
30,technician,married,tertiary,no,372,no,no,cellular,2,0,unknown,0
37,technician,married,secondary,no,2067,no,no,unknown,2,1,unknown,0
28,technician,single,primary,no,0,no,yes,telephone,3,0,unknown,0
31,self-employed,married,secondary,no,157,no,no,unknown,4,0,unknown,1
47,unemployed,married,primary,no,214,no,yes,cellular,1,0,success,0
44,blue-collar,single,secondary,no,2033,no,no,cellular,5,1,unknown,0
56,technician,married,secondary,no,-20,no,yes,cellular,5,0,unknown,0
38,management,married,tertiary,no,7041,yes,no,cellular,1,0,unknown,0
28,blue-collar,married,secondary,no,763,yes,no,unknown,1,0,unknown,0
61,self-employed,single,secondary,no,518,no,yes,unknown,1,0,unknown,0
46,technician,divorced,primary,no,212,no,no,unknown,1,0,unknown,0
46,blue-collar,single,secondary,no,342,no,no,cellular,11,0,unknown,0
45,blue-collar,single,tertiary,no,199,yes,yes,cellular,4,1,unknown,0
56,blue-collar,single,secondary,no,1191,yes,no,unknown,2,0,unknown,0
47,management,married,secondary,no,-206,yes,yes,unknown,5,0,unknown,0
23,technician,divorced,tertiary,no,630,no,no,cellular,1,6,unknown,0
30,services,married,secondary,no,26394,yes,no,unknown,1,0,other,0
46,technician,married,tertiary,no,430,yes,no,unknown,6,0,unknown,1
38,management,married,secondary,no,2830,yes,no,cellular,1,3,failure,0
27,entrepreneur,married,secondary,no,3897,yes,yes,cellular,2,2,unknown,0
58,management,married,secondary,no,209,no,no,cellular,2,0,unknown,0
31,housemaid,single,tertiary,no,691,yes,no,unknown,16,0,unknown,0
49,self-employed,married,primary,no,4232,no,no,unknown,1,0,unknown,0
40,technician,married,tertiary,no,61,yes,no,cellular,3,2,unknown,0
51,management,married,tertiary,yes,7317,yes,no,cellular,1,0,unknown,0
24,admin.,divorced,tertiary,no,-219,yes,no,cellular,2,0,unknown,0
58,entrepreneur,married,unknown,no,490,yes,no,cellular,1,3,other,0
49,unemployed,married,tertiary,no,0,yes,no,cellular,1,1,unknown,1
61,blue-collar,single,tertiary,no,11971,yes,no,cellular,1,0,failure,1
26,admin.,married,tertiary,no,872,no,no,unknown,2,2,unknown,0
21,technician,married,secondary,no,1029,no,no,cellular,2,0,failure,0
35,admin.,single,tertiary,no,0,no,no,cellular,1,0,unknown,1
36,technician,single,primary,no,625,yes,yes,cellular,1,0,unknown,1
55,technician,single,primary,no,251,yes,no,cellular,5,0,unknown,1
27,technician,married,secondary,no,-465,yes,no,unknown,2,0,failure,0
35,blue-collar,married,unknown,no,381,yes,no,unknown,2,2,unknown,0
42,services,married,tertiary,no,194,yes,no,cellular,4,0,other,1
57,management,married,tertiary,no,11,no,no,unknown,9,0,unknown,0
57,blue-collar,married,secondary,yes,2155,yes,no,cellular,2,0,unknown,0
50,admin.,divorced,secondary,no,883,yes,yes,unknown,4,0,unknown,0
36,blue-collar,single,tertiary,no,178,no,no,cellular,5,0,other,1
47,retired,married,tertiary,no,433,no,no,cellular,2,0,unknown,1
50,blue-collar,divorced,primary,no,2544,yes,no,unknown,1,0,unknown,0
51,technician,divorced,secondary,no,226,yes,yes,unknown,2,0,unknown,0
30,blue-collar,married,tertiary,no,221,yes,yes,cellular,1,0,unknown,0
56,self-employed,married,tertiary,no,4089,no,no,cellular,1,0,unknown,0
34,blue-collar,married,tertiary,no,2408,yes,no,unknown,1,0,unknown,0
37,entrepreneur,married,tertiary,no,578,no,no,unknown,2,0,other,0
27,technician,single,tertiary,no,182,no,no,unknown,3,12,unknown,0
45,admin.,divorced,tertiary,no,-218,no,no,cellular,1,0,unknown,1
37,management,married,secondary,no,62,no,no,cellular,1,0,unknown,0
59,management,married,secondary,no,75,no,no,cellular,7,0,unknown,0
23,blue-collar,married,secondary,no,1210,yes,no,unknown,4,0,unknown,0
40,retired,married,secondary,no,71188,yes,no,cellular,2,0,unknown,0
40,management,single,secondary,no,5564,yes,no,unknown,1,0,unknown,1
53,technician,married,tertiary,no,172,no,no,cellular,2,0,unknown,0
43,admin.,married,tertiary,no,636,yes,no,unknown,1,0,unknown,0
52,retired,single,tertiary,no,242,yes,yes,unknown,5,9,unknown,0
28,blue-collar,married,secondary,no,656,yes,no,unknown,3,0,unknown,0
60,admin.,married,secondary,no,113,yes,no,cellular,2,0,unknown,0
48,management,single,tertiary,no,977,yes,no,cellular,2,1,unknown,0
51,technician,married,secondary,no,2749,no,no,cellular,5,0,unknown,0
57,blue-collar,divorced,tertiary,no,2125,no,no,telephone,2,0,unknown,0
40,housemaid,married,secondary,no,427,no,no,unknown,3,1,unknown,0
51,management,married,secondary,no,490,yes,no,cellular,1,0,unknown,0
35,blue-collar,single,secondary,no,748,yes,no,cellular,1,0,unknown,0
49,management,married,tertiary,no,2443,no,no,cellular,10,0,other,0
45,management,single,secondary,no,358,yes,no,cellular,4,0,unknown,0
34,management,married,tertiary,no,2893,yes,no,cellular,1,0,unknown,0
55,management,married,tertiary,no,6483,no,yes,unknown,2,1,unknown,0
34,management,married,primary,no,403,no,no,unknown,1,0,unknown,0
28,self-employed,married,tertiary,no,1141,no,no,cellular,1,0,unknown,0
36,retired,married,tertiary,no,1518,no,yes,cellular,1,1,other,0
37,technician,single,tertiary,no,3733,yes,no,cellular,2,0,failure,0
28,blue-collar,divorced,secondary,no,81,no,no,cellular,3,0,unknown,0
50,self-employed,single,secondary,no,5450,yes,no,cellular,5,0,unknown,0
31,management,single,tertiary,no,1772,yes,no,cellular,1,0,unknown,0
32,student,single,tertiary,no,239,no,no,cellular,1,1,unknown,0
25,technician,married,primary,no,0,yes,yes,cellular,2,0,unknown,0
55,blue-collar,married,secondary,no,-94,yes,no,cellular,1,0,unknown,0
53,technician,divorced,secondary,no,208,no,no,cellular,1,2,unknown,0
31,blue-collar,married,tertiary,no,-932,no,yes,cellular,2,2,unknown,0
31,blue-collar,married,secondary,no,1792,yes,no,cellular,2,0,unknown,0
31,entrepreneur,married,tertiary,no,15311,no,no,cellular,1,0,unknown,0
45,management,married,primary,no,-459,yes,no,cellular,2,0,failure,0
34,services,married,tertiary,no,83,yes,no,unknown,2,0,unknown,0
37,admin.,married,secondary,no,2189,yes,no,cellular,1,4,unknown,0
42,retired,married,primary,no,478,yes,no,unknown,5,0,unknown,0
38,technician,married,primary,no,247,yes,no,unknown,2,0,unknown,0
37,management,married,secondary,no,21244,no,no,cellular,4,0,unknown,0
63,blue-collar,married,secondary,no,8304,yes,no,unknown,2,3,unknown,0
36,blue-collar,married,secondary,no,137,no,no,cellular,1,0,unknown,0
34,management,married,primary,no,27069,yes,no,cellular,1,0,unknown,0
28,unemployed,single,secondary,no,15,yes,no,cellular,6,0,unknown,0
51,unemployed,single,secondary,no,443,yes,no,cellular,1,0,unknown,1
48,services,single,primary,no,8004,yes,yes,unknown,1,0,unknown,0
34,management,married,secondary,no,1570,yes,yes,cellular,1,0,unknown,0
46,services,married,primary,no,2,yes,no,cellular,2,0,unknown,0
34,retired,single,secondary,no,12531,no,yes,unknown,7,0,unknown,0
31,services,married,tertiary,no,176,yes,no,cellular,3,7,failure,0
58,blue-collar,single,secondary,no,286,yes,no,cellular,1,0,unknown,0
39,management,married,secondary,no,147,yes,no,telephone,2,0,unknown,0
36,self-employed,divorced,secondary,no,3242,no,no,cellular,9,0,unknown,0
52,technician,married,tertiary,no,-219,no,no,cellular,1,0,unknown,0
22,student,married,tertiary,no,131,yes,no,cellular,2,0,unknown,1
62,technician,married,secondary,no,0,yes,no,cellular,1,0,unknown,0
28,blue-collar,married,secondary,no,1372,no,yes,unknown,6,0,failure,0
37,technician,married,tertiary,no,3514,yes,no,cellular,4,0,failure,0
34,retired,married,primary,no,-378,no,no,cellular,3,0,unknown,0
28,entrepreneur,married,secondary,no,356,yes,no,unknown,2,0,unknown,0
60,student,single,primary,no,255,yes,no,cellular,16,0,unknown,0
37,technician,married,tertiary,no,5887,yes,no,unknown,1,0,unknown,0
33,self-employed,divorced,unknown,no,-679,no,no,cellular,2,0,unknown,0
35,blue-collar,married,secondary,no,0,no,yes,unknown,2,0,unknown,0
34,admin.,single,tertiary,no,-872,yes,no,unknown,2,0,unknown,0
44,technician,divorced,tertiary,no,189,yes,no,cellular,1,0,unknown,0
40,retired,single,tertiary,no,703,no,no,cellular,4,0,other,0
47,technician,married,tertiary,no,96,yes,no,cellular,1,0,failure,0
40,blue-collar,divorced,primary,no,-278,yes,no,cellular,2,0,success,0
46,management,single,tertiary,no,1309,no,yes,cellular,1,0,unknown,0
38,admin.,married,secondary,no,543,no,no,cellular,2,0,unknown,0
48,blue-collar,single,secondary,no,878,yes,no,unknown,1,0,other,0
58,management,married,tertiary,no,70,yes,no,unknown,4,0,unknown,0
37,blue-collar,married,secondary,yes,286,yes,no,cellular,6,1,unknown,0
27,technician,single,tertiary,no,1876,no,no,unknown,2,1,unknown,0
49,admin.,married,tertiary,no,7944,no,yes,cellular,4,0,unknown,0
39,admin.,divorced,primary,no,616,yes,no,cellular,2,0,unknown,0
30,technician,single,primary,no,0,yes,no,telephone,6,0,unknown,0
29,management,single,secondary,no,515,yes,no,cellular,1,0,unknown,0
46,retired,married,secondary,no,0,yes,no,unknown,1,0,failure,0
37,admin.,married,secondary,no,1784,yes,no,cellular,2,0,unknown,1
45,management,divorced,tertiary,no,411,yes,no,cellular,2,0,success,0
39,services,married,secondary,no,71,yes,no,cellular,3,0,unknown,0
31,self-employed,married,secondary,no,2506,yes,no,unknown,1,0,failure,0
39,technician,married,secondary,no,253,yes,no,telephone,3,0,failure,0
44,admin.,married,tertiary,no,188,yes,no,cellular,1,0,unknown,0
53,technician,married,secondary,no,1670,no,no,cellular,1,1,unknown,0
39,blue-collar,single,tertiary,no,117,no,yes,cellular,1,0,unknown,0
46,services,married,secondary,yes,-206,yes,no,cellular,3,0,failure,0
47,housemaid,married,tertiary,no,91,yes,no,cellular,2,1,unknown,0
39,blue-collar,single,secondary,no,0,yes,no,unknown,4,0,unknown,0
56,blue-collar,married,unknown,no,235,yes,no,cellular,1,0,unknown,0
51,technician,married,secondary,no,306,no,yes,cellular,2,4,unknown,0
36,housemaid,divorced,tertiary,no,-7,yes,no,cellular,2,0,unknown,0
57,admin.,single,secondary,no,338,no,no,cellular,2,0,unknown,0
37,technician,married,tertiary,no,3074,yes,no,cellular,1,1,unknown,0
51,housemaid,married,secondary,no,64,yes,no,telephone,1,0,unknown,0
37,technician,married,secondary,yes,324,no,no,unknown,3,0,unknown,0
34,housemaid,single,primary,no,1314,yes,yes,cellular,1,0,unknown,0
45,housemaid,married,primary,no,6880,yes,no,cellular,6,2,unknown,0
37,management,single,secondary,no,473,yes,yes,cellular,6,0,unknown,1
26,technician,married,primary,no,15,no,no,unknown,1,0,failure,1
27,self-employed,married,unknown,no,3872,yes,no,cellular,1,4,unknown,0
31,blue-collar,divorced,tertiary,no,242,no,no,cellular,3,0,unknown,0
34,services,married,secondary,no,2627,yes,no,cellular,2,0,unknown,0
32,management,married,secondary,no,0,no,no,cellular,14,0,unknown,0
47,technician,married,secondary,no,109,no,no,unknown,2,0,other,0
54,blue-collar,divorced,tertiary,no,-2,yes,no,cellular,1,0,unknown,0
31,management,single,secondary,no,1757,no,no,unknown,6,0,unknown,0
40,management,married,secondary,no,0,yes,no,cellular,6,6,unknown,0
30,blue-collar,divorced,secondary,no,2137,yes,yes,telephone,2,0,unknown,0
56,management,married,secondary,no,5207,yes,no,cellular,5,0,unknown,0
35,services,married,primary,no,1772,yes,no,cellular,1,7,unknown,0
40,entrepreneur,married,primary,no,1564,no,yes,cellular,2,0,unknown,0
27,management,married,secondary,no,4335,yes,no,cellular,1,0,unknown,0
75,admin.,single,primary,no,-94,yes,no,cellular,1,0,unknown,0
55,technician,single,secondary,no,16,yes,no,cellular,1,0,failure,1
56,technician,married,secondary,no,1116,yes,no,unknown,1,0,failure,0
43,blue-collar,married,secondary,no,1043,no,no,telephone,4,0,unknown,1
45,services,married,tertiary,no,606,yes,no,unknown,1,0,unknown,0
50,unknown,married,tertiary,no,134,no,no,cellular,1,0,unknown,0
36,unknown,married,secondary,no,13658,yes,yes,unknown,2,0,unknown,0
31,blue-collar,divorced,tertiary,no,699,yes,no,cellular,5,0,failure,0
51,management,married,tertiary,no,673,yes,yes,cellular,3,0,unknown,0
28,blue-collar,married,secondary,no,4820,yes,no,cellular,1,0,unknown,0
40,management,married,tertiary,no,191,yes,no,cellular,1,0,unknown,0
33,admin.,single,secondary,no,-892,no,no,unknown,3,1,unknown,0
43,technician,single,tertiary,no,66,yes,no,unknown,2,0,unknown,0
27,services,divorced,primary,no,368,no,no,cellular,5,0,success,0
36,blue-collar,married,secondary,no,926,yes,no,cellular,5,0,unknown,0
56,blue-collar,married,primary,no,275,yes,no,cellular,1,2,unknown,0
34,admin.,single,secondary,no,777,yes,no,unknown,1,0,unknown,0
38,technician,single,primary,no,1278,yes,no,cellular,2,0,unknown,0
59,student,married,primary,no,1910,no,yes,unknown,1,0,unknown,0
34,management,single,secondary,no,347,no,yes,unknown,2,0,success,0
38,services,divorced,unknown,no,111,no,no,cellular,4,0,unknown,0
46,technician,married,tertiary,no,694,yes,yes,cellular,2,0,unknown,0
30,blue-collar,single,tertiary,no,75,no,no,unknown,3,0,unknown,0
48,entrepreneur,married,tertiary,no,169,no,no,cellular,2,4,unknown,0
48,technician,married,secondary,no,-93,yes,no,cellular,1,0,success,0
30,blue-collar,married,secondary,no,0,no,yes,unknown,5,1,unknown,0
19,management,married,tertiary,no,386,no,no,cellular,1,0,unknown,0
57,entrepreneur,married,secondary,no,1092,yes,no,cellular,7,0,unknown,0
48,blue-collar,married,unknown,no,52,yes,no,cellular,2,0,failure,0
57,management,single,secondary,no,383,no,no,cellular,1,0,unknown,0
46,management,single,primary,no,6053,no,no,telephone,1,0,failure,0
38,management,married,tertiary,no,134,yes,no,cellular,1,0,unknown,0
53,services,divorced,tertiary,no,0,yes,yes,cellular,4,0,unknown,0
48,management,single,tertiary,no,73,no,no,cellular,14,0,unknown,0
27,student,single,tertiary,no,-583,no,no,cellular,1,0,unknown,0
40,services,divorced,tertiary,no,2959,no,yes,cellular,3,0,unknown,1
35,self-employed,divorced,secondary,no,293,no,no,cellular,3,3,unknown,0
32,services,married,tertiary,no,70,yes,no,cellular,3,0,unknown,0
28,services,single,secondary,no,201,no,no,telephone,1,0,failure,0
41,management,married,secondary,no,33,yes,yes,unknown,9,0,unknown,0
42,admin.,married,secondary,no,464,yes,yes,cellular,2,0,unknown,0
44,blue-collar,married,secondary,no,102,no,no,cellular,2,0,unknown,1
39,blue-collar,divorced,secondary,no,196,yes,no,cellular,1,0,unknown,0
43,management,married,secondary,no,0,yes,no,unknown,1,0,unknown,1
29,technician,single,secondary,no,0,yes,no,cellular,1,0,unknown,0
46,technician,divorced,tertiary,no,15,yes,no,telephone,5,0,unknown,1
43,management,married,tertiary,no,54,no,no,cellular,1,0,unknown,0
57,entrepreneur,single,secondary,no,1433,yes,no,cellular,1,0,unknown,0
27,services,single,secondary,no,3450,no,yes,telephone,1,0,failure,0
49,admin.,married,primary,no,3161,no,no,unknown,2,0,failure,0
37,blue-collar,married,secondary,no,-17,no,no,telephone,2,0,unknown,1
40,blue-collar,married,tertiary,no,1,no,no,cellular,1,0,failure,0
27,blue-collar,married,secondary,no,-296,no,no,cellular,1,0,unknown,0
36,management,married,tertiary,no,2374,no,no,cellular,1,2,unknown,0
54,student,married,secondary,no,553,yes,no,cellular,2,0,unknown,0
40,technician,married,tertiary,no,314,no,no,cellular,1,0,unknown,0
48,unemployed,married,secondary,no,1598,no,no,unknown,4,0,unknown,0
38,services,married,secondary,no,65,yes,no,cellular,1,0,unknown,1
41,blue-collar,married,secondary,no,1550,yes,no,cellular,2,2,unknown,0
37,blue-collar,married,secondary,no,-9,no,no,cellular,2,0,unknown,0
51,blue-collar,single,tertiary,no,4089,no,no,cellular,3,0,unknown,0
35,blue-collar,married,primary,no,433,no,no,cellular,2,4,unknown,0
58,management,single,tertiary,no,321,no,yes,cellular,1,0,unknown,0
36,self-employed,married,tertiary,no,-101,no,no,cellular,3,0,unknown,1
33,blue-collar,single,secondary,no,5108,no,no,cellular,1,0,unknown,0
50,management,married,secondary,no,14,no,no,telephone,9,0,unknown,0
40,management,married,unknown,no,3333,no,no,cellular,2,0,unknown,0
49,blue-collar,married,secondary,no,41,yes,no,cellular,6,0,unknown,0
33,self-employed,married,tertiary,no,9228,yes,no,cellular,6,14,unknown,0
58,management,married,tertiary,no,1172,no,no,cellular,5,0,unknown,1
38,services,single,secondary,no,1341,no,yes,telephone,8,0,unknown,1
57,technician,married,secondary,no,826,yes,no,telephone,1,4,unknown,0
45,admin.,married,primary,yes,340,yes,no,cellular,3,0,unknown,0
41,services,single,secondary,no,150,yes,no,unknown,1,0,unknown,0
58,technician,married,unknown,no,5969,yes,no,cellular,1,0,other,0
41,blue-collar,married,tertiary,no,2322,no,yes,cellular,3,7,unknown,0
33,management,single,tertiary,no,1141,yes,no,cellular,1,2,unknown,0
46,student,single,tertiary,no,5533,no,yes,cellular,4,0,unknown,0
32,management,married,primary,no,2934,yes,no,cellular,3,0,failure,0
53,management,single,primary,no,-282,no,no,cellular,2,0,unknown,0
59,technician,married,tertiary,no,2887,no,no,cellular,2,0,unknown,0
32,admin.,married,tertiary,no,3529,yes,no,cellular,1,0,unknown,0
42,services,married,tertiary,no,2223,no,no,unknown,2,0,unknown,0
42,retired,married,secondary,no,1178,yes,yes,unknown,2,0,unknown,0
43,admin.,married,secondary,no,20453,yes,no,unknown,2,1,unknown,0
31,blue-collar,married,secondary,no,-1,yes,no,cellular,1,0,unknown,0
53,technician,married,tertiary,no,-589,no,no,cellular,1,0,unknown,0
34,blue-collar,divorced,secondary,no,7041,yes,yes,cellular,6,0,unknown,0
38,blue-collar,single,secondary,no,1594,no,no,unknown,1,2,failure,0
45,technician,married,secondary,no,15,yes,yes,unknown,1,0,unknown,0
39,technician,single,tertiary,no,-63,yes,no,unknown,2,0,unknown,0
27,retired,married,unknown,no,14,yes,no,unknown,1,2,unknown,0
47,management,single,tertiary,no,1390,no,no,cellular,1,0,unknown,0
49,admin.,single,tertiary,no,434,yes,no,cellular,7,0,unknown,0
60,blue-collar,married,secondary,no,2013,yes,no,unknown,3,0,unknown,0
28,management,married,secondary,no,2330,no,no,cellular,3,0,failure,0
34,technician,married,secondary,no,622,yes,no,cellular,1,0,unknown,0
34,blue-collar,married,secondary,no,442,yes,no,cellular,2,0,unknown,0
27,blue-collar,single,tertiary,no,1034,yes,no,cellular,1,0,failure,0
46,services,single,tertiary,no,1562,yes,no,cellular,2,2,failure,0
35,technician,married,secondary,no,148,no,no,telephone,9,0,unknown,1
36,services,single,secondary,no,300,yes,no,cellular,3,0,failure,0
45,technician,married,secondary,no,1171,yes,no,cellular,1,0,unknown,0
33,management,married,unknown,no,756,yes,no,cellular,2,0,unknown,0
26,unemployed,married,secondary,no,7041,yes,yes,cellular,11,0,failure,0
34,management,single,secondary,no,7289,no,no,unknown,3,0,unknown,0
27,technician,married,unknown,no,1175,no,no,unknown,2,0,unknown,0
43,blue-collar,single,secondary,no,-37,yes,no,unknown,13,0,unknown,0
35,management,married,secondary,no,275,yes,no,cellular,22,2,unknown,0
28,blue-collar,single,tertiary,no,771,no,no,cellular,2,0,unknown,0
60,retired,married,secondary,no,398,yes,yes,cellular,4,0,unknown,0
50,blue-collar,married,secondary,no,1388,no,no,cellular,2,0,unknown,0
42,blue-collar,married,primary,no,3232,yes,no,cellular,2,0,unknown,0
34,management,married,tertiary,no,10,yes,no,cellular,3,2,other,0
44,services,married,primary,no,1054,yes,no,cellular,1,0,other,1
42,management,married,tertiary,no,1209,no,yes,cellular,1,0,unknown,0
42,management,married,secondary,no,25,no,no,unknown,4,0,unknown,0
27,management,divorced,tertiary,no,-259,yes,yes,cellular,2,1,failure,0
46,admin.,divorced,tertiary,no,-3313,no,yes,cellular,6,0,unknown,0
28,technician,married,tertiary,no,14220,yes,no,cellular,1,0,unknown,0
51,housemaid,married,primary,no,997,no,no,cellular,1,0,unknown,0
35,services,married,tertiary,no,0,no,no,cellular,11,0,failure,0
41,admin.,married,secondary,no,174,yes,no,cellular,1,0,unknown,0
46,management,single,secondary,no,8131,yes,yes,unknown,2,0,unknown,1
46,management,married,unknown,no,340,yes,no,cellular,2,0,unknown,1
60,technician,married,primary,no,168,yes,no,telephone,2,0,unknown,0
53,blue-collar,married,secondary,no,1218,no,no,telephone,2,0,unknown,0
31,entrepreneur,married,primary,no,82,no,no,cellular,2,2,failure,0
49,self-employed,single,tertiary,no,6,no,no,unknown,4,0,unknown,0
35,technician,married,primary,no,751,no,no,unknown,3,0,other,0
58,services,divorced,primary,no,168,no,no,unknown,2,0,unknown,0
59,services,single,tertiary,no,30,yes,no,cellular,1,2,unknown,0
36,self-employed,single,secondary,no,-308,yes,no,cellular,7,0,unknown,0
35,admin.,married,primary,no,164,yes,no,cellular,1,0,unknown,1
29,services,married,secondary,no,0,yes,no,unknown,2,0,unknown,0
31,management,divorced,primary,no,1410,no,no,telephone,4,0,unknown,0
36,blue-collar,married,primary,no,3304,no,no,cellular,3,0,unknown,0
37,entrepreneur,divorced,tertiary,no,1230,yes,no,unknown,2,0,unknown,0
40,blue-collar,single,secondary,no,268,yes,no,unknown,1,0,unknown,0
54,technician,single,secondary,no,-517,no,no,unknown,2,0,failure,0
59,retired,married,tertiary,no,1787,no,no,cellular,2,0,success,0
56,management,married,secondary,no,1499,yes,yes,cellular,12,0,unknown,0
31,unknown,single,secondary,yes,897,no,no,cellular,1,5,unknown,0
42,services,married,secondary,no,2543,yes,no,unknown,3,0,unknown,0
35,technician,married,secondary,yes,104,yes,no,unknown,4,0,unknown,1
57,unemployed,married,unknown,no,-422,yes,no,cellular,2,0,failure,0
51,blue-collar,single,secondary,no,2137,no,no,unknown,6,0,unknown,0
35,blue-collar,married,secondary,no,145,yes,no,cellular,5,0,unknown,0
32,blue-collar,married,tertiary,no,296,yes,no,unknown,3,0,unknown,0
55,management,married,secondary,no,1831,yes,yes,unknown,2,0,unknown,0
33,blue-collar,single,secondary,no,115,yes,no,cellular,3,0,success,0
39,management,single,secondary,no,400,no,no,unknown,1,0,unknown,0
53,blue-collar,married,secondary,no,0,yes,no,cellular,2,0,unknown,0
38,blue-collar,married,tertiary,no,566,yes,no,cellular,1,3,other,0
37,technician,married,secondary,no,2,yes,yes,cellular,5,2,unknown,0
83,blue-collar,single,primary,no,25,no,no,unknown,1,2,unknown,0
50,self-employed,divorced,tertiary,no,260,no,no,cellular,2,0,failure,0
33,management,married,tertiary,no,2506,yes,no,cellular,8,0,unknown,0
25,technician,married,tertiary,yes,1203,yes,no,cellular,6,1,unknown,0
31,blue-collar,single,secondary,no,792,yes,no,cellular,6,0,unknown,0
49,blue-collar,single,secondary,no,542,yes,no,cellular,2,0,unknown,0
48,technician,married,secondary,no,-182,yes,no,cellular,3,0,unknown,0
63,services,divorced,secondary,no,871,yes,no,unknown,2,0,unknown,0
46,management,married,unknown,no,168,no,no,cellular,2,5,unknown,0
55,retired,single,secondary,no,100,yes,yes,cellular,3,3,unknown,0
31,admin.,divorced,tertiary,no,-888,yes,no,cellular,2,0,unknown,0
34,blue-collar,married,secondary,no,-136,no,no,unknown,1,0,failure,0
39,entrepreneur,single,tertiary,no,816,yes,yes,cellular,2,0,unknown,0
46,blue-collar,divorced,secondary,no,-230,yes,no,cellular,1,0,unknown,0
45,technician,single,tertiary,no,6,no,no,cellular,1,2,unknown,0
33,management,married,secondary,no,608,yes,no,cellular,1,0,unknown,0
50,technician,single,tertiary,no,131,yes,no,telephone,3,0,unknown,0
41,entrepreneur,married,secondary,no,1007,yes,no,cellular,2,0,unknown,0
48,blue-collar,single,tertiary,no,1494,yes,no,telephone,1,1,unknown,0
40,technician,married,secondary,no,99,yes,no,cellular,5,0,unknown,0
29,technician,married,tertiary,no,340,yes,no,cellular,2,0,unknown,0
37,management,single,tertiary,no,0,yes,no,cellular,2,0,unknown,1
43,self-employed,married,secondary,no,743,yes,no,cellular,2,0,unknown,0
42,management,married,secondary,no,5739,yes,no,unknown,5,0,unknown,0
39,technician,married,secondary,no,-292,yes,no,cellular,6,12,unknown,0
27,blue-collar,single,secondary,no,2789,yes,no,cellular,2,0,failure,0
48,management,married,tertiary,no,132,yes,no,cellular,5,0,unknown,0
53,technician,married,secondary,no,93,yes,no,unknown,2,1,failure,0
45,management,married,secondary,no,443,yes,no,cellular,1,0,unknown,0
31,management,single,tertiary,no,-1746,no,no,telephone,2,0,failure,0
31,management,married,secondary,no,1177,yes,no,unknown,3,0,unknown,0
24,technician,married,secondary,no,290,yes,no,cellular,1,0,unknown,0
31,retired,single,secondary,no,2363,no,no,cellular,3,2,unknown,0
40,blue-collar,single,secondary,no,347,no,no,cellular,1,9,unknown,0
59,management,married,secondary,no,2128,yes,no,cellular,1,0,unknown,0
37,retired,single,secondary,no,9,no,no,cellular,5,0,unknown,0
54,services,married,tertiary,no,-11,yes,yes,cellular,1,0,unknown,0
42,retired,married,tertiary,no,3215,yes,no,cellular,1,0,unknown,0
42,unemployed,single,tertiary,no,1621,no,no,cellular,2,0,unknown,0
53,unemployed,married,secondary,no,992,no,no,cellular,6,0,unknown,1
36,management,married,primary,no,61,yes,no,cellular,3,0,unknown,0
41,management,married,secondary,no,410,yes,yes,cellular,4,0,unknown,0
52,self-employed,single,secondary,no,640,yes,no,cellular,18,0,unknown,1
33,housemaid,married,primary,no,3014,no,no,cellular,1,0,unknown,0
32,admin.,married,secondary,no,14,yes,no,cellular,1,0,unknown,0
28,unemployed,married,secondary,no,752,no,yes,cellular,4,2,unknown,0
34,blue-collar,married,tertiary,no,177,yes,no,unknown,1,9,failure,0
31,blue-collar,married,tertiary,no,4610,no,no,unknown,2,0,unknown,0
45,admin.,single,tertiary,no,249,no,no,cellular,4,0,unknown,0
28,management,divorced,primary,no,1032,no,no,cellular,4,0,unknown,0
54,blue-collar,married,secondary,no,3797,yes,no,cellular,1,0,unknown,0
57,services,married,primary,no,0,yes,yes,cellular,2,0,unknown,0
32,technician,married,primary,no,1100,yes,no,cellular,7,0,unknown,0
48,unemployed,single,secondary,no,4075,yes,no,unknown,1,0,failure,0
45,admin.,single,primary,no,34,yes,yes,cellular,2,3,unknown,1
31,blue-collar,married,secondary,no,872,yes,no,cellular,4,8,unknown,0
42,housemaid,married,tertiary,no,8902,no,no,unknown,9,0,unknown,0
52,retired,divorced,tertiary,no,1335,no,no,cellular,2,0,failure,0
35,technician,divorced,secondary,no,253,yes,no,cellular,4,0,unknown,0
46,admin.,married,secondary,no,1727,yes,no,cellular,1,0,unknown,0
47,technician,married,primary,no,266,no,no,unknown,2,0,unknown,0
34,self-employed,married,secondary,no,695,yes,yes,cellular,2,0,unknown,0
56,admin.,married,secondary,no,-81,no,no,cellular,2,0,unknown,0
46,entrepreneur,married,secondary,no,3733,no,yes,cellular,1,0,unknown,0
43,management,married,secondary,no,0,yes,no,cellular,3,2,unknown,0
44,technician,married,secondary,no,1279,no,no,unknown,2,0,unknown,1
53,retired,married,tertiary,no,49,no,no,cellular,2,0,unknown,0
42,management,married,secondary,no,25,no,yes,telephone,3,0,unknown,0
31,management,married,secondary,no,778,no,no,unknown,4,0,unknown,0
35,technician,single,secondary,no,30,no,no,unknown,1,0,unknown,0
41,management,married,tertiary,no,391,yes,no,cellular,6,0,unknown,0
46,management,single,tertiary,no,472,no,no,cellular,1,0,other,0
48,retired,divorced,tertiary,no,1548,no,yes,unknown,3,0,unknown,0
21,technician,married,secondary,no,2366,yes,no,unknown,4,0,unknown,0
86,admin.,married,secondary,no,0,yes,no,unknown,4,0,unknown,0
35,blue-collar,married,secondary,no,197,yes,no,cellular,4,0,unknown,0
30,admin.,married,tertiary,no,3285,no,no,cellular,1,0,success,0
52,services,single,tertiary,no,6313,no,no,cellular,1,0,unknown,0
43,technician,divorced,primary,no,1407,yes,yes,cellular,5,0,unknown,0
53,services,divorced,primary,no,-650,yes,no,unknown,1,0,unknown,0
36,self-employed,married,secondary,no,153,no,no,cellular,3,0,unknown,1
32,services,married,secondary,no,473,no,no,unknown,4,0,unknown,0
49,blue-collar,married,tertiary,no,35,yes,no,cellular,4,0,unknown,0
27,management,single,secondary,no,-204,no,no,unknown,1,0,unknown,0
55,admin.,married,secondary,no,820,yes,yes,unknown,2,0,unknown,0
46,technician,married,secondary,no,1825,yes,no,cellular,3,12,unknown,1
55,blue-collar,single,primary,no,5050,no,no,cellular,1,0,unknown,0
34,management,single,tertiary,no,1334,yes,no,unknown,2,0,failure,0
33,blue-collar,married,unknown,no,0,no,yes,cellular,1,0,unknown,0
27,admin.,single,tertiary,no,3800,yes,no,unknown,1,0,unknown,0
29,technician,single,secondary,no,666,no,no,unknown,2,0,unknown,0
52,technician,married,secondary,no,795,yes,yes,unknown,1,0,unknown,0
43,blue-collar,married,secondary,no,366,no,no,cellular,6,0,unknown,0
