fixed acidity,volatile acidity,citric acid,residual sugar,chlorides,free sulfur dioxide,total sulfur dioxide,density,pH,sulphates,alcohol,quality
7.572093425328337,0.4159867671344379,0.4649218546723578,1.657779167621867,0.04710809084508817,33.24807312685624,70.22223491894586,0.9941369998746812,3.266798203866023,0.8547002076278384,10.891813578420397,6
7.792840877132776,0.6005236526289562,0.19156461851564155,1.8408738272337688,0.07790090463056182,5.310029737951327,98.8165888036489,0.995939701006556,3.2891957839875476,0.4757819856858296,10.578454217349183,6
5.80857554351812,0.5438338097145171,0.30232510842937665,3.0663448800888435,0.05184995023275191,1.0,40.3809503622886,0.9933502252968723,3.9534285082243144,0.4424813169146792,11.846406145997818,7
8.462349698054359,0.5494399368960649,0.15997135182765806,2.38074086511613,0.08162227322593223,22.287902134049116,98.37829758617661,0.998608763911914,3.5037054956918277,0.5713675842236123,9.632849371014249,6
8.836245863380542,0.5766531483777178,0.2279994954339502,2.7469096628881764,0.10503055185540275,27.192149250218076,70.5426300533949,0.9983662968842386,3.513242821615912,0.5841215697323077,9.853900029116533,6
7.9748005861768085,0.5034553950816215,0.26844305670640434,2.9917021054860897,0.09309370096178912,12.032605610794466,69.88469184736464,0.9973444978941425,3.3166954069345347,0.6854577092472001,9.574467438499402,5
7.951786065988066,0.4874673498352418,0.23032833988903714,1.1907395896916697,0.038,31.108813766811895,34.400443955055444,0.99007,3.2180701730096883,0.42385608591819723,12.187279642818847,5
6.042136705410441,0.43794806500832856,0.4168436079255641,1.8859535069466582,0.06442452510309404,28.256361559775243,8.147915486821027,0.9959336929023199,3.546741480814511,0.35766360293452293,11.716574240911209,6
6.821049741304013,0.9542503889887664,0.14407280001761696,3.4819218151264417,0.07647634084077407,41.87893743514827,115.2555971292061,0.9950194259089641,3.414441856424087,0.526477606048916,11.57482408843197,5
7.1647047730288005,0.5614936445835229,0.12407328967860862,1.8929112798263223,0.07948673379256926,2.458564636940956,20.58661953786557,0.9964212265179637,3.341885839415968,0.5806173427483227,10.225861710395797,6
8.62935624828854,0.40063765184189526,0.24321705497982732,2.8668529352204297,0.055682224684845315,17.89212288785995,29.073366792258966,0.9975491665024148,3.427037185954039,0.6386286409476188,10.533327314976347,7
8.229552953566252,0.5870168336132937,0.1162872726306182,2.8941501985946276,0.08341314319153993,20.38761278754198,14.670737516198933,0.99720307240537,3.4216568695922294,0.5330477127810284,9.58737492181377,6
9.425123990244586,0.4022548568108608,0.21764794313467067,5.853584043575577,0.09360679755964071,23.783804332638603,34.874714854896816,0.999743714627494,3.4057303420462346,0.7693205440586809,9.978635592016799,6
8.561087289894793,0.9882511026427048,0.16019344470430574,6.345049800577597,0.10044400727211791,1.0,56.708438052207974,0.9995320610347352,3.3961238265772478,0.5052116028092659,9.69489041778922,5
10.486557694988017,0.5984370925705883,0.2946328691263611,1.9340216159661112,0.07340082014244413,10.74417160796523,47.047079813200824,0.9982803845304368,3.179143164965837,0.4675293147839389,10.263034086112489,6
8.010740262974549,0.7200266846075835,0.31030182005591156,3.0966710987062287,0.08484214991276125,34.594435913376955,98.26079183341439,0.9979683480119025,3.551443930108226,0.5629264221199083,10.502979576470821,5
8.11499536524241,0.6304783365658241,0.44055055896899775,4.162750571802503,0.0996168755938462,3.6514523870258015,7.220972920309363,0.9957871940816585,3.6441674558894013,0.5189505847359405,10.346640084679594,3
7.018782272494445,0.41339206150128943,0.02831457100166747,2.03921457225639,0.06764682831801276,30.37534414236966,57.50357102011455,0.9947997675206142,3.32133959048067,0.5602991662222817,11.139554082478291,6
5.567208289626663,0.4733031368263966,0.5614060682048546,2.7732051980094172,0.10009463977883784,13.652572211449888,33.670927753293725,0.9989145706993541,3.2593117796569384,0.8611586362848743,11.201539066035235,6
11.281491761929423,0.4054988320720765,0.46512515197134396,1.537945154015752,0.08915380076572905,14.013028980660202,119.90418967765319,0.9981628499997152,3.082749805199476,0.6428566242794941,10.31890400806153,5
11.833703435636888,0.563909640032799,0.3945846816409419,4.757415622716997,0.10174293050966939,13.798410867523248,19.72068567825771,0.9984475853900648,3.274889155084844,0.9887991281426862,12.425664171376011,6
7.8358617648518925,0.38765297630597306,0.07240785173577455,1.8430498479739543,0.08001344759710435,22.630303939592768,56.53400767482498,0.9961008681326937,3.28501773151243,0.7247111207485708,9.67692036900111,5
7.319162503146547,0.37215525057402693,0.2601561093416399,2.3385921608978637,0.06119509431764664,26.750667898804938,76.38051265974202,0.9952876525049094,3.5149168669643642,0.4550126099702609,10.209431746789743,6
6.249060228326293,0.6152429841802154,0.08561229120841338,2.1632019024575198,0.07444302003687774,6.285155541603318,35.03989590615751,0.9988019303673844,3.650077122090915,0.8686813141956361,9.98845615628828,5
7.560254788394833,0.5900733383796355,0.07704442904937876,1.943239372220156,0.0837488429564894,13.794657398490397,28.123349817415686,0.9962954904665708,3.385320919427298,0.5287383094768601,8.899481902543826,5
6.974598009100057,0.827034312366312,0.12891346082001054,4.168805570174687,0.05404246626075132,11.549137588509423,23.69194801340228,0.9955166132866183,3.2055808250426265,0.6653611833654638,12.278932862168864,5
5.983217310193982,0.22632054349251185,0.3015922399738869,3.308440676684195,0.04402190661019564,13.07718546251657,98.97480018777196,0.997271657372429,3.2488445600709244,0.4875307585538446,9.898387445799226,4
7.365782430904473,0.5785365922494523,0.30714639028674584,2.1516429669687667,0.07958427552513513,18.677104099383513,10.39670847577134,0.9945593641371012,3.464672275549006,0.5900422108888355,11.712638664576724,6
6.537652891785615,0.69700067241438,0.08438326433036943,5.851773282441556,0.12098619107557339,52.79292816617074,122.00818982711795,0.9965229249544155,3.322328926088008,1.2561235793285241,9.94479515090453,5
11.46191278723675,0.3921097974566871,0.4751682877325588,2.6430765089751396,0.061409771124582,15.19890405132155,23.736440633122953,0.9967718716585598,3.0841152668934764,0.5085381791383798,11.163170117022492,6
11.017394212415976,0.37236426581821613,0.45946767198023053,4.389896978421929,0.05840142564431889,20.39181746707374,85.94140191177252,0.9984700112954832,3.156884482763805,0.8283679185067765,10.677078576265648,6
7.866531958615117,1.1528072861098502,0.0,2.1669864970152624,0.09438227815809805,28.668177366404134,6.0,0.9954489674523571,3.566026623755505,0.4256761139081679,10.19696362980909,6
9.452610037499252,0.4161777002629108,0.38483108378438013,2.3377266630568436,0.07652394891510063,6.0,32.56469922822898,0.9982412233666434,3.213625737362399,0.6362406681864575,9.428870868960562,5
8.03192432566332,0.504357074893688,0.4121488520565224,1.8282100627940312,0.08852871743746694,10.558532563203906,68.21445235510629,0.9975364064527177,3.15129474219304,0.5561459442846264,9.29588823340129,5
7.903636706082955,0.4644987293679429,0.218492928013443,2.403848607033135,0.08272051657899206,9.722008650353743,48.183345433847165,0.9965995547432879,3.2635910195808315,0.7529956740453819,10.420935068330694,7
8.061628992602273,0.5055633042613472,0.4189548004966241,3.0910451519084954,0.07678227453673263,16.774897699348223,20.728919667154997,0.9978682988651719,3.364707820046555,0.6511501980969177,11.873136004517601,7
6.889152865695898,0.16,0.3135994812388237,0.9,0.06291222196941962,10.20984310919371,53.5096173347762,0.9946997521976115,3.5529885991791024,0.5614712843020708,11.450859310540558,8
10.0811161524554,0.3115696735336207,0.48957142833846534,2.0008740271776517,0.09718531572205996,21.531364449253914,38.63615545713512,0.9973466332912407,3.179800792222855,0.7206789593267884,10.32607570535129,6
10.088010696867595,0.3074184390175807,0.20025699761105897,3.0486211283294145,0.09951895966454391,16.372040399347817,122.00243087670654,1.0005447302615544,3.3196473927273846,0.6916105215099642,9.747573217044348,7
11.663857114662452,0.5977528355993491,0.29138793747599806,2.1066558814746164,0.07318600082589852,18.92812191134702,37.7320489175093,0.9957015533814387,3.0760949138253086,0.7243687086054135,11.347475156420591,5
7.2347543164129515,0.5092203762540971,0.23218809670829976,1.6557899163096752,0.07183563615201803,26.60860205580428,19.569671148270167,0.9968253170153899,3.3712803444770345,0.6760794515605884,9.246131539932371,5
7.96304059199054,0.7457395642167847,0.09019521275181724,2.02849837627622,0.06659188896729197,6.426408743325331,8.413550814149026,0.9967560042198598,3.2567263865321268,0.4104183651617205,10.511880317546733,6
7.480939803234872,0.7326082727903777,0.2587295374900002,2.727375233732987,0.053011188672212856,11.415830516722762,55.53103173979541,0.9922019258632016,3.4960007872243053,0.9643878291659566,11.218389284693778,7
8.000296920082636,0.5845152625757111,0.11106861945551026,7.390062449320521,0.08247581304492603,10.484441557083287,38.72812456473768,0.9976503676821166,3.3292217546460754,0.8421294291258382,10.738002595932034,5
6.3504481646170765,0.5783738469604816,0.048973004446547085,1.1082055708437193,0.06727756812821893,13.592571693514905,25.280193579706545,0.9956396486286767,3.475013950291948,0.6748194205373974,11.262659843238767,6
6.79001208982393,0.5247950554185776,0.10417879612859329,1.7127924628336104,0.08055682846079226,18.50361577174432,31.706446162586474,0.9951912537747687,3.4525295423789757,0.48393322659105975,9.249292135998981,4
7.210747523584375,0.811308116667395,0.08704058494201142,2.896841923365691,0.0732938013706216,23.684828777603506,53.59739886907418,0.9962310882071272,3.159699450528453,0.50737157784076,9.766714797139354,6
6.568099215108133,0.70685216794941,0.007945983606790642,2.4055059108658066,0.07212130987676672,45.87690311057966,54.609684584149406,0.99515546215913,3.5827938737162355,0.6686021389429501,10.482568794479329,6
7.818988858301377,0.6949117748222093,0.01840531345557233,4.348718948227797,0.07674414079260726,11.517624688260637,36.04672746688214,0.9975242243640592,3.3449838181607063,0.5248392170606874,9.768032162081703,6
6.646483652976565,0.6258418520686166,0.06841146178965082,2.9987092474463584,0.06660002329218204,1.2945751766543268,33.6355297569355,1.000348097291253,3.6019037323139904,0.6428532699220861,9.90318785884044,5
7.512745715754417,0.32986780634170126,0.32274549659995294,5.381105593731082,0.06760154930968254,22.480385828957992,66.04284343232302,0.9974143920938748,3.379447680664069,0.6715384142607326,10.077836786898866,6
5.8695340954570385,0.7314495655422962,0.0,1.6972286812995607,0.06816293744034718,2.2616439272181132,39.5200287598382,0.9959974142790511,3.542480136514813,0.7960234275684235,12.16192211387946,6
9.796298877790328,0.827909472898761,0.35521453459043106,2.0908878630986933,0.038,35.015661171238285,45.16045119538814,0.9974692121729013,3.1537782445836027,0.7464865474227682,9.327503383034399,5
7.536645271088626,0.39853678002514004,0.09765783222149599,1.6423132378968754,0.05611426156775186,16.404741268635796,28.250413886858414,0.9965688316677761,3.398377798282606,0.5648474833332267,9.70510286108353,5
7.234928016142711,0.33864763822284766,0.09089856689403554,2.3343884730719355,0.09114359838460812,27.437745956648396,42.51200756771722,0.9963700990952135,3.258380558669109,0.6128536483157793,10.171107272886417,6
9.472459375768253,0.45911557846081874,0.46707598191292526,3.7804114234861563,0.11093774101539716,7.917834811134716,24.138592988835,0.996812228000289,3.3044836976893963,0.8211959457841647,10.629468549175414,7
7.119633237638483,0.5478116923294183,0.43098863387617137,2.2052498597012913,0.09626620281225837,27.96548097888884,55.57951541452107,0.9924860835828124,3.478273930880765,0.5502738332656206,12.28069110028963,6
11.920996708955746,0.5610418448746616,0.6758233570972334,3.014759263305369,0.0623588740003129,10.338904347036717,45.62630451113662,0.9940313641451136,3.2893710278693513,0.7856679080272433,10.476243199864646,6
7.606248558671712,0.4760071163522335,0.5426777269543944,2.5730561649129875,0.08354989465243116,7.89605866960443,23.76433869093033,0.9963367431422427,3.3722012995876245,0.4213649086983094,10.713196444223419,5
9.063260465519564,0.6885556646563054,0.1901022869027586,3.04732016188792,0.1087165470431531,20.487022892570394,6.0,1.0004179255838006,3.5875110769043674,0.5005514539404212,9.627001919553637,6
8.450975834305376,0.9467051783857678,0.0,2.724346834594486,0.08722800099949932,12.363929832799059,31.52509023452083,0.9962191144509954,3.4512773071599274,0.6316166302122779,10.986426232826723,5
8.52717889563343,0.4370549564058972,0.7053840363049316,1.8451280184657863,0.06136473333962048,37.14309905389703,39.87677946181666,0.9963145981704031,3.2056703619250797,0.7939317676743556,11.910788142935216,7
9.112860236847279,0.8675000299629293,0.2686220064087049,2.2710680314970744,0.09067193647726865,14.751148825008768,63.15431347226293,0.9979834956533137,3.137006279524,0.4338904397303641,9.915830999531357,4
6.956164130799306,0.44695301078669725,0.08661140981432794,2.1671782753746744,0.040265620738040776,4.2503822442424015,27.483343251322005,0.9962185478624942,3.4276785493522333,0.5368513347530189,10.195761653912307,5
9.806199514500287,0.5692825342767864,0.2375623461630847,5.187097520686455,0.08812488449269106,16.743981188434276,84.06312203218243,0.9995215601492327,3.1340333062960872,0.5190997374746873,9.682948099269325,5
8.073664306541778,0.5523153130592996,0.2630918560463147,1.639724486361664,0.06226687992531678,8.139275439148953,37.58624351949588,0.9975740474913214,3.2033062596798225,0.5269883175964539,9.448076605065816,4
8.822116562525839,0.28058194445538287,0.5679148443836728,1.9788439267273308,0.1647857478298123,24.80637430657871,122.54900184713422,0.9962582240877138,2.9186866998423766,1.494850326791877,11.055204432138106,5
9.217402825970396,0.484602085146896,0.28365942724912935,7.905712961988494,0.0919399551116924,23.62316500862683,97.51118092374475,0.9963418547597004,3.3879120548422788,0.6378159109908096,9.198742908193731,5
8.666295738895457,0.5682961391100584,0.12685720576203835,2.151880319726913,0.07897358684856487,18.56592055600753,123.86267867206138,0.997219307231845,3.352420010652585,0.625535488766178,9.737339168276332,5
8.533739237901198,0.4253040749161835,0.24298740194960144,1.7652887052524595,0.07960531419388295,29.306113297179113,54.94337281077845,0.9963059503187611,3.422834023183722,0.6022584858554996,9.890488004707564,6
10.642750532496999,0.22184178990098208,0.5552942328885949,3.303714450250341,0.23532621141408494,10.627211032735959,27.31970208925588,0.9985062784793036,3.3991463013855365,1.1642406592087973,9.999049342293468,5
8.169028730522651,0.861385080051938,0.3394763176827551,2.095455961312723,0.13283177981535452,15.192858480540407,93.22079800750903,0.998210926785528,3.212053237823574,0.4418309701352645,9.66952644523338,5
10.242841422090562,0.28991569500784187,0.3852807116214074,2.090768390253984,0.06559924850017088,52.31902014285549,46.9437283441714,0.9972322450488308,3.5013805166819005,0.885024015796926,9.736304117926624,8
7.874839624118207,0.5739645281337187,0.08413951039704769,3.302131785077975,0.0861784893673542,18.79681093287469,65.31598552976443,0.997162758100084,3.3681877199357095,0.5569797640263602,9.868425351446405,6
5.621157310818745,0.5803769684419409,0.2659093064744171,3.422333293261742,0.049925036523726866,20.39229495227255,57.19507180671237,0.9927773115239397,3.562951510084687,0.7699068522181622,12.181358427078127,6
7.294154731087703,0.7242149973756259,0.07331364416121658,2.2768014313022142,0.08881488374748693,1.0,74.76576027571863,0.9977807363511664,3.3947136230857677,0.5710458141135446,9.532327137110894,5
5.421809170849202,0.7527565405314172,0.008101606194243667,2.6576296105565076,0.07271128171361768,12.599375654937944,74.85151143924989,0.994060786624777,3.568106049491927,0.5813264524275783,10.330168743069878,7
5.30019433299456,0.9464139440769199,0.19351256143716022,1.7576711533166285,0.038,17.23091997894189,113.686977710865,0.99278871668277,3.706814514208146,0.7560405271083287,12.499826019690428,8
9.139821909309845,0.7280950673154596,0.2645532512986995,4.358930154478605,0.07750792620877808,4.873363042931832,15.828932412795993,0.9971763191286348,3.568242595452397,0.47318880454306206,10.627170381723717,6
7.312530628563517,0.7791407653380515,0.07447088123969217,2.1039563125317047,0.05658717108790062,9.796862197089123,21.70432530173374,0.9948167734038162,3.3306642746049833,0.5298970380516508,10.678309161977642,6
8.749154297503647,0.5391465194170355,0.360603618234837,1.7773202698672055,0.11965185132159327,32.73186757357432,88.0843440319894,0.9979267350828283,3.3281637447299715,1.007505592904638,10.054148124036361,5
7.639669780617958,0.427496977360744,0.27426475311399284,2.7349758437449188,0.06409648230146003,27.77467240861985,73.34823576910873,0.9968821060459868,3.395895974639326,0.5209763716393884,9.416600636906157,5
10.814911141564991,0.8528490804956889,0.26726991704914144,2.8497648618463858,0.11258227059231916,17.946116627609914,54.87556219063321,0.9998523040283528,3.16460397961666,0.4985326043574446,9.533391118926453,6
7.53169203729973,0.46851073585724334,0.28290248420502595,1.6953863394096635,0.08937968765141635,18.64608922731041,55.90547834394171,0.9937028261454343,3.3383234851826282,0.6363578908779794,12.528249396492914,6
7.143948394587085,0.5073886148433713,0.32670305112604936,2.171838249136564,0.09028552485685926,5.239514402623126,44.527803726138565,0.9936441771029714,3.4335576683222273,0.5221751620720303,12.278016159151099,7
6.231018150423368,0.6319372275574929,0.062245503354841816,2.1690980035388936,0.08113946691718718,6.997850837691441,49.73742215913805,0.9964212266347623,3.4334373627637578,0.45820855372435665,10.150852784687185,6
10.507932660740876,0.40779125316302256,0.47365128194937245,2.5642070416731784,0.07491298866652893,11.381002609366917,26.142665792003797,1.001146140470258,3.169534027952541,0.5678247071396453,9.731331020263102,5
7.133355266327708,0.46912591939617193,0.10453469769353001,0.9,0.06791300706319847,19.121631475099914,96.7430498648113,0.9955642207443648,3.4129061955134103,0.557705765619045,13.699552924238656,4
6.5495309317171175,0.7160990401961133,0.0664125806118333,1.7821053757909804,0.09534611894920235,19.19442874260948,6.0,0.9928672428092251,3.300690035672859,0.4098880236029879,11.245381669087145,5
7.5200277128339446,0.6664221023676389,0.12782421261889526,2.220602228139474,0.08293182271990367,20.79553973528047,42.57944899635607,0.9987018548215766,3.5307938424366956,0.6377644611762103,9.880015088401708,4
6.652979393360505,0.5906708372334941,0.08558873542393612,1.8308726514687,0.050759323590771656,27.808182060021714,43.718544166574254,0.9937947688908194,3.599289575753506,0.7074581819861052,10.573486371299191,6
8.078122117676438,0.6521318640254176,0.14507360980573172,2.029849467301778,0.13092842252737122,8.24648027104079,62.49852391525235,0.9965325678035638,3.4060218287581363,0.9329199254876785,9.14777229411194,5
5.861685812239244,0.6214594321288242,0.0027214917461090005,3.270504479170328,0.08249452178697274,9.30719938544884,14.009822438310657,0.9948179435239021,3.5112156718279346,0.5743444708561763,11.0205917882758,5
6.749568039915257,0.4954749349775087,0.04696040321991172,2.672277279500762,0.08104340645826327,4.550173541973308,14.57727398249274,0.9960432851632861,3.4059007334598115,0.6087226450970227,10.218442644953349,5
6.351931678496678,0.49016001876451537,0.1784616598620555,5.388937211015628,0.08662037003796696,6.947672032184878,57.47106434746583,0.995353257978889,3.276205179219603,0.5648065987628476,10.044366691191733,5
6.88926131278931,0.7671748820313918,0.17238661923903956,0.9,0.09202269882624435,13.926698577563629,55.11086500879682,0.9957909204333794,3.4224279274504235,0.5193707487220341,9.215766320900414,5
9.922449477367117,0.45210664315786064,0.079776670076457,2.1617798173304976,0.07779809415621287,14.692688893967569,53.939966075788284,0.9949934539774101,3.414818307602412,0.6266876024571583,11.970041134215425,7
7.224225331363467,0.6963645509096225,0.04746027046098664,2.0795071246518044,0.06896760386544269,20.169171908650483,36.544011451434244,0.996702287612142,3.485584081520238,0.6236523082123745,10.11711602698625,5
6.6239134785222875,0.5398475001843475,0.01783807853564793,3.364006153355167,0.10867608376413038,28.23365786703227,39.7229145096542,0.9969505597184571,3.441646070679217,0.5821303149250704,11.092756349044873,5
10.273500910042928,0.5226262933757251,0.5258918502432275,1.0996812627736265,0.16066071675243548,12.94339825946362,29.468469970752487,0.9969300307858977,3.2938354104541303,0.6585504411018088,9.977549017055367,5
6.658942256883324,0.6090082431875953,0.013200109018013412,1.958172923702421,0.06134546504225902,3.7939633753719715,75.1149165731843,0.9941978729756759,3.45401004270606,0.49100421319483073,11.593216542097661,5
10.877485679978012,0.34426347403021307,0.3899764751375957,2.492281318052217,0.10688520404591248,10.907335741717388,7.045969053146649,0.9980168422803105,3.303370519051984,0.9092532826563309,10.81469137175184,7
5.286749246137374,0.5129435756167114,0.5313701664094409,1.8495016854823234,0.23194719738011815,2.8981466105219233,6.0,0.9957434155782197,3.2933121388650375,1.0910070214830199,11.652530735557855,6
6.482922042829883,0.427397028358538,0.17109834490200132,4.774056887410277,0.06748667307308794,18.034288023994513,44.724604806399725,0.99892963151002,3.4162244710693574,0.7971113427149141,9.430203828793255,5
6.6930339072226195,0.558477805453676,0.15787762169380198,2.5016919095821732,0.08945645451778758,19.217713200721995,31.88872753679436,0.9933392305711336,3.4408445017055076,0.5805684519564855,9.588202932500105,5
8.912263899870604,0.6962615305477895,0.6610480105823728,2.137701878955249,0.09414313301667342,13.537471965403299,87.59859719032175,0.9973314339434148,3.244835455939434,0.5875360370078961,9.28393567607882,5
8.767696517105259,0.2462809371085648,0.06552401914282097,2.1831342690977706,0.08537235548112698,7.017299838975778,12.917756075196944,0.9951939442222266,3.4224130090144294,0.6059926267094097,11.432125380898457,5
7.24606579455478,0.16,0.10653400999489937,2.172061627376713,0.16216167141435375,7.288444460238507,14.282096581077761,0.9950128336044243,3.3790924526303434,0.5518480301474319,11.211871670450243,6
7.031768436708064,0.5003711204353327,0.059863073622603166,1.4357444263065706,0.07974248194292291,8.41994140399854,35.59582876524585,0.9982291669533607,3.6460071300908923,0.635713386727113,9.612677783707523,5
9.139783122462616,0.3334129590974907,0.6225753146560165,3.591259461983969,0.10799962622768393,8.252205151973934,6.0,0.9995398503765404,3.1761112851112716,0.6828081669776448,12.261968403098782,5
6.872641355495573,0.4476308544676056,0.26383319830087903,5.620604737074935,0.07896606966756825,58.11895834549881,123.60613474148263,0.9968795285084424,3.2858727571638537,0.6006508805132934,9.968207024967992,4
7.9922769874770765,0.510447835820055,0.3118646934770759,1.7236476554434654,0.29469994490443824,31.494626539515362,46.448068313275776,1.0014588547656575,3.094678657866395,1.216231402246854,9.49020236142103,5
6.916673393934417,0.3907390446247616,0.41726534842020946,2.0365621788698083,0.06474481915085231,22.228022369152814,38.0791367744685,0.9942160004033936,3.44526558937387,0.5719192023245416,11.208785823465048,6
6.832252199074889,0.5899443877278007,0.06769252621059921,3.5717343157878934,0.08542203526056427,8.70604040578189,41.2143770486419,0.9968990193439292,3.3596715978245255,0.598426836970664,10.511778213312397,5
6.762505948492759,0.3870515608239623,0.5180771362634905,2.3155513563697876,0.08703995121938522,10.53153865604165,60.98038119424944,0.9980347769840078,3.3143858641048443,0.7023198510653025,9.923539168799175,5
7.439106526180824,0.6852994487833226,0.07583110230500455,1.7066066365116477,0.07154138595345173,35.628465022119315,20.169871174416514,0.9956878445227861,3.4409575476666627,0.646306027549419,10.038731227404641,6
7.223907764399015,0.7761957062106477,0.12918470185863537,2.019585529523233,0.07734295722886829,11.645159051044175,56.63365629611332,0.9968318715283256,3.118850719315004,0.8090631016350791,9.741277683940577,6
7.720972205694404,0.6007315079487626,0.07073184729556226,2.509836740522377,0.05286723447602264,15.097637030888338,48.0045373779118,0.9951647652612164,3.22235697047485,0.5858919303688269,12.949455579913167,6
10.816797728269169,0.5767278209674296,0.440819711772906,1.8242350872539699,0.0757978871493277,13.016252600117028,77.6906448108654,0.9982267209892041,3.332838489081369,0.48684847232036926,9.108217496596902,5
6.481947162230854,0.5123871019643107,0.09218757152970257,4.140208502767016,0.08882882516200019,11.970990982028244,16.997866237683482,0.9972871913702441,3.3720679969026355,0.5426535713062166,10.717315270818691,4
7.73858435890049,0.9186275214977786,0.10809923476939626,3.8295989951646137,0.12413797403454895,15.912734480969405,37.44955827414588,0.9968977864499018,3.424448317125509,0.5361071628114105,9.251349669981632,6
8.144991260938879,0.5760484310613844,0.19067954387507968,1.9674400338672884,0.08058081484647438,16.854997420488655,99.34061715394384,0.9972112642109718,3.186494029336988,0.5865703221881414,9.209245785749449,6
7.8137439727572415,0.2909995042509011,0.31104068165875315,2.2211242264388926,0.06767359757181847,10.164720569602142,58.56761297695369,0.9958369363809921,3.4775069705985038,0.8887110694308002,10.70797905201686,6
7.1511345561015505,0.6176737528200182,0.14861960732386384,1.803049567923428,0.08113875969414891,29.694030050990946,107.7604527011517,0.9962550550539498,3.3004438390484347,0.44864369843634005,9.640638586035799,4
7.3072532232041425,0.600481436292237,0.00394929663414903,1.8290773813123058,0.14584991017263302,13.053806304144393,24.93695934668,0.9966702746272037,3.478955273333426,0.6182533408958886,9.64944135359903,6
9.927911779021995,0.31274607226067186,0.4770968751755044,6.370470510505112,0.06905450911583279,31.93546784851555,152.08011563496814,0.9972796497585878,3.11463896072223,0.8532848219708853,10.130620188643025,5
7.703146068312375,0.5996541449779996,0.22084511466692527,2.0163981289655584,0.08501793170555813,13.921216858717532,29.91243517182003,0.9943895446993573,3.3677025097818083,0.5684614670993379,10.336246161134396,5
6.416697523875476,0.576278408138967,0.05098512730909359,1.6910315229169592,0.08117317449142644,13.52493169532391,39.29269191326309,0.9962226464091007,3.5104153388461268,0.5796012650864285,9.949812022906746,5
7.098366717791091,0.6277733638583566,0.0,2.593702268095926,0.08714138798406074,16.536743081407305,23.790826544031212,0.9972070475926877,3.342521122189174,0.4687225643993526,9.532853063880097,5
10.1138266514985,0.43401305613378754,0.48819177488165283,2.7705929232449624,0.08079417982818354,26.96514117514983,56.46057122218808,0.9971178270684415,3.157593224492304,0.7152330120916457,10.604593742995187,7
8.397315772878681,0.43303553751585727,0.0,2.200136860582722,0.10980820611142421,19.92483919210863,92.01029730817186,0.9981034620139697,3.4345135013420274,0.7794348940872772,9.877572631394791,4
7.130750588251897,0.527641965151444,0.20381490762383386,2.022085439989941,0.08118434012730141,17.216407602151364,86.66257335706906,0.9959374379719081,3.15824639266141,0.4292870498262923,9.03922444301011,6
7.661189795743663,0.5391566929075389,0.2583469611020166,1.4106625646662434,0.1115050703172167,14.015466230267126,19.64806881386579,0.9970760923607623,3.1877119831847147,0.6789868762316779,9.42240636370121,6
11.037020835825864,0.7428082683892064,0.33946464924348857,4.883505893089444,0.10659444916853189,35.61751815288889,38.1805180036867,0.9985134221986558,3.180102339577644,0.7266295603016459,9.101553017999368,6
7.782610075373106,0.3230210136615043,0.538865260381938,2.3796607048151692,0.07657741204004302,8.604257273213559,23.000771309959813,0.996455175219908,3.4568911601370456,0.6916525664355921,11.507045509626066,7
7.079943800193482,0.624641035663646,0.07503978319424462,1.5774973938184658,0.08725600512662268,28.106760386054248,36.92806193179348,0.9974793533064126,3.5691949853930853,0.5890183547799116,9.932777302419717,4
5.7639519053396455,0.4519847066508512,0.0,1.345848488462468,0.07398920805407029,12.781999397769415,25.070697032348562,0.9945982252441794,3.5661571922165267,0.571537591043271,10.655046487437227,5
8.698385932422932,0.18091491390958858,0.40627380497895055,5.604087578463517,0.08022440008805162,36.13681206869142,157.26644047928102,0.9982131497632125,3.2566249575581216,0.5222629700899634,10.678035203209253,6
9.84873579110997,0.5093836901491885,0.20752175756693744,4.825739951611826,0.09236443779229864,30.925988327520734,78.34590241953943,0.9991156103612219,3.2642547037221266,0.5446990306715584,8.4,5
7.079097260924586,0.4836281982940078,0.1679667034977062,2.076073846076472,0.07361244911459804,21.595595594823884,40.25627657633208,0.9945718944539591,3.2484704133576576,0.57,11.522037131056882,6
7.391458135892886,0.5523804173717728,0.16706439738362844,2.810881645184813,0.050672854739378714,24.045959461089474,40.37182667382132,0.9955006319765674,3.490745228962278,0.6029559820495212,11.770585822129474,7
6.643006405906872,0.5523682359315086,0.4774740721494757,3.4546390024520854,0.21166606628710827,25.091756371865618,41.62980531264341,0.9988260352913898,3.123029752575568,1.0900099191308679,9.347588834984295,5
8.257805285283453,0.5539459873356155,0.17525276821144714,1.6827542832116382,0.10527901273100379,20.04727997191629,154.6877627521829,0.9968961360897811,3.3461468930867295,0.5386359516646644,10.354146180437805,6
6.686066445439449,0.6051843735432534,0.16716414683189756,1.8997833133945672,0.10978091357582657,7.125264371795171,33.41320378726649,0.9940468697948367,3.2511837596506807,0.5566477544078814,9.63043662056644,5
7.276412630169836,0.8287991767747929,0.09128867253308291,1.6157875320991264,0.06415610551120332,10.127510740338627,6.0,0.9962409837718109,3.313831641151257,0.5933156545266726,9.459720191380221,4
7.213999797095834,0.5493039657122764,0.08859634272594116,3.9821186342632267,0.07730537502735486,36.54936746290279,64.92270775115658,0.9959940002899084,3.2759221491470365,0.4761394656634526,10.047849790562111,5
6.887666558659814,0.5956377866902713,0.3843725220465411,4.122220715461771,0.12432790966573617,10.197534190082619,20.903422863186165,0.9963958014679326,3.378020225658914,1.0242793532849308,11.65286507858388,5
6.539393140515527,0.16,0.2210469166502483,2.4033211242430745,0.07080723324640138,12.54253196738,28.565856664622608,0.9968240860763754,3.4343139491621026,0.57240615909241,9.393650098270292,6
11.183111922426598,0.3012522070166473,0.5003623344753816,2.955460175380339,0.038,20.465338740134747,18.282918451473883,0.9945185293969772,3.1876090193166133,0.7375352552020186,11.908573290738673,7
6.8042363477606695,0.6412685079059398,0.0,5.601901043369718,0.09483050497962163,1.0,16.932072648706317,0.9970967285773066,3.4431737210672284,0.5511616319615366,10.163705386653167,6
11.63078640158306,0.2696998376108814,0.5130639542733548,1.2286494077396468,0.09632695278834465,14.721023906656773,42.386990207082825,0.9979793869537216,3.145835122768333,0.7722427234632321,9.35604734102318,5
11.502904161894868,0.9413160519152011,0.43611877355073725,3.2063683472860824,0.08278687242014775,9.071627255332665,20.822262655370004,0.9985003231414479,3.2852885661285782,0.8210410665513131,12.91769161956004,5
8.342449750777858,0.6157428223794611,0.14343160281236444,1.7654940166333863,0.0946428921106885,5.296266300248931,41.21535859193973,0.9966028838088083,3.37303706016186,0.5299870869379593,9.855867572771787,5
6.3358908443798505,0.25774480239846986,0.3890919904460365,8.233748721037708,0.06670123877424945,25.717186538670326,61.56126533312074,0.994243497212319,3.513811330648772,0.6367489797529144,10.805857193374566,5
11.120132365673221,0.6185874642807495,0.28227256857674543,3.1793322158835022,0.08862156285532584,26.243250268608083,72.59050844037137,0.996927749224646,3.2197529338895325,0.5354925222647995,10.015161515442568,6
7.646008906088193,1.0344947291936994,0.13833220177658984,3.8512758852476345,0.07838301969775079,5.935249662112597,30.028738383980773,0.9958610555107474,3.4798124902198793,0.564595098026255,11.01178624895925,4
8.415768749170233,0.17086147230767607,0.26985940288967825,2.777255400558883,0.12671895195447183,1.0,23.106294862067188,0.998317553470066,3.1765028578239876,0.5665136204633043,11.554423259564658,7
8.995524883143654,0.6044411765922888,0.18284043403800238,1.9893719978514919,0.0794564466623426,7.282664329573003,49.92047245545437,0.9968008107878107,3.023866054864272,0.4737287551616642,9.53672339269058,6
5.8498292948860655,0.5597695801481033,0.0449792942684864,2.030765946548953,0.07504439643547199,15.755900325800214,53.63044196956446,0.9946397395041446,3.3742308956895837,0.5208449472541936,9.702194631645728,5
6.985197777254522,0.4926120266964469,0.4117541402594055,1.96098553954922,0.08216319798181888,12.81267509396998,83.98572415352552,0.9970581150512451,3.5224126781886427,0.5910053828056456,9.46971895064398,6
7.912086723977604,0.7781270967547315,0.07709055129898887,3.2905821695042077,0.09916790533301707,15.859895832326341,72.14762731772215,0.9975706806119605,3.2712560441797125,0.5846313936934343,9.361715131342336,5
7.337103832455384,0.31967763011270606,0.33762841460898085,1.9288577791879453,0.08064849053949698,15.804534426834612,37.26368855220332,0.993630704907834,3.1423106610710487,0.7137686511301551,12.010970734219569,7
10.447822735444463,0.43626826544393266,0.5209141101888604,1.5574073023836212,0.0751017017578861,7.229384326620991,20.283461710313567,0.9983865790469992,2.9213384786385,0.8112420777088793,10.55901662636705,7
5.94498747213006,0.6411013985391454,0.15803445024540616,1.4890436453201688,0.1301620145850441,1.0,33.53677471609721,0.9958673330623928,3.534140147753185,0.6117139928175751,10.334298199341232,7
7.114624557381887,0.6096283302506122,0.04578508317673153,2.4532755380026527,0.09787868742565953,15.929156309691912,73.8426694884428,0.996147341175381,3.356484393997906,0.4571291990714491,8.721824625970262,5
7.1800775026436545,0.6011315781259208,0.18235561917240167,3.6111623197423706,0.09590802216231518,15.494662172984244,37.66584803968848,0.9957820059437488,3.5017623806230262,0.637622898191507,11.693416741465473,6
9.645744020830977,0.5829786219081341,0.79,4.459037643569843,0.08026707445366606,12.428749399645167,48.06419957825567,0.9977279137298934,3.3038699099362905,0.7371533048719711,10.603519322449307,4
10.435979263658421,0.3689028141068468,0.37194876449771686,2.071581130016237,0.10248338647221852,24.552672511069794,39.82263824457482,0.9963681843080888,3.029018485103215,0.7455997845693095,11.060592903630537,7
10.696326928078939,0.41980209729530327,0.5818125024102535,4.159268365163886,0.08823960376046408,23.42321246219065,38.224330145935824,0.9990641998664059,3.123272427068023,0.5984676317264127,11.068314041119452,6
11.449183565428097,0.21484535059966184,0.44173023852796195,1.8531812685651563,0.10845147959829633,9.484659734091885,41.17844555080139,0.9974796858922018,3.1194148347367117,0.8257060914788832,11.007655498500581,6
9.618869995944111,0.5297966531472003,0.0,3.3777639253885487,0.11150074265618155,5.14124277020821,15.602915372646674,0.9980499338912043,3.263580528317538,0.7100959015510396,10.865675146632984,7
7.680554654925921,0.5988839366845264,0.45449220646935573,3.2739287908145553,0.09016636265027293,30.944847985989163,82.43200922546191,0.9985562809264658,3.2096715268321114,0.706630349742952,9.643755924775883,5
6.171506435626892,0.47737948911568684,0.20426501572143893,1.786455423315672,0.08727130806679441,17.5356884993815,36.97838326488527,0.9955726967346122,3.4814388541118904,0.8111145369938307,12.142316765992888,6
7.7111017523294425,0.4412363773286483,0.22397939218486979,4.7231926727087945,0.07792535361711873,23.200008352045177,74.33441052521407,0.9987312511271391,3.4331222989167043,0.6935705202140329,8.98016721649762,6
7.741274959103932,0.6411497689591825,0.5854107595021599,2.9488708009450697,0.09940784173158383,16.770989216989207,26.82663797124349,0.9965667233173785,3.329185428130074,0.6012016541291421,10.487993102906895,5
11.829533760225912,0.3318162111245566,0.5470062880600431,0.9,0.07249323997454404,5.980817914879764,15.927502528054896,1.002593050305487,3.3120153779990193,0.4762360373507277,11.92186060628359,7
8.795620013299574,0.3568176936415402,0.42568540550962175,4.471617559499587,0.0563433801627623,9.64418475397199,12.92252836751332,0.9950955569207878,3.1659871642458906,0.9164309313578834,11.597048876523985,7
9.15155671444662,0.7990677215130992,0.03939285362942041,2.3631045979841265,0.08677501265267215,15.340643151685212,59.07256829997296,0.9955396836148958,3.347184116408842,0.5319494586536239,11.363256357698868,7
7.461860423656086,0.6068862846642276,0.28083145190956854,3.2587005043467006,0.13750602100901627,11.897407986584485,114.6395169922348,0.9968114621204153,3.2866162788695625,0.6768661767145344,9.180240161347903,5
10.739464614818278,0.29421658336152645,0.6432531311703199,1.288138463384914,0.07862954608390257,20.99754645043361,42.93806374895935,0.9957866272678921,3.1573610482959094,0.6994278046485174,10.349616393821872,6
7.390788127377592,0.28532439480977756,0.39652877484891164,2.4705413850198212,0.041798738394657614,6.533976835580953,42.81792854740016,0.9956685893988034,3.282845816385033,0.5669972010550941,11.656712630141278,5
11.082803920455186,0.30513250983168044,0.637326586057301,2.689569332760241,0.08135217652719297,8.747903230386596,41.31487372361218,1.000247830622562,3.1491910014035565,0.582006219271403,10.10181357200693,5
11.460170921665135,0.5867092187836692,0.4352996339601753,1.9633177878145336,0.1917258997195501,5.083382401731553,32.61324295431981,0.9980485397598241,2.8867861641944885,1.1895870746503736,9.28813611230414,6
8.403049247366635,0.669594808808453,0.30151060537377433,1.7867002602320283,0.10947488555698026,13.975742515918586,51.14431717171708,0.9974355327699291,3.301817624629141,0.4428274429965462,9.706852126886153,4
8.424142076017525,0.3441903103941261,0.27365923844304224,1.913265034159366,0.06994061491295961,37.129238431021804,48.78397819491198,0.9974029916116641,3.2108634966039555,0.39352217341394274,10.446331837851456,7
9.565888086550858,0.16,0.3287136659706057,1.6885810950700504,0.06562765821139666,12.77730506337872,50.34280876735862,0.9947599782056243,3.2430691488077743,0.4923556728113652,10.64563728834256,6
10.671347191579496,0.5869915791498446,0.07109829299986622,1.4776921750243501,0.07920223842326453,5.086963643132741,19.013727168311263,0.9960297466432279,3.2836417983913417,0.6505387670495603,9.446889909271887,5
8.813871967675176,0.40267094569156814,0.45549424976791936,4.658815862268164,0.07705601742368846,25.162624863818813,72.85170676750165,0.9947195688166283,3.19704359993749,0.6057296344031989,12.403881397076582,7
8.250046708546188,0.6402949253246764,0.00031314093195196346,2.037692290705829,0.07947726050315948,6.5508346883419835,29.470906190687504,0.9966792116278058,3.5346544998803746,0.5994511220871402,11.009987698971193,5
6.213406142259769,0.5205429743750694,0.1448097200839924,1.9697701958210094,0.08482756482257822,9.711475036822783,26.712358117468725,0.9943295844889849,3.2890888456329543,0.4601907494756199,11.587070286136917,5
7.049720862796878,0.27581236400821374,0.35665624675006724,4.184605064109458,0.038,26.9804712367305,198.04130789046735,0.9928687589976525,3.083397914075994,0.5607879571602487,12.002453234293498,7
7.847547906672904,0.6796804688319792,0.019754347075821344,2.636380075283433,0.07819184616261213,5.4824218748684785,11.723828547137703,0.9958694009015838,3.353339566573932,0.46825458301514744,9.16264786790207,6
8.192068357493932,0.463177842146704,0.0308127211676285,1.702723751735666,0.10313450875625524,20.61526050726967,79.0989373774018,0.9939818228322082,3.2691488860884617,0.5206148379221017,9.992432158205716,5
5.348619962653098,0.6568641840702043,0.20645775146354184,1.8969154139640738,0.0747833616971245,1.0,6.0,0.9957121657672207,3.467942721859598,0.6353871828696473,11.238022936813065,7
12.86031899310593,0.3756205372288434,0.44903239508284715,2.5393896337508433,0.08646557043560159,13.187577371917484,20.329150450925955,1.000416568792887,3.163407854762952,0.5850326599885134,10.922689181118232,6
7.277730977302481,0.7459631482545231,0.05068065961825757,2.1408593230182174,0.0683051857968536,12.871263499309556,29.666668585853365,0.9977877120610867,3.2561172673725554,0.7284948308878143,9.510553052344395,5
10.496241631192827,0.319491670880953,0.23057371351171588,2.703961783095447,0.06812107729314865,6.490880010999433,25.22954404272418,0.9969223586613246,3.235396731281158,0.7663625029499598,12.558466888922906,6
7.987499995481264,0.8737264970241931,0.08054789380067083,2.292436624464005,0.06410612560411802,40.13289959442042,64.48793770094223,0.9944348445534057,3.202016785268354,0.5861945858090484,9.940056268289178,6
11.50064497755316,0.24410404356246931,0.3960363131129102,3.417627734798852,0.0911356917681386,5.974531836738246,29.559306955560544,0.9994549594872215,3.4315042838335894,0.5819808088768321,10.663962759577034,8
6.656572145525015,0.38395179643510957,0.17525224850786253,1.5531530110796694,0.0747093437660884,7.717390387785006,26.60605567283477,0.9946855659100365,3.5659488754494024,0.5605468823557366,12.22528065305037,6
6.856640041840017,0.2843056028669119,0.06267640712446884,2.037800521561266,0.07517653155207622,6.342143080074898,31.730003509266467,0.9951015863794977,3.256325457784043,0.6754749171005481,9.895638660979662,5
7.358215428286376,0.3609571950199375,0.3009724264109289,2.777628357109306,0.08013662160847844,1.9326410193144863,23.448181891379374,0.997148388043241,3.1770870101747914,0.45331230964021424,11.508566805304948,6
6.843618351310948,0.45172052913448,0.4519557733384922,2.4283912082333776,0.07996546087151025,10.894316761486806,39.419834842163056,0.9949138755918335,3.425416643341937,0.6923595910844454,11.37034317236346,6
7.279952586798234,0.6076900665605737,0.0,2.043746603047928,0.057026494602905084,25.471769467046116,42.13046417284887,0.9934167812991341,3.2696623947874417,0.7761303377355334,11.467260145805895,7
7.955119031645059,0.396068933103216,0.3389520460209906,1.5763332531474659,0.057145164958356275,17.52214105755295,23.429724358718833,0.992735834736088,3.255402666242015,0.4629919141325485,11.286523570560528,6
7.075786362404536,0.8939439748905693,0.21446240216622675,1.6849558177957449,0.0890616993531416,13.107811402248155,47.69136646053289,0.9971569348986788,3.609432410219943,0.6572212040501455,9.738741292015183,5
7.566619751028061,0.697802308351029,0.0397257555966416,1.0768937630545985,0.06945226511402529,1.0,78.00716476667094,0.9954903022393631,3.2402901248288654,0.47843419459034536,9.658225888169296,5
7.068329633497357,0.6882278129962441,0.28715597769281836,1.8105867600211554,0.08441207522660397,9.987976978928264,53.96443986835992,0.9970760046173159,3.2938302413629756,0.7306251892026958,9.43497571801189,5
14.232241101884537,0.5157899455929466,0.5151257493762265,2.810444106501749,0.10156830867576812,10.488526644037814,80.61673020432961,1.0014772725248076,3.0896697910883053,0.7364379681752998,10.745580560101471,6
7.399669821295015,0.584424865262901,0.14448749277252065,2.2784241448757463,0.059793916509492395,28.57607247639517,42.21419215194496,0.9968771607456679,3.41767830252294,0.6879604740866507,9.587508603882686,6
10.793526418879269,0.3594265233546549,0.5142844923561151,2.278745092409834,0.0879607497310456,16.749009276464815,72.58920331649512,1.0001522326976666,3.1748118644986976,0.7839956405950299,10.088574982598377,5
5.247704453577326,0.5429283844234172,0.11681501281731492,2.156718816515808,0.10245994551865151,23.459893257370595,47.337581519293636,0.9954870141883901,3.48028862523264,0.5517080159567309,11.976717882828787,4
6.95882298800276,0.5414893506552833,0.2114754818879387,3.0036424712691825,0.060619633389681196,21.935808341628356,55.381267957272414,0.9963536427529102,3.363864699408406,0.6536595715818326,9.466963259865592,6
5.6782115490517455,0.29660673763444356,0.303225062324457,2.2302170792688245,0.07563791140601027,20.276102022025494,89.95832480001866,0.9949832391194886,3.5381306383360522,0.8552855052009065,10.82057107392937,5
9.005908508618079,0.5189106788593655,0.18392771497341132,2.6779481466926685,0.0903183115800766,35.16455586737552,61.793299287645176,0.9985323069162458,3.298147728676774,0.5554056613827208,9.331132424207345,5
10.894230642500778,0.3447778578081788,0.45529372117075345,5.890863730257908,0.17408112860650712,38.56204726837622,114.92276880836181,0.99591601717442,3.046518949872317,1.3234491040457546,9.829754118877648,6
7.51420357420095,0.39762447554902225,0.6368456586498857,1.971127152152167,0.06708255650804691,12.601312648802853,89.4509655988586,0.9969303983350128,3.2330355104230617,0.3699077726233526,9.268888831510482,5
13.390647500424523,0.353150373573318,0.2337421978057036,3.1010768578394026,0.08705760072288271,24.355381043396513,45.10139014275327,0.9999376089295623,3.226431977161418,0.9335777089646604,10.135023016830306,6
8.964328048376595,0.5965239254467324,0.2353958447822983,3.8347123181110607,0.09096682486083306,18.970271984006715,59.98935045807221,0.9978311206110294,3.4037090416480704,0.685825648605455,9.669563975550798,6
7.8946515899442655,0.4595189217415163,0.5176427580680495,1.8944461393129615,0.07709767866809557,20.63651812652046,52.276344307326426,0.9998185841842001,3.0862694106752917,0.7413167625743154,10.317114249457422,6
5.8528732292705445,0.529834180850036,0.04227045541253459,2.2203469180967805,0.09692882140144508,21.24866018317725,40.30538140866379,0.991803810417837,3.720687368326674,0.638390463439556,12.47087326048875,6
9.904929196770551,0.456805308542202,0.12691226769555597,0.9,0.07636007340200665,9.61571965536605,24.264304085813684,0.9971287535063447,3.2746270437112464,0.632929696563965,10.498605412580366,5
7.386559414726503,0.3713924623428422,0.45986697579540586,1.713156008284082,0.22505012953760742,1.0,29.693878823521942,0.9952702825057046,3.4494659481970977,0.717371000085905,11.372095161597946,7
8.439551100647602,0.4440885945686266,0.3648026357614205,2.869592851328707,0.07561266012158477,12.340369031897716,85.69204220299136,0.9975713698873311,3.333484603062616,0.6058523865640087,9.744587090176406,6
14.757163071037718,0.42597487556763514,0.26564772683692395,7.634154982257765,0.07602129517607942,32.32479647599659,43.40381968096864,1.0036498635979283,3.144540255685718,0.6627202918424435,10.906637575928912,7
6.2969687726898,0.52981403786397,0.281823191137469,1.9046850263276,0.1827300617537198,8.40063167336805,61.133155917419884,0.9959389081787832,3.521330826920705,0.42927097074992393,9.580966618789507,5
8.192154532484002,0.17509141245546764,0.3970711682516041,1.7665366893036722,0.068078952125003,4.735858282004115,44.18815273043967,0.9946881103696326,3.3321844215782472,0.7485468107279414,9.462829064174809,5
7.951986923143166,0.8310358415228035,0.0,1.2853088793090022,0.08849947044071146,13.011240098374145,48.5594829586956,0.9944086399295013,3.2089116935999344,0.45682076795994697,9.682462848153474,5
9.938506848308283,0.37624112322888037,0.11770755773809558,2.011206710893785,0.09014725122647937,18.488667696961205,103.13220702036132,0.9984478084927771,3.1016496378811325,0.6203763928680915,9.321622076426776,6
6.96351873932451,0.46215056178777403,0.04994933855633668,1.5222187588890876,0.07020895057954472,33.89063287778011,55.8818242125332,0.9965690765557483,3.385032439370031,0.5712550708337938,9.566851436543066,5
13.363087279677805,0.7692194198015008,0.08930446894148014,1.3765583586329144,0.0781467557537212,5.55981204385036,47.13217240287701,1.0002335222486858,3.2340398041788956,0.7861231319899629,9.820631443812953,5
9.702593285694427,0.650072164149471,0.45306851292817024,2.52625960075018,0.09220332344937204,27.26844738316754,135.429041661297,0.9961621188764108,3.3007177079764234,0.5225861912890681,11.409251255579788,5
9.23692367666525,0.37698039621836765,0.5514245592670296,2.4828196428462777,0.0746505779188831,7.724393068665401,98.40157368908723,0.9993041141417099,3.1036651150111205,0.5312188005181187,9.195704816732851,5
8.147432166173939,0.6392898216544162,0.17328240133505338,1.9789029619968321,0.07950746736026318,20.057966283947394,92.08670195127618,0.9999511572867086,3.151875149193493,0.5478313962014901,9.939919474417087,6
7.615190189342145,0.5661484275103796,0.4530890721171641,3.6159684054997365,0.10291280387448105,10.16604579733972,20.709742012740726,0.997030309570255,3.3669640400922054,0.5934390394156004,10.632750516350477,5
9.217582783237646,0.284768599562837,0.46221633686939545,2.2679563991700347,0.09390883535340638,20.159340336034184,37.438335741497866,0.9981764475550876,3.1082742300981683,0.5722976392072457,10.910746798323999,5
5.7067714816459105,0.9711393398929591,0.333353075403671,6.762616382343025,0.09328860416471083,23.57002739038601,16.375399603648304,0.9961850199147221,3.376721652767674,0.4163110676392767,9.202110196153665,7
6.196150673726681,0.29729102546581865,0.31922008527840634,2.7435200944115743,0.0833155981582347,8.335779415892457,27.94257034943151,0.9965130311012156,3.314983958436302,0.7246210574331722,11.163838288666499,6
11.094090158064555,0.4932409815008909,0.5892993962316926,2.3150216205496035,0.08169443646862887,28.377206474432526,50.37932459549479,0.9959011497010898,3.037138015614833,0.620118150443685,9.516468416127903,5
9.29327293920715,0.5548757451288849,0.05251325345394278,0.9,0.10849947899676006,8.538820995264986,11.774105410412599,0.9975458791544958,3.293071563645421,0.660748624357844,9.166334930430653,5
7.765235300411409,0.40406679693705383,0.4191441827038843,1.7291594262005066,0.06649812292561917,6.513857329357277,16.024513396199936,0.994168570799929,3.3363831787624116,0.7718902388544776,9.681302307417093,5
7.643551634247817,0.6706033274789156,0.00867249945976537,2.328254665941794,0.07692358283585536,20.48025146410961,68.50301652870064,0.9965471773890031,3.581431897115935,0.6544104145393211,9.876902465678043,6
7.942337603636605,0.4559532963436206,0.15415938944650154,1.8359993769494363,0.07830808554229422,22.683514474156503,71.22793980927617,0.9967910526915034,3.3302291858403446,0.4145312268256226,9.36689992273561,5
8.99817040164803,0.3631344657544016,0.3485840102257457,2.3487998106325305,0.09917241521937778,13.633905011308524,31.699933645938575,0.9952518017533925,3.086208101351006,0.7985826548271551,10.737429530908186,7
9.621432310779326,0.6837627352502416,0.23161713537614043,2.4586633404195046,0.08225595991304419,14.297833110425467,82.42475185341118,0.9957306174968651,3.2357088937932765,0.5367134186957578,10.00001837368668,6
6.857430068981711,0.6292067042659973,0.05514658427119422,4.971489144067274,0.08184448041810227,5.606355132951062,24.449007147584457,0.9966725926188454,3.3826521769608306,0.4041704786714786,10.303221551759066,5
11.99054846693339,0.4572182829692359,0.5397436390661975,3.4991037787644887,0.10988151428642265,8.017192111393491,35.743254833015754,1.0011258674514592,3.1167862340874772,0.6034319888008246,11.188283164094528,5
13.966850455912859,0.3394471709628663,0.4776476154029058,4.8278377661106155,0.09320530128423472,9.669292933491771,23.80570617655321,0.9995046778981818,3.0692745845579905,0.786080157563555,10.8111779661252,6
7.4334001490072605,0.16,0.24519925064392764,3.122670699092076,0.056230593923825095,11.759971509134461,12.10730804975792,0.9962239224141252,3.346665702707487,0.7919248511244124,11.149375354611147,6
5.962316299696007,0.2171129686852105,0.20049574067071652,2.424259042558135,0.0819949550771094,28.99898365004832,87.40942470788364,0.995479767549694,3.6258673389992855,0.5539026421861762,11.647215087479216,5
7.679814547510234,0.7263034922737666,0.02341524369343494,1.4670286443363776,0.07850217077670743,10.403713354693156,7.89641051659904,0.9967226691444127,3.3160731417446017,0.3408155983071819,9.28160120837376,4
6.395335997572788,0.4642366412243272,0.04852486716041254,1.4375505466954046,0.07379364272375454,3.9818460792864734,8.14325596903132,0.9937985038050167,3.121528056257743,0.5466385791909975,11.2384613542932,4
8.20399045713223,0.32213406294341856,0.3763061689069868,2.1440582012780265,0.06582570221018533,12.549942907894819,55.79627262659032,0.9984130513938888,3.209358939544253,1.340587507893561,10.056075785399129,6
10.706024670841368,0.43335770949455876,0.5537199223143997,2.378729812577282,0.15163981250804195,6.6874559916779095,34.18667909551718,1.0012406317430642,3.233066342533022,0.8728356377351909,10.123004195979782,5
7.330420106806422,0.6366199336124574,0.6536288631089116,5.6077114878809535,0.09749844044612907,20.487845612725945,53.77065376420276,0.9972952678863394,3.230857193009313,0.5925112264457785,10.698422325273185,6
12.160570444579012,0.42749548717956243,0.48669132825661054,1.8280929067916951,0.043910313205709,3.1159596545834978,19.952864735171634,1.000622566820167,3.036108011520074,0.923709971477866,10.675970886301004,4
11.015818116790348,0.48134200055873155,0.6072776649745186,2.0880880560482526,0.09016041595903251,4.5278234154333,16.405496680327232,0.9965182547260584,2.9913129032617696,0.7809395002955023,12.335696043068278,6
6.148400321829586,0.7337828313082156,0.0,3.909919754961555,0.07368937000339029,9.691341785584104,6.066589534848205,0.9961146420026076,3.700249953635368,0.589848906257271,10.057712237227582,6
7.770816943025713,0.562452959600376,0.243831609806813,2.6307861060871596,0.07068129971659537,21.29892237249784,21.898053946286595,0.9968999472278741,3.282257554512521,0.6246091425362124,10.417212994084334,6
8.450304103247753,0.29539960224860634,0.3018895015197628,1.9654906086854056,0.0821749188784601,1.0,23.625214254380076,0.9968883709092288,3.2410322755529526,0.7691507643773143,10.68716245819667,7
10.740969403016386,0.43621656411188897,0.4125292635232489,1.5550330543559496,0.07076758422418927,22.12951032189099,48.98849548134772,0.9966725050492151,3.0191967143095066,0.7028611569478634,10.644608624664905,8
7.44983955841973,0.6102129866025203,0.16777067152547387,1.3541860517380502,0.09144082279092543,8.808264684862277,43.22443025749215,0.9971329685347002,3.5112208824445195,0.5381416152148474,9.663422841219012,5
6.303541298209099,0.7846533275943064,0.1083470987891607,3.321575699125549,0.07945145043662176,12.082248740147296,6.0,0.9968443941061254,3.404021779239459,0.5131989320093854,9.606678130028262,5
9.397911541739909,0.9030282474954239,0.3973619163158254,2.534407636478414,0.07608316740711134,10.926881840266546,45.132995323294644,0.9970674000941964,3.3443834341573586,0.6036344477685195,9.98230068527502,5
9.239035867552799,0.4999752491321118,0.30294950642551244,2.0407441291769204,0.11206300811130407,32.53091299430958,159.34086932774562,0.998120058744669,3.1650981868471035,0.5527112993161906,9.348336151134163,5
8.38995465063083,0.8048328986980808,0.18090511211288282,2.027726985727082,0.09870946524201778,24.62256898355485,56.60251440635692,0.9962010947889264,3.306214502913864,0.6484304239360694,10.12752605637733,5
5.26913019097545,0.8593528036231979,0.18887203609124603,2.233376355909823,0.06259134543192826,16.700886950116423,50.713964893868166,0.9923974557883549,3.589353600756145,0.7589022927622134,10.860297243168509,7
9.306919571283775,0.7288023119333726,0.34025301096172933,2.780395195334129,0.08365202863182442,19.882784254568882,102.61208399293179,0.9992873299964949,3.3367681406020857,0.6210483061203647,9.668704354150456,5
11.656205964068429,0.16,0.5299496221113265,2.9331878368549535,0.06315883182462606,13.834107089419005,25.895671707164727,0.9984157125186887,3.2158250406801057,0.599736397471813,10.428226542988885,5
6.1523295211597535,0.4734208378629482,0.1385933923358918,1.628507614219235,0.07177280867870779,14.740664148072385,25.322858448744824,0.9953564615519956,3.3564975204507657,0.5567266017166075,9.16750742534312,5
9.150019605439542,0.34991424592130516,0.4734543812600247,0.9,0.3460608468884356,15.951239293192213,116.01369299908599,0.9978487566472654,3.242955716836872,0.6921386131704454,9.474316541676762,5
8.807181995653833,0.7761801355895571,0.11435079870151817,1.9442130372405657,0.11773457910202241,6.0,14.778073455308409,0.9953998388308418,3.271134889982451,0.6206958941900191,8.913946057318794,5
9.721809366982265,0.2947220396253266,0.3400649790192029,1.9805534330778876,0.0656135909010829,1.0,58.52794093653662,0.9936461006212938,3.2564359052026632,0.9714700324144121,11.363541119501413,6
6.694198308591318,0.5087019000467615,0.0,2.348329960826138,0.07711406355337751,27.054757724365878,48.912840271053604,0.9953943001800039,3.2003256077316187,0.578479432389783,9.602520486788974,5
6.846217519543241,0.6460252516137999,0.004264430044340822,2.2799772880050444,0.07363450176972723,15.604423137325512,23.178155088400864,0.9978310177742297,3.416931282047253,0.5230381236763081,10.903357297751755,7
7.723240806053253,0.7026898445146345,0.21039954224538743,1.9005714775640807,0.11073060134136939,5.1581276225849955,38.1741691626666,0.9940536234404532,3.1422456893343713,0.4936828400499385,10.271641563802504,5
9.45418813142549,0.9682528268817455,0.3862819494978578,0.9,0.038,14.09080871060837,114.90302920393948,0.9958222334923305,3.16605408110801,0.33,9.340149537927214,5
7.897162308662814,0.42960501768583503,0.27567431775147594,1.6561714135446066,0.07877225250182361,26.01376702708523,90.26643589881246,0.9954224088099205,3.248169024010712,0.6664736207655567,9.160799990020385,5
8.324443134304236,0.6103389936629458,0.002581077443517432,5.085601305904307,0.09668850973109078,15.692125255251302,40.11044571357848,0.9974535119744296,3.3117822591022406,0.7598016291219718,9.292442741555783,5
6.385193658214464,0.5164026557156336,0.11679575408018762,1.739401240756012,0.0765636411524295,20.348825190089713,59.532732897878375,0.9931884080816613,3.497627833536542,0.8944060240534253,10.4395265340921,6
9.797432397008958,0.3616297954418512,0.3112005378725212,1.3927936200126076,0.06558005208701628,12.149315924550331,6.097882237983857,0.9934594651852995,3.233556746663471,0.795399767011453,11.291346302710394,7
7.394610368125943,0.6003884773901953,0.0,1.9926041054204384,0.0554462278698932,7.425272422135867,13.427242406853688,0.9949045447714189,3.3947652410431193,0.7400510566206424,9.79972901606664,5
6.9283206175127985,0.7079322860699006,0.2890361914794858,2.61853781894692,0.09302184719059665,10.117322119099287,32.91704851908684,0.9996648767327169,3.6910192859858872,0.6981168632720467,9.737470899096314,5
9.308024995864143,0.27579485349941557,0.4613097862092104,9.131924919848466,0.06503503965931459,9.228657144904966,22.405235142316194,1.0014495079632229,3.191119257950389,0.8312355583544332,9.516413189516106,5
8.171241362419542,0.687959007365232,0.375582252715583,4.012947567413987,0.08552172321305673,21.274554579849802,110.28304323867442,0.9974554111322033,3.244371686282115,0.6702108750823819,10.375968676889896,5
9.037031913562945,0.8733066523372356,0.19720612827194745,3.345355788531019,0.09137062503118171,21.730667605632334,19.771532067773578,0.9994315198300424,3.2419327945508134,0.540634830481188,9.207195631270409,6
7.602021439378431,0.4122366459410534,0.19732217683444064,5.329631050927716,0.09695214187149498,21.679790732974105,50.494163084964235,0.9967335461503646,3.3613446809970826,0.5231140385776223,11.27352704780046,6
9.059367186606897,0.7158643993632591,0.17396577483849437,2.4405262622101835,0.07547546351773361,10.090920619328188,83.09879466520684,0.9955043872485356,3.3152268813840284,0.7123841500409118,9.310945254654737,6
9.055042035902076,0.266619649605124,0.17124002488062223,5.6411697522299225,0.0702582478956055,14.099658499228871,29.45311041838214,0.9989164916800453,3.331893353892688,0.6288762905001073,9.93290681397994,6
6.453765868165128,0.565893825065929,0.004904663395819898,1.9796979495005587,0.07454262744586175,15.537948761473139,32.24289619764681,0.9963965847195154,3.4458553104532936,0.5365758949184152,11.451883992328327,6
7.195406819675906,0.3689870624716,0.5769295954541422,3.5294156572785464,0.08193997593668212,17.228241471778315,30.236245686241396,0.99766403735149,3.2642765381033936,0.6082680905953788,11.070598050999454,6
8.103950543830262,0.5212686157078986,0.3084890591768806,1.9679777811989938,0.0985839177940162,10.562461858385758,38.20603225938542,0.9985233688258167,3.449999486343795,1.0943070324310953,9.647850294669539,7
10.339687835680254,0.45559942657646785,0.45661839697444323,2.9248409296928446,0.1373667143904027,7.367455869793751,23.77648907720997,0.9989772363242447,3.230501586656408,0.6907050140897313,10.839477153837585,5
7.030374919243308,0.5935123167893118,0.09771696014661205,1.8640010410449872,0.060427983517061246,24.379932308370368,43.03467778249026,0.9953145524441712,3.411302044827496,0.7020544198482701,10.561131972727795,6
14.08760498479013,0.5140916712706942,0.6815036212174651,3.582609739485674,0.46839315788507874,22.13166175608988,43.07390696600225,0.9985448977170637,3.0185642052965136,0.7888956825649969,10.103418155235984,6
8.511014951358844,0.41031086811022627,0.5748282235421047,4.213561698240559,0.1800387798504134,5.352914979300992,15.115318073836185,0.9986667377294262,2.9249887009247315,0.7729661476113087,12.888252380081376,5
6.58150375791368,0.696734839121282,0.030407380560347655,2.1198823214022133,0.06226859344497852,8.158691571368498,25.858760379744627,0.9988263251210467,3.4467639127830725,0.774019250063426,10.529227956476749,6
9.180984777249211,0.441316803910378,0.543127253078002,6.159465778608611,0.04737402375092467,8.389556345512307,6.328091950170643,0.9957308193767688,3.387821737630091,0.698618412270787,12.688670276477055,5
8.100917367043259,0.16,0.31228803924227744,1.0984771832964026,0.07064420356292722,34.59472575624467,55.437235958138075,0.9949628963231651,3.3832489320271937,0.5671788322738774,10.65257214211126,6
8.359979694584869,0.7524144290454559,0.2765582423795211,0.9,0.09338069476106808,20.012434850492845,80.66883956258526,0.9995291498859327,3.301788832460346,0.7538024782909447,9.438000886980749,5
11.12265021320066,0.47438531993898314,0.5550857551805102,2.847027321095434,0.10094361935633647,13.222262067439122,34.995019402878306,0.9987361148076351,3.097457819264137,0.5137132016392898,8.597343880255286,6
9.711848887281295,0.4338361808155477,0.49616816715220746,2.374119797504349,0.19226322094158804,45.38533700893199,111.8184052317075,0.9972501470223277,3.2051609079766004,1.0017405558307546,9.583083140780474,5
7.123846797816339,0.43049611563612256,0.5146994607744884,2.3750766986131895,0.09682244851486267,12.62581305104599,73.27577766991436,0.9952262192491292,3.4973513289973983,0.6802458890200247,9.728404067617616,7
8.53238249960771,0.35226592498264053,0.5160807829796049,3.168923473410895,0.20054258383313786,10.96307030991531,20.54383288464123,0.9966945316854032,3.096200927050372,0.9269259012725672,10.865711940272464,5
7.851941642241024,0.3957542411045337,0.4587811772029228,1.4408942348845288,0.060955091128219036,42.528796237205505,64.17733118415352,0.9951490076017744,3.3661118649389197,0.7572988454610372,12.178772184880206,6
5.329911319016446,0.5643182891079678,0.29383265023969823,2.3211429262042453,0.1043468848005403,14.12799021640479,31.94870947059008,0.9949805463089003,3.6201095155799377,0.9274207731505317,11.822607241002421,6
7.550107919651566,0.5417665539171349,0.0,1.4990578688628153,0.07046274758023197,20.61936308631929,46.4217837386018,0.9971552862233365,3.282778712930712,0.4943007009123713,9.586796746024598,6
6.558812350303264,0.1715648704830076,0.2650104208285603,7.74475532864291,0.05627916285349965,39.667397301751436,14.521310143432657,0.9915325052212186,3.0301172216006242,0.5222068636629119,13.319337643676617,6
4.821567720693036,0.7345814291216161,0.01296259426076285,2.9190268461468314,0.05427299829420439,28.446085890638635,83.71531989353429,0.9934952544010255,3.6053218883888802,0.6931834847496631,10.018994449875423,4
8.748333203885855,0.3404722733663303,0.47298648073227956,2.7105486083560453,0.09798028084942258,15.769790265639546,46.71030777280674,0.9966202218507649,3.5043590028253653,1.04439838044211,9.21549569012188,6
8.190414547524401,0.5525918629193802,0.2520791692664003,1.896812401550636,0.08129510769618248,21.234085197007282,11.989071562575333,0.9964708317297518,3.4050532355789884,0.6643706258214187,10.314396690708831,5
9.033030610209533,0.7836410607779631,0.19922426222869705,3.2459690202775358,0.09050526965265339,1.0,44.14834690852523,0.9982917781624552,3.352534124593948,0.5666190572314791,9.514570726718466,5
7.003086048271802,0.38270544088427894,0.20457647587763889,2.350125960147556,0.10310537057838044,15.571437496831747,53.36537348016384,0.9973531108376301,3.3372834926153296,0.6446922531293541,10.390934759470717,5
8.937032731469184,0.3782643650102351,0.39371690582108126,7.075347165969863,0.12922802253811344,13.690684972519488,20.57239799517,0.9937334486116846,3.36788130397643,0.8284021827301489,11.020167346733013,8
10.01992513087349,0.6782612475247258,0.2150053690124173,4.3268582346460684,0.06827790647011986,1.7917507933851624,82.57011574822243,0.9998775783975752,3.2971789718187683,0.96572718082562,9.562363154013493,8
7.001386210690841,0.6180254883469276,0.05638869775041572,2.6280290545406606,0.09179563048347962,7.980929669640165,27.498821447246144,0.9974844413622611,3.298892185640755,0.6872340461560942,11.218262078319915,7
8.907662583698656,0.4937040920392492,0.2752688048436592,2.112524872269137,0.083700523097528,23.61577062278363,35.87113063058369,0.9975682956811348,3.3158300128075773,0.5207226279451317,9.77543413653345,6
9.284860946561286,0.6540200351317856,0.40830157112278265,2.2080790209319465,0.28216165804658355,1.7989636965201719,61.83212274102161,0.9962704438338413,2.927836945498793,1.0532127298693537,9.582132013581138,5
7.895672922409748,0.561331492985056,0.054532304000514634,0.9,0.06337744633325895,29.32771957109609,91.3388366168717,0.9963597582382016,3.2010255522994164,0.5085992989530144,9.30851916398696,6
9.39832651314821,0.31845491355225936,0.40577658037970393,3.1353218413165918,0.1610835783449873,7.410536732810977,29.067127882223325,0.9972096303158594,3.028732949015546,0.7511960283099665,12.588286165900978,7
7.249015398223623,0.6187492429300553,0.19422814524406928,3.981724510466498,0.08456425547292913,7.372174259599108,43.740590454143494,0.9952149224220769,3.37296961262041,0.53978515138295,11.919471297998664,6
9.069387419721874,0.6000814879652623,0.25303932836023724,1.8869217853636142,0.08202295777422132,16.151521989461322,101.75319162740777,0.996512976753421,3.372342990402472,0.46169595431929644,9.70885776705287,5
5.866355149909628,0.6743128564317826,0.08323247145974616,4.032112287902004,0.08622499763426286,26.855815139717837,23.22127701558999,0.9947847067016238,3.5196402610451916,0.5988142643543126,12.650998720323713,6
7.327897394155705,0.715853425076878,0.05713320847154646,2.861738750764492,0.08237339651868242,20.36157133143588,27.764903241153107,0.9974992306022964,3.242375089647547,0.4930127054395236,9.348327905132663,4
7.335942652850449,0.5867724461151755,0.24709260420462986,1.5729686792161022,0.07158828856631783,8.799999871534396,48.00671388126819,0.998029710566618,3.3153992301353292,0.7856010357205686,9.033353780640386,6
8.40725941057529,0.6000700287048825,0.15369806830816257,4.353384011641288,0.11548848476102253,27.46636154091195,71.3326274996661,0.9988605945476088,3.4246350866221493,0.5091239216615264,9.71854397689073,5
6.482375711624913,0.5981906809385507,0.09981656200411074,1.9124851066274746,0.07731060445341244,17.51476257991466,49.879588069297455,0.9966329349095995,3.3958521624851343,0.7094886795057389,9.283335231814052,5
6.4381088826978345,0.36035027335637543,0.10197691326719253,8.448388510270938,0.08720682789909823,7.195702209314165,78.16376273121588,0.9979080607575244,3.2885432025729893,0.36664268066213074,10.910859944504375,6
5.9182981743765035,0.7826518256781471,0.06054064316177424,2.2220650984353503,0.10314723244757318,7.585954758519282,53.26983784780169,0.9953528901274249,3.4893304589496372,0.9208658000847989,10.951584525337786,6
7.7380212516233255,0.5556948283429605,0.1615608780369066,1.3635360382137764,0.051718395395471906,11.57421947131122,30.254264510698043,0.9976309571990798,3.2138146139896406,0.7185068955470052,9.331441564714922,5
7.396641588178733,0.8146058969365565,0.1182646316244644,4.312051634788937,0.08708523000458912,12.433407654000861,28.320895096779815,0.9947650585374475,3.5119252776851537,0.4778172559439489,10.701185277475352,5
8.851311253251897,0.5545585942583753,0.0,1.2419444489123002,0.051389609387837085,28.00501524815073,88.13068385992914,0.9925439875944321,4.01,0.8180467119262367,13.382502972002891,6
7.60163155377863,0.3798247091708337,0.3299772077416989,1.8713088101453592,0.08916097979594789,5.312874196524813,108.89148748850971,0.9955009720024524,3.295404395314724,0.5863237808169262,9.506735504684793,6
11.777781177769858,0.35053675359487535,0.7031778104660062,2.8772018444530487,0.11281503789235564,6.2637575454887315,18.07496439765472,0.998580031303563,3.0397888209842043,0.6830886331771954,10.769651598772052,6
7.897270982232334,0.5861296580173053,0.20175565511035515,2.7727963748802837,0.07432472087779747,17.227322254894002,38.546389708083645,0.9968878501073479,3.227003244712952,0.6785576660505601,10.716530885068785,7
12.377294548259774,0.3351345249327521,0.5303533486491119,1.6360759784303966,0.12115820447436207,7.121371799559735,28.46836613610512,0.9952034857685045,3.209218327128304,0.7390823946849466,10.802870211215353,6
7.404913127035263,0.6521563058420622,0.07742260559228349,1.6538239688198597,0.07342041478345616,14.899578630505259,30.96698815024839,0.9963626460133352,3.14283894398869,0.6414959692697241,9.922025715476925,5
8.297031022681573,0.3827279405882805,0.3244141634243559,1.4798747274805473,0.05875739935224286,11.216370688450422,42.792403886022136,0.9949816677679582,3.262209132691573,0.5715954204727021,10.970926320061851,5
8.87229009499878,0.5321108718078348,0.2003172119407045,2.228899540056697,0.07384489258343474,15.563406957463611,62.970417585772054,0.9983688105636862,3.313316665601678,0.6724431734596032,9.573078979412283,6
7.180487126608034,0.34957734183053857,0.27097203022400246,1.8516120187971967,0.07842323661112634,28.8011240053244,117.16315283356795,0.9963411498527138,3.268769715614044,0.5911308216804234,9.30409651125302,6
9.886019374195943,0.5298950771878878,0.38929786333555905,3.9768260794340473,0.17629731990459285,1.0,6.0,0.9986830156035368,3.2493870945701815,0.8029011118255047,11.817611679680873,6
10.103253404824585,0.6064968146302245,0.11872158785102747,2.7569534150136183,0.0923060464897671,15.645779931164643,72.1459004915946,0.9965803328030656,3.422690072835659,0.5620863953796889,10.180370117666683,6
8.146415686790919,0.5498750142331255,0.3644502491292636,2.0365029096069396,0.11716413920306856,4.696990775774147,24.395591082477132,0.9956452579207714,3.300408435104152,0.7242472426976289,9.532797652871347,6
6.217449311220807,0.4433716858199825,0.13178758787826772,5.372840533591409,0.0808166894386192,26.003912164914052,50.380533699576574,0.9974805255528406,3.622832897064324,0.7976273600507395,10.58815986151206,6
9.520719683008277,0.5814087911189408,0.5726394475684005,3.3790269485713664,0.09095697515606525,7.495824574948987,24.72860269936081,0.997655536490698,3.3756657331066267,0.8802831554669545,12.1387879029252,8
6.1601204776052585,0.5922167952852453,0.38229425117354576,4.006359387986004,0.06418448593784035,1.9614275605802725,202.6690481090585,0.9916035443996065,3.3118597169840482,0.5107601622178282,13.422631653124268,6
9.498251918894216,0.46419711104455086,0.04639744076791108,4.292436242730928,0.26021833564376573,31.53235921701428,98.85468572605882,1.0015501283883477,3.198171785235709,0.6985745421290983,9.32408956797639,5
6.511578097447868,0.833595707890044,0.09547046852580171,1.9471455085074703,0.07441096016556631,10.34716445989354,76.05301821885051,0.9970246560362896,3.5197145132152063,0.5703846222990855,9.845814577019615,4
7.778810070032799,0.6214548361724341,0.13156842113164505,2.3166080046468607,0.10441598521590385,34.00604799155242,54.65382843320411,0.9959456750875727,3.349572520608855,0.6576448553810476,10.374149121889934,5
7.603289124540531,0.7303060241654806,0.03673096698592259,2.6710577746297615,0.05403457637415821,18.60135152795199,44.64772508875685,0.9946891069643877,3.6363090010008965,0.44113329988456484,12.303529949792555,5
8.846096801754314,0.4723408967958443,0.5860412273204578,1.7130766541614793,0.32063750753118714,39.9332270699818,56.26933084903628,0.9976488102546681,3.0142695842586495,1.1221553766642063,9.68308060467144,4
7.561948497154872,0.8475314799918116,0.024904084517135185,1.3010261099511558,0.0944064983703327,4.274501640379988,11.486758171981357,0.9975237942207964,3.4622965194903355,0.618793540309187,8.4,5
6.422213029607673,0.532322264738216,0.14024272894206277,3.7524931783586073,0.047822500830094136,20.266731171326583,74.26058889316664,0.9922600148610304,3.5950831864889796,0.42656911005688064,13.510982558818364,4
5.76118471206322,0.2703533157257858,0.0,2.9770035779004806,0.08461767688400743,16.011918960389096,19.71044936683036,0.9925468091493721,3.5695180253830827,0.5892621363456373,12.268767845980676,5
6.554741057727247,0.5727080946229041,0.08853086364993966,1.9143742308929648,0.06676637113208225,25.243465285145994,36.97544813887696,0.9944551111544412,3.431002553429787,0.5916082000573519,10.310230571231767,5
7.13082245378954,0.5385751909332505,0.00604120622695814,1.1940067999997543,0.06278920907490501,16.48713089350775,6.0,0.9975476024112137,3.4230336444801983,0.727557001123325,10.426588286574374,5
11.718530521301746,0.5523580263835469,0.602013314253182,1.6603231855036071,0.08652989526660732,15.717957209852582,23.272578886852656,0.9986024750752699,3.0767075732061775,0.7390710022381662,11.965085831369231,7
8.15270138337857,0.27285317063091197,0.46350138236991567,2.2053767921589404,0.038,4.306545764312958,17.71333760080691,0.9982305564048798,3.2169511947976686,0.718948357168736,11.303717081248202,6
8.183794098257966,0.5718494208803475,0.0,4.511021917399809,0.09614336453027655,19.314613017099767,64.6242019663587,0.9995704800696655,3.558713303456429,0.70203594070709,11.666095448026116,5
10.393555295858466,0.2218339934820911,0.56423859203695,1.8845314305519714,0.08029830811498825,6.494077403956219,25.723378043759325,0.9983838083796636,3.364983466379135,0.5959584829346285,11.888900528023601,6
8.968519664531042,0.3911179836347185,0.41306559678257354,4.796022065032128,0.12477570392799123,26.194310787755878,72.27881607824982,0.9966857428480249,3.1955681500364443,0.974402225770167,11.682106450704019,6
7.650792997560777,0.7016357397611285,0.020418161159261344,2.3807817040133705,0.17671155331621038,7.032350380790833,30.90785921991045,0.9963400846771844,3.255369731817117,0.5184143730301916,9.819908137169936,4
9.812794357732145,0.6940755104480794,0.23586964736136723,2.4483384600646243,0.07174428793727426,7.541500439840496,57.83247696525551,0.9988476263278233,3.5097856931015396,0.5849510391449778,10.159411628229227,6
7.679002799639275,0.37282505628883267,0.2715235336032336,1.5094791430998078,0.06204156905763714,14.091964935571255,47.86577367372138,0.9960541574080631,3.4130443995001256,0.6056195823196705,10.635258981300533,6
9.83605667814036,0.5262207010932973,0.47792014483434114,2.117361462295397,0.08316665232629226,10.594053475825337,46.62694812590437,0.9996170444009004,3.128588005430737,0.6164551157079243,11.411919419155542,4
6.431147724915082,0.756589511071549,0.3604270896918728,4.0846214668452605,0.05188848051784253,6.96347061204384,68.59936697736772,0.9948703918671602,3.459890681530182,0.5537730483201931,11.935984296829787,7
7.880773332602374,0.8381644141400377,0.029868611883798624,3.7934215010325105,0.07906771262787736,25.942751959648103,42.392730961064196,0.9983468054130648,3.2909536935656543,0.5017403747505924,10.483852439439245,5
9.69697299734878,0.3568277072373066,0.5830902163280703,4.869158031015444,0.08497649661450063,5.6134303284291125,15.692876410619796,0.9958119748091218,3.124043961017106,0.8184724484319699,11.829992407103624,7
6.470699155100929,0.32187197849103266,0.466442438260391,0.9,0.038,35.75274848269518,62.819732242350156,0.9954675302823298,3.3575601121155616,0.6670119294032626,9.649381964835674,6
7.341408686465128,0.8722713908113613,0.02862593147977712,2.3303800688558245,0.08929135267270848,17.393112811809367,16.088902380241862,0.9966052349770642,3.28811389563311,0.4473214130275018,9.78898507661554,6
9.01692817806018,0.8653651927564844,0.1665224357240937,3.1629413793278687,0.08953101772444455,4.6416826164324005,18.313327926348478,0.9974747250458808,3.2056841770685045,0.5450714582389964,9.295726703383389,6
11.018369733068242,0.3172659974601414,0.6223944711590642,5.105563390409351,0.0970896841197235,5.456014475691118,23.92786750498884,0.997088454117707,3.119709300457839,0.572966580673791,10.052518846854916,5
9.222163787476989,0.4660477119017291,0.053709087954937826,5.487102700874967,0.08526507674783416,22.750458587945335,119.55626243182283,0.9965822899425102,3.2459968342961165,0.48153265062078404,9.740218784726926,6
8.148910131373867,0.8122354112435944,0.024637797982777737,2.688246025008882,0.06781438330380478,27.674192179685214,44.73520802156887,0.9962895343444128,3.1642409670334444,0.5247187732239319,9.77543450737664,6
6.651421311632029,0.7209752967687828,0.12294680688876684,0.9556499225087771,0.07719147204983973,37.742079779946934,51.393930522392886,0.9971645863394978,3.27095237004317,0.52513851059975,10.630135068805927,5
6.931372363565911,0.6495965787100151,0.3177547596968267,4.6529185850516965,0.13518420349832994,41.653070416361295,37.36638271035215,0.9947309065143825,3.408570558240557,0.7148731241669137,10.397445208396126,6
9.277560439617208,0.3931128514714889,0.4738234328076958,2.227685890317875,0.10382250290199141,9.977187850627118,48.313511332163564,0.9979037086536403,3.30648456441224,0.5988309412029669,9.767771975115936,5
7.816447690086554,0.5647784556891792,0.3124535087094502,4.500289824093703,0.11400093366284213,13.820145336382152,31.867187864177744,0.9941484662267353,3.0429419144323355,0.7543590556234394,11.201473656793034,6
6.87398024209486,0.9944746147820531,0.0,2.0340688541375656,0.07557531193113137,9.3478943199883,15.448086987947962,0.9947271302314717,3.4158026079778048,0.5968868793195732,11.912419641324176,6
7.3700875819009,0.6230512347292035,0.03490955052456104,1.921548939707568,0.13954185755543203,24.795781597381527,67.64616882818115,0.9954990455939019,3.128499298083084,0.5106786871587853,10.20756479970855,5
7.221858910680341,1.0076733569840823,0.1147073797670007,3.4961833611606226,0.09933171868234664,6.809693682446257,33.75461197567526,0.9942468111843304,3.411423646686351,0.3934532579481291,8.975335687774491,4
6.607255296166857,0.26844047604575083,0.0,2.336174616791392,0.0666873715932484,22.59839880372379,38.714194958331845,0.9962424022628144,3.413669828601354,0.6386132694193113,10.915715376064897,6
9.432309194974373,0.4764726263820456,0.43246286876869877,2.679513279691211,0.11552390691029273,3.6054239057763713,56.13933833264099,0.9984546078534469,3.159097767579046,0.6759040289900369,10.699646811588266,6
6.342496753433961,0.37170353063642514,0.17009651650909047,2.0655166975034263,0.08535036713871652,26.271955146444927,32.39522808017848,0.9944725579673037,3.496979403613891,0.5595634379182995,9.984539764408147,6
5.975717885370059,0.7441818407659272,0.0,3.353554400093872,0.06509326296968812,14.605917471138891,27.192990036986316,0.9967689195429522,3.7002954667658443,0.7267916170779214,10.4044827983249,5
9.419630462140404,0.32212877942707946,0.4578630556808976,1.9908296530635576,0.36535254989174804,17.48040183775696,28.469854758795282,0.9961732965338974,3.1462086976051338,0.8387379954755193,8.822129488024167,6
8.4458949396938,0.4846366806082122,0.25058867815287517,2.2103535167100734,0.08447031699343406,11.24207108238416,6.0,0.9962601391950755,3.277821154292419,0.5634712212047344,9.032226105951425,6
7.225359976657249,0.34758370289628243,0.39671930281855566,0.9,0.15693502410513605,10.255721494625282,65.15028284315238,0.9968743131536065,3.417271669243789,0.8856182749780652,11.245107195275668,6
7.275390425953455,0.5343393831522267,0.196472386816071,4.780011216606062,0.2199953348872477,1.0,74.32751797417224,0.9998469752348411,3.0398984557631574,0.5705616905377064,10.070311647336352,6
11.890282053218703,0.6255580795443029,0.4944914393032921,2.456158635826502,0.09101728004681145,5.452732974357104,14.06146138306784,0.9968384196584843,3.2280746635436617,0.5956585659207094,10.009548999927013,6
7.4323275523185535,0.7865568728602098,0.20695788815780786,2.2971831854416283,0.07692955707633893,21.239146643082965,86.12936755109533,0.9965775889729466,3.3056092451980033,0.5090979574374234,9.811569172433988,4
7.317772166088539,0.6557977547457825,0.13254237781203204,1.0493748973467116,0.09625748186051868,14.807992247615159,122.98217305819355,0.9967343150483161,3.261815655454718,0.5085221064883204,8.859070175541515,6
7.241495180910476,0.7861113924337407,0.0,2.145782180733222,0.10600000375916746,16.447446255115818,30.730484206197413,0.9969108111874079,3.2704079756384417,0.518268817130743,9.663736118740204,6
7.7933215147992545,0.5335320080432222,0.2118611725140679,2.432942268364299,0.10185484087102721,9.602934505717498,14.60561435226915,0.9956737094962789,3.201243977691891,0.48948103855058556,10.272704936695112,6
8.272131831419388,0.5614316421428334,0.1072280005877836,1.5625967314315388,0.12172560658788989,21.29668635664982,32.59255309383301,0.9942441586346377,3.3073067078872747,0.46991646877827087,11.431793335930362,6
9.387865043466514,0.3103033968429825,0.4732189720087046,2.7442220157750477,0.05958900696465762,24.7221525979573,57.28410850373717,0.9967542280745255,3.161215372284479,1.1301010745950575,10.348515877173925,6
11.352155621827842,0.7662475828318251,0.37637958464976257,2.576435016729366,0.12449097507659011,5.99279987287699,22.535123594322172,0.9980492337062892,3.1515422830248068,0.9051871990457204,10.640769452602827,6
8.316789493490052,0.4892859487453459,0.7050698387947049,3.8013159554343243,0.3029194137005999,8.58564505820206,41.266554928410834,0.9954688692202183,3.053393024994561,0.8446718545799053,11.80589101579571,6
8.293306807053968,0.3538657781601437,0.3252358052124943,1.9264862294994651,0.05430044245766909,19.87166177156813,24.201665211372088,0.9931216218665099,3.266631627386529,0.6221490502975973,12.659381521073223,7
7.969567666950272,0.6986031128188774,0.3469506226668108,3.742293732523559,0.07804948941435631,25.96521762523611,52.24102783013665,0.9962902349060531,3.2747593300020315,0.5846106766827984,9.509058086778483,6
5.829496805994624,0.7959732060987115,0.23431983134488382,1.6704045611015557,0.04544866913703195,6.399507506916619,15.285386020976922,0.9961310350855938,3.565549188831245,0.6734011468845753,12.551562986366752,5
7.782147146381533,0.16,0.4017419889246567,2.3181996801220692,0.10438423890943374,13.69737605972826,62.93338113038743,0.9927832453393484,3.515786494580768,0.8423948927635008,11.684903601773852,6
6.809355438308579,1.2211382645050337,0.064287833175555,2.993888406254417,0.07543911651062206,9.844187109822588,7.152363560759664,0.9962389687917459,3.4825283456907203,0.5114132399963076,10.400001786315961,4
8.309005189494837,0.5583827862161584,0.5044643721936157,3.129096487146362,0.08081145220993162,19.83288475432818,49.18138501615566,0.9960338221951193,3.2470774646457445,0.75666456616353,11.217403558437082,6
11.00645342383028,0.3886729570255099,0.15491170325351683,2.6047965223280105,0.22603386831630037,28.221931516770674,98.797639581818,0.9954215895913855,2.9316828355607965,1.1637102064649314,9.328372014885327,6
7.262834566223052,0.7356559418609836,0.05449305930429412,1.7880853244461705,0.0667952454624372,16.289559851310113,6.0,0.9959558564875034,3.5918105427125435,0.5215862377944461,11.019196815137118,7
5.3494280184162655,0.799187472153761,0.1078917210163173,2.241594219091349,0.06599229128200212,22.32659937760421,28.081165253747237,0.9921250729792404,3.664833702586799,0.5888859081972942,12.462982748577923,6
7.135420062336097,0.6097968962334924,0.0,1.8127908465262577,0.04469530213529867,13.42923281766751,52.65028402162378,0.9959645087467878,3.308659669284608,0.6428480103357648,8.4,3
7.9985848021326795,0.6661511824152268,0.26038097565909685,2.1571506911111387,0.08370469974754394,22.663979026844626,76.83892642332786,0.9961369234768779,3.366988281658314,0.4967976623924511,9.4695330253342,5
10.137413676351164,0.4662350421493697,0.0,1.7879498044207547,0.06698152073567312,21.466858403610587,31.899271255637174,0.9959822994284616,3.0608972442240803,0.7140086315725217,10.175552528357757,5
6.418196074585105,0.28165265099163606,0.22811170516132057,1.6786617463359494,0.06096585392026464,5.496943409694821,11.817543752344752,0.9946252136036404,3.502666317029728,0.599387764076333,12.359418655618551,6
8.685960334437539,0.7642465408916739,0.22196498065508252,3.8399560607061036,0.0905367269296218,8.549783333177256,94.60780273367752,0.9994384155476432,3.25494873993224,0.5430260761021523,9.776080021165352,6
9.742940327087545,0.5942273431414936,0.426240773257448,3.5480708763078765,0.09451664787378122,12.887142156735926,103.11066701386659,0.9989754081811142,3.3148121108649744,0.7187509338603958,11.916035513492838,5
9.789177083204873,0.4769015223931729,0.5523184186282089,4.438016632840609,0.07100193287290377,1.0,48.120097049191244,0.9983291074158228,3.314432220430369,0.658935249855833,10.854771077706904,6
10.442955304007851,0.4680591472253496,0.258770729987006,3.35218084494185,0.0898376611504911,25.85140556091391,40.496883756580594,1.0020205579034027,3.3005731249287704,0.6475042710366813,10.776888842452195,6
6.30282425852088,0.40907964500797356,0.79,3.1615647793716075,0.11453584007378678,29.610522736091582,47.9838874995704,0.9978252649192165,3.3910834137622987,0.7631004766986841,11.591487257405827,5
8.128098284253486,0.5187985128331359,0.4289252231563517,2.660446880714664,0.12960501934418742,9.773401283131482,24.91902335461662,0.9967569683258058,3.2591626425447573,0.8947379591991231,11.416344270129066,7
6.376613903612259,0.33932369898667447,0.13923231484420276,1.835894798695866,0.09962686629664841,6.534166365420795,6.0,0.9942801947429538,3.3732037144445406,0.5244930148174938,11.879602988108145,6
7.605466677725362,0.37785229417911986,0.5096469141211679,2.272025207381369,0.0759016422734378,8.894684525288044,41.332202145168814,0.995905244273812,3.3071541584754245,0.530820125606278,9.66669363916029,6
11.448603959237959,0.668786504649512,0.5801876339122211,5.4903358020200095,0.09482641797462874,6.0,34.57668673078581,0.9999808252064202,3.1161280732706684,0.9753481256736662,10.171774955347074,5
7.892617877053061,0.7620989019639599,0.047841749879085044,2.1865070157798305,0.09433555585652785,18.872436581976125,51.637598050013466,0.9993006877384415,3.2601093812201234,0.4849187057393863,9.486341449485574,5
9.426851798800579,0.2985170270196083,0.5514692160306667,0.9,0.07247304157806142,18.170951359934573,62.88620656926351,0.9989652586703991,3.285443566517874,0.6737789255641113,9.634998323567999,6
8.55000832168707,0.7246868885696856,0.14167118748446525,3.940478650364893,0.08372504573507879,1.0,100.89597870848002,0.9965649501626429,3.4299311235645464,0.6595942730775796,9.221166759338198,5
7.436947427277295,0.7101964810633034,0.0,2.229630988097944,0.10755595396606102,16.51050846442523,36.9593645939078,0.9979841929953202,3.4595970126873454,0.6850588055753992,11.20674455358623,5
7.060568104286761,0.5884341445040052,0.09122010454051965,2.208788835430044,0.07282328241530156,3.627480178716029,21.237714676727094,0.99632890349335,3.380855753867866,0.5953947912587928,9.311090303830985,6
7.607444777348182,0.33527338799921547,0.2899938584415472,1.9765557332426935,0.06485231686114708,10.64238005140626,17.570448347504442,0.9937257214260596,3.16492888011832,0.545612371742224,13.210881579883031,5
12.105546190907152,0.3610965528389013,0.33921540335483297,7.596731056050796,0.07254159875718301,9.627179407065876,15.900109417511484,0.9990445196959802,3.1597005051248046,0.6245629286889999,9.431897567782267,7
7.563001587139338,0.5868895085496486,0.30170553265432065,4.233329128551222,0.08268880379497719,25.40729145090203,52.70182971038063,0.9949875817539928,3.4251853332601083,0.6844831422540237,11.182207690742434,7
7.7091057109193235,0.40489254471551556,0.45017272680291115,2.2832619830578653,0.09151085804509149,4.372786267948117,18.54785607419071,0.9956845766934526,3.315762527176315,0.5723142278240577,12.80491695540083,7
8.934366645135256,0.4317709294518928,0.5752778977856317,2.013656477993807,0.08516760477202522,22.282545675547297,58.92832921078137,0.9981513535286425,3.0611281709606266,0.5430648046124386,9.848304772005443,6
10.725099237311595,0.3350875680149091,0.5929237632218632,3.270693800621682,0.0896198594344048,13.229335150946147,15.977377761450313,0.9971903421259142,3.2120188393386373,0.6404639380694034,12.238796964818384,7
9.43674138662743,0.4397122766081431,0.6632705662081444,2.6518464628341976,0.08293232768186978,21.896750823555795,72.38564645211439,0.9999766108409881,3.107000739677943,1.0237160655635311,10.013831465300214,5
8.116915191705939,0.8604306927791147,0.09149380549420547,1.954630192308651,0.0857765151940401,19.037472613353827,46.83457242284116,0.9959709268201848,3.1581288640074403,0.5533002032896353,10.42323653180372,6
7.583210165530739,0.6913208274320075,0.2645801279574679,1.8628450509874523,0.10868940165701027,17.496538952253108,66.95008526573643,0.9963049665758238,3.2266536664792516,0.5154966175089765,9.566442557181288,6
9.170307940183456,0.4314591530510094,0.6503343289816035,3.221775607248197,0.16601432775320632,23.648791501553614,111.74512947689753,0.9980113939342306,3.232782851195913,0.8281903497711184,9.709318920842398,5
7.773008998118191,0.584272375173652,0.17939444858610218,2.2918729223816627,0.07780604837190873,18.850951475463443,28.65959199626484,0.9973054002126387,3.231270332660471,0.7117163816255541,11.155474969444507,6
7.949276055965972,0.6391546994013262,0.04365065129057918,1.768323843449778,0.10836594570204536,5.107028344004567,21.087775897780396,0.99509360213132,3.371313866134047,0.6202470162557963,9.664400953876033,6
7.0337203458587165,0.7597988350826866,0.007899232576615366,2.0823711945365315,0.09087967509290837,10.631142467804029,6.0,0.9961065165489783,3.3286352809042903,0.5465255609238248,10.254008268258444,5
7.42210393110389,0.8189867785057152,0.0,2.044562882615126,0.06714059818465892,28.336555913869446,18.812097888723144,0.9960456536298739,3.4571438092499793,0.6907989414966302,11.138055700197375,4
10.4576188442849,0.4101012095237949,0.3589696552525553,3.3042757267726883,0.13218244372404636,6.395652525597957,20.382929945455764,0.9978428138806715,3.204214120681616,0.7781659891290371,9.66450758086756,5
7.4210503935212095,0.5493217603935413,0.519414042879479,2.190196285173549,0.08127484361832055,11.596369719032463,36.28240282024828,0.9965034945000213,3.2131477154185877,0.6091442733306958,9.493520659889242,5
9.362212124292896,0.45902930290877486,0.31321542468975355,15.5,0.14480756942930278,16.665529379539144,105.84496209238205,1.00369,3.194392884299453,0.7481347034190704,9.13224311627378,5
6.207989284098431,0.5949296901583454,0.29785541488949907,5.250246932360144,0.09968010997426455,16.904726130084736,114.66522688588728,0.9971865820094239,3.179065368673854,0.5070044044510189,9.441293021611928,5
7.791416031491349,0.6211880085493902,0.5041186289859302,4.957072316976097,0.07605313756245904,41.656868249862086,157.1261775536442,0.9931276026063711,3.3897134068032186,0.5561641876048633,11.881875292943242,7
12.119464409717585,0.3420657498161946,0.5036143948925389,3.227627880813611,0.06674030076408936,17.54406485751064,44.0665923330633,1.0010178544160833,2.9796929500193134,1.2056494266035283,10.16938900263949,6
6.256583095263424,0.19565801226048604,0.5157713445262506,10.492595196504087,0.05168412947032505,35.22184796757949,64.468761282032,0.9917127563144272,2.9198451690652445,0.4658316929655593,12.703680652042536,6
7.6326357740232025,0.39369310217821835,0.3383682087349804,1.7585623057179478,0.06878559676976964,8.135933368030766,28.772478355807877,0.9973330567246653,3.242679736888233,0.6098544856957814,9.983044439812613,4
8.824064988006079,0.3567555292184365,0.45538072543222397,1.573373989513522,0.07057627186266507,19.220902601293037,60.765217149048894,0.9953355590413278,3.191893977927275,0.6051292049939995,11.074765014581422,5
7.2484752467774785,0.35057574567132843,0.2105231825827712,2.9998694563661936,0.08000808573313428,7.724852272948802,58.0635087927448,0.9963732977999602,3.499277690188022,0.5847107458687367,11.234957128357417,5
8.251223204965886,0.6510152691240716,0.0,2.574477087737976,0.04872585873265503,13.266652017834748,7.924644470824749,0.9958054434397207,3.4053431845978848,0.512117988257632,12.378781616257976,6
11.053350091252083,0.31962833164193255,0.6761436845158459,1.2747165577554092,0.1178017931132224,30.57602617533746,50.31939422748625,0.9964199436460692,3.1795945416803124,0.7023302067888538,10.78968826812412,6
6.10388974606044,0.7705797537856786,0.15578885345188087,1.3125803136692236,0.05806162463899173,5.970583802623868,35.14244409545982,0.9941588070060718,3.7489677614465347,0.45435759019862154,12.207650735580284,6
6.477242691704847,0.4811342879718098,0.20756830332618773,0.9,0.0691647423400014,8.821576994243197,108.39511958448207,0.9932556138485445,3.627002116191543,0.5584036133491981,12.244971145120902,6
7.264182944626569,0.44823186955324906,0.28814113610304354,1.8433756835935908,0.09779775218327671,7.089957389896657,34.12212645688954,0.9969070155990002,3.2865242363482885,0.6049675916439143,10.815569186777124,3
8.12137462895072,0.9249095555502062,0.18784723839668926,2.718660634156283,0.15614044251546916,15.86985089765378,86.47795667802474,0.9966461495076505,3.2066401740357677,0.5294281169272751,9.149053388232696,5
10.309731945390189,0.2950702872160832,0.6444482597656944,4.082407898918967,0.25967815132911715,7.134474415324488,18.324246650268805,0.9970164413237931,3.3232220227196807,0.7399624068798364,10.46065396936317,7
7.614961807883009,1.3928000624407861,0.0960310888583723,2.746512127462605,0.08476928009361183,22.79753989930896,9.340396062357819,0.9953752622551285,3.520482643144925,0.47223751958132465,10.79211632032046,5
8.749555686519013,0.6128640339226292,0.5751331937980105,1.8077633799396566,0.1923296748886439,15.184015039298853,57.68765285198746,0.9967707525962449,2.9266081870130645,0.9820462999269586,9.418065656497184,5
7.923922501048766,0.20072037248663852,0.41995906460179927,2.0478585003974357,0.04935413529112247,14.610444186448696,40.95796404131667,0.9932940954621224,3.300409345745352,0.9169124582749467,13.3598200711497,5
6.11211534097101,0.29106917665938986,0.2629760267062943,1.5904983534465928,0.06408348947719186,29.64233829837704,30.596767801194055,0.9946730523873297,3.2037261739432923,0.6561666931776402,11.679113963333329,7
7.692501036053576,0.33077275494590086,0.3105801633760547,1.3919348849866902,0.06707023004271984,6.324379456407334,7.974135060425544,0.9928465025443893,3.044007711321923,0.6327055543326673,10.420196300828865,6
8.926029984378353,0.711175985622649,0.045894042277554656,1.2921776074265674,0.08186701889602466,15.455908543078344,49.84979609526874,0.9962984924312398,3.2428875780614717,0.8777317407123783,9.990530738874087,5
8.20493279041067,0.6925105778874724,0.01517453189848434,2.7494992083472996,0.0982220461143521,19.486223166098263,83.58843467908281,0.9966431188877435,3.295207319449892,0.5140925242116928,9.391488777263099,6
8.959832336016955,0.5946626806051492,0.28987439912877433,2.3826064541159537,0.10955848000764293,30.836673697468502,92.92056794828665,0.9967538633543404,3.4143681877091265,0.3905444795250832,9.400944530957975,5
7.9114666516584835,0.5378689329489614,0.2529407773309091,3.6056377621680884,0.08106508109718595,9.160050487047883,128.21825484353434,0.9976425811995642,3.296770954474953,0.5522264229525673,9.586257184802268,5
8.029307697219071,0.6031335977505643,0.13995214628335373,1.9506734122640008,0.12970497206993936,15.312464836690957,85.64616007035261,0.997442216142754,3.218200826321566,0.6682262271526646,9.393226154617098,5
10.439222651414225,0.6447759651575973,0.3041704237595779,2.318300179968998,0.07906405888839634,6.938657277795578,23.044262220233954,1.001018843144336,3.1485043630245606,0.4923510342209438,9.367672172532034,4
6.709543568929111,0.6647429040369154,0.08322844999418808,2.047246343021911,0.06840387862218637,16.21259488612825,20.44172736932226,0.9940001637101787,3.30465386812536,0.4736358364927072,10.306716693854334,6
10.780762399224956,0.3430373386002569,0.3999943456960301,2.2840973994430325,0.0801035677664599,4.2338657385213,6.0,0.9969760067592272,3.214612841929009,0.5131855139414113,9.776703116335314,7
7.528634563132435,0.7962872226567108,0.46664378054975064,5.152726018954559,0.1851386890681503,3.8847734333470436,26.04931046450654,0.9954637400493359,3.258617207472425,0.8901304705077391,9.329163632620928,4
8.589851365112768,0.6632227386530418,0.17754381396314936,2.414509283705398,0.07977009267921652,14.037320677448278,72.9252508538716,0.9986948825686927,3.2203382181298634,0.6110968662442512,9.639686541580417,6
6.131418470042261,0.4099771964482995,0.05977767854282785,2.2377111685892825,0.09725651582364779,37.74558469169965,39.872338444128104,0.9952684530867716,3.492176936415007,0.6092128123478462,12.153060397052023,7
11.960769063883308,0.6437816723918317,0.4134587621579428,1.9879956299380745,0.15957508496402828,7.707807134567652,29.824479866430273,0.9988710545746522,3.039781254083653,0.6519435252819709,8.987769629161239,5
7.609799110664196,0.5540187534371848,0.37114449392001614,2.07942950795946,0.0975972384592031,15.434370716333646,62.51089961766345,0.9980201936957471,3.2315112177549508,0.5436529385656482,9.35130234185124,4
10.552832587911151,0.837496243326314,0.32271727014364393,2.5502366606694995,0.10603866603027443,15.52071320447474,30.778017469433124,0.9984710425539968,3.183250661070288,0.5554929210268691,10.120984512977596,6
8.091008458313233,0.3137375449648057,0.424448883895335,2.103128534545951,0.30402529907755066,20.115638048275514,76.62057645589711,0.997080515117839,3.078687884271117,1.2453297163531094,10.10144785738803,5
9.568924712105902,0.543983896181505,0.5407865560587906,2.4721844170439176,0.37506964947185073,20.99983901390167,102.51533031226055,0.9966588234412489,3.0619229529675684,0.6860223450450151,9.851522377080645,6
13.45270257088691,0.24659530633140023,0.5356690264603539,2.589895851406034,0.09142217044458226,22.132530373388107,45.0792539655823,0.9981357291605657,3.3217764368868528,0.48485832012241453,9.589387011382017,5
7.1247731361288285,0.648799067413009,0.23455368993844924,2.41318206016161,0.04821519016447373,20.804546368104727,55.96329319313287,0.9938702763544932,3.526565149285469,0.4874360560105799,11.731205498178866,5
10.486161160986994,0.3251594448301878,0.48740036566496225,1.7030056197348356,0.057335574872024696,22.150782795696337,36.77763708427378,0.9943558294685224,3.234415888399121,0.5274849176517054,10.282785074268986,6
6.2026211740948085,0.16,0.18361854732676403,1.694297501451644,0.09777396416693154,24.668635779165964,91.39983003550192,0.9962486250332608,3.0676749522770015,0.6474044336268276,10.668538436498611,5
6.816313332667616,0.9804963995531961,0.0022882486248806885,1.4539206685908797,0.08545646077365622,11.332005655974166,32.828468474511666,0.9964996185674775,3.3043486093490726,0.488305350943117,10.016242657981948,7
8.239386358162577,0.5446049282837572,0.29148452571401906,1.9149067120915564,0.08370294087259614,34.98579576734171,83.40931273980686,0.9957387873083853,3.340017757551278,0.6133853430894186,11.53317982238416,6
8.194199438649708,0.6154512563419487,0.29457436204906895,1.8147627531204953,0.07981506950485558,18.687111446267732,48.69741130058668,0.9943886667462805,3.481950860759447,0.6766423417081365,10.659472521215559,5
9.4192930334643,0.5470683628910523,0.09096083791484363,1.530357744453063,0.09404046277183323,3.772389549159408,16.40901398703986,0.9952651203644644,3.2855464911365737,0.4790091872753708,9.398562960789798,4
9.598880454153822,0.8289801752651339,0.0,2.4579278160253124,0.07808099951406151,40.14520412025175,50.509647375427704,0.9946561760930018,3.4596965072866914,0.6726630708042312,10.39136230981257,5
8.199527176377421,0.5658645353813285,0.2951090145231304,1.966488608926859,0.12526169343065602,4.204029745501198,31.345527920435227,0.9968810403895253,3.2276341267295114,0.6363795537348205,9.535417944098342,5
6.921314664109852,0.5441516825510426,0.007353192149425508,1.5207488358467138,0.09582932064912848,11.643735242265773,19.97080875920376,0.9960404872650572,3.3971969673469413,0.5974819623283948,11.158903773793993,5
7.4636555375970035,0.6804458847523094,0.3072414990775372,4.271842064615453,0.09039216910302805,18.489608781703478,108.77951332609307,0.9964116294467465,3.2276685326031433,0.5785209804821843,9.823094308268997,5
6.516772362152405,0.6267762858619262,0.4342656039984507,0.9,0.07437171286086183,48.86063577314199,72.79079553072494,0.9967028425826691,3.5183698056348076,0.5017623810166584,10.922461144014537,6
8.114705823302465,0.4057719559510119,0.2723076188044289,2.3102882119108212,0.08026654568406215,12.196888815533262,70.09148001880654,0.9967074492853951,3.357777698744647,0.49258727498996513,11.105751152861371,5
6.161548965517386,0.5713655170893628,0.0,3.4038623405057193,0.07548799751116228,5.6286872762287,61.341282132414705,0.9958362983565356,3.4506588127023,0.5564073636371126,11.141894053985554,6
5.773496519648828,0.3747265180861227,0.15036672800024592,2.1063219957228667,0.055675347543989555,21.991052383943313,68.79618181563843,0.9932331543395266,3.4341020358842362,0.591251441569186,11.609461568042063,6
7.945252718804649,0.6449078594949951,0.4335411385942228,4.697900386158632,0.06790949866288636,14.574480783211666,106.88690180616472,0.9974424966556347,3.4863405868571298,0.4129941443454001,10.627282638508351,5
9.283224152635304,0.3712949646733036,0.7086836136126077,1.1975095842594397,0.06470114065725281,2.480451664664063,6.0,0.9962874985738587,3.346852418333614,0.7665557505591029,10.659827067570415,6
7.467249285489967,0.6466031303368555,0.5366966423631214,2.105537529402816,0.08805144569437473,16.431826530739265,104.59342678927615,0.9965465663371929,3.218512396741865,0.4496661953276238,9.372546194579975,5
6.943124468424392,0.8477290369180022,0.0,3.1275362244740057,0.0659580398036342,33.05119995970931,59.881829750052454,0.9972957804804833,3.6179221559695365,0.7682873264253394,10.836301704517453,6
9.636964395336202,0.6425327136821004,0.28129464065302073,2.701863664373889,0.07244667497065846,6.0,26.97794725746322,0.9985404764822186,3.160810222131252,0.5947378231384874,10.046872555603812,6
6.243851551875906,0.7139142479923761,0.12328364589949758,10.5021766795651,0.07043707222862225,14.176117062553452,46.27150394094992,0.9958695376683189,3.5450722741613045,0.4553202297751826,11.566911607475232,6
7.206429248536444,0.5623940468814718,0.039731655686126396,2.5958960322063125,0.07526603395512145,3.593316956592261,44.84292550877909,0.9984782804290931,3.4755921265694654,0.7080197572841671,9.670388733935543,5
8.160090598461231,0.569979090844547,0.31861658014754374,2.3091861224306673,0.09403435114573036,16.586027742560173,87.94652486279901,0.9970834207048063,3.191696357173391,0.7906428301312034,9.101074430832773,5
7.056817826114325,0.41470865454399514,0.2005072282313004,2.5075387490448895,0.0748710847831066,36.27824363184033,43.118067899200625,0.9957636272490223,3.2813557507548268,0.63621268823142,9.638740070811728,5
7.817742104767908,0.6586025687931554,0.18327925117653757,1.5686673259107402,0.06562674906202519,19.333242696934633,35.15674780902123,0.9973796426871525,3.3902275157188693,0.4584622019664258,9.895390205443233,6
7.151643546140751,0.5311731976188064,0.1753299317310917,2.130642525390991,0.06685411446408246,30.03098185687509,31.19205929576642,0.9927443801590241,3.275632167118378,0.7149936263090052,10.469150467651517,6
6.5921291994438596,0.47802307088738955,0.26615024063456116,2.3788968003514803,0.07908405132998803,30.22876253627475,66.71998595342106,0.9969905549493758,3.496001737319597,0.7051166239442667,9.534210856782577,6
6.970280654319821,0.6821816495129269,0.2860453361244719,4.824617445903057,0.0864610282576305,20.764886581848405,6.0,0.9971001967400824,3.1932357618588556,0.6524703848765951,10.40353103568493,5
9.452786693412463,0.4113670154219042,0.3033431199038796,2.280617734242578,0.07133751827374393,20.4007179918451,35.74984537970931,0.9949306536916143,3.2500803467429096,0.5175807227587491,12.361455053614321,5
8.470740010070964,0.926836196141576,0.05498573828015957,4.384685812571546,0.06906715246101827,7.755320960206393,14.727176810658232,0.9978780055470227,3.4589600489809307,0.730471422594496,12.091820671923477,5
9.025981356596573,0.44961439504977374,0.7097885874010106,2.205850078949241,0.10117844639684867,7.150327904360978,16.05475820369146,0.996177423333303,3.1648531874494745,0.6288159515573931,12.262940629637942,6
5.2714446120685166,0.7831188010847614,0.18259481004252973,2.613163150626026,0.07145851984804116,12.772546645742603,52.749273502230466,0.9953747548379606,3.7750811042260413,0.7305651001629004,13.844165118154931,5
7.234482043464315,0.7386892521308561,0.4740771677784609,1.3543064444923956,0.09183877536949629,9.687352369189,6.0,0.998093102388652,3.3211673803806425,0.5884198441381792,10.087372357178115,4
8.946611001332496,0.5976240952551657,0.19221247924198054,5.502150220340342,0.1487971113080666,22.15586852822612,78.50769747449468,0.9988776211723911,3.129305334353376,0.8603029849328787,9.445155265518848,6
6.4144804697838085,0.48852072841353034,0.07265338603876012,2.184604239029385,0.06447003064359579,40.825058021665996,61.28017852423584,0.9950867476136428,3.559918367838802,0.8166318874172878,12.478038898120813,4
9.322750125461788,0.6837567038548665,0.26335510634958204,4.321419659827524,0.1059040800537031,34.025262883047056,146.78400482660652,1.0024028712876105,2.9119919176646136,0.7739174647033361,9.59721586638416,6
7.915943743740197,0.7255310120749564,0.3195749361847229,3.2130995946170864,0.1209533362131109,43.831484858848526,89.30001100538341,0.9991900109246641,3.098856689141673,0.9339021337206047,9.090780804941549,5
9.405568145064391,0.8253213200328042,0.4362326901752388,3.245704464499695,0.09655742501042895,23.668161379279482,99.10619459528078,0.9985132760858112,3.3100990886526946,0.6765667567456897,9.261231051636532,7
7.169687817037878,0.5605822794355598,0.13656145296861355,1.9665792266533826,0.1475822640513379,7.914731764587589,42.3112211427249,0.9963067585748624,3.3830604331686693,0.6378493625221967,9.688345723572152,6
6.854319585374858,0.7052837017181341,0.1514371431127816,3.032447931481793,0.08309797467371405,13.977419779430582,42.24404108395172,0.997942106416557,3.5985836335629817,0.5136271732276966,10.175496846569398,5
7.150741159333768,0.38364552438651195,0.43866663428938596,2.545772312559218,0.07598460576440537,19.19665321155169,55.99504556761888,0.9979501293962244,3.258627303658127,0.5928637707942123,10.459588446981137,5
9.529694698802407,0.6241854877304351,0.6222136402548399,5.7085808907016835,0.1224382638286375,5.9596380453077,8.070529317279812,0.9976691692564266,3.3550746729672785,0.7481447248063063,12.265358653784375,8
8.028603929447549,0.6349006207867318,0.23235153889504379,1.5774868637881705,0.23007469429977717,6.843914982798869,30.835081098256083,0.9978510456612124,3.24173026252113,0.33002094037737745,9.69122919324039,5
6.145465281714903,0.5455099692653428,0.07102206140896969,1.5681759848556855,0.08997180522189648,27.79189394484087,54.165977076689146,0.9920794362651032,3.4497962666425854,0.7103206846899554,11.779992900869745,5
7.651699757912895,0.48614085919105016,0.18210983021686372,1.8411913312153168,0.06831747334932443,5.664372465621232,40.54209941400049,0.9964240363408787,3.2244183221509717,0.49822613180349207,9.988928241456033,5
7.953971781599491,0.5156409964852119,0.0,5.3674636569414,0.09276758420051613,5.8659277743069556,18.44605048623117,0.9960945530640752,3.471812802691362,0.7731172740180179,12.621445708859197,7
8.13206497445455,0.6018956115630594,0.24804232599175413,1.7746056267986585,0.09439983224199337,7.3856690210208455,133.56655624962698,0.9966902389213852,3.3835155497223814,0.35085598830605147,9.615400149994434,6
7.285252285671178,0.6512612569059834,0.0630746641877985,2.3923674044807712,0.0871046248482179,13.46052065348782,38.069606967129474,0.9989322381644691,3.619879838625404,0.8562788391764761,10.40116689852461,5
8.563320067224547,0.4332183991954861,0.3025245748021897,3.5653281783025412,0.038,4.453465434741207,69.50835715382244,0.9998649570062266,3.3027364787676756,0.6260094618185695,9.682645216216338,6
7.974295342336919,0.2928301606481597,0.12739454312880916,2.7938417121535113,0.06099277082237589,25.186625212063056,20.322105633465803,0.9941163258719063,3.338179592411877,0.8278140969579943,10.8471056170262,8
7.093690034072697,0.6976002573346192,0.10388097049007874,2.099814768104963,0.0726612237181205,8.065905172997233,43.46363268292882,0.9986182634134417,3.2601812541284643,0.5399182512139344,10.04278334425757,6
8.035487263813245,0.36066212087065064,0.43547655527344953,3.123111501363233,0.08228273998850558,2.1103131495414633,20.676443919767067,0.9970531257091967,2.9180655870706524,0.6855440763699976,11.69549858120893,6
7.324886758044151,0.4049762456614222,0.0,1.921936545711779,0.1909784414546326,20.945138161002497,99.51698770111014,0.9967226600366544,3.374117600141908,0.9442300485329806,9.355757997655251,5
7.537242124100839,0.6297881526743869,0.034256612013831185,0.9,0.08162453439202763,16.057358310516257,83.72976891681083,0.9959896306386161,3.5096422904464197,0.5198057284967021,9.945385984685416,6
12.306705460323174,0.4435899001065983,0.7776674965750272,2.0975693215463647,0.0968092296295832,27.48842162586213,24.674601065202854,1.000118579185639,3.1811762836331883,0.7562584566249815,11.530521661763,5
6.354689880375325,0.620397709996606,0.04948661634607932,1.5439777995139583,0.0919024684083622,14.87456741690027,27.034301322726314,0.995455086114938,3.3555284497541487,0.5727348078864318,9.792563194641781,7
10.888759429733726,0.3876923092219453,0.4288590701304915,4.783871784754206,0.08368571599822529,3.5287188919871793,15.834597495537244,0.9965528392393497,3.07147484169489,0.8235180544721488,12.177089247923107,6
7.619520121332523,0.6692795417388098,0.17220515322075527,2.2047869588006166,0.10413448075035792,40.46262468227053,27.36940729843252,0.9965810534667566,3.2340252947116386,0.5709221631833724,9.633895549403112,5
8.143481005343506,0.7776509569823924,0.1593453291891557,1.894216577032024,0.0849011984900653,1.5648040668633065,39.43474174343176,0.9945742935652647,3.185844020834983,0.6014765062638265,12.184889985706366,5
7.848419913434567,0.3449023883357661,0.3844137857868382,2.1725778520864467,0.07256775938865725,11.984186617332956,19.201989237719594,0.9964564785662056,3.2853903233319777,0.686822162361255,11.87620464377011,6
8.099205275555436,0.714386798277091,0.24869558779086767,1.5208941477457074,0.15067004986766666,14.665094890143447,35.88265836629328,0.9980933518417695,3.4995051790514395,0.562221364276109,9.240444334600976,5
12.549696645737388,0.4911656785013327,0.5178745269363859,3.359595244943137,0.11843595895038488,15.674222891147126,55.28081164156376,0.9973407234518582,3.0463044938246573,1.0801826562673746,10.147134778068164,5
8.531111934313328,0.8207062984788493,0.11716026178909628,3.7167251683633094,0.038,30.147638148197945,140.9288675702088,0.9950932051398939,3.0373299754466916,1.7042259837988554,9.404367680009612,6
6.868888263194174,0.27187036916683327,0.40506668337839963,2.524056024602035,0.06335889440000018,20.557949293048416,67.01548843628129,0.9956881316704104,3.2839185812111915,0.5846990949962899,12.233140225509015,7
7.013977332450031,0.5956750282225081,0.19473681739553023,1.4827229059356952,0.08557976745906457,15.990388984076485,40.04048619622946,0.9955054807459784,3.4879971450601404,0.5885564946373468,11.099499956703912,6
7.09816441379329,0.3262383695942331,0.369802566265712,2.3929919137134577,0.09020687972887083,22.151858430361145,57.32029760835862,0.9951299614140167,3.3934377302132805,0.7139323094490638,12.101875494739446,7
8.084296187011379,0.594417603312478,0.79,4.515430680982384,0.0970184947343704,2.932342592535811,140.9203551626889,1.0008619576835105,3.1548048953938146,0.7295463871228232,9.074113550503226,4
6.257633179348716,0.5092409546162918,0.1133848584384678,1.9897309223922484,0.048730770086741856,34.81108438163105,61.46558135041211,0.9962669075717968,3.5504181798468246,0.8846019021002205,8.915848992697669,7
8.736256088669709,0.482685602166222,0.48402666878418044,2.2821754181484004,0.05582357934285266,13.08392937225192,24.52382556667319,0.9945776624381346,3.3756360702193167,0.5782019981995264,11.330014064616929,7
6.170213888828661,0.4059402938556583,0.19309949046639996,2.1717831197920963,0.08431778060003822,18.76114542933648,63.372697953725144,0.9955479290341761,3.5373846727887095,0.6595506295460847,11.274457357958719,5
7.914269731092461,0.6598047838587033,0.018079816482370753,1.7922188203560896,0.07068840057429528,8.032883560344706,7.9104087503603004,0.9941222294173018,3.299445292787869,0.35316326343488363,10.597336836461704,5
14.757026076901132,0.6175515094678145,0.5618917941521917,4.36872394456818,0.0867520228173326,8.781703800226328,27.79456626247544,0.99596002909275,3.1302671436935805,0.6813669962249298,9.351253258346217,5
9.354125402426748,0.4690961441550265,0.4076100844384804,2.861057814504551,0.31931326449843195,22.893705900689667,57.50099584347235,0.9974581102391078,3.1243213241838266,1.1441651118529368,9.45460386291325,5
8.552043352691447,0.3374228648859846,0.79,1.6952464110477217,0.4562993655753609,12.812719870034742,94.57166685587777,0.9969738326278829,3.1393284483721136,1.399632206052171,9.364167141516656,5
7.528381533804233,1.0938574927752345,0.04813763111324581,2.134574916607205,0.0797647656820345,4.357857516769659,13.135537047935895,0.9954309123781151,3.570332436395553,0.5696492273428324,8.866114412158689,5
9.46930610486171,0.4793797064413422,0.79,8.51646261722247,0.06994843214801019,7.291288117666757,58.09326704295533,0.9996947344123323,3.113337490906084,0.7947933733545406,9.992454616243213,7
9.798118869750448,0.43701176929433455,0.5810349173656608,1.9270125092347168,0.06164031930239465,18.99845319257797,35.7953369343484,0.9984861186275448,3.059702645540301,0.6759166460747706,12.134471675935197,6
8.83960421419242,0.747443155244115,0.015212028841173814,2.5763227995627727,0.0968410287160471,1.0,24.55528456497901,0.9995079062497727,3.374015205220625,0.4940148386383415,9.35297561776323,5
7.122805101029902,0.7702897622971011,0.049806777063954526,1.6988723528018477,0.03945388296071787,6.670477429020101,18.16115177333665,0.9965770641607711,3.4346390698113503,0.49312951513241077,10.177027720237902,6
8.433407007419689,0.5354033106134563,0.0855775867774233,3.6946535481245975,0.06849574708218864,12.250910571827667,30.28229386786335,0.9941659052689801,3.496400072329729,0.5382671800397946,11.85160546187615,6
7.38980392859066,0.41122452268614995,0.20109179211840228,2.4571150846132523,0.07721194507086195,19.380830201726027,48.04905623406062,0.9966323280934708,3.5066709126612245,0.7398063472033403,10.227441243033507,5
8.961763959290835,0.6538287960137744,0.2802823787659965,6.292398327158734,0.35185646950063587,35.53978597030681,98.12873591069047,0.9963922420069731,3.160339637762717,0.7712358061728934,9.025048558991934,6
6.836765066948848,0.513441613928273,0.13274471394638873,2.281169440349634,0.0575310774036516,12.168043210841162,50.7739010008528,0.9976919315830086,3.1623659032188995,0.33,11.100126664649121,6
8.989031385555437,0.2739854191690925,0.44558463794668735,5.253954806838812,0.07145751396846331,4.380065455152016,8.449876900925837,0.995523923002717,3.213553241990655,0.6583607280788507,11.27344684278436,6
7.241111368961923,0.2875149592096719,0.0,2.044685776700395,0.07430110643020187,16.736705131665367,31.13711164735236,0.9919581950245064,3.3104181918981723,0.5669798916126888,11.866238119683052,7
6.8522360864093015,0.519809779964035,0.14491874429319063,1.8895190695187045,0.0778307044020337,14.676716463891399,41.14791012553585,0.9941878492776309,3.457330686184237,0.6333229018883333,10.10699731133637,3
9.728999660888157,0.775610370386711,0.31591552343755336,3.3691628981520276,0.038,26.207165687958742,81.55384663574635,0.9985072254805717,3.1648344114109683,0.33,9.858863139261413,6
10.386207644410192,0.8205031799020606,0.4664651369184532,7.718458531793656,0.11181499056838728,23.73819697878575,62.438643006300666,1.0014471848957087,3.08368844525197,0.7692366798016577,12.152404972056754,6
7.479476922219148,0.6220910659504588,0.1670028584724878,1.9406453091857472,0.08215190170977062,17.04023192914451,91.90512264487147,0.9958768169775485,3.2926417036523024,0.5060715475955916,9.932439731198732,5
7.296464782586465,0.6364390228023555,0.006077439405085049,2.379596475661066,0.0740239369926522,11.305579296364247,90.00905552377962,0.9958328083945537,3.5354958657280213,0.5692962860688533,8.528456280884285,7
9.543493746552913,0.2731996467027893,0.42392417773083346,1.3942966787259938,0.052789811579650986,7.654082044273386,41.87440305556416,0.9950817152226327,3.1697597671352957,0.5633554421924264,10.39527191779468,7
8.452830437057468,0.3330609250343786,0.571243503811586,2.9288266999048926,0.05821153021294814,15.411043126192867,41.627840742541906,0.9988683608893595,3.305495530160264,0.9795806100562707,12.101836855768633,6
9.738662367523977,0.8644150648736705,0.15458977002295476,2.5407441734946077,0.2156331236610294,24.79595756551227,97.44488371373066,0.997475850519564,3.03293785500089,1.4024128186084308,8.963683031185361,5
4.962485532583263,0.4139191493518899,0.6139641887644885,0.9,0.08715280925718245,19.825015369205843,283.1429281026893,0.997495510626383,3.2350655124046694,0.45569876600390546,12.221142964253207,6
9.015915516456952,0.3318280487604613,0.526257984826948,1.894766760246859,0.06640072964295607,10.62801114971577,27.719121670017778,0.9958073030340067,2.9318137517827765,0.6576683964595299,8.842260655147046,7
5.928194741523364,0.6821484287123833,0.061265702178646936,2.5613529610790255,0.06592317233839,4.635528631564102,17.90046976064419,0.9949144171040274,3.388946919855329,0.6181263437871443,10.84998771937948,5
6.722008934631018,0.5194665647298877,0.4265437648798834,1.79430420713456,0.05285633390671374,12.354431576754783,13.794861421170502,0.9934258452054635,3.538055145167795,0.5099343684556489,9.67853868908581,7
7.318116600042719,0.6334148792265445,0.03527212248196844,1.744979183802846,0.06873035604419565,14.062972684804826,31.02237042089375,0.996469417844141,3.3550322456465382,0.49563872000294695,9.62845472259101,6
7.861092174930115,0.38438109554342337,0.29288116942919046,2.4681936541301877,0.07692834197901578,20.58389652643455,55.19463266904817,0.9985254028454628,3.3358840523438436,0.6618714752430306,9.388478886828155,6
12.839966624646443,0.3150583654292535,0.5887775642665605,1.4721406920428877,0.09964115421969957,24.102192022330595,49.883878346803094,0.9994109052486843,3.0376236420887905,0.7099279218214014,10.573936592521386,6
13.740517538848856,0.3905355308293754,0.4900039657925365,4.926089307032341,0.07922698661102807,13.598948439466303,29.402617749460617,0.9995071965567803,3.2047163356421073,0.6920422124009465,10.622525681408902,6
8.61427675837394,0.2906121599071077,0.38612839691388035,2.2203437331067244,0.07595814629598784,8.03798458467301,42.63353735216822,0.99615320928934,3.158684074767054,0.7553768154382347,10.707731694743838,8
7.238523320051515,0.38536271545817924,0.4146048780825222,1.837656764683969,0.06645217857536521,19.344904864845233,51.68655035317111,0.9955863727828326,3.523992497503139,0.6232116128903314,9.062807812660546,6
6.903243848681682,0.27363415002924596,0.39710210138697233,2.296300134695687,0.0656426405929811,6.803729906643471,38.53939223219276,0.9946258664604627,3.3894400404745526,0.5632678244597522,10.667387419841942,8
6.42371674885538,0.8379399658935189,0.3612650450284472,2.7093633760957054,0.06314713273564251,12.687843924329929,52.75995328172211,0.9981480559321427,3.224992639691511,0.45245284829653787,9.287366632242506,5
7.727701081707086,0.3711259342869552,0.2945153259437424,2.2426187005296563,0.06615392994056217,12.121990925679105,67.60861977119109,0.9961976259838136,3.378747582058408,0.6854373007546193,9.134126803046051,5
7.295449720238273,0.3755520908654378,0.521155346740856,2.499097893203124,0.08177014921363283,10.687833412567983,38.15820771253425,0.9953018805510296,3.3556746740046153,0.6560872191651664,10.691815621071342,6
8.738503116687662,0.3605270197756628,0.3674726520597932,2.056847616374297,0.038,24.9090093610695,22.565207495560575,0.9926036303182573,3.6811646339519752,0.7021695963924277,12.826411151397648,8
7.549032434921068,0.3028408660659944,0.47684260637098747,2.775983004789825,0.1261848842937384,7.351172565850523,20.058398960233863,0.9955655120336796,3.1970968449180672,0.6858999937592736,12.3474744471466,4
7.391563354493684,0.3922818762203056,0.5271131823376775,2.7295433744366333,0.08407933708138607,7.263044114906145,14.24541373198031,0.9935193182408043,3.0998830936091095,0.7107022540226835,11.392045077086028,7
7.571334095281096,0.5213955940847383,0.18665994824806414,2.118630752367605,0.13824521927749273,15.119188802137575,19.37674089706325,0.995688798043904,3.4112810535893505,0.6219926715945293,10.968447274910435,6
6.377871789332168,0.6006889976315912,0.10039407054667138,2.026977447552447,0.06486920468479394,28.724230800009906,36.00036900553518,0.9943386199218579,3.3518676386355994,0.7863568692880246,11.071174528315716,6
7.662999165404908,0.6558033123350517,0.031005354107809004,4.337743495120002,0.07112981994334591,8.625521868214108,36.61853516561496,0.9966328299432263,3.239852195887636,0.54422761143973,9.687238736294411,6
10.4443511721173,0.21954700617408604,0.3869246853595781,2.915495071933454,0.0799237363745004,22.948508252945786,86.20802050056285,0.9982860960008902,3.2394199774932564,0.9113928631296114,10.20680294309233,6
8.474425175117904,0.30835419042588463,0.4925762003221253,1.767864489841714,0.058274296961140865,7.2360027438928,25.377832029340112,0.9954823139657085,3.236352405867021,0.7293087978245448,11.795255082365353,6
7.072372141237005,0.6377007095518887,0.17709648717775706,0.9,0.05039056150485351,16.042076241400835,114.40998270625283,0.9962184837711319,3.140545151596506,0.8805760721177109,9.274266888288672,6
7.820889329502327,0.3578258960883334,0.08742942772709025,1.2658602097342273,0.05922699157652345,24.140187940687976,71.00799934972451,0.9961133145141938,3.388646077489123,0.5275549082057183,8.4,6
10.557921385582944,0.4541954424815608,0.2882593375526057,1.9034060940168307,0.06690629259298295,25.047506017692335,48.45518965129323,0.9973097756589554,3.363820547066792,0.7843266075392658,11.71214748150651,5
10.359187264500942,0.38222756489854814,0.4749952372982748,1.6348814625350065,0.07894780922723309,21.921743322721053,31.826610362974485,0.9998122534142024,3.380625733833542,0.6124277256706778,10.085506797247728,5
11.885129520748322,0.4814490999331007,0.38411878164346974,1.8137971790584413,0.060786430755514334,8.528558298236772,47.397051284232646,0.9956025298341197,3.4232734775724296,0.6024915779862342,10.839309203655304,5
9.220147130937296,0.6694100461303352,0.26590078124622796,2.9897285923711183,0.06335032392754174,12.871725025237541,27.607699470363027,0.9959322852281347,3.2065353706502546,0.6677240895571724,13.777048996397562,6
8.902879918821254,0.36397633098790183,0.5065566813735543,1.3577739866925689,0.06325413880836052,13.930362462875577,19.898018965583677,0.9938263661780863,3.1963271594528564,0.7311478471213689,12.640254686275116,6
7.319118826825912,0.2828840244928675,0.2752113285060299,1.986926649296296,0.07671996830589614,16.09774514319776,14.68723194605763,0.9974525892082766,3.128606734735496,1.3106361476949,9.670878446343016,6
7.373022841073999,0.7747641185099906,0.2627975939087829,2.1513453633058015,0.08672243605087047,21.042789652545018,56.10045883543032,0.9972425365008469,3.369231632580723,0.42876856229314886,9.953375391857618,4
6.231393988988506,0.7029035769961631,0.12804746895313146,1.8288688779336961,0.08794766526083378,1.0,29.794186361648727,0.9958682085217515,3.3509432435591777,0.6316080393283633,11.049227766684632,6
10.928457216484667,0.18344450368276405,0.41384879341773,1.7391239960244378,0.057760348307926486,20.38612763878487,27.362171690864738,0.9949915624147949,3.2019955374939593,0.8395060382477961,11.529384994383875,6
10.688764733734027,0.30164299118303717,0.7590628868619986,2.4405694069932324,0.08662446235709197,28.493155169907368,67.71647788229168,0.9986579256134609,2.958023696527117,0.7613422473765312,12.259406157012316,5
6.789412022972718,0.448138294459723,0.15253612976674652,1.8959348373422735,0.1103160908367981,14.835543991881945,27.441451915798226,0.9971682507795293,3.476080419055437,0.6719121098626929,10.161144869214807,6
9.010787758602115,0.6693907187794574,0.27408155644069565,5.583897979055111,0.090319311605333,35.52307254778364,93.1788017413517,0.9989972981500713,3.1494327191102234,0.5471124443813968,9.241015843527558,5
9.892451644361842,0.5541019117361412,0.32639702166192525,2.162808057734641,0.12998269054696845,4.239887348159309,17.137487366082276,0.9966281087518927,3.1884175969095088,0.8380805718313724,9.460160054368957,5
8.241546760580597,0.8129234386725374,0.28543329713726107,3.588982900064963,0.0656262728430109,29.425524220280916,33.29888035135079,0.9947571683974978,3.150196916859826,0.4962453887500704,11.922832245980182,6
8.036124272262626,1.068573753579103,0.003468439132839212,1.5946549970431783,0.07184731312529924,2.9375358399561176,12.598453281227936,0.9974017465349988,3.161182762892384,0.5301001239092772,10.040149950360421,4
10.476660365251226,0.80620642674888,0.39595844370696787,2.0132844707064503,0.11925440736227483,14.02419422133759,13.133791819611943,0.9957953499360837,2.9734755589348842,0.7305851634906434,9.54979068967573,5
10.845822763776027,0.26450472878998216,0.3454793199287374,3.7849178985343226,0.20293069140255193,4.4409718640807805,20.814355965748472,0.9964877946810857,3.337514109738286,0.6242775396207667,12.002909703554042,6
7.091993201301041,0.6343831349128747,0.21682138789843042,2.1785199420703707,0.038,27.528713093769642,42.68502906220438,0.9968414174111586,3.4237034386575096,0.5412138612017509,10.053341633445868,6
8.522664953372033,0.5013615930612922,0.2707879475844798,5.005362594804994,0.09230979823295553,36.84245136031379,57.172529009051445,0.9964554784304548,3.368940919796347,0.5494255506309834,9.994832227205563,4
7.461679867136795,0.5587887319710785,0.09665373251215979,2.187974723490943,0.0847856276106444,8.393436012784544,45.21847369018532,0.9966674503380536,3.377100651975729,0.5618914072014167,9.763435750212503,6
6.850669186748445,0.6610836428501748,0.01341146292850717,3.4592376916747627,0.07255689866343017,18.712908754611227,30.838190882690206,0.9971280894651807,3.4448887280684537,0.5684723048941192,9.825171955017487,6
11.071906667650971,0.3483063689926496,0.4520859075009004,1.5546903728076202,0.10666750177135245,22.88430032594223,33.27835649388214,0.9970919606767576,3.14899863064444,0.9366155405451531,10.424507634521142,6
9.283874368176514,0.43795561416675954,0.6398103744242246,2.115117398185443,0.17947592621185562,38.32196610826466,148.96740179134372,0.9975530414443974,3.063440771093649,1.2920241673880937,8.922551075774019,6
6.864697739831447,0.5127487645888298,0.051626817856055024,1.7047545592385585,0.07009226094955688,19.827390877905657,28.86513244567506,0.9934983882006582,3.4430232240882166,0.8184973838427069,11.903209559828515,7
6.5625890068368395,0.5003498710918315,0.14910146942843122,2.5407714017372474,0.07387806830216097,17.468113341762614,72.67040597857013,0.9907127340721954,3.5551683474295825,0.6953012899178018,13.180271596665678,6
9.338511719774832,0.4450551743707859,0.4480332033794259,2.2388129692037584,0.07124183383601138,15.188584922565422,6.0,0.9958983138503177,3.2522823061278934,0.6113139495886266,9.168671288933432,5
7.921261752042863,0.7779049889354679,0.024420403828208648,1.5381914240990517,0.11231932172202132,11.045618893172055,31.25883757244184,0.9953252093666892,3.6137975570086205,0.6829732407970182,11.478766341802581,6
7.258660571012564,0.6968908620542459,0.3433076589555579,2.489142010058737,0.11474683817603121,18.600845332728923,44.584696164408186,0.9995430147786917,3.1150018851701087,0.6472867665626568,9.157471992697854,5
9.510961513108889,0.6225248508672737,0.26583118155379015,3.1165852841693633,0.23262121991911783,5.581825339744222,35.471959107321105,1.000579973111983,2.959440352179641,0.6268941178783591,10.5107144364401,5
7.483225372549282,0.6987704892649848,0.10777977787518027,3.7171526984501617,0.09127274129803059,22.965753897633263,61.51295301325504,0.9963014467814056,3.3303220460525123,0.6632738808764133,10.437745395126985,5
6.239827669744058,0.5618465288504843,0.0973455707489159,2.4542161472529926,0.08933631490945555,10.426614527360856,6.0,0.9944597741987626,3.7496163040791455,0.5446482486487303,12.597384684859753,6
7.155518030748846,0.7204838697279939,0.011420262225187744,2.443379429724589,0.06793002800158209,6.64340293613004,22.49280199000021,0.9943626375459901,3.4361302464369543,0.5333413172764951,11.753831273865298,7
8.092645630144041,0.46876628963477873,0.06101081198854296,2.557039661412497,0.06648813570057654,37.0836259863819,55.693311324776694,0.9951425245827444,3.0383987783996274,0.624825358287634,10.327447213008588,5
9.789543027052373,0.40922686253488005,0.6088905793885596,1.3555453828902384,0.04589700392522061,11.41424687617953,28.27356404854821,0.9968628709618184,3.148383505003912,0.8000017224323601,10.636422968715088,6
6.888986016910983,0.77212467877236,0.0,2.222270671343703,0.07851157961054396,13.115360597929715,22.260873263751193,0.9967188248149983,3.528167697309371,0.5691011653404617,9.62445136304804,5
8.396620463197475,1.2277349445644539,0.1783958657719033,1.715642447980546,0.057902860498039554,3.065451334794119,19.834086631102426,0.9982944439987123,3.1785427771286097,0.48121311615241036,9.425871828020238,5
10.36064212467607,0.2996923246478014,0.12596216214378117,3.8353243023717694,0.08556105604117034,20.19565378292016,131.6386519314697,0.9984518472152575,3.0093862364978934,0.6897908702211569,10.557049028559875,5
10.293078517975912,0.7084080274084115,0.5361407180289995,3.074104324141714,0.18061092343531893,18.05790320229828,18.728453937326282,0.998049506435906,3.231269152544295,0.5177875338820749,10.415362932466824,5
8.524204086463357,0.9292537180825441,0.28002527731828536,2.6895236733291803,0.09234361357697371,20.73500887623183,42.214380180847805,0.9987189536132968,3.229224375434385,0.5752613501846517,9.28452590689677,5
7.3783786572329815,0.7669648746050401,0.0,2.007561292301077,0.08230451185903548,16.426927541688023,6.0,0.9955214112043775,3.356909886942852,0.49343882444647336,9.383612125275608,3
8.247862740284782,0.47498130086540824,0.7638530820742743,1.7206300428815218,0.09463447437246925,5.460177990239231,26.7369579096874,0.9984088224399698,3.172217316549134,1.1842270922178701,9.249899634721032,5
8.854171518186732,0.6061723041809244,0.6266321027429695,2.298267334380578,0.34956138123176517,17.518056913702242,57.46458927203402,0.9962831529424485,2.8956154713085946,1.2943848012460073,9.457407841413053,6
8.643601043064377,0.853755218794382,0.06167053716961629,2.1903822358029776,0.25544084435967784,9.592520283187088,17.511997802445322,0.9968116086525527,3.3742855033751864,0.529263005123398,10.295585902117868,7
8.944672373956282,0.5872336991721873,0.37409294054241077,1.8489287073824654,0.10474584303783606,14.608715415782079,36.20761290807211,0.997771383206038,3.4042330206909717,0.7027372325285464,10.600417529133141,5
7.970042558799551,0.27653797524217627,0.5165975441644226,1.5823951487524741,0.06840521331389697,1.0,40.83783752195288,0.9940271753656584,3.347505460646061,0.5955352398518807,12.663704665826092,5
10.123536790520989,0.5280165059873033,0.6553914294481713,3.171038367805395,0.10110161704058854,26.65443974463823,46.95289546791934,0.9980427208487598,3.004764403616119,0.743312814693228,10.923627506499212,7
6.002913697107004,0.6895353328290847,0.2852916115891078,2.1468135546474376,0.06439079112007345,5.92279135428676,29.345466708622062,0.9976175916581961,3.4317463016299397,0.7525361298421313,9.967386319793773,6
7.349946596868198,0.7669739161060585,0.18466157967850233,3.7951841340788137,0.09995673193024075,23.20792032237741,96.73036217038694,0.9977348264488604,3.3369926187434578,0.6147896085674343,9.82025886971845,6
5.83220219556528,0.263057295669487,0.49114182385789973,1.7949175270404782,0.06846158789279942,19.375416604376056,34.17977763327752,0.993537544523001,3.312733546633,0.6696663017537967,13.495032773712026,6
8.668924731933759,0.4600152235726864,0.3038648408538551,3.172054395637133,0.15831855144858598,6.45897962198962,20.241653822575206,0.9958913471456178,3.2293943849010582,0.7528361498901408,12.427280784617057,7
7.138749906529902,0.6092373588025249,0.0,2.215048293801232,0.10613691342438375,17.522889802221897,39.517740105706466,0.996733263844104,3.477202105940132,0.7611179090859255,9.50533472674817,6
5.526478254328374,0.6672965621111172,0.10334449302451398,2.9787348357428853,0.07117871758048175,16.90697612348339,32.55638621999607,0.993773938151183,3.7105256925034573,0.5260570270259052,10.964484391530405,5
6.515921839620749,0.6781002761733621,0.1142192076682012,2.374092489727048,0.06828579950648926,10.017379296674498,25.894574262899233,0.9977628110487077,3.5406910755798786,0.7583567531536316,9.370989214913347,6
8.231195657004575,0.6909018721494279,0.2719192723635004,6.6063932526020395,0.20625352433988425,15.902600255045087,108.7084109838202,0.997767019380098,3.0882704726269856,0.737813220470492,9.893132668787517,4
9.869586736821477,0.1819244927808824,0.07011665862319327,1.1928590185233723,0.07065013497723761,36.23513217188919,117.66800146448625,0.9954321592672933,2.8767942163414397,0.8927475728487648,11.052401897002552,6
6.901844367263957,0.4229965290953723,0.11430758340615618,2.9317049225805323,0.10551043009953434,7.330791781552027,29.54000155312557,0.9968392670090499,3.3034500907975883,0.5511104802659036,9.73158925936188,6
11.347496737349669,0.3994541061109419,0.21773995245107178,2.477974601623183,0.09875884411328088,11.830234532053446,33.10897483475102,0.9980343293805958,3.151617360882493,0.5562574353473971,9.232417737003244,5
6.850522574762403,0.8277858142776465,0.3114758786958839,3.199312684250035,0.06879967071954661,19.950852911765292,57.07231569581559,0.997450292480698,3.2496276354377693,0.5836288694235414,9.4468102509943,5
9.112979435875443,0.6564958505256091,0.09164080008780146,3.497202259556639,0.07553449600330035,7.124345913073165,31.720988890388508,0.997157803036294,3.3127936186783713,0.7028066498021998,9.882619370723598,5
6.663570830745625,0.8231107239520022,0.08088544976128198,4.656208752777401,0.07956133079601307,2.2493516733189587,33.164411928495,0.9957601393517286,3.5940056511702996,0.8435857477647081,12.027586649053363,7
8.994325859803034,0.5264462747565822,0.4113017300713607,1.9148750136909682,0.05013504828461689,4.7750740093740776,41.446752750181005,0.9951188257508159,3.259810785524613,0.5561584452042364,10.735712854297924,6
7.913105691895761,0.8013162701819558,0.006778662212871123,3.0068443958899156,0.08687839674204834,15.738630065344077,27.630853332023534,0.9979368031792011,3.4546572378336258,0.6685002550072027,10.173481992540543,6
8.616453632703797,0.5825971445397908,0.17403175244151542,3.081343578928883,0.07899336430102273,35.66806988902235,20.613279123256365,0.9971860799128199,3.383785963300839,0.5786658215298133,11.541369678774881,6
8.736081710932506,0.5437421900109877,0.16337346747373424,2.2161548698163194,0.07373019980106887,16.613058680153905,22.749554957336212,0.9981512343455733,3.43562542828566,0.5713235997400891,10.085356850484253,5
6.595100494962318,0.8649898674744844,0.026306677260145378,2.101724785953897,0.07126125528561078,12.929817981325243,42.91078763457368,0.9955318578567711,3.441941062436013,0.6176727126413017,10.441904883546691,5
10.760141684613654,0.26996754975624254,0.39469247678423947,2.0104812065228925,0.07519773697374531,17.99420212783253,25.527219032721778,0.9977895116119475,3.1501946283330216,0.5273140096827356,9.863199101367812,5
8.41986998860601,0.5792348108493666,0.2561778779327483,5.294831450386308,0.09197653583606803,22.834561483087615,85.40546721016852,0.9990160216177424,3.3306057260576414,0.5298636683862691,9.548395455065153,5
6.2001183960125905,0.48284263989919035,0.11686049585919876,1.577670367318507,0.0662522143782762,7.974492141548819,39.807149613563595,0.992836961146977,3.3953463859603903,0.576783021617475,10.254744770609165,6
9.19020581140123,1.0016938631793297,0.45087589774177583,3.094110237097924,0.1014036222089877,10.960121188053794,93.09986920475708,0.9980329183201218,3.3730671036013624,0.6187010087817191,9.876740507330073,6
8.872216513925062,0.47117036568121834,0.6215477181799879,3.2085826416951155,0.09635456779278247,5.189021119969927,14.386938784808786,0.9977767642369031,3.121192282335497,0.5579787127628123,10.72932914764723,5
7.345462117778332,0.6910149236162694,0.0763769228804325,2.328108594981719,0.10178501510221392,16.811641937266003,47.282380399439546,0.9959510330585061,3.324137012673674,0.5690205583067166,9.93185101079146,6
8.584847422098736,0.535715490990808,0.30241613007398566,1.58131479673013,0.08218620216455225,14.711809823005243,28.26296095185857,0.9964528115844659,3.2854136456832603,0.5802436822500932,9.062732300177357,7
9.50778523569468,0.40648545200320013,0.295104652786653,3.848629704269661,0.11313056170534372,13.8232629666433,51.10881114329446,0.9991032300921793,3.438935119430029,0.9239350368927252,9.613557159377049,5
9.014263218229956,0.44075205796770506,0.500301483023978,3.6450497698876796,0.11916047795976954,18.074776668223993,36.211918740657524,0.9971540100162369,3.192758871984139,1.0869299237980987,12.531972008362184,6
9.632666892258252,0.25612694840812744,0.696880435011925,0.9,0.06304439210228749,30.618154834479647,41.8801290146274,1.0009707575972269,3.114025954755813,0.6471321643635027,12.269959511432653,5
8.310267441314464,0.7246244252294691,0.12987642325424972,1.8011050803670536,0.09153851167948528,16.081773592735217,6.0,0.9984090191561849,3.1985650052118952,0.590622201918076,9.334350012957058,6
7.325544062078372,0.5333579322693296,0.10324407672390809,1.97697924271041,0.08492360208963728,31.780248090515034,55.5078239860258,0.9981854404611836,3.2659293575774155,0.6003528958814607,9.63361349343373,5
7.4590138707481835,0.4326500293855962,0.18896750361983253,2.071912462648235,0.0819994334002961,19.915675713917192,51.53658973348787,0.993719637825618,3.6599214030085947,0.5949767364274784,10.550164722726503,6
8.78686030544893,0.6398120274599931,0.25259690013077596,7.633227389547711,0.1336596325872652,17.936664804298317,62.86177933017191,1.0020624658957566,3.307745567867098,0.5419894275642474,10.036749001936736,6
7.114159840876849,0.8943991690667704,0.23193067285266206,2.713205249126513,0.10533173739989457,14.582054357477075,52.76645257538575,0.9967385075204545,3.535954232938054,0.500410568598242,10.09844284537287,6
7.627265794207805,0.6111589975028316,0.15701614921667192,2.7310931059934984,0.07402197064786332,24.64374709635465,105.00929004172855,0.9956623370244083,3.3313303309638838,0.4323652026384083,8.59930996431182,6
7.481905868958757,0.38902347983032654,0.18394963571573492,2.3594000856280846,0.07103685629876817,19.66261530173069,52.50170998975977,0.9960820352981153,3.3707507053284624,0.517368537673929,9.628205901221843,4
9.634057064557531,0.6510139066388799,0.23590098496069448,4.708990259455235,0.08759179060377842,12.109554521039641,54.928958555850734,0.9975075021647003,3.360821666613788,0.7057868585489372,9.84702617449216,7
6.664143850690057,0.5953524361829416,0.14382399286325398,2.1363950239759153,0.07734019767433156,16.234472143250596,27.413186782611888,0.9968530698425814,3.5402056736698806,0.6275191203843248,9.378581955919604,5
6.2582698205172385,0.5430007430463729,0.31060467183192353,0.9,0.060349171456918274,33.724297913048936,145.39714938135188,0.995694606158222,3.2903477560622787,0.675928062863662,12.07276864546095,6
8.247893894170184,0.7569574841822753,0.12075111818950339,2.010756392533049,0.0771915248981127,11.51079113421145,29.347378934242514,0.9964838928971653,3.4000537321563646,0.4927425261791783,10.221593603024855,7
9.35892247773926,0.6079199938895534,0.3479255265026639,2.0327042016246035,0.07166585106908764,25.482954552225642,106.54052962628182,0.9972577695504038,3.1567891295855364,0.6210876615553395,9.989155716649456,6
7.252368711751007,0.4374965558699408,0.21924176217895205,2.110891058831811,0.07975911618450855,16.62946218738864,120.01088043628914,0.9958405377247619,3.1642731762963225,0.7348385894829124,9.177911890366808,5
7.940500998606232,0.3432684852474801,0.31316611593966276,2.357445638132495,0.07270381571126543,1.1499349024661374,112.9439543179208,0.9963679425457677,3.3978847593137367,0.5312012372157124,9.771850774752593,6
7.125525125023254,0.511414508012295,0.2331227197195097,2.664004400924838,0.0766956744842308,6.439102487054989,89.81045715835202,1.0004125840638332,3.3784870970700953,0.7447985441502273,9.65422586200849,5
10.817587745746529,0.5087632730749261,0.1993701343711089,0.9,0.07833931631908364,27.431136274252808,44.592568178502475,1.0022829669823996,3.0995175783095554,0.8525778423372621,10.030535314055042,5
8.271143331356352,0.45949156412514847,0.4314359883050369,6.428552422928167,0.07533980199996904,9.673573038655087,55.88063914613669,0.9980864767550041,3.102296377805685,0.6031433404096009,9.235352323175537,5
7.673590301140056,0.45805844116391203,0.04938784788453664,1.8068011795720609,0.08727543042498405,2.219280422729515,48.002568392177146,0.9978782266555551,3.277913840973161,0.5303471169518079,9.484322682083446,6
11.265558407507529,0.3744864713748271,0.4864170131150636,2.9299282346194513,0.09389710355783668,28.237254299323787,61.63297866000764,0.9992988682171172,3.1193085385172696,0.6630421003007289,8.507886683825502,7
6.654466894963677,0.5502013511165359,0.14934102114527617,3.473826556558591,0.0841427011046515,1.0,25.344699819998933,0.9925369442226855,3.3721108999886127,0.5807091860065055,11.239795898186385,4
10.605726723699284,0.41956855539752735,0.487076693358644,1.9462920862453068,0.04396996083498477,6.843927636675223,18.01791734793814,0.9962383520287048,3.2347948848738914,0.627847149934295,10.590462273490562,5
12.625276029945885,0.3748239951315941,0.557095653857603,1.7876316064056552,0.08262821479346646,10.763380175959833,45.296692112218125,1.0006809536443597,3.115165403735162,0.7389335979267728,11.449334885966573,8
10.528674497845973,0.3866755994545101,0.6032122074139161,4.067771940886365,0.05400695440627735,22.746302097509236,18.41554576910351,0.9978559953408438,3.2054289509469505,0.8063336225563966,10.049885930775735,6
7.11957230313627,0.5586851837927853,0.0089355750861664,1.8486668725900124,0.11066140932379753,27.128290676409307,60.40648779513638,0.997753769557839,3.619271247477921,0.5907154969170498,9.83523415392902,5
8.193630521523797,0.2798647640971687,0.250991491205844,1.975875957577823,0.06525862826662603,30.54638055413045,55.747927371051205,0.9953268417595932,3.4509590037566027,0.4912921316976917,11.102460743169937,6
8.581151910842737,0.6775852847492729,0.39360297486887325,1.886491864955284,0.08291322155270059,30.512316741657916,102.91220472828714,0.9974138726102783,3.194701547718107,0.5544868487558833,9.736285946240274,5
11.304388463999837,0.5278713569696283,0.7033997465765194,1.5891784594366851,0.12100517922638764,32.90677106488654,22.350021077553425,1.0002652648948698,3.344475169635059,0.9343753816075221,9.646012820093953,5
7.838176678159881,0.5634075331240975,0.11517256782939346,1.7197345486190108,0.06640261686016063,12.488759907014185,60.64641625280413,0.9953524923472566,3.2548925802468585,0.5312448100480776,10.432822629619768,4
9.510029497213448,0.3852149696266553,0.37304240683093004,1.918053551460834,0.07942299240445981,11.620717301610057,77.50387400669084,0.99956823144972,3.31219157699226,0.8109563176228015,10.004319195192359,6
9.135957009188425,0.4768010712152396,0.6156411671566473,4.144894293423086,0.08822048367425855,23.804554462351803,57.25876435397511,1.0020284780105408,3.077011770276668,0.8068090976861122,9.191180919389819,5
8.144290278156898,1.0668764348134645,0.08572208567480373,2.093204102214638,0.07685144117798816,5.461632033909757,42.63723597318962,0.99408947213678,3.356266887919833,0.48184662557480573,8.659517565679359,4
11.394436594994492,0.5551193530052089,0.5099023234781899,2.2103837833289655,0.16995980706529784,18.235118861239062,72.33602655257482,0.99895910605723,3.136266947292254,0.8509420249250929,9.992532766045327,5
10.16655947955254,0.3436263317980712,0.5312701505154677,2.3598793894027543,0.06185969215291061,14.437410123093509,50.78880982102136,0.9967072088623036,3.156764547715456,0.7999967986940474,9.149575730697656,5
9.882730421845627,0.271309331892045,0.48651594688217253,2.117898216098538,0.038,7.083681882312187,23.341886264876614,0.9977087848931552,3.2675841835445514,0.8224654432573645,10.416483548641954,7
10.187701930163474,0.5237735824697679,0.27083216475578986,1.0737287637463402,0.08158771285850623,7.712235837716147,32.73495156262885,0.9998636106863824,3.2636899824015804,0.7521900066863105,10.219120465931201,5
9.587208133985285,0.5732147024765867,0.2792297670279779,2.2212140151362445,0.20592504469066145,2.9979565410119804,34.783484250731185,0.997391755703402,3.161579264315541,0.6088926960405767,9.599594238318314,5
6.442327132822452,0.61066698675505,0.0914169155219103,1.985489118955591,0.0638800824899538,13.715407636362787,6.0,0.9967033732971289,3.407443950060895,0.5898749741737227,9.355296090270919,5
8.483388336329163,0.8227423145273487,0.0,2.236047546009329,0.4426413020130373,22.462151032351226,94.51263544304335,0.9961856831204903,2.911828596987708,0.8474297209388192,9.253541864368001,5
12.072866663736056,0.4923726636706334,0.5636582208885269,4.2666689551653265,0.08648976689995175,6.7635906497855895,19.707706706482583,0.9985506315918338,3.197861273935983,0.642172233083355,10.286792780155123,6
7.7282268414592865,0.40895084246802177,0.28138923151865125,1.8360425019539548,0.07197085018792687,27.23659734792122,44.455846878726746,0.9960977294149338,3.3863140670300935,0.5193834885795297,9.55653653898334,6
9.326271953124804,0.20088123328652577,0.3642072763566942,3.2282270124919084,0.06801174234411864,28.691242826284537,14.639956255124424,0.9958848484287994,3.215296717697274,0.8197537125319381,12.560815419792664,8
6.876666043062867,0.5382674531400267,0.14993583222775023,2.31969376355222,0.0885383173348609,5.459853856117118,23.432183303363665,0.994515490375659,3.32617480393752,0.49961069657006196,13.1746945769371,7
6.469768639535586,0.7964590721432757,0.03191228913631715,2.0264714528056533,0.0867803424197529,12.68952231733682,21.810711441199516,0.9953482947965763,3.6152014411619935,0.7406909437483487,10.092805429059142,5
10.757106394701927,0.445587247578302,0.32840843897088445,2.2904306227434175,0.05795075689566302,15.810800000160878,62.5590974843395,0.9982257735272609,3.1592622222804954,0.642778324917473,11.290555883202558,5
9.699991901885852,0.5576625221478939,0.2674973185649503,2.0498774027498485,0.06319997242799912,12.316418763755184,39.443530241233745,0.9989380446552637,3.0783819425860264,0.7376550827782751,11.54289653228894,6
8.971661190940075,0.3106832135150762,0.47169585260268215,1.8032066005560559,0.07504597712595301,5.98675026864583,49.32594841281513,0.9957887702875261,3.254563122097929,0.7875379387762574,11.701508554585718,6
9.891839314017394,0.5300029273166931,0.17059632455658746,0.9,0.2999918819550564,22.845964479875985,61.99806563211956,0.9989657191087019,3.062549489406523,1.0315779167634587,9.340223357770897,5
5.727961438460728,0.5185387257437819,0.04803327226211549,1.901162029269754,0.05743766882375951,1.0,69.12872850759614,0.9935910555856103,3.5785833328893237,0.7243207248183131,12.339837763697094,4
7.221909394053715,0.5356489580497584,0.033222302389699414,1.9628307839810009,0.09703241224345643,13.593710376064443,53.288520047066996,0.9945533249810825,3.297191460094867,0.6873576992328,10.455252155555076,5
7.536077981380945,0.26160809327406925,0.286358676459189,4.006615492495174,0.04940801822421197,13.237351386201672,48.34379905214236,0.9957899112729763,3.3446834507566976,0.7713717663494557,11.135859661306272,6
7.0603164766494695,0.7434634371745663,0.0,2.953795880445213,0.08046646369120178,1.0,25.99040926584191,0.9970843383092892,3.4597598393008173,0.5529981716381231,10.629827853949918,5
7.923489528699377,0.6180498450563306,0.10944078108552746,1.1600081413777263,0.05945012578550252,31.931940327151448,6.0,0.992869788078213,3.573405954729203,0.5921780785403585,11.055884452721711,6
7.365996747936788,0.3068441676611934,0.44364577001139754,2.429982320675291,0.0730648561694653,10.367785408066073,14.235390605484458,0.9965303010753229,3.1248209268799254,0.33,11.079890136265147,7
7.241404343537248,0.7336179350204614,0.1264582524020311,2.708146344225366,0.05658375720190104,17.87600047608486,44.71396271200133,0.9947013717247628,3.263148716263134,0.5729033877704308,9.013011881007092,6
7.808744641506973,1.0473631996658594,0.23225507138246707,1.6578911042898707,0.07649383145513412,13.389631494020641,29.97167587861264,0.996087848020929,3.259958108840984,0.3714831719366404,9.360277424872036,4
9.342190906995226,0.6164732294354142,0.3471460953191905,2.232781954226196,0.10558522156893134,18.024396789186415,21.611428299583004,0.9968900377719797,3.2691904519420674,0.5365862570728596,10.025676847980916,7
13.000014697127773,0.35752704025516036,0.33845211690076693,2.8076036956344694,0.10704691436407997,3.3478272430462876,77.40469307235514,1.0021509329387364,3.135447875640169,0.7584395788972182,12.550426838343473,6
6.2719122683371795,0.5902241597580783,0.1618229291244783,1.9307181645310554,0.07862970438068359,15.6734465872086,43.08105331664542,0.9949796866767315,3.425287447228981,0.7336471606040639,12.03144451191579,6
4.622361687856634,0.5131834797764642,0.0,2.4313336318005314,0.05275394172600316,23.975437349013173,14.472877821203756,0.9933792359704847,3.329132774165317,0.6392683145687388,10.758762809945432,7
12.705136471949134,0.48429224473691307,0.6590591673876822,4.2772800495761985,0.07813783176188543,12.6417736024649,47.39918651075235,1.0014151929139055,3.1675802376006934,0.5838072448400679,12.718175243493738,8
11.802119695008638,0.5387202210171856,0.6312194512974078,0.9,0.0828504496499614,17.42493921898339,24.540249767883886,0.9993102737357968,3.02965222712042,0.946575919450607,10.275000688567207,7
7.407204736268537,0.7380538455762549,0.30191125740508234,1.3590599932228264,0.20354202293941237,18.951003332269018,58.554493293896236,0.9970838221392879,3.2629258330054607,1.4212949899794616,9.290934967473294,6
10.700877569688622,0.4900080470439768,0.5475995408389013,2.622499959375899,0.09109691284559254,4.136448790345948,20.140976825138186,0.9989868043528212,3.1402863748810677,0.6755879228829424,11.25877033093142,7
8.933441020947962,0.3277600198209662,0.4466256339154142,1.165418858646818,0.10688719863194268,25.142348376135416,65.45377134421436,0.9978547842205973,3.2626817085326314,1.1591019792552555,10.927233812106964,6
9.218438881489933,0.3529559298059275,0.3214319065101086,2.4963963164516483,0.09093702221232076,46.75335932030094,124.68339708177191,0.9967283355744295,3.192978543835177,0.7411648465875793,10.052858185765016,6
7.511615002268289,0.27390599157479295,0.17800979664033434,2.4416096211904352,0.0717364916175722,26.024323187090523,61.821738798887964,0.99457889572695,3.3811448614486674,0.5857355111064524,11.013191277289918,5
10.00898294770157,0.3182303414207636,0.43429272902094884,3.7774597958546208,0.09184214882016421,23.92985920749668,105.15746134237727,0.9979578671062032,3.2088005222973646,0.42944047412651193,10.2214304434565,5
5.526761433982479,0.8479900055475802,0.017292086466485,1.383631764535173,0.09020008344447346,15.600554257693794,45.53117674950433,0.9954919508803709,3.859132373009592,0.7117886059356856,11.01276952936086,4
8.004030577888997,0.4168465552682283,0.3110372365830504,3.062629487371553,0.05970439070560116,22.770992813774797,41.13584440529037,0.9948803380801768,3.2547607473913995,0.933303710354324,11.080038968644963,6
8.102359465401468,0.5284290732081367,0.5380094309306528,1.9919588613715733,0.10084726329228627,26.179138832838163,114.14509894107901,0.997019940637189,3.362603981020948,0.6727621620404766,8.89137168477762,5
6.491717789393584,0.774789540632914,0.07359417716989654,2.770278586618265,0.042598923277439346,15.31872659343339,67.05398415538738,0.9933015718591707,3.236954271761868,0.7408862320671487,12.72972427907259,7
12.635831981461319,0.43303149844306965,0.6585440698692464,6.015589188861064,0.12417907118767522,1.0,76.98357703265276,0.9996942381959489,2.978144598424389,0.7450994512726535,13.103641937620262,6
7.027600551370253,0.6163240588494729,0.22022258427458502,2.553953217570365,0.07228381301236027,13.677580028558697,45.70046296309913,0.9940026661990972,3.513040986706009,0.860072101859696,11.52731301228478,7
11.205212450502852,0.35202044585159675,0.7384204602583636,3.233694551581882,0.06886244092110683,4.768353007264272,8.364623254882027,0.9939583239211427,3.4862636288805993,0.6678252567857039,10.021700696719009,7
8.62591743825541,0.5769986051937621,0.10606038118706204,2.193872891324946,0.08082160718580465,12.521678030237828,97.76836111277346,0.9993452822941787,3.158634206270444,0.5743950477337355,9.465561150658628,5
6.948634666799569,0.8384868015691416,0.02752279382444745,3.055838336736988,0.09112232335477735,1.0,26.717832233174423,0.9959390734368945,3.410082900512909,0.5352836675595125,10.907723040471673,7
7.722879685834983,0.5890385875780244,0.1527762999366261,3.9309702531928665,0.08703720984810598,20.144431593500524,46.254822233234776,0.9997730296434086,3.4238755678766397,0.6251014021228625,10.31504964920458,6
7.201737952560808,0.7104963837992301,0.20710184697101452,2.5043756708193694,0.1969421937826218,5.196118352431858,8.737483361003143,0.9995898469365214,3.3374200359979023,0.584031812339228,10.073119624877059,5
7.67496393660383,0.5376000530922702,0.24800682522233913,3.5579772985413842,0.07285721870938791,10.754738727761872,14.251577986029996,0.9990193410563049,3.4778562419452506,0.815348024268606,9.458243081907087,6
7.723721918644512,0.7988604305962477,0.05697339717715279,2.112238473741902,0.1000665999027277,11.469325344441724,24.5437273560597,0.9972185210428064,3.3529245722193464,0.4669062774742102,9.590041037188787,6
7.867620910235777,0.6863642785941837,0.0,3.300279111934442,0.10558396632287226,18.993607697657403,39.450979369928504,0.9975820122844368,3.205955112993603,0.5679335936707617,9.367224968976375,6
8.2554347862157,0.5509171419537605,0.20513119753410136,2.3653201467632448,0.08140263054136232,5.210168052272561,53.49911752155534,0.997413924691883,3.197379719035737,0.719219186351268,9.626843076750848,6
6.337834989808137,0.5340874098554026,0.07790605573607941,2.3275978356875733,0.06555460854513045,17.074413531850634,57.77218083236782,0.9921941260883063,3.3517539079669434,0.5650309960720294,12.543485025786016,6
7.46920478494831,0.5495813341734945,0.10380516338969104,1.6967929679358404,0.0774323548786084,1.0,20.23436618624392,0.9979511393484002,3.703224574060437,0.7459298448193913,9.537731724090255,4
6.632551140517592,0.552856416987017,0.18564662111112984,2.5540376531940305,0.07205588484943966,12.880900266999788,26.354841281343845,0.9941791902217133,3.349268324978864,0.5692530572806206,10.858957206509029,7
6.033079418476953,1.2438447567770368,0.17923501172722034,2.250257757126178,0.14771264612273755,8.559042514215164,47.155036707579725,0.9928058493088596,3.7616580188439683,0.8323420655111586,9.265898465517758,5
7.12824706141213,0.5194270203721192,0.27192234925045616,2.58125552547048,0.08342591164982793,11.917403761214342,37.72054709803574,0.997745171747708,3.356186770728921,0.5451356979551764,9.710107798697011,6
8.033466743785716,0.5593235635854367,0.2560061784323173,4.45054479684638,0.07410920196390199,30.34607936011694,161.9157402640882,0.9973100915310598,3.2014536170758827,0.443561641591593,9.227790913194045,5
7.879539383930563,0.6111652797424941,0.3320153325497891,2.636009009914547,0.07374819643462577,29.547795514243013,121.63182701272034,0.9966219738740277,3.1802799456717716,0.6705036599067256,9.967828074712711,5
11.054047117071628,0.29579949490497714,0.6385802147927543,2.9794270268635072,0.1122360445421984,29.814077942699473,21.273438015879634,0.9988951492739094,3.276799590728909,1.0056077613931942,10.75450568158254,6
10.107436887959949,0.4149979922145293,0.5217606317293839,0.9,0.038,5.747421563171249,15.080018959543468,0.9974961571719647,3.3431433381553215,0.9730979407179128,11.104129854965427,7
9.442097661883759,0.6927977988046378,0.471525019892534,3.1373852411653194,0.46629865729998765,7.593890001335367,98.40989363279483,0.9972665494416254,3.095674966066832,0.9143396764147605,10.592131437560152,5
7.50459426339952,0.5494182776909279,0.0667276268960372,2.036773879908216,0.06794408057975058,1.0,69.74909910300755,0.9959075834431019,3.2795485268057654,0.5583281340372293,9.931143558759818,6
10.949009480823282,0.4606312239808896,0.19108463128699885,2.7416769565076797,0.09731193733202469,5.674278615174439,21.54164871652794,0.9970983002501939,3.307356670102822,0.5036525577838993,9.82136816448379,5
6.943811155918205,0.7682165172045922,0.1216168850761653,2.928215735542711,0.07095362369521044,4.195116688596924,38.13168415966772,0.9964885577595723,3.4789921341964196,0.6077327219310744,10.039098386038244,5
9.258159408931238,0.4107792637267853,0.1438888429589693,1.126674769760612,0.057702241143733575,9.986198757716593,33.051853930868695,0.9946557571362785,3.386737752981744,0.7030057349137927,9.557587541347216,5
11.531575480354615,0.3867975173389083,0.528004575087996,0.9,0.12998019667369148,25.678993867529147,105.87469659392929,1.0005809822754335,3.2121134834154756,0.7010216321612421,9.965409056912012,6
6.892427436619125,0.8457850123117365,0.0,2.963041535779464,0.0807270488665415,15.293384895028549,58.44395233880984,0.9957302704690897,3.511789866918866,0.5041161318356536,10.25660234446779,6
7.363970759689447,0.7391368945196217,0.07936649289969055,2.248491056182159,0.06441886063946071,47.242995063154254,37.994248056399805,0.9949647199437931,3.5612139489600048,0.5349465207966171,11.83496392191549,6
8.130663571006101,0.27693962574729325,0.39334305641156025,2.274544263758781,0.08437656661920018,9.362850527150332,26.19264761186454,0.9930978026869798,3.435198134900112,0.6001758017733904,11.187489096552012,6
10.337864117374423,0.26768648034650866,0.4242523473645859,2.9220610431112273,0.08132076343919814,15.926569051139118,6.0,0.9965590940416369,3.155789537369146,0.586079244692991,12.100791081966339,7
7.597492938222703,0.5716039048073899,0.0,2.2622316326494296,0.07301494562296762,1.0,95.15595091532077,0.998759377161349,3.4758666095258457,0.6676433586906244,9.54213305934727,5
6.476373938560468,0.6523760199011429,0.5103396574427475,2.1490512550659693,0.09385060555746218,25.328496235750848,126.3683978093269,0.9930881732138812,3.5725465105073204,0.8885960801644536,11.694336526876953,7
7.830675734908987,0.6156301131749103,0.18346444243492183,3.465828704651475,0.09285797431879449,9.80430150812391,26.80083526472916,0.9984433271960552,3.4571251429739625,0.6910673044889066,9.466582180841739,6
8.418435035066462,0.636348454267261,0.022901979479792396,1.77469313732259,0.0789727760485703,5.7585959156600675,13.342968546638309,0.9964691578639395,3.3214254296923085,0.6670194492862189,10.544143007766372,6
12.743860646887796,0.37793367854718185,0.4849340713094987,1.7759457663990355,0.17210522717681478,5.232310413746413,20.10634913362642,0.9969582043974091,3.076724373391086,0.7108754944370033,10.57809808319641,5
8.872387614258026,0.5505425386370837,0.4676090500477036,1.868388178334965,0.07748044505392852,22.86321359606183,38.215678632559715,0.9972937318116761,3.035210903603122,0.5906704835115373,10.419126118025613,5
6.32224398202448,0.35760512204415607,0.04785416037916487,5.892070694245389,0.09394913600025702,23.136577749739924,129.5387238535125,0.9966095197681547,3.33331648629875,0.4056090094200636,10.63882041256894,4
6.774850768299811,0.9120991101907261,0.0,3.0675478392667404,0.06944667633248326,4.1985414718857665,14.843712493846995,0.994952686098867,3.422004361787569,0.5386876115973949,11.532202852389307,4
12.661099311210775,0.35111499473130336,0.7552114948617816,1.8875570280120633,0.15979745755713456,9.51017714344843,35.205151299619104,1.0005175012578806,3.0710741255865837,0.6905855580253204,12.196121964752479,6
7.414187526227522,0.7641746427279473,0.29893749600077435,2.1247365753749383,0.08031139513496269,20.197243054708316,88.9209050323488,0.9925844228219514,3.539292790787744,0.7188935775184423,11.798579188045457,7
7.624348581301184,0.654811010337064,0.26965830145540715,1.7330181436870697,0.09248899868467045,25.72227547895145,102.48104943862347,0.9951443430159275,3.425804250266322,0.5167384403555818,9.46329057402658,6
7.217298942269711,0.4126218688758502,0.194708381749867,2.1794729501888956,0.07753459573985035,28.511147034040512,61.53648636932019,0.9965948888280735,3.3241778212851063,0.5919558017733854,10.14208337373677,6
11.309262375934406,0.3076765644628311,0.28610597115309394,1.8859725606167321,0.07942599082252397,1.0,18.18264868367308,0.9975557110394753,3.2995892806275235,0.9434745111946242,9.869719422550776,7
7.871995792460817,0.5012295565355286,0.07614294609158781,1.2420031162331298,0.09550841087440733,5.646605334454045,9.66587277855771,0.9976845849392213,3.3089913532844393,0.5835337016316571,10.25008281259547,5
13.684357013147402,0.5742503584013984,0.4755860676727308,2.8346093702263757,0.049437731962312076,14.339157802400237,28.516708149399022,0.9996660113867232,3.1715149286719377,0.5911355914949317,9.65128254012969,5
9.427234374705877,0.25223889157201995,0.545540934376258,1.703046612012459,0.03892867902074244,9.422813510963314,58.551355891407795,0.9948364218153386,3.348793968699894,0.5376707536559895,11.567257770816829,5
7.446099292925337,0.5294266673468294,0.0,1.8192999590039776,0.08252264697778869,10.327024326006189,73.40867059162798,0.9969382900353969,3.2733055915826377,0.5688275218337502,9.982208076325715,6
10.499960300005572,0.39588248123725756,0.5714615400989044,7.12681725012742,0.07440652092878526,8.071023944285098,27.77393465477164,0.9979510463501499,3.1920556100168938,0.9717996002015117,10.109772926653593,5
10.950747992536499,0.3971198655353897,0.41673818916072336,2.776804560496897,0.0826775484109645,11.155670418745377,50.03873350310766,0.9982467652407462,3.162515606855082,0.65733597163231,13.034253668118671,7
7.743453987409619,0.45364467191989677,0.0,2.1284645389280796,0.0763153416901222,14.996598264156994,28.78138511992991,0.9967990776837009,3.3251193427976564,0.5585827075644642,9.429540246100448,5
8.639591202026864,0.19444750452599405,0.38414971189876657,1.4616084561466773,0.05235300110008525,1.0,13.326370968533503,0.9928137220276609,3.3751732545888937,0.821135774462624,11.638361542310909,6
8.98303778340089,0.27053879766351885,0.5239411527881893,4.072641611161313,0.19391448968550803,7.16662832524647,15.308945198979526,0.998116448386488,3.2918674325036075,0.8140985801510037,10.877345126230816,8
8.549037165964407,0.6063024558688761,0.13360633434629998,2.1011054995893392,0.07232874543527867,7.905659408764359,14.6359299538191,0.9969704975904129,3.318925120298825,0.6726410924644525,9.395832266375605,5
8.117009895656368,0.6554148832238627,0.2544291014366286,2.5192426245203574,0.08957461342834622,18.386971384036443,80.72546357300801,0.9958167076969289,3.279706656269994,0.569405371870494,10.790997064739418,4
8.420636012107302,0.677930985762793,0.0983715023915111,4.039195039367101,0.06526422527714641,15.128200573075457,99.66470326096028,0.9943212337530469,3.591804889063556,0.8114763734684737,11.591996426418712,5
8.401028805268318,0.32963031965021017,0.0,1.5656424640135551,0.10353645262141756,8.533888117107791,16.754956367088766,0.9962336865314221,3.196734381266391,0.6639883053046226,12.30842001472923,4
5.934986287251105,0.48256780791362663,0.0,3.9842032836606163,0.0732438586514209,12.656315857329515,40.789142539607475,0.9972679288957211,3.332346355087973,0.6273485313544597,10.264795872232234,6
10.975317616447953,0.3106878844075142,0.4188237686385499,2.1343708903170633,0.07921928375963433,20.365819993889914,52.00127760097504,0.9989455789536766,3.1431728025151604,0.601840629039262,10.20963579876861,5
7.9934849184847,0.4345677335160716,0.30557652392049384,1.6757501301479032,0.08108591898737486,21.852779787495805,21.894081706403124,0.9943814333064466,3.2842341735939775,0.5337467448955285,10.284365493238695,7
6.708738583891332,0.19882291946213576,0.05429140161114422,1.6777418276045877,0.08230685540184932,17.93600572122711,67.7603436463702,0.994734076377591,3.4666847482378267,0.5278754376403507,11.111446207866774,6
7.405914687827465,0.16,0.5571977030193285,2.2631264179057893,0.038,23.48973478231469,9.021551794903111,0.99581719061445,3.2485739187252562,0.7484443264275621,11.374012696685318,7
5.946853932505018,0.5779770119494524,0.0648440201197808,2.097512968057823,0.06128796845575143,23.89668942893165,84.55968306962012,0.9954387228481807,3.5601557498926866,0.43972849589660723,10.273375904240806,6
8.431333536245596,0.8787270332929916,0.14836984688961358,2.5398707619126384,0.06169110123614411,2.370290025922719,13.975257233449337,0.9964592219560934,3.3333902384621057,0.5973014120627999,11.481665346637069,5
7.837101129386205,0.31607597308548413,0.17927975534082358,2.7251742423425203,0.07722776495077095,30.063081914820692,47.31790080687381,0.9950865834412167,3.4560541665627977,0.8449384712512747,9.41204722222814,6
7.4392981157563165,0.34308183189057745,0.2753590710034657,2.2585534684781092,0.08087875775299048,43.71769157322257,54.05528309193547,0.9951587260087192,3.325199059860618,0.49860259300864235,10.081724824428242,6
5.189138694590046,0.8558796287565689,0.19908866127359948,2.8072393918265455,0.07827227057009183,17.274320358829147,63.99383703617284,0.9933418572872313,3.3576057445162992,0.9240951948335596,12.809172261893682,7
7.409904384243571,0.47789950221053407,0.31728171613417344,2.6617985677190705,0.08488662446314549,21.15713283677749,90.12065894520907,0.9960019955353833,3.4754434677789803,0.4636886940312471,9.718540267237447,4
8.008002382214773,0.6361795161050292,0.19244654543522638,1.853443184288806,0.15654329769214886,6.339663243263389,59.15330062499519,0.9967846499929618,3.2391368400773803,0.5824965611558711,9.939493001908652,6
6.613734707458069,0.40606271151222856,0.3170169193595883,1.895296904634126,0.07536060200832345,13.622344954605529,37.51783738302477,0.9950767879815675,3.32598436655468,0.5864298732189974,10.257169628694975,6
6.531184295495936,0.4088733230357472,0.39200496739265256,1.6192095368640902,0.059354983499077474,10.172433329445811,45.32169192366554,0.9961087990519472,3.4460872408409933,0.7145054373811365,10.320682509833626,7
8.794457726305227,0.9336282320887216,0.0844733465973413,2.797542465894686,0.08139146222237281,12.768071903462035,91.57898100320722,0.9976109807806168,3.266603514711865,0.4581134970743528,10.333146267929493,4
6.795459546045897,1.3202444335747991,0.3449250544120739,1.603832667862092,0.07558560444065167,2.8709129845597525,10.267785720988126,0.9952335148058958,3.148140815730362,0.6353646774700322,9.579212360797491,4
7.666915771318488,0.46536420564454933,0.32772129830979524,1.9176210887699892,0.08967686481553161,17.848221548817676,90.99358117228984,0.9974723656760119,3.502348310462651,0.6622566916283783,9.364327377964981,5
7.308924524009844,0.4932571010296053,0.22379924932441103,2.1634759915050417,0.07955853198660455,12.042936073673719,80.4182571442665,0.9975841860500695,3.5073361302451525,0.5382462693500769,10.059525056098073,6
6.725529255555807,0.4524189222425463,0.030495874488771883,6.249358709998483,0.12088954333156153,29.789286421498126,84.54402438622697,0.9978523874450701,3.514854677666139,0.49887567066391547,10.793159853136212,5
7.345568376939673,0.4891537615263102,0.26555591963252345,2.139695212201251,0.08521350340602846,25.889536135039815,74.24972207821385,0.9980252672635668,3.4391343987071146,0.5866241173325646,9.704226299058544,6
6.940518973168197,0.8161459718193148,0.014786118387785773,2.9121196000588325,0.07257078319682754,18.491109939748874,43.94342844856899,0.9958034010856025,3.439295564414891,0.6054243958047877,11.36603043732789,6
11.172160016676946,0.4050813044797588,0.3902026936037039,3.751492606502098,0.06895926972781945,1.0,15.108375774213998,0.9977093229539656,3.5205132832082637,0.8947489815038763,11.46899990498913,7
8.509505136342273,0.7298892642429071,0.0,3.0004560280188164,0.0834919709686051,7.667415944493255,26.863909528598796,0.997734351395093,3.319458367992581,0.5678951919401289,9.642579435680775,5
6.724685526749583,0.30757805452427456,0.3465732381427694,1.5995785878177724,0.048144680517834035,13.714691652721715,22.337459039091254,0.9937191813745141,3.394041135276338,0.7356468464938648,12.850343540388652,6
8.282387621275241,0.4873387893166908,0.48744112996026967,3.395150294945035,0.08023778023209363,10.86285107929622,59.51169871766354,0.9972093284509197,3.2928560328652035,0.4995613611140588,8.428521266453792,5
9.227198943450505,0.48156716359230145,0.2029286100913552,6.639742326615384,0.10579300931678493,9.660215159080494,43.77278965628424,0.9940302343211468,3.2407564535936313,0.7745233096651166,10.722934349776214,7
8.877734422664805,0.7689116362676449,0.34581055348189454,2.377282352036642,0.10526351856497258,8.171889043473968,57.07999225467412,0.9951987727753729,3.2447046835967495,0.9175751483502839,10.24511514667787,5
9.576500986360678,0.3988572334507926,0.3809767286879759,2.4392688285618616,0.08867532863794066,26.59952958140781,55.086599988650676,0.9973271261653082,3.27744126776575,0.565275347066047,10.648563045840188,5
11.05428740879579,0.5159705937573302,0.5463344573194805,2.5544002957868654,0.09813192007641723,8.31746180347535,37.13073545973842,0.9970344676585983,3.1539002616081877,0.5367852604497546,12.631388158990763,5
7.7037842700396215,0.790391007635183,0.0,2.0331080653140265,0.0731175775196733,5.978713988625293,15.050748864899715,0.996543941914354,3.3057727062030047,0.48167971395893866,9.483860245622589,6
8.508822924622574,0.38586328495282735,0.3398687842373634,1.7157790354229516,0.08275549892305084,23.55780950037785,107.78125597663241,0.99692853654975,3.326368208611543,0.5633281478011873,9.210149450180172,5
6.885081582507203,0.7563634699435594,0.016013615222556017,2.682562081703301,0.1057008899448852,23.398996392460784,6.0,0.9968186704416012,3.417501436175266,0.5161277449092939,9.839293206895919,6
8.37627652391015,0.29138247948514556,0.3943832201487731,1.4570599294079694,0.0845078671172282,24.420399778555094,44.569055280015434,0.9954034573626488,3.394353790998822,0.7500756413835588,11.379039770153044,6
7.7694018135825305,0.6323330616916453,0.25307741295076946,1.9270687561302937,0.14901790076828916,21.22496880661779,71.40753976410709,0.9967849565189056,3.4801556067452526,0.5310242211739848,9.56478873474859,5
9.71933487813183,0.3174325175912866,0.31189934526936475,2.4448330946586463,0.11529787819295811,6.324326953609564,10.569307952391675,0.9994886783937963,3.2176944905691065,0.7060498712769094,9.482069144810241,5
14.118536552633458,0.5753465753718991,0.3667855410192612,5.068549377177169,0.13182430727721156,6.363138037412366,13.491803002073677,1.0009651724928552,3.1824174309227438,0.8216826094015693,9.115924331268934,4
5.520851909369569,0.34618322563802684,0.07765081135202964,1.3772418251203409,0.07538218609350697,22.81698827978017,34.000537361327034,0.9921721066196668,3.3484877118396614,0.5737022351812744,12.665064984990519,7
9.969025886677354,0.7294094476342531,0.2159237526847429,2.142212885001131,0.07148774657359401,3.306245409509826,13.407764209263497,0.9967226497511872,3.185432006876453,0.7613885369511459,10.655024746976904,5
11.580523274178592,0.4940069902251053,0.5993890073396958,9.438985136791063,0.08154446893344307,15.964250963336696,48.481575108854514,1.0011767900281623,3.0651227023704553,1.2384964276781698,9.630246563301395,6
11.605238474554497,0.6763600596741635,0.5101941100868551,2.3098677695092036,0.28720367011467296,32.21534814456079,108.57341566149286,0.9994495056341093,3.1075630646927173,0.6651337707952698,9.886181591471612,5
5.785035802478468,0.7319392023349436,0.11157866731385091,1.8544424373217185,0.07808738615131328,12.663361970268404,37.421688680316436,0.9977491247643747,3.5803106378337857,0.6964760981449434,9.728378417843997,6
8.960282576158413,0.7191581521311264,0.023233068947605465,3.3864691979080535,0.11631730090346573,19.102408113485644,62.796103141096594,0.9954565130138651,3.32956277875462,0.5863093753442331,10.71859152172183,6
8.485850327822625,0.26893475064495587,0.3516201649389682,4.502039105760399,0.0827866103973785,3.360244505786373,11.206473823067844,0.9974718060441679,3.184829260729478,0.5383944042393083,10.431557869077086,5
8.63495531004429,0.28394681894519946,0.4200414705839134,1.6440684997034785,0.043229213611062745,12.424135591134634,36.16394350810805,0.9944553719059193,3.229307070965449,0.7873988597282422,11.852370228211194,6
7.940511475390668,0.24666923650022393,0.461750165368455,1.5023844696895443,0.06007822960707132,21.404646298892732,30.272086180422416,0.9949841571645087,3.3173538641368623,0.8128337962100382,11.514094660600733,7
8.175114878220597,0.4309760012941829,0.13391768332265563,2.0569054786587744,0.06268452273025242,33.04885217585238,39.28545838571184,0.9969417013789499,3.1262135928499255,0.6522262574782252,8.706252361739258,6
5.884943588037152,0.5202675219178581,0.08808538377053055,2.257311335029954,0.061599787216644025,12.319108344500075,35.246683310657865,0.9937499744533471,3.4539570591908,0.6305586063411402,12.672197973781353,5
11.087414707163918,0.5927954129494225,0.6352269995290133,2.454979098541807,0.10036451189778307,10.509478672707925,21.809497374408014,0.9970292607086132,3.1260006762508263,0.8563252209452237,11.729377443658404,5
7.469882231107592,0.5066087848689237,0.19341576629359786,1.393617648197687,0.0688145954320786,6.308674206441965,42.63368220395357,0.9946011005627277,3.359289855748584,0.523503369735252,11.671183667074384,5
8.128595910260362,0.42188806195572087,0.10937578031759841,1.8845458256341927,0.05960443483765955,12.437367619159474,19.92458650020927,0.9938419120740475,3.3637594898442713,0.6415004204059253,11.046693847479874,5
7.30650701188245,0.6602229860306836,0.3707666724501738,2.4227860196906668,0.2569110228395066,8.857491079209609,29.411753120505722,0.996181689561021,3.3302283941317037,0.598781936967422,10.441053217513295,6
6.554846889023951,0.8080917612281193,0.02637162938131369,2.016937308739107,0.101373950905251,13.769926241216982,31.839752802840614,0.9975796179132781,3.5833724343268734,0.7952670310789786,9.919874946423482,5
10.912618598417541,0.5255430343450553,0.4093940989926632,1.942103703667553,0.07312496348160501,21.524499810218035,24.4244435473227,1.0004676582828438,3.0411553288185567,0.7705088879379847,11.620459136541763,7
12.24452653486697,0.3773827475785317,0.4984043778324241,2.7560882745694917,0.09611948977123277,8.140890780374935,49.26023397497414,1.0010525233812646,3.1270087631980035,0.6651780496483022,10.66778442547361,7
6.79250586093273,0.749928692285555,0.034016964423520035,2.0644501485992435,0.08443944525268984,46.904893698132994,57.31225424277559,0.9959657314432516,3.5349537190675853,0.4588825239103062,12.13743943639169,5
8.101413464172245,0.5899347387936235,0.52084436871037,2.8140188147636227,0.09183266082843168,4.51657543182208,6.0,0.9967678296231801,3.1888599433621034,0.5432815041006981,8.4,5
9.465195406983687,0.3864209038721818,0.7057567373745826,2.4003382798971478,0.05151722369461481,8.20906090577289,21.734611704864147,0.9939500900018995,3.228462767446509,0.7595482299493274,11.672170118178904,7
6.35454001596398,0.5247441052681031,0.15265440527464066,2.0690113118408804,0.08823248946089965,22.440347829373223,49.2969706737389,0.9964145503796463,3.5256290107531085,0.6874726708211618,9.839675199205574,6
8.866087397200006,0.29626473455702573,0.2976375613141768,1.1086421633603805,0.07231427577927445,6.826580556111525,16.233183052628178,0.9983471864337558,3.3847600736425063,0.8744504987078856,12.290082222683063,8
9.771402525548485,0.41104541687252294,0.584168123412618,1.994957510720631,0.2172988533724372,6.746484704782381,26.818049667779526,0.9978915874841067,3.227875235674069,1.246654688888447,9.657947416675286,6
11.902954662647655,0.20383441032606178,0.5037813939878021,2.425325688961069,0.08638672057416834,17.85022176542043,19.083628853068234,0.9965271694673821,3.17751888413014,0.6195870415772705,9.798586466750391,6
8.742040936774652,0.3842360414470424,0.36768490848873475,2.525235059001692,0.09217945459351318,21.705635147000745,101.06116996059139,0.997879415603358,3.3611330370015637,0.535324100814606,9.061528221649333,5
6.3020562239193,0.16,0.018855677679333452,5.885786859904128,0.11260963411320045,1.5453632508653135,6.0,0.9991193583987437,3.2972719896499454,0.33,11.352640193871682,4
7.203777173983621,0.9054971364216893,0.30389067613921694,2.293401341640662,0.050776127202939975,5.134764071727885,52.39839345173528,0.9939005975252232,3.359534480571815,0.6331706877303446,11.536379992539398,6
7.05456818024026,0.610960193271698,0.08776408806234956,3.4607775977560595,0.08475384323698539,1.2065518758725133,20.103642699518605,0.9982253292203328,3.4097307092429805,0.5207461373751802,8.964776228432369,5
9.094878847451021,0.5560194739284751,0.30458093513291634,2.571683724078419,0.07539838043589311,12.902008767424483,79.62294768046026,1.0000428681077758,3.226175522798458,0.6206333148806865,9.619132277023215,5
8.84291530046888,0.52607726180674,0.11351205122404781,2.892456568439351,0.09177529580380783,15.561035478397024,14.71257137865264,0.9993531823440097,3.4059419514135327,0.713855911371033,9.588789117492771,6
8.85851032118302,0.5955296863183838,0.3255133565054679,1.8065579355261936,0.06252975139204438,30.12684370243886,6.0,0.9967426202655151,3.2434507858360386,0.44023813885300833,11.181084016497026,7
7.512376533924544,0.632646723445466,0.08866796665461037,1.739083445245344,0.1021610961958149,17.171009464610602,88.03660151518366,0.9952172467228234,3.205559705984223,0.5221772812484782,10.337765581637123,5
6.656532034997708,0.677388087613504,0.08463374996498108,2.6221774151941966,0.07266438302503571,28.458246760672466,44.837652247700326,0.9938102260086557,3.3424602394687333,0.4658441969689351,10.040845366375352,4
11.556466957055768,0.456114793251258,0.6373576970659273,1.8646170338863133,0.338319026174288,9.689528757750747,85.23713119981564,1.0018007450934379,2.9663091489664937,1.1119062529722883,9.7502864112141,7
8.791252885325159,0.2370144186977317,0.4396905548447639,1.8910512730617208,0.049692382902400634,18.883275419109026,56.11908094222849,0.9954530827611286,3.44082382955906,0.7965734192654023,11.178616386232637,7
11.508486581760154,0.34450100107976017,0.6192059189280829,6.792596627219874,0.06835886749782863,5.607013114108529,20.805690277455597,1.002625608228317,3.1449418853892412,0.6302389142927198,9.202268212823654,4
10.469287286727907,0.5347052343447132,0.33049517723942634,3.882367050102441,0.09236450683377492,27.78732940693033,80.85122635231178,0.9983345329330925,3.1222091597650063,0.578380370885902,9.722361233434366,5
8.228212222372873,0.6519417493634706,0.15370327728468772,2.2780100011381728,0.06963331405580096,13.287687056949668,47.54385426977835,0.9967632958017568,3.384869752317162,0.6043242635922347,10.27242795546287,5
6.219039232977015,0.6522160492249924,0.07111820266213263,2.1694694853106093,0.06847109819526159,10.233015952864406,25.093003240780575,0.9952355392090788,3.5899678384916935,0.6178365834843953,9.622073607810483,6
7.404970824784355,0.7993033976599727,0.0,1.9480970437543983,0.06674036730252142,11.39755579124213,12.044212589553364,0.9973360905735169,3.5350585956824863,0.5270500413236874,10.251682776398992,4
7.517934452267142,0.4620835821904277,0.4379788337281211,1.7555038687595876,0.11580369747328048,5.35890646385748,10.46592760953276,0.9961386465177993,3.2846709309541127,0.5915176624172279,9.934936623527866,6
11.090397897738232,0.27119853983665704,0.41082988929817177,0.9,0.058776058243545176,5.496314412268577,21.397413984047365,0.9978852825637884,3.10013514689613,0.5958070863635697,11.447630143938488,7
7.658063876298241,0.881006777545991,0.08059763970125274,1.5540785950042557,0.08406534705150678,9.691544518261276,23.246389428563837,0.9973809336944197,3.226366142751408,0.8298239366472457,10.145137330565287,6
7.081907452517049,0.8367762482641787,0.01049522678092503,1.7435518672623513,0.062309978030122684,33.2792766717536,56.233919320809804,0.9970541142022632,3.190882240626116,0.708257661824236,9.76638292823511,5
10.047007914804725,0.31919220079414024,0.4657069206666509,2.0818774585033535,0.0905789232489767,33.169631516036894,36.703252471149995,0.9966671348971988,3.151437587947503,0.7629185152885984,11.00074590552109,5
7.181106924062738,0.6188046538253986,0.22039507351020388,1.6185343423266276,0.06819907396929564,8.840270903257112,65.87419808440579,0.9968545761309537,3.533347806211278,0.7671653747890356,9.495888645541468,6
6.450121680805663,0.7163757476838927,0.0416574323770402,2.5015879386881648,0.08023110917017146,25.823468322395986,44.375757895161634,0.9977200486572017,3.4891512277058703,0.5353620209755674,9.28603531586759,6
9.846944167884772,0.5112028784623589,0.4233096321653197,4.013120681647741,0.09446306603600833,19.9456872645216,42.01368537225009,0.9978321337176476,3.1125894105160965,0.809603833735616,10.393148143340568,7
7.619653697483487,0.3910894930264067,0.41575152478315525,2.18110519888528,0.05387728190618055,28.751524680905796,71.93897313911513,0.9954863949940368,3.3965270113311354,0.826007641399311,10.825997621100125,7
13.114741716548586,0.3344542910344446,0.4185491974129385,2.4437907736855555,0.07106214307190696,24.12172429300001,65.97936905530338,1.000799395732457,3.2082007795951393,0.7519667984313433,9.866307073124673,6
7.207568579912637,0.22415520404370248,0.79,5.439076227116291,0.07433248156968965,20.42616307853732,47.7193308006986,1.0001194675329739,3.336673119137561,0.5986562978689469,11.983784149306608,6
7.206351585932141,0.5710448229560117,0.04947912225493106,0.9,0.14997426505025407,3.9216181032458177,47.92236982737788,0.9964802332971091,3.455547125378731,0.7312940605006976,9.432544122615818,5
6.961969266386742,0.7786798326088696,0.13728833546359082,2.074161968764232,0.038,1.0,42.79736171093347,0.9964869006926007,3.335074669164087,0.6095333170913986,9.860603028302107,4
6.477331465752961,0.2814562189431142,0.24697105040384976,2.6605829346521714,0.07177947473183438,28.423007324711904,52.80314091449048,0.9971085999676931,3.3891006317521377,0.528560879078972,11.588102324669052,5
7.893324812990872,0.6937768062923847,0.12560145978141365,2.631279867645486,0.0837114904567147,34.89636148815367,77.45643953074453,0.9967921334422113,3.382205699932482,0.564223853991469,9.975791645393771,5
5.260581686347733,0.7102391696910191,0.17450543701092414,0.9,0.05589758810743097,5.984385382296885,47.72606257884012,0.9937806773960833,3.8251885846243683,0.673794970251553,12.609615666847137,6
7.6616556356673735,0.8115075545549226,0.15677119717370377,1.8370734115145981,0.0819508997794752,8.969129132403893,44.84237843533831,0.9968186115924221,3.3641524342892737,0.5977324201896302,8.79527897412429,6
10.851891199115757,0.5351213710759082,0.6241330500171447,1.399876585092641,0.07543144917595555,1.0,73.2592660096029,0.9974094833728933,3.36576433413795,0.7980701110849145,11.453350714730252,5
5.788197736753758,0.8048841161069797,0.09151844562121789,6.347962377259186,0.06185615477617506,4.430093284217207,6.0,0.9948674711212457,3.429010237296007,0.6479474820331824,10.411933744371332,6
8.785935337294324,0.429961391316719,0.5563199498291234,3.0016512696208917,0.038,9.429974459872088,44.33750273287636,0.9951586115620898,3.4646997413067737,0.5896167005764122,11.788270857890408,6
8.251502327695722,0.5711635878085594,0.0048886304643458445,1.8540759432916936,0.0820489157365674,6.358737002915781,40.99215089085599,0.9974320045495093,3.182582537892738,0.8482937991452061,9.601092390281067,6
11.891932841817773,0.3870440301037655,0.6498086883728484,4.167779942336717,0.08042358255053285,17.565548706090546,46.53860483966385,1.0015740079160587,2.908881445314509,0.9723203029818445,10.464146871562459,6
7.564457481265293,0.3649441855654682,0.5838499800454716,2.8929505592187086,0.06784807110205753,2.8557998376733753,14.790309125510065,0.9985707718913397,3.2411497790846298,0.810682342613989,9.685250279769345,6
9.218557897364928,0.2564435696991686,0.2757007928606159,1.6252619722829662,0.06376565207098002,9.297391304172148,28.628062107794854,0.9935585821903092,3.3536009788378496,0.6746200416106405,10.702091017713196,4
7.0472981963740216,0.6355780418356591,0.0,1.625730874027757,0.08830531369065019,28.915025581968532,60.71825697649432,0.9955504545947779,3.4531138380758204,0.5887651927216613,10.692897887607794,6
9.285810212200753,0.7626637752417059,0.23658728876985347,2.1528974610340477,0.09449664546113452,34.15012534506716,77.46987767758372,0.9981359746623988,3.1500211817373795,0.6341990869967349,9.440865996591725,5
7.3100944033039115,0.7058613313141382,0.5091653487966796,1.790654213888785,0.08762500597198067,7.3833288459576885,13.891861124303528,0.9964547369394631,3.2766274061806473,0.6559286276121878,10.419397703087022,5
7.31453878688171,0.5712857224403484,0.47663678719256874,2.8378561836349845,0.07009530514651434,27.321559121027306,7.55626364706055,0.9937583575404675,3.448949167350312,0.6545052933122788,11.810265345159605,7
7.987274472643268,0.7008417956793541,0.18007538416849328,2.434503128505804,0.08608724799035057,10.857134952748796,101.93974101915452,0.9979107317774747,3.3519850489592056,0.5840353715936835,9.440570527987315,6
8.461392328704871,0.6633901169589043,0.03989317990827436,1.6400769264131894,0.08935072533367122,6.2764748347119035,22.201030226698308,0.9974347433435027,3.3624753914273056,0.4688709670320346,9.585827922852664,5
9.2428310856211,0.1905963693059492,0.35182223513807337,3.370075843405983,0.09806192179467875,27.079399194303463,39.676858367960065,0.9981185348733462,3.35821584672795,0.89730685045082,10.130341571498779,5
8.136995541843596,0.7368803473148643,0.06693400826222717,1.2367995104964142,0.10098283445445598,36.47516726074154,64.41913652765788,0.9965730645652207,3.2234420471503307,0.6139089733037503,9.466869698515158,5
8.75811381335179,0.5915376772473476,0.2410200483787548,2.7428232062393256,0.07651396109107211,39.23439419395822,115.8933073593137,0.9979714695779417,3.2081453632052632,0.5772313088567891,9.238714145269583,5
7.4428548390516545,0.5087028557626665,0.17216187432247726,2.876989345129041,0.07147235375839137,30.116821586740084,27.094795804060325,0.9958686573643846,3.4357066354685344,0.6424099802123515,10.675556561596075,5
5.892639682146118,0.45742644944685684,0.2724483195350279,2.060778607660052,0.06759360164525562,31.18417652787027,54.95287317288374,0.9939610676581476,3.2786342337067764,0.6566849980717697,11.374118390307407,6
6.886056006599554,0.6154766523272335,0.2571456220069398,2.7335670088437825,0.060825392514261306,11.685675561461537,22.62954227699653,0.9924477922583691,3.5361390789517295,0.4785748086922067,12.000608588686541,5
8.44047281470402,0.7243513201023797,0.2830165898360322,3.4532457593032286,0.09506418309981954,30.783818573423623,115.97937111283608,0.9968089388657049,3.2292272476190322,0.503833937977471,9.502729368464067,5
9.95931077234905,0.41197111973768713,0.04132157047273838,5.088624285951168,0.09537346923717499,10.666341732625392,30.879596393977295,0.9947712085038141,3.336616616965167,0.5071588345775091,9.735537933593752,7
14.886608966717835,0.5861318103079706,0.7258496510888887,5.584540464885878,0.0825450553670524,6.0,24.534774553116165,0.996862592436959,3.260123622715527,0.6140191162844868,10.229912740981302,7
8.551543819544055,0.39714431065860767,0.38027467153217864,3.076968978645072,0.09699149812400432,33.1028457886659,118.63461938558973,0.994575549477362,3.3133551892687856,0.6407635607217559,12.342105050366317,7
7.8555781255193295,0.41730568545361657,0.2445330919475547,2.26124707128983,0.10220538016340372,4.879912288267194,22.976579777224288,0.9981317474676376,3.384238317914212,0.5680023502929433,10.143122040958954,4
9.039615752570574,0.704073961413616,0.04697390060498325,0.9,0.08609503734363347,48.40339150116494,105.06977581235287,0.9966069810907783,3.472239100619364,0.5265903024386509,10.074364718819586,4
6.966472822200531,0.3540203761033846,0.22398841279770737,0.9,0.038698378390618765,25.095107462009754,6.0,0.9954693168695827,3.1700996937532415,0.3737814180369057,10.956613877366374,5
6.41310730784775,0.3638366143074881,0.17320225124027788,2.948893444106251,0.09145099412814972,9.967009169430815,28.514272978232402,0.9973993630294082,3.5599069282403404,0.4832739239020607,9.514579239958817,5
6.19702674415827,0.5228277505087457,0.14297714110814824,1.9235877889518933,0.048534500560604654,14.98451312728486,46.51113080019106,0.994892120349445,3.522894401461027,0.7858430016456981,10.07282908334458,7
10.494809620481588,0.40380191737638355,0.51299441269397,1.7359769394400741,0.06407330007841797,9.218703481282981,43.8592760782591,0.9984317136178217,3.0330581305879587,0.6487791102061949,8.758485844663578,7
5.388927439449901,0.5894835814731728,0.046744410508209204,1.902364503118333,0.06797131284673574,44.97825627464829,44.431647930161745,0.9953773055841787,3.4071570858677496,0.6557385969011724,11.65094336801211,6
9.76524899690232,0.4473875196087255,0.2968075620369123,1.7499604397561432,0.09357603385989269,39.13369551242542,53.70581666130821,0.9985610269224948,3.2780574708685717,0.9008573104341251,9.920394505513496,4
7.175072693269299,0.6969898737322442,0.005059017288739458,4.761790773154052,0.10579390708695707,10.407905489330485,17.893641817988247,0.9972608642366176,3.4685657692549623,0.5415566127128136,10.258909866759089,6
8.691579717389581,0.4045120161835876,0.43456385912651485,1.975028976195712,0.09494495439893505,7.540133800230731,23.900615668629683,0.9945334477431463,3.3092280718769915,0.7602978695098113,11.526292439851622,6
10.416916742273827,0.3964204512368548,0.104440410383206,4.17023927621205,0.06814911329175992,1.0,62.11849495847329,0.999373936699735,3.213024349669792,0.569172720594085,9.92793335989114,5
8.83406612033196,0.7946040675747692,0.157366247784064,1.9920938121048117,0.0654968887935032,19.446827432688085,76.43499712532385,0.9974266676437159,3.290326325351773,0.5650898470805618,10.541653592346293,5
5.944122024592206,0.41312865058255577,0.30044487357628585,2.9104735521188685,0.08487876817330192,10.372852738346989,84.0200248899912,0.9991080728552741,3.3802354751712245,0.48531994855967747,10.218936791275897,5
8.164441994648056,0.5717932657386307,0.33431322691463283,2.366346327385814,0.1064242621290122,8.619953250023002,47.772729378882346,0.9971426056249817,3.1167179234491345,0.605550741293296,10.266540309016285,6
6.708120510515471,0.7062023502988446,0.01995507398960643,1.7184166601711655,0.05573620383649807,5.272932477411166,13.42317152231681,0.9975492217090439,3.6227059012374747,0.7910659765677523,9.686709824961037,5
7.5525151709786895,0.6205026755581715,0.12188038026370178,1.9450753147601325,0.08078867972952744,13.784496578086323,45.34340736823456,0.9965719735957649,3.257945745506937,0.5570477146096524,9.933407641902493,5
5.290029870913344,0.6748602547688547,0.07242782771637762,1.2247292580130091,0.038,13.904497825098145,26.589595049149082,0.9952798239863949,3.460571014237685,0.5339639715582681,9.409554939860662,4
9.847473471624697,0.7653382857045528,0.22214308191812102,3.718171216471619,0.10509255522185992,19.738698384239576,77.59464306613563,1.0008838943150729,3.389988612173462,0.6227733436457482,9.784814754693924,5
7.256868340967974,0.8277884591054873,0.12895727849830965,5.441676227333551,0.09906449450452032,23.092576541161183,56.62976409858181,0.9966902053579387,3.4330558888857334,0.5496190918444332,10.471712075280408,6
6.920466330448814,0.6119548225688918,0.02350722145348772,2.403859337677218,0.060016867576643484,8.635984850773733,13.29837112850939,0.995683680707709,3.445018788670374,0.6133826672368722,10.134399134111984,5
8.25143129101865,0.6985150252771162,0.35739373500425187,0.9,0.08157029440101439,19.927132840587152,95.43457978603672,0.9974117190742083,3.2280711998297726,0.4494462445869333,9.123154806460992,5
12.128914923613445,0.35381283394531976,0.5112072626265239,4.231474537458688,0.0964791569605617,7.029416854921064,8.460301377979,0.9991719916343826,3.011280270793322,0.49360330462928464,10.170501639480456,5
8.254718920639812,0.6244961916570427,0.0227619358635347,1.8485390750705235,0.09201720082045864,20.666340823629373,60.09313810500156,0.9968771335006532,3.4058283304190877,0.5325255306855079,9.88236912976954,5
12.003663920828922,0.3143405435373326,0.5952156407078292,6.272653240627305,0.10206840210129338,8.08602478805527,23.813101832408215,1.000496954572382,3.1640488814268206,0.7452470951666772,11.257364267618954,7
5.514545597402548,0.37723942721797965,0.39747867744140664,3.43741263720151,0.07342551048928268,29.565144561760647,71.35138027542138,0.9963501863397441,3.3395273196635955,0.5657189109264161,11.257083241224288,6
13.787121506835682,0.3244452261250916,0.4077527998487286,7.49526855603525,0.0812888534748172,6.3919662191912,30.82024765209841,0.9991417824579957,3.317271743991282,0.694689830533961,8.917714506503287,6
8.203154956520262,0.6209591896916096,0.3695195712981585,1.935090935622401,0.09201147314387019,20.74232578184574,64.78030958818081,0.9951918041353689,3.36050790744436,0.5668550329444626,9.645056691098237,6
8.653104956577396,0.594687789604102,0.25186773633757426,1.9781990191386156,0.13439126944441487,13.989944016689206,6.40472125678469,0.9974542746671694,3.5793561140099945,0.6890529909985093,10.22432662833785,5
8.094459455553979,0.2043832937418587,0.16737395017302564,1.5627474159174284,0.04206205340525272,32.020497699990734,15.343343205714284,0.9951131252090881,3.1834943618732563,0.3916987984374665,10.396303959072045,5
6.780942762665246,0.5060127996857317,0.23077318224614252,2.240013453656135,0.05561861800724065,6.43962543384509,24.217580307318123,0.9945826144599531,3.346630738867901,0.5343974429879768,9.845957607944804,5
9.01602161769864,0.3175722606155894,0.34872257883374286,1.5919963440711353,0.06215275712727612,24.565406238740415,64.54729405620695,0.9955469506235398,3.468661419125205,0.8027434637392736,10.941702582863265,6
7.2475813219042955,0.37461850506342714,0.3656602807534599,2.258251360453596,0.05645708006728582,18.136628347557288,32.92351457338752,0.9941923951997232,3.2742852657329067,0.617525895512577,9.94878332022679,7
8.110330629985254,0.40280083358841956,0.493202179068301,1.3194214835146862,0.07226580116780935,16.146006175296108,21.09458178552174,0.9964684126736763,3.2263937991380582,0.8477251871103277,11.112783787969448,5
7.7099317094301005,0.4473984742316068,0.5180809149345815,2.0722035289770555,0.08348994360541145,14.73386943707637,54.31650780194847,0.9964697152793807,3.2659723389004247,0.6472305373917339,10.802097788306057,6
7.354864627014808,0.7106149150284664,0.343694496503269,3.7279246176143856,0.11225966253110409,15.579165676569243,86.86442560236765,0.9971565175947886,3.2003017397307585,0.7494231097562118,10.4322458415316,6
7.3379016747053925,0.5153206892930591,0.03887736299041725,1.7016652292501666,0.07141464326600044,12.88001960110954,14.240605361181974,0.9952145106886424,3.371428313578062,0.5163403979597692,9.660324884160381,5
8.78687934104583,0.6559134044493495,0.11971096308700396,2.253973659624181,0.06061349965178254,13.665804916427001,49.37673815224524,0.997765951539843,3.349190512410904,0.6590795765626487,9.526731759461175,6
7.22281728273402,0.498562378656217,0.3327672926097049,1.505169046091346,0.16524888443219468,15.117905176643152,52.48421247303392,0.9965998280491206,3.189786291192378,0.8121011888766432,9.579076248541673,5
10.798917072849878,0.4772345414178794,0.5154415973657391,2.968718173596601,0.06784327059172854,21.807620309845987,42.279822802552474,0.9989438088918945,3.091260485558916,0.9642376214489716,10.70627053167394,5
6.695287885623095,0.6414347473880346,0.1717369115877379,1.7615255110996797,0.06903391457884615,39.41874153090106,63.5023819248417,0.9968193008251807,3.5762096746516803,0.7420736439238936,8.4,6
6.211404872631951,0.8311975269086322,0.04151004637135279,4.067386658396655,0.06465496627620379,1.0,65.7112746630574,0.9946649587480878,3.430130701406059,0.597279498831597,11.470357940852985,6
6.51901607195636,0.3365206804228965,0.390587583268159,2.174055577037711,0.09961727222707117,20.784242148703065,52.604115483325415,0.9941217320942132,3.342254015542321,0.48257622541930445,12.624407026633882,6
7.716861272031741,0.3790867751622111,0.5794397014491821,2.1881684003105004,0.06789069543184564,14.337224547674772,77.76052236108045,0.9964289072255497,3.5595471725914694,0.6429324096675233,9.195637796844562,6
10.118451538539176,0.3802857092876422,0.49991180877188535,0.9,0.06275874005656551,14.511370556292086,46.46360348048603,0.996186811221248,3.225126784631743,0.582489433425472,11.190374082920584,5
9.293656356391299,0.47745440819694074,0.32574931004535757,3.5237434929055444,0.0897562593392114,27.99208853001034,105.77549333583435,0.9980760995057004,3.2798577254275085,0.7248177058441858,9.853615938225513,5
7.1569029995514235,0.7075821664308576,0.08296189232023514,2.232642400630342,0.06566056195410216,12.38130634934063,16.648823239364198,0.9958600215429151,3.3940125371971415,0.5993742250752956,10.279741213407409,6
7.327851248889987,0.6021493759095402,0.16816428443270204,1.5901719979397093,0.09265434231192801,20.19314376311396,6.0,0.9940408957984186,3.293555941313468,0.5578940569024384,10.821503051513583,7
8.265493668201962,0.525864089878131,0.04964196509455038,1.6484244590759072,0.26075964836594584,33.39693375882929,20.736452413887406,0.9959216598115933,3.06879291869942,0.6941819567041563,9.708299709747381,5
10.077257347904514,0.3117428448522316,0.1870763714178634,3.2434666323270083,0.038,5.876636958025684,49.082977172433395,1.0002258690571912,3.0789871953166363,0.96087296440765,9.812276637375813,6
8.538513973103422,0.3712487297849016,0.4552155690103781,1.8547216801455042,0.11056116064726318,9.361381913853162,16.326383673088625,0.9942372216121868,3.208863182043113,0.6395726589293224,11.310845645659269,8
8.50423828845382,0.5909662241966969,0.7002835714788977,2.750561565735461,0.20960550835976333,17.425598371361357,47.93877551278935,0.9973010707395178,3.159702841013475,1.1410634518396765,9.304847468526146,5
6.547514967054751,0.4540309803379063,0.1385271259258773,1.9099728443336816,0.07307148400326677,20.450050322514166,62.159466325339764,0.9981243432303751,3.4615033044784056,0.694651702367979,9.88547949003489,6
12.36341202343605,0.32064186499133285,0.5369406189105085,2.2261877721186276,0.09646904747289299,6.639112565526209,18.018500281150885,1.0009650265164252,3.1256237028312577,0.6874841375085021,10.173061045189499,6
8.967721940863507,0.3602912874557297,0.4321485038659872,2.287700542313606,0.09946819865656359,15.1916467788533,22.65747636405179,0.9961718435861718,3.271733343101127,0.707238486305478,11.098354325205264,6
7.659765290418937,0.538738410421356,0.3241431062414237,3.353998073466146,0.09235296431358732,17.200676859324478,32.45693480828624,0.9990639991273714,3.505533852242513,0.6457539671219081,10.177282089178416,6
7.273813470348926,0.46897392585458053,0.0829007326934873,5.502328003225638,0.049319680565925665,22.057754047481794,30.496795157786522,0.9939701650839029,3.364145243835667,0.6719458970436571,12.085724651315818,6
6.519228822246977,0.8706043122703709,0.04041852388016404,0.9,0.070827011134979,3.151484191262678,13.167933436187862,0.9957434347988827,3.6238598204222656,0.6067485334572627,9.96419831951463,6
7.995071441777484,0.3553563010032088,0.05077546557658535,2.045383298172733,0.0713798534046682,5.728701110229173,16.913711871151484,0.9968763887961446,3.5925462850288117,0.8134083453231427,9.289463966785352,6
6.932363785348452,0.4599669442285913,0.23812580119604976,1.8184593943519485,0.06853203042645813,5.079075608750577,22.994261473181673,0.9959245442609691,3.472514199610773,0.7438096156699484,9.510375804434624,6
5.878781511293329,0.6173473874233116,0.2446260091366973,1.2031859403031084,0.08078831878117973,12.756564285475541,63.4259403487172,0.9967900960827397,3.450090019863716,0.4813970959801393,9.408172359806327,5
5.736125702637534,0.7796738160392321,0.001363355424688531,1.7600062104632985,0.058012063818867005,11.843683339645576,29.742597980610157,0.9958936583339787,3.6056049502352936,0.6840698341833785,14.0,6
8.622752553656259,0.4092598396898742,0.10525448395229692,1.198864809342111,0.5359183350652142,8.724047217780676,13.83763521694685,0.998208129439944,3.123768922439923,0.8502449858228761,10.026092277657957,6
8.09411084936926,0.6742668901704997,0.0,1.7744996068609458,0.1231450449563466,10.06571584835697,102.65622806362865,0.9970810711284218,3.4081642024187153,0.6795819475443156,8.498309558383278,6
9.011034993534738,0.6783280449494283,0.261782660279028,2.797970025742402,0.08930711493701873,18.068315870314677,89.66516351622238,0.9993632952241633,3.116637014709671,0.5652218725018614,9.854148611931242,5
5.531590140650624,0.5194239857459992,0.29670768514896806,2.3797129518795037,0.04539345065547322,12.660550899267099,10.871127710177248,0.9927975201022973,3.648975099762691,0.6953745184391139,13.065442645207527,5
7.860009214660694,0.3724682319319193,0.2070058338371498,2.0739587580078647,0.09777202276521056,12.509107425414786,46.04242274784315,0.9963077797312745,3.3573517809723525,0.7196197377205307,9.314221618438797,6
8.989987748396468,0.36135123565538413,0.6295596492256805,2.889534458007547,0.18190860759430666,6.254440486520715,14.1608348899911,0.9979776517900025,3.2073640841669544,0.6950878908551219,10.346400147821033,7
7.218388983069696,0.8344460676801848,0.2151166720361821,0.9019507772907127,0.10834350297466191,21.88925861544895,64.08606179218764,0.9937862966633272,3.3921082878658435,0.4760315819903684,10.30290016195441,5
7.4402915492382835,0.42235565267603525,0.1587750610653674,1.6255080214925017,0.08104848046795834,20.650238945728855,64.0502953139009,0.9965751107374355,3.436693414360145,0.7542787636543066,9.305187864672856,6
6.323817304851151,0.4529298598853848,0.0,1.6788802281491837,0.10373948578451239,24.117589826062407,46.265945957127144,0.9941142509433987,3.4328673222654595,0.609723742374176,11.899469268085962,6
9.751573471061345,0.8308672644854664,0.23377248573672607,2.340623141351976,0.07533885662356543,17.768111070395214,6.0,0.9984793647026462,3.325890658261503,0.46336358830942453,9.305529521453023,5
5.783994383461997,0.16,0.3855728586805523,1.4640695577482623,0.11277870134087442,10.12627769162156,6.0,0.9920624806306947,3.190422951656483,0.7575145095217586,13.119731773810752,6
9.186250489601264,0.31578863299282944,0.332024900097103,2.0211615278889257,0.05735430923206396,31.06792040655905,17.48706910098686,0.9956500116997562,3.25492132579879,0.8778407987291554,10.92363584624872,7
7.893621820220821,0.532142284117873,0.17896575140343307,2.31075327432394,0.06638093715617666,17.18040624737065,75.4719261700956,0.9988749847147674,3.547846285569448,0.48014151271237854,10.03616398768046,5
7.892715751722,1.188719041171779,0.07458463627526857,1.710787916375304,0.05316371003897215,18.970343540104967,91.80228212266185,0.99195748331924,3.3624832706541037,0.5712245285507367,10.21946980616819,5
7.131060522711172,0.593770758617549,0.29587271753917116,2.570993101896407,0.0885401162481149,16.300595935834192,81.72676257873009,0.9968342808188528,3.63093325073378,0.5925080904289866,9.959815438691892,5
6.2957544771087015,0.7733564760937562,0.10477077127359546,1.0196376155897997,0.0674489193014159,5.060481117604737,10.68266621850059,0.9967827535150751,3.42835747848431,0.4757064218375252,10.974367065548233,5
8.479188426557931,0.6102649215512197,0.5921102303525361,1.6974102353776797,0.09622396542887703,33.02029476980871,105.90021435480273,0.9970639127812899,3.435894669526025,0.7428681928060304,10.630933192467811,7
6.202620376196456,0.3647404023121722,0.4254776433619749,1.9896407178307616,0.046630915929794764,33.04443390468657,74.4154822439753,0.993256599645578,3.2743620218976637,0.6549798692209277,10.803845953210617,6
9.270268773157037,0.4023996887464087,0.38512941215808816,2.579753743724195,0.07860109713990493,17.548538884445747,73.36076842977417,0.9936416205041695,3.129278413296095,0.8758498592266057,12.367364092692604,8
6.674370267395996,0.6039516747185096,0.03894776068755346,4.9178577277669095,0.10662912983069836,61.41664984455488,130.19020723767687,0.9966630270903591,3.615826952025046,0.590755941922155,9.590240644992736,6
10.504307613252504,0.5866631957580384,0.5690920547893699,1.7810674237520105,0.15119969681633152,22.42356310131138,80.70681041619628,0.998868405136303,3.353074460406058,0.5108297618731301,10.01412422665521,5
9.656207999861332,0.18945500154255757,0.5967181097304055,3.328064134365736,0.11053569333174086,7.3085316396899405,18.44591338945703,0.9969032300314585,3.414366272261452,0.9621362335275813,11.536206473461966,5
6.168511592495379,0.6947870193871766,0.0,1.7562099719081097,0.038,10.665747580577204,58.17162202890229,0.9952620816913041,3.4290508787685963,0.8415670672013766,10.677904971406644,6
8.042749839871734,0.29862003469398946,0.14586334853868452,1.818132498544067,0.07069329905422483,35.51306630964361,76.9594079070903,0.9946344241802052,3.4244161662966475,0.7331456482141697,9.633240586265812,7
6.437368008646759,0.5279731441168377,0.20691635723018056,1.4939549571696311,0.09089434608671629,16.239384902174464,36.06022939225719,0.998195542700331,3.4732878371234084,0.6454494757574261,10.748673633503385,5
7.147180989830934,0.7370497231640745,0.07113246122764944,2.148122618754424,0.09811225096811181,27.83261521498346,55.61806611513448,0.9977127279542709,3.2933828226279753,0.6032939542850129,10.164721390316846,6
8.63940773598854,0.4015082937893325,0.200538415732469,1.8164876382431945,0.06153910007918108,3.8241043322424835,14.453268318281204,0.9980737324054747,3.216777469443198,0.5809496919650003,10.175071648199099,5
7.008121510149033,0.6291133429939596,0.33230709189041774,1.995525857436467,0.09032887448220842,7.4250426206090046,63.030450064253884,0.9981858132322308,3.299061750428033,0.7135797228285328,9.112407095688864,6
7.807521000866594,0.7085941621339613,0.0,2.4340187281557624,0.0887985012230315,2.6949008804100645,21.67752239633964,0.9968035131892022,3.414881764303974,0.5771000734784462,10.033467232812294,7
7.946012899034419,0.8446972073596151,0.026619560626628958,3.208377008310659,0.09280504470500636,5.791722199510036,20.576609536177617,0.9978384708825443,3.366347680355376,0.530186496704477,9.293133470232902,6
7.6827396397360115,0.8787398315815893,0.1255425797390811,1.9570708668178383,0.0979456347774776,3.8265259398459754,13.21764783555092,0.9953586918537928,3.259163275334707,0.6671955169834269,9.88993381809032,5
6.031574810762954,0.48172580290730305,0.14002370565388034,1.8314715770030008,0.05103102737234179,7.695087842226998,61.52016496028376,0.9910647196399899,3.6167336934243997,0.6749034416494097,13.664863163148889,8
7.205120810312498,0.4917442118293764,0.07399708917629143,2.046688387059051,0.07437205947695123,6.787516693440446,34.701886234651475,0.9965865079251391,3.3834667297179695,0.63182665484377,10.343887788526024,6
8.237245536318001,0.3490668144343638,0.14365208201245594,3.2205745750850876,0.08446726182973031,12.59727921153298,58.276775796370885,0.9979803826721773,3.3955096047265823,0.504907762111298,10.00396675384566,5
7.438207501430484,0.5713862506794046,0.3065109055363456,2.1406776292189185,0.08095676292146298,11.41629844382955,31.77060446236886,0.9951084976098146,3.3312859742606538,0.7089217327377284,10.9803892853299,6
8.04603570091795,0.7561763413018617,0.4179099549836802,3.4256886155709587,0.24283284927447976,20.122172307038408,124.93046994150546,0.9973924842072462,3.123654265511299,0.33,9.1694645555761,5
8.692509213766249,0.5896323080385827,0.2345254160037129,1.8442973018626618,0.08227806275598244,16.794496406161272,129.55945715913862,0.9981408502612168,3.260716410808278,0.5218546987233995,9.901279738106588,5
8.893189961104364,0.3708282197550521,0.17225778266679048,5.224668058596954,0.08727627082746132,32.52594077012057,34.77324508778861,0.997465069979094,3.568783074465675,0.5569855995811995,10.366567217399764,6
6.80747646323899,0.7632837960536553,0.16055117336090244,2.972115626026824,0.06927876006323512,6.212864274014094,21.17896473107961,0.9972880952661456,3.508547792320286,0.9316384133692294,9.4452096587917,6
10.072527759285013,0.3324674563621758,0.4543296062139667,2.4697182238631763,0.09969503871870189,30.80668538202343,53.315469931698544,0.9959197208751621,3.1895443468907727,0.4767469303715391,11.666252777421706,6
9.070397723045375,0.6527371277392106,0.2816527044621985,1.7727802045770695,0.08522601597726107,8.533805875732156,50.18047433775783,0.9966175678893098,3.0480827947940177,0.5222371735333293,10.596244657963922,6
10.212315319935872,0.30560230165929136,0.5356342286679611,5.680400567244666,0.038,6.472876306867105,24.888384073606556,0.9997986823512752,3.106955900310115,0.38599944027196087,8.995431493404075,6
10.678064028444092,0.7057968751543129,0.0,4.792715790075883,0.10013840183723025,19.673320967519164,68.07771407170952,0.9969961320632988,3.2749039238692808,0.570932755854228,9.717360202976057,6
10.012926410181366,0.2939372871432108,0.4679282853522557,1.5046012771643205,0.1581914414574354,20.407326657429138,51.21442925696981,0.9988391292636922,3.188043142966059,0.529187796147468,9.82216867594658,6
