age,job,marital,education,default,balance,housing,loan,contact,campaign,previous,poutcome,y
34,services,single,tertiary,no,100,yes,no,unknown,1,1,unknown,0
31,admin.,married,secondary,no,5071,yes,no,cellular,1,0,other,0
59,management,divorced,secondary,no,3689,no,no,cellular,2,0,unknown,0
43,technician,married,secondary,no,79,no,no,cellular,6,0,unknown,0
33,unemployed,divorced,secondary,no,3101,no,yes,cellular,5,0,unknown,1
44,services,married,tertiary,no,50,yes,no,telephone,1,0,unknown,0
26,management,married,tertiary,no,1058,yes,no,cellular,1,0,unknown,0
50,services,married,primary,no,-97,no,no,cellular,1,0,unknown,0
38,services,married,primary,no,96,yes,yes,cellular,1,0,unknown,1
44,admin.,married,tertiary,no,1595,no,no,cellular,1,0,unknown,0
57,technician,married,secondary,no,167,no,yes,cellular,2,0,unknown,0
37,management,married,secondary,no,-28,yes,no,cellular,2,1,success,0
59,blue-collar,married,tertiary,no,53,yes,yes,cellular,2,0,unknown,0
43,admin.,married,secondary,no,518,no,no,unknown,6,0,unknown,0
36,management,married,primary,no,0,yes,no,unknown,3,0,unknown,0
35,blue-collar,married,primary,no,2256,no,no,unknown,3,0,unknown,0
46,housemaid,married,tertiary,no,133,yes,yes,cellular,1,0,unknown,0
36,self-employed,single,primary,no,1140,yes,no,cellular,2,1,unknown,0
34,management,married,secondary,no,8358,yes,no,cellular,3,0,failure,0
31,management,single,unknown,no,7703,no,no,unknown,3,0,unknown,0
33,management,single,tertiary,no,975,yes,no,cellular,7,3,unknown,0
56,retired,divorced,secondary,no,2532,no,no,cellular,3,0,unknown,0
31,management,married,unknown,no,425,no,no,cellular,1,0,unknown,0
44,blue-collar,married,secondary,no,379,yes,no,cellular,2,0,unknown,0
27,self-employed,married,tertiary,no,556,yes,no,cellular,1,0,failure,0
35,blue-collar,married,tertiary,no,679,yes,no,cellular,3,0,unknown,0
26,management,single,secondary,no,1281,yes,no,cellular,13,0,unknown,0
30,retired,married,tertiary,no,195,yes,no,unknown,2,0,unknown,0
30,management,single,tertiary,no,1772,no,no,cellular,1,0,unknown,0
31,blue-collar,married,secondary,no,1131,no,no,cellular,12,0,unknown,0
38,technician,married,primary,no,69,yes,no,telephone,1,1,failure,0
26,housemaid,single,tertiary,no,34,yes,no,cellular,2,0,unknown,0
30,services,married,tertiary,no,2801,yes,yes,unknown,1,0,other,0
32,services,married,tertiary,no,765,yes,no,unknown,2,0,failure,0
43,services,married,tertiary,no,981,no,no,unknown,1,0,unknown,0
32,blue-collar,single,secondary,no,255,yes,yes,unknown,5,0,unknown,0
33,student,married,primary,no,7096,yes,no,cellular,2,0,unknown,0
35,housemaid,married,tertiary,no,3664,yes,no,cellular,2,0,unknown,0
53,admin.,divorced,primary,no,360,yes,yes,cellular,1,1,other,0
27,management,single,tertiary,no,444,no,yes,cellular,1,2,unknown,0
37,management,married,primary,no,2318,no,no,unknown,2,0,success,0
42,technician,married,primary,no,-701,no,yes,telephone,1,0,unknown,0
54,services,married,secondary,no,968,no,no,unknown,2,0,unknown,0
42,management,married,secondary,no,201,yes,no,unknown,2,0,unknown,0
58,retired,single,secondary,no,-118,yes,no,cellular,2,0,unknown,0
46,housemaid,married,secondary,no,0,yes,yes,cellular,1,3,unknown,0
28,blue-collar,single,primary,no,27,yes,no,cellular,2,0,unknown,0
41,unemployed,married,secondary,no,703,no,no,unknown,3,0,unknown,0
49,technician,married,tertiary,yes,2887,no,no,unknown,5,0,unknown,0
31,technician,single,tertiary,no,13,yes,yes,unknown,1,0,unknown,0
26,services,single,tertiary,no,1,yes,no,cellular,1,0,failure,1
46,management,married,secondary,no,2224,no,no,telephone,3,0,unknown,0
28,technician,divorced,secondary,no,757,yes,no,telephone,3,0,unknown,0
36,blue-collar,married,secondary,no,383,yes,no,cellular,7,0,unknown,0
43,unemployed,married,secondary,no,0,yes,yes,cellular,2,0,unknown,0
50,management,married,secondary,no,1239,yes,no,cellular,2,0,unknown,0
30,technician,single,secondary,no,518,no,yes,cellular,4,0,unknown,0
45,entrepreneur,married,secondary,no,2896,yes,yes,cellular,2,0,unknown,0
36,management,married,secondary,no,4627,no,no,cellular,1,0,unknown,1
44,retired,married,tertiary,no,0,no,no,cellular,1,0,unknown,0
44,technician,married,tertiary,no,1692,yes,no,unknown,2,0,unknown,0
33,blue-collar,married,secondary,no,1578,no,no,cellular,1,0,unknown,0
38,management,married,secondary,no,195,no,no,unknown,2,0,unknown,0
37,management,married,secondary,no,398,no,no,cellular,1,0,unknown,0
39,technician,married,secondary,no,203,no,no,cellular,1,0,unknown,0
55,management,married,primary,no,-275,no,no,unknown,1,0,unknown,0
28,services,married,tertiary,no,390,no,no,cellular,1,0,unknown,0
36,self-employed,married,primary,no,-78,yes,no,unknown,3,0,unknown,0
59,blue-collar,married,unknown,no,477,yes,no,cellular,2,0,unknown,0
40,technician,married,secondary,no,506,no,no,cellular,4,0,unknown,0
47,technician,married,primary,no,-320,no,no,cellular,1,0,unknown,0
34,technician,married,secondary,no,721,no,yes,unknown,3,0,unknown,0
34,technician,married,tertiary,no,5784,yes,yes,cellular,1,0,unknown,0
49,blue-collar,divorced,primary,no,254,yes,no,unknown,2,0,unknown,0
35,services,single,secondary,no,520,yes,no,cellular,2,0,unknown,0
38,admin.,married,secondary,no,126,yes,yes,cellular,9,0,unknown,0
70,entrepreneur,married,secondary,no,132,no,no,telephone,1,0,unknown,0
44,technician,married,secondary,no,9,yes,no,cellular,2,0,failure,0
24,blue-collar,single,primary,no,4230,yes,no,unknown,4,0,unknown,0
29,management,single,secondary,no,562,yes,yes,cellular,1,0,unknown,0
50,services,married,primary,no,85,yes,no,cellular,2,1,success,0
69,unknown,married,tertiary,no,1387,yes,no,cellular,3,0,unknown,0
34,management,married,unknown,no,1086,yes,no,cellular,1,0,unknown,0
32,blue-collar,married,secondary,no,438,yes,no,cellular,2,0,unknown,0
45,blue-collar,married,secondary,no,2,yes,no,cellular,2,0,unknown,0
41,housemaid,married,tertiary,no,542,yes,no,unknown,1,0,unknown,0
29,management,single,tertiary,no,1535,no,no,unknown,2,0,unknown,0
57,self-employed,divorced,secondary,no,235,yes,no,telephone,2,0,unknown,0
34,retired,married,secondary,no,0,yes,yes,cellular,2,0,unknown,0
42,self-employed,married,tertiary,no,993,yes,no,unknown,3,0,failure,0
49,student,married,secondary,no,18,yes,no,unknown,1,0,unknown,0
33,retired,single,tertiary,no,480,no,no,cellular,2,0,unknown,0
27,unknown,married,tertiary,no,198,yes,no,cellular,2,0,failure,0
52,blue-collar,single,primary,no,5315,yes,no,unknown,1,2,failure,0
31,blue-collar,single,secondary,no,2591,yes,no,cellular,2,0,unknown,0
52,services,married,secondary,no,1289,yes,no,cellular,2,1,failure,0
31,blue-collar,married,secondary,no,4569,no,no,cellular,1,1,failure,0
35,blue-collar,single,secondary,no,0,yes,no,cellular,3,0,failure,0
45,housemaid,single,secondary,no,25,yes,no,cellular,1,0,unknown,0
34,services,married,unknown,no,122,yes,no,cellular,1,0,failure,0
26,blue-collar,married,secondary,no,2759,yes,no,cellular,1,2,failure,0
26,admin.,single,primary,no,91,yes,yes,telephone,1,0,unknown,0
33,retired,married,tertiary,no,0,no,no,telephone,1,0,unknown,0
57,technician,divorced,secondary,no,153,yes,yes,cellular,3,0,unknown,0
31,services,married,primary,no,6,yes,no,cellular,2,0,unknown,0
36,blue-collar,married,tertiary,no,1,yes,yes,cellular,1,0,unknown,0
43,management,married,tertiary,no,51,no,no,unknown,6,0,unknown,1
53,technician,single,tertiary,no,165,yes,no,cellular,1,0,unknown,0
27,services,married,unknown,no,0,yes,no,cellular,1,0,failure,0
39,blue-collar,married,secondary,no,135,no,no,unknown,2,1,unknown,0
38,management,divorced,tertiary,no,412,yes,no,unknown,1,0,success,0
44,management,married,secondary,no,179,yes,no,cellular,1,0,unknown,0
31,management,single,secondary,no,353,no,no,cellular,1,0,unknown,0
48,technician,single,secondary,no,1100,no,no,unknown,2,0,unknown,0
48,technician,married,secondary,no,47,no,yes,cellular,3,0,unknown,0
83,technician,married,secondary,no,-94,no,no,unknown,2,0,unknown,0
43,management,married,secondary,no,0,yes,no,cellular,2,0,unknown,1
40,management,single,tertiary,no,1,no,no,unknown,1,1,unknown,1
42,management,married,secondary,no,4659,yes,no,unknown,2,0,unknown,0
33,management,married,secondary,no,310,yes,no,unknown,1,0,unknown,0
49,self-employed,divorced,secondary,yes,0,yes,no,cellular,4,0,unknown,1
49,admin.,divorced,primary,no,204,no,no,cellular,1,1,success,0
43,blue-collar,single,secondary,no,0,yes,no,cellular,1,0,unknown,0
28,management,married,secondary,no,821,yes,no,unknown,5,0,unknown,0
57,management,divorced,tertiary,no,112,yes,no,cellular,3,1,unknown,0
36,services,married,secondary,no,239,yes,no,telephone,5,0,unknown,0
37,management,married,tertiary,no,325,no,no,telephone,3,0,unknown,0
47,admin.,married,secondary,no,2104,yes,yes,cellular,2,0,unknown,0
36,technician,single,secondary,no,174,no,no,cellular,1,0,unknown,0
50,management,single,tertiary,no,506,yes,no,cellular,2,0,unknown,0
34,blue-collar,single,primary,no,493,yes,no,cellular,2,0,unknown,0
53,management,married,tertiary,no,422,yes,no,unknown,3,0,other,0
47,technician,married,secondary,no,367,yes,no,unknown,1,0,unknown,0
31,services,divorced,tertiary,no,848,no,yes,cellular,2,0,unknown,1
45,blue-collar,married,tertiary,no,225,yes,no,cellular,2,0,unknown,0
31,technician,single,secondary,no,623,no,no,cellular,1,0,unknown,0
34,blue-collar,married,tertiary,no,119,yes,no,cellular,2,0,unknown,0
59,unemployed,married,secondary,no,0,no,yes,cellular,1,0,unknown,0
27,technician,married,secondary,no,3403,yes,no,cellular,1,0,unknown,0
28,admin.,married,tertiary,no,261,yes,no,unknown,2,0,unknown,0
48,blue-collar,divorced,secondary,no,606,yes,no,cellular,2,0,unknown,0
47,technician,divorced,primary,no,696,yes,yes,unknown,1,0,unknown,0
34,management,married,secondary,no,252,yes,no,cellular,1,0,unknown,0
54,admin.,married,primary,no,1322,no,no,cellular,1,0,unknown,0
46,blue-collar,divorced,primary,no,371,no,no,cellular,1,0,failure,0
44,unemployed,married,primary,no,-28,no,no,cellular,2,0,unknown,0
35,technician,single,secondary,no,0,no,yes,cellular,2,0,unknown,0
54,technician,married,primary,no,701,yes,no,cellular,2,0,unknown,0
35,retired,single,secondary,no,1267,no,no,unknown,1,1,unknown,0
52,technician,married,unknown,no,138,yes,no,unknown,2,0,unknown,0
38,retired,married,secondary,no,-1,no,no,unknown,8,0,unknown,0
35,management,divorced,secondary,no,102,yes,no,cellular,1,0,unknown,0
33,management,divorced,secondary,no,35,yes,no,telephone,1,0,unknown,0
49,entrepreneur,married,secondary,no,0,no,no,unknown,4,0,unknown,0
35,management,single,secondary,no,413,yes,no,cellular,2,0,failure,0
32,blue-collar,single,secondary,no,304,yes,no,unknown,3,0,unknown,0
25,admin.,single,tertiary,no,1890,yes,yes,cellular,1,0,unknown,1
33,blue-collar,married,secondary,no,178,yes,no,cellular,3,0,unknown,0
34,entrepreneur,single,tertiary,no,0,yes,no,cellular,2,5,failure,0
40,admin.,divorced,secondary,no,1786,no,no,unknown,4,0,unknown,0
27,technician,divorced,secondary,no,356,yes,no,cellular,3,0,unknown,0
49,blue-collar,single,tertiary,no,489,yes,no,cellular,3,0,unknown,0
43,blue-collar,married,secondary,no,865,yes,no,cellular,1,0,unknown,0
30,services,married,tertiary,no,0,no,no,telephone,1,0,failure,0
60,unemployed,married,secondary,no,725,no,no,cellular,2,0,unknown,0
28,management,married,secondary,no,478,no,yes,telephone,4,0,unknown,0
33,unknown,married,primary,no,0,no,yes,unknown,2,0,unknown,0
35,technician,divorced,tertiary,no,2812,no,no,unknown,1,1,failure,0
43,technician,single,tertiary,no,4657,yes,no,telephone,2,0,failure,1
52,blue-collar,married,secondary,no,696,no,no,cellular,2,0,unknown,0
45,blue-collar,married,secondary,no,209,yes,no,telephone,1,0,unknown,0
39,technician,married,tertiary,no,0,yes,no,unknown,2,0,failure,0
45,technician,married,tertiary,no,133,no,no,unknown,2,0,failure,0
49,unknown,married,secondary,no,378,yes,no,unknown,1,0,unknown,0
32,management,married,primary,no,62,yes,yes,unknown,2,0,unknown,0
36,management,married,secondary,no,0,no,yes,cellular,4,0,unknown,1
54,management,single,secondary,no,362,no,no,cellular,1,0,unknown,0
37,services,married,tertiary,no,2818,yes,no,cellular,2,1,unknown,0
31,entrepreneur,single,secondary,no,1357,no,no,unknown,2,0,unknown,0
31,blue-collar,divorced,tertiary,no,38,yes,no,cellular,1,2,failure,0
48,blue-collar,married,tertiary,no,391,no,no,unknown,1,0,unknown,0
51,technician,married,primary,no,112,no,no,cellular,2,0,unknown,1
57,management,married,secondary,no,360,yes,no,cellular,3,0,unknown,0
53,technician,divorced,secondary,no,1029,yes,yes,cellular,1,0,failure,0
40,services,married,tertiary,no,6483,no,no,cellular,3,0,unknown,0
62,management,married,secondary,yes,3695,no,no,unknown,1,0,failure,0
54,technician,married,primary,no,413,yes,no,unknown,1,0,unknown,0
66,technician,married,tertiary,no,6301,no,no,cellular,2,0,unknown,1
40,admin.,married,secondary,no,550,yes,no,unknown,2,0,unknown,0
47,housemaid,married,primary,no,-316,yes,no,unknown,2,0,unknown,0
40,technician,married,secondary,no,596,yes,no,cellular,1,0,unknown,1
29,technician,married,tertiary,no,779,yes,no,telephone,3,0,unknown,1
55,housemaid,married,secondary,no,-851,no,no,cellular,2,1,unknown,1
48,self-employed,married,unknown,no,759,no,no,cellular,1,0,unknown,0
27,student,single,primary,no,-743,no,no,unknown,2,1,failure,0
58,retired,divorced,secondary,no,218,no,yes,unknown,3,0,unknown,0
48,services,married,tertiary,no,-62,no,yes,cellular,2,0,unknown,0
58,management,divorced,unknown,no,1033,yes,yes,unknown,4,0,unknown,0
35,management,single,tertiary,no,1042,yes,no,cellular,1,0,unknown,0
63,management,divorced,primary,no,182,yes,no,cellular,2,0,unknown,0
36,management,single,tertiary,no,98,no,no,unknown,6,0,unknown,0
49,technician,married,tertiary,no,6074,yes,no,cellular,2,0,failure,0
38,admin.,married,tertiary,no,331,yes,no,unknown,2,0,unknown,0
35,management,married,secondary,no,286,yes,yes,unknown,3,0,unknown,0
35,management,married,secondary,no,341,no,no,cellular,1,0,unknown,0
59,management,married,primary,no,5489,no,no,unknown,4,2,failure,0
53,unemployed,married,secondary,no,671,no,no,cellular,7,0,unknown,0
39,management,married,tertiary,no,444,no,no,cellular,8,0,unknown,0
49,blue-collar,married,secondary,no,449,no,no,cellular,1,0,unknown,0
38,services,married,secondary,no,975,yes,no,unknown,1,0,unknown,0
44,management,married,secondary,no,178,no,no,unknown,1,2,other,0
29,blue-collar,single,secondary,no,1291,yes,no,cellular,1,0,failure,0
34,housemaid,married,secondary,no,220,no,no,cellular,2,0,unknown,0
30,services,single,tertiary,no,0,yes,no,telephone,2,0,unknown,0
40,management,married,unknown,no,-27,no,yes,cellular,2,0,unknown,0
54,services,divorced,secondary,no,6906,yes,no,cellular,2,0,failure,0
47,admin.,single,secondary,no,0,yes,no,cellular,2,0,unknown,0
48,admin.,married,primary,no,2934,yes,no,unknown,2,0,unknown,0
31,entrepreneur,married,tertiary,no,1369,no,yes,cellular,3,0,failure,0
39,services,married,secondary,no,1180,yes,no,cellular,1,0,unknown,0
45,admin.,married,secondary,no,432,no,no,cellular,2,0,unknown,0
45,blue-collar,married,secondary,no,4,yes,no,unknown,5,0,unknown,0
55,technician,single,secondary,no,149,no,no,telephone,7,0,unknown,0
31,management,married,secondary,no,-555,yes,no,cellular,1,0,unknown,0
28,technician,single,secondary,no,2,yes,no,cellular,5,1,failure,0
34,services,married,secondary,no,3578,yes,no,cellular,1,0,unknown,0
34,unknown,single,tertiary,no,36,yes,yes,unknown,3,0,failure,1
31,technician,single,tertiary,no,340,yes,yes,telephone,1,0,unknown,0
35,blue-collar,single,tertiary,no,-1593,yes,no,cellular,1,0,unknown,0
32,blue-collar,single,secondary,no,2767,yes,no,unknown,1,0,unknown,0
29,retired,married,secondary,no,855,no,no,cellular,1,0,unknown,0
33,services,married,secondary,no,271,yes,no,cellular,5,0,unknown,1
38,technician,married,secondary,no,-18,no,no,cellular,4,0,unknown,1
38,management,married,tertiary,no,524,yes,yes,telephone,3,1,unknown,0
50,technician,married,secondary,no,1624,yes,no,unknown,1,0,unknown,0
43,blue-collar,single,secondary,no,8072,no,no,cellular,23,0,unknown,0
39,blue-collar,single,secondary,no,868,yes,no,cellular,2,1,unknown,0
32,blue-collar,single,tertiary,no,230,yes,no,unknown,2,1,failure,0
33,blue-collar,married,secondary,no,0,yes,no,unknown,1,0,other,0
45,self-employed,married,secondary,no,281,no,no,cellular,3,0,unknown,0
57,technician,divorced,secondary,no,640,no,no,telephone,3,0,unknown,0
34,technician,married,secondary,no,-1,yes,no,cellular,1,0,unknown,0
48,self-employed,divorced,unknown,no,322,no,no,telephone,2,0,unknown,0
42,housemaid,single,unknown,no,819,no,no,unknown,4,0,unknown,0
56,management,single,secondary,no,740,no,yes,unknown,1,0,unknown,0
46,blue-collar,single,tertiary,no,0,no,no,cellular,7,0,failure,0
51,services,married,primary,no,171,yes,no,cellular,3,0,unknown,0
52,management,married,secondary,no,7654,no,no,cellular,7,0,unknown,0
31,self-employed,married,primary,no,134,yes,no,cellular,2,0,unknown,0
32,housemaid,married,primary,no,0,yes,no,cellular,1,1,failure,0
38,management,married,primary,yes,-52,no,no,cellular,4,2,unknown,0
64,unemployed,married,primary,no,1048,yes,no,unknown,1,0,unknown,1
40,technician,married,tertiary,no,-198,yes,no,cellular,11,0,failure,0
56,management,married,secondary,no,478,yes,no,telephone,2,0,unknown,0
28,self-employed,married,secondary,no,370,yes,no,unknown,1,0,unknown,0
66,technician,married,secondary,no,645,yes,no,unknown,8,0,other,0
41,technician,single,secondary,no,4012,no,no,cellular,4,0,failure,0
32,admin.,married,secondary,yes,470,yes,no,unknown,1,0,unknown,0
31,services,divorced,secondary,no,176,no,no,telephone,1,0,unknown,0
44,management,single,primary,no,1895,yes,no,cellular,2,0,unknown,0
36,blue-collar,single,secondary,no,1173,no,no,cellular,2,0,failure,0
42,services,married,secondary,no,243,no,no,cellular,6,1,success,0
35,blue-collar,married,primary,no,12,yes,no,cellular,2,0,unknown,0
54,technician,married,tertiary,no,126,no,no,unknown,3,0,unknown,1
36,management,married,tertiary,no,2400,yes,no,cellular,1,0,unknown,0
40,technician,married,tertiary,no,4,no,yes,telephone,3,0,unknown,0
57,admin.,married,secondary,no,460,yes,no,cellular,2,5,failure,0
72,self-employed,married,tertiary,no,1190,yes,no,telephone,1,0,unknown,0
41,management,married,secondary,no,1,yes,yes,cellular,2,0,other,0
48,technician,married,secondary,no,3232,yes,yes,telephone,3,0,unknown,1
37,services,married,tertiary,no,83,yes,no,cellular,2,0,unknown,1
40,technician,single,secondary,no,4403,no,no,unknown,1,0,unknown,0
34,admin.,married,tertiary,no,10182,yes,no,telephone,4,0,unknown,0
32,admin.,married,tertiary,no,0,yes,no,cellular,1,0,unknown,0
58,blue-collar,married,secondary,no,4701,no,no,cellular,1,0,unknown,0
59,self-employed,married,tertiary,no,1519,no,no,cellular,1,2,other,0
26,retired,single,secondary,no,4,yes,no,unknown,4,0,unknown,0
30,blue-collar,married,primary,no,837,yes,no,cellular,2,0,unknown,0
34,admin.,married,primary,no,59,yes,no,unknown,2,1,failure,0
40,technician,married,secondary,no,76,no,no,cellular,1,0,unknown,0
30,technician,married,tertiary,no,1905,yes,no,cellular,1,0,failure,1
38,technician,single,secondary,no,391,no,no,cellular,6,0,unknown,0
31,technician,married,tertiary,no,1384,yes,yes,cellular,1,0,unknown,0
27,technician,single,tertiary,no,1464,yes,no,unknown,2,0,unknown,0
49,services,married,primary,no,71,yes,no,unknown,1,0,unknown,0
49,management,married,primary,no,865,no,yes,cellular,2,0,unknown,0
31,blue-collar,single,secondary,no,14,yes,yes,cellular,2,0,success,0
47,blue-collar,single,secondary,no,3640,no,no,telephone,1,1,other,0
35,management,married,primary,no,290,no,no,unknown,2,0,unknown,1
56,admin.,married,tertiary,no,586,yes,no,unknown,2,0,other,0
45,blue-collar,married,secondary,no,203,yes,yes,unknown,8,0,other,0
31,entrepreneur,married,secondary,no,47,yes,no,cellular,1,0,unknown,0
33,admin.,single,tertiary,no,16,yes,no,cellular,1,0,unknown,0
50,blue-collar,married,secondary,no,30,no,no,unknown,1,0,unknown,0
39,management,married,secondary,no,174,yes,no,cellular,6,0,unknown,0
34,management,married,primary,no,343,yes,yes,cellular,1,0,unknown,0
27,management,divorced,primary,no,4633,no,yes,cellular,2,0,unknown,0
28,technician,single,tertiary,no,8092,yes,no,cellular,1,0,unknown,0
31,technician,married,tertiary,no,2660,yes,no,cellular,2,0,unknown,0
56,retired,married,secondary,no,872,no,yes,unknown,1,0,unknown,0
32,management,single,tertiary,no,146,no,no,telephone,3,0,unknown,0
49,housemaid,single,secondary,no,3771,yes,no,cellular,1,0,unknown,0
56,blue-collar,married,secondary,no,1470,yes,yes,cellular,1,0,success,0
31,management,single,secondary,no,682,no,yes,cellular,2,0,unknown,0
59,unemployed,married,unknown,no,10,no,no,cellular,2,0,unknown,0
33,retired,single,tertiary,no,1794,yes,no,unknown,3,0,unknown,0
26,retired,single,secondary,no,1968,no,no,cellular,4,0,unknown,0
53,management,single,tertiary,no,0,no,yes,cellular,1,0,other,1
51,services,divorced,secondary,no,60,yes,no,unknown,2,0,unknown,0
55,blue-collar,single,secondary,no,2718,no,no,telephone,2,0,unknown,0
41,management,married,secondary,no,203,no,no,cellular,2,0,other,1
74,retired,divorced,primary,no,94,no,no,unknown,1,0,unknown,0
40,technician,married,secondary,no,2989,yes,no,unknown,2,0,unknown,0
42,student,married,tertiary,no,1269,no,no,cellular,4,1,failure,0
51,blue-collar,married,tertiary,no,870,yes,no,cellular,1,0,failure,0
57,management,married,secondary,no,317,yes,yes,cellular,4,0,unknown,0
36,services,single,secondary,no,157,no,no,cellular,1,0,other,1
31,services,single,secondary,no,2836,yes,no,cellular,2,0,failure,0
30,services,married,tertiary,no,172,no,yes,unknown,2,0,unknown,0
29,services,single,unknown,no,876,no,yes,cellular,2,0,unknown,0
38,self-employed,married,secondary,no,766,no,no,cellular,2,1,unknown,0
39,admin.,married,secondary,no,817,yes,no,cellular,1,1,failure,0
40,services,single,tertiary,no,0,yes,no,cellular,1,0,failure,0
42,blue-collar,married,secondary,no,13478,yes,no,unknown,1,3,unknown,0
44,blue-collar,married,secondary,no,4559,yes,yes,cellular,1,0,unknown,0
41,technician,married,unknown,no,400,yes,no,unknown,6,0,unknown,0
43,unemployed,married,tertiary,no,1390,no,no,cellular,1,0,unknown,0
34,entrepreneur,married,tertiary,no,-10,yes,no,cellular,3,0,unknown,0
37,blue-collar,married,tertiary,no,82,yes,no,unknown,4,0,unknown,0
57,retired,divorced,primary,no,3324,yes,no,cellular,2,1,failure,0
54,management,married,secondary,no,4541,yes,no,cellular,2,0,unknown,0
43,services,single,primary,no,1210,yes,no,cellular,2,0,unknown,0
50,management,married,secondary,no,75,yes,no,unknown,4,0,unknown,0
39,blue-collar,single,secondary,no,109,yes,no,unknown,8,0,unknown,1
46,management,divorced,tertiary,no,888,no,yes,cellular,1,0,unknown,0
30,unemployed,married,tertiary,no,2787,yes,no,cellular,2,0,unknown,0
64,technician,married,tertiary,no,11259,yes,no,cellular,1,3,unknown,0
52,blue-collar,married,tertiary,no,4203,no,no,cellular,2,0,unknown,0
23,blue-collar,single,tertiary,no,0,yes,yes,unknown,4,0,unknown,0
44,management,married,secondary,no,59,no,yes,cellular,1,0,unknown,0
28,technician,single,primary,no,10442,yes,no,cellular,1,2,unknown,0
33,services,married,tertiary,no,902,yes,no,cellular,3,2,failure,1
34,management,married,secondary,no,629,no,no,unknown,1,0,unknown,0
59,services,married,secondary,no,-625,yes,no,unknown,3,0,unknown,0
23,management,single,secondary,no,167,no,no,cellular,3,0,unknown,0
25,management,married,secondary,no,2412,yes,no,unknown,1,0,unknown,0
58,admin.,divorced,secondary,no,647,yes,no,cellular,7,0,unknown,0
36,services,married,tertiary,no,668,no,no,cellular,5,1,success,0
58,housemaid,married,unknown,no,225,no,no,cellular,3,0,unknown,0
28,technician,married,secondary,no,345,no,no,cellular,1,0,success,0
41,blue-collar,divorced,tertiary,no,-11,yes,no,cellular,2,0,unknown,0
40,student,married,secondary,no,105,yes,no,cellular,3,0,unknown,0
48,technician,married,secondary,no,204,no,no,unknown,4,0,unknown,0
56,retired,married,primary,no,994,yes,no,cellular,1,0,unknown,0
41,retired,married,tertiary,no,3940,no,no,unknown,1,0,unknown,0
39,management,single,secondary,no,19,yes,no,cellular,1,0,unknown,0
50,management,married,secondary,no,137,yes,no,cellular,6,0,unknown,0
58,technician,married,secondary,no,2098,yes,no,unknown,2,0,unknown,0
36,technician,married,tertiary,no,777,no,no,cellular,1,0,failure,0
57,admin.,married,primary,no,1699,no,no,cellular,1,0,unknown,1
35,management,single,tertiary,no,60,yes,no,unknown,4,0,unknown,0
28,services,single,secondary,no,66,yes,no,cellular,1,0,unknown,0
37,technician,married,secondary,no,2960,no,no,telephone,12,0,unknown,1
28,retired,married,tertiary,no,832,yes,no,telephone,3,0,other,0
36,management,married,secondary,no,2584,yes,no,cellular,3,1,unknown,0
30,management,single,secondary,no,486,yes,no,telephone,3,0,unknown,0
49,management,married,primary,no,672,yes,no,cellular,2,0,unknown,0
71,management,divorced,secondary,no,0,no,no,cellular,1,0,other,0
31,admin.,single,tertiary,no,13442,no,no,cellular,6,0,unknown,0
46,technician,single,secondary,no,202,no,no,cellular,2,0,unknown,0
37,management,single,secondary,no,1772,no,no,cellular,1,0,unknown,0
57,services,married,unknown,no,3672,yes,yes,unknown,2,0,unknown,0
51,technician,married,primary,no,290,no,no,cellular,1,0,unknown,0
33,management,married,tertiary,no,58,no,no,unknown,13,0,unknown,0
30,self-employed,married,secondary,no,3417,yes,no,unknown,4,0,unknown,0
54,admin.,divorced,secondary,no,1577,no,no,cellular,2,0,unknown,1
22,admin.,married,tertiary,no,-704,yes,yes,cellular,1,0,failure,0
47,services,single,tertiary,no,2643,yes,no,cellular,2,0,unknown,0
34,technician,married,unknown,no,781,no,no,cellular,3,0,unknown,0
40,management,married,tertiary,no,396,no,no,unknown,1,0,unknown,0
52,management,married,secondary,no,10671,yes,yes,cellular,4,0,unknown,1
33,services,married,secondary,no,185,yes,no,cellular,2,0,unknown,0
35,technician,married,unknown,no,35,no,no,cellular,1,3,failure,0
38,unknown,married,secondary,no,1464,yes,no,unknown,1,0,unknown,0
35,blue-collar,single,primary,no,267,yes,yes,cellular,1,0,unknown,0
30,retired,married,secondary,no,0,yes,no,cellular,3,0,unknown,1
54,admin.,married,secondary,no,96,yes,no,cellular,10,1,unknown,0
40,management,married,tertiary,no,342,yes,no,unknown,3,0,unknown,0
37,services,married,secondary,no,1808,no,no,unknown,3,0,unknown,0
38,technician,married,tertiary,no,1588,no,no,cellular,1,0,unknown,0
38,housemaid,married,tertiary,no,697,yes,no,telephone,2,0,unknown,0
45,self-employed,single,tertiary,no,1970,no,no,cellular,1,0,unknown,0
51,blue-collar,married,secondary,no,347,no,no,cellular,2,1,failure,0
59,blue-collar,divorced,primary,no,1905,yes,no,cellular,2,0,failure,0
46,blue-collar,divorced,secondary,no,26358,yes,no,unknown,1,0,unknown,1
41,technician,divorced,secondary,no,1897,no,no,cellular,3,0,unknown,0
52,self-employed,single,primary,no,2230,no,no,unknown,1,1,failure,1
56,admin.,divorced,secondary,no,-252,yes,no,cellular,2,0,unknown,0
63,unemployed,married,tertiary,no,2814,no,yes,cellular,1,0,failure,0
53,blue-collar,married,secondary,no,3458,no,no,cellular,2,0,unknown,0
49,self-employed,married,secondary,no,-585,no,no,cellular,2,2,unknown,0
28,technician,single,unknown,no,0,yes,no,unknown,1,0,unknown,0
41,management,married,secondary,no,9,no,no,cellular,5,0,unknown,0
34,technician,married,tertiary,no,293,no,no,unknown,1,0,unknown,0
26,blue-collar,married,secondary,no,1453,yes,no,cellular,2,0,unknown,0
27,management,married,secondary,no,-285,yes,yes,cellular,3,0,unknown,0
55,admin.,married,primary,no,440,yes,no,cellular,2,0,unknown,0
45,blue-collar,married,secondary,no,2188,yes,no,unknown,4,0,unknown,0
60,entrepreneur,married,tertiary,no,-151,no,no,cellular,2,0,unknown,0
34,blue-collar,married,tertiary,no,1594,yes,no,cellular,3,0,unknown,0
41,technician,married,primary,no,864,yes,yes,unknown,2,1,unknown,0
55,blue-collar,married,tertiary,no,35,no,no,unknown,3,0,unknown,0
51,student,single,tertiary,no,2476,yes,no,cellular,1,0,unknown,0
48,management,divorced,primary,no,-230,yes,no,cellular,4,0,unknown,0
33,management,married,primary,no,-133,yes,no,unknown,2,0,unknown,0
32,technician,married,tertiary,no,602,yes,no,cellular,1,0,failure,0
47,retired,married,secondary,no,5007,no,no,cellular,2,0,unknown,0
34,management,single,tertiary,no,3920,yes,no,unknown,1,0,failure,0
35,services,married,tertiary,no,1467,no,yes,cellular,1,0,failure,0
31,retired,married,secondary,no,1563,yes,yes,cellular,1,0,unknown,0
31,technician,married,tertiary,no,2892,no,no,cellular,4,0,unknown,0
36,management,single,tertiary,no,313,no,no,unknown,3,0,unknown,0
51,technician,married,primary,no,1106,yes,yes,cellular,2,0,unknown,0
35,technician,married,tertiary,no,2976,yes,no,cellular,2,0,unknown,0
29,technician,married,secondary,no,188,yes,no,cellular,1,0,unknown,0
59,entrepreneur,divorced,secondary,no,715,no,no,telephone,4,0,unknown,0
30,retired,single,tertiary,no,0,no,yes,cellular,3,0,unknown,0
44,entrepreneur,divorced,secondary,no,5154,yes,no,cellular,4,0,unknown,0
32,services,married,tertiary,no,0,yes,no,cellular,1,1,failure,0
52,management,married,tertiary,no,4575,no,no,cellular,1,0,unknown,0
29,management,married,unknown,no,2731,no,no,unknown,2,0,unknown,0
31,blue-collar,single,secondary,no,109,yes,no,unknown,1,0,other,0
47,technician,married,unknown,no,1410,no,no,cellular,1,0,failure,1
34,blue-collar,married,tertiary,no,161,no,no,cellular,4,0,unknown,0
37,services,married,secondary,no,148,no,yes,cellular,1,0,unknown,0
36,housemaid,married,secondary,no,-117,no,no,cellular,3,0,unknown,0
33,technician,single,secondary,no,335,no,no,unknown,1,0,unknown,0
35,services,single,primary,no,14,yes,yes,cellular,1,0,failure,0
43,services,married,secondary,no,3524,no,no,cellular,1,0,unknown,0
33,technician,married,secondary,no,220,yes,no,cellular,1,0,unknown,1
27,services,single,tertiary,no,239,yes,no,cellular,1,0,unknown,0
29,blue-collar,single,tertiary,no,940,yes,yes,unknown,4,0,unknown,0
51,technician,divorced,tertiary,no,-9,no,no,cellular,5,0,unknown,0
42,retired,single,secondary,no,521,yes,no,unknown,10,0,unknown,0
36,technician,married,tertiary,no,1880,no,no,unknown,1,0,unknown,0
32,management,single,secondary,no,539,yes,no,cellular,2,0,unknown,0
36,management,married,secondary,no,271,yes,no,cellular,3,0,unknown,1
35,blue-collar,married,secondary,no,0,yes,no,cellular,2,0,unknown,0
36,entrepreneur,single,tertiary,no,1381,no,no,cellular,1,0,unknown,0
24,self-employed,married,secondary,no,10775,yes,no,cellular,3,0,unknown,0
39,management,married,secondary,no,644,yes,no,cellular,2,1,unknown,0
47,entrepreneur,married,secondary,no,1270,no,no,cellular,3,0,unknown,0
35,blue-collar,married,secondary,no,0,no,yes,telephone,2,0,unknown,0
45,management,married,primary,no,363,yes,no,cellular,2,0,unknown,0
51,management,married,tertiary,no,0,yes,no,cellular,1,0,other,0
53,unemployed,married,tertiary,no,224,yes,no,unknown,1,0,unknown,1
46,technician,married,secondary,no,3064,yes,no,unknown,6,1,unknown,0
41,housemaid,single,primary,no,2251,yes,no,cellular,1,0,unknown,0
56,services,married,secondary,no,149,no,no,cellular,2,0,unknown,0
41,blue-collar,married,secondary,no,0,no,no,unknown,8,1,failure,0
33,admin.,married,secondary,no,1698,yes,no,cellular,1,0,unknown,0
54,admin.,single,secondary,no,3667,yes,no,cellular,2,2,failure,0
35,entrepreneur,married,tertiary,no,3552,no,yes,unknown,6,0,unknown,0
35,retired,single,tertiary,no,410,yes,no,cellular,1,1,unknown,0
55,self-employed,single,primary,no,266,yes,no,cellular,2,0,success,0
34,management,married,tertiary,no,415,no,no,cellular,2,0,success,0
35,admin.,single,secondary,no,0,no,no,cellular,2,1,unknown,0
45,blue-collar,divorced,secondary,no,2315,yes,no,cellular,2,0,failure,0
32,housemaid,married,secondary,no,2059,yes,no,cellular,2,1,unknown,0
34,technician,married,tertiary,no,3190,no,no,unknown,1,1,unknown,0
36,admin.,married,primary,no,32,yes,no,cellular,1,0,other,1
36,blue-collar,single,tertiary,no,2,yes,no,cellular,2,0,unknown,0
39,blue-collar,married,tertiary,no,712,yes,yes,cellular,6,0,unknown,0
39,technician,married,tertiary,no,960,no,yes,cellular,2,0,unknown,0
57,entrepreneur,single,primary,no,2627,yes,yes,unknown,2,0,failure,0
43,management,single,secondary,yes,260,yes,no,unknown,2,0,unknown,0
45,blue-collar,married,secondary,no,649,no,no,cellular,3,0,unknown,0
36,management,single,tertiary,no,230,no,yes,unknown,1,0,unknown,0
34,management,married,secondary,no,1601,yes,no,cellular,2,0,unknown,0
57,admin.,married,tertiary,no,322,yes,no,cellular,2,0,unknown,0
30,technician,single,unknown,no,99,yes,no,telephone,1,0,unknown,1
51,technician,married,tertiary,no,1093,no,no,cellular,1,0,unknown,0
39,admin.,single,primary,no,285,no,no,cellular,2,0,unknown,0
52,admin.,married,tertiary,no,724,no,no,unknown,4,0,unknown,0
47,blue-collar,married,secondary,no,-375,no,no,cellular,2,0,unknown,0
53,management,married,primary,no,146,yes,no,cellular,5,0,unknown,1
36,self-employed,married,secondary,no,1020,yes,no,cellular,2,0,unknown,0
50,blue-collar,married,tertiary,no,1160,no,no,cellular,1,0,unknown,1
38,management,single,secondary,no,167,no,no,unknown,1,0,unknown,0
47,blue-collar,married,tertiary,no,1334,no,no,cellular,4,0,unknown,0
44,management,single,secondary,no,137,no,no,cellular,2,0,unknown,1
53,blue-collar,married,secondary,no,1142,no,no,cellular,2,0,unknown,0
36,technician,single,tertiary,no,246,yes,no,cellular,6,1,unknown,0
55,self-employed,married,secondary,no,3,no,no,cellular,7,0,other,0
58,management,divorced,unknown,no,335,no,no,cellular,2,0,unknown,0
27,retired,married,secondary,no,0,yes,yes,cellular,2,0,unknown,0
26,blue-collar,single,secondary,no,251,yes,no,telephone,2,0,unknown,0
29,services,single,primary,no,620,no,no,cellular,2,0,unknown,0
43,technician,married,secondary,no,-248,no,no,cellular,3,0,unknown,0
44,admin.,married,primary,no,228,no,no,cellular,2,0,unknown,0
54,blue-collar,married,secondary,no,1041,yes,no,unknown,2,0,unknown,0
32,services,single,unknown,no,329,yes,no,cellular,3,0,unknown,0
47,self-employed,single,secondary,no,3099,yes,no,cellular,1,0,unknown,0
35,blue-collar,married,tertiary,no,5,no,no,unknown,4,0,unknown,0
49,blue-collar,single,secondary,no,205,yes,no,cellular,1,0,unknown,0
27,blue-collar,married,tertiary,no,-842,yes,yes,unknown,3,0,unknown,0
42,management,married,tertiary,no,200,no,no,cellular,1,0,unknown,0
29,technician,single,secondary,no,280,no,no,unknown,3,1,unknown,0
45,blue-collar,single,secondary,no,323,no,no,cellular,2,0,unknown,0
56,services,married,secondary,no,238,no,no,unknown,18,0,unknown,0
49,student,single,secondary,no,1,yes,yes,cellular,7,0,unknown,0
58,services,divorced,secondary,no,35,no,no,cellular,9,0,unknown,0
41,self-employed,married,tertiary,no,769,yes,yes,unknown,1,0,unknown,0
47,unknown,married,tertiary,no,427,no,no,cellular,4,0,unknown,0
44,blue-collar,divorced,secondary,no,246,no,no,cellular,1,0,unknown,0
33,entrepreneur,divorced,tertiary,no,2925,no,yes,cellular,1,0,unknown,0
30,blue-collar,divorced,tertiary,no,1100,no,no,cellular,2,0,failure,0
33,management,single,tertiary,no,6,yes,no,cellular,2,0,unknown,0
38,management,married,primary,no,0,yes,yes,cellular,5,0,unknown,0
36,services,single,secondary,no,264,no,no,unknown,2,0,unknown,1
59,technician,married,tertiary,no,1135,no,no,cellular,4,0,unknown,1
32,management,married,secondary,no,5448,no,no,cellular,2,0,unknown,0
34,admin.,single,tertiary,no,4090,no,no,cellular,3,0,unknown,0
33,retired,married,primary,no,1870,yes,no,unknown,11,0,unknown,0
33,management,married,tertiary,no,9235,no,no,cellular,1,0,unknown,0
35,management,married,secondary,no,-206,yes,no,unknown,2,1,other,0
39,blue-collar,married,primary,no,2063,yes,no,cellular,1,0,unknown,0
51,blue-collar,married,tertiary,no,1544,no,no,cellular,2,0,unknown,0
62,technician,single,tertiary,no,386,yes,no,cellular,2,0,success,1
43,services,single,tertiary,no,808,yes,no,cellular,2,0,unknown,0
34,admin.,married,primary,no,-23,yes,no,unknown,2,0,unknown,0
58,management,divorced,secondary,no,908,yes,no,cellular,4,0,unknown,0
27,retired,married,tertiary,no,1209,yes,no,cellular,8,0,unknown,0
45,technician,married,secondary,no,768,no,no,unknown,4,0,unknown,0
71,blue-collar,married,primary,no,454,yes,no,cellular,1,0,failure,0
47,blue-collar,married,secondary,no,5175,no,no,cellular,2,0,failure,0
58,services,divorced,tertiary,no,592,yes,no,unknown,2,0,unknown,0
33,management,single,secondary,no,1220,no,no,cellular,13,0,unknown,0
26,self-employed,divorced,tertiary,no,410,no,no,cellular,1,0,failure,0
43,services,single,tertiary,no,1382,no,no,cellular,2,0,other,0
36,unemployed,married,tertiary,no,1699,no,no,cellular,1,1,failure,0
51,blue-collar,married,primary,no,381,no,no,cellular,2,0,unknown,1
26,admin.,married,tertiary,no,170,no,yes,telephone,1,0,failure,0
40,retired,married,secondary,no,373,yes,no,cellular,1,0,unknown,0
43,unemployed,divorced,secondary,no,4539,yes,no,cellular,2,0,unknown,0
31,admin.,single,secondary,no,1173,no,no,cellular,3,2,success,0
35,management,divorced,tertiary,no,1117,yes,no,unknown,1,0,unknown,0
55,unemployed,divorced,secondary,no,1008,yes,no,cellular,3,0,unknown,0
44,technician,married,secondary,no,1064,no,no,cellular,4,0,unknown,0
42,services,single,secondary,no,112,yes,no,unknown,2,0,unknown,0
44,services,single,tertiary,no,5725,no,no,unknown,1,0,unknown,0
43,management,married,primary,no,44,yes,no,cellular,1,0,unknown,0
31,blue-collar,single,secondary,no,3417,no,no,cellular,4,0,unknown,1
41,services,married,secondary,no,567,yes,no,cellular,2,0,unknown,0
39,technician,married,tertiary,no,5800,no,no,cellular,4,0,unknown,0
40,unemployed,divorced,secondary,no,81,yes,no,cellular,1,0,failure,0
47,admin.,married,secondary,yes,1190,yes,yes,cellular,3,0,unknown,0
56,technician,married,secondary,no,356,yes,no,cellular,2,1,other,1
46,student,married,secondary,no,292,yes,no,unknown,2,0,success,0
54,management,divorced,unknown,no,22372,no,no,cellular,2,0,other,0
30,admin.,married,tertiary,no,4,yes,no,cellular,1,0,unknown,0
30,retired,single,secondary,no,86,yes,yes,telephone,1,0,unknown,0
48,retired,married,secondary,no,6901,yes,no,cellular,2,0,unknown,0
56,technician,married,secondary,no,79,yes,no,cellular,1,0,unknown,0
49,unemployed,divorced,tertiary,no,542,no,no,unknown,6,0,unknown,0
36,technician,married,tertiary,no,2,yes,no,cellular,5,0,unknown,0
46,technician,married,secondary,no,13775,no,no,cellular,1,0,unknown,0
54,technician,divorced,secondary,no,1412,yes,no,cellular,3,0,unknown,0
42,entrepreneur,married,tertiary,no,3072,no,no,cellular,1,0,unknown,0
26,admin.,single,secondary,no,-245,no,no,unknown,1,1,failure,0
56,entrepreneur,married,tertiary,no,171,yes,no,unknown,1,0,unknown,1
28,admin.,married,secondary,no,86,yes,yes,cellular,3,0,unknown,0
34,housemaid,married,unknown,no,1496,yes,no,unknown,1,0,unknown,0
27,blue-collar,single,tertiary,no,236,yes,yes,cellular,1,0,unknown,0
44,technician,single,tertiary,no,605,no,no,cellular,1,0,unknown,0
25,services,single,tertiary,no,964,yes,no,cellular,4,0,unknown,0
34,blue-collar,single,secondary,yes,1518,no,no,unknown,17,0,unknown,0
45,blue-collar,married,secondary,no,1143,yes,yes,cellular,2,0,unknown,1
32,retired,married,secondary,no,57,yes,no,cellular,1,0,unknown,1
36,blue-collar,married,secondary,no,362,no,yes,cellular,1,0,unknown,0
33,admin.,single,secondary,no,462,yes,no,unknown,3,0,success,0
33,management,single,tertiary,no,3163,yes,no,unknown,2,0,unknown,0
55,admin.,married,primary,no,310,no,no,unknown,1,1,failure,0
34,admin.,divorced,secondary,no,566,no,no,cellular,2,0,unknown,0
47,admin.,divorced,secondary,no,0,yes,no,cellular,1,1,failure,1
30,blue-collar,married,secondary,no,91,no,no,cellular,2,0,unknown,0
55,retired,married,secondary,no,757,no,no,cellular,1,2,failure,0
31,technician,married,secondary,no,384,yes,yes,cellular,2,0,failure,0
35,management,divorced,secondary,no,353,no,no,cellular,1,0,unknown,0
47,management,married,unknown,no,155,no,no,cellular,3,0,failure,0
35,services,divorced,secondary,no,757,yes,no,cellular,1,0,unknown,0
34,management,married,secondary,no,290,no,no,cellular,2,0,unknown,0
49,admin.,divorced,tertiary,no,574,yes,yes,telephone,1,0,unknown,0
32,student,married,secondary,no,134,no,no,cellular,3,0,unknown,0
34,management,single,secondary,no,1751,no,no,cellular,1,0,unknown,1
44,services,married,secondary,no,285,yes,no,cellular,2,0,unknown,0
47,entrepreneur,married,secondary,no,475,no,no,cellular,1,0,unknown,0
49,admin.,married,secondary,no,18358,no,no,cellular,2,0,unknown,0
48,services,married,tertiary,no,12,no,no,cellular,12,0,unknown,0
53,blue-collar,married,primary,no,5774,yes,yes,cellular,3,0,unknown,0
40,services,married,secondary,no,179,no,no,cellular,1,0,failure,1
31,blue-collar,single,tertiary,no,624,yes,no,cellular,4,0,unknown,0
31,blue-collar,married,tertiary,no,341,yes,no,unknown,2,0,unknown,0
66,management,divorced,secondary,no,463,no,yes,unknown,1,0,unknown,0
39,management,married,primary,no,-51,yes,no,telephone,2,0,unknown,0
46,retired,married,primary,no,41,yes,no,unknown,2,0,success,0
39,self-employed,single,secondary,no,3665,yes,no,cellular,1,0,unknown,0
33,technician,single,tertiary,no,-470,no,no,unknown,2,0,unknown,0
37,entrepreneur,married,secondary,no,60,yes,no,cellular,1,2,failure,0
39,technician,single,tertiary,no,1296,yes,yes,telephone,2,0,unknown,0
32,technician,married,unknown,no,735,no,no,cellular,4,4,failure,0
40,blue-collar,single,secondary,no,2087,no,no,cellular,4,0,unknown,0
38,retired,married,primary,no,2695,yes,no,cellular,5,1,unknown,0
32,technician,married,secondary,no,2606,yes,no,cellular,2,1,failure,0
34,blue-collar,divorced,secondary,no,133,yes,yes,unknown,3,0,unknown,0
43,management,married,secondary,no,3250,no,yes,unknown,3,0,unknown,0
44,technician,married,tertiary,no,4346,no,no,cellular,2,0,unknown,0
38,blue-collar,married,secondary,no,1155,no,yes,cellular,14,0,unknown,0
59,management,married,primary,no,58,no,no,unknown,6,0,unknown,0
30,entrepreneur,married,primary,no,5117,yes,no,unknown,3,0,unknown,0
24,management,single,secondary,no,1,yes,no,cellular,4,0,failure,1
40,blue-collar,single,secondary,no,-44,yes,no,cellular,2,0,unknown,0
46,self-employed,married,secondary,no,0,yes,no,cellular,1,0,unknown,0
51,management,married,primary,no,0,no,no,cellular,1,0,unknown,0
43,blue-collar,married,primary,no,1628,yes,no,unknown,2,0,unknown,0
39,management,married,secondary,no,622,yes,no,telephone,2,0,unknown,0
42,blue-collar,married,secondary,no,405,no,yes,cellular,1,0,unknown,0
32,retired,single,tertiary,no,5549,no,yes,cellular,1,0,unknown,0
47,technician,married,secondary,no,405,yes,yes,cellular,2,0,unknown,1
36,blue-collar,divorced,secondary,no,61,yes,no,telephone,2,1,failure,0
42,technician,married,secondary,no,203,yes,no,cellular,2,0,unknown,0
54,blue-collar,married,secondary,yes,998,no,no,unknown,2,0,unknown,0
37,technician,married,secondary,no,3730,no,no,unknown,2,0,unknown,0
33,admin.,married,primary,no,694,no,no,cellular,2,0,unknown,0
32,blue-collar,divorced,primary,no,67,yes,yes,telephone,4,0,unknown,0
31,management,divorced,tertiary,no,233,no,no,unknown,2,0,unknown,0
36,technician,single,secondary,no,-55,yes,no,cellular,1,0,failure,0
48,services,married,unknown,no,298,no,no,unknown,6,0,unknown,0
30,blue-collar,married,tertiary,no,4217,no,no,cellular,1,0,unknown,0
33,unemployed,single,secondary,no,-412,yes,no,unknown,4,0,unknown,0
39,technician,married,tertiary,no,-206,no,no,unknown,1,0,unknown,1
56,blue-collar,married,secondary,no,14421,no,yes,cellular,1,0,unknown,0
28,management,married,tertiary,no,0,no,no,cellular,5,0,unknown,0
55,entrepreneur,married,unknown,no,341,yes,no,cellular,1,0,unknown,0
31,technician,single,secondary,no,777,no,no,cellular,2,0,unknown,0
37,services,single,secondary,no,22315,yes,no,cellular,2,0,unknown,0
55,admin.,divorced,primary,no,422,yes,no,cellular,2,0,unknown,0
31,retired,single,tertiary,no,35,yes,no,cellular,1,0,unknown,0
49,technician,married,tertiary,no,117,yes,no,cellular,3,3,other,0
57,management,married,secondary,no,1906,no,no,cellular,1,0,unknown,0
40,management,married,secondary,no,2568,no,no,unknown,2,0,unknown,0
33,blue-collar,single,tertiary,no,111,yes,no,telephone,2,0,unknown,0
31,management,married,tertiary,no,1540,yes,no,cellular,6,0,unknown,0
35,management,married,primary,no,47,yes,no,cellular,3,0,failure,0
33,management,divorced,secondary,no,2846,yes,no,cellular,1,0,unknown,0
79,management,married,primary,no,310,no,no,cellular,1,0,unknown,0
36,technician,married,secondary,no,277,no,yes,cellular,2,0,unknown,0
53,blue-collar,married,secondary,no,306,no,no,unknown,1,0,unknown,0
27,blue-collar,married,secondary,no,1150,yes,no,cellular,5,0,unknown,0
32,unemployed,single,secondary,no,725,yes,no,cellular,2,2,failure,0
34,management,married,tertiary,no,462,yes,no,telephone,2,0,unknown,0
36,blue-collar,single,tertiary,no,7020,no,no,unknown,4,0,unknown,0
21,blue-collar,single,tertiary,no,490,yes,no,cellular,2,0,unknown,0
31,blue-collar,single,primary,no,4,yes,no,cellular,2,3,failure,0
43,technician,married,secondary,no,456,no,no,cellular,2,0,failure,0
34,services,married,primary,no,80,yes,no,cellular,1,0,unknown,0
49,management,married,tertiary,no,181,yes,yes,unknown,4,0,unknown,0
48,management,single,secondary,no,1490,no,no,cellular,1,0,unknown,1
30,management,married,tertiary,no,1327,no,no,unknown,15,0,unknown,1
48,management,married,secondary,no,13681,yes,no,cellular,1,0,unknown,0
26,blue-collar,married,primary,no,-556,yes,no,cellular,3,0,unknown,0
40,technician,single,secondary,no,558,no,no,telephone,2,0,failure,0
54,services,married,secondary,no,648,no,yes,cellular,1,0,unknown,0
59,technician,married,secondary,no,242,yes,yes,unknown,1,0,unknown,0
42,services,married,secondary,no,1584,yes,no,cellular,2,0,unknown,0
34,technician,married,primary,no,-80,yes,yes,unknown,2,0,unknown,0
26,technician,single,secondary,no,251,no,no,cellular,2,0,unknown,0
58,admin.,married,secondary,no,543,no,no,cellular,1,0,unknown,0
33,blue-collar,married,secondary,no,1311,no,no,unknown,1,0,unknown,0
38,blue-collar,married,tertiary,no,2,no,no,cellular,3,0,unknown,0
53,blue-collar,married,primary,no,-119,no,no,unknown,1,0,unknown,0
39,retired,married,secondary,no,30,yes,no,cellular,5,0,unknown,0
32,admin.,single,secondary,no,4089,yes,no,unknown,2,0,unknown,0
31,admin.,divorced,primary,no,0,no,yes,cellular,1,0,unknown,0
41,housemaid,married,tertiary,no,1100,no,no,unknown,2,0,unknown,1
52,management,single,tertiary,no,1325,yes,no,cellular,1,0,unknown,0
37,blue-collar,divorced,primary,no,334,no,no,unknown,1,0,unknown,0
35,services,married,tertiary,no,3649,yes,no,unknown,1,0,unknown,1
46,entrepreneur,married,secondary,no,3035,yes,no,cellular,3,0,unknown,0
42,management,married,tertiary,no,2143,no,no,cellular,3,0,failure,1
35,unknown,married,unknown,no,23,yes,no,unknown,2,0,unknown,0
44,management,married,tertiary,no,3233,no,no,cellular,3,0,unknown,0
46,services,single,secondary,no,0,yes,no,cellular,2,0,unknown,0
40,blue-collar,married,secondary,no,0,no,no,cellular,1,0,unknown,0
56,blue-collar,married,tertiary,no,-153,no,yes,cellular,4,0,unknown,0
39,technician,single,tertiary,no,415,yes,no,cellular,2,0,unknown,0
43,management,married,primary,no,0,yes,no,cellular,3,0,unknown,0
28,retired,single,tertiary,no,16,yes,no,unknown,1,0,unknown,0
28,blue-collar,single,secondary,no,131,yes,no,cellular,3,0,unknown,0
37,admin.,married,tertiary,no,150,yes,no,cellular,1,0,unknown,0
30,management,single,secondary,yes,204,yes,no,unknown,1,0,unknown,1
42,management,married,tertiary,no,1667,yes,no,cellular,2,0,unknown,0
30,services,single,tertiary,no,71,yes,no,cellular,1,0,unknown,1
31,self-employed,married,tertiary,no,212,no,no,cellular,5,0,unknown,0
32,unknown,single,secondary,no,158,no,yes,cellular,5,0,unknown,0
26,blue-collar,married,primary,no,35,no,yes,cellular,1,2,failure,0
43,technician,married,secondary,no,0,no,yes,cellular,1,0,unknown,0
51,management,divorced,tertiary,no,2509,no,no,cellular,2,0,success,0
35,blue-collar,married,tertiary,no,298,yes,no,cellular,2,0,other,1
57,admin.,married,primary,no,7113,yes,no,unknown,2,0,unknown,0
50,admin.,married,tertiary,no,2685,no,no,unknown,1,0,unknown,0
49,technician,married,tertiary,no,4169,yes,no,cellular,4,0,unknown,0
41,admin.,married,primary,no,50,no,no,unknown,1,0,unknown,0
45,technician,married,primary,no,19,yes,yes,unknown,1,0,unknown,0
27,blue-collar,single,secondary,no,150,yes,no,cellular,1,0,other,0
32,technician,divorced,secondary,no,189,yes,yes,unknown,6,0,unknown,0
30,admin.,married,secondary,no,106,yes,no,unknown,1,0,unknown,0
30,management,married,secondary,no,359,yes,no,cellular,2,0,unknown,1
30,blue-collar,married,unknown,no,47,yes,no,unknown,2,3,failure,0
42,services,married,secondary,no,-171,yes,no,cellular,1,0,other,0
45,management,single,tertiary,no,4817,no,yes,cellular,2,0,unknown,0
34,technician,single,unknown,no,1386,yes,no,cellular,2,0,unknown,0
40,admin.,married,secondary,no,1679,yes,no,cellular,1,0,unknown,0
48,self-employed,married,primary,no,4896,no,no,unknown,2,0,unknown,1
46,technician,divorced,primary,no,16,no,no,cellular,5,0,unknown,0
40,entrepreneur,married,primary,no,79,no,no,unknown,3,0,unknown,0
55,blue-collar,married,secondary,no,197,yes,no,unknown,1,0,unknown,0
43,entrepreneur,married,secondary,no,1673,yes,no,unknown,6,0,unknown,0
36,self-employed,single,secondary,no,429,yes,no,unknown,3,0,unknown,1
28,technician,single,primary,no,24318,no,no,cellular,2,0,unknown,0
32,technician,married,secondary,no,1607,yes,no,cellular,2,0,unknown,0
37,management,married,primary,no,1179,yes,no,cellular,3,0,unknown,0
41,services,married,tertiary,no,1070,yes,no,cellular,1,0,unknown,0
34,technician,single,tertiary,no,10994,no,no,cellular,2,0,unknown,0
26,management,married,secondary,no,836,yes,yes,cellular,11,0,unknown,0
36,technician,single,secondary,no,777,no,no,cellular,1,0,unknown,0
33,self-employed,married,secondary,no,274,yes,no,cellular,1,3,failure,0
31,technician,single,tertiary,no,1920,no,no,cellular,2,0,unknown,1
50,technician,single,primary,no,-1193,no,no,cellular,1,0,unknown,0
49,management,married,primary,no,253,yes,no,telephone,1,0,unknown,0
34,management,married,tertiary,no,1075,yes,no,unknown,1,0,unknown,1
43,management,married,secondary,no,201,yes,no,cellular,1,0,unknown,0
37,management,single,secondary,no,30,yes,no,cellular,2,0,unknown,0
35,entrepreneur,single,secondary,no,1412,yes,no,telephone,2,0,unknown,0
57,blue-collar,single,primary,no,99,yes,no,unknown,3,0,unknown,0
57,blue-collar,single,secondary,no,1267,no,yes,unknown,1,1,unknown,1
48,blue-collar,married,secondary,no,71,no,no,cellular,2,0,unknown,1
57,management,married,primary,no,102,yes,yes,telephone,1,0,unknown,0
36,unemployed,single,secondary,no,425,yes,no,cellular,3,0,unknown,0
38,admin.,married,secondary,no,0,yes,no,cellular,1,0,unknown,0
56,management,married,tertiary,no,1316,yes,no,cellular,2,0,unknown,0
39,blue-collar,married,secondary,no,1148,yes,no,cellular,2,0,unknown,0
33,blue-collar,married,primary,yes,-20,yes,no,unknown,10,0,unknown,0
52,blue-collar,divorced,secondary,no,766,no,no,cellular,3,0,unknown,0
45,admin.,married,tertiary,no,518,no,no,unknown,5,0,other,0
36,technician,married,secondary,no,874,yes,no,unknown,3,0,other,0
42,technician,single,tertiary,no,7755,no,no,cellular,1,0,unknown,0
48,technician,single,tertiary,no,3706,no,no,cellular,6,0,unknown,0
47,blue-collar,married,primary,no,1613,yes,no,unknown,2,0,unknown,0
33,blue-collar,married,secondary,no,292,yes,no,cellular,7,0,other,1
39,blue-collar,married,primary,no,313,yes,no,unknown,8,0,unknown,0
48,admin.,single,tertiary,no,37,yes,no,cellular,2,1,unknown,0
46,admin.,divorced,secondary,no,73,yes,no,cellular,3,0,unknown,0
34,technician,married,secondary,no,1556,yes,no,cellular,2,1,success,0
32,services,single,secondary,no,-385,yes,no,unknown,10,0,unknown,0
45,blue-collar,married,secondary,no,75,yes,no,cellular,4,0,failure,0
50,management,divorced,secondary,no,924,yes,no,unknown,1,0,unknown,0
56,blue-collar,married,secondary,no,1259,no,yes,cellular,1,0,unknown,0
45,technician,divorced,secondary,no,0,no,no,cellular,1,2,unknown,0
28,technician,married,tertiary,no,321,yes,no,cellular,3,0,failure,1
31,services,married,tertiary,no,0,no,no,cellular,2,0,unknown,0
45,management,married,tertiary,no,1411,yes,yes,unknown,1,0,unknown,0
40,technician,married,secondary,no,314,no,yes,unknown,3,0,unknown,1
35,management,single,secondary,no,0,yes,no,cellular,1,0,unknown,1
36,blue-collar,married,primary,no,3873,yes,no,cellular,2,0,unknown,0
34,management,married,primary,no,574,yes,no,unknown,2,0,unknown,0
33,blue-collar,married,tertiary,no,1020,yes,no,cellular,2,0,success,0
48,technician,married,tertiary,no,554,yes,no,cellular,2,0,unknown,0
38,blue-collar,divorced,tertiary,no,97,no,no,cellular,1,0,unknown,0
45,services,single,tertiary,yes,821,yes,no,cellular,1,1,failure,0
34,self-employed,single,primary,no,145,no,no,cellular,1,0,unknown,0
46,admin.,married,secondary,no,-97,no,yes,cellular,3,0,unknown,0
59,blue-collar,married,tertiary,no,4720,no,no,unknown,2,0,unknown,1
32,services,single,secondary,no,424,yes,no,cellular,3,1,unknown,1
52,management,married,primary,no,10,yes,no,cellular,1,0,unknown,1
40,technician,married,secondary,no,322,yes,no,unknown,4,0,other,0
49,blue-collar,single,secondary,no,1100,no,no,cellular,6,0,unknown,0
46,blue-collar,married,primary,no,-118,no,no,unknown,4,0,unknown,0
55,management,married,secondary,no,287,no,no,unknown,1,0,unknown,0
32,management,single,primary,no,23,yes,no,unknown,1,0,failure,0
44,blue-collar,single,tertiary,no,1372,no,yes,cellular,3,1,other,0
57,technician,married,secondary,no,697,yes,no,cellular,2,0,unknown,0
59,services,married,primary,no,1542,no,no,cellular,3,0,unknown,0
49,student,married,unknown,no,997,no,yes,cellular,3,0,unknown,0
55,blue-collar,divorced,secondary,no,340,no,no,cellular,1,0,unknown,0
45,services,married,secondary,no,3333,yes,no,cellular,2,0,unknown,0
61,blue-collar,married,primary,no,463,no,no,cellular,2,0,unknown,0
59,technician,divorced,secondary,no,1632,no,yes,unknown,1,0,unknown,0
35,admin.,single,primary,no,198,no,no,unknown,3,0,unknown,1
41,technician,single,secondary,no,484,no,no,telephone,1,0,unknown,0
45,admin.,married,secondary,no,1907,no,no,cellular,2,0,unknown,0
48,blue-collar,married,secondary,no,1427,no,no,cellular,1,0,failure,0
52,management,married,primary,no,42,no,no,unknown,4,0,unknown,1
33,services,married,secondary,no,-20,yes,no,cellular,1,0,unknown,0
36,management,single,primary,no,86,yes,no,unknown,6,0,unknown,0
23,technician,married,unknown,no,71,yes,no,cellular,2,0,unknown,0
36,services,married,tertiary,no,60,yes,no,cellular,3,0,unknown,0
39,blue-collar,married,primary,yes,420,yes,no,cellular,1,0,unknown,1
45,blue-collar,single,secondary,no,502,no,no,cellular,3,1,unknown,0
42,management,married,primary,no,0,yes,no,cellular,1,0,unknown,0
44,admin.,married,secondary,no,1164,yes,no,cellular,2,0,failure,0
22,blue-collar,single,secondary,no,232,yes,no,cellular,11,0,unknown,0
50,entrepreneur,married,primary,no,31,yes,no,unknown,20,0,unknown,0
35,management,single,tertiary,no,410,no,no,cellular,3,0,success,0
31,management,divorced,tertiary,no,-336,yes,no,cellular,3,0,unknown,0
60,management,divorced,primary,no,0,yes,no,unknown,1,0,failure,0
26,technician,single,tertiary,no,415,no,no,unknown,3,0,unknown,0
59,blue-collar,married,secondary,no,0,no,no,cellular,1,0,unknown,0
46,housemaid,single,secondary,no,7,yes,yes,unknown,1,0,unknown,1
41,blue-collar,single,tertiary,no,2026,no,yes,cellular,5,0,failure,0
53,retired,married,secondary,no,445,no,yes,cellular,3,0,unknown,0
40,technician,divorced,secondary,no,1406,yes,no,cellular,1,0,unknown,0
70,admin.,divorced,secondary,no,-132,yes,no,cellular,2,0,unknown,0
42,admin.,divorced,unknown,no,2405,no,no,cellular,2,0,unknown,0
39,self-employed,single,secondary,no,0,no,yes,telephone,1,0,unknown,0
46,self-employed,single,primary,no,5773,no,no,telephone,1,0,unknown,0
33,management,divorced,tertiary,no,315,no,no,cellular,1,0,other,0
31,entrepreneur,married,tertiary,no,817,yes,no,cellular,1,0,unknown,0
32,blue-collar,single,tertiary,no,3690,no,no,cellular,4,0,unknown,0
42,retired,single,secondary,no,1287,yes,yes,cellular,2,0,unknown,0
44,management,married,secondary,no,8,yes,no,cellular,1,0,unknown,1
29,entrepreneur,married,secondary,no,109,yes,no,cellular,3,0,unknown,0
52,retired,married,secondary,no,1787,yes,no,unknown,3,0,unknown,0
45,blue-collar,married,secondary,no,10899,yes,no,cellular,3,0,unknown,0
43,student,married,tertiary,no,89,yes,no,unknown,1,0,unknown,0
45,blue-collar,married,tertiary,no,130,yes,no,unknown,2,0,unknown,0
51,admin.,divorced,tertiary,no,3060,yes,no,cellular,6,0,failure,0
59,blue-collar,married,primary,no,1123,no,no,cellular,3,4,other,0
50,management,married,primary,no,321,yes,no,cellular,5,0,unknown,0
37,technician,married,secondary,no,101,yes,yes,cellular,1,0,unknown,0
39,services,married,tertiary,no,-676,yes,no,cellular,1,1,unknown,0
42,management,married,tertiary,no,1187,yes,no,unknown,3,0,unknown,0
79,technician,divorced,tertiary,no,245,yes,no,cellular,1,0,unknown,0
27,blue-collar,single,secondary,no,134,no,no,cellular,1,1,unknown,0
59,admin.,married,secondary,no,231,yes,no,telephone,2,0,unknown,0
28,management,married,secondary,no,936,no,no,cellular,1,0,failure,0
38,management,single,primary,no,0,yes,yes,cellular,2,0,unknown,0
27,retired,single,tertiary,no,259,no,no,cellular,2,0,unknown,0
63,management,divorced,secondary,no,3948,no,no,unknown,1,0,unknown,0
55,services,single,secondary,no,1,yes,no,cellular,2,0,unknown,0
31,retired,married,primary,no,876,yes,no,cellular,3,2,failure,0
43,management,married,tertiary,no,-910,yes,no,cellular,5,0,unknown,0
56,management,married,secondary,no,-250,yes,yes,cellular,6,0,unknown,0
43,management,divorced,primary,no,2095,no,no,cellular,1,0,unknown,1
37,technician,married,secondary,no,57,no,no,unknown,1,0,unknown,1
53,admin.,single,secondary,no,4839,no,no,unknown,2,0,unknown,1
41,technician,single,secondary,no,-961,yes,no,cellular,2,0,unknown,0
37,retired,single,primary,no,176,no,no,cellular,2,0,unknown,0
54,admin.,divorced,secondary,no,1342,yes,no,unknown,5,0,unknown,0
55,housemaid,divorced,secondary,no,558,yes,no,cellular,13,0,unknown,1
26,retired,married,tertiary,no,0,yes,no,unknown,4,0,unknown,0
41,services,married,tertiary,no,1772,yes,no,cellular,5,0,unknown,0
42,blue-collar,single,secondary,no,179,no,no,telephone,4,0,unknown,0
48,blue-collar,married,secondary,no,7462,no,no,cellular,2,0,unknown,0
39,blue-collar,divorced,secondary,no,691,yes,no,unknown,6,0,unknown,0
35,management,married,secondary,no,246,yes,no,unknown,2,0,unknown,0
60,admin.,married,secondary,no,729,no,no,cellular,1,0,unknown,0
43,unemployed,married,secondary,no,169,yes,yes,cellular,3,0,unknown,0
36,blue-collar,married,primary,no,-586,no,no,telephone,2,0,unknown,1
52,entrepreneur,married,secondary,no,318,no,yes,cellular,2,0,other,0
44,blue-collar,single,secondary,no,1740,no,no,unknown,3,0,unknown,0
58,services,divorced,secondary,no,10787,no,no,cellular,1,0,unknown,0
39,technician,married,tertiary,no,6916,no,no,cellular,2,0,unknown,0
25,retired,single,secondary,no,2142,yes,no,unknown,1,0,unknown,0
42,blue-collar,single,tertiary,no,518,no,no,cellular,7,0,unknown,0
28,admin.,married,primary,no,35,yes,no,cellular,1,0,unknown,0
33,management,single,secondary,no,1289,yes,yes,unknown,1,0,unknown,0
26,blue-collar,single,secondary,no,1847,yes,no,cellular,1,0,unknown,0
49,management,single,secondary,no,1666,no,no,unknown,1,0,unknown,0
43,management,married,secondary,no,8601,yes,yes,cellular,1,0,other,0
35,self-employed,single,tertiary,no,1328,no,yes,cellular,1,0,unknown,1
46,blue-collar,married,tertiary,no,-184,no,no,cellular,3,2,failure,0
53,blue-collar,divorced,tertiary,no,478,yes,no,unknown,1,0,unknown,0
49,technician,married,primary,no,4181,no,no,cellular,2,0,unknown,1
50,entrepreneur,married,secondary,no,352,no,no,cellular,1,0,unknown,0
37,unemployed,married,tertiary,no,254,yes,no,unknown,2,0,unknown,0
33,technician,single,primary,no,5083,yes,no,cellular,2,0,unknown,0
31,entrepreneur,divorced,tertiary,no,226,no,no,telephone,4,0,unknown,0
55,management,married,tertiary,no,0,yes,no,cellular,6,0,unknown,0
38,management,single,tertiary,no,2570,no,no,cellular,3,0,unknown,0
59,unemployed,married,tertiary,no,160,no,no,cellular,1,0,failure,0
39,technician,married,secondary,no,7512,no,no,telephone,1,0,unknown,1
78,self-employed,married,primary,no,2221,yes,no,telephone,2,1,failure,0
30,blue-collar,single,secondary,no,179,yes,no,cellular,2,0,unknown,0
45,admin.,single,secondary,no,2890,no,no,unknown,3,0,unknown,0
39,blue-collar,married,primary,no,1028,no,no,unknown,1,0,unknown,0
40,blue-collar,single,secondary,no,79,no,no,cellular,10,0,unknown,0
32,admin.,single,secondary,no,0,yes,no,cellular,3,0,unknown,0
46,management,married,secondary,no,1,no,no,unknown,1,0,unknown,0
30,self-employed,single,tertiary,no,3452,no,no,unknown,2,0,unknown,0
31,technician,single,secondary,no,420,no,no,cellular,11,0,unknown,0
27,entrepreneur,married,tertiary,no,122,yes,no,telephone,10,0,unknown,0
45,technician,single,secondary,no,697,no,yes,cellular,1,0,unknown,0
39,services,single,secondary,no,562,yes,no,cellular,1,0,unknown,0
27,technician,married,unknown,no,73,no,no,telephone,4,0,unknown,0
46,admin.,single,secondary,no,393,no,yes,cellular,3,0,unknown,0
48,services,married,primary,no,0,no,no,cellular,2,0,unknown,0
41,blue-collar,married,secondary,no,995,yes,no,cellular,1,0,failure,0
38,services,married,secondary,no,185,yes,no,cellular,2,0,unknown,0
28,blue-collar,single,secondary,no,13,yes,no,cellular,1,0,unknown,1
51,entrepreneur,married,secondary,no,1,yes,no,cellular,2,0,unknown,0
34,unemployed,single,tertiary,no,1281,yes,no,cellular,1,0,unknown,1
29,services,married,tertiary,no,375,yes,no,cellular,1,0,unknown,1
34,technician,married,secondary,no,556,no,yes,unknown,1,0,unknown,0
25,blue-collar,single,secondary,no,787,no,no,unknown,2,0,unknown,0
40,admin.,married,primary,no,1844,yes,no,cellular,2,0,unknown,0
32,blue-collar,married,secondary,no,1319,yes,no,cellular,6,0,unknown,0
31,services,married,secondary,no,768,yes,no,cellular,1,1,success,0
38,management,single,primary,no,543,yes,no,cellular,2,0,unknown,0
45,technician,single,primary,no,18083,yes,no,unknown,5,0,unknown,1
45,technician,married,secondary,no,55,no,no,cellular,2,0,failure,0
37,services,married,tertiary,no,3733,yes,no,unknown,4,0,unknown,1
57,technician,married,secondary,no,3582,no,no,cellular,2,1,other,0
32,admin.,married,secondary,no,-180,no,no,unknown,6,0,other,0
42,blue-collar,married,secondary,no,-831,no,no,cellular,2,0,unknown,0
52,retired,married,secondary,no,5972,no,no,cellular,3,0,failure,0
57,services,single,secondary,no,342,yes,yes,cellular,1,0,unknown,0
36,technician,married,secondary,no,1172,no,no,cellular,2,0,unknown,0
40,management,single,secondary,no,-219,no,no,cellular,3,0,unknown,1
50,management,married,secondary,no,776,yes,no,cellular,2,4,other,0
29,entrepreneur,married,tertiary,no,3452,yes,yes,telephone,1,0,unknown,0
36,self-employed,single,tertiary,no,1340,no,no,cellular,1,0,unknown,0
41,technician,married,tertiary,no,0,no,yes,cellular,2,3,failure,0
25,technician,married,unknown,no,399,yes,no,cellular,2,0,unknown,0
29,services,married,secondary,no,541,yes,no,cellular,2,0,unknown,0
44,services,married,tertiary,no,0,no,no,cellular,1,0,unknown,0
38,unknown,married,secondary,no,245,no,no,unknown,8,0,unknown,0
32,retired,married,secondary,no,1,no,no,telephone,1,0,unknown,1
41,management,married,tertiary,no,10,no,no,cellular,2,0,unknown,0
39,blue-collar,married,secondary,no,1544,yes,yes,cellular,6,3,other,0
41,unemployed,married,secondary,no,58,no,no,cellular,2,0,unknown,0
32,blue-collar,married,primary,no,58,no,yes,unknown,3,0,failure,1
33,blue-collar,single,tertiary,no,466,yes,no,unknown,5,0,unknown,0
56,technician,married,secondary,no,0,no,no,cellular,2,0,unknown,0
35,technician,married,tertiary,yes,3184,yes,yes,cellular,3,2,unknown,1
54,technician,married,tertiary,no,4,yes,yes,cellular,3,0,unknown,0
42,self-employed,divorced,secondary,no,25,no,yes,cellular,3,0,unknown,1
30,self-employed,married,secondary,no,62,yes,no,unknown,2,0,unknown,0
73,management,divorced,secondary,no,1529,yes,no,cellular,1,0,unknown,0
53,technician,single,tertiary,no,-26,yes,no,cellular,4,0,unknown,0
57,technician,divorced,tertiary,no,13648,no,no,unknown,5,0,unknown,0
32,services,married,secondary,no,109,yes,no,telephone,3,0,unknown,0
41,blue-collar,married,secondary,no,6,no,yes,unknown,4,0,unknown,0
31,entrepreneur,single,secondary,no,0,no,no,cellular,2,0,unknown,0
55,technician,single,primary,no,15,no,no,cellular,2,0,unknown,0
37,student,single,primary,no,32,no,no,unknown,4,0,unknown,0
37,blue-collar,married,tertiary,no,410,yes,no,unknown,1,0,other,0
47,blue-collar,married,secondary,no,789,no,yes,cellular,1,0,unknown,0
37,blue-collar,single,tertiary,no,630,yes,no,cellular,2,2,other,0
30,blue-collar,single,secondary,no,0,yes,no,unknown,3,0,unknown,0
46,technician,married,primary,no,3357,no,no,unknown,7,0,unknown,0
44,blue-collar,single,secondary,no,692,yes,no,cellular,1,0,unknown,0
34,admin.,divorced,secondary,no,-433,no,yes,unknown,2,0,unknown,0
34,technician,single,tertiary,no,595,yes,no,cellular,1,0,unknown,1
45,retired,divorced,tertiary,no,238,no,no,cellular,1,0,unknown,0
42,unemployed,married,tertiary,no,3071,yes,no,cellular,1,0,failure,0
38,management,married,secondary,no,310,no,no,cellular,2,0,unknown,0
54,admin.,married,primary,no,0,no,no,unknown,18,0,unknown,0
36,services,single,secondary,no,3,no,no,cellular,2,3,failure,0
34,retired,married,secondary,no,3139,no,no,unknown,1,0,unknown,0
25,student,married,primary,no,-334,yes,no,cellular,3,0,unknown,0
46,technician,married,secondary,no,0,no,no,cellular,2,2,failure,0
41,unemployed,married,primary,no,2688,yes,no,cellular,2,0,unknown,0
36,management,single,tertiary,no,4822,no,no,cellular,1,0,unknown,1
59,technician,married,secondary,no,2846,no,no,unknown,3,0,unknown,0
47,admin.,divorced,secondary,no,2397,yes,no,unknown,1,0,unknown,0
36,technician,married,secondary,no,1023,yes,no,unknown,1,0,unknown,0
33,unemployed,divorced,secondary,no,19,no,no,cellular,2,0,unknown,0
36,housemaid,married,secondary,no,7702,yes,no,unknown,5,0,unknown,0
43,technician,married,secondary,no,-418,no,no,unknown,1,0,unknown,0
35,management,single,secondary,no,15,yes,no,unknown,2,0,unknown,1
31,retired,married,secondary,no,172,yes,no,unknown,4,0,unknown,1
47,blue-collar,married,primary,no,1059,yes,no,cellular,2,0,unknown,0
54,technician,divorced,tertiary,no,1954,yes,no,cellular,1,0,failure,0
36,technician,single,tertiary,no,158,yes,no,cellular,1,0,unknown,0
28,blue-collar,single,secondary,no,214,yes,yes,unknown,1,0,unknown,0
36,unemployed,married,secondary,no,874,no,no,cellular,2,2,failure,0
33,management,single,secondary,no,228,yes,no,unknown,3,0,unknown,1
46,services,single,secondary,no,380,no,no,unknown,1,0,unknown,1
48,management,married,tertiary,no,808,no,no,cellular,1,0,unknown,1
38,admin.,married,primary,no,0,yes,no,unknown,2,0,unknown,0
35,management,married,secondary,no,-212,yes,no,cellular,4,0,success,0
34,management,divorced,secondary,no,362,yes,no,cellular,1,0,unknown,0
28,management,married,unknown,no,-713,no,no,cellular,1,0,unknown,0
40,blue-collar,married,tertiary,no,0,yes,yes,unknown,4,0,unknown,0
38,management,single,secondary,no,304,no,no,unknown,2,0,unknown,0
38,blue-collar,single,secondary,no,2574,yes,no,cellular,3,0,unknown,0
31,technician,married,secondary,no,634,yes,no,unknown,2,0,unknown,0
34,admin.,single,secondary,no,2542,no,yes,cellular,1,0,success,0
49,technician,married,secondary,no,6097,no,no,cellular,2,0,unknown,0
25,technician,married,tertiary,no,-841,yes,yes,cellular,1,0,unknown,0
38,blue-collar,married,unknown,no,4899,no,no,cellular,1,4,failure,0
33,blue-collar,married,tertiary,no,1101,no,no,cellular,2,0,unknown,0
31,blue-collar,married,secondary,no,785,yes,no,unknown,3,0,unknown,0
46,blue-collar,married,secondary,yes,6226,yes,no,cellular,3,0,failure,0
39,blue-collar,married,secondary,no,558,no,no,cellular,2,0,unknown,0
34,management,married,tertiary,no,0,no,no,unknown,3,0,unknown,0
39,management,married,secondary,no,301,yes,no,cellular,2,0,other,0
53,management,married,secondary,no,668,yes,no,cellular,2,3,failure,0
27,technician,married,secondary,no,0,yes,yes,cellular,1,0,unknown,0
56,blue-collar,married,secondary,no,1588,yes,no,unknown,6,0,unknown,0
35,blue-collar,married,primary,no,4664,yes,no,telephone,2,0,unknown,0
48,retired,married,secondary,no,331,no,no,cellular,2,0,unknown,0
32,services,married,primary,no,385,no,no,unknown,3,0,unknown,0
38,management,married,primary,no,0,no,no,cellular,3,0,success,0
57,admin.,married,primary,no,3724,yes,no,unknown,2,0,unknown,0
58,services,married,secondary,no,1009,no,no,cellular,2,1,failure,0
33,blue-collar,divorced,secondary,no,0,no,no,unknown,1,0,unknown,0
37,technician,married,primary,no,305,yes,yes,cellular,2,0,unknown,1
34,self-employed,married,secondary,no,273,yes,no,cellular,1,0,unknown,1
36,management,married,secondary,no,1533,no,no,cellular,3,0,unknown,0
47,blue-collar,married,tertiary,no,315,no,no,unknown,1,0,failure,0
55,unemployed,divorced,secondary,no,516,no,no,unknown,1,0,unknown,0
40,management,married,secondary,no,2541,yes,no,unknown,1,0,failure,0
54,retired,married,secondary,no,74,yes,no,cellular,3,0,unknown,0
42,admin.,single,tertiary,no,-37,yes,no,cellular,4,0,unknown,0
38,housemaid,married,secondary,no,142,no,no,cellular,2,0,unknown,0
43,admin.,married,secondary,no,126,yes,no,unknown,4,2,unknown,0
48,blue-collar,divorced,secondary,no,395,yes,no,cellular,4,0,unknown,0
35,services,married,tertiary,no,2418,no,no,cellular,3,0,unknown,0
35,management,married,secondary,no,0,no,no,cellular,1,0,unknown,0
46,management,married,primary,no,431,no,no,cellular,2,0,unknown,0
29,technician,single,primary,no,956,yes,yes,unknown,1,0,unknown,0
62,self-employed,divorced,primary,no,12570,yes,no,cellular,2,2,failure,1
34,entrepreneur,single,secondary,no,168,no,no,cellular,2,0,unknown,0
52,technician,married,tertiary,no,-837,yes,no,telephone,3,0,unknown,0
32,blue-collar,married,primary,no,343,yes,no,cellular,1,0,unknown,0
58,services,divorced,secondary,no,13234,yes,no,cellular,1,0,failure,0
36,management,single,secondary,no,1321,no,no,cellular,5,0,unknown,0
40,admin.,single,secondary,no,1139,no,no,cellular,2,0,unknown,1
36,management,married,tertiary,no,1067,no,no,cellular,1,2,failure,1
39,blue-collar,married,secondary,no,2926,yes,no,cellular,3,0,unknown,0
52,unemployed,divorced,tertiary,no,540,yes,no,cellular,2,0,other,1
38,management,single,secondary,no,163,yes,no,cellular,3,0,unknown,0
39,technician,married,secondary,no,595,yes,yes,cellular,2,0,unknown,0
47,services,single,tertiary,yes,1475,no,no,cellular,1,0,unknown,0
27,services,married,secondary,no,410,yes,no,cellular,1,0,unknown,0
55,blue-collar,married,tertiary,no,1649,no,no,cellular,8,0,unknown,1
47,technician,divorced,tertiary,no,425,yes,yes,cellular,1,0,other,0
32,blue-collar,married,secondary,no,201,no,no,cellular,2,2,failure,0
32,blue-collar,married,secondary,no,199,yes,no,unknown,1,0,failure,0
53,technician,married,secondary,no,1679,no,no,cellular,1,0,other,0
42,self-employed,married,secondary,no,453,no,yes,cellular,3,0,unknown,0
58,admin.,married,primary,no,413,no,no,cellular,2,0,unknown,1
30,blue-collar,single,secondary,no,132,yes,no,unknown,1,0,failure,0
48,services,married,primary,no,-108,yes,yes,cellular,1,0,unknown,0
47,blue-collar,single,primary,no,29,yes,no,unknown,1,0,success,0
53,management,single,secondary,no,80,yes,no,cellular,1,0,unknown,1
39,management,married,secondary,no,223,no,yes,unknown,2,0,unknown,0
51,technician,married,tertiary,no,4826,yes,no,telephone,2,0,unknown,0
55,blue-collar,divorced,secondary,no,301,no,no,unknown,5,0,unknown,1
30,admin.,single,tertiary,no,624,yes,yes,unknown,2,0,unknown,0
41,technician,married,unknown,no,371,no,no,cellular,2,0,unknown,0
36,retired,married,tertiary,no,2011,no,yes,cellular,2,0,failure,0
44,management,married,primary,no,96,no,yes,cellular,2,2,failure,0
29,blue-collar,married,secondary,no,-299,yes,yes,cellular,1,2,unknown,0
38,management,married,tertiary,no,1354,yes,no,cellular,6,0,unknown,0
32,retired,single,tertiary,no,385,yes,no,cellular,2,0,unknown,0
35,admin.,married,tertiary,no,1281,yes,no,unknown,1,0,unknown,0
40,blue-collar,married,unknown,no,2434,no,no,cellular,6,0,success,1
43,blue-collar,married,secondary,no,0,no,no,unknown,1,0,failure,0
36,management,married,secondary,no,795,yes,no,cellular,1,0,unknown,0
56,services,divorced,tertiary,no,2274,yes,no,unknown,1,0,unknown,0
26,retired,married,tertiary,no,1981,yes,no,unknown,1,0,unknown,0
36,self-employed,married,tertiary,no,0,no,no,cellular,2,0,unknown,0
45,blue-collar,married,secondary,no,4256,yes,yes,unknown,1,0,unknown,0
23,services,single,secondary,no,2537,yes,no,cellular,2,1,failure,0
41,management,married,secondary,no,0,yes,no,unknown,11,0,unknown,0
43,retired,married,secondary,no,306,yes,no,unknown,2,0,unknown,0
44,blue-collar,married,tertiary,no,0,yes,no,cellular,3,0,unknown,0
33,technician,divorced,tertiary,no,470,yes,no,cellular,3,0,failure,0
28,blue-collar,single,secondary,no,2,yes,no,cellular,4,0,unknown,0
34,self-employed,divorced,secondary,no,3232,no,no,unknown,6,0,unknown,0
34,management,married,secondary,no,386,yes,no,cellular,2,0,unknown,0
47,technician,single,primary,no,4938,yes,no,cellular,3,0,unknown,0
36,retired,single,secondary,no,2362,yes,no,cellular,1,0,unknown,0
31,technician,married,secondary,no,1213,yes,no,cellular,1,0,unknown,0
47,self-employed,married,secondary,no,1573,no,no,cellular,1,0,unknown,1
59,blue-collar,divorced,tertiary,no,-250,yes,no,unknown,2,0,unknown,0
57,services,divorced,secondary,no,470,yes,no,cellular,1,0,unknown,0
34,technician,single,secondary,no,691,no,no,cellular,2,0,unknown,1
50,blue-collar,married,secondary,no,118,no,yes,cellular,1,2,unknown,0
37,services,married,secondary,no,215,no,no,cellular,1,0,other,0
27,unknown,single,tertiary,no,-31,yes,no,unknown,3,3,failure,0
40,management,married,primary,no,609,yes,no,cellular,2,0,unknown,0
41,blue-collar,divorced,tertiary,no,3,no,no,cellular,11,0,success,0
32,admin.,married,secondary,no,145,yes,no,cellular,6,0,unknown,0
39,management,married,secondary,no,592,no,no,unknown,3,0,unknown,0
27,blue-collar,single,primary,no,7079,yes,no,unknown,2,0,unknown,0
50,retired,married,secondary,no,288,yes,no,cellular,8,0,unknown,0
32,retired,single,secondary,no,580,yes,no,cellular,4,1,unknown,0
33,management,married,tertiary,no,759,yes,no,unknown,6,1,unknown,1
45,retired,married,secondary,no,2,no,no,cellular,7,0,unknown,0
37,blue-collar,married,tertiary,no,96,no,no,unknown,3,0,unknown,0
31,student,single,tertiary,no,359,yes,no,cellular,1,0,failure,0
48,services,married,secondary,no,232,yes,no,cellular,1,0,unknown,0
35,management,married,tertiary,no,119,yes,yes,cellular,1,0,unknown,0
48,management,married,primary,no,1429,yes,no,unknown,2,0,unknown,0
39,blue-collar,divorced,tertiary,no,-1165,no,no,cellular,1,0,unknown,0
31,unknown,married,secondary,no,0,yes,no,cellular,2,0,unknown,0
56,services,divorced,secondary,no,1224,yes,yes,unknown,2,0,unknown,0
37,technician,single,tertiary,no,4089,no,no,cellular,2,0,unknown,0
43,technician,divorced,tertiary,no,2187,no,no,cellular,2,0,unknown,0
31,blue-collar,married,secondary,no,3442,yes,no,unknown,2,0,unknown,0
42,services,single,secondary,no,112,yes,no,cellular,1,0,unknown,0
45,blue-collar,divorced,primary,no,425,yes,no,cellular,2,0,unknown,0
49,blue-collar,married,secondary,no,556,no,no,cellular,4,0,unknown,0
36,management,divorced,primary,no,5107,no,no,cellular,1,0,unknown,0
28,management,married,tertiary,no,-51,yes,no,cellular,2,0,unknown,0
36,admin.,single,tertiary,no,106,no,no,cellular,1,0,unknown,0
48,management,married,secondary,no,0,no,yes,cellular,3,0,unknown,0
45,management,single,tertiary,no,602,no,no,cellular,2,0,unknown,0
33,services,single,primary,no,396,no,no,telephone,7,0,unknown,0
33,blue-collar,married,secondary,no,2,yes,no,unknown,8,0,unknown,0
30,blue-collar,single,secondary,no,1243,no,no,cellular,1,1,failure,0
48,management,married,primary,no,221,yes,no,cellular,4,0,unknown,1
47,blue-collar,married,primary,no,1149,no,no,cellular,2,0,other,0
54,unemployed,married,secondary,no,0,no,yes,cellular,1,0,unknown,0
57,technician,married,tertiary,no,199,no,no,cellular,9,0,unknown,0
52,management,married,secondary,no,2488,yes,no,cellular,3,0,unknown,0
35,blue-collar,married,primary,no,60,yes,no,cellular,4,0,unknown,0
34,admin.,divorced,secondary,no,8554,yes,no,cellular,7,0,unknown,1
50,management,married,tertiary,no,400,no,no,cellular,1,0,unknown,0
76,technician,single,secondary,no,607,no,no,unknown,1,4,failure,0
63,management,divorced,secondary,no,39,yes,no,unknown,5,0,unknown,0
57,management,married,primary,no,6417,no,no,cellular,2,0,unknown,0
30,retired,single,secondary,no,224,no,no,cellular,1,0,unknown,0
47,management,married,tertiary,no,26,yes,no,cellular,1,0,unknown,0
45,services,single,secondary,no,4900,yes,no,telephone,9,0,unknown,0
49,blue-collar,married,tertiary,no,1864,no,no,cellular,1,0,unknown,0
42,blue-collar,married,tertiary,no,0,yes,no,cellular,2,0,failure,0
35,student,married,primary,no,74,no,yes,unknown,4,0,unknown,1
28,management,married,primary,no,621,yes,no,unknown,2,0,failure,0
42,services,married,secondary,no,13,no,yes,unknown,1,0,unknown,0
45,admin.,married,secondary,no,304,yes,no,cellular,4,1,unknown,0
45,blue-collar,married,primary,no,667,no,no,cellular,1,0,unknown,0
55,blue-collar,divorced,secondary,no,759,no,no,unknown,3,0,unknown,0
35,blue-collar,married,secondary,no,1973,no,no,cellular,5,0,unknown,1
28,management,married,secondary,no,-1152,yes,no,unknown,6,0,unknown,0
27,blue-collar,married,unknown,no,20,no,no,cellular,6,1,other,0
48,entrepreneur,married,secondary,no,0,yes,no,cellular,2,0,failure,0
41,blue-collar,divorced,tertiary,no,3357,yes,no,unknown,2,0,unknown,0
48,technician,married,tertiary,no,4945,yes,no,unknown,2,0,unknown,0
59,services,divorced,tertiary,no,3285,yes,no,cellular,2,0,unknown,0
27,retired,single,secondary,no,26,yes,no,unknown,2,0,unknown,0
33,services,single,secondary,no,764,yes,no,cellular,1,0,failure,1
28,admin.,single,secondary,no,16,yes,no,unknown,2,0,unknown,0
54,management,divorced,secondary,no,827,yes,no,unknown,2,0,success,0
39,technician,single,tertiary,no,5183,no,no,unknown,1,0,unknown,0
50,blue-collar,married,tertiary,no,0,yes,no,cellular,1,0,failure,0
45,technician,single,tertiary,no,-90,no,no,cellular,1,0,unknown,0
28,admin.,single,secondary,no,79,yes,no,cellular,1,0,unknown,0
60,housemaid,single,tertiary,no,177,no,no,unknown,8,0,unknown,0
27,blue-collar,married,secondary,no,56,yes,no,cellular,3,0,failure,1
30,admin.,divorced,secondary,no,1287,yes,no,cellular,3,1,failure,0
45,management,married,secondary,no,-191,no,no,cellular,1,0,unknown,0
51,technician,married,secondary,no,0,no,no,telephone,1,0,unknown,0
53,management,divorced,tertiary,no,7922,no,no,unknown,27,0,unknown,1
45,technician,divorced,secondary,no,999,yes,no,cellular,2,0,unknown,1
27,retired,married,tertiary,no,7107,yes,no,cellular,1,0,unknown,0
38,technician,married,primary,no,76,no,no,unknown,3,0,unknown,1
36,management,married,primary,no,1433,yes,no,unknown,1,0,other,0
34,blue-collar,married,unknown,no,0,yes,no,cellular,3,0,unknown,0
28,management,single,tertiary,no,4107,no,no,cellular,2,0,unknown,0
42,services,single,secondary,no,45,yes,no,cellular,2,0,unknown,0
31,technician,single,tertiary,no,366,yes,no,cellular,1,0,unknown,0
42,blue-collar,married,primary,no,0,no,yes,cellular,2,0,unknown,0
43,blue-collar,married,unknown,no,97,yes,no,cellular,3,0,unknown,0
47,services,married,secondary,no,224,no,no,cellular,1,0,unknown,0
51,blue-collar,married,tertiary,no,310,yes,no,cellular,1,0,success,0
26,management,married,secondary,no,12537,no,no,cellular,4,0,unknown,0
39,technician,married,secondary,no,462,yes,no,cellular,2,0,unknown,0
49,blue-collar,divorced,tertiary,no,41,yes,no,cellular,2,0,unknown,0
38,blue-collar,married,primary,no,7496,yes,yes,cellular,24,0,unknown,0
53,admin.,married,primary,no,640,no,no,unknown,2,0,unknown,0
30,technician,single,secondary,no,589,yes,no,unknown,2,0,unknown,0
37,blue-collar,single,primary,no,0,yes,no,cellular,4,0,unknown,0
55,management,married,secondary,no,367,yes,no,cellular,1,0,unknown,0
53,management,divorced,tertiary,no,0,yes,no,unknown,1,0,unknown,0
36,entrepreneur,single,secondary,no,5542,yes,no,cellular,2,2,success,1
28,services,married,tertiary,no,1433,yes,yes,cellular,1,0,unknown,0
53,services,divorced,primary,no,7053,yes,yes,cellular,2,0,unknown,0
48,blue-collar,married,secondary,no,4,yes,no,unknown,1,0,unknown,1
43,blue-collar,single,secondary,no,22337,yes,yes,cellular,2,0,unknown,1
35,management,married,secondary,no,1160,yes,no,cellular,5,0,unknown,0
55,management,married,secondary,no,2373,yes,no,unknown,2,0,unknown,0
31,technician,married,secondary,no,0,yes,no,cellular,2,0,unknown,1
44,admin.,married,secondary,no,161,yes,no,cellular,1,0,unknown,0
33,admin.,single,secondary,no,75,no,no,unknown,1,0,success,0
27,technician,married,tertiary,no,221,no,yes,telephone,3,0,failure,0
46,technician,married,tertiary,yes,3275,no,no,cellular,6,0,unknown,0
51,technician,married,tertiary,no,3232,yes,no,cellular,7,0,unknown,0
51,management,divorced,primary,no,-649,yes,yes,cellular,2,0,unknown,0
34,management,married,tertiary,no,747,yes,no,unknown,2,2,unknown,0
27,management,married,unknown,no,35,yes,no,unknown,6,0,unknown,0
37,technician,single,secondary,no,5432,yes,no,cellular,4,0,unknown,0
45,technician,married,secondary,no,4181,no,no,cellular,1,3,success,1
48,technician,married,tertiary,no,0,yes,yes,cellular,3,2,other,0
28,blue-collar,married,secondary,no,425,yes,no,cellular,1,0,failure,1
33,technician,single,tertiary,no,355,yes,no,cellular,1,0,unknown,0
38,self-employed,married,primary,no,4433,no,no,unknown,4,0,unknown,0
44,unemployed,married,tertiary,no,2070,yes,no,cellular,4,1,failure,0
44,unemployed,single,tertiary,no,3453,no,no,telephone,1,0,unknown,0
39,blue-collar,divorced,tertiary,no,479,no,no,cellular,4,0,unknown,0
36,blue-collar,married,secondary,no,1702,no,no,cellular,4,0,unknown,0
54,management,married,unknown,no,6545,yes,no,unknown,2,0,unknown,0
57,technician,divorced,secondary,no,105,no,no,unknown,2,0,unknown,0
52,blue-collar,divorced,secondary,no,3172,yes,no,unknown,2,0,unknown,0
28,unemployed,married,tertiary,no,167,no,no,unknown,1,0,unknown,0
28,services,married,primary,no,-217,no,no,cellular,1,0,unknown,0
30,retired,married,tertiary,no,2301,yes,no,cellular,2,1,failure,0
32,blue-collar,married,secondary,yes,189,yes,no,cellular,5,0,unknown,0
30,management,married,secondary,no,7264,yes,no,unknown,2,4,success,0
32,technician,single,unknown,no,203,yes,no,cellular,1,0,unknown,0
38,admin.,single,secondary,no,820,yes,no,cellular,1,0,unknown,0
35,technician,single,tertiary,no,192,yes,no,unknown,2,0,success,0
35,admin.,married,secondary,no,188,yes,no,cellular,2,0,unknown,0
35,housemaid,married,secondary,no,5419,no,no,cellular,2,0,other,0
53,management,divorced,secondary,no,-280,yes,yes,unknown,7,0,unknown,1
47,retired,married,secondary,no,1091,no,no,cellular,2,0,failure,0
33,technician,single,tertiary,no,6887,yes,no,cellular,2,0,unknown,0
34,technician,married,secondary,no,406,yes,no,unknown,2,0,unknown,0
45,technician,single,tertiary,no,417,yes,yes,cellular,3,0,failure,0
35,management,divorced,secondary,no,1948,yes,no,cellular,1,0,unknown,0
45,unemployed,married,unknown,no,169,yes,yes,cellular,4,0,unknown,0
36,entrepreneur,single,tertiary,no,416,yes,no,unknown,1,0,unknown,0
35,retired,single,secondary,no,195,yes,no,cellular,3,0,unknown,0
49,services,married,primary,no,126,yes,no,cellular,2,0,success,0
43,retired,single,tertiary,no,980,no,no,cellular,1,0,unknown,0
36,admin.,single,secondary,no,210,yes,no,cellular,1,0,unknown,0
36,services,divorced,unknown,no,201,yes,no,unknown,2,0,unknown,0
44,management,married,primary,no,1048,yes,no,cellular,2,0,unknown,0
43,management,married,secondary,no,0,yes,yes,cellular,2,0,unknown,1
36,management,married,secondary,no,637,yes,no,unknown,1,0,unknown,0
38,blue-collar,divorced,primary,no,724,yes,no,cellular,1,0,unknown,0
32,management,divorced,unknown,no,13,no,yes,cellular,4,0,success,0
30,student,single,secondary,no,847,yes,no,unknown,1,0,unknown,0
35,technician,married,unknown,no,2196,yes,no,cellular,7,0,unknown,0
24,unemployed,married,secondary,no,188,no,no,cellular,4,0,unknown,0
43,entrepreneur,married,tertiary,no,15,no,no,unknown,3,0,unknown,0
31,housemaid,married,secondary,no,1167,yes,no,cellular,1,1,unknown,1
40,admin.,single,secondary,no,951,no,no,unknown,3,0,unknown,0
32,self-employed,married,tertiary,no,901,yes,no,cellular,1,0,unknown,0
58,technician,married,secondary,no,-18,no,no,cellular,11,0,unknown,0
38,self-employed,married,secondary,no,242,yes,no,cellular,2,0,unknown,0
33,housemaid,married,tertiary,no,55,no,no,cellular,5,0,success,0
34,services,married,secondary,no,0,yes,no,unknown,3,0,unknown,0
33,blue-collar,married,secondary,no,194,yes,yes,cellular,1,0,unknown,0
31,admin.,married,secondary,no,440,no,no,cellular,2,0,unknown,0
48,unemployed,married,secondary,no,13113,yes,no,cellular,1,0,unknown,0
42,management,married,secondary,no,-9,no,no,unknown,5,0,unknown,0
33,services,married,secondary,no,907,no,no,unknown,6,0,unknown,0
36,technician,married,tertiary,no,1847,yes,no,unknown,1,0,unknown,0
31,management,single,secondary,no,1008,no,no,cellular,14,0,failure,0
77,self-employed,married,secondary,no,641,yes,yes,cellular,1,0,unknown,1
32,technician,single,primary,no,214,no,no,cellular,2,0,unknown,0
50,entrepreneur,single,tertiary,no,94,no,no,cellular,4,0,other,1
38,blue-collar,married,tertiary,no,6164,yes,no,telephone,2,0,unknown,0
35,housemaid,single,secondary,no,473,no,no,unknown,1,0,unknown,0
27,technician,married,secondary,no,1567,no,no,unknown,4,0,unknown,0
29,management,single,unknown,no,1010,yes,no,cellular,1,0,unknown,0
30,management,single,tertiary,no,876,no,no,unknown,1,0,unknown,1
27,unknown,married,tertiary,no,751,no,no,cellular,6,0,unknown,0
29,student,single,secondary,no,1573,yes,no,unknown,3,0,unknown,0
59,management,single,tertiary,no,660,no,no,cellular,3,0,unknown,1
37,services,married,secondary,no,925,no,no,cellular,11,0,unknown,0
29,services,married,secondary,no,795,no,yes,unknown,2,0,unknown,0
32,admin.,married,secondary,no,41,yes,no,cellular,4,0,failure,0
38,blue-collar,married,tertiary,no,1454,yes,no,cellular,1,0,unknown,1
45,admin.,married,primary,no,46,no,no,unknown,3,0,unknown,0
39,management,divorced,tertiary,no,0,yes,yes,unknown,1,0,unknown,0
42,blue-collar,divorced,primary,no,0,yes,yes,unknown,6,0,unknown,0
33,blue-collar,married,unknown,no,-381,yes,no,unknown,11,0,unknown,0
37,management,divorced,tertiary,no,111,no,no,cellular,5,0,unknown,0
42,self-employed,married,tertiary,no,79,no,no,cellular,1,0,failure,0
28,unknown,single,unknown,no,868,yes,no,cellular,4,0,unknown,0
47,entrepreneur,single,secondary,no,954,yes,no,unknown,3,0,unknown,0
35,technician,married,secondary,no,279,no,no,cellular,4,0,unknown,0
31,technician,single,tertiary,no,-667,yes,yes,cellular,2,0,failure,1
34,unemployed,married,secondary,no,453,yes,no,cellular,1,1,failure,1
30,management,single,secondary,no,1936,yes,no,unknown,2,0,unknown,0
48,technician,married,primary,no,212,yes,no,unknown,3,0,unknown,1
56,blue-collar,married,secondary,no,5646,no,no,unknown,7,0,unknown,1
33,services,married,tertiary,no,-329,no,no,cellular,9,0,unknown,0
34,management,married,tertiary,no,4653,yes,no,cellular,2,0,unknown,0
36,technician,married,secondary,no,362,no,no,cellular,2,0,unknown,0
30,self-employed,divorced,secondary,no,72,yes,no,unknown,1,0,unknown,0
38,blue-collar,divorced,secondary,no,126,yes,no,telephone,2,1,failure,0
38,technician,married,primary,no,2108,no,no,unknown,1,1,failure,0
57,housemaid,married,tertiary,no,2386,no,no,cellular,1,0,unknown,0
57,technician,married,tertiary,no,593,yes,no,cellular,3,0,unknown,0
32,entrepreneur,married,tertiary,no,3931,no,no,cellular,2,0,success,0
36,blue-collar,married,primary,no,891,yes,yes,telephone,1,0,unknown,1
43,technician,married,secondary,no,759,yes,yes,cellular,2,0,unknown,0
32,management,married,secondary,no,83,yes,no,cellular,1,0,unknown,0
33,admin.,divorced,secondary,no,169,yes,no,cellular,3,0,unknown,0
27,blue-collar,married,secondary,no,533,yes,no,unknown,2,0,unknown,0
32,blue-collar,married,secondary,no,183,yes,no,cellular,2,0,unknown,0
24,blue-collar,married,secondary,no,454,yes,no,cellular,1,3,failure,0
34,admin.,married,secondary,no,1066,no,no,cellular,3,0,unknown,1
30,technician,single,secondary,no,0,yes,no,cellular,1,1,failure,0
32,management,married,secondary,no,11151,no,no,cellular,2,0,failure,1
46,blue-collar,married,primary,no,490,yes,no,unknown,1,0,unknown,1
42,admin.,single,secondary,no,49,yes,no,unknown,2,0,unknown,0
55,technician,married,tertiary,no,7792,no,no,unknown,12,0,unknown,0
55,admin.,divorced,tertiary,no,0,yes,no,cellular,3,0,failure,0
31,management,married,tertiary,no,860,yes,no,cellular,3,0,unknown,0
43,management,married,tertiary,no,10786,yes,no,telephone,2,0,unknown,1
37,entrepreneur,single,tertiary,no,474,yes,yes,telephone,1,0,unknown,0
55,entrepreneur,married,secondary,no,1147,no,no,cellular,1,0,unknown,0
69,housemaid,married,secondary,no,-190,yes,no,unknown,2,0,unknown,0
31,technician,divorced,unknown,no,255,no,no,unknown,1,0,failure,0
44,technician,married,tertiary,no,5294,no,no,cellular,2,3,failure,0
51,management,married,secondary,no,22316,no,no,telephone,2,2,unknown,0
51,retired,married,tertiary,no,247,yes,no,telephone,1,0,other,0
41,housemaid,married,primary,no,-716,yes,yes,cellular,2,1,failure,0
34,management,married,secondary,no,0,yes,no,cellular,4,0,unknown,0
35,services,married,tertiary,no,-265,yes,no,cellular,1,0,unknown,0
40,services,married,secondary,no,58,yes,no,cellular,2,0,unknown,0
60,technician,divorced,tertiary,no,817,yes,no,cellular,1,0,unknown,1
52,technician,single,primary,no,3523,no,no,cellular,1,0,unknown,0
34,blue-collar,married,secondary,no,-404,yes,no,unknown,2,0,other,0
32,services,married,secondary,no,1282,yes,no,cellular,5,0,unknown,0
37,services,single,unknown,no,2729,no,no,cellular,6,0,unknown,0
33,unemployed,married,tertiary,no,149,yes,no,cellular,2,0,unknown,0
46,self-employed,married,secondary,no,-461,no,yes,cellular,1,0,unknown,0
38,housemaid,divorced,tertiary,no,994,yes,yes,cellular,1,0,unknown,0
26,services,single,primary,no,3190,yes,yes,unknown,1,0,unknown,0
45,blue-collar,married,secondary,no,189,no,yes,cellular,6,0,unknown,0
53,management,married,tertiary,no,3953,no,no,cellular,4,0,unknown,0
48,self-employed,single,secondary,no,477,yes,no,unknown,2,0,unknown,0
30,retired,married,tertiary,no,1548,no,no,unknown,1,0,unknown,0
35,blue-collar,married,secondary,no,356,yes,yes,cellular,3,4,failure,0
34,admin.,married,tertiary,no,56,yes,no,cellular,1,0,unknown,0
48,technician,married,primary,no,0,yes,no,telephone,1,0,unknown,0
34,management,married,primary,no,-516,yes,no,unknown,2,0,failure,0
34,blue-collar,married,tertiary,no,216,yes,yes,cellular,7,0,failure,0
32,housemaid,married,secondary,no,360,no,no,cellular,1,1,failure,0
40,technician,married,secondary,no,5029,no,no,cellular,1,0,unknown,1
31,technician,single,tertiary,no,88,no,no,cellular,23,0,unknown,0
41,admin.,married,primary,no,0,yes,no,cellular,6,1,unknown,0
46,admin.,married,primary,yes,437,no,no,unknown,1,0,unknown,0
38,management,single,primary,no,518,no,no,telephone,1,0,unknown,0
28,technician,single,tertiary,no,2659,yes,no,telephone,3,0,unknown,1
38,technician,married,tertiary,no,7166,no,no,cellular,3,0,unknown,0
27,blue-collar,married,secondary,no,0,yes,yes,cellular,1,0,success,0
79,technician,married,primary,no,410,yes,no,unknown,2,0,unknown,0
32,services,married,tertiary,no,85,yes,no,cellular,6,0,unknown,0
73,management,married,primary,no,393,yes,yes,unknown,2,0,success,0
29,technician,married,tertiary,no,2141,yes,no,cellular,2,0,unknown,1
50,blue-collar,single,primary,no,997,yes,yes,cellular,1,0,unknown,0
29,services,single,secondary,no,648,yes,no,cellular,1,0,unknown,0
58,retired,married,primary,no,471,yes,no,cellular,1,0,unknown,0
37,management,married,secondary,no,0,no,no,cellular,3,0,unknown,0
33,blue-collar,married,secondary,no,1287,yes,no,cellular,1,0,unknown,0
73,services,married,tertiary,no,810,no,no,cellular,1,0,unknown,0
41,retired,married,secondary,no,216,no,no,cellular,2,0,unknown,0
37,technician,divorced,tertiary,no,131,yes,no,cellular,1,0,unknown,0
28,technician,married,secondary,no,0,yes,no,cellular,1,0,unknown,0
32,admin.,divorced,primary,no,636,yes,yes,cellular,1,0,failure,0
36,admin.,married,secondary,no,5483,yes,no,unknown,2,0,unknown,0
43,management,divorced,secondary,no,782,yes,no,unknown,2,0,unknown,0
31,services,divorced,secondary,no,101,yes,no,cellular,2,0,unknown,0
38,management,married,secondary,no,131,no,no,cellular,1,0,unknown,0
35,blue-collar,married,secondary,no,1548,yes,yes,cellular,1,0,unknown,0
51,blue-collar,married,tertiary,no,0,no,no,unknown,1,2,unknown,0
59,housemaid,married,primary,yes,244,yes,no,cellular,2,0,unknown,0
40,admin.,married,secondary,no,1550,no,yes,cellular,2,0,failure,1
39,technician,single,secondary,no,519,no,yes,unknown,5,0,unknown,0
43,management,married,secondary,no,1236,no,no,cellular,1,0,unknown,0
27,technician,married,unknown,no,618,yes,no,unknown,3,0,unknown,0
36,blue-collar,married,tertiary,no,3993,no,no,cellular,1,0,unknown,0
39,management,married,secondary,no,139,no,yes,cellular,1,1,unknown,0
45,technician,married,secondary,no,1164,no,no,unknown,10,0,unknown,0
47,housemaid,married,primary,no,3229,yes,no,telephone,4,0,unknown,0
56,housemaid,single,tertiary,no,4793,no,no,cellular,3,0,unknown,0
34,admin.,married,tertiary,no,1954,yes,no,cellular,1,0,unknown,0
43,management,single,tertiary,no,4847,yes,no,unknown,1,0,unknown,0
30,management,single,tertiary,no,936,no,no,cellular,1,0,unknown,0
27,services,single,tertiary,no,0,no,no,cellular,1,2,failure,0
50,technician,married,secondary,no,1679,no,yes,unknown,2,0,unknown,0
33,management,married,secondary,no,2764,no,no,cellular,1,0,unknown,0
31,management,married,primary,no,1062,yes,yes,cellular,1,0,unknown,0
46,management,married,secondary,no,363,no,no,cellular,5,1,success,0
39,entrepreneur,married,secondary,no,421,no,no,unknown,6,0,unknown,0
37,blue-collar,single,secondary,no,2507,no,no,cellular,1,0,unknown,0
59,services,divorced,secondary,no,7655,no,no,cellular,2,0,unknown,0
31,management,single,tertiary,no,10,yes,no,cellular,2,1,unknown,0
57,services,married,secondary,no,897,yes,no,unknown,1,0,unknown,0
50,technician,single,tertiary,no,1338,yes,no,telephone,2,1,failure,1
37,self-employed,married,secondary,no,0,no,no,cellular,2,0,unknown,0
31,services,married,secondary,no,0,no,no,cellular,2,0,unknown,0
34,blue-collar,divorced,tertiary,no,376,yes,yes,cellular,2,0,unknown,0
26,technician,single,secondary,no,483,yes,no,cellular,1,0,unknown,0
36,retired,married,primary,no,0,no,no,cellular,4,0,unknown,0
42,retired,married,secondary,no,296,no,no,cellular,1,0,unknown,0
42,blue-collar,divorced,primary,no,0,yes,yes,cellular,4,0,other,0
27,admin.,single,secondary,no,362,yes,no,cellular,6,0,unknown,1
51,technician,single,tertiary,no,1831,no,no,unknown,2,0,unknown,0
53,technician,divorced,primary,no,292,no,no,unknown,8,0,unknown,0
33,admin.,married,secondary,no,118,no,yes,unknown,1,0,unknown,0
34,technician,married,unknown,no,498,yes,yes,cellular,1,0,unknown,0
35,admin.,married,secondary,no,35,no,yes,telephone,1,0,unknown,0
54,blue-collar,married,secondary,no,396,yes,no,cellular,27,0,unknown,0
38,admin.,married,primary,no,60,yes,no,cellular,1,0,other,0
27,retired,single,secondary,no,908,no,no,cellular,7,0,unknown,0
27,services,married,primary,no,-241,yes,no,unknown,1,1,unknown,0
40,housemaid,married,secondary,no,0,yes,yes,unknown,3,0,unknown,0
74,technician,married,secondary,no,1314,no,no,cellular,2,0,unknown,0
36,management,married,secondary,no,859,yes,no,unknown,1,0,unknown,0
48,blue-collar,divorced,primary,no,0,yes,no,cellular,2,0,unknown,0
30,admin.,single,secondary,no,455,yes,no,cellular,4,0,unknown,1
52,admin.,married,secondary,no,530,yes,no,cellular,1,0,unknown,0
35,student,married,tertiary,no,305,no,yes,cellular,5,0,unknown,0
57,management,married,secondary,no,4129,no,yes,cellular,2,0,other,0
51,unemployed,divorced,secondary,no,123,no,no,cellular,2,0,unknown,0
29,blue-collar,single,primary,no,-146,yes,no,cellular,2,3,failure,0
39,blue-collar,divorced,secondary,no,609,yes,no,cellular,1,0,unknown,0
41,blue-collar,divorced,tertiary,no,-199,no,no,cellular,3,1,unknown,0
48,blue-collar,married,secondary,no,483,no,no,cellular,1,0,unknown,1
46,technician,married,secondary,no,0,no,no,unknown,2,0,unknown,0
37,admin.,married,primary,no,883,yes,no,cellular,10,0,unknown,0
30,self-employed,single,unknown,no,6099,no,no,cellular,3,0,unknown,0
40,technician,married,tertiary,no,1226,yes,yes,cellular,1,0,failure,0
34,admin.,single,tertiary,no,858,yes,no,cellular,6,0,unknown,0
31,unemployed,married,tertiary,no,-94,no,no,cellular,1,0,unknown,1
39,blue-collar,divorced,secondary,no,3415,yes,yes,unknown,4,0,unknown,0
51,blue-collar,married,primary,no,117,yes,yes,unknown,1,0,unknown,0
52,blue-collar,married,secondary,no,2477,yes,no,unknown,1,0,failure,0
34,technician,single,secondary,no,9099,no,no,cellular,1,0,unknown,0
57,admin.,married,tertiary,no,10909,yes,no,unknown,1,0,unknown,0
31,unemployed,married,tertiary,no,153,yes,no,unknown,2,0,failure,0
33,entrepreneur,single,secondary,no,6,yes,yes,telephone,1,0,unknown,0
31,management,married,secondary,no,153,no,no,cellular,31,0,failure,0
24,blue-collar,single,secondary,no,0,no,yes,unknown,2,1,failure,0
38,admin.,single,tertiary,no,1533,no,no,unknown,1,0,unknown,0
45,blue-collar,divorced,secondary,no,1410,no,no,cellular,4,0,unknown,0
47,blue-collar,married,tertiary,no,1020,no,no,cellular,1,0,unknown,0
58,unemployed,married,primary,no,1679,no,yes,unknown,2,0,unknown,0
54,student,divorced,primary,no,88,yes,no,cellular,10,0,unknown,0
40,admin.,single,tertiary,no,0,yes,no,cellular,2,0,unknown,0
35,management,married,secondary,no,2748,yes,no,cellular,4,0,unknown,1
64,management,divorced,tertiary,no,1131,no,no,telephone,1,0,unknown,0
44,management,divorced,tertiary,yes,786,yes,no,unknown,2,0,unknown,0
31,technician,married,secondary,no,1602,no,no,cellular,6,0,unknown,0
50,blue-collar,married,secondary,no,3850,no,no,cellular,2,0,unknown,0
32,blue-collar,single,secondary,no,-418,no,no,cellular,6,0,failure,0
39,management,married,primary,no,-1197,yes,no,cellular,1,0,unknown,0
28,housemaid,married,secondary,no,589,yes,yes,unknown,2,0,unknown,0
34,management,single,secondary,no,-28,yes,yes,cellular,1,0,unknown,0
31,blue-collar,single,secondary,no,-540,yes,no,unknown,2,0,unknown,0
43,blue-collar,divorced,secondary,no,429,no,no,cellular,3,1,unknown,0
57,retired,married,primary,no,1255,no,no,unknown,1,0,unknown,0
42,services,single,tertiary,no,0,yes,no,unknown,1,0,unknown,1
41,retired,single,tertiary,no,28,yes,no,unknown,2,0,unknown,0
40,services,single,tertiary,no,443,no,no,cellular,3,0,success,0
34,technician,single,secondary,no,8893,no,no,unknown,1,0,unknown,1
35,entrepreneur,married,secondary,no,-405,yes,no,unknown,3,0,unknown,0
27,management,married,secondary,no,433,yes,yes,unknown,1,0,unknown,0
41,housemaid,single,secondary,no,151,yes,no,cellular,2,0,unknown,1
46,blue-collar,married,secondary,no,6972,no,no,cellular,1,0,unknown,0
37,technician,married,tertiary,no,16384,yes,no,cellular,5,0,unknown,0
58,housemaid,married,primary,no,3006,yes,no,unknown,1,0,unknown,0
57,management,single,tertiary,no,0,no,no,cellular,7,0,unknown,0
44,admin.,married,primary,no,131,yes,no,cellular,3,0,unknown,0
43,entrepreneur,married,tertiary,no,1119,no,no,telephone,1,0,unknown,0
35,blue-collar,single,secondary,no,683,yes,no,cellular,3,1,other,0
47,unemployed,married,tertiary,no,1445,yes,no,cellular,2,0,unknown,0
50,technician,married,secondary,no,1020,no,no,unknown,4,2,unknown,0
35,blue-collar,married,primary,no,608,yes,no,unknown,3,0,unknown,0
30,retired,married,secondary,no,2751,no,no,cellular,2,0,unknown,0
24,technician,married,tertiary,no,6029,no,yes,cellular,2,0,unknown,0
45,admin.,divorced,secondary,no,54,yes,no,unknown,5,0,unknown,0
49,admin.,single,primary,no,-10,yes,yes,cellular,3,0,unknown,0
53,self-employed,married,primary,no,194,yes,no,unknown,1,0,unknown,0
48,blue-collar,married,secondary,no,556,no,no,unknown,2,0,unknown,0
28,housemaid,married,primary,no,9319,yes,no,unknown,2,0,unknown,0
32,management,married,tertiary,no,1571,yes,no,cellular,2,0,unknown,0
49,admin.,married,primary,no,1172,yes,no,cellular,15,0,unknown,0
46,management,married,primary,no,79,yes,no,unknown,2,0,unknown,0
46,technician,married,tertiary,no,816,no,no,cellular,1,0,failure,0
39,blue-collar,married,unknown,no,748,no,no,cellular,6,0,success,0
47,technician,married,secondary,no,835,no,no,cellular,1,0,unknown,1
54,management,married,secondary,no,7658,no,no,cellular,4,0,unknown,0
37,self-employed,married,tertiary,no,3672,no,no,unknown,14,0,unknown,0
49,admin.,divorced,secondary,no,1172,yes,no,cellular,8,0,unknown,0
50,admin.,divorced,secondary,no,764,yes,no,cellular,2,0,unknown,0
64,management,single,secondary,no,-34,no,no,cellular,1,3,unknown,0
31,technician,single,tertiary,no,15,no,no,cellular,2,0,unknown,0
31,technician,married,tertiary,no,21,yes,no,unknown,9,0,success,0
33,blue-collar,married,secondary,no,437,no,no,cellular,2,0,unknown,0
55,retired,married,secondary,no,4570,yes,no,cellular,1,4,other,0
29,unknown,single,tertiary,no,1331,no,no,cellular,2,0,unknown,0
26,blue-collar,married,primary,no,5,yes,yes,unknown,13,0,failure,0
52,self-employed,married,primary,no,9339,yes,no,cellular,2,0,unknown,0
61,admin.,single,tertiary,no,3554,yes,yes,cellular,2,0,unknown,0
39,management,married,secondary,no,4647,no,yes,cellular,1,0,unknown,0
45,management,divorced,secondary,no,116,yes,yes,unknown,9,0,unknown,0
37,technician,single,primary,no,0,no,no,cellular,2,0,failure,1
36,technician,single,primary,no,0,yes,no,cellular,3,0,unknown,0
32,blue-collar,married,secondary,no,302,yes,no,cellular,3,0,unknown,0
44,blue-collar,divorced,secondary,no,300,no,yes,cellular,1,0,other,0
34,management,married,unknown,no,428,yes,no,cellular,2,0,failure,0
41,services,married,secondary,no,1160,yes,no,unknown,1,2,unknown,0
35,blue-collar,married,tertiary,no,370,no,no,cellular,3,0,unknown,1
32,management,single,secondary,no,978,yes,no,unknown,1,0,failure,0
55,admin.,married,tertiary,no,2542,no,no,cellular,1,0,failure,0
51,management,married,secondary,no,13092,no,no,cellular,1,0,unknown,0
45,blue-collar,married,secondary,no,83,yes,yes,unknown,1,2,failure,0
51,admin.,divorced,secondary,no,428,no,no,cellular,2,0,unknown,0
44,management,married,secondary,no,209,yes,no,cellular,1,0,unknown,0
44,technician,married,tertiary,no,553,no,no,cellular,3,1,unknown,0
32,housemaid,single,tertiary,no,1279,yes,yes,cellular,2,0,unknown,0
32,self-employed,single,tertiary,no,2183,no,no,telephone,2,2,failure,0
39,technician,married,tertiary,no,0,yes,no,unknown,6,0,unknown,0
63,self-employed,single,primary,no,769,no,no,cellular,9,0,unknown,0
30,blue-collar,married,secondary,no,932,yes,no,telephone,1,0,unknown,0
31,retired,single,tertiary,no,0,no,no,cellular,3,0,failure,0
55,entrepreneur,married,secondary,no,1161,no,no,cellular,3,0,unknown,0
50,admin.,married,secondary,no,232,no,no,cellular,6,0,unknown,0
27,admin.,married,secondary,no,598,yes,no,cellular,2,0,unknown,0
36,services,married,tertiary,no,160,yes,no,telephone,1,0,unknown,0
23,blue-collar,married,tertiary,no,600,no,no,telephone,4,0,unknown,0
40,self-employed,married,tertiary,no,697,yes,no,cellular,2,0,unknown,0
24,management,married,secondary,no,-339,no,no,unknown,2,0,failure,0
70,unemployed,married,primary,no,201,yes,yes,cellular,2,0,other,0
60,technician,single,secondary,no,3822,no,no,cellular,9,0,unknown,0
32,services,married,tertiary,no,1218,yes,yes,unknown,12,0,unknown,0
41,retired,single,tertiary,no,12599,yes,no,telephone,10,0,unknown,1
36,unknown,married,secondary,no,385,yes,yes,cellular,4,0,unknown,0
28,blue-collar,single,tertiary,no,1100,yes,no,cellular,1,0,unknown,0
38,retired,married,tertiary,no,0,no,no,cellular,2,0,other,0
32,management,married,secondary,no,0,yes,no,unknown,4,0,unknown,1
47,blue-collar,married,secondary,no,2431,yes,no,telephone,1,0,unknown,0
33,technician,married,tertiary,no,311,yes,no,unknown,2,0,unknown,0
33,services,married,secondary,no,0,no,no,cellular,1,0,unknown,0
53,admin.,single,secondary,no,1544,yes,no,cellular,3,0,unknown,0
33,blue-collar,married,tertiary,no,1039,no,no,telephone,3,0,unknown,0
53,technician,divorced,tertiary,no,2095,yes,no,cellular,1,0,unknown,0
30,management,single,primary,no,117,yes,no,unknown,1,0,unknown,0
34,technician,single,tertiary,no,330,yes,no,cellular,3,0,unknown,1
27,services,married,secondary,no,239,no,no,cellular,4,0,unknown,1
59,blue-collar,single,primary,no,300,yes,no,unknown,2,0,unknown,0
30,management,divorced,secondary,no,6906,no,no,unknown,1,0,unknown,0
46,student,married,secondary,no,3347,no,no,cellular,2,0,unknown,1
30,services,single,tertiary,no,435,yes,yes,cellular,2,0,unknown,0
38,services,divorced,secondary,no,3068,yes,no,cellular,2,0,unknown,0
29,blue-collar,divorced,tertiary,no,91,no,no,unknown,1,0,unknown,0
51,management,married,secondary,yes,106,yes,no,cellular,1,0,unknown,0
39,technician,married,tertiary,no,58,yes,no,cellular,4,0,unknown,0
32,management,married,secondary,no,0,yes,no,cellular,2,0,unknown,0
27,admin.,married,secondary,no,6110,yes,no,unknown,13,0,unknown,0
32,technician,married,primary,no,84,yes,no,cellular,1,0,unknown,0
31,blue-collar,single,tertiary,no,0,yes,no,cellular,41,3,failure,1
49,blue-collar,married,secondary,no,2979,yes,no,unknown,13,0,unknown,0
52,self-employed,married,secondary,no,304,yes,no,cellular,7,5,failure,0
36,retired,single,secondary,no,2442,no,no,cellular,1,0,unknown,0
50,technician,single,tertiary,no,2537,no,no,cellular,2,0,unknown,0
48,admin.,single,secondary,no,98,yes,no,cellular,2,0,unknown,0
32,management,married,primary,no,179,yes,no,unknown,3,0,unknown,0
49,unknown,married,tertiary,no,398,no,no,telephone,3,0,unknown,0
30,self-employed,married,secondary,no,3232,no,no,cellular,5,0,unknown,0
56,management,married,secondary,no,-888,yes,no,cellular,5,0,unknown,0
32,blue-collar,married,tertiary,no,0,yes,no,cellular,1,0,unknown,0
40,services,married,secondary,no,551,yes,no,cellular,4,0,unknown,0
42,technician,single,tertiary,no,523,no,no,cellular,2,0,success,0
34,self-employed,married,primary,no,142,yes,no,cellular,3,1,failure,0
29,admin.,married,secondary,no,883,no,yes,telephone,2,0,unknown,0
34,self-employed,single,tertiary,no,179,no,no,cellular,3,0,unknown,1
47,blue-collar,single,secondary,no,1011,yes,no,unknown,1,0,unknown,0
35,admin.,single,primary,no,90,yes,no,cellular,3,0,success,0
33,technician,single,tertiary,no,251,no,no,unknown,6,0,unknown,0
30,blue-collar,married,secondary,no,315,no,no,telephone,1,0,unknown,1
33,retired,single,secondary,no,50,yes,no,unknown,2,0,unknown,0
46,services,married,secondary,no,1897,yes,no,cellular,1,0,unknown,0
35,services,single,tertiary,no,4665,yes,no,unknown,1,0,unknown,1
56,blue-collar,divorced,tertiary,no,887,no,no,cellular,2,0,unknown,0
36,blue-collar,married,secondary,no,4370,no,no,cellular,4,0,unknown,1
42,blue-collar,married,unknown,no,331,yes,no,unknown,5,0,unknown,0
39,blue-collar,single,secondary,no,556,yes,no,cellular,1,0,unknown,0
30,services,single,tertiary,no,3359,yes,no,cellular,4,0,unknown,0
25,admin.,single,secondary,no,-197,no,no,cellular,1,0,unknown,0
35,retired,married,unknown,no,1072,no,no,cellular,2,0,unknown,0
47,student,married,tertiary,no,279,no,yes,telephone,4,0,unknown,0
33,management,married,tertiary,no,-319,yes,no,unknown,1,0,unknown,0
31,management,single,secondary,no,189,no,no,cellular,5,0,unknown,0
38,management,married,tertiary,no,3430,yes,no,unknown,1,0,unknown,0
33,management,married,secondary,no,738,yes,no,cellular,6,1,failure,0
32,blue-collar,married,secondary,no,235,yes,no,unknown,4,0,unknown,0
49,technician,divorced,secondary,no,123,no,no,unknown,3,0,unknown,0
37,blue-collar,married,tertiary,no,245,no,no,telephone,1,0,unknown,0
42,technician,married,tertiary,no,0,no,no,cellular,1,0,unknown,0
34,management,single,tertiary,no,179,no,no,cellular,1,0,failure,0
42,management,single,secondary,no,2725,yes,no,cellular,1,0,unknown,0
31,retired,single,secondary,no,137,yes,no,unknown,1,0,unknown,0
31,management,single,secondary,no,1341,no,no,cellular,2,0,unknown,0
38,admin.,married,primary,no,7,yes,no,unknown,3,0,unknown,0
48,management,single,secondary,no,62,no,no,cellular,4,0,unknown,0
36,technician,single,primary,yes,2095,no,no,cellular,3,0,failure,0
49,blue-collar,single,tertiary,no,490,yes,no,cellular,3,0,unknown,0
55,blue-collar,married,tertiary,no,3100,yes,no,cellular,2,1,failure,0
47,technician,divorced,secondary,no,2724,no,no,cellular,2,0,unknown,0
31,management,single,tertiary,no,235,no,no,telephone,3,0,unknown,0
37,blue-collar,single,secondary,no,7742,no,no,unknown,2,0,unknown,0
54,admin.,divorced,secondary,no,927,no,no,cellular,1,0,failure,0
35,blue-collar,married,primary,no,2,yes,no,unknown,2,0,unknown,0
34,blue-collar,married,secondary,no,2961,no,no,cellular,1,1,unknown,1
44,retired,married,tertiary,no,0,no,no,cellular,1,0,unknown,1
59,management,divorced,secondary,no,-124,yes,no,cellular,1,0,unknown,0
29,technician,single,unknown,no,435,no,no,cellular,1,0,unknown,0
43,blue-collar,married,tertiary,yes,-121,yes,no,cellular,1,0,unknown,1
37,admin.,married,primary,no,444,yes,no,unknown,1,0,unknown,0
50,admin.,married,secondary,no,842,no,no,cellular,4,0,unknown,0
41,services,married,secondary,no,3672,yes,no,cellular,1,0,failure,1
47,technician,married,secondary,no,2241,yes,no,unknown,2,0,unknown,0
43,self-employed,single,secondary,no,69,yes,no,unknown,1,0,unknown,0
78,blue-collar,divorced,primary,no,10786,yes,no,cellular,2,0,failure,0
40,services,single,secondary,no,4012,yes,no,cellular,2,0,failure,0
44,management,married,tertiary,no,2304,no,no,cellular,2,0,unknown,0
50,blue-collar,married,tertiary,no,157,yes,no,cellular,2,0,unknown,0
38,admin.,married,secondary,no,0,no,no,cellular,8,0,unknown,0
69,unemployed,divorced,tertiary,no,925,no,yes,unknown,1,0,unknown,1
37,blue-collar,married,secondary,no,778,no,no,cellular,1,0,unknown,0
32,management,married,unknown,no,363,yes,no,cellular,2,0,unknown,0
27,blue-collar,single,tertiary,no,1862,yes,no,cellular,1,0,failure,0
46,self-employed,single,tertiary,no,0,no,no,cellular,2,0,unknown,0
58,technician,married,tertiary,no,1790,yes,no,unknown,3,0,unknown,0
58,management,married,tertiary,no,330,yes,no,unknown,3,0,unknown,1
49,technician,married,primary,no,-203,no,no,cellular,2,0,unknown,0
42,student,married,tertiary,no,7338,yes,no,telephone,2,0,unknown,0
37,retired,single,tertiary,no,2844,yes,no,cellular,3,3,failure,0
42,technician,single,secondary,no,1274,no,no,unknown,5,0,unknown,0
28,services,single,tertiary,no,2179,yes,no,unknown,1,0,unknown,0
41,admin.,married,secondary,no,273,yes,no,cellular,3,0,failure,0
45,unemployed,single,tertiary,no,315,no,no,unknown,3,0,failure,0
63,technician,divorced,secondary,no,266,no,yes,telephone,2,2,failure,0
28,housemaid,divorced,primary,no,121,yes,no,unknown,1,0,unknown,0
28,management,married,secondary,no,-228,yes,no,unknown,15,0,unknown,0
32,retired,single,secondary,no,187,yes,no,cellular,5,0,unknown,0
38,blue-collar,married,secondary,no,3465,yes,no,telephone,2,0,failure,0
34,technician,married,tertiary,no,-315,no,no,cellular,2,0,unknown,0
65,services,married,secondary,no,347,no,no,telephone,10,0,unknown,0
31,entrepreneur,single,primary,no,1733,yes,no,cellular,1,1,failure,0
55,management,single,secondary,no,1574,yes,no,unknown,2,0,unknown,0
34,technician,single,primary,no,-3,no,no,telephone,2,0,unknown,1
35,management,divorced,secondary,no,79,no,yes,unknown,8,0,unknown,0
41,services,single,primary,no,2291,yes,no,cellular,2,0,unknown,0
50,self-employed,married,tertiary,no,112,no,no,cellular,2,0,failure,0
69,self-employed,married,secondary,no,122,no,no,unknown,3,0,unknown,0
49,admin.,divorced,secondary,no,993,yes,no,unknown,2,0,unknown,0
34,unknown,single,tertiary,no,26356,no,no,cellular,3,0,unknown,0
45,management,divorced,secondary,no,239,yes,no,cellular,2,0,unknown,0
29,blue-collar,single,primary,no,399,no,no,cellular,1,0,unknown,0
47,admin.,married,tertiary,no,1666,yes,no,cellular,2,0,unknown,0
35,services,married,primary,no,1086,no,no,cellular,4,0,unknown,0
35,admin.,married,secondary,no,3051,yes,no,cellular,2,2,unknown,0
34,blue-collar,married,tertiary,no,878,no,yes,cellular,1,0,other,1
29,blue-collar,single,tertiary,no,35,yes,no,unknown,3,0,unknown,0
43,blue-collar,single,primary,no,773,yes,no,unknown,2,0,unknown,0
30,services,married,tertiary,no,1167,yes,no,cellular,1,2,unknown,0
27,admin.,single,unknown,no,0,yes,no,cellular,2,0,unknown,0
50,management,married,primary,no,61,yes,no,cellular,2,0,unknown,0
31,blue-collar,married,secondary,no,-1078,yes,no,cellular,4,0,unknown,0
64,technician,married,secondary,no,937,no,yes,cellular,9,0,unknown,0
37,technician,divorced,secondary,yes,230,no,no,cellular,1,0,unknown,0
37,blue-collar,married,secondary,no,0,no,yes,unknown,1,0,unknown,0
45,admin.,married,tertiary,no,4211,no,no,unknown,3,0,unknown,0
53,management,divorced,tertiary,no,1527,no,no,telephone,1,0,unknown,0
52,services,married,secondary,no,691,yes,yes,cellular,1,1,unknown,0
41,technician,single,tertiary,no,8,no,yes,cellular,2,0,unknown,0
44,admin.,married,secondary,no,-914,yes,no,cellular,1,0,failure,0
29,services,single,primary,no,1733,no,no,telephone,1,0,unknown,0
40,self-employed,married,secondary,no,517,yes,no,unknown,1,0,unknown,0
34,management,married,secondary,no,386,yes,no,cellular,1,2,other,0
35,technician,married,primary,no,26,yes,no,cellular,15,0,unknown,0
33,blue-collar,married,primary,no,0,yes,no,cellular,1,0,unknown,0
61,management,married,secondary,no,2520,yes,no,unknown,1,0,unknown,0
44,management,married,primary,no,-902,yes,yes,cellular,1,0,unknown,1
48,admin.,married,secondary,no,-537,yes,yes,cellular,1,0,unknown,0
34,technician,single,unknown,no,2605,no,no,cellular,2,0,unknown,0
57,self-employed,married,secondary,no,1554,no,no,cellular,2,0,unknown,0
58,self-employed,married,secondary,no,220,yes,no,cellular,2,0,unknown,0
58,housemaid,married,secondary,no,710,no,no,unknown,2,1,failure,0
58,retired,divorced,secondary,no,415,yes,yes,cellular,2,0,unknown,0
47,management,married,tertiary,no,632,yes,no,unknown,2,0,unknown,0
47,blue-collar,single,secondary,no,0,no,no,cellular,1,0,unknown,0
50,services,married,secondary,no,301,yes,no,cellular,4,0,failure,0
30,technician,married,tertiary,no,4096,no,no,cellular,2,0,unknown,0
36,management,single,tertiary,no,-317,no,no,cellular,2,1,unknown,1
48,management,married,primary,yes,1,no,no,cellular,4,0,unknown,0
32,management,single,tertiary,no,247,no,no,telephone,2,0,unknown,0
36,blue-collar,married,secondary,yes,981,no,no,cellular,1,0,unknown,0
50,blue-collar,divorced,unknown,no,7629,yes,no,cellular,2,0,unknown,0
35,blue-collar,married,secondary,no,-73,no,no,cellular,1,0,unknown,0
33,technician,single,secondary,no,6994,yes,no,unknown,18,0,unknown,0
36,management,married,secondary,no,-1400,no,yes,unknown,1,0,unknown,0
32,management,single,secondary,no,23,yes,no,cellular,2,1,unknown,0
39,technician,married,secondary,no,-497,yes,no,cellular,2,0,unknown,0
55,management,divorced,tertiary,no,2972,yes,no,unknown,7,0,unknown,0
33,admin.,single,secondary,no,228,yes,no,unknown,9,0,failure,0
54,management,married,tertiary,no,899,yes,yes,telephone,2,0,unknown,0
31,management,married,secondary,no,61,yes,no,cellular,2,0,unknown,0
38,technician,married,secondary,no,826,no,no,cellular,3,0,unknown,0
57,management,married,secondary,no,0,yes,no,cellular,2,0,unknown,0
44,management,married,tertiary,no,-308,yes,yes,unknown,7,0,failure,0
33,self-employed,single,secondary,no,410,no,no,cellular,1,0,failure,1
37,technician,single,secondary,no,285,no,no,cellular,3,0,unknown,0
36,retired,married,primary,no,25,yes,no,unknown,3,0,unknown,0
53,management,married,primary,no,3534,no,yes,cellular,1,0,unknown,0
25,technician,married,tertiary,no,93,no,no,cellular,1,0,unknown,0
34,management,single,tertiary,no,0,yes,no,cellular,1,0,unknown,0
29,admin.,married,secondary,no,4403,yes,no,cellular,1,0,unknown,0
34,technician,divorced,tertiary,no,516,no,no,unknown,3,0,unknown,0
44,admin.,married,primary,no,80,no,yes,cellular,4,0,other,0
29,management,single,primary,no,13662,yes,no,unknown,1,0,success,0
19,admin.,married,secondary,no,0,no,yes,cellular,3,0,unknown,0
31,entrepreneur,married,tertiary,no,245,no,no,telephone,5,0,unknown,0
35,blue-collar,married,secondary,no,4717,yes,no,cellular,1,0,unknown,0
46,services,divorced,secondary,no,888,yes,no,unknown,3,0,unknown,0
46,technician,single,tertiary,no,370,no,no,cellular,19,0,unknown,0
55,management,married,secondary,no,0,no,no,cellular,1,0,unknown,0
53,unemployed,married,tertiary,no,8572,no,no,cellular,4,0,unknown,0
63,management,married,secondary,no,1293,no,no,unknown,3,0,unknown,0
27,technician,single,secondary,no,836,yes,no,cellular,3,1,failure,0
35,unknown,single,tertiary,no,0,no,no,cellular,2,0,unknown,0
47,self-employed,married,tertiary,no,490,no,no,unknown,13,0,unknown,0
33,technician,single,primary,no,479,yes,no,unknown,1,0,unknown,0
46,technician,married,secondary,no,5061,no,yes,cellular,1,0,unknown,0
41,technician,married,secondary,no,649,yes,no,cellular,1,1,failure,0
29,management,married,primary,no,1167,yes,no,cellular,1,0,unknown,0
34,services,single,tertiary,no,1679,yes,no,cellular,1,0,unknown,0
37,technician,divorced,tertiary,no,169,yes,yes,cellular,1,0,unknown,0
33,management,married,unknown,no,-11,no,yes,unknown,3,0,unknown,0
28,management,single,tertiary,no,-94,yes,no,cellular,2,0,unknown,0
57,entrepreneur,single,secondary,no,199,no,no,cellular,1,0,unknown,0
38,entrepreneur,single,secondary,no,459,yes,no,cellular,1,0,failure,0
38,blue-collar,married,tertiary,no,2,yes,no,unknown,2,0,unknown,0
29,blue-collar,single,primary,no,783,yes,no,cellular,9,0,unknown,0
55,services,single,secondary,no,1565,no,no,cellular,3,0,failure,0
58,blue-collar,married,primary,no,1670,yes,no,unknown,1,0,unknown,0
29,management,married,tertiary,no,751,yes,no,unknown,3,0,failure,0
53,technician,married,primary,no,0,no,no,unknown,1,0,unknown,0
33,technician,married,primary,no,0,yes,no,unknown,3,0,unknown,0
26,entrepreneur,married,secondary,no,94,no,no,unknown,15,0,other,0
37,unemployed,married,secondary,no,60,no,no,cellular,2,0,unknown,0
41,unemployed,married,tertiary,no,-332,no,no,cellular,1,3,unknown,1
30,management,married,primary,no,96,yes,no,cellular,4,0,unknown,0
25,management,married,tertiary,no,228,yes,no,cellular,2,0,unknown,0
33,blue-collar,married,secondary,no,2049,yes,no,cellular,1,1,failure,0
58,technician,married,secondary,no,4098,yes,no,unknown,4,3,failure,0
35,housemaid,single,secondary,no,395,no,yes,cellular,8,0,unknown,0
43,blue-collar,married,tertiary,no,0,yes,no,cellular,5,1,unknown,0
38,technician,married,primary,no,-220,no,yes,telephone,1,0,unknown,0
43,admin.,married,primary,no,26,yes,no,cellular,2,0,unknown,0
42,entrepreneur,married,secondary,no,64,yes,yes,telephone,3,0,unknown,0
22,management,single,secondary,no,310,no,no,cellular,1,0,other,0
43,technician,married,tertiary,no,267,yes,no,unknown,1,0,unknown,0
36,blue-collar,married,secondary,no,286,no,no,cellular,2,0,unknown,0
38,blue-collar,married,tertiary,no,-143,yes,no,cellular,2,0,unknown,0
35,student,single,tertiary,no,6901,yes,no,cellular,2,0,unknown,1
26,blue-collar,single,secondary,no,228,no,no,unknown,1,0,unknown,0
39,retired,married,secondary,no,388,yes,yes,unknown,2,0,unknown,0
55,blue-collar,divorced,secondary,no,8115,no,no,cellular,2,0,other,0
36,admin.,single,secondary,no,14682,no,yes,unknown,1,0,unknown,0
54,student,single,unknown,no,431,no,no,cellular,1,0,unknown,0
25,entrepreneur,single,unknown,no,100,no,no,cellular,2,0,unknown,0
48,blue-collar,married,primary,no,305,yes,no,unknown,6,0,unknown,0
32,management,single,secondary,no,877,no,no,unknown,2,0,unknown,0
31,blue-collar,single,secondary,no,498,yes,no,unknown,1,0,failure,0
29,technician,divorced,primary,no,1412,yes,no,cellular,2,0,unknown,1
58,unemployed,married,tertiary,no,625,no,no,cellular,2,0,unknown,1
51,services,married,secondary,no,10118,no,no,unknown,1,0,unknown,0
33,entrepreneur,married,secondary,no,790,no,yes,cellular,1,0,unknown,0
41,self-employed,married,secondary,no,418,yes,no,unknown,1,0,unknown,0
44,self-employed,divorced,unknown,no,398,yes,no,unknown,2,0,unknown,0
35,retired,single,secondary,no,366,no,no,unknown,2,0,unknown,0
33,management,married,primary,no,948,yes,no,cellular,2,0,unknown,0
54,admin.,divorced,tertiary,no,1407,no,no,cellular,1,0,success,0
40,self-employed,married,tertiary,no,-73,no,no,cellular,3,0,unknown,0
55,technician,married,tertiary,no,591,no,no,unknown,2,0,unknown,0
44,management,single,secondary,no,89,yes,no,unknown,1,0,unknown,0
41,blue-collar,married,secondary,no,-422,no,no,cellular,3,0,unknown,0
34,blue-collar,single,tertiary,no,232,yes,no,cellular,2,0,unknown,0
33,services,married,secondary,no,2058,yes,no,telephone,8,0,unknown,0
30,unemployed,single,tertiary,no,694,yes,no,telephone,16,0,unknown,0
53,blue-collar,divorced,primary,no,1664,no,no,unknown,2,0,failure,0
34,services,single,unknown,no,1122,no,no,unknown,3,0,unknown,0
32,management,single,secondary,no,4,no,no,cellular,1,3,failure,1
32,technician,married,secondary,no,4194,no,no,cellular,3,0,unknown,0
47,blue-collar,married,secondary,no,795,no,no,cellular,1,0,unknown,1
30,services,single,tertiary,no,1665,yes,no,unknown,5,0,unknown,0
36,technician,single,secondary,no,313,no,no,cellular,4,0,unknown,0
64,blue-collar,divorced,secondary,no,66,yes,no,cellular,1,0,unknown,0
35,services,married,primary,no,977,yes,no,unknown,2,0,success,0
48,technician,married,tertiary,no,4,yes,yes,unknown,5,0,unknown,0
34,blue-collar,married,primary,no,96,yes,no,unknown,15,0,unknown,0
37,blue-collar,single,secondary,no,-396,yes,no,unknown,1,0,unknown,0
67,services,married,unknown,no,271,no,no,cellular,2,0,unknown,0
39,technician,married,secondary,no,389,yes,no,unknown,1,0,unknown,0
32,blue-collar,married,secondary,no,228,yes,no,unknown,1,0,unknown,0
41,retired,married,secondary,no,452,yes,no,unknown,1,0,unknown,0
35,management,married,unknown,no,838,no,no,cellular,3,0,unknown,0
34,blue-collar,single,primary,no,50,yes,no,cellular,2,0,unknown,0
34,management,married,secondary,no,781,no,no,cellular,2,0,unknown,0
34,technician,married,secondary,no,1787,yes,yes,cellular,2,0,unknown,0
36,technician,single,secondary,no,317,no,no,cellular,4,0,unknown,0
54,technician,married,tertiary,no,151,yes,no,telephone,2,0,unknown,0
48,admin.,married,tertiary,no,0,yes,no,unknown,3,0,other,0
31,blue-collar,married,secondary,no,787,yes,no,cellular,2,0,unknown,0
52,management,divorced,tertiary,no,51,yes,no,cellular,6,0,unknown,0
40,entrepreneur,married,secondary,no,294,yes,yes,unknown,2,0,unknown,0
34,retired,single,secondary,no,192,yes,no,cellular,1,0,unknown,1
40,student,married,tertiary,no,1012,no,no,unknown,1,0,unknown,0
50,admin.,married,primary,no,0,no,no,cellular,2,0,unknown,0
29,management,divorced,secondary,no,-402,yes,no,unknown,3,0,unknown,0
56,technician,married,secondary,no,965,no,no,cellular,2,0,unknown,0
50,blue-collar,married,secondary,no,-1,yes,no,telephone,2,0,unknown,1
35,management,married,tertiary,no,2275,yes,no,telephone,2,0,unknown,0
34,entrepreneur,single,tertiary,no,316,yes,no,cellular,1,0,unknown,0
37,management,single,tertiary,no,2507,yes,no,cellular,6,0,unknown,0
57,admin.,married,primary,no,203,yes,no,cellular,2,0,success,0
50,blue-collar,divorced,primary,no,413,yes,no,unknown,3,0,unknown,0
57,management,married,tertiary,no,293,yes,yes,telephone,1,0,success,0
39,housemaid,married,tertiary,no,514,no,no,cellular,1,0,unknown,0
31,services,single,secondary,no,69,no,no,cellular,4,0,unknown,0
41,technician,married,tertiary,no,876,no,yes,unknown,1,0,unknown,0
32,blue-collar,married,primary,no,1088,yes,no,cellular,1,0,unknown,0
40,blue-collar,divorced,secondary,no,26,yes,no,cellular,4,0,unknown,1
61,technician,single,tertiary,no,-228,no,no,cellular,5,0,unknown,1
27,management,divorced,tertiary,no,92,yes,yes,cellular,1,0,unknown,0
54,self-employed,married,tertiary,no,606,no,no,cellular,2,0,unknown,0
46,retired,married,tertiary,no,8323,yes,no,unknown,2,0,unknown,0
40,management,married,secondary,no,195,no,yes,cellular,2,0,unknown,0
27,admin.,married,primary,no,214,yes,no,cellular,3,5,failure,0
58,management,married,secondary,no,3107,yes,no,unknown,1,0,unknown,1
34,management,married,tertiary,no,171,no,no,cellular,1,0,unknown,0
39,entrepreneur,married,secondary,no,142,yes,yes,cellular,1,0,unknown,0
47,unemployed,divorced,primary,no,1973,no,no,unknown,3,0,unknown,0
46,technician,married,tertiary,no,1199,no,no,cellular,1,0,unknown,1
40,unknown,single,tertiary,no,-72,no,yes,cellular,2,0,unknown,0
55,management,married,secondary,no,1278,no,no,unknown,1,0,unknown,0
32,technician,married,tertiary,no,0,yes,no,cellular,5,0,unknown,0
41,blue-collar,married,secondary,no,317,yes,no,cellular,2,0,unknown,0
38,management,married,secondary,no,11014,no,yes,cellular,5,1,unknown,0
39,management,single,tertiary,no,0,no,yes,cellular,2,0,failure,0
30,admin.,single,secondary,no,596,yes,no,cellular,3,0,unknown,0
34,blue-collar,married,tertiary,no,142,no,no,telephone,3,0,unknown,0
31,blue-collar,married,secondary,no,542,no,no,cellular,2,0,unknown,0
48,admin.,married,secondary,no,10883,yes,yes,cellular,2,0,unknown,0
37,blue-collar,married,secondary,no,2366,yes,no,unknown,1,0,unknown,0
50,management,married,unknown,no,0,yes,no,unknown,4,0,unknown,0
43,management,married,secondary,no,-53,yes,no,cellular,1,0,unknown,0
31,management,single,tertiary,no,1414,yes,no,cellular,2,1,unknown,0
55,retired,divorced,tertiary,no,699,no,no,unknown,2,0,unknown,0
37,blue-collar,divorced,secondary,no,189,yes,no,cellular,1,0,unknown,0
53,blue-collar,married,secondary,no,554,no,no,cellular,1,0,unknown,0
34,housemaid,single,secondary,no,0,yes,no,unknown,1,0,unknown,0
45,blue-collar,divorced,secondary,no,15282,no,no,telephone,1,0,other,0
29,blue-collar,married,tertiary,no,1696,yes,no,cellular,1,0,failure,1
38,blue-collar,single,secondary,no,748,yes,no,cellular,1,0,unknown,0
34,management,married,secondary,no,0,yes,no,unknown,1,0,unknown,0
43,management,married,secondary,no,-228,no,no,cellular,1,0,unknown,0
33,unemployed,single,secondary,no,74,no,no,unknown,6,0,failure,0
34,admin.,married,secondary,no,134,yes,no,cellular,1,0,unknown,0
37,management,single,secondary,no,251,yes,no,cellular,1,0,unknown,0
31,admin.,married,unknown,no,2472,yes,no,cellular,1,0,unknown,0
31,technician,married,primary,no,-117,no,no,unknown,10,0,unknown,0
49,services,married,primary,no,5120,no,yes,unknown,1,0,unknown,0
37,retired,married,secondary,no,228,no,no,unknown,5,0,failure,0
32,self-employed,married,secondary,no,67,yes,no,cellular,1,0,unknown,0
57,technician,single,secondary,no,255,no,no,cellular,1,0,unknown,0
39,technician,married,tertiary,no,8981,yes,no,cellular,2,0,unknown,0
59,management,married,secondary,no,4017,no,no,cellular,3,0,failure,0
32,admin.,divorced,secondary,no,1110,no,no,cellular,1,0,unknown,0
39,management,married,tertiary,no,54,yes,no,cellular,3,0,unknown,0
46,housemaid,married,secondary,no,489,yes,yes,cellular,2,0,unknown,0
25,unemployed,single,secondary,no,7808,no,no,cellular,2,0,unknown,0
55,services,married,primary,no,3933,no,no,cellular,1,0,unknown,0
50,blue-collar,married,primary,no,104,yes,no,cellular,3,0,unknown,0
42,services,married,unknown,no,828,no,yes,cellular,1,0,unknown,0
47,management,married,secondary,no,1345,yes,no,cellular,6,0,unknown,0
38,technician,married,secondary,no,2657,no,no,cellular,1,0,unknown,1
31,blue-collar,married,secondary,no,113,yes,no,telephone,11,0,unknown,0
46,admin.,married,unknown,no,2289,no,no,cellular,1,0,other,0
46,blue-collar,married,tertiary,no,134,yes,no,unknown,2,2,failure,0
63,technician,married,primary,no,62,yes,no,telephone,3,0,unknown,0
55,management,divorced,secondary,no,642,yes,no,cellular,4,0,unknown,0
34,services,married,secondary,no,314,yes,no,unknown,1,0,unknown,0
36,admin.,married,tertiary,no,5436,yes,no,unknown,1,0,unknown,0
30,blue-collar,single,tertiary,no,75,yes,no,cellular,2,1,unknown,0
46,management,divorced,tertiary,no,-1296,no,yes,cellular,7,0,unknown,0
34,unemployed,married,secondary,no,6934,no,no,unknown,2,0,unknown,0
47,management,single,primary,no,199,yes,no,cellular,5,0,other,0
33,admin.,married,secondary,no,0,yes,no,unknown,2,0,failure,0
39,services,married,secondary,yes,1133,no,no,unknown,1,0,unknown,0
39,technician,single,secondary,no,1521,no,no,cellular,5,0,unknown,0
37,retired,single,primary,no,2542,no,yes,cellular,2,0,unknown,1
41,blue-collar,married,secondary,no,1472,yes,no,unknown,1,0,unknown,0
38,blue-collar,married,secondary,no,627,yes,no,unknown,3,0,unknown,0
25,management,single,tertiary,no,310,no,yes,cellular,4,0,unknown,0
34,blue-collar,divorced,tertiary,no,14,yes,no,unknown,4,0,unknown,0
39,self-employed,divorced,tertiary,no,-1150,yes,no,unknown,1,1,unknown,0
46,technician,married,primary,no,3531,no,no,cellular,2,0,unknown,0
78,unemployed,married,secondary,no,0,no,no,unknown,3,0,unknown,0
36,management,married,primary,no,-340,no,no,cellular,1,0,unknown,0
39,blue-collar,married,secondary,no,-11,yes,no,cellular,1,0,unknown,0
30,blue-collar,married,secondary,no,1598,yes,no,cellular,1,0,unknown,1
55,blue-collar,single,primary,no,2678,yes,no,unknown,1,0,unknown,0
52,technician,divorced,secondary,no,-624,yes,no,unknown,3,0,unknown,0
37,management,married,secondary,no,256,yes,no,unknown,2,0,unknown,0
34,management,single,secondary,no,-1,yes,no,unknown,7,0,unknown,0
58,technician,married,tertiary,no,195,no,no,cellular,2,0,unknown,0
32,entrepreneur,single,secondary,no,2498,no,no,cellular,1,0,unknown,0
57,blue-collar,single,tertiary,no,0,yes,no,cellular,1,2,other,0
50,unemployed,single,tertiary,no,3705,yes,no,cellular,1,0,other,0
32,management,single,primary,no,158,yes,yes,cellular,1,0,unknown,0
41,retired,married,tertiary,no,771,yes,yes,cellular,1,0,unknown,0
53,management,married,tertiary,no,500,yes,no,cellular,1,0,success,0
49,student,married,tertiary,no,3192,no,no,cellular,4,0,unknown,0
36,technician,married,secondary,no,1282,yes,yes,cellular,1,0,unknown,0
31,blue-collar,married,tertiary,no,3571,yes,no,cellular,1,2,other,0
56,management,single,secondary,no,35,no,yes,telephone,4,0,failure,0
50,technician,married,secondary,no,2814,no,yes,cellular,3,0,unknown,0
43,admin.,married,tertiary,no,483,yes,no,unknown,2,0,unknown,0
52,blue-collar,married,secondary,no,5406,no,no,cellular,3,0,unknown,0
28,blue-collar,single,tertiary,no,232,yes,no,cellular,4,0,unknown,0
38,technician,divorced,tertiary,no,1385,yes,no,unknown,2,0,unknown,0
37,technician,single,tertiary,no,25987,yes,no,cellular,3,0,unknown,0
32,services,married,tertiary,no,2214,yes,no,unknown,1,0,unknown,0
41,blue-collar,single,secondary,no,334,yes,no,unknown,1,0,success,0
46,unemployed,married,secondary,no,-32,no,no,cellular,1,0,unknown,0
58,management,single,tertiary,no,1160,no,no,cellular,2,0,unknown,0
30,retired,single,tertiary,no,1989,yes,no,cellular,4,0,unknown,0
42,technician,married,primary,no,1520,yes,yes,unknown,4,0,unknown,0
43,services,married,secondary,no,31,yes,no,cellular,3,0,unknown,0
52,blue-collar,divorced,tertiary,no,0,yes,no,unknown,1,0,unknown,0
37,management,single,tertiary,no,725,no,no,cellular,1,0,failure,0
38,admin.,divorced,secondary,no,-206,yes,yes,cellular,4,0,unknown,0
36,technician,married,secondary,no,201,yes,no,unknown,2,0,unknown,0
56,entrepreneur,married,tertiary,no,105,yes,no,cellular,6,0,unknown,0
40,student,divorced,secondary,no,37,yes,no,unknown,1,0,unknown,0
55,blue-collar,married,tertiary,no,0,no,no,cellular,2,0,unknown,0
45,student,single,secondary,no,117,no,yes,unknown,1,0,unknown,0
50,management,married,secondary,no,344,no,no,cellular,1,1,failure,0
29,technician,married,secondary,no,969,yes,no,cellular,2,2,unknown,1
44,blue-collar,single,tertiary,no,1341,no,yes,cellular,4,0,other,0
26,housemaid,single,tertiary,no,499,no,no,cellular,2,0,other,0
26,management,married,primary,no,191,yes,no,unknown,2,0,unknown,0
59,admin.,married,secondary,no,119,no,no,cellular,3,0,unknown,0
42,retired,married,tertiary,no,88,no,yes,cellular,2,0,failure,0
35,management,divorced,secondary,no,1450,yes,no,cellular,1,2,other,0
53,blue-collar,divorced,secondary,no,345,yes,no,cellular,1,0,unknown,0
47,self-employed,married,secondary,no,3156,no,yes,unknown,2,0,other,0
56,blue-collar,married,secondary,no,436,no,no,unknown,9,0,unknown,0
34,management,single,secondary,no,73,no,no,cellular,8,0,unknown,0
55,admin.,single,secondary,no,3097,yes,no,unknown,2,0,unknown,0
31,blue-collar,married,secondary,no,433,yes,yes,cellular,4,0,other,1
36,admin.,married,primary,no,290,yes,no,unknown,3,0,unknown,0
34,blue-collar,married,secondary,no,4761,no,no,cellular,2,0,failure,0
52,technician,married,tertiary,no,-228,no,no,unknown,1,0,unknown,1
48,admin.,married,tertiary,no,667,yes,yes,unknown,1,0,unknown,0
43,management,married,secondary,no,876,yes,no,cellular,1,0,unknown,0
34,retired,married,primary,no,4,yes,no,cellular,2,0,success,0
57,management,married,secondary,no,23,no,yes,cellular,3,0,unknown,0
47,self-employed,married,secondary,no,344,no,no,unknown,2,0,unknown,0
20,technician,married,tertiary,no,137,yes,no,cellular,1,0,unknown,0
26,blue-collar,married,secondary,no,3185,yes,no,cellular,3,0,unknown,0
33,blue-collar,single,secondary,no,2488,yes,no,cellular,1,0,unknown,0
51,blue-collar,single,tertiary,no,2749,yes,no,cellular,1,0,failure,0
31,management,married,tertiary,no,0,yes,no,unknown,1,0,unknown,0
51,management,married,secondary,no,5892,no,no,cellular,3,0,failure,0
49,management,married,secondary,no,-584,yes,no,cellular,3,0,unknown,0
45,services,married,secondary,no,-146,no,yes,cellular,4,0,unknown,0
51,unemployed,single,tertiary,no,16313,yes,no,unknown,1,0,unknown,0
54,management,married,tertiary,no,680,yes,no,cellular,8,0,unknown,0
47,services,married,tertiary,no,6557,yes,no,cellular,5,2,failure,0
61,technician,divorced,secondary,no,595,no,no,cellular,2,0,unknown,0
35,admin.,married,primary,no,1467,yes,no,telephone,2,0,unknown,0
24,blue-collar,single,primary,no,0,yes,no,cellular,2,0,unknown,0
48,management,married,secondary,no,480,no,no,unknown,1,0,failure,0
58,blue-collar,divorced,secondary,no,809,no,no,cellular,3,0,unknown,0
28,technician,single,unknown,no,10750,yes,no,cellular,2,0,unknown,0
57,self-employed,married,secondary,no,0,yes,no,unknown,4,0,unknown,0
43,blue-collar,married,secondary,no,203,yes,no,cellular,1,0,failure,0
37,technician,single,secondary,no,565,no,no,cellular,1,2,unknown,0
40,self-employed,divorced,primary,no,75,no,no,cellular,1,0,unknown,0
35,admin.,single,secondary,no,5786,no,yes,cellular,2,0,unknown,1
48,blue-collar,divorced,secondary,yes,517,yes,yes,cellular,1,0,unknown,0
36,technician,married,secondary,no,4370,no,no,cellular,1,1,failure,0
42,self-employed,single,tertiary,yes,3940,no,no,cellular,1,0,unknown,0
36,management,single,secondary,yes,473,yes,no,cellular,3,0,unknown,0
56,admin.,married,secondary,no,2399,yes,no,cellular,4,0,unknown,1
31,student,married,tertiary,no,96,yes,no,unknown,1,0,unknown,0
41,technician,single,tertiary,no,182,no,no,unknown,2,0,unknown,0
72,admin.,married,primary,no,2156,no,no,unknown,3,0,unknown,0
32,technician,single,primary,no,0,yes,yes,cellular,1,0,unknown,0
54,blue-collar,married,secondary,no,4013,no,no,unknown,2,0,unknown,0
45,technician,married,tertiary,no,887,yes,no,unknown,1,0,unknown,0
26,unknown,married,primary,no,699,yes,no,cellular,1,0,unknown,0
25,management,married,secondary,no,508,yes,no,unknown,2,0,unknown,0
46,self-employed,married,secondary,no,2560,yes,no,cellular,1,0,failure,0
50,services,married,tertiary,no,298,no,no,telephone,5,0,unknown,0
48,blue-collar,married,primary,no,0,yes,no,cellular,4,0,unknown,0
26,management,married,secondary,no,479,yes,no,telephone,2,0,unknown,0
43,blue-collar,married,secondary,no,430,no,no,telephone,2,0,unknown,0
25,self-employed,married,secondary,no,-179,yes,no,cellular,2,0,unknown,0
28,blue-collar,single,unknown,no,178,yes,no,cellular,3,2,unknown,0
80,retired,married,tertiary,no,1991,no,no,cellular,8,2,unknown,0
48,blue-collar,married,tertiary,no,33,yes,yes,cellular,2,0,unknown,0
46,services,single,tertiary,no,1007,yes,no,unknown,2,0,unknown,0
42,management,married,secondary,no,0,yes,no,unknown,3,0,unknown,0
38,admin.,married,secondary,no,83,no,no,cellular,2,0,unknown,0
37,admin.,married,secondary,no,225,no,no,cellular,2,0,failure,0
53,housemaid,married,secondary,no,142,no,no,unknown,2,0,unknown,0
36,blue-collar,single,secondary,no,-403,no,yes,cellular,3,0,unknown,0
56,management,single,primary,no,1907,yes,no,cellular,3,0,unknown,0
45,technician,married,secondary,no,265,no,no,cellular,3,0,unknown,0
38,admin.,married,primary,yes,19,yes,no,unknown,2,0,unknown,0
46,management,married,tertiary,no,162,yes,yes,cellular,2,0,unknown,0
49,technician,single,secondary,no,162,yes,no,cellular,1,0,unknown,0
38,unemployed,divorced,secondary,yes,636,yes,no,cellular,5,0,unknown,0
38,management,divorced,secondary,no,238,no,no,cellular,1,0,unknown,0
36,technician,single,tertiary,no,401,no,no,telephone,4,0,unknown,0
36,technician,married,tertiary,no,-622,yes,no,unknown,1,0,unknown,0
27,services,divorced,secondary,no,-699,no,yes,cellular,2,0,unknown,0
41,management,married,secondary,no,-32,yes,no,unknown,1,0,unknown,0
53,admin.,married,primary,no,419,yes,no,cellular,3,0,unknown,0
35,management,married,secondary,no,428,yes,no,cellular,3,0,unknown,0
35,blue-collar,married,secondary,no,55,yes,no,unknown,2,0,unknown,0
31,management,married,secondary,no,1930,yes,no,unknown,1,0,unknown,0
41,services,single,unknown,no,4588,no,no,cellular,2,1,failure,0
42,admin.,married,secondary,no,-242,yes,yes,unknown,2,0,unknown,0
44,management,married,primary,no,0,yes,no,unknown,1,0,unknown,0
59,technician,married,primary,no,133,yes,yes,cellular,1,3,unknown,0
46,technician,married,secondary,no,542,no,no,unknown,1,0,unknown,0
78,services,divorced,tertiary,no,2629,no,no,cellular,5,0,unknown,0
46,retired,married,tertiary,no,351,no,yes,cellular,3,0,unknown,0
31,management,married,secondary,no,1009,no,no,unknown,2,0,unknown,0
29,blue-collar,married,secondary,no,5100,yes,no,telephone,2,0,unknown,0
46,management,married,tertiary,no,543,yes,no,unknown,3,0,unknown,0
42,management,single,tertiary,no,920,yes,yes,unknown,3,2,other,1
37,blue-collar,married,secondary,no,343,no,no,cellular,1,0,unknown,0
58,technician,single,secondary,no,19441,no,no,cellular,1,5,failure,0
42,housemaid,married,primary,no,1136,no,yes,unknown,2,0,unknown,0
39,technician,single,secondary,no,4,no,no,cellular,3,0,unknown,1
27,technician,single,secondary,no,3431,no,yes,cellular,4,3,unknown,1
34,blue-collar,married,tertiary,no,-7,no,no,cellular,9,1,failure,1
28,student,married,tertiary,no,2234,no,no,cellular,2,0,unknown,1
57,technician,divorced,secondary,no,0,no,no,unknown,1,0,unknown,1
38,services,married,tertiary,no,671,yes,no,unknown,2,0,unknown,0
27,technician,single,tertiary,no,226,no,no,cellular,4,0,unknown,0
32,retired,married,secondary,no,-6,yes,no,cellular,1,1,unknown,0
47,technician,married,tertiary,yes,1499,no,no,cellular,1,0,unknown,0
29,blue-collar,single,secondary,no,995,yes,no,telephone,2,0,unknown,1
33,blue-collar,married,secondary,no,1973,no,no,cellular,3,0,unknown,0
50,retired,divorced,primary,no,32,yes,no,unknown,2,0,other,0
47,unemployed,married,secondary,no,2060,yes,no,telephone,3,0,unknown,0
43,self-employed,married,primary,no,543,yes,no,unknown,8,0,unknown,0
45,management,married,secondary,no,429,yes,no,cellular,2,0,unknown,1
46,blue-collar,married,tertiary,no,1129,yes,no,cellular,4,2,failure,1
33,management,single,tertiary,no,2160,no,no,cellular,1,0,unknown,1
51,technician,married,tertiary,no,4541,no,no,unknown,2,0,failure,0
45,blue-collar,married,tertiary,no,192,yes,no,cellular,2,0,failure,0
41,blue-collar,single,primary,no,316,no,no,cellular,2,0,unknown,0
36,technician,married,secondary,no,440,no,no,cellular,2,0,unknown,0
52,services,divorced,secondary,no,1502,no,no,cellular,2,0,unknown,0
39,services,single,secondary,no,871,no,no,cellular,1,0,unknown,0
47,admin.,single,secondary,no,7669,yes,no,cellular,1,0,unknown,0
36,blue-collar,married,primary,no,75,yes,no,cellular,4,0,unknown,0
59,management,divorced,secondary,no,998,no,no,cellular,1,5,unknown,0
26,unemployed,married,tertiary,no,186,yes,no,cellular,2,0,unknown,0
29,admin.,single,secondary,no,247,yes,no,unknown,4,0,unknown,0
47,admin.,married,primary,no,-206,yes,no,unknown,4,0,unknown,0
54,blue-collar,married,primary,no,0,no,no,cellular,5,0,unknown,0
32,blue-collar,married,secondary,no,76,yes,no,unknown,2,0,unknown,0
28,unemployed,single,secondary,no,-1173,no,no,unknown,1,0,unknown,0
37,management,married,secondary,no,1221,no,no,cellular,2,1,failure,0
51,management,married,secondary,no,2567,yes,no,unknown,2,0,unknown,0
57,blue-collar,single,unknown,no,230,yes,no,cellular,1,0,unknown,0
34,housemaid,married,secondary,no,30,yes,no,cellular,1,0,unknown,0
28,blue-collar,single,secondary,no,361,yes,no,cellular,1,2,other,0
26,unemployed,married,tertiary,no,1658,yes,no,cellular,1,3,unknown,0
45,technician,single,tertiary,no,137,no,no,unknown,1,0,other,0
35,blue-collar,married,primary,no,376,no,no,cellular,1,0,unknown,0
50,blue-collar,married,secondary,no,299,no,no,unknown,12,0,unknown,0
59,admin.,married,secondary,no,113,no,no,unknown,1,0,unknown,1
33,unemployed,single,secondary,no,273,no,no,unknown,5,0,unknown,0
49,retired,single,primary,no,0,no,yes,unknown,1,0,success,0
57,blue-collar,married,secondary,no,864,no,no,unknown,1,0,failure,0
26,technician,single,secondary,no,75,no,no,cellular,4,0,unknown,0
39,services,single,tertiary,no,1542,yes,no,cellular,7,0,unknown,0
38,technician,married,tertiary,no,423,yes,no,cellular,2,5,failure,0
28,retired,single,secondary,no,658,yes,no,cellular,2,0,unknown,0
28,management,married,tertiary,no,478,no,no,cellular,2,0,unknown,0
49,blue-collar,married,unknown,no,55,yes,no,cellular,1,0,unknown,1
71,entrepreneur,married,secondary,no,371,no,no,cellular,3,0,unknown,1
57,management,married,secondary,no,480,no,no,cellular,5,0,success,0
46,technician,married,tertiary,no,-422,no,yes,cellular,1,0,unknown,0
41,admin.,single,primary,no,-7,yes,yes,cellular,6,0,unknown,0
45,blue-collar,married,secondary,no,0,no,no,cellular,2,0,unknown,0
53,management,single,secondary,no,111,yes,no,unknown,1,0,unknown,0
36,admin.,married,secondary,no,1386,no,no,unknown,9,0,unknown,0
44,technician,married,secondary,no,302,yes,no,cellular,3,0,unknown,0
46,management,married,secondary,no,605,yes,no,cellular,1,0,unknown,1
27,services,married,tertiary,no,-679,yes,no,telephone,1,0,unknown,1
40,management,single,secondary,no,0,no,no,cellular,3,1,failure,0
36,blue-collar,single,tertiary,no,765,yes,no,cellular,2,1,other,0
38,retired,single,secondary,no,0,no,no,telephone,3,0,unknown,1
33,services,married,unknown,no,3281,yes,no,unknown,4,0,unknown,1
26,admin.,single,secondary,no,224,yes,no,cellular,1,0,unknown,0
33,services,single,secondary,no,9,no,no,telephone,5,0,unknown,0
55,student,married,secondary,no,257,yes,no,cellular,5,0,unknown,0
52,technician,married,primary,no,1167,no,no,cellular,1,0,unknown,0
84,management,divorced,tertiary,no,274,no,yes,cellular,2,0,unknown,0
49,management,divorced,primary,no,0,yes,no,unknown,2,0,unknown,0
53,technician,married,secondary,no,0,no,no,unknown,2,0,success,0
51,technician,divorced,unknown,no,828,yes,no,cellular,1,0,unknown,0
37,retired,married,secondary,no,118,yes,no,cellular,1,0,unknown,0
47,services,married,secondary,no,787,no,no,unknown,2,0,unknown,0
50,management,married,tertiary,no,16317,no,yes,unknown,1,0,unknown,0
29,technician,married,tertiary,no,1425,no,no,cellular,1,0,unknown,0
38,blue-collar,married,primary,no,22,yes,no,cellular,1,0,other,0
58,self-employed,married,primary,no,5734,yes,no,cellular,1,0,unknown,0
39,blue-collar,divorced,secondary,no,73,yes,no,unknown,6,0,unknown,0
50,services,married,secondary,no,76,no,no,cellular,1,0,unknown,0
32,admin.,single,tertiary,no,0,yes,yes,unknown,1,0,unknown,0
23,self-employed,married,secondary,no,3361,no,no,cellular,2,0,unknown,0
45,blue-collar,married,secondary,no,317,no,no,cellular,4,0,unknown,0
52,blue-collar,married,secondary,no,-53,yes,no,cellular,1,0,unknown,0
33,blue-collar,divorced,secondary,no,406,no,yes,cellular,2,0,unknown,0
49,self-employed,single,tertiary,no,1287,yes,no,cellular,2,0,failure,0
31,student,married,primary,no,88,yes,no,unknown,2,0,unknown,0
32,blue-collar,divorced,tertiary,no,172,yes,no,unknown,2,0,failure,0
58,management,married,unknown,no,553,no,yes,unknown,2,0,unknown,1
52,admin.,married,primary,no,579,no,no,cellular,1,0,unknown,0
26,blue-collar,divorced,tertiary,no,-80,yes,no,unknown,1,0,unknown,0
41,management,married,tertiary,no,3072,no,no,cellular,5,0,unknown,0
33,student,single,tertiary,no,963,no,no,cellular,2,0,unknown,0
36,blue-collar,married,tertiary,no,593,yes,no,telephone,1,0,unknown,0
33,management,married,secondary,no,2,yes,no,cellular,2,0,other,0
40,blue-collar,married,primary,no,2933,yes,no,unknown,2,0,unknown,0
58,technician,married,secondary,no,1,yes,no,telephone,1,0,unknown,0
58,entrepreneur,married,tertiary,no,4177,no,no,cellular,1,0,unknown,0
41,management,married,secondary,no,-84,yes,no,unknown,7,0,unknown,0
35,technician,single,tertiary,no,458,yes,no,unknown,1,0,unknown,0
78,retired,married,tertiary,no,1557,no,no,unknown,7,1,failure,0
37,management,married,primary,no,826,no,no,cellular,1,0,unknown,0
45,blue-collar,single,primary,no,2763,no,no,unknown,4,0,unknown,0
35,blue-collar,married,secondary,no,305,yes,yes,cellular,2,0,unknown,0
34,technician,married,unknown,no,173,yes,no,telephone,1,2,unknown,1
57,entrepreneur,married,tertiary,no,8121,yes,no,cellular,3,2,success,0
31,management,single,tertiary,no,2485,yes,no,cellular,5,0,unknown,0
28,blue-collar,married,secondary,no,-849,yes,no,cellular,3,0,unknown,0
34,technician,single,secondary,no,0,yes,yes,cellular,2,0,unknown,0
51,blue-collar,divorced,secondary,no,3929,no,no,telephone,1,0,unknown,0
38,blue-collar,married,secondary,no,4,yes,no,unknown,2,0,unknown,0
34,technician,married,primary,no,741,no,yes,cellular,1,0,unknown,0
42,blue-collar,single,secondary,no,218,no,no,unknown,1,0,unknown,0
43,technician,married,tertiary,no,0,yes,no,unknown,4,0,unknown,0
37,retired,divorced,secondary,no,47,yes,no,unknown,2,0,unknown,0
46,technician,married,primary,no,340,no,no,cellular,1,0,unknown,1
27,management,married,secondary,no,0,yes,no,cellular,1,0,other,0
63,blue-collar,divorced,primary,no,1010,no,no,cellular,2,0,failure,0
56,blue-collar,single,secondary,no,543,no,no,telephone,1,0,unknown,0
58,self-employed,married,secondary,no,1497,no,no,unknown,4,0,unknown,0
28,blue-collar,married,secondary,no,443,yes,no,cellular,4,0,unknown,0
26,blue-collar,single,secondary,no,1012,no,yes,cellular,1,2,unknown,0
50,entrepreneur,divorced,tertiary,no,417,yes,no,cellular,1,1,unknown,0
35,blue-collar,married,secondary,no,0,yes,no,unknown,2,0,unknown,0
33,management,single,tertiary,no,763,no,no,cellular,2,0,unknown,0
42,services,single,tertiary,no,2893,no,no,cellular,5,0,unknown,0
60,blue-collar,divorced,tertiary,no,5802,yes,no,unknown,1,0,unknown,0
38,blue-collar,married,secondary,no,5091,yes,no,cellular,2,1,unknown,0
34,blue-collar,single,tertiary,no,206,yes,no,cellular,7,2,unknown,0
46,blue-collar,married,primary,no,126,no,no,unknown,2,0,unknown,0
36,services,divorced,secondary,no,305,no,yes,cellular,1,0,unknown,0
34,blue-collar,married,secondary,no,481,yes,yes,telephone,1,0,unknown,0
52,unemployed,married,tertiary,no,474,no,no,telephone,5,0,unknown,0
51,management,married,secondary,no,168,yes,no,unknown,24,0,unknown,0
53,housemaid,single,tertiary,no,0,no,no,cellular,8,0,unknown,0
39,management,married,tertiary,no,0,no,no,cellular,1,0,unknown,1
45,entrepreneur,married,primary,yes,0,yes,no,cellular,2,0,unknown,0
54,management,divorced,tertiary,no,8897,yes,no,cellular,4,0,unknown,0
58,management,single,tertiary,no,593,no,no,cellular,3,0,unknown,0
34,blue-collar,married,secondary,no,2410,yes,no,unknown,5,0,unknown,0
40,services,married,tertiary,no,586,no,no,cellular,1,0,unknown,0
45,blue-collar,married,secondary,no,1875,yes,no,cellular,2,0,other,0
30,self-employed,married,secondary,no,7727,no,no,unknown,2,0,unknown,0
29,technician,married,tertiary,no,3695,yes,no,telephone,4,1,unknown,0
46,technician,married,secondary,no,553,yes,no,unknown,2,0,unknown,0
36,self-employed,married,tertiary,no,360,yes,no,unknown,2,1,failure,0
49,blue-collar,married,secondary,no,4985,yes,no,unknown,2,0,unknown,0
38,management,single,secondary,no,10,no,no,cellular,4,0,unknown,0
43,self-employed,single,tertiary,no,447,yes,yes,unknown,1,1,unknown,1
32,entrepreneur,married,tertiary,no,78,no,yes,unknown,3,0,unknown,0
48,management,single,tertiary,no,230,yes,no,telephone,14,0,unknown,0
49,management,married,tertiary,no,671,yes,yes,unknown,1,0,unknown,0
39,technician,married,tertiary,no,4938,no,no,unknown,2,0,unknown,0
23,blue-collar,single,secondary,no,11897,yes,no,cellular,6,0,unknown,0
55,student,married,primary,no,2407,no,no,telephone,1,0,unknown,1
50,management,married,secondary,no,1314,no,no,cellular,3,0,unknown,0
35,blue-collar,married,tertiary,no,2644,no,no,cellular,3,0,unknown,1
35,blue-collar,married,secondary,no,406,yes,no,cellular,6,0,unknown,0
41,self-employed,single,secondary,no,0,yes,no,unknown,2,0,unknown,0
38,management,married,secondary,no,24,no,no,cellular,3,0,other,0
36,admin.,married,secondary,no,4758,no,no,unknown,2,0,other,1
59,blue-collar,divorced,tertiary,no,4811,yes,no,unknown,2,0,unknown,0
49,management,married,secondary,no,7,yes,no,cellular,2,0,unknown,1
30,blue-collar,single,secondary,no,38,no,no,cellular,3,0,unknown,0
38,services,married,secondary,no,260,no,no,unknown,2,0,unknown,0
25,blue-collar,single,tertiary,no,565,yes,no,cellular,1,0,unknown,0
48,technician,single,secondary,no,2889,yes,no,cellular,2,0,unknown,0
33,technician,married,secondary,no,145,yes,no,unknown,2,0,unknown,0
31,management,single,secondary,no,238,yes,no,cellular,3,0,unknown,0
41,retired,single,tertiary,no,396,yes,no,cellular,2,1,success,0
36,housemaid,married,secondary,no,939,no,yes,cellular,1,0,unknown,0
30,blue-collar,single,secondary,no,2749,yes,no,cellular,1,0,unknown,1
39,blue-collar,married,unknown,no,188,yes,no,cellular,18,0,unknown,0
40,technician,single,tertiary,no,6974,yes,no,cellular,3,0,unknown,1
29,services,married,secondary,no,-230,no,no,cellular,1,0,unknown,0
41,housemaid,married,secondary,no,73,yes,no,unknown,1,0,unknown,0
44,admin.,married,secondary,no,439,yes,no,unknown,3,0,unknown,0
58,technician,single,secondary,no,-558,yes,no,cellular,4,2,failure,0
52,management,married,tertiary,no,619,yes,no,cellular,2,0,unknown,0
39,services,single,tertiary,no,10557,no,no,unknown,2,0,failure,0
56,services,married,secondary,no,0,yes,yes,cellular,8,0,unknown,0
56,admin.,married,primary,no,200,no,yes,cellular,2,0,unknown,0
49,blue-collar,married,primary,no,16,no,yes,cellular,1,0,unknown,1
26,retired,married,secondary,no,717,no,yes,cellular,1,0,unknown,0
37,technician,married,tertiary,no,16628,yes,no,cellular,1,0,unknown,0
59,blue-collar,divorced,secondary,no,1073,yes,no,unknown,1,0,unknown,0
48,entrepreneur,married,tertiary,no,1533,no,no,cellular,4,0,unknown,0
34,unemployed,married,tertiary,no,280,no,no,cellular,2,0,unknown,0
39,technician,single,secondary,no,845,yes,no,unknown,1,0,unknown,0
33,blue-collar,married,secondary,no,298,yes,no,cellular,2,0,unknown,1
38,technician,married,primary,no,780,yes,no,cellular,2,0,unknown,0
51,technician,married,secondary,no,1161,yes,no,unknown,1,0,unknown,0
49,blue-collar,married,secondary,no,150,no,yes,cellular,1,1,other,0
55,blue-collar,married,secondary,no,2764,no,yes,unknown,2,0,unknown,0
52,blue-collar,married,tertiary,no,434,no,no,unknown,1,0,unknown,0
42,blue-collar,married,secondary,no,0,yes,no,cellular,1,0,unknown,0
59,housemaid,divorced,tertiary,no,1906,no,no,cellular,6,0,unknown,1
58,services,married,primary,no,4541,no,no,cellular,2,0,unknown,1
46,services,married,tertiary,no,-15,yes,no,unknown,2,0,other,0
29,management,single,tertiary,no,495,yes,no,cellular,7,0,unknown,0
40,blue-collar,single,secondary,no,2763,yes,no,cellular,1,0,unknown,0
47,services,married,secondary,no,3207,yes,no,cellular,1,0,failure,0
41,services,married,primary,no,-425,yes,no,unknown,2,0,unknown,0
26,admin.,married,primary,no,3831,yes,no,cellular,2,0,unknown,0
37,blue-collar,single,primary,no,3173,no,yes,cellular,1,0,unknown,0
38,services,married,secondary,no,2916,yes,no,cellular,3,0,failure,0
43,technician,married,unknown,no,7783,no,no,cellular,3,0,other,0
50,student,divorced,secondary,no,-20,yes,no,cellular,2,0,unknown,0
32,services,married,tertiary,no,0,no,yes,unknown,1,0,unknown,0
34,technician,single,tertiary,no,200,no,no,cellular,1,0,unknown,0
34,management,married,tertiary,no,0,yes,no,cellular,2,0,unknown,0
50,technician,married,tertiary,no,10198,no,no,unknown,4,0,unknown,0
34,housemaid,married,tertiary,no,1548,yes,no,unknown,2,0,unknown,0
35,services,married,tertiary,no,774,no,no,cellular,2,1,unknown,0
35,management,married,tertiary,no,1467,no,no,cellular,2,0,success,0
55,unemployed,married,primary,no,830,yes,no,cellular,3,0,unknown,0
50,management,married,secondary,no,1176,no,no,cellular,1,0,unknown,0
58,management,married,tertiary,no,236,yes,no,cellular,2,0,unknown,0
52,retired,married,tertiary,no,1957,yes,no,cellular,2,1,failure,0
36,technician,married,secondary,no,1033,yes,no,cellular,1,0,unknown,0
56,services,married,secondary,no,84,no,no,cellular,1,0,unknown,0
35,management,married,primary,no,787,yes,no,cellular,4,0,unknown,0
58,management,divorced,tertiary,no,0,no,no,cellular,1,0,unknown,0
39,admin.,married,secondary,yes,-666,no,no,cellular,2,0,unknown,0
40,self-employed,married,secondary,no,14,no,no,cellular,4,0,unknown,0
31,admin.,married,secondary,no,1065,yes,yes,cellular,2,2,unknown,0
35,blue-collar,married,secondary,no,44,yes,no,unknown,5,0,unknown,0
51,management,married,tertiary,no,153,no,yes,cellular,2,1,failure,0
34,technician,married,secondary,no,4887,yes,no,cellular,1,0,failure,0
28,admin.,single,primary,no,9011,yes,no,cellular,2,0,failure,0
37,services,married,tertiary,no,8503,yes,no,cellular,2,0,unknown,0
35,admin.,single,secondary,no,0,yes,no,unknown,1,0,unknown,0
40,unemployed,single,primary,no,2674,yes,no,unknown,1,0,unknown,0
29,services,married,secondary,no,-344,yes,yes,cellular,1,0,unknown,0
56,self-employed,married,tertiary,no,4285,no,no,unknown,4,0,unknown,0
33,admin.,married,tertiary,no,3929,yes,no,cellular,1,0,unknown,0
50,management,married,secondary,no,1078,no,no,unknown,2,0,unknown,0
46,blue-collar,married,secondary,no,2685,yes,no,unknown,2,0,unknown,0
32,technician,married,secondary,no,1964,yes,no,unknown,1,0,unknown,0
33,blue-collar,divorced,secondary,no,7045,yes,no,cellular,4,0,unknown,0
43,retired,married,secondary,no,4675,no,no,cellular,1,0,unknown,0
42,self-employed,married,tertiary,no,0,no,no,cellular,1,0,unknown,0
52,technician,single,secondary,no,872,yes,no,cellular,1,0,unknown,0
28,management,married,secondary,no,775,no,no,unknown,2,0,unknown,0
43,student,married,secondary,no,769,no,yes,cellular,2,0,other,0
38,entrepreneur,single,primary,no,2,no,no,cellular,1,1,failure,1
41,housemaid,single,secondary,no,543,yes,no,cellular,2,2,unknown,1
32,blue-collar,single,secondary,no,-424,no,no,cellular,2,0,unknown,0
33,unemployed,single,unknown,no,11266,no,no,cellular,3,1,unknown,0
34,blue-collar,single,secondary,no,-48,yes,yes,unknown,8,0,unknown,0
49,blue-collar,married,secondary,no,0,yes,no,unknown,3,0,unknown,0
41,management,married,unknown,no,355,yes,no,cellular,5,0,unknown,1
47,management,married,tertiary,no,209,no,no,cellular,2,0,unknown,1
32,blue-collar,married,tertiary,no,759,no,no,unknown,2,0,unknown,0
32,student,married,secondary,no,1847,yes,no,unknown,2,0,unknown,0
51,services,single,secondary,no,6414,yes,no,cellular,2,0,unknown,0
35,retired,married,secondary,no,-335,no,no,cellular,2,0,unknown,0
27,services,married,tertiary,no,1533,no,yes,telephone,1,0,unknown,0
37,blue-collar,single,primary,no,0,no,no,unknown,3,0,unknown,0
32,blue-collar,married,tertiary,no,320,yes,no,cellular,2,0,failure,0
30,management,single,secondary,no,238,yes,no,cellular,3,0,unknown,0
26,blue-collar,married,unknown,no,316,yes,no,cellular,1,0,unknown,0
24,admin.,single,secondary,no,1794,yes,no,cellular,1,0,unknown,1
45,unemployed,married,tertiary,no,5,no,no,cellular,1,0,failure,0
54,entrepreneur,married,tertiary,no,1067,no,no,unknown,1,0,unknown,1
27,retired,single,tertiary,no,23,yes,no,unknown,6,3,failure,0
39,management,single,secondary,no,-748,yes,no,cellular,2,3,failure,0
58,blue-collar,divorced,primary,no,1853,yes,no,cellular,2,0,unknown,0
29,technician,married,tertiary,no,0,yes,no,cellular,2,1,unknown,0
34,housemaid,single,secondary,no,658,yes,no,cellular,2,0,unknown,0
49,technician,divorced,secondary,no,1744,no,no,unknown,1,0,unknown,0
34,admin.,single,secondary,no,3461,yes,no,unknown,1,0,unknown,0
33,blue-collar,married,secondary,no,187,yes,no,cellular,3,0,unknown,0
51,admin.,married,secondary,no,84,yes,no,cellular,2,0,unknown,0
45,technician,married,secondary,no,-249,no,no,unknown,9,0,unknown,0
27,management,married,tertiary,no,997,no,no,cellular,2,0,unknown,0
33,blue-collar,married,tertiary,no,780,yes,yes,cellular,3,0,unknown,1
48,management,married,tertiary,no,8309,no,no,cellular,4,0,unknown,1
47,management,single,secondary,no,4159,yes,yes,unknown,5,0,other,0
34,technician,married,secondary,no,502,yes,no,cellular,2,0,unknown,0
32,management,married,tertiary,no,60,yes,no,cellular,1,0,unknown,1
29,blue-collar,married,secondary,no,1151,yes,no,cellular,6,0,failure,0
32,housemaid,married,tertiary,no,1159,no,no,cellular,4,0,unknown,1
39,services,divorced,tertiary,no,3316,no,no,cellular,2,0,unknown,0
36,blue-collar,single,primary,no,0,yes,yes,cellular,2,0,unknown,0
31,blue-collar,married,tertiary,no,410,yes,no,cellular,2,0,unknown,0
33,entrepreneur,married,secondary,no,889,yes,no,unknown,1,0,unknown,0
33,blue-collar,single,tertiary,no,2146,no,no,cellular,1,5,failure,0
32,unknown,married,unknown,no,3172,yes,no,cellular,1,0,unknown,0
48,unemployed,married,secondary,no,0,yes,no,cellular,5,0,unknown,0
34,retired,single,tertiary,no,0,no,yes,cellular,3,0,failure,1
43,housemaid,married,primary,no,0,no,no,cellular,2,0,unknown,0
30,retired,married,tertiary,no,952,yes,no,unknown,4,0,unknown,0
50,blue-collar,single,tertiary,no,331,yes,yes,cellular,2,3,failure,0
31,blue-collar,single,secondary,no,4785,yes,no,cellular,4,0,unknown,0
49,technician,married,secondary,no,945,no,no,unknown,6,0,unknown,0
59,self-employed,single,tertiary,no,7834,no,no,cellular,1,4,failure,0
61,technician,single,tertiary,no,0,no,yes,cellular,2,2,unknown,0
49,entrepreneur,married,secondary,no,171,yes,no,unknown,15,0,unknown,0
44,technician,married,tertiary,no,451,no,yes,cellular,1,8,other,0
51,unemployed,single,unknown,no,1890,yes,no,telephone,1,0,unknown,1
48,management,single,tertiary,no,1375,no,no,telephone,3,2,success,0
58,management,married,secondary,no,1032,no,no,cellular,1,2,failure,0
29,retired,single,secondary,no,61,yes,no,unknown,11,0,unknown,0
32,technician,divorced,secondary,no,14,no,yes,unknown,2,0,unknown,0
82,management,married,primary,no,23,no,no,cellular,5,0,unknown,0
39,technician,married,tertiary,no,691,no,no,cellular,1,0,unknown,0
34,blue-collar,married,primary,no,63144,no,no,unknown,16,0,unknown,0
31,admin.,divorced,primary,no,310,yes,no,unknown,1,0,unknown,0
31,management,married,tertiary,no,-193,no,yes,cellular,1,0,other,0
55,entrepreneur,divorced,secondary,no,3163,yes,no,cellular,2,0,unknown,0
53,blue-collar,divorced,secondary,no,7520,no,no,cellular,1,0,unknown,0
39,technician,single,secondary,no,191,yes,no,cellular,1,0,unknown,1
47,blue-collar,married,unknown,no,1161,yes,no,cellular,1,2,failure,0
40,management,single,secondary,no,969,no,no,cellular,1,0,unknown,0
36,blue-collar,single,secondary,no,-204,yes,no,cellular,1,0,unknown,0
53,blue-collar,married,secondary,no,443,yes,no,unknown,1,0,unknown,1
43,technician,married,tertiary,no,99,yes,no,unknown,5,0,unknown,0
51,blue-collar,married,tertiary,no,480,no,no,cellular,1,0,unknown,0
39,management,married,tertiary,no,4775,no,no,cellular,1,0,failure,0
31,retired,married,secondary,no,0,yes,no,cellular,6,0,unknown,0
39,management,married,tertiary,no,466,yes,no,unknown,3,0,unknown,0
30,technician,single,secondary,no,1122,no,yes,unknown,2,0,unknown,0
35,management,single,secondary,no,2423,no,no,cellular,1,0,unknown,1
33,blue-collar,divorced,secondary,no,777,no,no,cellular,3,0,failure,0
43,management,married,primary,no,116,no,no,unknown,1,0,unknown,0
23,self-employed,married,tertiary,no,-566,yes,no,unknown,1,0,unknown,0
47,blue-collar,married,tertiary,no,360,no,no,unknown,3,0,unknown,0
58,admin.,married,secondary,no,4702,yes,no,cellular,1,5,failure,0
30,services,single,tertiary,no,253,no,no,unknown,1,0,unknown,0
36,technician,married,tertiary,no,32,no,no,cellular,5,0,unknown,0
36,management,married,secondary,no,589,yes,no,cellular,2,0,unknown,0
30,unemployed,single,tertiary,no,226,yes,no,unknown,1,0,unknown,0
51,admin.,divorced,secondary,no,114,yes,no,unknown,2,0,unknown,0
23,services,single,secondary,no,1325,no,yes,cellular,1,0,unknown,0
57,blue-collar,single,secondary,no,4100,no,no,unknown,1,1,unknown,0
50,admin.,married,secondary,no,1043,yes,no,cellular,1,0,unknown,0
39,blue-collar,single,secondary,no,64,no,no,cellular,1,1,other,0
32,management,married,secondary,no,4,yes,no,unknown,3,0,unknown,0
33,management,married,secondary,no,153,no,yes,cellular,3,0,unknown,0
41,entrepreneur,married,primary,no,266,yes,no,unknown,1,2,unknown,1
53,services,single,secondary,no,26411,no,no,cellular,1,0,unknown,1
49,housemaid,married,secondary,no,820,yes,no,cellular,2,0,unknown,0
27,management,married,tertiary,no,1587,yes,no,cellular,7,0,unknown,0
37,admin.,single,secondary,no,167,yes,no,telephone,1,1,unknown,1
36,technician,single,secondary,no,816,yes,no,cellular,1,0,unknown,0
58,retired,married,secondary,no,3276,no,no,cellular,2,0,unknown,0
29,technician,married,tertiary,no,7083,yes,no,telephone,1,5,unknown,1
37,blue-collar,married,tertiary,no,474,yes,yes,cellular,2,0,unknown,0
42,services,single,secondary,no,1012,yes,no,cellular,1,0,unknown,0
42,blue-collar,single,secondary,no,317,no,no,cellular,1,0,unknown,0
48,management,divorced,tertiary,no,3705,yes,no,cellular,1,0,failure,0
36,blue-collar,married,tertiary,no,8,yes,no,cellular,3,0,unknown,0
32,technician,single,secondary,no,1309,no,no,unknown,5,0,unknown,0
31,management,married,tertiary,no,493,yes,no,cellular,1,0,unknown,0
35,blue-collar,single,secondary,no,1882,yes,no,cellular,2,0,unknown,0
37,admin.,divorced,secondary,no,2185,no,no,cellular,3,0,unknown,0
33,retired,married,tertiary,no,202,no,no,cellular,2,2,failure,0
31,self-employed,married,secondary,no,434,yes,no,cellular,2,0,unknown,0
43,technician,divorced,unknown,no,846,no,no,cellular,2,2,failure,0
27,management,single,tertiary,no,925,no,no,cellular,2,0,success,1
40,technician,married,secondary,no,145,yes,yes,cellular,2,0,unknown,0
58,management,single,primary,no,1134,no,no,unknown,8,0,unknown,0
40,admin.,divorced,primary,no,687,yes,no,unknown,2,0,unknown,0
42,blue-collar,married,secondary,no,1101,no,no,unknown,1,0,unknown,0
48,student,married,tertiary,no,317,no,yes,cellular,4,0,unknown,0
37,housemaid,married,secondary,no,4022,yes,no,cellular,6,2,failure,0
52,blue-collar,married,primary,no,-402,yes,no,unknown,2,0,failure,0
37,services,married,primary,no,2925,no,no,cellular,5,0,unknown,0
33,management,married,tertiary,no,5,yes,no,cellular,5,0,success,0
34,services,single,unknown,no,3935,no,no,telephone,2,0,unknown,0
32,management,married,tertiary,no,96,yes,yes,telephone,2,0,unknown,0
33,blue-collar,married,unknown,no,179,yes,no,cellular,2,0,unknown,0
41,management,married,secondary,no,852,no,no,cellular,1,0,unknown,0
58,management,married,secondary,no,255,yes,no,cellular,1,0,unknown,0
54,blue-collar,married,tertiary,no,484,yes,no,unknown,2,0,unknown,1
37,management,single,tertiary,no,435,yes,no,unknown,2,0,unknown,0
41,housemaid,single,tertiary,no,1412,yes,no,unknown,3,0,unknown,0
33,blue-collar,married,tertiary,no,778,no,no,cellular,3,0,unknown,0
50,self-employed,married,secondary,no,2895,yes,no,cellular,3,0,unknown,0
32,services,married,secondary,no,421,no,no,unknown,2,0,unknown,0
40,entrepreneur,married,secondary,no,1529,no,no,cellular,4,1,failure,0
36,blue-collar,married,tertiary,no,769,yes,no,cellular,1,1,failure,1
56,technician,married,tertiary,no,1282,yes,no,cellular,3,0,unknown,0
43,management,single,unknown,yes,318,no,yes,cellular,2,0,unknown,0
57,blue-collar,married,tertiary,no,2547,yes,no,cellular,6,0,unknown,0
41,services,married,secondary,yes,198,yes,no,cellular,6,0,unknown,1
32,technician,single,secondary,no,34,no,no,cellular,1,0,unknown,1
49,blue-collar,married,secondary,no,1666,yes,no,cellular,2,0,unknown,0
34,admin.,married,tertiary,no,1970,no,yes,cellular,4,2,unknown,0
39,technician,single,tertiary,no,0,no,no,cellular,6,0,unknown,0
70,blue-collar,divorced,secondary,no,-1,yes,yes,cellular,2,0,success,0
36,unemployed,single,tertiary,no,2241,no,no,cellular,3,0,unknown,0
57,unemployed,single,secondary,no,223,yes,no,cellular,1,0,unknown,0
29,management,married,primary,no,6184,yes,no,cellular,3,0,failure,0
34,management,married,tertiary,no,641,no,no,cellular,2,0,success,0
55,admin.,divorced,secondary,no,0,yes,no,cellular,2,0,unknown,0
25,technician,single,unknown,no,2172,yes,no,cellular,3,0,unknown,0
35,technician,married,secondary,no,39,yes,no,cellular,1,0,success,1
50,technician,single,secondary,no,103,no,no,cellular,8,0,unknown,0
50,services,married,primary,no,502,no,no,cellular,4,0,unknown,1
46,technician,single,primary,no,1168,yes,no,unknown,2,0,unknown,0
32,management,single,secondary,yes,-13,yes,no,cellular,2,0,unknown,0
47,management,married,secondary,no,5362,yes,no,cellular,3,3,failure,0
32,admin.,single,secondary,no,835,no,no,cellular,1,0,unknown,0
31,blue-collar,single,secondary,no,0,yes,no,unknown,1,0,unknown,0
33,retired,married,tertiary,no,16,yes,no,cellular,1,0,success,0
43,unknown,single,secondary,no,4231,yes,no,cellular,5,0,unknown,0
60,unemployed,married,primary,no,0,no,yes,cellular,2,0,unknown,0
40,blue-collar,divorced,secondary,no,10912,yes,no,cellular,2,0,unknown,0
57,management,married,tertiary,no,2977,no,no,cellular,2,0,unknown,0
49,admin.,married,secondary,no,1553,yes,no,cellular,5,0,unknown,0
54,management,married,tertiary,no,-631,yes,no,cellular,2,0,success,0
31,management,single,primary,no,179,no,no,unknown,1,0,unknown,0
34,blue-collar,married,tertiary,no,4759,yes,no,cellular,3,0,unknown,0
36,technician,married,secondary,no,1947,no,no,cellular,3,0,unknown,0
36,management,single,primary,no,1308,yes,no,cellular,1,0,unknown,0
44,blue-collar,married,secondary,no,771,no,no,cellular,1,0,other,0
33,blue-collar,single,tertiary,no,702,yes,no,cellular,1,0,unknown,0
33,blue-collar,single,tertiary,no,0,no,no,cellular,3,0,unknown,0
48,blue-collar,divorced,primary,no,194,yes,no,cellular,2,0,unknown,1
50,management,divorced,tertiary,no,1210,yes,no,cellular,6,0,unknown,0
36,unknown,married,secondary,no,61,yes,no,cellular,2,0,unknown,0
34,management,single,secondary,no,43,yes,yes,cellular,6,1,success,0
30,technician,married,secondary,no,5111,no,no,cellular,3,0,unknown,0
64,entrepreneur,divorced,secondary,no,2544,no,no,cellular,3,0,unknown,0
50,retired,married,secondary,no,567,yes,no,cellular,3,0,unknown,0
62,management,married,tertiary,no,1790,yes,no,cellular,2,0,failure,0
47,entrepreneur,divorced,secondary,no,550,yes,no,cellular,2,0,failure,0
34,student,divorced,secondary,no,380,yes,no,unknown,2,0,failure,0
47,technician,married,secondary,no,162,yes,yes,cellular,5,0,unknown,0
34,technician,single,tertiary,no,-216,no,no,unknown,4,0,unknown,0
44,technician,married,secondary,no,1409,no,no,cellular,1,0,unknown,0
31,admin.,married,primary,no,1292,yes,no,unknown,2,0,unknown,0
54,blue-collar,married,secondary,no,201,no,no,cellular,2,0,unknown,0
42,management,single,unknown,no,500,yes,yes,cellular,3,0,unknown,1
34,management,married,tertiary,no,419,yes,yes,cellular,3,0,unknown,0
32,management,married,secondary,no,1167,yes,yes,unknown,3,0,unknown,0
35,management,married,secondary,no,788,no,yes,cellular,1,0,unknown,1
52,blue-collar,divorced,primary,no,-41,yes,no,cellular,3,0,unknown,0
31,unemployed,married,tertiary,no,1148,yes,no,cellular,1,0,other,0
45,admin.,divorced,primary,no,12,yes,no,unknown,2,0,unknown,0
50,management,married,secondary,no,883,no,no,cellular,2,0,unknown,0
27,technician,single,secondary,no,0,yes,no,cellular,2,2,unknown,0
55,blue-collar,single,tertiary,no,3402,yes,no,cellular,2,0,unknown,0
28,self-employed,divorced,secondary,no,0,no,no,telephone,1,0,unknown,0
47,technician,married,unknown,yes,795,yes,no,cellular,1,2,success,0
45,services,married,tertiary,no,644,no,no,unknown,3,0,success,0
32,student,single,secondary,no,260,no,no,telephone,3,0,unknown,0
55,blue-collar,married,secondary,no,219,yes,no,cellular,3,0,unknown,0
36,management,married,tertiary,no,8306,no,no,unknown,7,0,unknown,0
43,entrepreneur,divorced,primary,no,0,no,no,cellular,1,0,unknown,0
63,management,single,tertiary,no,663,no,no,telephone,11,0,unknown,0
33,admin.,married,secondary,no,414,yes,no,cellular,1,0,failure,0
44,admin.,single,primary,no,845,yes,no,cellular,2,0,unknown,0
29,blue-collar,single,primary,no,584,no,no,cellular,2,0,unknown,0
31,blue-collar,married,secondary,no,340,yes,no,unknown,1,0,unknown,1
48,technician,married,tertiary,no,-286,no,no,unknown,2,0,unknown,0
53,blue-collar,married,tertiary,yes,225,yes,no,unknown,4,0,unknown,0
28,management,married,unknown,no,51,no,no,cellular,3,0,unknown,0
32,blue-collar,married,secondary,no,360,no,no,unknown,3,0,unknown,0
39,technician,married,secondary,no,12,no,no,cellular,2,0,unknown,0
46,management,married,secondary,no,1170,yes,no,telephone,1,0,unknown,0
56,services,married,tertiary,no,2193,yes,no,cellular,5,0,failure,0
55,management,married,primary,no,895,yes,yes,cellular,3,0,unknown,0
54,technician,married,secondary,no,490,yes,no,cellular,1,0,unknown,0
34,admin.,divorced,tertiary,no,320,yes,no,cellular,1,0,other,0
42,technician,married,secondary,no,-306,yes,no,unknown,2,0,unknown,0
31,technician,married,tertiary,no,16,yes,no,unknown,3,0,unknown,0
45,services,divorced,primary,no,869,yes,yes,cellular,2,0,unknown,0
46,technician,married,secondary,no,5107,yes,no,unknown,1,0,unknown,0
29,blue-collar,single,secondary,no,381,yes,no,cellular,2,2,unknown,0
41,management,married,secondary,no,487,yes,no,unknown,4,0,unknown,0
33,services,single,secondary,no,179,yes,no,cellular,13,0,unknown,0
32,admin.,divorced,secondary,no,1466,yes,yes,cellular,2,0,unknown,0
35,unknown,married,secondary,no,541,yes,no,unknown,2,0,unknown,0
48,blue-collar,single,secondary,no,-931,yes,no,cellular,3,0,unknown,0
33,student,married,secondary,no,1645,yes,no,cellular,7,0,unknown,0
55,admin.,married,secondary,no,144,yes,no,unknown,2,1,unknown,0
44,retired,divorced,primary,no,73,yes,no,unknown,1,1,failure,0
31,blue-collar,married,secondary,no,50,yes,no,cellular,1,3,other,1
36,blue-collar,married,secondary,no,282,yes,no,unknown,1,0,unknown,0
33,management,married,secondary,no,1108,yes,yes,cellular,1,0,unknown,0
36,admin.,married,primary,no,483,yes,no,cellular,3,0,unknown,0
63,unknown,divorced,secondary,yes,-255,no,no,cellular,7,0,unknown,0
32,unemployed,married,tertiary,no,228,yes,no,telephone,3,0,unknown,0
51,technician,married,tertiary,no,2475,no,no,cellular,1,0,unknown,0
41,admin.,married,secondary,no,2168,yes,no,cellular,2,0,unknown,0
35,retired,married,tertiary,yes,-474,yes,no,unknown,1,0,other,0
56,management,married,tertiary,no,225,no,no,cellular,1,0,unknown,0
36,technician,married,tertiary,no,410,no,no,cellular,1,0,unknown,0
31,management,single,primary,yes,11190,yes,no,unknown,3,0,unknown,0
34,management,married,primary,no,13461,yes,no,unknown,5,0,unknown,0
42,technician,divorced,secondary,no,-396,yes,yes,cellular,2,0,unknown,0
43,management,married,unknown,no,80,no,yes,cellular,2,0,failure,0
36,management,single,tertiary,no,58,yes,no,cellular,1,0,unknown,1
32,technician,single,secondary,no,264,no,no,cellular,3,0,unknown,1
41,admin.,single,secondary,no,1005,yes,no,cellular,3,3,failure,0
57,blue-collar,divorced,primary,no,-585,no,no,unknown,2,0,unknown,1
29,management,married,secondary,no,168,no,no,cellular,5,0,unknown,0
52,retired,married,secondary,no,2278,no,yes,unknown,1,0,unknown,0
52,management,single,tertiary,no,-79,yes,no,cellular,1,0,unknown,1
40,admin.,married,secondary,no,0,yes,no,cellular,2,0,unknown,0
26,technician,married,tertiary,no,3187,yes,no,unknown,3,0,unknown,0
30,management,married,tertiary,no,583,yes,no,unknown,2,3,failure,0
56,admin.,single,secondary,no,290,yes,no,cellular,3,0,unknown,0
32,entrepreneur,married,tertiary,no,946,yes,no,cellular,3,0,unknown,0
35,management,married,secondary,no,1574,yes,no,unknown,1,0,unknown,0
58,blue-collar,married,tertiary,no,134,no,no,cellular,1,0,other,0
43,blue-collar,married,secondary,no,138,yes,yes,cellular,1,2,unknown,1
29,management,single,tertiary,no,640,yes,no,unknown,2,0,unknown,1
34,retired,married,secondary,no,1034,yes,no,cellular,1,0,failure,0
32,technician,divorced,primary,no,2364,yes,no,cellular,2,2,failure,1
35,blue-collar,single,primary,no,301,no,no,telephone,7,0,unknown,0
31,blue-collar,married,secondary,no,0,yes,no,cellular,1,0,failure,1
30,management,single,secondary,no,417,no,no,cellular,1,0,other,0
31,unemployed,divorced,tertiary,no,103,yes,no,cellular,5,0,unknown,0
39,management,single,primary,no,2720,yes,no,telephone,2,0,unknown,0
59,unemployed,married,secondary,yes,47,no,no,cellular,1,0,unknown,1
50,retired,married,secondary,no,0,yes,no,unknown,1,0,unknown,0
75,technician,divorced,secondary,no,463,no,no,cellular,2,0,failure,0
34,management,married,secondary,no,76,yes,no,cellular,1,2,unknown,1
34,admin.,married,unknown,no,10756,yes,no,unknown,11,0,unknown,0
32,management,single,secondary,no,980,no,no,cellular,1,0,unknown,0
43,services,married,secondary,no,81,no,no,cellular,2,0,unknown,0
49,technician,single,tertiary,no,920,no,no,cellular,2,0,unknown,0
34,services,married,secondary,no,294,yes,yes,cellular,2,0,failure,0
50,blue-collar,married,secondary,no,202,yes,no,telephone,1,1,unknown,0
49,blue-collar,married,secondary,no,-408,yes,no,unknown,1,0,unknown,1
46,blue-collar,married,secondary,no,116,yes,no,unknown,5,0,unknown,0
35,technician,single,secondary,no,358,no,no,cellular,4,0,unknown,0
39,management,married,tertiary,no,22705,yes,no,cellular,1,0,unknown,0
48,admin.,married,secondary,no,123,yes,no,unknown,1,0,other,0
27,technician,single,tertiary,no,603,yes,no,cellular,2,0,unknown,0
31,unemployed,married,secondary,no,742,no,no,unknown,6,0,unknown,0
47,admin.,single,secondary,no,593,yes,no,unknown,2,0,unknown,0
29,services,married,tertiary,no,3939,yes,no,cellular,5,0,failure,0
42,services,married,tertiary,no,452,no,no,cellular,2,0,unknown,0
36,admin.,married,primary,no,1058,no,yes,cellular,3,0,unknown,0
49,technician,married,tertiary,no,566,no,no,unknown,2,0,unknown,0
34,admin.,married,primary,no,586,yes,no,telephone,1,0,unknown,0
37,entrepreneur,married,secondary,no,694,no,yes,unknown,5,0,unknown,0
54,student,married,secondary,no,375,no,no,cellular,2,1,failure,0
33,management,married,secondary,no,2088,yes,no,unknown,2,0,unknown,0
33,retired,married,secondary,no,1772,no,no,cellular,2,1,unknown,0
42,blue-collar,married,secondary,no,524,no,no,unknown,1,0,unknown,1
47,services,married,secondary,no,1430,no,no,unknown,3,0,unknown,0
43,blue-collar,married,secondary,no,0,no,no,unknown,3,0,unknown,0
55,technician,single,secondary,no,804,yes,no,unknown,2,0,other,0
33,technician,single,secondary,no,3426,yes,no,unknown,1,0,unknown,0
58,admin.,married,secondary,yes,214,yes,no,cellular,1,0,unknown,0
31,management,married,secondary,no,94,yes,no,cellular,1,1,failure,0
37,services,married,secondary,no,1602,yes,no,cellular,1,0,unknown,0
35,management,single,tertiary,no,-305,yes,yes,unknown,3,0,other,0
27,blue-collar,married,primary,no,-635,yes,no,telephone,2,0,unknown,1
57,technician,single,secondary,no,-931,yes,no,cellular,2,0,unknown,0
55,management,married,tertiary,no,1691,yes,yes,cellular,2,0,unknown,0
27,blue-collar,single,tertiary,no,81,no,no,cellular,2,1,unknown,0
38,blue-collar,married,primary,no,1008,yes,no,unknown,2,0,unknown,0
28,management,single,secondary,no,4814,yes,no,unknown,5,1,other,0
76,blue-collar,divorced,secondary,no,133,yes,no,unknown,1,0,unknown,0
43,blue-collar,divorced,secondary,no,25,no,no,cellular,3,0,unknown,0
44,blue-collar,divorced,tertiary,no,102,yes,no,cellular,1,0,unknown,0
33,blue-collar,married,secondary,no,29,yes,yes,cellular,3,0,unknown,0
30,management,divorced,secondary,no,336,yes,no,cellular,2,2,success,1
25,housemaid,single,tertiary,no,178,yes,no,unknown,2,0,unknown,0
47,management,single,secondary,no,430,yes,no,cellular,1,0,unknown,0
27,housemaid,single,tertiary,no,79,no,no,cellular,6,0,unknown,0
31,blue-collar,married,secondary,no,445,yes,yes,cellular,3,2,failure,0
42,management,married,primary,no,1133,yes,no,unknown,3,0,unknown,0
35,technician,married,secondary,no,935,yes,no,unknown,2,0,unknown,0
34,entrepreneur,married,secondary,no,488,yes,no,telephone,5,0,unknown,0
38,technician,divorced,tertiary,no,0,no,no,cellular,6,0,unknown,0
35,admin.,married,primary,no,0,yes,no,unknown,3,0,unknown,0
37,blue-collar,single,primary,no,155,no,no,cellular,2,0,unknown,0
52,technician,divorced,secondary,no,158,yes,no,cellular,1,0,unknown,0
53,admin.,single,secondary,no,343,no,no,cellular,4,0,unknown,0
23,management,single,secondary,no,27,no,yes,cellular,2,0,unknown,0
36,management,married,tertiary,no,456,yes,no,unknown,5,0,unknown,1
33,services,married,primary,no,44,yes,no,unknown,1,0,unknown,0
38,management,divorced,primary,no,56,yes,no,cellular,2,0,other,0
44,services,married,tertiary,no,-436,no,no,cellular,3,0,unknown,0
33,admin.,married,tertiary,no,543,yes,no,cellular,1,0,unknown,0
57,self-employed,married,unknown,no,6273,no,no,cellular,2,1,success,0
49,blue-collar,married,unknown,no,1679,no,no,cellular,2,0,unknown,0
33,technician,married,secondary,no,1114,no,yes,telephone,1,0,unknown,0
30,services,single,tertiary,no,13684,yes,yes,telephone,4,0,unknown,0
29,technician,single,tertiary,no,3107,yes,no,unknown,3,0,unknown,0
36,unemployed,single,secondary,no,1587,no,no,cellular,1,0,unknown,0
60,management,divorced,secondary,no,5450,yes,no,cellular,1,0,success,0
48,management,married,secondary,no,-1204,no,no,cellular,2,0,unknown,0
28,housemaid,married,tertiary,no,1413,yes,no,cellular,6,0,unknown,0
33,management,married,tertiary,no,-453,yes,no,cellular,2,0,unknown,0
31,management,married,tertiary,no,100,no,no,unknown,2,0,unknown,0
46,technician,married,tertiary,no,26357,yes,no,unknown,1,0,unknown,0
50,admin.,married,secondary,no,17602,yes,no,cellular,8,2,failure,1
34,blue-collar,married,tertiary,no,361,no,no,cellular,1,0,unknown,1
37,housemaid,married,primary,no,60,yes,yes,cellular,2,0,unknown,0
60,student,divorced,tertiary,no,454,yes,no,cellular,1,0,unknown,0
42,management,married,tertiary,no,131,yes,no,cellular,2,0,unknown,0
36,technician,married,secondary,no,2819,yes,no,cellular,2,0,unknown,0
28,management,single,tertiary,no,18453,no,no,cellular,2,0,failure,0
55,management,married,tertiary,no,2975,no,no,unknown,1,1,unknown,0
59,management,divorced,primary,no,627,no,no,cellular,1,0,unknown,0
38,management,single,tertiary,no,61,yes,no,cellular,3,0,unknown,0
30,self-employed,married,secondary,no,64,no,no,cellular,4,0,other,1
58,technician,married,tertiary,no,4109,yes,no,cellular,1,1,failure,0
50,technician,married,tertiary,no,-138,yes,no,unknown,1,0,unknown,0
29,blue-collar,single,secondary,no,1999,yes,no,telephone,2,0,unknown,0
37,entrepreneur,married,secondary,no,3813,no,no,cellular,1,2,unknown,1
61,management,married,tertiary,no,2059,yes,no,unknown,1,0,unknown,0
32,blue-collar,married,secondary,no,2387,no,no,cellular,2,0,unknown,0
32,admin.,married,primary,no,-5,yes,yes,unknown,4,0,unknown,0
51,technician,married,secondary,no,2987,yes,no,unknown,2,0,unknown,0
39,entrepreneur,married,tertiary,no,5308,yes,no,telephone,6,0,unknown,0
32,technician,married,secondary,no,-422,no,no,cellular,2,0,unknown,0
31,housemaid,divorced,secondary,no,1666,yes,no,unknown,1,0,unknown,0
43,blue-collar,single,secondary,no,2763,yes,no,unknown,2,0,unknown,0
77,technician,married,secondary,no,2128,no,no,cellular,3,0,success,0
56,technician,married,secondary,no,7334,no,no,cellular,1,1,unknown,0
32,management,married,secondary,no,804,yes,no,cellular,1,0,unknown,1
48,blue-collar,single,tertiary,no,60,yes,no,cellular,2,2,success,0
42,blue-collar,married,tertiary,no,14,yes,no,cellular,1,1,unknown,0
37,student,married,secondary,no,302,no,no,unknown,2,1,unknown,1
46,management,single,primary,no,1593,no,no,cellular,6,0,success,0
45,services,divorced,unknown,no,2587,no,no,cellular,2,0,unknown,0
40,technician,married,secondary,no,0,yes,yes,cellular,2,0,unknown,0
33,admin.,single,tertiary,no,2103,yes,no,cellular,2,0,unknown,0
46,admin.,married,tertiary,no,35,no,no,cellular,1,0,unknown,0
37,technician,divorced,tertiary,no,1532,yes,no,cellular,1,0,unknown,1
24,technician,single,tertiary,no,2581,yes,no,cellular,2,0,unknown,0
38,student,married,tertiary,no,1069,yes,no,cellular,3,0,unknown,1
54,entrepreneur,single,unknown,yes,-168,yes,no,unknown,2,0,other,0
48,admin.,married,secondary,no,7647,no,no,cellular,8,0,unknown,0
30,admin.,single,secondary,no,278,yes,no,unknown,6,0,unknown,0
45,technician,single,secondary,no,26,yes,no,cellular,1,1,failure,0
35,blue-collar,divorced,secondary,no,326,yes,no,unknown,12,0,unknown,1
44,technician,married,unknown,no,2585,no,no,cellular,1,0,unknown,0
32,blue-collar,single,tertiary,no,950,yes,no,unknown,1,0,unknown,0
49,technician,married,secondary,no,246,no,no,cellular,1,1,unknown,0
38,entrepreneur,divorced,primary,no,-397,yes,no,cellular,1,0,unknown,0
41,retired,married,primary,no,893,yes,no,cellular,1,0,unknown,0
54,blue-collar,married,secondary,no,55,yes,no,cellular,2,0,unknown,0
35,technician,married,secondary,no,1045,no,no,cellular,1,0,unknown,1
23,entrepreneur,single,tertiary,no,79,no,no,telephone,2,0,unknown,0
29,admin.,married,primary,no,-449,yes,no,cellular,2,1,failure,0
55,retired,married,secondary,no,505,yes,no,unknown,4,0,unknown,0
53,blue-collar,married,secondary,no,259,no,no,cellular,1,0,unknown,0
47,management,married,primary,no,-352,no,no,cellular,3,0,unknown,0
44,admin.,married,secondary,no,771,yes,no,unknown,4,0,unknown,0
44,management,married,secondary,no,-402,no,no,cellular,2,0,unknown,0
30,management,single,tertiary,no,62,no,no,cellular,8,0,unknown,0
44,management,married,secondary,no,396,yes,no,cellular,1,1,unknown,0
32,technician,married,tertiary,no,0,yes,no,unknown,6,0,unknown,0
38,entrepreneur,married,secondary,no,0,yes,yes,unknown,1,2,failure,0
73,admin.,divorced,secondary,no,709,yes,yes,cellular,2,0,unknown,0
43,blue-collar,single,secondary,no,278,yes,no,cellular,2,0,unknown,0
31,technician,married,primary,no,23,no,no,unknown,1,0,unknown,0
46,technician,married,tertiary,no,456,yes,yes,unknown,3,0,unknown,0
44,technician,married,secondary,no,1797,no,no,unknown,3,0,unknown,0
32,services,married,secondary,no,188,yes,yes,cellular,1,0,unknown,0
56,blue-collar,divorced,secondary,no,10895,yes,no,unknown,1,0,unknown,1
32,management,single,tertiary,no,2668,no,yes,unknown,2,0,other,0
31,management,single,tertiary,no,223,no,yes,cellular,1,0,unknown,0
39,unknown,married,secondary,no,1336,yes,no,unknown,1,0,unknown,0
44,services,divorced,secondary,no,1280,yes,no,telephone,6,0,unknown,0
29,admin.,single,secondary,no,0,no,no,cellular,4,0,unknown,0
37,services,single,secondary,no,-220,yes,no,cellular,3,0,unknown,0
37,technician,single,primary,no,64,yes,no,cellular,3,2,failure,1
42,retired,married,secondary,no,15,no,no,unknown,3,0,unknown,0
40,admin.,single,primary,no,287,yes,no,unknown,1,0,unknown,0
32,entrepreneur,single,tertiary,no,606,yes,no,unknown,1,2,unknown,0
53,technician,married,tertiary,no,895,yes,no,cellular,2,0,unknown,0
34,management,divorced,primary,no,0,yes,no,telephone,2,0,unknown,0
43,management,divorced,tertiary,no,1509,no,yes,cellular,1,0,unknown,0
39,blue-collar,married,tertiary,no,7300,yes,no,cellular,1,0,unknown,0
56,services,single,primary,no,478,yes,no,cellular,2,0,unknown,0
56,housemaid,married,secondary,no,374,yes,no,cellular,1,0,unknown,0
45,management,married,secondary,no,82,no,no,unknown,2,0,unknown,0
39,blue-collar,single,tertiary,no,75,yes,no,cellular,3,0,unknown,0
26,management,married,unknown,no,1796,yes,no,cellular,2,0,unknown,1
53,blue-collar,married,primary,no,50,yes,no,cellular,2,0,success,0
26,admin.,single,tertiary,no,517,yes,no,cellular,8,0,unknown,0
38,management,single,secondary,no,1011,yes,no,cellular,3,0,unknown,0
29,admin.,single,secondary,no,435,yes,no,cellular,3,0,unknown,0
51,management,married,secondary,no,158,no,yes,cellular,2,0,failure,0
51,management,divorced,primary,no,6859,no,no,unknown,2,0,unknown,0
26,admin.,married,secondary,no,189,yes,yes,unknown,2,0,unknown,0
53,blue-collar,married,tertiary,no,1573,yes,no,cellular,1,0,unknown,0
37,blue-collar,married,tertiary,no,3434,no,no,cellular,1,0,unknown,0
35,blue-collar,married,tertiary,no,1593,yes,yes,unknown,1,0,unknown,0
49,blue-collar,married,secondary,no,14326,no,yes,cellular,2,0,unknown,1
29,management,married,tertiary,no,0,no,no,cellular,2,0,unknown,0
55,management,married,secondary,no,0,no,no,unknown,2,0,unknown,1
53,retired,divorced,secondary,no,808,no,no,cellular,2,4,failure,0
44,blue-collar,married,primary,no,2851,yes,yes,unknown,3,0,unknown,0
57,retired,married,tertiary,no,36,yes,no,cellular,1,0,unknown,0
50,management,married,secondary,no,0,no,yes,unknown,4,0,unknown,0
44,unknown,married,tertiary,no,5173,no,no,cellular,2,0,unknown,1
33,management,married,secondary,no,698,no,no,unknown,3,0,unknown,0
41,management,married,tertiary,no,1064,no,no,unknown,3,0,unknown,1
31,services,single,tertiary,no,4115,no,no,cellular,2,0,unknown,0
25,technician,married,tertiary,no,2678,yes,no,cellular,3,1,failure,0
39,retired,married,tertiary,no,1831,yes,no,unknown,1,0,failure,0
43,services,single,secondary,no,361,no,no,cellular,8,0,other,1
37,management,married,tertiary,no,2115,yes,no,cellular,4,0,failure,0
47,technician,married,primary,no,-315,yes,no,cellular,1,0,unknown,1
36,management,married,tertiary,no,10899,no,no,unknown,2,0,unknown,0
57,admin.,divorced,secondary,no,19642,yes,no,cellular,1,1,unknown,0
34,blue-collar,married,secondary,no,471,no,yes,cellular,1,0,unknown,0
36,management,single,tertiary,no,434,yes,no,unknown,1,0,unknown,0
33,technician,single,secondary,no,3349,no,no,telephone,1,0,success,0
62,admin.,married,secondary,no,751,no,yes,cellular,1,0,unknown,0
53,management,married,secondary,no,768,no,no,unknown,3,0,unknown,0
51,services,married,secondary,yes,49,yes,no,cellular,1,2,unknown,1
51,blue-collar,divorced,secondary,no,1427,yes,no,unknown,2,0,failure,0
55,housemaid,married,primary,no,5497,yes,no,unknown,1,0,unknown,0
31,management,single,secondary,no,34,no,no,unknown,1,0,unknown,1
41,blue-collar,divorced,secondary,no,1,yes,no,cellular,10,0,unknown,0
38,admin.,divorced,tertiary,no,5018,yes,no,cellular,1,0,unknown,0
29,management,married,secondary,no,113,no,no,unknown,6,0,unknown,0
34,technician,married,tertiary,no,1410,yes,no,cellular,2,0,unknown,1
31,blue-collar,married,secondary,no,806,no,yes,cellular,7,0,unknown,0
57,services,single,primary,no,993,no,no,unknown,3,0,unknown,0
53,services,married,tertiary,no,6826,yes,no,cellular,1,0,unknown,0
59,unemployed,divorced,secondary,no,38,no,no,cellular,4,0,unknown,0
39,student,married,secondary,no,116,yes,yes,unknown,2,0,unknown,0
26,entrepreneur,single,secondary,no,1633,no,no,cellular,2,0,unknown,0
53,management,single,secondary,no,775,yes,yes,cellular,2,0,unknown,0
35,admin.,single,secondary,no,2813,yes,no,cellular,1,0,unknown,0
42,management,married,tertiary,no,1780,yes,no,cellular,12,1,unknown,0
36,technician,married,tertiary,no,1499,yes,no,cellular,1,0,unknown,1
47,technician,divorced,secondary,no,28,yes,yes,unknown,2,0,failure,1
38,management,married,tertiary,no,42,no,no,cellular,11,0,unknown,0
44,entrepreneur,married,secondary,no,431,yes,no,unknown,3,0,unknown,0
33,retired,married,secondary,no,1112,yes,no,telephone,1,0,unknown,0
37,housemaid,married,primary,no,153,yes,yes,cellular,1,0,unknown,0
45,blue-collar,married,tertiary,no,322,yes,no,unknown,2,0,unknown,0
47,blue-collar,divorced,secondary,no,0,yes,no,unknown,2,0,unknown,0
35,management,married,tertiary,no,4196,yes,no,cellular,2,0,unknown,0
28,blue-collar,married,secondary,no,1034,no,no,unknown,3,0,unknown,0
49,management,married,primary,no,1748,no,no,telephone,1,0,unknown,0
59,entrepreneur,divorced,secondary,no,296,no,no,cellular,2,0,unknown,0
38,admin.,divorced,secondary,no,253,yes,yes,unknown,2,0,unknown,0
34,admin.,married,secondary,no,1469,yes,no,cellular,3,0,unknown,0
34,management,married,secondary,no,677,yes,no,unknown,4,0,unknown,0
30,blue-collar,divorced,secondary,no,1173,no,no,unknown,2,0,unknown,0
34,admin.,married,secondary,no,10496,yes,no,cellular,1,0,unknown,0
55,technician,married,secondary,no,411,yes,no,cellular,2,2,failure,0
37,services,married,secondary,no,116,no,no,unknown,4,0,unknown,1
31,services,married,secondary,no,205,yes,yes,cellular,2,0,success,0
46,retired,married,tertiary,no,454,no,no,unknown,3,0,unknown,0
31,management,married,secondary,no,-380,yes,yes,cellular,2,0,unknown,0
23,management,married,secondary,no,1343,no,yes,cellular,2,0,unknown,0
35,student,married,secondary,no,344,no,no,cellular,4,0,failure,0
29,blue-collar,single,primary,no,317,yes,no,cellular,1,0,unknown,0
43,admin.,single,secondary,no,404,yes,yes,cellular,1,2,failure,0
37,blue-collar,married,secondary,no,33,yes,no,cellular,1,0,unknown,1
41,student,single,tertiary,no,7937,no,no,cellular,4,0,unknown,0
24,blue-collar,single,tertiary,no,1284,no,no,cellular,1,2,failure,0
42,admin.,married,secondary,no,407,yes,no,cellular,1,0,unknown,0
35,blue-collar,married,primary,no,490,no,no,cellular,2,0,unknown,0
32,student,married,primary,no,749,yes,no,cellular,2,0,unknown,0
38,blue-collar,married,secondary,no,344,no,no,cellular,2,0,success,0
59,blue-collar,married,secondary,no,0,yes,no,unknown,1,0,success,0
58,admin.,divorced,secondary,no,300,no,no,cellular,6,0,unknown,0
41,blue-collar,divorced,primary,no,1242,yes,no,unknown,1,0,unknown,0
45,blue-collar,divorced,secondary,no,-33,no,no,unknown,1,1,other,0
55,blue-collar,divorced,secondary,no,43,yes,yes,unknown,2,0,unknown,0
28,services,single,secondary,no,0,yes,yes,cellular,1,0,unknown,0
43,entrepreneur,married,secondary,no,100,yes,no,telephone,2,0,unknown,0
42,blue-collar,single,secondary,no,3672,yes,no,unknown,1,1,success,0
41,entrepreneur,single,secondary,no,827,no,yes,unknown,2,1,success,0
50,technician,divorced,unknown,no,2445,yes,yes,cellular,3,0,unknown,0
38,blue-collar,married,secondary,no,6627,no,no,unknown,2,0,failure,0
43,management,married,tertiary,no,3784,no,no,cellular,3,0,unknown,0
27,technician,single,secondary,no,0,yes,no,cellular,1,0,unknown,0
29,management,single,secondary,no,1970,yes,yes,cellular,3,0,unknown,0
48,management,married,secondary,no,1048,no,no,cellular,4,0,unknown,0
54,blue-collar,single,tertiary,no,6102,yes,no,cellular,2,0,unknown,0
39,services,married,secondary,no,1589,yes,no,telephone,3,0,other,0
55,blue-collar,married,secondary,no,1048,yes,yes,unknown,2,0,unknown,0
50,retired,married,tertiary,no,-7,yes,no,cellular,4,1,success,0
46,admin.,married,secondary,no,485,yes,no,unknown,3,0,unknown,0
40,technician,married,tertiary,no,0,yes,no,unknown,3,0,unknown,1
30,blue-collar,married,secondary,no,994,no,no,cellular,7,0,success,0
35,blue-collar,single,secondary,no,-595,no,no,cellular,18,0,unknown,0
36,unemployed,married,tertiary,no,3225,no,no,cellular,1,1,unknown,0
74,management,single,secondary,no,889,no,no,unknown,3,0,unknown,0
35,blue-collar,single,secondary,no,771,yes,no,cellular,1,0,unknown,0
36,blue-collar,divorced,secondary,no,158,yes,no,cellular,3,0,unknown,0
30,management,divorced,primary,no,563,yes,yes,cellular,2,0,unknown,0
49,services,married,primary,no,276,yes,no,unknown,25,0,unknown,0
36,blue-collar,married,secondary,no,-31,yes,yes,cellular,1,0,unknown,0
50,technician,single,secondary,no,107,no,no,cellular,4,0,unknown,0
38,self-employed,single,unknown,no,605,no,no,cellular,2,0,unknown,0
47,student,married,secondary,no,0,yes,no,unknown,1,0,failure,0
27,management,single,secondary,no,0,yes,no,cellular,3,0,unknown,0
31,blue-collar,single,secondary,no,453,yes,no,unknown,1,0,unknown,0
53,management,single,secondary,no,-9,yes,yes,unknown,2,0,unknown,0
47,housemaid,divorced,secondary,no,6722,no,no,unknown,2,0,unknown,0
26,management,single,secondary,no,-217,no,no,cellular,1,3,unknown,0
58,admin.,married,secondary,no,1499,yes,yes,telephone,2,1,unknown,0
42,admin.,married,secondary,no,6580,no,no,telephone,5,0,failure,0
42,management,divorced,secondary,no,299,no,no,cellular,7,0,unknown,0
55,services,divorced,secondary,no,3664,yes,yes,unknown,2,0,unknown,0
47,technician,single,secondary,no,502,no,no,unknown,2,0,unknown,0
35,services,single,primary,no,-518,yes,no,cellular,2,0,unknown,1
48,management,married,tertiary,no,169,yes,no,cellular,2,0,success,0
43,management,married,tertiary,no,465,no,no,cellular,4,0,unknown,0
30,blue-collar,married,primary,no,2,no,no,cellular,1,0,unknown,0
51,admin.,married,secondary,no,430,yes,no,cellular,3,0,unknown,0
41,student,divorced,secondary,no,131,no,no,cellular,5,0,unknown,0
31,retired,single,secondary,no,89,yes,yes,cellular,2,0,unknown,0
41,blue-collar,single,secondary,no,6,no,no,cellular,1,0,unknown,0
35,admin.,married,secondary,no,-178,no,no,unknown,3,0,other,0
57,self-employed,single,secondary,no,330,yes,no,cellular,4,0,unknown,0
38,management,married,primary,no,2222,no,yes,cellular,1,0,unknown,0
51,blue-collar,married,tertiary,no,357,no,no,cellular,4,0,unknown,0
34,management,married,tertiary,no,2807,no,no,cellular,2,0,unknown,0
42,admin.,married,primary,no,1291,yes,no,cellular,2,0,unknown,0
40,management,divorced,tertiary,no,26,yes,no,unknown,4,0,unknown,0
46,management,married,secondary,no,16879,yes,no,cellular,2,0,unknown,0
36,blue-collar,married,primary,no,2038,yes,no,cellular,3,0,unknown,0
41,management,married,primary,no,699,yes,no,unknown,3,0,unknown,0
52,management,married,tertiary,no,55,no,no,unknown,2,0,other,0
57,entrepreneur,single,unknown,no,1242,no,no,unknown,1,0,unknown,1
24,services,single,secondary,no,5018,no,no,cellular,3,0,unknown,0
71,services,married,tertiary,no,2558,yes,no,unknown,2,0,unknown,0
48,blue-collar,married,primary,no,0,no,yes,cellular,1,0,unknown,0
29,entrepreneur,married,tertiary,no,0,yes,no,cellular,2,0,unknown,0
39,blue-collar,single,secondary,yes,0,yes,no,cellular,2,1,failure,0
51,technician,married,tertiary,no,-659,yes,no,cellular,1,0,unknown,1
42,self-employed,married,primary,no,1026,no,no,unknown,1,0,other,1
49,self-employed,married,tertiary,no,131,no,no,cellular,1,0,unknown,0
55,blue-collar,married,secondary,no,-396,no,yes,cellular,7,0,unknown,0
37,technician,married,secondary,no,4404,no,no,unknown,3,0,unknown,0
41,services,single,tertiary,no,6439,no,no,unknown,1,0,unknown,1
31,retired,single,primary,no,0,yes,no,unknown,2,0,unknown,0
38,management,divorced,primary,no,0,yes,no,cellular,1,0,failure,0
56,management,divorced,primary,no,59,yes,no,cellular,1,2,unknown,0
34,technician,married,secondary,no,136,yes,no,cellular,3,7,failure,0
43,admin.,single,tertiary,no,0,yes,no,cellular,2,0,failure,0
42,retired,single,tertiary,no,401,no,no,unknown,2,0,unknown,1
51,blue-collar,married,secondary,no,1009,no,no,cellular,2,0,unknown,0
49,technician,divorced,tertiary,no,3943,yes,no,cellular,2,0,unknown,0
80,housemaid,divorced,primary,no,-1687,no,yes,cellular,1,0,unknown,0
56,management,married,secondary,no,-148,no,no,cellular,2,0,unknown,0
44,blue-collar,married,secondary,no,339,yes,yes,cellular,2,0,unknown,0
35,blue-collar,married,secondary,no,1823,yes,no,cellular,2,2,unknown,0
27,self-employed,married,secondary,no,57,yes,no,telephone,1,0,unknown,0
57,services,married,secondary,no,1518,no,no,unknown,1,0,failure,0
47,retired,married,tertiary,no,6537,yes,no,cellular,2,0,failure,0
34,management,married,tertiary,no,-396,yes,no,unknown,4,0,failure,0
37,blue-collar,single,secondary,no,0,no,no,cellular,1,0,unknown,1
56,blue-collar,divorced,secondary,no,3934,no,no,cellular,1,0,unknown,0
40,management,married,primary,no,36,no,no,cellular,2,0,unknown,0
33,blue-collar,married,tertiary,no,-27,no,no,cellular,5,0,unknown,0
38,blue-collar,married,tertiary,no,246,yes,no,cellular,3,2,failure,0
39,management,married,secondary,no,110,no,no,unknown,3,0,unknown,0
34,blue-collar,married,tertiary,no,933,no,no,cellular,1,1,other,0
40,admin.,divorced,secondary,no,6,no,no,cellular,1,0,unknown,1
40,retired,divorced,secondary,no,0,yes,no,cellular,1,4,failure,0
35,admin.,married,secondary,no,-53,no,no,unknown,4,0,unknown,0
29,unknown,married,tertiary,no,4194,yes,no,cellular,1,0,unknown,1
57,management,married,secondary,no,17085,yes,yes,cellular,3,0,unknown,0
44,blue-collar,single,primary,no,641,yes,no,unknown,3,0,unknown,0
30,management,single,tertiary,no,844,no,no,cellular,2,0,unknown,0
54,admin.,married,secondary,no,0,yes,yes,unknown,2,0,unknown,0
74,technician,divorced,unknown,no,22176,yes,no,cellular,1,0,unknown,0
26,student,single,tertiary,no,13,yes,no,telephone,3,0,unknown,0
27,student,married,secondary,no,0,no,no,cellular,2,0,unknown,0
54,technician,single,secondary,no,2349,no,yes,cellular,2,0,unknown,0
24,blue-collar,single,secondary,no,-97,no,no,cellular,1,0,unknown,0
36,admin.,married,secondary,no,5905,no,no,cellular,2,0,unknown,1
53,admin.,married,secondary,no,407,no,no,cellular,3,0,failure,0
40,admin.,married,primary,no,1844,yes,no,unknown,1,0,success,1
37,management,married,primary,no,-88,no,no,unknown,3,0,unknown,0
45,management,married,tertiary,no,-197,no,no,unknown,2,0,unknown,0
35,admin.,single,primary,no,0,yes,no,unknown,8,0,unknown,0
33,admin.,married,secondary,no,473,yes,no,cellular,3,0,unknown,0
36,technician,single,unknown,no,6101,no,no,cellular,2,0,unknown,0
48,services,married,secondary,no,171,yes,no,unknown,1,0,unknown,0
40,management,married,primary,no,0,no,no,cellular,1,0,unknown,0
31,blue-collar,married,secondary,no,2,yes,no,cellular,2,0,unknown,1
34,blue-collar,married,primary,no,1121,no,no,cellular,5,0,unknown,0
53,retired,married,secondary,no,2,no,yes,cellular,5,0,unknown,0
28,technician,married,unknown,no,894,no,no,unknown,7,0,unknown,0
25,entrepreneur,single,secondary,no,1350,no,no,cellular,1,0,unknown,0
30,technician,single,primary,no,255,yes,no,cellular,1,0,unknown,0
55,management,married,secondary,no,1011,no,no,cellular,5,0,unknown,1
39,unemployed,married,secondary,no,4015,yes,no,cellular,8,0,unknown,1
35,management,single,tertiary,no,0,no,no,cellular,1,1,failure,0
42,services,married,primary,no,0,yes,no,cellular,3,0,unknown,1
48,blue-collar,married,primary,no,320,yes,no,unknown,1,0,unknown,0
41,housemaid,married,secondary,no,0,yes,yes,unknown,3,0,unknown,0
30,blue-collar,divorced,tertiary,no,291,yes,no,cellular,4,0,unknown,0
45,technician,single,secondary,no,96,no,no,cellular,2,1,failure,0
49,student,divorced,tertiary,no,0,no,no,cellular,2,1,failure,0
33,technician,married,secondary,no,294,yes,yes,unknown,3,0,unknown,0
35,housemaid,single,secondary,no,427,no,no,unknown,2,0,unknown,0
47,technician,divorced,primary,no,4585,yes,no,cellular,1,0,unknown,0
33,blue-collar,married,secondary,no,1335,yes,no,telephone,3,0,unknown,0
27,technician,single,secondary,no,1584,yes,no,cellular,1,2,unknown,0
33,self-employed,married,secondary,no,182,no,yes,cellular,1,0,unknown,0
33,student,single,tertiary,no,34,no,no,cellular,1,0,unknown,0
51,technician,divorced,primary,no,6739,yes,no,unknown,2,0,unknown,1
42,retired,married,secondary,no,1218,no,no,cellular,4,0,unknown,0
24,admin.,single,secondary,no,2934,yes,no,cellular,1,0,unknown,0
36,management,married,secondary,no,9200,no,no,cellular,1,0,unknown,0
29,student,married,tertiary,no,42,no,no,cellular,1,1,failure,0
33,blue-collar,married,tertiary,no,88,yes,no,cellular,4,0,unknown,0
40,student,married,secondary,no,632,yes,no,cellular,1,0,unknown,0
53,technician,married,tertiary,no,340,no,no,cellular,28,0,unknown,0
49,blue-collar,married,secondary,no,148,yes,no,unknown,1,0,unknown,0
47,student,married,secondary,no,-219,yes,no,cellular,3,0,unknown,0
49,blue-collar,married,unknown,no,162,no,no,telephone,1,0,unknown,0
69,technician,divorced,secondary,no,343,yes,no,telephone,2,0,failure,0
46,technician,married,secondary,no,3918,no,no,cellular,5,0,success,0
52,technician,married,secondary,no,2323,yes,no,cellular,2,0,failure,0
44,entrepreneur,married,secondary,no,15,no,no,cellular,5,0,unknown,1
38,blue-collar,married,secondary,no,167,yes,no,unknown,2,0,unknown,0
31,blue-collar,married,primary,no,-14,no,no,cellular,7,0,unknown,1
30,blue-collar,single,tertiary,no,401,yes,no,cellular,4,3,failure,0
59,housemaid,married,secondary,no,872,no,no,cellular,2,1,unknown,0
46,blue-collar,single,tertiary,no,6261,no,no,telephone,2,0,unknown,0
58,admin.,married,primary,no,3,yes,no,cellular,9,0,success,0
46,admin.,single,secondary,no,-564,no,no,unknown,3,0,unknown,0
63,retired,divorced,secondary,no,-315,no,no,unknown,3,0,unknown,1
42,blue-collar,married,tertiary,no,0,no,yes,unknown,1,0,failure,0
52,management,divorced,primary,no,0,no,no,cellular,2,0,unknown,0
25,technician,single,tertiary,no,111,no,yes,cellular,2,0,unknown,1
83,blue-collar,divorced,tertiary,no,0,no,no,cellular,2,0,unknown,0
34,management,single,tertiary,no,6766,no,no,cellular,2,0,unknown,0
31,unemployed,married,secondary,no,434,yes,no,cellular,2,0,unknown,0
34,technician,single,tertiary,no,6224,yes,no,cellular,1,0,unknown,0
59,technician,single,secondary,no,862,no,no,cellular,3,0,success,0
41,admin.,married,primary,no,10210,no,no,cellular,2,0,failure,1
32,management,married,tertiary,no,0,yes,no,cellular,3,0,failure,0
37,services,married,primary,no,-63,yes,no,cellular,2,0,unknown,0
57,blue-collar,married,tertiary,yes,231,yes,no,cellular,1,0,unknown,0
49,admin.,married,secondary,no,321,yes,no,cellular,2,0,unknown,0
51,services,single,tertiary,no,454,no,yes,cellular,1,0,failure,0
35,admin.,married,secondary,no,546,yes,no,cellular,3,0,other,0
65,admin.,divorced,tertiary,no,3891,no,no,cellular,2,0,unknown,0
47,blue-collar,married,tertiary,no,5859,yes,no,unknown,3,0,unknown,0
54,unemployed,divorced,secondary,no,1166,no,yes,cellular,1,0,unknown,0
31,unemployed,married,secondary,no,58,yes,no,cellular,2,0,unknown,0
32,student,single,secondary,no,894,yes,no,cellular,2,0,unknown,0
58,student,divorced,primary,no,-7,yes,yes,unknown,4,0,unknown,0
29,blue-collar,single,secondary,no,502,yes,yes,unknown,5,0,unknown,0
57,management,married,tertiary,no,2450,yes,no,cellular,3,0,unknown,0
30,student,single,secondary,no,171,no,no,unknown,1,0,unknown,0
46,student,married,tertiary,no,318,yes,no,cellular,1,0,unknown,0
31,unemployed,divorced,tertiary,no,345,yes,no,cellular,1,0,unknown,0
53,housemaid,married,tertiary,no,1790,yes,no,unknown,4,0,unknown,0
47,technician,divorced,tertiary,no,27,no,no,cellular,4,0,unknown,0
35,blue-collar,married,tertiary,no,8019,yes,no,cellular,6,0,failure,0
35,technician,married,secondary,no,3921,no,no,cellular,1,0,unknown,1
49,management,single,secondary,no,2925,yes,no,cellular,1,0,unknown,1
36,admin.,married,tertiary,no,22,yes,no,cellular,2,0,unknown,0
40,entrepreneur,single,secondary,no,406,yes,no,cellular,6,0,unknown,0
31,management,married,tertiary,no,1671,yes,no,cellular,3,0,unknown,0
40,management,married,secondary,no,648,yes,no,cellular,2,0,unknown,0
36,management,single,secondary,no,89,yes,no,cellular,1,0,failure,0
49,management,married,tertiary,no,334,yes,no,cellular,4,0,unknown,0
60,technician,divorced,unknown,no,474,yes,no,cellular,4,0,unknown,1
56,self-employed,divorced,secondary,no,0,yes,no,cellular,3,0,unknown,0
56,blue-collar,married,secondary,no,100,no,no,cellular,7,0,unknown,0
34,management,married,tertiary,no,551,no,no,cellular,3,1,unknown,0
50,blue-collar,married,tertiary,no,326,no,no,unknown,4,0,unknown,0
24,services,married,tertiary,no,21365,yes,no,cellular,3,0,unknown,0
41,technician,married,secondary,no,739,yes,no,cellular,4,0,unknown,0
33,services,married,tertiary,no,0,no,no,cellular,3,3,success,0
54,blue-collar,married,tertiary,no,22173,no,no,cellular,4,1,failure,0
43,management,single,tertiary,no,872,no,no,unknown,1,0,unknown,0
30,blue-collar,married,tertiary,no,-228,yes,no,cellular,1,0,unknown,1
40,blue-collar,single,primary,no,308,no,no,cellular,3,0,unknown,0
49,technician,single,tertiary,no,1167,yes,no,unknown,4,0,unknown,0
49,technician,married,tertiary,no,4018,no,no,cellular,1,0,failure,0
40,entrepreneur,married,secondary,no,410,yes,no,unknown,1,0,unknown,1
47,blue-collar,married,secondary,no,499,no,no,telephone,3,0,unknown,0
33,entrepreneur,married,secondary,no,386,yes,no,cellular,6,0,failure,0
70,blue-collar,divorced,secondary,no,1659,no,no,cellular,2,0,success,0
56,management,married,tertiary,no,99,no,no,unknown,4,0,unknown,0
44,management,single,tertiary,no,33,no,yes,cellular,2,0,unknown,0
42,blue-collar,married,secondary,no,358,no,no,cellular,1,0,unknown,0
43,blue-collar,single,secondary,no,639,yes,yes,cellular,2,0,unknown,0
59,blue-collar,divorced,secondary,no,35,yes,no,cellular,1,0,failure,0
30,technician,single,secondary,no,251,yes,no,cellular,1,0,unknown,0
32,retired,divorced,tertiary,no,167,no,no,cellular,2,0,unknown,0
27,technician,married,secondary,no,101,yes,no,cellular,2,0,unknown,0
38,admin.,single,primary,no,2418,yes,no,cellular,1,0,failure,1
33,admin.,married,primary,no,616,yes,no,cellular,4,0,unknown,0
44,admin.,single,primary,no,3634,yes,no,cellular,1,0,unknown,0
57,admin.,married,secondary,no,-338,yes,no,cellular,2,1,unknown,0
33,blue-collar,single,tertiary,no,2071,yes,no,unknown,4,0,unknown,0
50,housemaid,divorced,secondary,no,343,no,no,cellular,1,0,unknown,1
58,management,married,secondary,no,16899,yes,no,cellular,4,0,failure,0
35,blue-collar,single,tertiary,no,156,yes,no,unknown,4,0,unknown,0
40,services,married,primary,no,103,no,no,unknown,3,0,unknown,0
31,management,single,tertiary,no,259,no,yes,unknown,2,0,unknown,0
32,technician,divorced,secondary,no,147,no,no,cellular,2,0,unknown,0
48,retired,single,secondary,no,2,no,yes,cellular,2,0,unknown,0
31,housemaid,single,primary,no,0,yes,yes,unknown,2,0,unknown,0
34,technician,married,tertiary,no,-230,no,yes,cellular,4,0,unknown,1
29,blue-collar,single,unknown,no,552,no,no,cellular,4,0,unknown,0
43,services,married,secondary,no,6313,no,yes,cellular,4,0,unknown,0
45,services,married,primary,no,1049,no,yes,cellular,1,1,unknown,0
27,blue-collar,married,tertiary,no,100,yes,no,cellular,4,0,unknown,0
44,management,married,secondary,no,99,no,no,unknown,3,0,unknown,0
38,blue-collar,married,secondary,no,246,no,no,telephone,1,0,failure,0
36,services,single,tertiary,no,-276,yes,no,cellular,2,0,unknown,0
36,blue-collar,married,tertiary,no,-667,no,no,telephone,1,0,success,1
35,services,single,tertiary,no,2579,yes,no,unknown,1,0,unknown,0
40,unemployed,single,tertiary,no,895,yes,no,cellular,3,0,unknown,1
33,services,single,secondary,no,172,yes,no,unknown,7,0,unknown,0
37,retired,single,tertiary,no,0,yes,no,cellular,2,0,failure,0
38,management,single,secondary,no,3163,yes,no,cellular,1,2,unknown,0
47,management,single,secondary,no,-833,yes,yes,cellular,4,0,failure,0
42,management,married,secondary,no,249,yes,no,cellular,1,0,unknown,0
49,technician,married,tertiary,no,556,yes,no,cellular,4,0,unknown,1
36,blue-collar,married,tertiary,no,176,no,no,cellular,1,0,unknown,0
41,unemployed,married,secondary,no,177,yes,no,unknown,2,0,unknown,0
48,management,divorced,tertiary,no,-719,no,no,unknown,2,0,unknown,0
32,retired,married,secondary,no,5174,no,yes,telephone,1,0,unknown,0
24,management,married,secondary,no,1009,yes,no,cellular,1,0,unknown,0
43,management,married,secondary,no,946,yes,no,cellular,1,0,unknown,0
33,blue-collar,married,tertiary,no,-99,yes,no,cellular,2,0,other,0
33,blue-collar,married,tertiary,no,883,yes,no,cellular,3,0,unknown,0
27,technician,single,unknown,no,-35,yes,no,cellular,1,0,unknown,0
29,admin.,single,tertiary,no,1018,no,no,cellular,1,0,unknown,0
77,blue-collar,married,secondary,no,-257,yes,no,unknown,1,0,unknown,0
30,blue-collar,married,tertiary,no,73,yes,no,cellular,4,0,unknown,0
54,technician,married,tertiary,no,83,yes,no,cellular,4,0,unknown,0
34,technician,single,tertiary,no,3079,yes,yes,unknown,2,0,unknown,0
33,management,married,tertiary,no,2505,yes,no,cellular,5,0,unknown,0
33,blue-collar,single,secondary,no,185,yes,no,cellular,4,0,unknown,0
27,unknown,single,secondary,no,61,yes,no,cellular,2,0,unknown,0
43,blue-collar,divorced,primary,no,179,yes,no,telephone,1,0,unknown,0
34,technician,married,tertiary,no,431,yes,no,unknown,4,1,failure,0
57,blue-collar,married,tertiary,no,0,no,no,unknown,2,0,failure,0
34,student,married,secondary,no,2883,yes,no,cellular,1,0,unknown,0
34,management,married,secondary,no,15,yes,no,cellular,2,0,unknown,0
38,services,single,primary,no,1549,no,no,cellular,3,0,unknown,0
53,management,married,secondary,no,-833,yes,no,cellular,2,0,unknown,0
37,blue-collar,married,secondary,no,5,yes,no,cellular,1,0,unknown,0
49,services,married,secondary,no,98,no,no,cellular,9,0,unknown,0
27,admin.,married,secondary,no,171,yes,no,cellular,5,0,unknown,0
59,retired,divorced,secondary,no,3071,no,no,cellular,3,0,unknown,0
32,blue-collar,divorced,tertiary,no,-578,yes,no,cellular,1,0,unknown,0
51,admin.,married,primary,no,1566,yes,yes,cellular,3,2,unknown,0
35,management,married,tertiary,no,218,yes,no,cellular,2,0,unknown,0
33,technician,married,secondary,no,465,yes,no,cellular,3,0,unknown,0
51,technician,divorced,secondary,no,3285,no,no,unknown,2,0,unknown,1
47,technician,married,secondary,no,-562,yes,no,cellular,1,0,unknown,0
49,technician,married,secondary,no,0,yes,no,unknown,5,0,unknown,0
45,technician,single,tertiary,yes,276,yes,no,cellular,2,0,unknown,0
44,retired,single,primary,no,46,no,yes,cellular,1,0,unknown,0
39,student,married,secondary,no,1879,yes,yes,cellular,1,0,failure,0
45,admin.,married,secondary,no,10,yes,no,unknown,8,0,unknown,0
43,blue-collar,single,secondary,no,0,no,yes,telephone,2,0,failure,0
31,technician,married,secondary,no,-987,yes,no,unknown,2,0,unknown,0
50,housemaid,married,secondary,no,-83,yes,no,cellular,2,0,unknown,0
28,entrepreneur,single,secondary,no,80,no,no,unknown,3,0,unknown,0
52,management,single,secondary,no,3947,yes,no,unknown,6,0,unknown,0
48,blue-collar,single,secondary,no,187,yes,no,unknown,1,0,unknown,1
41,management,married,primary,no,0,yes,no,cellular,3,0,unknown,0
31,blue-collar,married,secondary,yes,1059,yes,no,unknown,2,0,unknown,0
52,blue-collar,married,tertiary,no,11242,yes,yes,unknown,2,0,unknown,0
42,services,single,secondary,no,117,yes,no,cellular,6,0,unknown,0
27,retired,single,primary,no,-11,no,no,cellular,3,0,unknown,0
48,blue-collar,divorced,primary,no,-255,no,no,cellular,1,0,unknown,0
71,entrepreneur,divorced,secondary,no,1154,no,no,cellular,1,1,failure,0
36,management,single,tertiary,no,1897,yes,no,cellular,4,0,failure,0
44,entrepreneur,married,tertiary,no,929,no,no,cellular,1,0,success,0
39,management,married,tertiary,no,46,yes,no,cellular,1,0,unknown,0
52,blue-collar,married,primary,no,400,yes,no,cellular,11,0,unknown,0
32,admin.,married,secondary,no,558,no,no,cellular,4,0,other,0
45,technician,single,secondary,no,424,no,no,cellular,1,0,unknown,0
33,housemaid,married,unknown,no,406,no,no,cellular,2,0,unknown,0
34,services,married,tertiary,no,296,yes,no,unknown,2,0,unknown,1
59,self-employed,married,primary,no,-540,yes,yes,cellular,3,0,unknown,0
35,blue-collar,married,secondary,no,1088,yes,no,cellular,1,0,unknown,0
51,technician,married,secondary,no,79,yes,no,cellular,1,0,unknown,0
57,blue-collar,married,secondary,no,1188,yes,no,unknown,1,0,unknown,0
34,self-employed,married,tertiary,no,3874,no,yes,telephone,2,0,unknown,0
47,student,married,tertiary,no,997,no,no,cellular,1,0,unknown,0
37,technician,married,primary,no,-312,no,no,cellular,1,0,unknown,0
50,technician,divorced,tertiary,no,1008,no,no,cellular,1,0,failure,0
32,management,single,primary,no,1048,no,yes,unknown,3,0,other,0
26,blue-collar,married,secondary,no,425,yes,no,cellular,4,0,unknown,0
30,management,single,secondary,no,-599,yes,no,cellular,1,0,unknown,1
34,housemaid,married,secondary,no,-435,yes,no,cellular,2,0,unknown,0
39,technician,single,secondary,no,207,no,no,unknown,3,3,failure,0
27,retired,single,secondary,no,-179,no,no,unknown,1,0,other,0
49,blue-collar,married,secondary,no,23,no,yes,cellular,10,0,unknown,0
41,self-employed,married,tertiary,no,1009,yes,yes,unknown,1,0,unknown,0
37,blue-collar,single,secondary,no,1459,yes,no,cellular,1,0,unknown,0
46,management,married,tertiary,no,2642,no,no,cellular,5,0,unknown,0
40,self-employed,married,secondary,no,625,no,no,cellular,2,0,unknown,0
35,unemployed,married,tertiary,no,1119,no,no,cellular,4,0,unknown,1
35,technician,married,unknown,no,13165,no,no,unknown,2,0,unknown,0
58,technician,divorced,primary,no,630,yes,no,cellular,1,0,unknown,0
32,management,married,secondary,no,0,yes,no,cellular,5,0,unknown,0
44,retired,married,tertiary,no,1183,no,no,unknown,1,0,unknown,0
37,management,married,secondary,no,3339,yes,yes,telephone,2,0,other,0
49,management,single,secondary,no,198,no,no,cellular,7,0,unknown,0
53,self-employed,married,secondary,no,54,yes,yes,unknown,2,0,unknown,0
47,management,married,secondary,no,1259,yes,no,cellular,1,0,unknown,0
32,blue-collar,single,secondary,no,141,yes,no,cellular,1,0,unknown,0
47,technician,married,tertiary,no,112,no,no,cellular,1,0,unknown,0
31,services,single,tertiary,no,1113,yes,no,unknown,2,0,unknown,0
36,housemaid,married,primary,no,440,no,no,unknown,3,0,unknown,0
26,admin.,married,tertiary,no,6969,yes,no,unknown,1,0,unknown,0
36,admin.,married,tertiary,no,2270,no,no,cellular,1,1,unknown,0
29,retired,married,tertiary,no,1129,yes,no,unknown,1,0,unknown,0
37,housemaid,married,secondary,no,422,no,no,unknown,6,0,unknown,0
47,management,divorced,secondary,no,630,no,no,cellular,1,0,unknown,0
33,blue-collar,married,secondary,no,4415,no,yes,cellular,1,0,unknown,0
56,services,married,secondary,no,199,no,no,unknown,1,0,unknown,0
51,management,married,secondary,no,475,yes,no,cellular,2,0,failure,0
51,technician,married,primary,no,521,no,yes,cellular,1,2,other,0
51,blue-collar,married,secondary,no,618,yes,no,cellular,5,0,unknown,0
34,retired,single,secondary,no,462,no,no,unknown,2,0,unknown,0
51,self-employed,single,secondary,no,0,no,no,cellular,2,0,failure,0
51,self-employed,married,secondary,no,-206,no,yes,cellular,2,0,unknown,0
37,self-employed,married,tertiary,no,5172,yes,yes,cellular,1,1,unknown,0
45,services,married,primary,no,336,no,no,cellular,2,0,unknown,0
37,blue-collar,married,secondary,no,61,yes,no,unknown,1,0,unknown,0
34,management,married,secondary,no,198,yes,no,unknown,5,0,unknown,0
39,retired,married,secondary,no,619,no,yes,cellular,4,0,unknown,1
40,blue-collar,married,secondary,no,227,yes,no,unknown,3,0,failure,0
49,blue-collar,married,tertiary,no,807,yes,no,cellular,6,0,other,0
43,services,divorced,tertiary,no,432,yes,yes,cellular,1,0,unknown,0
33,management,single,tertiary,no,3452,no,no,cellular,4,0,unknown,0
30,blue-collar,single,secondary,no,668,no,no,cellular,2,0,unknown,0
43,management,married,tertiary,no,3089,yes,yes,cellular,1,0,unknown,0
31,management,married,secondary,no,73,yes,no,unknown,2,0,unknown,0
38,admin.,married,secondary,no,0,no,yes,cellular,4,0,unknown,0
33,technician,married,tertiary,no,265,no,yes,cellular,1,0,unknown,0
36,blue-collar,married,secondary,no,936,no,no,telephone,2,0,unknown,0
83,blue-collar,married,tertiary,no,261,yes,no,telephone,2,0,unknown,0
33,management,married,tertiary,no,695,yes,no,telephone,1,0,unknown,0
30,services,divorced,primary,no,1123,yes,yes,unknown,1,0,success,1
56,unemployed,married,secondary,no,2504,no,no,cellular,1,0,unknown,0
33,management,married,secondary,no,2584,yes,yes,cellular,2,0,unknown,1
57,management,divorced,secondary,no,2137,no,no,unknown,1,0,failure,0
38,management,married,tertiary,no,405,yes,no,cellular,1,0,unknown,0
29,retired,married,secondary,no,239,no,no,cellular,8,0,unknown,0
29,management,single,secondary,no,69,yes,no,cellular,1,0,other,0
35,blue-collar,divorced,secondary,no,-937,no,no,cellular,3,0,unknown,0
49,self-employed,single,secondary,no,11324,no,no,unknown,2,0,unknown,1
30,services,single,tertiary,no,168,no,no,cellular,3,0,unknown,0
47,admin.,married,secondary,no,0,yes,yes,cellular,4,0,failure,0
31,housemaid,single,secondary,no,477,yes,no,cellular,1,1,other,1
44,technician,single,secondary,no,922,no,no,cellular,9,0,unknown,0
50,blue-collar,married,secondary,no,4609,no,no,cellular,1,1,failure,0
29,retired,single,secondary,no,3576,no,no,unknown,1,0,unknown,0
28,management,single,primary,no,192,yes,no,cellular,2,2,failure,0
52,self-employed,married,tertiary,no,619,no,no,unknown,1,0,unknown,1
40,management,single,tertiary,no,1287,yes,no,cellular,3,0,failure,0
41,housemaid,married,secondary,no,307,no,no,cellular,1,0,unknown,0
33,self-employed,married,secondary,no,-396,yes,no,cellular,1,0,failure,0
45,blue-collar,married,secondary,no,0,no,yes,unknown,1,1,failure,0
36,technician,single,primary,no,1934,yes,no,unknown,2,0,unknown,0
46,blue-collar,married,secondary,no,1140,yes,no,unknown,1,0,unknown,0
33,management,single,unknown,no,396,yes,no,cellular,3,3,failure,0
52,retired,married,secondary,no,0,no,no,telephone,3,0,unknown,0
31,management,married,tertiary,no,881,yes,no,cellular,2,0,unknown,0
45,services,married,secondary,no,410,no,no,cellular,2,0,unknown,1
37,unknown,married,tertiary,no,0,no,no,cellular,3,0,unknown,0
46,management,single,secondary,no,5167,yes,no,cellular,2,0,unknown,0
43,technician,divorced,tertiary,no,3940,no,no,cellular,2,0,unknown,0
35,admin.,single,tertiary,no,839,yes,yes,telephone,1,0,unknown,1
35,management,married,tertiary,no,389,no,yes,cellular,6,0,unknown,0
54,management,divorced,secondary,no,601,no,yes,cellular,2,0,failure,0
49,blue-collar,married,secondary,no,347,no,yes,cellular,3,2,failure,0
35,services,married,primary,no,566,no,yes,cellular,1,0,unknown,0
35,technician,married,tertiary,no,1021,yes,yes,cellular,1,0,unknown,0
38,blue-collar,divorced,secondary,no,2104,no,no,cellular,12,0,unknown,0
32,blue-collar,married,secondary,no,2272,yes,no,cellular,4,0,failure,0
51,technician,married,secondary,no,1816,no,no,cellular,1,0,unknown,0
53,admin.,married,tertiary,no,1905,yes,no,cellular,2,0,unknown,0
31,technician,married,tertiary,no,230,yes,no,telephone,2,0,unknown,0
30,blue-collar,married,secondary,no,92,yes,no,cellular,3,0,unknown,0
39,technician,single,secondary,no,606,no,no,cellular,1,0,unknown,0
31,technician,married,tertiary,no,475,yes,no,unknown,6,0,unknown,0
47,management,divorced,primary,no,1075,no,no,unknown,2,0,unknown,0
41,blue-collar,divorced,primary,no,97,yes,no,unknown,2,0,unknown,0
50,blue-collar,married,secondary,no,220,yes,no,unknown,1,0,unknown,0
70,retired,married,tertiary,no,6161,yes,no,cellular,2,0,unknown,0
37,blue-collar,divorced,tertiary,no,47,yes,no,cellular,2,0,unknown,0
33,blue-collar,single,tertiary,no,455,yes,no,cellular,4,0,unknown,0
43,admin.,married,secondary,no,1849,yes,no,cellular,1,0,unknown,0
47,technician,married,secondary,no,-124,no,no,cellular,1,0,unknown,0
60,blue-collar,divorced,primary,no,4967,yes,no,unknown,1,0,unknown,0
35,blue-collar,married,secondary,no,4760,yes,no,cellular,1,0,unknown,0
45,self-employed,married,secondary,no,1325,no,no,unknown,2,0,unknown,0
35,blue-collar,married,secondary,no,1139,yes,no,unknown,1,0,unknown,0
31,management,married,secondary,no,572,yes,no,unknown,2,0,unknown,0
43,management,married,tertiary,no,726,no,no,cellular,1,0,unknown,0
27,admin.,single,secondary,no,395,no,no,cellular,6,0,unknown,0
58,management,divorced,secondary,yes,179,no,no,cellular,3,0,unknown,0
57,management,married,tertiary,no,3875,no,no,cellular,2,4,failure,0
48,services,married,primary,no,0,yes,no,unknown,1,0,unknown,1
53,student,divorced,unknown,no,57,yes,no,cellular,1,0,unknown,0
35,entrepreneur,single,secondary,no,13,yes,no,cellular,1,0,unknown,0
54,admin.,single,secondary,no,1471,yes,no,unknown,2,0,failure,0
37,admin.,single,secondary,no,687,yes,no,cellular,3,0,unknown,0
39,blue-collar,married,secondary,no,1391,yes,no,unknown,1,0,unknown,0
43,management,married,secondary,no,148,no,no,unknown,2,2,other,0
55,admin.,married,secondary,no,3928,yes,no,unknown,2,0,unknown,0
29,blue-collar,married,tertiary,no,15,yes,no,cellular,1,0,unknown,0
43,admin.,married,secondary,no,467,no,no,cellular,5,0,unknown,0
49,management,married,unknown,no,13674,no,no,cellular,9,0,unknown,0
54,student,divorced,secondary,no,1117,no,no,cellular,4,1,other,0
45,blue-collar,married,secondary,no,203,yes,no,cellular,2,0,unknown,0
44,technician,single,unknown,no,4945,no,no,cellular,2,0,failure,1
32,technician,married,secondary,no,322,yes,no,telephone,2,0,unknown,0
46,management,married,secondary,no,103,yes,no,unknown,2,1,unknown,0
49,management,married,secondary,no,0,yes,yes,cellular,3,0,unknown,0
33,technician,married,unknown,no,0,yes,no,cellular,3,0,success,0
34,blue-collar,married,tertiary,no,199,yes,no,cellular,8,0,unknown,0
31,entrepreneur,single,secondary,no,1381,no,no,cellular,1,0,unknown,1
41,services,married,secondary,no,802,yes,yes,cellular,1,0,unknown,1
57,admin.,married,primary,no,209,no,yes,cellular,3,0,unknown,0
35,services,married,secondary,no,2959,yes,no,cellular,3,0,unknown,0
48,admin.,divorced,secondary,no,5967,yes,yes,cellular,18,0,unknown,0
56,management,single,secondary,no,290,no,no,cellular,3,0,unknown,0
38,blue-collar,divorced,secondary,no,-99,yes,no,cellular,6,0,unknown,0
32,services,married,tertiary,no,197,no,no,cellular,5,0,unknown,0
40,technician,single,secondary,no,228,yes,no,cellular,4,0,unknown,0
49,technician,married,secondary,no,172,no,no,cellular,1,0,unknown,0
38,services,married,secondary,no,121,no,no,unknown,4,0,unknown,0
36,admin.,married,secondary,no,944,no,no,cellular,3,0,unknown,0
45,retired,married,secondary,no,2,no,no,cellular,1,1,failure,0
59,management,divorced,secondary,no,346,no,no,unknown,1,0,unknown,0
56,management,divorced,primary,no,343,no,yes,cellular,1,1,unknown,0
28,management,single,secondary,no,162,yes,no,cellular,2,0,unknown,0
38,technician,married,tertiary,no,2764,no,no,cellular,1,0,unknown,0
40,entrepreneur,married,secondary,no,191,yes,no,cellular,2,0,unknown,0
33,services,married,secondary,no,641,yes,no,cellular,4,0,unknown,0
31,management,married,primary,no,-134,no,no,cellular,2,0,other,0
33,self-employed,single,unknown,no,53,yes,no,cellular,2,0,unknown,0
30,technician,married,secondary,no,3315,yes,no,cellular,1,0,unknown,0
45,admin.,married,secondary,no,203,yes,yes,cellular,2,0,failure,0
34,management,single,secondary,no,59,no,no,cellular,1,0,failure,0
34,technician,married,secondary,no,262,no,no,cellular,1,0,unknown,0
39,management,married,secondary,no,1477,yes,no,cellular,6,0,failure,0
48,services,married,secondary,no,419,yes,no,cellular,2,0,unknown,0
28,management,married,tertiary,no,2395,no,no,cellular,1,0,unknown,0
52,technician,married,secondary,no,231,yes,no,unknown,1,0,unknown,1
35,blue-collar,married,tertiary,no,2471,no,no,unknown,3,0,unknown,0
41,admin.,married,secondary,no,16,yes,no,unknown,2,0,unknown,0
55,management,married,tertiary,no,2643,no,no,cellular,3,1,unknown,0
51,blue-collar,divorced,secondary,no,0,no,no,unknown,6,0,unknown,0
55,admin.,married,secondary,no,351,yes,no,cellular,1,0,unknown,0
38,management,married,secondary,no,353,yes,no,cellular,1,2,failure,0
35,technician,married,secondary,no,222,no,no,cellular,2,0,unknown,0
34,technician,married,unknown,no,-10,yes,no,unknown,1,0,unknown,0
28,unemployed,single,unknown,no,156,yes,no,unknown,1,0,unknown,0
47,blue-collar,single,tertiary,no,3529,no,no,cellular,1,0,failure,0
41,management,divorced,tertiary,no,232,no,yes,cellular,1,0,unknown,0
36,management,married,secondary,no,177,no,no,cellular,1,0,unknown,0
35,technician,married,tertiary,no,246,yes,no,cellular,2,1,failure,0
30,technician,single,secondary,no,1818,no,no,unknown,5,0,unknown,0
39,technician,single,tertiary,no,401,no,yes,cellular,2,0,unknown,0
43,admin.,married,tertiary,no,2849,yes,no,unknown,4,0,unknown,0
33,management,married,primary,no,2612,yes,no,cellular,2,2,failure,0
37,self-employed,single,secondary,no,1064,no,no,unknown,3,0,unknown,0
48,technician,married,primary,no,3638,no,no,cellular,1,0,unknown,1
39,self-employed,single,secondary,no,0,no,no,unknown,2,0,unknown,0
34,management,married,tertiary,no,-765,yes,no,unknown,3,0,unknown,0
44,management,single,tertiary,no,9364,yes,no,unknown,4,0,unknown,0
39,blue-collar,single,secondary,no,477,yes,no,cellular,3,0,unknown,0
52,management,married,secondary,no,2557,no,yes,cellular,1,0,unknown,0
32,blue-collar,married,primary,no,-538,yes,no,cellular,8,0,other,0
29,management,married,secondary,no,13,yes,no,cellular,3,0,unknown,0
31,technician,single,secondary,no,313,yes,no,unknown,3,0,unknown,0
27,retired,married,secondary,no,1,no,no,cellular,2,0,failure,1
30,blue-collar,married,tertiary,no,58,no,no,unknown,9,0,unknown,0
41,unknown,single,secondary,no,4920,yes,no,telephone,2,0,failure,0
40,management,single,secondary,yes,2239,yes,no,unknown,3,0,unknown,0
44,blue-collar,divorced,primary,no,-477,yes,no,unknown,2,0,unknown,0
25,retired,married,tertiary,no,1705,no,no,cellular,2,0,unknown,1
27,technician,single,secondary,no,1847,no,no,cellular,2,0,unknown,0
39,technician,married,tertiary,no,13,yes,no,unknown,3,0,unknown,1
44,technician,single,tertiary,no,1691,yes,no,cellular,2,0,unknown,0
34,technician,married,tertiary,no,2818,yes,yes,cellular,3,0,unknown,0
44,student,single,secondary,no,943,yes,no,cellular,2,0,unknown,0
37,technician,married,secondary,no,149,no,no,telephone,2,0,unknown,0
35,blue-collar,married,secondary,no,12,yes,yes,unknown,1,0,unknown,0
66,admin.,married,primary,no,819,no,no,unknown,2,0,unknown,0
71,services,divorced,secondary,no,1279,no,no,telephone,7,0,unknown,0
46,entrepreneur,divorced,unknown,no,10,yes,no,cellular,3,0,unknown,0
30,management,single,secondary,no,23574,no,no,cellular,1,0,unknown,0
42,services,married,tertiary,no,480,no,no,unknown,3,0,unknown,0
32,management,married,tertiary,no,0,no,no,cellular,2,0,unknown,0
53,management,divorced,secondary,no,100,no,no,cellular,3,0,unknown,0
31,admin.,divorced,secondary,no,351,no,no,unknown,5,0,unknown,0
35,housemaid,single,tertiary,no,1,yes,yes,unknown,1,0,unknown,0
47,admin.,married,primary,no,0,yes,no,cellular,1,0,unknown,0
43,technician,married,secondary,no,250,yes,no,cellular,2,0,unknown,0
36,technician,married,secondary,no,344,no,no,unknown,3,0,failure,0
34,management,single,primary,no,429,no,no,cellular,2,0,unknown,1
35,blue-collar,single,primary,no,440,yes,yes,cellular,3,0,unknown,0
46,blue-collar,married,secondary,no,88,no,no,cellular,2,0,unknown,0
29,student,married,unknown,no,0,yes,no,unknown,1,0,unknown,0
57,services,married,secondary,no,947,no,no,unknown,2,0,unknown,0
21,technician,married,unknown,no,1772,yes,no,unknown,4,0,unknown,0
53,technician,married,secondary,no,310,no,no,cellular,2,0,unknown,0
37,blue-collar,married,secondary,no,443,yes,no,unknown,2,0,unknown,0
53,blue-collar,single,secondary,no,47,no,no,cellular,2,0,other,0
39,retired,married,tertiary,no,0,yes,no,cellular,2,0,unknown,0
32,services,married,secondary,no,259,yes,no,telephone,2,0,unknown,0
38,management,single,secondary,no,0,yes,no,cellular,5,0,unknown,0
45,self-employed,divorced,tertiary,no,-68,no,yes,cellular,5,0,unknown,0
49,retired,married,secondary,no,2187,no,no,unknown,1,0,unknown,0
41,management,single,primary,no,-187,no,no,cellular,5,0,unknown,0
31,retired,single,secondary,no,0,yes,no,cellular,6,0,unknown,0
56,admin.,married,tertiary,no,197,no,no,cellular,4,0,failure,0
43,housemaid,married,primary,no,360,no,yes,cellular,4,0,unknown,0
42,management,married,secondary,no,198,yes,yes,cellular,6,0,failure,0
33,admin.,divorced,secondary,no,0,yes,no,cellular,1,0,unknown,0
29,management,married,primary,no,157,yes,no,cellular,3,0,failure,0
46,admin.,divorced,primary,no,126,no,no,unknown,7,0,unknown,0
26,self-employed,married,primary,no,94,yes,no,cellular,1,0,unknown,0
42,technician,married,secondary,no,2764,yes,no,unknown,2,0,unknown,0
35,entrepreneur,married,tertiary,no,1890,no,no,cellular,3,0,unknown,0
35,management,single,secondary,no,1921,yes,no,cellular,2,0,unknown,0
36,management,married,secondary,no,0,yes,no,unknown,3,0,unknown,0
29,blue-collar,married,secondary,no,94,no,no,unknown,1,0,other,0
