fixed acidity,volatile acidity,citric acid,residual sugar,chlorides,free sulfur dioxide,total sulfur dioxide,density,pH,sulphates,alcohol,quality
8.387586269085508,0.5608772778387434,0.13011602815695875,2.566840281336521,0.12426750928902763,4.668097253451361,13.375457288153626,0.9971701102749403,3.394826415022804,0.37721699570368167,10.817737169563847,7
8.476110457968812,0.7119053924540031,0.5959970191245431,1.5232089156405075,0.06786349643334545,39.96581463096373,132.55897189679428,0.9949972730789127,3.1242336743427606,0.5054641524929223,9.739941904917007,5
9.632648075856219,0.6301085878020573,0.12954774706462563,2.516463644014479,0.0572905821389109,20.78024990627573,40.884047979414184,0.997698849938713,3.205480025721699,0.5455384896797586,11.806543264362327,6
7.248120807192426,0.799904406581008,0.11430108712512677,1.4431044097659744,0.09596080522365252,12.463360839273017,13.09097090560472,0.9963615731731519,3.519858043032382,0.6559845750596227,9.58084538892919,5
11.959062132364583,0.34320866501402303,0.4494198561840734,1.865835960010267,0.1300453713376879,17.887026922462407,40.965985795083526,0.9996267314085224,2.9789881170089547,0.5519782436593712,9.848318225801732,6
6.173429403644683,0.6420839569497282,0.029082387300308207,2.340141482326942,0.06497636512763834,23.004512449394355,35.155402993901625,0.9930178726700479,3.650621897393153,0.5695790269349966,11.983981409566915,7
9.166226856473413,0.35831460918698615,0.5235894606510366,1.298890980248701,0.11954571777391329,17.776537571072126,52.675533670951964,0.997381415012203,3.251600113139812,0.629091536203959,10.098414901717108,5
7.332941846357645,0.6116869526093822,0.015699351952011466,2.521640898270131,0.07301273120870327,13.13568264094691,17.136540347523677,0.9965291028819243,3.2209327134458237,0.6359541951380661,10.985019667936031,6
9.146735644354106,0.4934304556739767,0.2993670642690002,1.6715882366508679,0.05695361111439752,18.091861657835114,112.58904069011577,0.998062821906502,3.2065783605197553,0.6559631908089691,9.336106782996227,5
8.105775107076079,0.2925368693196467,0.2915578083079952,2.4687229582334203,0.04491592360700049,5.02475655774267,30.532151006791974,0.9963378299073214,3.3691526630071214,0.7690417362971138,8.49021062856001,4
7.158101503962232,0.7842892155259973,0.019095863638644326,2.030121261502745,0.046840893349688884,3.7937162008113594,31.542662233830228,0.9964559744385733,3.421493433464705,0.3940532070138702,9.547013769502644,5
10.211097595358167,0.6283024047031925,0.43613501990847153,1.671494282516941,0.12233930505323988,1.9760777528038718,26.147615878710862,0.9990203247124803,3.0906678430922017,0.7346671578771938,11.02435881362862,4
8.534154638707333,0.525115547984836,0.29303526020884846,2.1705688379767336,0.023472015840579723,1.6860146321059177,12.824905076246147,0.9953334791554442,3.2109934607154793,0.7644134425071352,11.986139018325156,5
6.347757185103918,0.6203291034424836,0.02500909739677445,1.541690560401415,0.05278658033433578,9.1190271432741,47.334059798665805,0.995465675013169,3.3564764836130263,0.5595709198026154,10.280461782970207,5
6.766666269762468,0.6605581736905844,0.0006824357348666509,2.58675153875798,0.031193467130455493,15.320349415311558,52.96052403645916,0.9923583241903864,3.4388443240956903,0.4530544481212138,12.412763157370447,6
7.875574343179186,0.805244647701214,0.0727726483822545,2.516810685030923,0.09419603095606427,10.79381471084114,14.527524622424526,0.9963116458419636,3.3615954002602653,0.969767090085642,9.36628889068499,5
6.37135207558647,0.6852334346067107,0.07170595631525345,1.3317808441023338,0.09605479760116409,1.0275327120218474,23.900895290541772,0.9958154513189571,3.6578976783645523,0.4075213262875178,11.444799322115315,4
8.24995305581874,0.5251124895588489,0.43490774232605506,2.536033608910647,0.03609135599085152,32.92422430412887,123.8744404283418,0.9967205380900985,3.2710132637267644,0.601305676449206,9.656221633378236,5
7.451294645225753,0.4462059560331446,0.24494614547292382,1.2457105519591607,0.11773882144082068,13.111116164742329,47.84932465490079,0.9971985852563628,3.4207254851398665,0.4815574431300182,9.267189017571935,5
8.395762788278683,0.49610172718316253,0.06983506062842745,2.475265031662218,0.07494427238554267,10.191506379407754,23.19706651386894,0.9931263173082066,3.2597664067346352,0.4596095705714275,12.76752077654485,7
9.072272883903349,0.6324296344229688,0.16174963199158576,2.276241953906356,0.09845758476539843,40.38519286064169,107.12864807379506,0.9991935917469396,3.3010026298725803,0.470798398092509,9.101418652444808,5
8.02758844676516,0.1766982472559242,0.5006039060632308,2.543411861457431,0.07926422551668269,4.321574929501138,30.0287092275172,0.9959839943148283,3.017068918919447,0.6075538958454829,10.085690735162393,6
7.282808971702362,0.6245901022241716,0.19734223849036658,1.9155876827323617,0.0926382297395792,19.66780201923917,52.61388422786209,0.9962865268148555,3.207391007351675,0.5756313746320078,10.293279301624754,6
7.636989528755854,0.5054389679639915,0.07525107399511516,4.841830398915811,0.10419297214615159,1.6285282153394927,19.088554816870705,0.996676923843397,3.2859443851877783,0.5823681719388228,9.113806135206904,5
8.669102434116324,0.1450841349382273,0.42412636461359254,2.3257508201993975,0.09715474952262423,30.484628053147336,120.73793629919831,0.9974858687540581,3.424126854737436,0.6414007827286896,9.774894704947174,5
6.360303197353083,0.7329243827569469,0.145152716901843,2.147318343865078,0.09812338519949332,20.84919148717028,52.48025000472851,0.9950755792237427,3.4354541732122326,0.532332634941663,11.582922308318306,6
7.720945099230566,0.46054872940684416,0.25586850478309203,1.7299295957018073,0.12135798008618309,18.181777327103834,118.40901346567608,0.9968539157075607,3.5024279070559707,0.6865390285779238,9.673829849186314,5
11.649639686801498,0.4984327152699746,0.6360231746353946,7.359147726306495,0.11301552692017124,29.305004525962424,82.56903913117691,0.9991575945084419,3.064370009386054,0.6337465529277647,9.685423956564446,7
10.06990499663307,0.37344186248778555,0.2555493362204801,2.8243478207906523,0.07231483925042767,8.782683824647773,51.619919256642646,0.9984939465318812,3.261003384127139,0.4930382936672948,9.403724141205773,5
9.023897841775069,0.6380703212618446,0.4149686762772844,2.0995358158649973,0.08764405016389294,6.699999609192578,7.244992514760948,0.9963642571461463,3.069593874990982,0.8019150098438105,11.011433465131894,7
6.899865184961367,0.7693827264300205,0.2068430412583212,1.6915045745007375,0.12780952867344533,19.228918130144248,54.6887941027397,0.9975768396194269,3.3642583395891634,0.7484719696686092,9.301983796326661,6
7.23733871259302,0.4545737022919292,0.1684264267681707,1.236939803884534,0.07874151679026861,11.900221982904265,15.011756057045138,0.9977076080781785,3.3453528710851925,0.6533650842023406,9.66481025344621,5
12.920007652145163,0.505740353162857,0.4830252608425111,1.7362091419987595,0.10003000553751179,1.558877906127167,23.61025975572021,0.9996467812924851,3.035557839379428,0.7350665654324464,9.371091680648627,5
6.163443921613585,0.6535832651031233,0.1836131552677573,1.6754260086160533,0.10659556925026721,33.29526908281491,53.10687460192256,0.9957220364667025,3.464995543980761,0.49085289084656314,9.744826798575655,5
6.340345034216895,0.34694009828317035,0.6632929255405291,2.2266769523584107,0.08882487916350684,15.392177229317983,37.24554324520407,0.9959100526469199,3.359733601432569,0.6486697678181412,10.692875263653654,6
9.40570300981195,0.8300194200295103,0.4425294849717919,2.248736856141889,0.1267169005891678,35.78623470014888,83.29132975352509,0.9945353601696074,3.1204399222305703,0.39713192155627053,11.488925223515038,6
10.983153580541149,0.415133428382526,0.5848078178984443,3.0868211282899582,0.11213357857268022,16.304502734181774,129.24883449521352,1.0007275418463553,3.2162865979792836,0.6095165937924103,11.48864092288577,5
6.725656210381256,0.49704437329262346,0.09821131317831952,7.273246187341533,0.07773387541122546,12.650375633310322,105.40340707019496,0.9982869435796153,3.59099162873925,0.48361239605918765,9.161020533356739,4
9.037525700406025,0.6162349936593031,0.032639088934039426,1.3887656248082303,0.12937151777670966,13.51179278979576,93.17455509397298,0.9975012219677157,3.3952567280857493,0.46035207754766316,10.172463112839196,5
10.075556915911962,0.26082533175283573,0.529147786266639,2.2882547458423295,0.07485142991784324,15.094404687611997,14.616529488032572,0.9980819665911221,3.2735737698697567,1.1655080623922416,9.943801235407944,6
9.366965920196952,0.6394005636812342,0.28178713073623496,2.5237419906204925,0.0963319535288597,18.695686403714085,64.10581695837642,0.9956160437294003,3.454363707278945,0.537299255506147,8.561323955322715,6
11.090922248992806,0.2748455237333557,0.427556063587809,1.7865154348135435,0.10410159793133632,7.104893068323842,14.45771896799462,0.9980534342470171,3.199366699642484,0.5929846629222156,12.236577664293549,7
8.863574399283724,0.512717522866053,0.013830727206380053,1.590385143619903,0.12585749347829567,5.824383384769382,29.520035793580867,0.9993921350254182,3.3902385500584074,0.5353896543907969,10.132817225183267,5
9.803260343886505,0.44230199002017606,0.4510894364823906,1.671902190199049,0.10292354966021852,10.345542783623578,6.120997451224606,0.9957759250116972,3.1693564798039766,0.7556188015848468,9.325872236624456,5
6.492585704146003,0.7314903093175236,0.0183244960305552,1.4285863126621159,0.024574669045948835,4.4630826682605225,20.879281890951944,0.9940136535677208,3.396734825745569,0.3797405792254814,13.517873091435312,6
6.053539697255486,0.49252031828728216,0.07375805713045884,1.2717546035805036,0.10176026843622753,9.640376299418383,50.711424596225996,0.9969231331561482,3.616146663792905,0.48437573272426815,10.347221611178927,5
7.733417587393947,0.4166799435411626,0.429763448808904,1.6133843309092426,0.3981304046812386,11.456400693112993,23.015555374184842,0.9966962728809038,3.400761925077616,0.532873461902415,9.723636645588144,5
10.520050743850307,0.40952177233927967,0.4559196316520287,3.8826957958770136,0.11727729007290205,39.180398708908626,78.51631835293925,0.9996128789012387,2.991364659964884,0.9549927104078427,10.901813710243268,6
8.61745062181256,0.688963826122667,0.22044587257453452,2.704507431258439,0.018680948362845395,5.589664555616793,6.697297077754679,0.9950407871730137,3.146665132753584,0.627167331353407,11.255217228083003,7
11.675596345464482,0.2835429420948959,0.6092031350532777,2.3619079922647455,0.08442605924601311,13.1409024048266,14.99415237149861,0.9968924973436866,3.1696432253414404,0.43533502639060095,11.050476401862653,7
7.461933360687521,0.3144386262877522,0.6069368116309192,1.9486476638703107,0.062290296345761054,17.863615051148276,57.32000330005265,0.9963120899128477,3.3942045736519235,0.6505099263162888,9.997686456679192,5
9.16532407616719,0.48202253868150524,0.16081570469407142,2.257612426648901,0.12605774430032834,11.12872741460831,29.177359112033024,0.9972026030011951,3.3142764095302,0.584458235628952,10.004266264282474,5
7.212793508886501,0.5723897182718204,0.049816737697251194,2.3332210389843713,0.04806697133821783,1.5095956669963724,26.840738235750226,0.9956212977359598,3.3551207998602575,0.44023789731144736,11.015300242580407,6
7.741020688018874,0.6686214198757173,0.07082624228968794,2.3057410708928447,0.10846001472559277,15.449193685259988,36.7167698113683,0.9957842704118162,3.32493620941571,0.7857059336596341,9.859505359448795,6
8.28407544670578,0.8002460769942595,0.3407577588469391,1.34115496151279,0.047074707617258155,1.47121755062203,18.300177059589856,0.9963378037968614,3.344847725111985,0.6902273152943021,10.24141134412411,6
5.425138490102595,0.6103850215566297,0.12986118849035447,2.587041153958501,0.021386625359123123,15.371005556241908,56.322558540637324,0.9923464903781024,3.5760713008213,0.6784532141492896,10.360265038467473,7
7.763564542901954,0.26732115406285467,0.3795145558368193,2.315321375570882,0.12208439717635153,9.656854588963567,14.544215902358793,0.9962717598202949,3.3921402668237333,0.9393765095376521,12.66825988718725,8
7.545169671764577,0.6414309698729004,0.014001445713042121,1.2412329172966885,0.12510540634677098,1.6533590329964998,24.226785314755613,0.9964287567304876,3.494394382271524,0.5570488601487749,9.479552797310845,5
12.088970118543648,0.24792393778485836,0.6080095407705235,6.087865848389728,0.13045764127129433,14.543195262077578,55.94142931309933,0.9984678013744828,3.164722900119094,0.8498995527812065,10.20495360957247,6
7.094007499584928,0.7691170633070359,0.026946496098059797,1.5479688646162584,0.081090861762991,16.15147100103793,87.51348183109353,0.998286385628257,3.3846299819650647,0.69717638142347,10.436089497538612,5
9.668500636786572,0.2839975403364975,0.25358274686984544,1.9729360078914566,0.0325924741433191,15.841291920069942,39.002334334246214,0.9970960960043512,3.144709113330743,0.6996903951654339,9.668142018738527,5
7.947448217958046,0.5486817281229304,0.34985242403504063,2.996680681566337,0.0843437842104726,7.48337498690086,29.987606452819243,0.9995123435527447,3.3815917066673284,0.6691301510812906,10.569745528158533,6
9.103464094892976,0.757825207233529,0.09150201759510458,1.7862965560537787,0.3850136031705775,39.28034828841706,86.1631774322226,0.9978278945376423,3.3005532459738895,0.5464089104516623,9.170153843471908,5
7.490588645254065,0.12787013692998522,0.4197319686418105,1.9869099181863756,0.09489019475310828,3.385144079643509,22.02187462762148,0.9966557125345858,3.34724938019563,0.5641697682975447,9.467348592573845,5
8.491591589206196,0.629832226820813,0.16607096121549136,1.9473246491892988,0.09082833252011378,28.25803445107584,91.47833528486352,0.9963388813398482,3.099028334435096,0.7344666510620684,10.692855741542267,5
9.0986741022947,1.4387846620095928,0.06849640592996778,1.5498296158976252,0.03662385138543342,22.44264845166193,57.0458513397311,0.9948812889284346,3.2644770324827643,0.37366292822500263,11.840886590059515,7
7.4781016684970805,0.35966334305673,0.30547898822973574,2.4130415759674504,0.04537419662636777,1.2474002194448155,26.603150484516313,0.9967680333160928,3.320482286402371,0.5527499811714527,8.882480626018841,6
7.768895296085337,0.9505871059510816,0.27697466002966975,3.6711680504777813,0.01578586213475185,31.732254166533576,55.80359297652642,0.9936494813227482,3.36351494698585,0.5578608445581351,11.301399701631464,4
10.343536757262822,0.5229962128108234,0.4105026527575859,3.544042710979588,0.07331113202031694,11.393867395057605,24.821639388693708,1.0003183992234441,3.2792554386257504,0.7678177364080713,10.39568357989379,6
8.290297418294069,0.2966665402957997,0.24526294583865663,2.5012848542115886,0.40204443245191895,12.925007845470589,46.08625123660824,0.9973359702301924,3.2588977898379317,0.8454789160899163,9.40309157288622,5
7.778301597039703,0.29464077053701987,0.26132733085946863,3.741421317771646,0.11727362293599136,28.525756690098316,91.57278558725793,0.9994773169263742,3.4213988489967515,0.5471478244929243,9.170303897424088,6
7.477956933516684,0.6637104946334769,0.021554728243242092,1.393416807614176,0.017816808784369656,27.04223122092717,46.034361988763465,0.9944168042887642,3.282515835853581,0.4476893811225313,10.70901648167612,6
8.874039590329781,0.5556541716375074,0.17098571716097763,2.0885530169529867,0.09166402672847615,24.65343072298916,83.39679106437653,0.9995358541346673,3.277596552788458,0.6886314871995619,9.388918207281293,5
8.482242599227309,0.5880665444607907,0.027266961925077382,2.5522043210765677,0.08641685168408852,29.237272032765535,60.54886974612114,0.99665784482642,3.3131057714472307,0.5444886509609727,10.320555086362123,8
13.547882315351606,0.34105057082121726,0.5247945851051663,3.0332809004146513,0.08123519579991764,12.827632564502409,31.35212790165666,0.9985095864854441,3.1710628903489773,0.5678282368746214,9.463844621623695,5
10.287495255520964,0.2815733035685719,0.41617505397948507,1.9762175219754567,0.10445177326782705,11.764502569339164,100.86878281693103,0.9993161815119872,3.0791611512360206,0.5952323706800597,10.279585294890817,5
7.159465187982383,0.8164901556407226,0.18777191941750854,1.7163700497839447,0.10284549598611485,13.95046689158685,73.4900546182241,0.9968133359409959,3.19869048409341,0.5897497582703707,9.204411769818782,5
6.458049692271327,0.5051132075034427,0.17993230982910682,3.8888458103920156,0.06411416929115005,15.864026495518695,35.240556081690535,0.9962968554214989,3.600932657588025,0.5903682572746498,9.143678228986031,5
8.574172068061392,0.22006700412107288,0.5216902198469976,2.105596256323138,0.09406600558725306,15.990985664392749,67.07674217598422,0.9967294411052466,3.112956322837874,0.5977393115452917,10.58601984753326,6
7.6217445802519395,0.37692484451592956,0.26921113081695325,2.018528068266355,0.014886262521939182,9.997325316223899,14.230027057799196,0.9958670618877982,3.2686418629582095,0.4314827179404683,11.67733367694487,6
6.2631453308708736,0.28051792880762233,0.41667598858032373,1.518118397664421,0.0678801623393077,37.650649831717956,41.33075811096671,0.9955051969315577,3.201271552599826,0.6218098547039659,11.562885277979015,6
7.660249992395238,0.38877396718815976,0.3232952839809986,1.5044719775835413,0.03152078248059391,18.969694284900687,46.41868013735653,0.9934142821999897,3.516695566643381,0.5838788009509455,12.289636843255629,6
8.89227780733631,0.5863485043161947,0.2704756656477958,2.836649121515952,0.06762376460151377,25.896401530252984,153.4429619738671,0.9981621386827144,3.4204994547607552,0.5648104637780205,9.639626597121477,5
9.475942157636347,0.4339308066479262,0.27515998706923117,1.3969251318467053,0.10645637186007983,7.308591457591451,12.11672541865749,0.9973765164951455,3.1047077782528025,0.6133086218756154,10.030465091778936,5
10.275123726367358,0.48590584162170053,0.4551156669711659,2.673737187141766,0.09440057905515782,10.644607049412036,10.769229051380659,0.9995239679260053,3.1247086070803323,0.8528937846847857,10.353186212706255,5
4.8746120944532905,0.5957391577931566,0.16802944383521426,1.4627053329188,0.03260225083912729,28.041580346510862,53.491258287028984,0.9915595200346042,3.421847641389329,0.6761505448206584,12.793366022515565,7
8.380939718915153,0.4529526265297866,0.2643291430321711,5.3040362956118345,0.08548905754640791,32.426793752213214,91.98859559777618,0.9958823592477217,3.35001282661354,0.549085843093393,9.437804578715385,5
10.242990690406016,0.43344228807053914,0.246296210247357,6.4652349380362555,0.07348025309088574,5.8051984876731835,22.293003605852956,1.00106292972574,3.1051308842230236,0.7400156506981888,10.320158516478163,5
9.072707528095702,0.3145750558773591,0.3746504172236169,2.2282125600344704,0.09200256483581273,8.667679839955664,7.953704351328355,0.9973132407655412,3.444751378449076,0.4145619005569123,12.711057035743774,7
7.641721286683813,1.413784613103197,0.05865564433448462,2.419257813146952,0.033069624020169726,15.043089560668559,116.68597091111053,0.9966478412650551,3.3731554701655324,0.46625964919036234,11.686848438818117,6
5.929645497805372,0.6550021132074585,0.023100729088927355,2.279867643019431,0.013051289563516037,20.193339635690833,51.29568942402253,0.9953679418153818,3.4734454424440346,0.5867747995591611,11.300550527660018,6
6.77069027598578,0.6911056033644543,0.10997263887687252,2.4045388628055364,0.10866300692266241,10.424303876773262,51.93194493003824,0.994477201365152,3.4367765671691934,0.7346005530179446,9.877451499008489,6
8.134500199192852,0.3200648423376837,0.3217710935837272,1.981812069155817,0.098989362268547,21.08471378390871,47.336492057235645,0.9964545985773235,3.0401582501584223,0.8370057550743819,9.2329191857226,5
11.534425648639903,0.28455390411659687,0.5413439375908395,2.3184420475644467,0.0750886352130475,19.371170594221653,35.00197702535919,0.9970079929282114,2.982193771705788,1.0568734211882713,10.975168832225428,6
6.617166808125912,0.28693350949676383,0.36906924168778443,1.6959109559360503,0.11819898418745198,13.190827116036008,86.91899546790066,0.9948946080992762,3.629102458291333,0.5210311643776739,9.529797088590357,5
9.508782184689965,0.18252434704737994,0.483480288552366,3.086305290766295,0.11936227368906582,25.653399198884987,45.084029991658234,1.000888693591842,3.097250185881623,0.5682215513582681,11.502576679482425,5
7.30336752699417,0.9333362089705014,0.05771327097286567,2.4260552939400073,0.09781370567461975,29.98937097949817,37.53900172133813,0.9960179999509552,3.3642425282495485,0.5683302701370612,9.637008545066776,5
7.16155764752351,0.31237158440811025,0.28427042749210596,1.7142929915485645,0.09159546172684435,12.929811413826606,101.58314013050664,0.9981533374276835,3.2914127222472676,0.6161165671355605,8.885569766375589,5
9.120510644148787,0.2922520184391522,0.4364616349173052,5.248549042613165,0.10670400103436553,32.01105180181279,37.32497135599489,0.996812655716298,3.2923997143997483,0.8451827258975332,10.811427769131154,6
6.998284658848488,0.6772200397809433,0.266094497100214,1.7737955268962164,0.1299576367994425,15.698070454653706,30.459971792525685,0.9979451852172636,3.289776391753397,0.5614890362653729,9.507778537202652,5
10.325895908379934,0.6127639769670835,0.5651543140518893,1.535755302263464,0.12645963160092494,18.39989740020064,35.54281472524181,0.9972396394154838,3.2436739788771227,0.6794141768362479,10.202886001482264,7
10.273415418033302,0.5451784083342015,0.5049051210046814,2.0873836901997915,0.06004441000024982,25.204613749356255,92.46991185141687,0.9967302694468215,3.223566238764637,0.5437800416644836,9.58141137779611,5
5.777126884003694,0.6199745690286197,0.05789194802059184,2.3673049414697287,0.06968531451332571,9.466888635863933,27.313938520298553,0.9934062720905897,3.6640823847974975,0.5552013622492682,11.213540484745872,7
9.32473252255644,0.4363529279801513,0.4636678309784246,2.5588530730001215,0.07151027459714922,2.9696207085917288,11.939732166726959,0.9947673068081169,3.317928840467817,0.6447234011498799,11.523971133122725,6
9.698173595251115,0.6922037855331951,0.45290976579826653,1.384019844447575,0.04426767432531972,26.655485867089276,75.32256888008095,0.9981204485077827,2.922362262722129,0.3841406957521207,10.431310082353614,5
9.674811080078019,0.27549153353807276,0.5514805947017016,1.9669407334054805,0.10371078118622357,21.26765626063694,89.22040388453337,0.9965999039345959,3.186118504702211,0.7375430658991972,9.434444244398678,5
8.874884553427599,0.5769573658784888,0.25162705398689283,2.4882417669184216,0.09220619358117577,9.067746726047734,21.08481254626174,0.9973240860839279,3.312443783190238,0.5382502963885396,10.296907360968413,5
11.167209109433035,0.5277410302993722,0.2687867535766756,1.8684540388393938,0.07821084524131924,14.199031023080334,63.562636214408165,0.996318368627472,3.065771326443479,1.1367577795021995,10.081738443037112,5
7.456950616930111,0.5292608524828263,0.43715079458182093,2.439358747548879,0.029271025017533637,12.657091907337877,72.20044141525555,0.9947756976326969,3.0786853064754145,0.9365348547992881,10.552000312048834,5
7.4968742644123045,0.5898219457431436,0.0984756325127138,2.287767371304481,0.1213609186154658,35.69529665523874,62.2703489467126,0.9973755276160011,3.1950881835388376,0.5977822991034595,9.562534001260069,5
8.001285699348074,0.993045601788257,0.23526514220016997,5.715967231863921,0.02176348094182631,8.741076014614759,47.26419394322952,0.9943945376364913,3.2763419047652684,0.49989011937692035,10.793300373144714,6
6.943445313482643,0.8239528669004162,0.09518827253772513,3.2438043808116017,0.062007971108165985,4.773271046092036,22.82793681583647,0.9949789682225664,3.5062136255373195,0.8197164260458747,11.246277190716901,5
8.93442340552912,0.5720897857200525,0.07729531801290929,3.100830044384789,0.10983953985531952,1.4919677506345526,26.744313780821027,0.9971111517400792,3.3804690299213846,0.531123126662626,8.852599427734129,5
7.901698371798486,0.8228958883846464,0.24403213422633926,2.0907230048753145,0.10627386975366054,19.524585699678717,138.24967534022517,0.9981517365355361,3.3727856424661153,0.8035248634700778,9.15115107770973,5
7.242327151284688,0.7037426121555486,0.14923936533319676,1.9227624430446182,0.0927872729003586,11.599451750375746,10.69717413154065,0.9960678904609401,3.361283621613558,0.543558536120496,9.704905472579687,5
6.709811348712107,0.5212758672606462,0.10461481928975513,2.1802458833026837,0.12899128469115118,7.986413569461223,31.224243619700058,0.9947256153200557,3.462355339803691,0.4733881208224401,10.626244476675186,5
7.851620306021829,0.8525479727828089,0.07491186006971007,1.600878541190622,0.12786538425483016,44.02232411525292,76.21284452495064,0.9981366235197524,2.8848966058533634,0.4940194718911105,9.58112115113138,5
7.124986427015323,0.7292348240817292,0.07256997028665865,3.0939581944062295,0.09881075073083842,6.419963427226135,28.784792172431747,0.9980758337616363,3.4228201860718026,0.6568447481057138,9.620430150211524,5
8.059195708319276,0.3638021265804686,0.4678837637949024,2.8447933811474737,0.0989405556746153,8.470372463671458,19.069716957200995,0.9983508118380484,3.350143303754962,0.6881279049837671,9.195180330439058,6
6.99915722530411,0.5771112249828966,0.24258196846496882,1.7515868012429725,0.05682989393398988,38.13174597454425,71.19441438719649,0.9952186592020178,3.350989706580051,0.956548901078607,9.26663498031161,5
11.480105266884589,0.577212165509864,0.5142617614193009,4.3841745968563925,0.030661464144821734,15.363498388497499,36.75296396919401,0.995919218446433,3.0093247607536617,0.37150949199735744,10.813716339442268,5
5.790897985946775,0.5907241077739529,0.038200274600779884,1.4791201675036716,0.062104444755323826,24.54233668100546,92.50318130933465,0.9945130569802121,3.153780525919289,0.753716838667481,10.651136922454446,5
7.479076932427749,0.7115097314165921,0.1406771195297126,1.5178295408388296,0.021359078473160344,6.587940257605885,29.066129867836107,0.9965692010242284,3.189179560976632,0.7923022263111873,10.640215203193733,4
4.870203297304334,0.7271790219187318,0.049837414528168845,2.3105568997231867,0.06336939467662323,2.446978971962359,16.25130675492268,0.9938748294452184,3.8107624638955655,0.5189262263527631,12.693557541435268,6
7.873023594986187,0.6758974651310529,0.048125148663379795,2.2369591173207724,0.0793124649145264,2.94379923253861,29.481053355489838,0.9971921281856934,3.2961698536040163,0.42077887929563934,9.522004393582009,6
9.724422674334507,0.5622622127428833,0.21378615764607045,1.2863298703048562,0.11430238014738348,7.360536321812345,54.43813157894949,0.9969140310273877,3.1527725541373495,0.6328570666432677,9.38505171616484,5
12.001418933459574,0.703300627184143,0.6328203663910151,1.954592860490068,0.06847802398295542,18.919210512671413,107.13243321592319,0.9985954925668344,3.3089886130690527,0.5574619642677217,9.363772619295826,5
6.591543272500272,0.44763674127162556,0.34188456710210763,2.5478493512753895,0.07835448951635196,14.671508096001508,77.90182719552301,0.9959274254166549,3.160517576104798,0.3729798986616787,9.488836967533695,5
7.5594556640824715,0.5135605021086718,0.2748004012707211,1.669182590457132,0.09517705144074039,19.706204653590806,41.876313960309226,0.9957408487989512,3.356209115304694,0.8456537158844,9.220934116542546,5
7.978297108449364,0.18229119028314605,0.38886559015879973,1.5187126153066783,0.1052204411240899,2.720591367405746,23.396052464355446,0.9976042363147667,3.3273125405357065,0.6866188135926563,12.227993815797168,6
6.951194577411887,0.5036741398978335,0.23900379081767972,1.3730099849946047,0.08759548357739358,12.79017967563533,43.01337242886844,0.9967891865681202,3.386931107922999,0.5500134390828556,10.059199386350006,5
8.545116991305864,0.275242806849087,0.48304526128216707,2.1671075508997437,0.07164775771465623,30.77256249688472,56.91349195895003,0.9981308607744307,3.376764977622849,1.1471445923387447,10.15151275828684,7
6.358869562215851,0.6941009055503219,0.06200942261852919,2.5532943938584816,0.012871303441204941,6.777024482193216,15.290192195341275,0.9974893593297324,3.236607641109646,0.3837148363762425,10.678975426025513,6
6.807157252054606,0.30144797328171635,0.49471437932898954,1.4020414986289675,0.05892792727312347,24.385094749852342,63.74178225187821,0.9940027305707213,3.5189303980983433,0.7765813228712006,10.35775266927119,6
8.457229977339058,0.596892469373367,0.19966684097465295,1.302254048356662,0.07647064139289095,6.470962274623104,18.23546469226389,0.9971793804375602,3.230017091973311,0.6370486733343118,10.129834281317587,6
6.129729212406778,0.5509293785504543,0.00412079755898066,1.3847222092876215,0.1050386651224604,27.159068993527683,37.463619950251164,0.9955259133723269,3.5219499603662916,0.5239319869747414,10.29237025849923,6
6.072177887616176,0.5644565141842923,0.049359418060745605,1.6068022841159677,0.020922051758158443,20.148235092819558,12.830977690966677,0.9947402680505725,3.364142106997551,0.4282018125367869,12.27323194921747,7
7.814049612719485,0.6897261394597832,0.2268969609360758,1.804791213888138,0.1080139597315495,10.088848215964585,38.60543990633435,0.9961289129216009,3.3748731889652794,0.6907657837978551,10.157322531047008,6
7.412858302260612,0.2918801051573028,0.4047430609702999,1.7894200119259498,0.03955600825027488,8.464733799629858,25.663359395269364,0.9970263424347241,3.2861923334031555,0.562667702427872,9.7668841496564,6
9.277806843458087,0.2746365014495294,0.36245943445365714,1.4175538183109435,0.08021897568796277,23.68781514010012,48.579671949490574,0.9979124311008007,3.238921650791598,0.5574346915967072,9.942398906767556,6
12.477038806184376,0.3114463947782875,0.54044721643859,1.9415211979663782,0.08527324763023618,21.953759948197042,48.92236044426244,0.996473207106289,3.0146595993178362,0.5145502159283781,9.158989910428037,5
11.512285029222994,0.4757928306068389,0.5166313188893811,3.3588308134665072,0.1809520236400136,4.894273035715884,20.03981928767555,1.0007785377462746,3.1780473023109455,0.6513904342208269,10.256921030684698,6
7.381229074059698,1.2769076458936564,0.23391145932292223,2.3791317749640326,0.07717049947539252,10.36695868158306,47.38540916627979,0.9961810997575231,3.5632887752611633,0.6554842207912814,12.037478408663347,7
7.749148575460583,0.6865895043318173,0.0880045579296599,2.320091205943135,0.049187815324444634,3.399329129930666,12.512900615919534,0.9943232016625012,3.3916195585447517,0.5256188490741879,11.48321806110277,6
7.7907416190967105,0.418877122548719,0.3934979489310406,1.222116834184537,0.11861779927603236,17.232416266545968,24.995128466794288,0.9969224721562896,3.2251188583460064,0.5176605998122519,9.181540261494462,5
8.48107870515385,0.6666438674668677,0.2352613241797087,1.7186669500836897,0.0248091944695129,16.661493522644413,90.65537199070945,0.9947827081594572,3.294341961114364,0.6416847121113788,13.325097709412917,6
10.887240690961491,0.36081087170385295,0.5118066271061141,1.232010188257782,0.08969934181220866,31.276376711432707,129.38423091702592,0.998145355966458,3.3063559785375305,1.1073820621803212,10.27002688144052,5
7.722658117725998,0.7407405294852908,0.2864334383407049,5.059885389306211,0.08218284609700116,29.654643358327796,56.878477554593935,0.997813392772706,3.2713879778368233,0.7066344257207792,11.389198539392048,6
6.934796403745011,0.8421905192339916,0.09564058250136696,2.554960470445381,0.07607565606402814,10.32119983027262,27.310102742052905,0.9962890774608595,3.3585384478158646,0.5865113016221399,10.744988905792084,7
8.881824072413302,0.633959156141596,0.18441965332017266,1.5954130743200496,0.10970627183656749,23.955660546024117,64.88715254870345,0.9968335155001679,3.306357810642578,0.6097063597342122,9.56879909231347,5
7.745631727698258,0.8197360716882006,0.018892497736704573,1.6606744794923045,0.08251468010733108,24.75250032806658,44.98220320233669,0.9982292177855218,3.53925323704898,0.6070944559326611,8.873135475650397,3
7.4139285529979,0.28987549762290055,0.2642700114906773,1.8495436478710066,0.07304004530207993,4.2696838996387,23.49957703909956,0.997729535390205,3.4658724313109968,0.94172170767335,9.173989106205346,5
8.118965236865698,0.3564043343925516,0.4040624735162079,1.6863759741245845,0.16104337925081783,15.348967611699328,85.66482324213717,0.9970430797665599,3.2940326852935815,0.7596393783519381,9.158850373189695,5
4.876985253676575,0.7817468183313193,0.0010423880242989405,1.9830140043282671,0.019974586394828433,17.35032279873672,48.62297173784385,0.9917847534829867,3.736659334877246,0.5548488752390591,11.813839541281235,7
10.019764162034942,0.3813922347127429,0.3926298688051861,1.7964004786211651,0.11421523820961997,4.086131092870625,10.991010832538471,0.9974425686308657,3.156438874388051,0.828473224168671,9.62612142427928,6
12.698616925274537,0.5915778922524519,0.7828682749792658,6.502160234171717,0.09468521215070984,9.937646248151324,10.688505335671202,1.002286692174654,3.158069092446459,0.6414795833224259,9.085551970347154,5
5.755531272546403,0.44990298391107975,0.27368560781167367,2.1361329319665647,0.07216334007077609,20.605263666615812,8.460555819408373,0.9930777697463037,3.465298247940726,0.9191560093202873,12.742887376844907,7
8.100949968085871,0.19010618359433273,0.3539811106499495,2.2818301477115988,0.09187350632440831,13.202258747971069,20.278866558352576,0.9959495481127929,3.317826582478653,0.8130091289153685,10.96793571277775,6
8.509201246960895,0.37614041658993835,0.10295307569124781,2.1897576578555515,0.19200131674093765,9.453817261008279,57.43264332651508,0.9983274649171933,3.1164550859105,0.509120321034777,9.761717839938052,5
7.380397179978221,0.4196248902995216,0.06229543000035715,2.075769095365806,0.07199500115472833,17.843150179763324,44.2925065742578,0.9951620874327033,3.5726620116091694,0.5282532225010932,10.790482592191509,7
6.042769195146679,0.6078068031975749,0.1458024052281176,2.0046510504928996,0.11615882538681355,2.9775181091808522,13.748497070693233,0.9942871956034156,3.2934845138734925,0.5641261454736562,13.346482144064773,8
8.605760108047717,0.32542017338833623,0.40699311890112255,2.139822979640356,0.09378819894871632,12.211439620298279,8.267401575078814,0.9947788896025724,3.4086471246866625,0.4958614261763674,10.6823370773911,5
6.515665598204492,0.7150730263048001,0.22516138272109987,1.2731172207183963,0.08861191784684541,5.390749358523196,23.99480924638002,0.9973211706270735,3.357684110600332,0.4960513915953716,9.308954600847967,6
9.02814856497106,0.16991859656924513,0.26222149992661653,1.2129133158239211,0.09211074250230186,26.187739543427593,77.11804680981544,0.9972176638763396,3.0967042725558773,0.6278712841284384,9.173310388713732,6
9.078253055237418,0.4499162700320378,0.1920156665611627,2.3176366009871536,0.10285680887626353,13.288288835097905,29.98452242898501,0.9983714833720679,3.23875741462777,0.6692136349641631,10.554664901511744,7
5.943892489308385,0.5132094822497899,0.09938814022450101,2.599593670275552,0.015083920412606243,7.758825699189925,30.75982798932144,0.9944110532841385,3.463338891017811,0.6715254085095066,11.011095280872178,6
7.627947834464697,0.5028856031461945,0.40035170841898304,1.2527223000303562,0.017593149819261387,18.842643129715928,87.56420988356368,0.9968450636929373,3.384437215156015,0.4796184121250358,9.324419046382037,5
8.036201388330305,0.3529557057901688,0.3611685039685306,1.6434695359400502,0.0765654442571766,20.19138419910033,40.305506061206415,0.9970014649720428,3.2285390606230977,0.6940821659812098,10.39225471244639,7
7.1574855972286,0.542323398464357,0.3444164083655499,2.3640056762130754,0.1140802312742148,18.47279689808682,18.838802308289864,0.9983107082932764,3.4418295035219386,0.6002861415275033,11.30125701315084,6
7.405431830239182,0.4672779286867374,0.3015741546154258,2.9078905016763077,0.16140046711553302,37.36376019387162,128.0002138606694,0.9991295147684789,3.4164270724935926,0.7086772940140238,11.43781044100158,5
9.197366611632237,0.3150510697180312,0.29635443626349345,1.3752659946784687,0.09854107815842286,19.003420826086675,51.60313710307468,0.9987431759273395,3.047858821569887,0.6472058755220766,9.351718737414085,5
8.878175798007915,0.5956355014500544,0.10766576004947745,3.446977686737672,0.06225538497892383,3.8524635192556222,10.651411293628847,0.9961588991237528,3.26438726294511,0.5834297227904458,11.164388728590973,6
7.853493213791961,0.5980556993646035,0.2656966917008346,2.589074490531531,0.12339439514502742,27.516855610018936,84.85282211635061,0.9961090554058338,3.3636338948576054,0.8636959517369265,10.043430092135694,4
9.921239116539775,0.47881094114851275,0.47398614613564405,1.8703379070727852,0.07815546210336158,21.191561727954063,119.70602902599903,0.9958764272399258,3.2042699303361077,0.6891932067002616,9.460258659058583,5
8.666776331881955,0.6284010963730389,0.07702543597766777,1.9303553302560035,0.046878157758047684,6.257017421559257,26.49920450331548,0.9953223691392566,3.3264974415673323,0.6626780006769353,10.913727440216178,6
10.85698705323857,0.3498390587997265,0.25398393260332275,2.3526577533388684,0.12240005031965162,36.75796293826892,89.32618567037942,0.9973818878716778,3.138406774778647,0.5308436268595594,9.780432970219787,6
8.883588719733192,0.32271378893367986,0.3176738607029399,1.479949744444259,0.12388482094936895,6.600160283697333,13.262662371937163,0.9949759605525075,3.302086305962722,0.9268304726188423,12.778483903856575,7
7.513661537484956,0.8551392383965983,0.018426690228103452,2.2477774979682175,0.1293005299773268,18.953792133483397,95.57588687867695,0.9968717747419163,3.4344507096586727,0.4957815283574357,9.590037423562523,5
8.455668252111128,0.5512499822103045,0.4190764324727869,2.846322028921869,0.11541164279445838,31.829947641235353,49.81757280855555,0.997611167003298,3.1913056912686613,0.44872964909146706,9.64051446834737,5
11.021571301241325,0.2724922963713454,0.4492217204312603,5.161618988747833,0.10685656240575236,9.00665668147685,54.881464031118625,0.9976910564817695,3.2183515438002397,0.8384569806793167,9.512451316478247,6
11.265082048933975,0.5576973904993148,0.5272762468033367,1.5659150823376784,0.1312274277929717,37.366447278468584,87.38046073469513,1.0004534220931198,3.229590294607094,0.6611801312933209,10.235137682743249,5
6.55757012013156,0.5678425442949401,0.05991835184589494,3.2564336675036336,0.08837076038462158,30.281801758011213,126.35172106439396,0.9980152893270791,3.6601414366831753,0.6791952963342746,9.367360574637589,5
6.963333437995176,0.3059721135121626,0.29086842963073756,1.263561384125179,0.07396948819083463,18.300448058170705,47.917575109062305,0.9957382663089988,3.4122424199990773,0.4107289731846723,9.6942631759292,5
9.051300217703202,0.40559057361177947,0.2988473376084436,2.177305520400437,0.01740845403426198,5.529291567655187,30.128570475643514,0.9935946490438426,3.1942086962248135,1.9417220846265864,12.63582840964739,7
8.569002730356972,0.3304176977303217,0.22610845091203596,1.225447387450102,0.08580867212757998,30.720840830946223,78.29115064195699,0.9968874944858782,3.20621117510144,0.3801161512153883,9.335016343205252,5
8.334646997434943,0.4058804363341044,0.4368048210224998,1.9372943243252765,0.0812078408199539,29.656248009001164,123.66282479159338,0.9982172844804554,3.2767395621078896,0.9655587729675312,9.54407759593405,5
7.937213443338974,0.9404176250250327,0.06086642472003673,1.637361699372366,0.03961701685297679,1.1256123842987407,28.550448100260137,0.9942437652330861,3.4817054996454373,0.41007685168116875,12.129415252670462,7
10.859060565866187,0.5143623501450374,0.4136173998393941,1.2039036458430015,0.07334193306442947,9.247156352259521,18.602225056033568,0.9984534655576996,3.311812531475185,0.8406519318191652,9.32378350156362,5
6.136938408998663,0.6436488704132743,0.10952254125630431,1.2406411696025395,0.1279856580795709,3.454144263270717,11.085570423402867,0.9932576690715771,3.409515456293849,0.5954503260387685,11.654028696862499,7
6.98294289717305,0.4534128460817809,0.6835791619065408,1.9656375648434763,0.0740141682316207,24.788458833065782,133.84299218881978,0.9953348862869554,3.382492617955754,0.5904475450395139,9.202538628598225,5
13.564428889716371,0.40645599133718724,0.5022425892252752,3.8906839044844306,0.09630421320813141,26.834839064715496,137.64681664513137,0.9988143445856913,2.956388153016406,0.6688802401401304,9.509076096895907,5
8.955960629458284,0.4178466255256642,0.2787047872847827,2.3469035667112164,0.11524347890467022,27.7144948317359,36.677424333770375,0.9985581022035652,3.1584718854121294,0.5341160916788531,10.608554706409556,6
7.700691844608807,0.4506633845764969,0.035486757524854334,9.189861000554009,0.048793996779311316,10.513202844944642,111.028013046945,0.993527943560352,3.2536245236002412,0.835134832009676,11.800931947984203,6
10.657398088177866,0.530750544908656,0.5773869366127926,2.232817492335154,0.10501366985951865,24.28218317526279,49.34783783310417,0.9956642524157806,3.1295270017169114,0.6449952842464349,10.394157896037598,5
7.255252761234358,0.6112991324295989,0.28245340273191993,2.2494878733166424,0.09834787043344234,4.763622419470373,33.72979580960266,0.9975790824532756,3.1706715746378187,0.3790932538558579,9.380534536633036,6
8.967615279285745,0.690835277377158,0.25105543719149315,4.97063750179644,0.09559799361390262,8.684107046025934,39.73771716612278,0.9990089510118663,3.177236356413444,0.6782402569523595,9.368156734462136,5
7.906055098569385,0.6959301045450488,0.023628425303749843,2.349048134564569,0.020313021484476827,5.661275432145637,17.40508994401648,0.9954236320905829,3.271143236311057,0.596511759948321,10.502864214344973,4
8.706349550649715,0.5212178223843359,0.2553247271981558,2.6926460972715245,0.11807882073195944,14.551234232700228,52.97651330963207,0.9994686887643757,3.6427358765633904,0.6207760529406734,11.283575296994881,6
11.682742355893547,0.279115382834524,0.5208919945129019,1.501227168707476,0.07659586316880114,7.394733039081736,31.307973717895358,0.9970665922752997,3.00249095737431,0.7277773112995799,9.841550273334242,8
7.097990256379471,0.6284435965141948,0.37613612050999257,2.521098912996858,0.11494573518404597,32.53528954437544,44.50465500725487,0.9969847993089349,3.343891044042459,0.514800828361422,10.544675688778618,6
7.096404307748761,0.4858742117894126,0.3725269936050691,2.075837132381321,0.028167233341451037,24.691068966488025,55.7465035814937,0.9969050156765371,3.3701320614840773,0.6697016193571996,11.954817668415638,7
6.691681223268027,0.6553978346269366,0.021735558675478668,1.6419181354047534,0.05276769334745392,39.89517244493784,64.84749834377916,0.9971373124828877,3.5322828703762394,0.5469231924160669,9.498950309478989,5
6.657700559303722,0.5003864918687668,0.14222062013281767,1.439543852083132,0.12884085554249847,4.241848810556897,34.10459006325328,0.9942851274468876,3.347600170740083,0.4335144700911893,10.789620121335574,7
9.071428518805288,0.5817823514079887,0.059545480156418217,1.5671375886361965,0.04499454118563401,27.24629009009292,111.79008789315068,0.995344159760251,3.364163798045205,0.5500108652708463,11.938331552197175,6
8.493126998443906,0.45507408284855977,0.27738982915833776,1.4102378452044806,0.07969107446105513,18.710329338991656,17.40179125423965,0.9963377256932678,3.2492090441210064,0.60502970239943,10.104842267964871,4
8.866544239951006,0.3310170961453178,0.2624093473690253,1.765862935113816,0.0986474926601823,38.26103358448671,73.70505810529157,0.9990043679280606,3.3083460144580004,0.5421396114106284,9.147872570970804,5
8.348720858299933,0.49732165316248284,0.08221695684850848,2.553978977431832,0.06876294326110248,17.7465138295472,84.95703493234512,0.9949796429545711,3.323904044699841,0.6331646318277016,11.33290955912104,5
7.622178134336258,0.30467713947878317,0.3810277533990245,1.8571443282259694,0.08139783030752107,4.1880293100634045,44.0036939774497,0.9964991362787855,3.401825093871032,0.5597599823517613,11.5336640851305,6
9.29546260107848,1.1013012424348823,0.4691348724164423,1.6680654207046637,0.12057652830569396,17.687267769769864,53.750947309064784,0.9959780112939741,3.304343880375713,0.8318251963905829,11.048247799829152,6
8.532060872694071,0.697502837598525,0.00656738317569646,1.6545079629405852,0.09225052586473201,8.48307934183139,38.511545906279224,0.9945727403816336,3.2493168067199134,0.6855627222799308,11.143664872289985,6
11.411101755259184,0.3772076361233837,0.5467586798480751,2.0989544909075386,0.07607388163054069,18.834032570981527,22.518528991693596,0.9970097304294032,3.060797634349694,0.9567481123887558,10.100300346592872,5
7.838775038248785,0.7268999796871916,0.07833511743875747,2.1346705275265414,0.10284579467067154,8.5273615039903,116.63506637848164,0.9972587253720928,3.431738994843768,0.39947738832233776,9.185320107494913,5
7.447852598911539,0.8156882160352545,0.07542719912417886,2.0304779479568773,0.015919942814141975,18.689402565400165,52.90994749146154,0.9944704890576372,3.4130972342981516,0.37986039877816963,10.165354195424923,6
7.553886939216703,0.6025249783577804,0.019059998875104286,2.3834077154636617,0.11390660650148524,13.434495218082802,23.91979930550904,0.9959633360825987,3.354599293990924,0.5165963557031796,11.545322025528147,6
7.831673882538274,0.3862359074446795,0.29568944877330533,3.9229815004895174,0.10479305471964157,30.193836796272763,38.89266020243696,0.9967325239867337,3.2198395292267508,0.9387984668636731,10.247606801337778,6
7.192176742969701,0.9222226159732002,0.016305125693711082,2.612234246456852,0.052012009860014294,12.988971323791247,48.95127374711093,0.9963538832784927,3.4057740093698747,0.4027988574263665,10.046219567628924,7
7.202474793865893,0.5402589257728152,0.4039768343199837,1.6339288838308332,0.026136078639285028,50.58070855881856,85.40214101959612,0.99395360375665,3.5115806898506223,0.6381009687755861,11.317202571847396,6
7.914739245711379,0.5478391842114521,0.16472601670078357,2.2823246938294806,0.013703332602333834,12.656528327903743,52.25128257586051,0.9963892604367155,3.283693600699429,0.8556610919710274,9.734528373641266,6
8.468089088353675,0.5132418548895342,0.10557997119548547,1.2528516818893085,0.0720107929865371,12.785411443410444,11.8450636513788,0.9982687929083883,3.2188771652389123,0.6186526728221213,9.673759593534434,5
11.942207664187078,0.23614294665059396,0.5144882351079779,2.591606370530435,0.07455099386280734,11.849474664072645,10.352881339488711,1.0005061298501488,3.2323684478901624,0.5997885775105647,9.878525747407783,6
7.939614880494728,0.2411360266723269,0.2888703140816085,2.1634926595254873,0.10150635970186121,11.484343609033019,72.67994997810243,0.9970699023816134,3.09370380053028,0.5317659748172966,10.884795112377311,5
7.428791824314018,0.4430486694517211,0.14729937255339107,1.8964485658728014,0.08912935057474952,4.965241204293133,33.41090171570606,0.9964377004528677,3.349761872412703,0.593096817758703,10.869756431367765,5
7.439955740550938,0.27160949210042623,0.3872256770291814,1.6623274032797384,0.04457639354125939,1.8470525651689753,18.66612501570424,0.9917562348390607,3.4292012724519934,0.6921546451887829,12.947931747351879,7
6.083678345284712,0.5980003294457547,0.19102175619289294,1.7220289061312513,0.06374329920355484,11.093225220179676,6.606245303227514,0.9959448752747062,3.2531902992457664,0.5350494879096696,10.962936815382962,5
8.016066203250652,0.47277063427494054,0.15665877036110043,4.0962285102715725,0.1289872951927065,32.64851677756231,67.26236481992248,0.9974228363858436,3.3116099379816974,0.6722668069715908,9.207675397299695,5
8.678045087684463,0.5748616181263961,0.14592138619867343,2.3886320894323982,0.11532106859426028,18.26306248701949,78.18397906238195,0.9977221759242396,3.1594117241942494,0.6398467137299287,9.772362523070045,5
6.716940953870358,0.6354251007180012,0.05916096308034389,1.5495260783134976,0.05600397346637155,12.5370528786714,26.562707256898104,0.9962053087370859,3.5438842318979757,0.41570557872250297,11.05364489349707,6
8.957092158527974,0.43817830262894397,0.26024054307069805,2.175492152767291,0.08844919580476067,32.007702627185864,87.9626587460249,0.9957477071014889,3.1107235788794494,0.975883105297816,9.487888249623207,5
7.892882311879912,0.8100313052321284,0.3153801309016797,2.2366834929260353,0.1257641027864767,2.580293808989242,52.68713514983027,0.9953742544209624,3.302986885736439,0.6879067364946733,10.987734739420432,5
8.655912010575578,0.37580686210469294,0.5549848336711931,1.362149943826724,0.12105451270759987,38.601598000821674,48.608254815343145,0.9982003762872059,3.055520700945606,0.539805098042971,9.635516968718987,5
9.792170566987476,0.5000195991713603,0.5526745109310474,2.1301215994569307,0.0835075045499824,8.709687036153262,93.2524301781114,0.9999583791170458,3.4048600582263955,0.6588565170103664,12.287852575638615,6
8.695130546217904,0.46914768030702664,0.28512537753031153,6.3324987473170244,0.12556807243241175,15.431869224707093,54.10120882522127,0.9977479834455769,3.3894930107032715,0.5731884341814207,10.18153755876094,5
7.381863474005378,0.5971711838619574,0.22636362800122584,2.4455135535963666,0.06353224434121132,10.890731927309847,22.735977024302237,0.993903714663302,3.350520838308147,0.5057217331884263,11.505381436483141,5
6.360894319808746,0.6961503524671779,0.03857748684532645,1.3837123082302965,0.12119773271125951,2.3330284357167828,27.279252261540417,0.9962689712054364,3.4674001553852674,0.4529761364662194,9.969164100814293,5
8.761259319358658,0.22063574940244385,0.4394148769371292,2.1671586673136267,0.11674488792931059,19.21227667196093,42.69068144645603,0.9973051974776599,3.2600356928392906,0.7515561085078734,9.062029275950097,5
8.416026193055323,0.6868736119699503,0.5508941042393227,2.2918717128754453,0.127825596624127,1.3486589458345253,15.682973529372296,0.9977161672340957,3.29834993129683,1.1203297933335654,9.911263863807605,4
11.42835972663199,0.659026993714698,0.7101000930907984,4.8155833931184295,0.11882236405741564,36.036428538430656,59.89947166788427,0.9982866095715788,2.8649729181621284,0.666511607852235,12.166171648921301,6
6.422673849239159,0.34411058717859283,0.23714379513503586,1.6141458989788648,0.12021625612674086,1.1149045940221427,20.447389726070558,0.995913319116142,3.64653468823759,0.6450599288511243,9.118363044749414,5
7.065051851756763,0.6631637962125395,0.02025330895072885,3.406276174267718,0.3979104175118892,2.170514416711315,12.145963255939675,0.996167102289499,3.5302480946525376,0.5688298250110091,9.569035008726601,5
6.948063863053905,0.7298185926712634,0.07280606933541882,1.3178839614815834,0.09988876852559955,26.53288463495621,46.44732312746359,0.9966444651007857,3.3123543374813833,0.8235825482148276,10.919318153726618,3
11.844451829627946,0.6834077796731028,0.6010570967046605,1.9813827499622156,0.07171553802625773,37.71661825678591,158.81146219862845,0.9974640240959223,3.129090950160914,0.8394648923431006,10.14949753912629,6
7.113594405887626,0.9419750721991877,0.23961459752452205,1.9423277887120434,0.05808488267151296,2.716610124527385,34.26377052514166,0.9935794052178812,3.460203112870258,0.5511533161443058,13.436746932873142,7
7.058779027399597,0.3518926908140819,0.1612054855014782,2.5493772423764725,0.1092454543571081,25.986597077890107,52.02180601638491,0.9954771571991902,3.3778832971073207,0.5992133732211995,10.86602836848389,7
7.53567011303916,0.6847616350337589,0.0324842864792293,1.3675316995064117,0.045391238234886305,14.269002029854896,11.616987963184705,0.9942911895920947,3.423572513590156,0.6791253631646538,9.896243098787277,7
7.995044553098256,0.30943587195885147,0.3828935009278039,1.4094685835286,0.05256004982748913,6.137580026774199,12.347521932023223,0.9942817389207834,3.639927375792081,0.9057838500610231,9.950729664423546,7
7.017171918525311,0.4718168357169599,0.2692674901949476,2.4144048831843703,0.09290356583704452,17.224053765348305,37.80879633153697,0.9966847250778647,3.158763406427361,0.6451453532028499,10.137080264176173,6
10.33224842423958,0.35122907473660636,0.6941812238960867,1.9164820795674817,0.04416393594879499,53.008085669705,75.49819245996467,0.996392385537939,3.0957035735292266,1.2416068282551813,10.322804976471822,6
8.429697548604404,0.7522711509293155,0.10959383601035652,2.5694767139611434,0.09690457594367055,11.74327999556381,14.262519856790098,0.9965085808416508,3.096196247784034,0.6129933354843053,9.63614155388352,5
10.684337707566025,0.30711613563627427,0.4714130687714531,2.6111483247417144,0.07600345312529833,5.086050452286577,31.39371841100058,0.9987137071357148,3.246418493138049,0.6273548395638302,11.997080418814965,7
11.088298792349473,0.36539150977125573,0.3693548165905053,1.9876775966165603,0.044984352828171675,2.95311168871005,18.59095851928396,0.9990496786672552,3.2708594913822435,0.6244140849138229,10.075441681088229,6
9.831647002113733,0.6587662254213077,0.29487985140306683,2.1205511020254395,0.06926222943997912,14.426073398995277,88.28927995251101,0.9944001639907285,3.375077670133717,0.39922665656049294,12.729781488156425,6
7.685605371061022,0.32489438362425166,0.30145440210461644,1.4370580337617902,0.13154048712749605,10.340388912888155,42.62538406542795,0.9971495074532171,3.2607347677981884,0.5736626919960467,9.894770953505631,5
7.437709813956509,0.38147484800507564,0.40721324905192546,2.3181632401849006,0.08281893543811093,15.87046068836472,106.4665583758579,0.9960687949173687,3.2385022500319063,0.7758342971640271,8.880949316514803,5
6.975381377542179,0.9520287497959998,0.0754007711337039,2.0833119690948525,0.048006112526627065,2.0520304350247978,17.137115996440972,0.9968588761643475,3.4510399577739306,0.5877643138954357,10.769678091870624,7
8.882133822701338,0.5120119417603282,0.17699905394005036,1.4669431405311095,0.10880325549160597,27.924222089540162,53.529344428724244,0.9982441844664157,3.107701004340441,0.5506147400460947,10.519691742163634,5
8.455505982736412,0.3871782562501362,0.34716553295995783,1.9783523483038126,0.12598588857863435,39.70804140548983,43.167191975845114,0.9964484312044096,3.3253253038587856,0.9822671753488863,10.881050115286083,5
12.385829660311858,0.4319629409410871,0.581604638419168,4.935606413444548,0.12620607434840758,1.9047772836299224,19.286720103921102,0.9988023546716456,3.2256485877476404,0.6160030632891308,9.54517713016191,5
6.977817020585118,0.3178102459090332,0.273408137966305,2.5353991633531194,0.06617194463913975,21.99677719604904,44.505618559604194,0.9964999616020138,3.189602386181581,0.6756661051033465,11.520631773723586,6
8.687534760516577,0.8483509194123164,0.15336582549380948,2.0864062612758962,0.09211991101241787,4.8465214043599865,11.568572344317424,0.9978166059308795,3.3393408018461255,0.5405094405317581,9.482980480240702,5
12.401043421488884,0.33378219577393076,0.537971788126951,2.014268171946977,0.09126429567964527,13.154578330585244,20.665301285113443,0.9996685341971915,3.0198566603116372,0.5534238601269273,10.912989743218324,5
7.42337921543162,0.49170797091248875,0.18328152247139504,2.560175915370789,0.12095322219208025,22.971641328305147,67.1076168663154,0.9959732188192656,3.5101939505084903,0.5814362971168006,9.071959811677997,5
7.356349574952237,0.3960600527954563,0.3785248804227266,1.767847140242882,0.12039803175696477,36.611530241571295,94.65491205353402,0.9973259461780195,3.1740278878315538,0.7689921538891381,10.25046079829397,5
7.796377385973253,0.1330602431488354,0.42037524897161327,2.1547582221045714,0.09233342221052282,34.146271886062024,53.98144846662737,0.9966602034003527,3.6329629564611436,0.3942226974831389,10.17046494440105,5
7.306918738951569,0.42276216562873686,0.31157540114160603,2.1461367768648327,0.12050252415976301,12.64368861040819,14.924511352108935,0.9958456459092347,3.3415807725096456,0.3824617395411948,10.833264268892707,4
9.69137050032585,0.4732720440308245,0.4648650635469694,2.066762278061278,0.09508134484055325,10.253345051933056,36.46458539918741,0.9977095249768199,3.281721977643819,0.5458743830234996,10.879015552659757,7
6.2188139516584,0.6722263865132131,0.003600231253602595,1.8160796810404236,0.02998945114041239,12.250612508487155,6.033290053059431,0.9913124736863203,3.5766112456167756,0.6111614893329707,11.843763875734604,7
12.412136868031377,0.3396255685468177,0.5137024700772275,2.9413658391199187,0.12419482328991263,4.580510848787323,25.940205968775814,1.0000376395803647,3.19710974389172,0.9545264143601414,8.718285094586603,5
7.217515778457686,0.4345003133404548,0.30211749506123525,13.009734272730297,0.08690229802224382,5.787990670700773,18.35667793395111,0.9963441403739056,3.1911973340173003,0.8041847315563315,11.995907494742024,7
6.687968286307801,0.5097414591389903,0.16564296191435277,2.20151317552485,0.05042042532699975,37.05343507005065,283.5697395925396,0.9939274359206062,3.437274254797619,0.6349403285920023,12.806775719147984,7
7.009739758683342,0.5310467017038125,0.2977044690020207,2.3292988701433295,0.10426337583206899,6.862279440035336,27.526831996046475,0.9941054684890617,3.2915098261571636,0.5138961888269042,11.166168737913566,6
7.66538851766264,0.6241458541163805,0.26743018240685973,1.9175657028002673,0.12137445650655826,19.41771004589717,61.74104973937628,0.996509713956093,3.023542968081493,0.6078753718008606,9.161937931455137,5
5.1510104552385085,0.8811810272368137,0.037252196218900815,1.6020755928131654,0.03176399408021499,2.1275085504730455,10.202556017786485,0.9933863097228575,3.974434315677828,0.5543445048053417,12.900512485660547,7
6.464429661733752,0.7575014054812946,0.07677143566845715,2.413379505375803,0.03259684381611366,12.95363655505552,54.46280506762697,0.9939343486783419,3.498948643840451,0.6873628596472559,11.088369004311534,5
4.718472665736977,0.6138976444624564,0.279960449428493,1.532283917590252,0.0677371398328904,8.627716787416068,9.12831814288815,0.9943137878562469,3.784140214501199,0.41231821504863697,9.723788823932578,8
7.408571252776948,0.4401132311124998,0.02963706942271983,1.7247104767040868,0.0590766371620446,13.206958940314973,12.75646237813205,0.9963123216254841,3.3809859357176486,0.4555491324134058,10.203985033931007,6
9.091165485715582,0.5142330724320595,0.26491752144833747,1.7003908253039353,0.13605838017223848,5.673972547502923,33.575715750679436,0.9969797115041912,3.1889061220365775,0.38166790243784526,9.91794227468195,6
5.00358657558299,0.3576858183100915,0.5174138020323524,1.8155031506936041,0.047792113907046366,13.497309060572611,106.47483040432273,0.9929471729936774,3.6215975525233577,0.6625578716565589,11.914283081231943,6
9.153598396821602,0.4844924670382078,0.5587950156812825,3.805779992642833,0.11786593812322074,16.23690119354795,108.78114909464553,0.9983318209071963,3.2940826222173802,0.5870794312366595,10.16869964252157,5
7.5659155995071075,0.8582043968955,0.18703015583381483,1.6516746530937216,0.06787458841874638,24.370182769802057,114.14948460264159,0.9961809093338022,3.6504038802079024,0.6603382711153875,9.952982617897257,5
10.3418947652709,0.45917787210698413,0.6209825288647932,1.6613184332786388,0.10237300216338233,14.536695540612964,85.72463789383674,0.9977539324513685,3.1344504564681284,0.7048339093609565,10.703371724059657,5
10.503389888203525,0.44041578200137177,0.3373701430599615,3.7307507373812037,0.11173980212202542,3.276021442277259,41.37567702928003,0.9956515854664318,3.1629989063441863,0.6182907921383131,11.210277280562307,7
9.847797484682381,0.4138518536406018,0.48155644940138465,1.6516678848707573,0.06189715718404343,9.901605460772625,6.141271090172172,0.9975232595839136,3.4359079244930344,0.5830531436538935,10.718482463744504,5
10.823811406725477,0.3471875597825065,0.612397540703637,3.83958299742672,0.0431355768472665,25.7106002741114,110.26913048745959,0.9984656564343954,3.180114860168297,0.5254790540933779,9.506184128559319,5
9.925992153357644,0.46938310153548857,0.31581557091318246,2.077501496714101,0.1274491241815073,18.965801605517484,52.09395568808027,0.9982088165383703,3.266784948902694,0.4967290347479407,9.115931503341608,6
7.7231675945616365,0.31968906092538724,0.2722355671051741,1.5696829420835319,0.09180267181845968,1.7017651403755583,10.346448940097883,0.9951261907944242,3.1994008336472377,0.37418396779023994,11.50958975221838,7
8.336428718977231,0.7198838432317854,0.20461493711305145,2.746563698301357,0.11500307535699149,29.370348030211943,95.9681383435944,0.9973596966030672,3.3655324056463165,0.8213104788380532,10.186580490042935,5
7.544272560168239,0.2951351699714119,0.4862852110182377,1.3618522608508616,0.04824324924827218,15.923588835934446,47.88680618615065,0.9948141275130542,3.370152312928116,0.6508167350626637,12.14257179649075,7
9.02204288806942,0.7416208779961346,0.2882644343922914,2.5976168654947642,0.02063858037231084,20.978320675333208,118.20040173513482,0.996792635572642,3.09935715080779,0.6778583440742728,9.292952757045105,5
12.580566943915198,0.3333005397181743,0.5179591259793737,2.9643955693627193,0.09304341852728742,4.548440274867199,20.17686937256843,1.0006133783614846,2.9150620230634914,1.0518384109821328,11.86966146171179,6
9.933187655138317,0.3844827446536423,0.3199605122590898,1.7516599374854067,0.09950982804162951,11.55433234034524,39.60155284108254,0.9962007534013854,3.277625801608153,1.1031416384985089,9.352890150619796,5
10.801749079272096,0.5260722421920251,0.5129034121023612,1.3524816942420308,0.15791874058367295,32.05498814471421,55.79724208605157,0.9987416666957929,3.0613678967610376,0.8452498104930386,10.27535931633577,6
7.1326820298055855,1.4133319773452706,0.03885825225499773,2.521305574420461,0.04284657566359743,23.90405984379025,82.71451474814515,0.9961564777221633,3.459524855796454,0.7139556337001616,10.879223575482483,6
7.550003482741804,0.46985319476918636,0.4549133967375736,1.5000550552424683,0.10324944305870291,2.3320593045265214,25.15848844546263,0.9965330085200526,3.218498297148672,0.8021927832330717,9.66612716944607,6
11.38799860735008,0.4076841720388693,0.7215984581719381,2.6147852419915463,0.11332178631395362,33.42955700928842,63.528251326691894,0.9997329785344424,3.1999344816376993,0.6488934792295966,9.38456628866287,5
7.846350948002382,0.12503861922178042,0.29454884198421716,1.4265661422953022,0.10257487743649467,25.156168435680534,47.7657752551855,0.9969018625079378,3.373363929343901,0.7792232316416661,9.38911121236075,6
7.548230406461911,0.7266555361322464,0.2971508806665789,2.6537842575835673,0.07898218873311941,48.92303964160327,79.1407018068772,0.9978240700570876,3.3379137983720577,0.6751718741947241,10.118686693496981,6
8.696609758623083,0.31788266999567766,0.1608171394478889,1.7736458247963993,0.1127357780697945,26.53016731704249,65.69845845718322,0.995493087083792,3.10758879773645,0.6828893491910688,10.082486853828847,5
7.486450488811233,0.5455157853140478,0.04197549280314448,3.461992196829602,0.06837144736096683,5.679092118697256,28.630886375187377,0.9961643012973898,3.5524924946381518,0.6076620456702209,9.09741940957204,5
8.89531339160987,0.3797629477046601,0.26800989520819757,2.579321381246505,0.09712156346415417,33.29692748306347,51.84641938328471,0.9991414143751431,3.3659509272762604,0.7839855976004244,10.152713304233009,5
5.850587861551124,0.9277113893180343,0.06047401175985537,1.2337897133317095,0.10643067547109406,2.3743538132003508,26.995067821796706,0.9964816328508252,3.5309294498848613,0.6065377290449687,9.389538473640739,6
8.062650170382073,0.46322185480100464,0.4164080486854893,2.6128083732143423,0.3712962169491004,19.015033321287454,58.699358569872615,0.9966997970054713,3.3497519876876454,0.5413944498833375,9.05180096846679,6
8.656565163729006,0.5795379803272631,0.19336442599504675,1.5179870715937491,0.04730135548596465,9.264805217464597,22.343012219839867,0.9959019782409302,3.136559589664498,0.6838222350422478,11.474313820737638,7
7.130052806842128,0.7108856752456734,0.07505226649398784,3.820352817277624,0.04874631386165884,4.437669358884154,10.380355157574696,0.9979546518932345,3.257809939590132,0.6887598281187901,9.182194020467536,6
11.227959042914563,0.6522957677926953,0.6979908400782269,5.878445493967215,0.07631562441753795,15.929439533627418,56.69362561520437,0.9979033259530825,3.108991438065506,0.554411059397558,9.807690409967625,5
5.820368141085934,0.27131159318717923,0.5361461668602908,2.4223520566958703,0.10594119926831017,40.00617830343572,123.16604209923926,0.9939058122209571,3.335489318119655,0.7588450943090599,10.718941870223262,5
10.831926521062922,0.28460104406271114,0.644615698167303,2.272100841629821,0.09168797026735317,22.461989977317078,112.53304642697206,0.9972474451180167,3.2352631488350014,0.8226296764516773,9.58975156720456,5
8.802223560638078,0.14685784664912463,0.2855180620749729,1.8918681443864598,0.08477648681592974,8.77292023999545,6.729753573248818,0.9978603942439136,3.217198221994793,0.39334855850971595,11.746192920019391,6
9.207274252360605,0.5653607708494092,0.5498388567548353,1.7706649671022743,0.016755036817097446,6.0032734101249,17.443569617776465,0.9973284114858407,3.150143087814092,0.8297904785213859,9.535526435823842,6
8.132323514712564,0.5141490391952176,0.23877294159760087,2.368004464241565,0.060323960353438635,31.391059080067954,56.14223120457564,0.99499268672148,3.1075145872159875,0.4745392228709042,10.219627541876674,6
7.304977048667982,0.836971697798278,0.19406249414209914,2.343392601180327,0.12214566719049916,6.747641564872642,32.20514858124494,0.9968391421330152,3.38957965794607,0.9370826401055358,9.248851212890877,6
12.903593114373297,0.6869163380816297,0.5101465481533474,2.6112814578852808,0.08356227901491092,19.261010233380077,58.87418935786805,0.9988229753448945,2.905645042552226,1.0675369500304448,9.696015340154412,5
7.946806205202441,0.4859102701218977,0.11430993142815184,1.7663436735496627,0.029388493675615465,11.708097453655892,25.72179116426965,0.994586156263243,3.3880057234282304,0.3734163255354638,9.791247730801807,6
7.193208606918577,0.86945775110238,0.11155559553176672,2.2789238070473026,0.1112288828802469,2.8987152273926853,32.21985682202964,0.9968862807153073,3.391242857575841,0.7341789414835889,9.127222699087406,6
9.843806425914805,0.5624481104367898,0.544554008362132,8.242486316798244,0.09560206935321258,15.053003868668423,22.866444912833014,0.997401837847929,3.058212320171726,0.958509853493643,9.604052418828308,6
7.62737109390748,0.9001493152155833,0.02130721172834601,2.5019326454463995,0.1038868445157212,39.34627766148238,66.73153077376213,0.997447996468733,3.2752071252274884,0.49694664588466436,10.34491378350411,5
8.382015706737004,0.5949284907138619,0.026862224771131392,1.4824362735519263,0.09697321004411642,15.060623879654603,115.13411642322632,0.9959565302969693,2.977992676696356,0.47091607920884365,9.401298160262092,5
6.961813238671489,0.910501491008502,0.012450674680186426,1.921788692052177,0.02154139272470223,2.2627215191820538,25.755293430622263,0.9958423391764545,3.2688041039589018,0.4699379781699101,10.947567027882782,5
7.214995291122525,0.3844996675804687,0.35459223266540757,2.5109841726678317,0.04011728921209286,24.392437259045483,42.34578579724472,0.9969261505549223,3.7696338933892335,0.8633130838323125,10.724248516712546,5
10.29043847961768,0.3744925544751816,0.5156073565062839,4.355657231183115,0.09762697412418128,22.807581686159295,67.708736517519,0.9981830277222898,3.020234864666048,0.6552024252195193,9.252733588372823,5
6.646493448032195,0.28690563663368407,0.44084068528210446,1.8092665446421357,0.11684191606611198,35.790338966657515,75.46532557499012,0.9953211151831001,3.526842593569526,0.7555918803303374,12.169564795996568,6
11.533083022521918,0.38249474075189016,0.4976049087597562,2.2795735315869097,0.10913304370999738,11.078054909996762,13.449198807632273,0.9987737342570299,3.083552449904665,0.9170488190564372,9.512091948206134,5
10.623134445683622,0.3307753628904966,0.521917878750578,1.533961753039657,0.0513965595458272,16.724916303440267,47.754788942887636,0.9987746799900917,3.198116360041387,0.9804796675449389,9.538751616515372,5
7.958663009425324,0.8493470644422976,0.1508701386176171,1.3155946178654632,0.061405652498412094,41.22866976561305,143.10915085972374,0.997839256637028,3.362951591324358,0.7243186981390344,9.440138751411709,5
7.802099105274987,0.43534044059692284,0.5152960576662862,1.743657021571623,0.07854409910911277,1.353123201235982,22.563109212031762,0.9959777967247542,3.4218820212106853,0.5929307990216293,13.009264879877076,6
7.728678090038898,0.39286953283240555,0.24052533931384554,1.4399501346478614,0.09000863798281933,26.364038364690344,51.24655184125696,0.996921838648949,3.233270751207941,0.5561007022686506,9.515778038700741,5
9.86963583872113,0.32825486969887635,0.3550406823185768,2.9999731609554305,0.11585937655558962,14.916814051926716,50.40679868481076,0.9980355684823167,3.154855324181531,0.701604979699744,9.057784134412689,5
7.927939579450325,0.576758640458795,0.005775623940008998,1.474738451247692,0.08794241787707552,13.46146658292106,14.707892717749887,0.996423427191262,3.412373114127262,0.6333713742006135,9.588851389494511,5
8.474732881576033,0.4385068449515316,0.6826808755336866,1.8705363666171508,0.05618874589726011,14.448368618617966,88.98016933043642,0.998244062753607,3.4348045026643717,0.5846974380837354,9.45326013677739,5
8.60693628003459,0.5428556405349587,0.4077982273551454,2.0015273488223277,0.11814533315046993,5.5470193695636185,8.350577572404918,0.9982520880943448,3.1475210466382304,0.8107782850314605,10.025917316398376,6
9.970780160202688,0.7224976634578515,0.2574707545080246,10.014221613554696,0.012472110985402891,15.387829369668953,93.0244116374175,0.9990262340618873,3.1801714395297034,0.8094902236041318,9.491109263328005,5
8.758465053646251,0.32688961100615005,0.4349892264729969,2.05167304782362,0.12579219114060383,17.367397102698405,36.561898459358936,0.99662407046097,3.3087933326141736,0.9403346025860614,9.120981681644043,5
11.777932748803268,0.4156598159614966,0.659444250751457,2.751392069888446,0.018614445682840135,17.472123765911437,82.85237623102422,0.9998402612281303,3.1367895575427163,0.564474661609861,9.373676846727975,5
8.579096142627396,0.496972360886522,0.02404931150246194,2.337640646005406,0.1384053109998291,24.000869333668504,41.55025425221631,0.9971269502842778,3.432370421630818,0.44857632356161925,12.22489754864566,6
6.210814742153676,0.4417582083954775,0.0886656536424467,2.1781894188223316,0.020168061880774673,7.581218229162503,15.741576441517836,0.9906576842848358,3.351060166596285,0.6579197169032033,11.686232560519052,6
7.356207845529363,0.38709461425619807,0.1037597017423713,2.6716179014352686,0.1244307316649684,12.549231604420783,28.92302444427152,0.9963148681358656,3.3419927893710186,0.6171662850391876,10.632205417931608,7
7.624097309237856,0.30675816013957385,0.14467211013917972,2.487079216829436,0.11925971013158017,12.334216647776284,7.854486387702206,0.997406405115388,3.4364832977464754,0.5752265270798044,10.559998854987306,6
6.552382512796266,0.9557543673702142,0.283205686365816,2.4980712943960555,0.12057829792970842,11.856632235907707,45.335396660605504,0.9946861930602476,3.438529229625005,0.4723486875187501,10.409751559769566,5
8.015623029620498,0.6026727996164479,0.012796941967804327,1.310879116991812,0.1158654713318708,4.071376313339666,20.79990459285664,0.9975466955130919,3.3639816047406734,0.531314810214551,9.514963704271782,5
7.954585706732204,0.3551750249016688,0.14289555081528393,1.8872798781702316,0.1289634974884914,3.192362929288765,29.044337268120284,0.9982266816322556,3.1454230339593394,0.4727452202417538,9.433975209572282,6
6.915451176893897,0.5848501164945742,0.042698554421730386,1.4106180434850237,0.0974791033701001,17.850912142400716,14.981853235791819,0.9963253797687348,3.2570002894717542,0.6617396649919173,11.315058637403508,7
5.660357712762316,0.6048939932896957,0.01764900664430648,3.2076860379654484,0.04893446466116365,1.6376435461256174,50.55631351903065,0.9939435547231769,3.6439005321454094,0.5843909403426578,11.572645699814688,5
7.878404659586074,0.4267702261166527,0.24470236502275933,1.9416189573251654,0.09345309858336566,21.673656138865727,60.89783779454781,0.996566390065262,3.3865519166646623,0.7755384032151469,9.185190661046008,5
8.486175931348544,0.1737500863537062,0.42002261359109927,1.8647214331940378,0.10402626518230366,35.22610832442538,132.55576385501897,0.9970037247403951,3.3829105822898593,0.9191309978785898,9.586682278465494,5
6.388566384689188,0.3838735534459912,0.19317556277507825,2.1543834211090775,0.10365405959840363,32.368758978706445,95.60610275426403,0.9941752010051429,3.354890407142441,0.4830795617907489,12.70163717373595,6
8.098811529179475,0.6541570120611887,0.012102999984211401,3.6850349929330792,0.10165903303738945,18.854596892753253,47.38507287633635,0.9974633538899444,3.243608889709487,0.49024570808066203,9.209979760162826,5
7.238171462595354,0.5905264176690382,0.2579206977458957,1.2350685767293332,0.08818725906981772,11.982372453637765,18.43475786576343,0.9967312873987587,3.213675392136326,0.49992361536346774,11.521185193534787,6
11.084818384421748,0.5450997137483649,0.4152107019931217,2.116733827292307,0.11511205411349236,4.361189443708808,7.0777350896213465,0.9986260218679293,3.2580606292610934,0.8261447270146748,10.09792415958245,6
6.926683936916934,0.5019605839460817,0.15187061851337383,1.4075397880793452,0.10175353682826487,22.112042635027233,46.714979879282964,0.9976287258006853,3.42159532309323,0.3711306422523059,8.70664538184331,3
5.702174754740218,0.7688081505862627,0.059390586771132736,2.4630286497589795,0.02026087590196613,2.4880484750396117,22.080601372883063,0.9931811841963332,3.7565962466060716,0.6436543823957807,12.604040705100697,7
9.972724828808353,0.43932981040286523,0.2710098867473572,2.3620208916771723,0.09752088489255104,32.029060417329994,40.07436530962533,0.9970157972740317,3.2064545007931406,0.5223301755491176,9.45603839421971,5
9.022720320738443,0.5277111396888927,0.42032434612168496,5.6793159097607395,0.08385221352577385,2.0963430978676647,33.805691356345264,0.9964936579249961,3.239395773292136,0.6818979036999353,12.102895209170795,6
9.875835995464882,0.4521384355687288,0.38859393554350385,4.034827668955152,0.13000673227227763,20.64362750272728,72.58684626745709,1.0001780511468386,3.199054079620164,0.7018676922008539,9.056181139624043,6
8.519748343064062,0.386437591812791,0.38718961423591075,2.157607636006923,0.01613509125501969,32.19730277242337,77.27970776500983,0.9970375487512828,3.3943518281508873,0.7034612590416499,11.746623286647752,7
10.153359226183257,0.3581791423408518,0.41331431057250995,2.0493242072946636,0.120259866726428,12.769606321921463,36.705657619963986,0.9964387073293423,3.228033818065381,0.6378920546803138,9.97439720548596,6
7.4452871981765085,0.6156748107150396,0.22933473141912813,13.440676413997474,0.12998509242706693,34.94923705724038,97.08116922871298,0.9959886803789619,3.5199375035604996,0.5526878153598296,9.165761026755032,5
7.6428185580935555,0.611192247144216,0.4528320885832738,2.458854098353747,0.08853269564848444,18.006428408405036,41.08817982301436,0.9952839860641031,3.385002146116598,1.0711645326982253,10.328581162455066,5
4.735059596029606,0.3584226472747171,0.7135139733063453,1.954903706236699,0.0536088308438923,14.252002969092466,62.00450862577213,0.9923641997182944,3.390965329685324,0.4625640192085435,13.08706461423423,7
6.772172426575918,0.6219424535757809,0.059328266772348724,2.008997990653943,0.043212025361671846,13.839356599433295,28.31510311503251,0.9933272593177582,3.164708587675137,0.39602571566446876,12.115036808701687,6
9.344427032462564,0.28151980369145,0.42107127980519166,2.597843908690357,0.13113125097423928,34.00909345680234,138.74036619965437,0.9979300299991701,3.281255052064941,0.673877180549197,9.35893830414234,5
9.14980960100972,0.30333808523299616,0.4558260296240786,1.6781934092007806,0.1050690104241584,2.2772542834687384,58.28468493855208,0.9979642614257461,3.0453603479863696,0.7570506033413977,10.658700708084039,6
7.417739810850399,0.6541979534983531,0.06629511001874869,6.252366565433473,0.09725906335083082,7.433979838644289,11.518126350363836,0.9981098288864129,3.2976093893294918,0.5422148211899915,10.835601910362735,6
6.769789981473004,0.31965588199138834,0.4809304528058057,2.0416797074045663,0.04140548403805542,6.871566572592829,6.217865173665941,0.9953528733431499,3.468853438391183,0.6420720472501081,12.095670140750116,7
7.623194074817869,0.26747318946243864,0.3974479870640098,1.912566518934944,0.033628649926340404,11.048428974006143,19.388443552337357,0.9932743401609204,3.502336471802779,0.7592568145219497,11.579480804579125,4
8.864735290383209,0.29836552721889725,0.39924762524560703,2.1117415127256804,0.08419914163693469,7.881811155045391,35.22813908225653,0.9976077354318874,3.3487276435349043,0.38696124842331125,9.319161065962732,6
10.332027779095377,0.14859000683627158,0.47451347498239466,2.084923501310306,0.022459484456980348,3.653126528814121,30.55392085696186,0.9972657291314502,3.0888455447889465,0.6692896509306323,9.507681516847478,5
7.703638098065617,0.6887000661290746,0.04563061223261537,1.9101889230531781,0.028575551890948982,28.102175156535054,116.33244292080249,0.9958832810512571,3.48264827796055,0.6755992776654345,10.24450900793911,5
7.882353340634955,0.44625478002931274,0.10217412640299156,13.333470477866731,0.12770809133997674,12.209254960452324,119.14003115067332,0.9960815728500095,3.406388230669246,0.7737797224366811,9.29982827420454,5
7.19753167934688,0.5397373295482284,0.31176188550363987,1.2456956418166727,0.10418867674214176,11.582766334332891,27.07351123407988,0.996090765224074,3.258445348667774,0.528481969191463,9.526829686163701,6
7.5853825542155295,1.2389645501295754,0.2281278644554665,1.8506610952096376,0.1150180653886444,32.96618048019425,60.79843997718622,0.999330567313837,3.1960543509547077,0.7244929132645535,10.773553913140688,7
8.953532578917871,0.43086361501810955,0.4312797362174924,1.9452705030195594,0.021667983890021697,34.80732173167292,149.61847377105576,0.9950042421444705,3.27279069825311,0.8554889090254447,9.907890943509106,5
6.867121429514031,0.5281595212598218,0.39223848549988266,1.6316629521555106,0.026226553909150234,6.02705116632421,13.027548767696361,0.9960426847095604,3.4347204383898995,0.6600798562004174,9.321613823278035,5
8.379473526855637,0.7782076234261526,0.024943600342689644,1.6337414654397229,0.09395365515714138,15.207390180230739,44.38153443803897,0.9972513884180085,3.3338476088498394,0.5082177307715994,10.22540929611524,6
5.947214138788934,0.8420517649292579,0.07561228668231526,1.5398839516860579,0.07893198473519639,29.80585731575141,37.22633810951969,0.9969155708581494,3.486148494611478,0.47032300321442333,9.371887071363394,5
7.103016552160634,0.7516504773876427,0.07394722277049727,1.8226196590636534,0.1192113601615759,14.363006041038949,7.643844422095647,0.9961621944848922,3.429391247981814,0.8046986087369357,9.067963076343803,6
10.139333252674891,0.47750468159435444,0.49843315757675816,2.419653934157539,0.11468795349229266,5.418705508136679,34.01491913752457,0.9982555192012178,3.208931491873799,0.5957478940490323,9.804263151550252,8
7.010979178463734,0.47938947789475933,0.0886046124581853,2.290374286262849,0.09762822570579757,48.138875505830924,81.35244862012374,0.9964554912392667,3.466301624932705,0.8321044751569765,10.895515697974169,7
11.339700357731887,0.19241993506671462,0.5385637593806377,1.5528892687634661,0.11419493842893011,7.592665279123958,12.673134150940072,0.9956227026452076,2.9766328656049943,0.8206946722097737,11.928036872710214,7
9.816300923593555,0.2907011346357377,0.46777809969559314,4.023538973098397,0.12456697070056205,17.584707576361314,23.202213808117595,0.9989748689058924,3.282740202574906,0.7477825935155946,10.768445764169126,5
6.629983720243844,0.81465119286856,0.1468217101066351,1.8640828946827415,0.07406339576912563,11.519159635609348,94.59814627581525,0.9945191294753952,3.531654805579319,0.6927488817656895,10.958933860796549,5
8.90969528197087,0.32688371436711255,0.4716902962619588,2.681855534226096,0.08415291577024124,4.627089064803338,28.064931010660473,0.9983768738146539,3.1190401403378942,0.731529205193761,11.187815499165795,6
8.330818312100899,0.3941448239990639,0.39412020625711475,2.5166299104254284,0.026134408216045773,20.4091486333021,112.60189664663409,0.9919981571933699,3.2863412523968996,0.6547087784125588,12.954261385703358,5
9.87656030296185,0.5310896739638454,0.4089083763073602,1.9332746934808736,0.10709744727783449,9.532974184422686,48.74994137099919,1.0000027515176955,3.104413146824036,0.7322834765365417,9.252116003355823,6
10.72660696137845,0.3338371040753212,0.6467608419334472,2.970600352558676,0.08719514539646836,15.998519087884322,24.70696581478922,0.9994721725729785,3.277120340184843,0.6552003130168205,11.617096829260632,6
9.59757008532622,0.46610547059212526,0.31478730632326496,1.7098590931582809,0.07795802718865383,10.036695699079951,9.496182813654617,0.9957569191337015,3.181364246521919,0.5658198349020853,9.084539072196506,6
8.46269262829929,0.2908875587873321,0.5201544835338745,1.593948619157212,0.07185469349964278,15.749147640859192,61.29445707195598,0.9952761265565502,3.210705828258096,0.865443397021938,12.048313177317777,7
7.715168643016302,0.36071863985713387,0.35909528854994655,3.8978490827556023,0.014118908258409547,4.997351658619191,7.546113887968092,0.9975319298683738,3.4334588954065706,0.6788977937722914,10.30935057267354,6
7.948437583746099,0.49286853194272356,0.08541489369916991,1.660366921094527,0.11267060880359499,15.328791350518829,45.97046286522508,0.9962008183361207,3.380653879600403,0.5787804158002743,10.181874238745957,6
6.911296290741727,0.15347588491799974,0.6708279367906117,1.9431302221624325,0.07765897173236441,38.66788336347655,98.95371421593481,0.9969576105331385,3.2687380120598895,0.5764583416668041,9.218717144739825,5
8.62839062307453,0.6180492302723164,0.019503339773171417,1.7057221455576568,0.07093330547017758,36.62496763726058,52.42911118839791,0.9981156020012563,3.2278578265032793,0.6205790093675071,9.374615077169127,5
7.639074916321315,0.5210578133670855,0.02058380358314369,1.7957018801925457,0.13002913757912768,8.443741785854696,26.470260662149045,0.9962381692797345,3.334030372507588,0.6501484831006415,10.939758473722035,5
8.544597073790351,0.3173130601242201,0.5965795129763439,2.606732627378145,0.15438307433558546,17.993097815997935,94.65817269604528,0.9974071601452706,3.5341884040501608,0.8134304943450232,9.248999564944548,5
7.1657472129035655,0.8944304900850701,0.2349114103770069,1.615819678528723,0.11133036550967382,19.955003466871275,13.459929361798608,0.9964854619445721,3.6597767404649337,0.5824950959504299,9.644799288954813,5
8.056076533020494,0.7399368449115075,0.10433687622277589,2.114824233567508,0.06482103394645655,35.49293505440287,82.12542474153146,0.9988317890218792,3.276336430390014,0.7590138571169347,9.370501208106193,5
9.147121295885894,0.33451903843666175,0.39829346052771614,2.492584403527792,0.10378869703954757,25.48563837900822,50.24596462138109,0.9989342697006686,3.4443577308993625,0.5966981561190077,9.145148646545895,4
10.465536446907794,0.38329052109860107,0.4738115665563445,1.5494432038345218,0.13688856191339427,9.40971211846912,13.894651179990221,0.9995187131719115,3.3092296522990265,0.4960344128607598,9.541244526319941,4
7.331555048931582,0.7174196922838569,0.21850971836197344,2.0908148797980646,0.08529141862981242,2.012148843101812,6.2085429913568015,0.9966849047975934,3.3778855366178986,0.4058123495556403,10.51152058658139,5
7.447827801557243,0.5574557540327147,0.06634057967373759,3.9524965363969327,0.09623738129792149,32.378013112022266,90.2286061356569,0.9975130203687212,3.3244536478664766,0.38764247441521577,9.223395913414814,5
8.380020736802367,0.5087314860006018,0.20348576049627143,2.6798961560768277,0.1554500203119326,3.1595278407822596,47.87442456166953,0.9986836216425142,3.3522108105404236,0.5868398431292392,10.958778612565537,6
7.953881719333562,0.9347738660104566,0.012964713683058697,4.360074941978879,0.1151464611670529,12.150723578425689,60.52547660066723,0.9978838199309186,3.4196754099311804,0.39024367308205005,9.099737975952623,5
7.8401433124827715,0.3386921689022004,0.24666406160813334,1.416742023105074,0.036500736820339386,2.163128032965017,23.310987929166593,0.9923504822535795,3.257192104230683,0.7900332586436601,12.365829092313747,7
7.989098450551183,0.750814253314187,0.22815523434731294,2.202991444096635,0.0730791050908949,6.144806138219228,27.56753501255556,0.9931291578042954,3.2817632380324753,0.7629788929616004,11.30186319822165,4
7.569180231191764,0.7402913217564714,0.06908774492402327,2.123103018953579,0.0979032188171353,7.862312700939071,6.363259632437725,0.9949789341813953,3.4672559883406464,0.5836409613671816,11.144452259928897,6
7.358568041686427,0.8982514092522594,0.007763065692274248,2.0396726222550257,0.042048147833749515,30.33452141601124,69.57975810325799,0.9942697360283085,3.232278779743537,0.6241250468645713,12.764595734361876,6
10.065112900037992,0.6436299072616436,0.31201057437654334,1.592267549619325,0.1308870231648847,19.159907348103914,73.45870169508147,0.9983489423127323,3.274761458364065,0.5848556051322983,9.68701891237546,5
9.1121130598762,0.3871795655495275,0.3580985651618874,1.2825331551514487,0.014624574357992819,20.778872310667605,70.19447138673144,0.9950501543420643,3.2100674794234982,0.7158670252366205,10.700525877930605,6
8.063964096016605,0.5907120984982062,0.20935928994966052,2.0592665722947108,0.11394689491417032,7.725802103964035,23.433277483799323,0.9970954205476532,3.2405028047709026,0.5348288397671358,11.095137886363002,7
8.524674909274955,0.6156407039420604,0.2644412428343909,3.8986414764515533,0.1314561898183756,28.382903192065477,46.01820013086874,0.9989209813170965,3.2122283959316698,0.7132816376141263,8.638603047536675,6
10.322723045223382,0.3902606889153009,0.5154012758209825,1.9082350205040624,0.01810296579645791,16.48933153684319,14.805692999745425,0.9980470356424136,3.1293032868754675,0.9277352982423107,9.256029017039287,4
11.563355640928009,0.6324893716059486,0.5312639817683977,6.268731029275737,0.0719067481902817,25.753294933349245,102.04114330686025,0.998715696159319,3.237058835493447,0.6051106570097302,10.98145882837379,5
8.246997028586588,0.6068129300853488,0.3611621909728621,2.593372941622205,0.10942290853379327,20.442164128084162,24.533022083459738,0.9976160363511531,3.3847733764906214,0.7039498139332006,10.954293088559282,5
7.3369711602783525,0.6371967773121869,0.2803830127109939,2.2125407428544666,0.06086775068260901,12.254183062112851,15.760325319899449,0.9959600837133642,3.5018309208538003,0.6471407149023718,11.930904613827968,6
7.756449151881944,0.5533242054168388,0.14458723189464362,1.9817374250405935,0.04755392346400837,28.100746010161973,37.80124181545585,0.9947317642723448,3.3473873681521007,0.3992159822923172,9.389558622590842,4
8.325286399548583,0.21245732742987716,0.36007707460544874,2.118245500472007,0.09755525610431744,18.776296199385293,91.79847668296912,0.9970009887616801,3.2541480713511035,0.5547453777591568,9.583773476928055,5
9.249031031303852,0.4790879134936631,0.19741796269400164,2.5992554216679427,0.08525884135041403,11.420299013079433,50.945819821925646,0.9983485632532421,3.461634007628431,0.9020140216288502,11.364624606112638,5
7.49778947085482,0.35714100182879854,0.5526492306845423,1.8062391814570335,0.1232102359429729,23.526747205406913,54.49128483202563,0.9968477679053822,3.3761980001375393,0.580843938226823,10.82595261661715,6
10.263405504403636,0.4963810869227042,0.4793844583042779,2.4716416602551945,0.09606133312713128,25.880305961122772,54.77060940750765,0.9974717508103564,3.1383655150776204,0.6392750379748902,9.801135636797815,5
6.332744231899743,0.43895896230745446,0.2301917929746957,2.4176091877058523,0.11863240888242196,24.330155899001205,91.49912525031058,0.9959012362818291,3.65171452332612,0.7890549166708017,9.444812907272832,5
7.461503249638655,0.42579795280264293,0.2582764469301661,2.5020535057252324,0.09057667970394552,20.779079134993268,58.8554601375702,0.9958174867335619,3.327260236917317,0.6141438946385184,9.168177636259312,6
6.262241694447369,0.42122447022283843,0.1078914820248796,1.9997146806082915,0.05114152671727128,33.34593854763251,43.653190397174086,0.9950809321064349,3.3431954742109258,0.5411346912095255,12.281076150531183,6
9.078411963895798,0.44856303557907967,0.21176877061119154,2.3275582165706385,0.0951130824949411,17.13843434828349,37.29840771479773,0.9979591007140478,3.319750866955263,0.8105349850084661,11.138089628284051,6
6.105638449732396,0.4508546117084826,0.12973135845917533,5.7152440743356125,0.10162030728469348,22.92195844376323,97.8388060338418,0.9949454450327815,3.40847258712908,0.5559181273206465,11.548242813120014,4
10.149774763012816,0.3516343489784076,0.6937785892837778,5.923878918759289,0.10897135671764366,17.099687002401748,109.16307655357207,0.9984826816730593,3.2277649265446535,0.6224859847418542,9.550525416252265,5
7.620500849787214,0.6556612750893241,0.04166064720231161,2.666874776972967,0.13174452049933463,8.047052319702775,10.459322345124338,0.9980151198971934,3.4250378440765745,0.6662961395515099,9.965114814657548,5
9.782717266817645,0.6754432524913189,0.1973648012743463,1.7694550055443816,0.12713364650152717,16.417387489600436,16.63910305885966,0.9967281346448493,3.219307914204409,0.6277930628417685,10.23734457156392,6
12.877758882256904,0.6340750179749882,0.572246775862918,1.6829144072649478,0.02755279935577779,12.87357806672766,105.54786409914023,0.9991605049914449,3.105430510750069,0.7959259811526282,9.505352172518318,5
8.906366127199918,0.3781174893698912,0.39608193845464257,2.228586196445759,0.08976555942171138,27.09542608168576,48.23439152461626,0.9983723355352437,3.34373874401106,0.5740923915323511,9.663306635337078,6
5.207488031756423,0.46508178929581784,0.03834041107111969,1.3081730539819674,0.049168213317947976,8.293869707033602,10.007534722991103,0.9923535359976973,3.435255595765666,1.160109435788688,12.978288746115478,6
9.001491731840778,0.6872899751733639,0.24355841004162881,1.332274507030706,0.11251785014956772,38.43553639314378,61.552114293842166,0.9987315787742663,3.3175386614953575,0.43914930945536,9.706496765716842,6
9.243495237627844,0.4500912515635208,0.25017312891094284,1.508164985392495,0.07370308340744254,9.848539851105457,9.773832283444722,0.9976613549515968,3.1249828870589975,0.7910670404371456,10.423189244991983,6
7.211397926246223,0.40695901541098756,0.3873764180318362,1.9175631246099365,0.10535253923829115,2.773797686396697,7.712636311462025,0.9968069982407278,3.3659693385180116,0.5705634329495173,9.673794912487795,5
6.914905102090088,0.5465475966711695,0.15404405828920043,1.6302096299713582,0.04295585658395845,29.962303785754013,43.80152704866494,0.992975630681971,3.4172398746651416,0.4338185945556001,12.168251022473115,7
11.627101530506629,0.3669883345465395,0.5304183656748654,1.8289338868766647,0.05061809027931982,12.653630312985843,18.392077326966202,0.9973614126571199,3.178609423807695,0.6326705966950963,9.820886276228979,6
8.917952368067711,0.33858151155364913,0.2599040979143448,1.8578120285887896,0.11097890785470663,38.05687906491386,41.71651613667941,0.9986306876535951,3.313250816734695,0.6651012920020389,9.662793905869187,6
8.582389483651724,0.8258783200819197,0.1466878225617306,3.743365499223595,0.08921069769771822,24.884417817470215,117.58519788886419,0.9976562270476982,3.3243678855834387,0.47990373948038273,10.055880390472927,5
6.421462291209382,0.6557324070813696,0.022102559557552255,1.2874977939891916,0.06351220037595098,4.634209179137507,28.59729080670621,0.995393307404494,3.3641972521702375,0.5345281242697122,12.116404838948235,7
10.289452602082598,0.2845966776710229,0.47869422759154556,2.5376038324008126,0.012752495862573869,7.957818814579626,15.93945615490886,0.9992228495734194,3.15118904620054,0.6674391362113473,9.130966577603076,5
6.356760382910076,0.5291871069324011,0.009746730148706733,1.7509469314948853,0.08392384624810678,16.74358892002838,79.64248946452452,0.995734438521201,3.3670764331827945,0.7038774977828328,9.122891275685928,5
5.785661241436705,0.7826411845254723,0.1663359722088742,1.6117579111904856,0.09520989380841369,28.55327114638361,37.08743313816645,0.9955554773966729,3.2753148388027653,0.5821544824297153,9.13342943918203,5
8.999162688123223,0.4002442091940443,0.5306445309490909,1.3051542028823842,0.07961026426921357,1.958439699497456,6.517198125788303,0.9956348720363134,3.326098961957534,0.5904566784557442,8.571921990499744,6
7.384362528516316,0.5992877160076726,0.12978648042358418,1.4571651682818803,0.043868535555218746,22.928717727929886,44.97201279755982,0.996896849107346,3.4309308261564286,0.532274060273706,10.873360377055437,6
9.221443657295314,0.2727534514700502,0.41660226495384917,1.867807890014193,0.05721660683815545,36.15675463402874,149.34014681110693,0.9979538965395797,3.3136222672787334,1.069626884552549,9.594072362052248,6
7.173298821548953,0.7675232876243174,0.013837407696142593,2.523738265261784,0.08957222274922362,1.8826754958050729,12.353627303268366,0.99608846626836,3.2507270138218,0.5934429767103196,10.048245588720304,5
13.272881275946688,0.4102416713774182,0.5674173992335343,3.942719060169797,0.08319119355634302,1.8448015834310785,18.171640855563467,1.0007308784726645,3.1046636541290997,0.9564874291778251,10.267046948498322,6
6.448475093562017,0.6376982446374092,0.15455813767482732,1.568512857597812,0.07104688820826523,23.249933540020884,84.69191898424053,0.9954721917454694,3.426127921878565,0.5384136119928995,12.703083771811054,6
9.566835574407449,0.376249538764943,0.48048504906077133,1.2133944311621796,0.11140968248841181,34.07529619645593,88.60054805916732,0.9981040800716883,3.5401303274432276,0.8274653342252126,10.69909687551893,6
9.51308569954876,0.32261182194123994,0.5147134021805088,1.7491251863345516,0.33428617018968265,48.418076900922486,75.68048680609668,0.9957254334681997,3.13549111375174,0.9278717833450049,9.09296865462464,6
8.991931831119594,0.36888678816756515,0.5142225858062467,1.8024510307852837,0.0763597684810741,17.143821468884667,35.87549009116075,0.9984664153772215,3.1299011263997483,0.966838062127275,9.543247912950797,4
13.983567343351424,0.5236621577684374,0.7066767644497282,4.207705576991105,0.11158951574533442,12.195867333506506,24.029413638646684,1.0020472637259932,3.0075861050115678,0.6754708248606611,9.140198080476043,6
7.66717457712921,0.7961375918920057,0.054275564659000866,1.9785664467437154,0.07154313976899221,7.531922256145683,30.252533013692588,0.9934784871684065,3.4104304515416057,0.833185783867829,12.018503613666518,6
6.9187955604459,0.5103151270298552,0.3990302666505608,1.9672254804543212,0.10143456903700052,5.936508392434177,24.90925982080635,0.9956115251406755,3.3734515674098886,0.5805795488824056,11.217716944737946,5
12.415985628360334,0.3302463021880529,0.550185567382555,1.8945083660532915,0.12970144022884184,40.30720650740686,85.87157742401081,0.9973567588197314,3.1595399109717084,0.9620368615016641,9.41923984594713,5
6.253654167798517,0.9304987637493374,0.02962814975488435,4.335003013052975,0.07369875862039547,16.885098997254012,67.15190113160169,0.9972067376800027,3.388434122306469,0.4282915155643342,10.126593676508158,5
12.203231249853783,0.5032109678038179,0.5186021754776207,1.318962336882624,0.08405160541339825,20.31948955328921,46.96264554308329,1.0006261499576674,3.0424682915509607,0.5564829608157889,9.563422518649443,5
11.7558545553164,0.5581218615466225,0.6960982267732322,2.057463711119097,0.07557386030130245,29.1771846520343,124.59504128313515,0.9993740255914161,3.170819195506511,0.6730388077843439,9.291746033561072,5
6.961622827769267,0.7453481277830494,0.053867342190746806,2.7265749980975182,0.0730343800335678,7.94309856696429,59.66441162617362,0.996505632661701,3.5972153658246326,0.38809079511237415,11.098868256624906,5
8.953818705808624,0.4491531002866479,0.2871124804971233,1.426759532144135,0.05602176606067724,12.907672918221582,20.64831405234035,0.9962903118717332,3.199546457780081,0.5486627143509497,10.767750797328334,5
9.060761609040778,0.7860668347672681,0.1643198104814647,1.3199061678287172,0.06630149063437704,18.80651223038455,107.75649995726158,0.9999900700641722,3.2119752934020687,0.38325248913895393,9.143174978313416,5
6.152054499315209,0.7998957142743945,0.18699955401303903,2.5226818858157527,0.04106025213622487,23.19135436799795,53.7368880151994,0.9947797743717447,3.484102822166963,0.637139359211396,10.257787906185278,7
5.840993200766935,0.3222032534272128,0.2067198334044014,1.536022417284584,0.07917812014618016,11.181681435745638,19.313442452261686,0.9976908237811145,3.475398196313354,0.5891890783833819,9.139178958166204,6
7.286452939559089,0.2945842695808023,0.3885998076710818,2.2415983428589996,0.020875141105598443,11.301491593710313,85.58875709982901,0.9968590285779453,3.347142957715994,0.7223309427307982,9.698480665251633,5
7.059355717406661,0.5315153516547627,0.02130221923092554,2.2636930832309985,0.09042202599685284,7.024259077193197,27.417379559832717,0.9969053179500159,3.3703021324718607,0.6009421432898081,9.905940910036726,7
6.89366570490927,0.6157460403431271,0.22605149519883183,1.8970158114318478,0.11320453598262176,10.818862936318894,64.90733651491794,0.9974474261650794,3.589274851379333,0.6626969623530892,9.167623053339007,6
9.769876164213315,0.5162420483478982,0.12498136897441717,2.289241482322967,0.09701135946185954,13.705515390894377,106.7439079415402,0.9970974144487849,3.30513182985491,0.6371521633391516,11.438876899337373,5
11.014056848151784,0.3923205479862818,0.4657657969325113,1.2518421524573276,0.07542131592472762,29.90493025169926,62.28647168061764,0.9958689006013665,3.19019656404656,1.1300650308913929,9.694166291497275,5
10.037634086471808,0.4204030893422401,0.5062426086455508,2.983494988655002,0.18162958003244528,16.28907658607679,35.40391185888855,0.9975171021274171,3.16866382031471,0.5351888860729803,10.075795560853935,5
7.962545209424706,0.7468008317225291,0.0627339880537987,2.406509219706943,0.09568731986691456,1.1620355910190114,16.867999127632352,0.9962811188164655,3.4901213104909603,0.5832658297783718,9.440854554386469,6
4.7423600030996464,0.7180793217298748,0.033594375451254946,2.57312725776963,0.04630000100037816,27.207724590231074,115.60204833093094,0.9941395767172497,3.5156241170119795,0.6516463214809476,11.073651695275489,7
8.241768220421099,0.5497191499452633,0.43729906553369213,2.5604160983110527,0.03520964064881167,16.53493754090703,110.25503315762401,0.9962371006418443,3.033647539188257,0.5602005739923416,9.890484545543124,6
6.868606435343044,0.3829121352722553,0.1973956526724457,2.3294389517807312,0.08447360824910301,20.78774066455668,42.42351320120391,0.9956592091717027,3.3896531719007217,1.0117723357440365,9.386059162422956,6
6.2132261212943325,0.6618975020158038,0.1579242827387899,1.5959824047972058,0.11590962374080288,31.260210486219826,103.5639669642716,0.9952577064553083,3.3154802268760695,0.5810139621334159,10.185274462695046,5
7.659009259551996,0.67925635019563,0.3504229478926435,2.3375486289482827,0.046579805418042255,14.325948107540572,36.47203540742729,0.9950057769202099,3.410749757510434,1.4046143104930708,9.788517882463427,6
7.513493309459903,0.7024379818851592,0.06670916419975989,2.5027703932490413,0.08097804124671013,21.646252121020982,121.95134389764728,0.9985176102636129,3.3374482614214487,0.8689248165287788,10.019493240128343,5
11.524165933907089,0.6388428142211492,0.5242022578471047,2.5830655592087233,0.15442313394762255,13.810777388720169,17.966230043158696,0.9971396006431131,3.245424789731973,0.672535020755805,10.304113336651287,6
6.603666448484855,0.5378177374385944,0.11255191717459695,2.5144042805885833,0.11090149159552676,17.32302323483544,106.10796267516201,0.9981077693858161,3.42185345320864,0.6261735040565448,9.895899813101673,5
9.956062938079114,0.2784331651353579,0.4907997338480565,1.639579502469903,0.0732760696482516,6.605906294519883,24.60265428863582,0.9959844578161665,3.2161800921989547,0.478625534853675,12.22925038559573,7
9.957946454010155,0.27622606339037464,0.5043743104679064,3.725578330287457,0.07682386753605742,18.104175304788157,88.94852295399858,0.9984074664900365,3.238187878523097,0.6388397562836706,11.748156149810118,6
6.15455375610997,0.43076730830103543,0.5363737363450181,2.352445365818623,0.1262010797759462,29.925578113952646,55.96537972850322,0.9964186286247133,3.441792810294276,0.6408180798036517,11.340566592870884,6
10.974767840389076,0.3940372248905015,0.41838236652279703,2.9889058432837317,0.1200165238321387,7.347588249693492,34.125449891611225,0.9972929267256372,3.1065261474813806,0.6564392661461408,9.930813434411695,6
9.11470035560347,0.4581283858978079,0.26497717358437883,1.6596114948572112,0.08205924553873434,2.360045525631379,6.970315051790378,0.9967344354899839,3.373630693107392,0.4559108103743817,10.471429207557605,6
7.156783794042521,0.1330329200520366,0.2869764914569213,2.4707651950071194,0.0706375107514759,4.139939202002877,22.449148251363304,0.9932162625603811,3.327254223049863,0.8496482329879012,12.472731762695062,5
7.792456614857638,0.5895297916629361,0.25972481124728064,2.3329752196028206,0.11615205148810517,2.267002448429618,32.976252866847105,0.9958179768518708,3.3954533760929513,0.5960456782586943,12.261481676580267,6
11.546746463439195,0.35667130564490956,0.5388301573914568,1.6943855417107,0.12290928554919725,35.51943264815579,161.6607123904115,0.9997536831565087,3.334649311148271,0.5032122773744835,10.77976433898313,6
11.424772268731402,0.5998208254383477,0.6954837014542746,1.49707154071158,0.014266420800898903,9.215852369903729,12.390599913438296,0.9986488647271845,3.018574725263239,0.884192145309303,10.773721501493212,6
8.262865486657919,0.6075844779218532,0.23390777667910884,3.1808789236446557,0.013307166775073,52.00908153607272,76.99060453063858,0.9952123769081717,3.1874138525244717,0.5440655164086728,9.635453285649284,6
6.556020717204951,0.3447564027566982,0.45381184691780324,1.4146168565003872,0.113241886972399,16.992244885355838,47.11819420313473,0.9946929046088469,3.51417814302476,0.7718666664093492,11.152281713555094,6
10.394941926819609,0.38346917420591675,0.4332931246787239,1.9888693915276554,0.08734060807912754,20.984476759493024,28.05691628217855,0.9976445184196008,3.0158502020462787,0.8464206187106569,10.158428775658388,5
7.885721376983904,0.3787277777380686,0.2466317633371731,1.9555450446287972,0.07199924434384285,23.806003779216258,81.40431312164733,0.9954106718764721,3.1554656235691674,0.8011312031291552,10.788443417302242,6
10.404781369705372,0.5257120732088824,0.5461151968009941,2.423111753480673,0.12129930173482822,3.1831818276779615,31.25440258017686,0.9961179258655206,3.1141918591901985,0.7724710445623357,11.409460530958283,6
7.445906463349193,0.5848204920006199,0.27008465999268727,2.9384617214592215,0.11107227595734101,8.347208590377303,56.76444431540105,0.9979266083124562,3.4127703082201117,0.652776152872366,10.061532786505621,6
5.87382974402399,0.775874280969208,0.0019272327950868146,1.8004711918944627,0.049791889043918555,23.324138881806697,60.15437080246849,0.9943992546038202,3.6033915957186,0.5948021919391,11.630449506518449,6
7.825312424394574,0.44156487375295694,0.3896678893485505,1.4123310119531225,0.09837962882933096,13.699274317907296,85.57367945248723,0.9968973315433836,3.386644500763074,0.6712406669705823,9.919368051238525,5
5.6679984746135075,0.421147600209469,0.05529560822568486,2.1661337861118417,0.06676679777276238,20.957481593392743,47.77069681646222,0.9917051977564646,3.5574359022747846,0.6813770006397835,11.080630406312858,6
5.2440417532699986,0.5631464738863178,0.25382459914820066,3.911850225572176,0.042901591581804364,17.86269971742138,35.30488651457454,0.9937451993668871,3.818794261561749,0.4020735911887371,11.748316521835271,6
8.98488486575111,0.4763523450477818,0.09196941183605559,1.5055267890682575,0.12198262747664534,17.96648290167748,98.20988208767825,0.998852190784245,3.0072817560027705,0.5762867901800784,10.039657052744813,5
9.738524016457417,0.23253739413545615,0.5055523036687168,3.6784637445739037,0.11675294861367641,20.74777067279109,58.91665002276522,0.9972204651315795,3.127610702118125,0.6314061525500828,9.505738251274732,6
7.948919826533773,0.6633601671415283,0.07034424828569222,2.1610268961086105,0.11450946902982198,21.24639681150921,39.16524230413258,0.9952465023962617,3.396592411554034,0.433973458317887,11.490215692302181,7
6.422087344936032,0.49383334865619544,0.15932809407539303,2.4078293779896116,0.02821034153005186,16.814819667520872,29.95258697628326,0.9950598162581223,3.435255184666831,0.42326111863089505,11.544452562087752,6
9.776467798454961,0.19026950899580689,0.3347407742157468,1.5869359738637687,0.014780389436606716,10.67469875623627,97.72281465558233,0.9968157664848121,3.2767878765827647,0.7877464679712801,11.312417163662207,5
5.756509760164974,0.6765694108426625,0.21102966146978314,1.64202779242848,0.07734191691230326,6.5157140227439845,6.158962016845005,0.9953780921264109,3.453490307828824,0.5428037456080812,11.55463055906257,4
8.87353949248439,0.8164035724512587,0.0129309838353392,2.2639316854918308,0.21748677698731977,21.455040714279686,37.52835730398369,0.9986850334781395,3.287312305401541,0.4634052606741983,9.392067650553768,5
9.79550306977645,0.29691845578953047,0.5908524071237428,3.3515286005543685,0.1178774082938874,11.828625856554282,20.265515774869698,1.0001092562977643,3.155041727363546,0.8178257690796018,9.764425457943194,4
9.773436640879465,0.42152910026128887,0.17262855375086497,2.275428856769615,0.015069930811446844,17.147346157851395,61.47314355787766,0.995559277175465,3.269977572996536,0.6288217260473241,14.023864521236163,8
7.575662437366927,0.42169806334645615,0.4626800585113044,1.6315683415235025,0.05994444473313858,10.976584178145998,22.24136834586018,0.9975282110335784,3.5426581253658993,0.7404140372383781,9.176374419704379,5
7.024820706552784,0.5859137734979694,0.241273853474262,2.684306876782722,0.09510316365600158,18.492819417235467,74.59360923386839,0.9971180739324957,3.467896794022579,0.38274347983514456,9.110218203566857,5
11.641287732935517,0.7308766298595647,0.4886038743995412,1.3004944377738474,0.11209390113806228,25.78399094221957,47.387027117667394,0.9993431583970706,3.151531395545879,0.814241293011529,9.605800562574235,5
9.252530020335396,0.5406030079506448,0.2802314112491843,1.8465627751683007,0.1280562033166024,34.2277655068176,126.78016710148124,0.9980297842094568,3.2996293710663775,0.4078215357587862,8.497836087780296,5
7.872325033815567,0.37520750191995916,0.3285420417775238,1.21752046594985,0.10855250018001296,15.094705444092675,106.55184167905416,0.9964887889390386,3.39625415420435,0.7462721273637366,11.333579966733781,5
12.832208146578887,0.3951311681675323,0.6477050963124503,3.193810025139041,0.13141070161328125,11.958057983812498,16.591060153895864,0.9999771654907582,3.1259859788917357,0.772410186001304,10.713296627431411,5
10.797291171507194,0.2505224777139693,0.5138832020852105,1.719899812245178,0.12213898592856162,20.02964095551772,30.68047642173947,0.998185615555185,3.1677814444426966,0.5461849788890594,10.732849244422738,6
6.641812524310872,0.521244226506155,0.13903299092080573,2.189060998477266,0.0453438895495059,31.566567784793534,51.26143082026141,0.9961383430747207,3.50570664073601,0.5811617812988034,12.116622894281129,6
8.543758889813013,0.6941013821254798,0.05743213426883406,1.9570350831803558,0.07259122978648623,14.188775548112375,43.55651387578797,0.9957081812699649,3.291175925409798,0.6050198219446441,9.855363532587239,5
10.051230433918109,1.05484548575863,0.09453349141481326,2.962241052190272,0.1116652445945975,30.978731163910304,79.41972286908454,1.0030578547381865,3.1678908882402723,0.6004519319275503,8.44156151971467,5
6.41367448180476,0.38247028606218375,0.4729098640853927,2.4832463112132626,0.11163435031295105,8.913095442775761,21.99947341953115,0.9955671553038512,3.3974178934208523,0.6541064016180718,10.679080828504295,6
8.452983357845529,0.582771968249314,0.20060221107436155,2.376522952436476,0.09265755036490521,1.658073156571949,25.238762403909295,0.9973366027761729,3.24050270453623,0.7169153507568755,9.21290188108056,5
6.776309286075042,0.5251280978462544,0.12043588075563019,2.4574849538741947,0.10209854373575737,14.164137407474113,10.8942981043928,0.9948527073714916,3.1039388749378194,0.6898420964982027,11.471465496739457,5
7.368171147810598,0.7930302958323978,0.060585044479275055,1.8353924048064643,0.0895933746113131,13.50703533636284,17.140706185077164,0.9966138988030172,3.608917156429992,0.5608854496017813,9.667725922259224,6
8.197334212470475,0.6558456560351492,0.24746579552657647,2.5837376854484964,0.1255658053574495,7.765586598100461,58.78408549813876,0.9967046662960496,3.104181746755845,0.7928352457258968,9.872887597346967,5
8.473580049080459,0.5715240845643871,0.0950041458391784,5.071873374763177,0.07775961179552003,26.45422682564949,68.57856909668196,0.997167974075161,3.532686945341988,0.5859686469145665,10.85921557942854,7
14.530508281631445,0.33990326107650415,0.7529169543639255,6.765944225636218,0.054148076975501655,18.718161659127215,39.000330817879046,1.0013524376262122,3.051370568449059,0.8427411333290014,9.201368508011742,5
6.715583247994716,0.6756349477381816,0.03529695029404491,1.687021107497095,0.0256055670517411,13.505976089076198,23.316883932047464,0.9945628274048983,3.374040772287753,0.6641281040227506,11.945397087907606,7
6.283288665393088,0.536691590229903,0.45044760656659477,1.8011054153242907,0.06370810615036678,15.358625521095748,99.26919612657215,0.9951987902613032,3.4902872253431,0.8952001864010407,11.799601124336045,6
8.451083411858495,0.2988678893664057,0.4029801323417983,2.5020580786364537,0.09563664274884784,6.7506250057057535,20.667062962323804,0.9972390642773984,3.4125425226663615,0.8343447401165296,10.375710905121464,6
8.41368226414896,0.5884664813269841,0.02243755633766317,3.2226675274902172,0.028542750115178737,12.190818161191885,19.983635457264455,0.9977604572533718,3.3865883380504958,0.7336610479180833,9.579982252817507,3
9.461135126603253,0.5028579074488345,0.5572351615535996,3.2761283014022746,0.08171282078431563,19.637566756574863,48.719301301609555,1.0002990586257838,3.11735013994914,0.7957221084527153,10.052453036585945,6
6.7439958271179234,0.7288991188268678,0.1939132582688486,2.8338767426530134,0.1045123140278642,10.682537346165493,8.169315097994986,0.9931520268613454,3.5986186938396556,0.9775725836011616,11.22052222873948,5
10.695754431190899,0.6715111463025535,0.25349340292136185,2.4474027396674423,0.11449580613477546,19.56638579182349,89.37991760763302,0.997485117933032,3.2600750312201163,0.5792816850658904,10.633236168977243,5
6.665373959656144,0.6759628451659195,0.043151302786534305,1.3699377586522812,0.0875880239809892,30.015676621435052,105.69586831551152,0.9932083747837251,3.438084283287382,0.3708991218164444,11.368537495663295,4
6.9001791731627655,0.6022500678758141,0.01482113627027981,1.4042839527645352,0.11352445808077631,18.500688531307308,90.79610946318044,0.9949115583563689,3.3994369500114088,0.5495372024571378,10.267374698503348,6
7.722197493573806,0.38390728572799204,0.4426900048083469,1.6387440334358434,0.07124963423937958,1.4380686966909721,48.20896568392173,0.9965215062347894,3.2903296656206313,0.8024538513256306,9.529024654458828,5
9.423658594862047,0.5833348778578507,0.36478998083511716,2.459121095070122,0.0971807372416049,5.25239427300544,30.681710970188067,0.9969678210308286,3.2370638375712972,0.5906968930621268,9.668750730406092,5
7.388124705876339,0.7885950175286964,0.05545943073641865,1.3055059848819432,0.046095708132356125,15.829422835763474,48.39584393624351,0.9955033809906384,3.3625096690385456,0.501435410450515,10.960353647598263,6
9.23451694700496,0.28939588800776006,0.6720245985192392,2.359838913226088,0.13365435178510135,17.770875331261397,48.549651851674376,0.9994524108402553,3.0551186754541626,0.6918335620231637,9.47119188171095,6
7.856656040261245,0.5625364193183251,0.19830482671716995,1.793576008805262,0.11284257293233335,2.726807419670096,51.754417506308876,0.9975285495182479,3.3131802278021705,0.5341681434205228,11.149047910642688,6
7.605244265210912,0.668817169790558,0.12041868935670422,1.3307447875954057,0.42320594061939326,10.853944414466941,23.004225784370437,0.9961982559480932,3.349212278371465,0.640767787678884,9.469768700964412,5
6.399879439684453,0.9288735467642768,0.2828649957298129,1.4810933422068802,0.19088245393784814,13.369784061783232,37.05948054202436,0.9974096222359741,3.3906326759594987,0.5435146231185396,10.16449999548175,5
9.53557985678153,0.24968776641425508,0.3646726157961376,1.3976108315822604,0.05346246678789013,3.9815584159939936,12.74783377432871,0.9946872930403474,3.31206126090533,0.4661912604081761,11.82724501331681,6
7.581509196888035,0.7318433959849266,0.01709750584248837,6.4089532169192065,0.12995085195040165,21.7398740024433,129.58785481566645,0.9973092809306551,3.2529973292253813,0.5353907982288584,9.583624922582935,5
7.866711043152412,0.4979503507766783,0.49838732080149617,2.0604680898672534,0.12893457402002712,12.76923476728221,50.99867867626601,0.9949324631518343,3.4207952043318883,0.5563168761012232,11.829395923101282,7
5.350143764211481,0.6517970017322321,0.07254769532421042,2.069826270646997,0.12570033013436782,2.8311793079742116,32.22213177424317,0.9955262140399338,3.699729553646517,0.47770783512421167,11.906477599993982,6
7.506042356484156,0.3891113491458581,0.32200786553412825,1.7992252341718613,0.0860223356018555,19.738886238260392,54.338158028934274,0.9943618182541161,3.3431638765193106,0.5324772211849466,10.952199983876676,5
7.026666607120919,0.5901682154003025,0.5552984982438401,1.9987267805738154,0.11309225283260531,35.19516440399773,118.92484982682338,0.9966065542036099,3.499390628457698,0.5463534591899235,9.784918257874544,5
8.284233317724643,0.7046779313642142,0.06386625460523726,1.6734658981152744,0.0824469301651451,14.62044405911693,12.670451181885628,0.9982451801465612,3.374773762041985,0.4414966437428879,10.062562572763907,5
5.910792381849131,0.8321195562760001,0.13729317621808884,2.4536188489545614,0.043772461040282235,30.15394043826315,108.69043666082455,0.9948563445479913,3.5684973543467913,0.5650930361914552,11.359870186935517,6
8.960945960469143,0.6327650223251127,0.08958714855924015,1.2613294956803092,0.1260182068724568,9.11329428675103,30.01445495893454,0.9970358038992451,3.2062133446122383,0.6831000218484646,10.676849638002425,6
10.020488550214726,0.3017420986985037,0.5866914498739376,2.3604945626963785,0.11328734878546406,15.714679081127915,87.05329943125186,0.9981483632047878,3.308726411978676,0.8365534844876198,9.847041653281856,4
8.455919241558371,0.48043392275149444,0.5261728211043647,2.245003921212618,0.014881163756611665,19.78137868217744,63.19934536980682,0.9970500294592837,2.9073788810944134,0.6179444986933305,9.291629227097049,5
7.670432538058847,0.4249494929851445,0.08597536336330062,3.761324199125859,0.08990311513058001,17.999045341054234,90.60999996530953,0.9956396396984172,3.2839818865059027,0.38193252722321597,9.973868684526545,6
8.156695453377091,0.5229395664973215,0.5032195169583582,2.6450459160060285,0.11405864363339162,18.86716035746513,38.83913853429764,0.9977325583617506,3.3271802283951395,0.47525367207434144,9.780441011277004,6
7.9256776497472465,0.6913341733178646,0.21387777683327686,2.4593304893803904,0.08245316321571058,15.863014549025909,70.23436352527784,0.996600970499365,3.063212569710757,0.6820425729172906,9.79887997951752,6
7.233764951839176,0.634828277972606,0.04777503619309875,2.423394053073252,0.034101997530694345,7.470878592818754,31.60064100517453,0.9940670044859532,3.323693128283128,0.6634295886053595,12.176938042551765,6
7.6026485804918185,0.5305544110547331,0.06331072560564316,2.5414209198318938,0.09436079510413112,12.123463150587172,33.5819412375599,0.9967014886984927,3.2974617836475075,0.4069755070632243,9.995625510905434,6
10.482214973045124,0.500017022943044,0.4168061462033805,2.2689514198136753,0.11296590348802951,8.005476934743314,82.88580288723492,0.9982450124029445,3.139929054769857,0.6798305169384004,10.623177301013227,5
7.954696769145453,0.5825100987175217,0.0554240811598307,1.5880881138740899,0.05665124856879859,7.050753187513325,8.826616104929101,0.9976442452930294,3.344832378849608,0.4336232437477313,9.177508878065451,5
7.6159530261623765,0.9571741153440926,0.37416334727031897,1.7187458283901456,0.11195500971430719,33.03358876455002,78.7601173825161,0.9961125191888586,3.386085589480239,0.5311699221455298,8.969541509439695,5
8.189560053067106,0.7460298956491691,0.1264852752387584,1.6302415009873243,0.10580993433601148,5.981642448304555,17.894330604732907,0.9968903752934136,3.356733207991917,0.5641057024298108,10.467503657630296,6
6.7235138130223895,0.601828890927797,0.05242252876892214,1.2069940626109141,0.06990654573418784,6.800601768547949,12.981559769362393,0.9938457934550405,3.346932754608249,0.39439017286858696,12.66238581524659,6
10.161661426341809,0.32439996224991363,0.46119312471849977,1.9581971762679529,0.08897949771708497,1.8781287502447426,11.090214075694405,0.9942763178865658,3.212553662009329,0.7986193257932782,10.58910294504665,6
6.4806297879281844,0.2789472769303636,0.5152192588131547,1.3970603009308815,0.11577472342547718,3.6821472455021507,33.99078919049396,0.9952629747142234,3.5059400660221605,0.9203845889251875,11.42425083463456,6
8.267637217197906,0.40286813638758556,0.30746357025511584,4.029948552762182,0.45701520441862326,53.22239587995881,64.22854348284675,0.9981307634729599,3.1895513013048165,0.4940749573457953,10.373254821847357,5
8.775885423016623,0.4571369006332906,0.31447068289696234,3.1441926996052256,0.07494766607320008,17.963074189499228,92.49730389497759,0.9981008550582245,3.3845449922884447,0.633127670325205,10.15925567443423,7
7.456369104871518,0.49943824968578204,0.24998269202069223,1.5246473356233121,0.06199449032105325,4.692839521480055,23.306953540351348,0.9991170887659647,3.342126752225217,0.8057229759932361,10.290410475292177,5
7.9040819073942465,0.34851067313139644,0.3311961397499659,1.9531719873945694,0.090288110856576,19.236797336404834,19.103129684490078,0.9948727557752309,3.3730010637921986,0.6829976552805495,11.947862178108666,7
7.930180907074879,0.6767981815820672,0.11739534219166792,1.357063653155737,0.111564124021299,7.869372403411439,31.841388269101746,0.997964703138634,3.242130025837028,0.5161886002324974,9.334633963194737,5
9.527870992690447,0.6047000650907376,0.19512042559110193,1.844356581970625,0.1290771149611794,32.39121957432438,81.8758340536321,0.9957592389494331,3.1387935584508004,0.7688891096967794,9.510346886279233,5
7.873304596211945,0.552104650947269,0.060594561113532196,1.9024817141056465,0.12691648754454296,14.386197918667852,23.725995900290005,0.9962977559543349,3.157241749673616,0.5072900050096785,11.84527416467287,6
10.160866059369,0.31398679322134637,0.4538069468746815,2.3525483277959314,0.07535691993681336,24.16152212837057,94.20896836275189,0.996710149906656,3.2204638613259964,0.8295456748514829,9.426616752686725,5
10.888016864771922,0.33107901370008663,0.522419671830217,1.9779299737690568,0.10189514174424794,1.8343217771943887,12.21142895896429,0.9960223020491454,3.02504910373327,0.6123535364438307,9.139125743177257,5
8.24707735247974,0.5639117671326012,0.3781545533645295,1.3254706557577216,0.025199777424724595,24.32992359247601,79.69725717146062,0.9966931657226511,3.1636605044230413,0.8051343063166284,9.216771289326445,5
7.814819963914896,0.41263179194641314,0.362763418900639,1.977432074188548,0.1306307607968496,20.326092521300563,8.839918046599653,0.9962683790021436,3.273862948305582,0.9236586856510342,9.667433229846463,5
6.615326178193531,0.5192161975057519,0.23157438914312298,2.3626281041433828,0.058802902263101725,22.55847458956348,49.98786714109089,0.9968555905193661,3.4590241484929987,0.6234169482704783,9.65673618488584,5
10.059598055681178,0.3402847254407141,0.36446979785707945,1.2968878388967755,0.12740965517449007,2.3733099468612497,26.193106561741107,0.9972099369452068,3.113709180730404,0.8045340031468659,10.534844488808304,6
10.612044789730884,0.8006847473448273,0.5610064096937329,1.3561318198444463,0.12029544814980199,13.489310421674785,27.981307934222915,0.9980149984359352,3.3682779876758735,0.731743838700832,9.533385214058294,5
10.01452139617706,0.3976097735967991,0.41897750087004043,1.8808970052307386,0.14973766542872244,23.88268876788861,54.295203712963726,0.9981423082038617,3.136560341018171,0.9291768003290859,10.478562092988787,7
6.342262054105989,0.45419672493806645,0.06763760168372937,2.521208829024206,0.07557694777638987,7.790600885866245,101.60297014382608,0.9968528684988446,3.3911959797279674,0.5534017751117931,10.957099445489353,6
8.88360201589515,0.6067968429230958,0.3254462222771723,2.0094612577236317,0.012373960696440579,21.905735287772366,86.88274430744454,0.9981527004388498,3.2676556781844774,0.4820798098991115,9.497018803757651,5
8.271565186990125,0.28499275897065757,0.35745480019512627,1.506984130175624,0.10280155573534533,28.595880821921938,66.64366387099338,0.9967123874261651,3.2623593991173028,0.9458853436464352,9.548417441096227,5
12.556105069763975,0.3602903333510039,0.7869023637043076,2.3712024363612567,0.13116065330595109,18.243476336592774,40.03422833188017,1.000412952307474,3.0469352743656466,0.591437194202472,10.52456993835064,6
6.789702971427376,0.5680171256624595,0.3013352893153517,3.5093978010818763,0.060996199518081995,8.657255781630138,28.072139238239153,0.9955603865307703,3.4425799467153655,0.46145704306516694,10.948808701498645,7
9.003758781121316,0.6761922510480431,0.31462966109990453,5.574171951044777,0.11521092421019487,16.798288848135325,77.54451673146907,0.9988014624629571,3.2874252217538085,0.6005225140476537,11.497264892799931,5
7.054289323493365,0.6116788183227233,0.21491407544876426,1.575194012676983,0.11028545880498526,15.503268767815802,70.59405374723293,0.9973454876488885,3.644998923963971,0.3723676677919742,9.459773737453808,5
6.417927777354632,1.0367321744713172,0.003050711705239433,2.581986696981767,0.04819859293697484,13.918348927750497,26.290900692212297,0.9953829847125332,3.3204150648559145,0.6399162516198631,10.51595363789653,7
7.688601418497398,0.5345495658878935,0.15373152672885704,2.5348628767245516,0.09519012337267282,53.513730503230526,114.66046894525103,0.995987062718263,3.5471649003433163,0.3828576300822148,10.081579772852383,5
8.810250602978634,0.6905642566139484,0.21925589051195504,1.782172078201159,0.07928849811581053,5.337722953261666,30.942914533018254,0.9973918426262482,3.1513397108784087,0.5770491931066114,10.152646857135162,6
13.556094243278835,0.7460653936093918,0.5863904161568583,3.6504158265695255,0.08122240806811021,28.371730496700525,139.5598360790781,0.9985780289807477,3.132258130961269,0.6310191899648524,9.440890568807877,5
9.338432886116014,0.46565606024226586,0.034487606561561024,2.606523243805605,0.055007734043212644,6.18061676580722,25.30294200922051,0.9974077028946376,3.1655937534927947,0.6126745719162624,9.509125025513024,5
11.15927431779238,0.24401271952305198,0.44856558806709457,1.580867211768739,0.02297356429602892,4.863590935749068,22.557454836999998,0.9979885576003524,3.1480561174796047,0.8367291339858387,10.252204410978713,7
11.006608778392119,0.31207262583527845,0.30291739069464924,7.703360005645769,0.11915401400906625,10.280604486482918,75.45259845972294,0.9996121434576873,2.9007395029235807,0.5821811668470641,11.449816726031417,6
7.389867302248393,0.2934520969785587,0.38512704852594376,1.347729581099614,0.3303018880221917,41.197983578848024,66.99485233490863,0.9966487426778597,3.242175449536209,0.4565045558861394,11.355071743963464,6
7.47987923258193,0.3912672812762288,0.23381717811655278,2.409717403398887,0.09315086655108464,11.89756243851943,78.5472894383928,0.9957340136648634,3.305983983260364,0.7569845232311844,9.580130499314564,5
8.59963368508483,0.5853169068345977,0.17065666196177384,3.9133999597396825,0.09275236262031324,13.083380747054706,75.51785990078314,0.9970550092079628,3.227338447889649,0.5452460715526825,9.103707438638732,5
6.0225124148101985,0.5367734139664596,0.03298221226717628,2.2763145124161266,0.06872725016886663,19.286222759926027,58.79747049286242,0.9946639429967827,3.605986654744234,0.5755416837045009,9.247475447509382,6
5.886512169096442,0.43583153784169365,0.016089305204688886,1.7079392806977853,0.11179850467337328,14.396792934931824,25.47638557936719,0.9968594333135646,3.6142175146333146,0.6430245017241225,12.686393428775865,6
8.746001241716838,0.29640272541444407,0.4266602217874945,1.4132937318510634,0.020296422520124622,15.347612124342383,53.89812359219039,0.9964725091416408,3.107960835920889,0.6682349314337273,9.96744096276966,7
6.312341499726422,0.6122018289195644,0.14047543224575412,1.5919549097159567,0.03644038234679567,18.28594408843867,62.11028196301409,0.9932115285413465,3.5790293530452586,0.750033568577221,12.462133317191746,7
6.574938224068666,0.602354214109469,0.03319521515056914,2.1271051455527594,0.04429900437445755,20.966474463084896,113.09094026172764,0.9957882906598723,3.612800422320849,0.539962051410018,10.331492299526342,5
6.484805528953758,0.5334880532058879,0.1291272869842252,1.8920724289257929,0.08522778113238125,1.6954050911478005,8.918897842840362,0.9964518304297639,3.100448946279979,0.4235038962063156,10.441762652368967,6
7.095329651380139,0.8014755981616111,0.017404085473212077,2.1044398402361475,0.12589218465353433,24.83840043419564,92.08308491412878,0.9962230266779779,3.3003754513945225,0.7899788890566826,10.225942344596387,5
7.534917465672851,0.6437976799365454,0.07594243434873764,2.0941820870522863,0.10450246386226816,10.79730577028333,48.29231013006626,0.9951431033168372,3.3557380283672367,0.6859812547591563,11.79909498460379,7
6.71273181137009,0.6139186453730402,0.13244591727492575,1.8782726561011238,0.1205689617975979,4.975873733716664,40.82906496461747,0.9981602805577001,3.6184347054681227,0.7626884564633071,10.039821875962733,7
6.018785064628568,0.5310796930733696,0.09102479210076306,1.5430778212166283,0.03987882818038575,13.852084508306543,27.759237177749675,0.9932061456988474,3.439946756453677,0.7580611133308596,12.701371171943102,7
8.394205401652862,0.47343839248598346,0.6817120282603363,2.5278474806280062,0.08480723598798295,8.987683299220773,38.05370388290148,0.9977834004745649,3.2458569126391366,0.661335493151858,9.269788107031138,6
6.1547024201649245,0.6630997833537033,0.3082263269509848,1.7528110430633528,0.06145430232353789,6.33321772432061,33.414350654838906,0.9931797838478532,3.236126365438424,0.4632002727694953,12.778431054469657,7
6.463830208423353,0.5615437886950275,0.09437142197523041,2.1385748190950444,0.11526562063215323,7.93395030013347,44.4134212227667,0.9960059544525453,3.37104788550865,0.6246473132389195,9.313386797766258,6
7.114233822515308,0.9067723726401458,0.052613595619745414,2.37330330268313,0.11171746096031748,40.27728466664617,114.21878821149757,0.9969249005930564,3.510293402158017,0.604389591078627,10.910320342281059,5
8.273560762879125,0.3645476713833257,0.45273208160691186,1.6614614243083654,0.028837673442778735,16.49625197467217,48.613777216953196,0.9982767037078373,3.1319406155549854,0.7050855130889491,9.718712343400744,5
8.677719880975527,0.6565316526333467,0.10036286517235611,2.8840603609135598,0.14146079853419455,25.861027816047965,42.6793603612475,0.9993755870234154,2.955402712958514,0.5642925351128525,9.136228315300727,5
6.519907791727657,0.6538493187764023,0.18835549106971017,1.4233095033210508,0.03555770071418002,24.136125702450443,48.13693137045634,0.9966084812699483,3.525081499878253,0.484984988083076,11.917720296560036,6
6.092523367656227,0.7219460196768943,0.17917866871197857,3.4195032428538408,0.10750820982489703,11.286164233523547,112.47996954885363,0.9942279119174361,3.455142586879407,0.6282484595616785,12.377420963958995,7
6.903310780439462,0.7386319272708719,0.009658783233388443,2.4256909118916825,0.05254768622592175,6.302780238601128,17.027197337705346,0.9930180830053912,3.18161096972747,0.674387602959055,12.008006346247345,6
7.955461023589029,0.5560094974856963,0.25656513592460195,2.465411556462417,0.08950542400267292,37.125277684277826,73.29641841109,0.9961710653022483,3.3202621416565643,0.6693586684858668,8.82731508225297,5
7.094427278002632,0.5885234473303312,0.02287694061743292,1.9302519897198382,0.05761973689296182,2.1610083808295393,27.410415604893053,0.9967554835379756,3.3189967687644746,0.8255740390652409,9.054865633849015,5
7.364033134007838,0.6810619809792103,0.5468811582943048,3.0948821585062536,0.07675316125626284,24.861768758821515,60.908706885068455,0.9980915868874869,3.4451954146200956,0.6707866437529844,11.292384720828851,5
9.033893433779443,0.32603612563675677,0.3330078393918406,2.615098323922213,0.047748542515329756,7.114418686595568,22.34410040099529,0.9931143288081999,3.227536023228757,0.38499893720421213,12.548026489963753,6
7.227479920031546,0.39269669169948435,0.18473691266800846,1.2736781242094293,0.3536048366359786,7.89032323924717,35.24930465239705,0.9956840658329262,3.2740928912196328,0.6502525273431552,9.625924608159096,5
10.379066741505788,0.44429334113479213,0.4116233122703829,1.5439210461963087,0.1128963854220946,7.526705497245109,9.827815834189783,0.9956189322228947,3.282900227576874,0.590304254054722,9.163717448570061,7
7.52898512450511,0.38615027345767244,0.21754234960452112,1.8004463731775884,0.13064287934326468,20.25268230957716,52.147985347780555,0.9943540225416178,3.456280520022933,0.6738043323866911,9.596998552985259,6
8.98666131152292,0.7731195438345316,0.2949950962550978,1.9108398022303237,0.07034937212923886,9.641539836538625,39.62706625750306,0.9949133006907789,3.175885778354679,0.7970380923376004,10.378531443846368,5
6.757527700545556,0.6236061232813116,0.06640221614189257,2.1565952477860106,0.09121210051421805,14.83956153318312,111.05462847687326,0.9944165156619714,3.324393806671245,0.4607338975863238,9.640402636413153,5
6.117643853721087,0.7153067037262263,0.1748310486642305,2.61342898077932,0.030165888009044104,9.293737117007408,23.151015501636053,0.9950818263464161,3.5218456498597197,0.6279262494191287,12.832196636042593,6
8.096980332828002,0.6880490951021685,0.16927023840463032,1.5109439215884448,0.06478002128961964,23.76802313220372,42.078950252117316,0.9951892795762546,3.392442435018263,0.8899113166489817,12.538899897614694,7
5.9650414027481435,0.8191859328990162,0.022765938277283078,1.9480046720639013,0.032672895734488214,23.566162838369785,59.2257986601449,0.9963178450001396,3.342225162159822,0.45473886819595444,9.37405762489046,5
12.244810676384029,0.2774880706289831,0.4761339929164289,1.4839858703190254,0.08996062157643299,26.055897169560456,44.271462763322305,0.9997944257739432,3.017605232208706,0.6732948754953878,9.153446673577708,5
4.905721249974471,0.3943996897127845,0.26318743266228195,2.031759192884289,0.02424623597013693,6.335569417736957,21.43671892328659,0.9919492197659884,3.6528993236106295,0.44018208502013323,12.479327409974536,8
6.856603709498183,0.5113235359134538,0.2578314224025124,1.6892034525973598,0.08025282119635041,15.60069909319573,60.50179821610698,0.9953054086227404,3.4473454061178677,0.5833547863622889,11.51365886186086,7
11.625276050151449,0.6721949969726486,0.5542108275039599,2.528981143515872,0.07768302149684563,7.644045389287184,24.972553691839746,1.0002378760067245,3.0976839052404874,0.6731231089044221,11.123042479611454,7
9.891739234748135,0.4540768471730141,0.34479867114303575,2.9061031945729017,0.08731858281518298,31.008542040376803,53.46958067239105,1.0020125618067799,3.2689122053394644,0.8235871992347195,13.284575927344855,6
7.419577904176035,0.48832760232716227,0.3590555602811796,4.82939538577657,0.12828209701194349,28.543376691715576,86.62667221258101,0.9966090809667665,3.383019096860632,1.396754584740125,10.065840824010445,6
7.291374856259079,0.5790973382872827,0.20096321229258884,2.4346678290655417,0.0656621618499688,3.240819266761539,9.407288646149123,0.9964779769183304,3.380790789371235,0.6159177761142843,11.607795761713547,6
6.886308091800456,0.29792429576553786,0.29200401142882726,1.3489083389120076,0.11901365384339196,5.664438095255107,24.521779701092708,0.9965298351029352,3.3804910910390076,0.585333825541713,9.74151450616563,6
6.59668042829086,0.6336396841862041,0.06064082384782072,1.3663636842126037,0.12374545089321712,4.8232294066877675,17.64796098211714,0.9942798970307568,3.615519570905375,0.7332585399453324,9.514612797194353,5
6.39989584117673,0.5953167012727978,0.0758860739284647,3.963241346906755,0.02167807821005366,6.840057330744457,9.120082131638235,0.9946683652237448,3.2106535710143644,0.6053460217323992,10.881773493876485,5
12.63026276888488,0.40469760746038785,0.5120512221901429,3.804731166749958,0.08566380829867763,7.908581646582186,24.5268357634884,1.0019211504116943,3.049891321760583,0.6820679672978128,11.387056234277464,7
7.333827799559588,0.345805716332218,0.5321384417757618,5.920683864633161,0.08461929392392041,14.51971225253504,45.163118474154444,0.9981933183364744,3.4945354252213425,1.1638103372794077,10.94031013442751,7
7.904715643070416,0.5383445221174266,0.013460270522501913,1.9756122627012922,0.10743121001748802,19.053828937800883,54.33934555093674,0.997379974914614,3.151253474414195,0.5881148778551037,8.98156118891089,6
7.823816201298477,0.7159315165163549,0.036847153098201205,1.78812172793981,0.1088305297157276,7.164182835590959,31.921150378431093,0.9965314765505461,3.389694849179634,0.5640772215012358,10.137267433542752,5
7.708746482912178,0.3539087900122514,0.3199882798129715,1.5137335790953892,0.16843122895716203,15.458964711652952,56.57625017094685,0.9977833342257395,3.422742102199349,0.8489815736413332,9.537409476985163,5
5.82735717782425,0.7576036907353894,0.046039001383956994,1.2041193471150513,0.04271771754256708,14.021933239801978,31.58792270156822,0.9948389950798939,3.346861524500959,0.47958870234178175,10.935486932681197,6
9.845824046483417,0.5170916944363471,0.26297345042402015,6.025011737513881,0.11368420561397058,13.25932382534982,22.00605628570786,1.0001976571435793,3.209539414626245,0.5547351351595581,9.318672374665619,5
12.36969030745992,0.4087289981716293,0.683922423310695,1.7342015923054843,0.09470319209314104,14.06554238286027,48.611077114079094,0.9958144034507725,3.2588004821267593,0.7481653017931269,9.375986138165711,6
7.112565383682296,0.2899621575794489,0.7143236091747367,1.5438170100365325,0.10647225906553874,18.461181083320337,6.7369778927519,0.9965043477714203,3.243091521382246,0.3866903986256108,10.304532350406193,6
6.960883013813024,0.3400319372899102,0.3703068196856758,1.4432724587733716,0.0872164319273195,28.478200336033183,101.93382679042381,0.996717309764461,3.201465740216462,0.6296375605106506,10.214846235242408,5
9.111377036525228,0.792519520384837,0.19559067333908547,2.5093375816903736,0.4215213018621337,24.766995477070264,39.55322617550998,0.9975877893467401,3.2903711454300932,0.5999950297121238,11.42605767895843,6
8.339229374947852,0.2803482249930045,0.21829891223133507,2.6070790285792818,0.016716953420263633,10.136107359014256,13.734607087041217,0.9957699889722059,3.37405260038776,0.5584590283772587,10.90890365976859,6
8.41251455545701,0.6609365239975351,0.10064560216298905,1.7168331186820618,0.11326463019821864,24.661870885524532,116.31475374183074,1.000436862448588,3.395079405050103,0.6102570173215983,9.626084937257287,5
8.124182068727254,0.3464927017675475,0.3217475017015899,1.7263383692312524,0.07148825984720511,15.373256634716638,36.060446583058486,0.9945306697122671,3.2067993933560195,0.5453240182657396,11.584180948589319,6
9.902101252713209,0.4333646709587539,0.48836223218981134,2.236342967227124,0.07838062155508596,13.074560701457166,47.11612411333871,0.9979646344265223,3.225548632990619,0.8228555464607271,10.37442034503622,5
10.763704070742424,0.38076433535449294,0.3488391443318226,3.7532468311824445,0.09134788941359157,3.6097774220294094,25.646700202392893,0.9995542637429087,3.2746938816150215,0.7851693901422582,10.034626883024194,6
7.729565994461883,0.4987886599690052,0.20414468436381347,2.3427713626030546,0.03914793986681481,21.43029953476632,35.18892723422472,0.9956619768672359,3.296338716073566,0.6925847108169234,9.556603036935064,5
15.508209134026654,0.5302847657720777,0.7624000097852548,3.114463048031562,0.04185345889237324,5.861801702183976,16.34693400403267,0.997971341423654,3.053430284603813,0.3750456562839703,10.204870691389594,6
6.33547527522353,0.6473048297419711,0.050180353993057286,1.7004594260739636,0.06505489823436902,12.133272803661551,74.9135498999562,0.9933070696847871,3.5305944807460667,0.6738926085571755,12.8235739447808,8
7.2449499215098525,0.6572664683572996,0.03489546504319799,2.3201570618589167,0.0901989030628938,9.51838930151003,23.296785039544496,0.9982568947483659,3.2769906423794963,0.6253558211631352,10.969427323549986,5
12.020340827692415,0.4795512126832735,0.5519640135635129,2.294120878691786,0.01971352173856855,26.76964790384276,61.85223934575785,0.996917359217838,3.0307405210495735,0.5714775204983447,9.103601698464045,5
10.24790752386454,0.6178420811177681,0.2956984567022209,1.2211423366066532,0.1063859013041904,17.510301739460203,9.853243162587026,1.0008817256575204,3.2844958661625565,0.6139120830599982,10.270439025649527,6
10.018290589879392,0.4882574275136196,0.4064742687619682,4.497026973682643,0.11319361053566396,11.007130399220621,19.058176124667455,1.0031249285516248,3.510784516945916,0.6931369324664551,11.591476199797636,7
5.7051531260988275,0.32646367814559174,0.760556535086066,1.3067186437030038,0.06352784914219751,5.352673672944627,32.97606213756765,0.9924649851467761,3.74313826782816,0.7126787555969568,12.355406105322276,6
7.220433882463734,0.3989597568065929,0.2796473467264467,1.6329919679352822,0.09457259696661721,34.05557838415966,69.70925546877663,0.9968672272523517,3.4546266012703604,0.537635265602345,10.830607354389304,6
7.75466570128307,0.8378940152942769,0.10695053283036265,1.2414676334877643,0.034793072183568294,24.854786574647562,46.465346140855125,0.9963406926048602,3.4783861258377793,0.4861137260057614,9.379865396837141,5
7.69236237983312,0.4861067914835833,0.1917254348755743,1.4638667358143596,0.11715165756959178,17.981257753063463,17.502520317057723,0.9972647614608696,3.343322537251629,0.8101208205518342,9.57887325601872,6
8.88333945392266,0.30534868985134894,0.3534285518741714,5.5163004880444735,0.05172960297549012,7.383041059037547,32.46926464941552,0.9994832581388494,3.143531077948118,0.6403068966764693,9.584542790622466,5
10.549255583553052,0.32819805207924807,0.45791735495909813,1.2186307260413343,0.07551094400422059,9.737982109198,31.66576872476291,1.000805633611582,3.1367443040977903,0.8505470744162457,8.92861740950835,6
6.398852816425878,0.7020108484178577,0.015388587861845878,2.270458199834313,0.08480442903058429,3.0402513250959493,22.85484357935279,0.9957441201262104,3.468054864946439,0.489798699837766,11.627574201441218,6
5.81579066372922,0.720341713452063,0.18672093924996794,1.6296126671864766,0.0193010555991657,2.654452696387018,15.935443376207825,0.993585072137087,3.4790568865974794,0.6530613580468686,11.453225018024405,7
7.3766645684063015,0.5179937637744019,0.004912282149286444,2.301926046118849,0.03135975661529909,4.837697970921722,31.813728770672267,0.9922806368792946,3.1497560134722096,0.5757173363867049,12.700378925265694,6
11.628890733268856,0.3765848285101442,0.43924206853864994,2.275019040781224,0.11319321243998423,22.30556776993228,48.90518547519208,0.9977089090244635,2.9972503594289828,0.7300237675899799,9.643513793225205,5
5.177500076654832,0.6130245701340944,0.0050552494325014664,1.7765509095364234,0.06298008321840581,48.4665526252292,76.81032618047195,0.9919012433691928,3.702356156182598,0.5302902523268851,11.5028245778456,6
4.9202339698368345,0.7017180820642928,0.2838229543833095,1.5121532574623333,0.08805927751509832,3.8321674420377927,6.9353466155737475,0.9961722079147823,3.487638848871727,0.6444899074893462,10.807162611988597,7
10.743156760881725,0.298631246046675,0.4947605398712703,3.399055901461333,0.06919406358633941,30.346621187083585,89.53262214323675,0.9991373078601624,3.161311529392153,0.9687454695244944,11.732113239085912,6
6.854942673974795,0.6593483561394249,0.14265528535984,1.362875964007521,0.025921477437470024,47.18926103927088,72.7393864299895,0.9958042840641785,3.3170937948908104,0.8317542530508678,10.04088464269647,5
8.679236154174783,0.3810617388707417,0.4208439527206043,1.4923448400940726,0.13152796438155762,12.559226851921148,22.268412467431222,0.9985620184803329,3.2453553666026513,0.6448851634771445,9.661644483053994,5
11.212751298350975,0.27208163401277197,0.6524407824718846,1.5242267857511478,0.044473311704943924,8.373205516391598,27.162962475722153,0.9970225190948441,3.1995897033538565,0.8459477325607634,10.545117468943237,6
9.84586574020702,0.2755966741725652,0.5163995952658206,2.0515169186000053,0.05470715494203571,7.833680855502756,24.128526777404137,0.9950029225143687,3.479617838466294,0.6488820146055803,11.420103648611816,6
11.751317049894856,0.3783785141180785,0.5357484390035846,1.2043163018321599,0.20393181676228667,1.503947654417758,10.929174783981594,0.9983950847044967,3.3714440741213725,0.7690075117181846,11.128497586418254,4
9.83645853159573,0.29229196878729996,0.5464997179946235,2.0153700097824747,0.0774157651232401,16.642171052461162,8.235573367064317,0.9985898357607655,3.217323856366362,0.8639801438795476,10.422909033582238,6
8.973976124419838,0.5460161976061647,0.5124402078143878,8.848051943508157,0.11019220111922565,32.726327368802195,36.14725680342216,0.9987488393928006,3.388284026173423,0.6073686211218086,9.681939674833053,5
8.92248356908962,0.3907603446956386,0.2537017402324906,2.4011052965423016,0.10277398271814711,4.2813237019877555,23.50003443264412,0.997221048204744,3.399595771300973,0.6731865989082998,9.301283717510655,5
9.334026778343183,0.5070426077459416,0.43166448664802753,2.326633423489633,0.07643626265324337,4.307361705912393,18.323359260614975,1.0007777290501396,3.3074609131689865,0.7298703275923216,9.276218489992745,5
9.97163121288198,0.16108178300614331,0.3346975480771177,9.559308772355168,0.025332600164916688,3.522003230094711,43.733343911314634,0.9947100680746668,3.159815791931985,0.5995504417642636,12.252599061498437,7
8.023200476357557,0.5565929685876202,0.22148186559132121,1.7743009214923358,0.12814399646682323,18.872193591339727,53.3473847232365,0.9964527762695867,3.422087226839415,0.677823309065944,9.258886838545056,5
12.067157659619433,0.35389956532912475,0.6682498155321762,3.896171523952976,0.07956861579550523,7.296451128145918,14.543047124247481,1.000506825704309,3.232237646956384,0.894063397494594,9.26568877349472,6
6.30580705487823,0.6241492070663814,0.0045102796847247455,1.3721430079710235,0.12466622142272427,11.192291348720442,33.79696686651118,0.9942655970463856,3.4521463652569184,0.5777883782486704,9.264039127922823,6
7.875959279598001,0.6857006218776265,0.005735609802449408,1.374028199438047,0.01565737165938591,12.722132560815087,42.757374745199314,0.9968196006770393,3.42103996911888,0.4874936857566029,9.612212627772001,5
7.544439892131145,0.5613615659064192,0.06679714300919007,2.151822077745978,0.1520502003478337,12.881984261101886,24.471003163044205,0.9946384010105207,3.209675863253563,0.49131851848350727,12.022891203235337,6
7.691576139615777,1.1003320843815143,0.06987715501125132,1.4947580591508807,0.07387479319756131,40.281568483216795,39.21090471880782,0.9975743920390158,3.376774410750982,0.5707419818407005,10.481628235375032,5
7.193007467787696,0.5248868478440067,0.2070232792698632,2.5358204151642094,0.11103407612115863,21.53375287102922,35.31518470823476,0.9972847380954281,3.4831688500521722,0.6556644225917543,9.735734498383355,6
5.95436948214221,0.4173130366973536,0.3636165214928461,2.4214428631006006,0.06330385113917461,6.9673569145038785,8.518899221751125,0.9940763800487382,3.3621797714954815,0.8278788981548599,13.161538964877018,7
9.507930427632337,0.3680398829240079,0.44721645642035696,1.2881830699276244,0.09155362700817889,7.878325349056987,14.115818551824926,0.9964433033479221,3.308464823179315,0.5389546747462037,11.37645354729234,6
5.577186757276085,0.9385028040499903,0.2609676679226634,2.2431172802091535,0.019002346046245466,26.097878089081718,59.191757345444984,0.9934641113293573,3.567087461144112,0.7111732492139765,10.347647721629865,6
8.701835646007746,0.41793307411064584,0.33365763294020484,3.9920720220268042,0.09758303963742601,7.743254594662382,34.63914474019086,0.9987566592904653,3.27319656304917,0.7810602394365489,10.975750524191488,5
9.751906480494865,0.9296835583444615,0.19176261717915102,4.69594674832764,0.09158137124189605,18.139317793359268,139.1773207640144,0.9995416137564351,3.282826610668792,0.6351861308919188,10.676933981793473,5
9.689929669919676,0.2823372043354629,0.33335697454528723,2.5092425527200364,0.06720837946732187,4.196691547524189,28.182190660266013,0.9963240800618471,3.311246928050055,1.1623206155525247,10.229949697418432,6
7.704476738102713,0.3923444151456178,0.17412060188134512,6.092776679157816,0.05552823561136741,10.866041780997453,19.232097076261248,0.9978563872834474,3.243083846471295,0.7695857621938609,9.308616122279116,5
12.338570611703336,0.5423272974161966,0.5142624328915625,2.1696150051722434,0.10186977872258154,14.380445523819063,25.494181985562964,0.9980590406816165,3.03479122688954,0.7314939815145964,9.327676237071774,5
6.151151824733832,0.2680952839941032,0.12263471539932572,2.2701021866879794,0.11820070450828393,9.343481046300623,15.733684918060186,0.9945478374830655,3.275933318683582,0.6296256913526402,9.413099211953794,5
7.037629389439974,0.40473582569463806,0.29131063243451577,2.3312498470623786,0.10893916800784678,28.807739918597093,119.6991679923071,0.9961441054797445,3.3849692781252547,0.6070052610038884,9.66511738523772,5
9.941629385632108,0.7480403628774727,0.08545622695574188,2.807592914978193,0.12201950041913594,25.899997163965253,43.832092318988956,0.9988276308485399,3.2261244979093098,0.649232107511023,9.668125424632233,6
8.075352672113196,0.553194950654033,0.32229514340872506,2.084224338328489,0.06269181854857168,18.196790015645114,66.79627954051546,0.9978274560935614,3.2903946477916906,0.6665146133181853,9.133091911835205,5
7.301694706931685,0.3359498808861561,0.32112940130748,1.6149700480724722,0.03648696252129416,1.0866181723247137,20.410284246846963,0.9947957572158297,3.1146736889592557,0.7987573141421731,13.198510640505942,5
7.384565486912136,0.2780284648804172,0.5445632622077926,1.748655373977153,0.09729064158736794,26.713458757396506,88.77834726127006,0.9959228422007594,3.2479873362892375,0.5052909381644489,9.322271384588015,5
6.514784607280519,0.6311138210103694,0.05409483536355177,4.726997943359917,0.10520431989469306,1.2629578151878484,10.296718923730444,0.9978700281947602,3.5284257169452458,0.7165042841014541,9.832260028611435,6
6.062528583872337,0.7834889022292253,0.02287551779698336,2.182665296738767,0.04324309843238372,2.9469510218261474,27.121136873129835,0.9949272980187294,3.2647773382323737,0.5973332751298612,10.418745298230885,5
5.836156110041181,0.38271021703799546,0.5476577752652354,2.5786570318012276,0.07980006866703551,15.768862777330499,31.38711557407884,0.9965973278040767,3.445683336243522,0.5745469295215684,10.735328879496281,7
13.232546233807906,0.34974457365844647,0.7553789704342934,6.717482119202463,0.09933917924691092,10.9771351865653,23.420430690365023,1.0011260864690357,3.1279186589766867,0.6878532496947438,12.900054729144967,8
7.416318737158952,0.5475076859384422,0.23260160799725899,2.0570223431712833,0.104305436443206,7.0864499256972815,24.606934463180842,0.9964366713747657,3.4068614664791443,0.5614223577325236,9.145893576994352,5
7.568963341266755,0.9872519139129897,0.04334643595857821,2.5899452878522853,0.10461233835417325,16.51423242725351,99.28171481111558,0.997910604648301,3.381499833429627,0.7021693725754287,9.15400959878696,5
7.95361857254536,0.7732718789812755,0.036825892056899436,2.185228791243835,0.06103987774888825,40.57252782602043,64.46671733352255,0.9936659002251875,3.352332057738442,0.6678963850453836,12.92715178976022,6
6.107176544360581,0.5567455871729604,0.1346426036362768,2.1182635668089818,0.032008080655713575,22.379711364972604,108.45942808937399,0.9968009332843032,3.454083803005569,0.6547935477035988,9.538036532359966,5
7.645687812381995,0.5894417858413787,0.2289090198354863,1.7807314979344366,0.06285871560577017,3.430331539002773,30.395852646839028,0.9967579478593955,3.1242638393238433,0.6030560874898984,12.116379112499823,6
7.786684889222551,0.6758299858694317,0.19292968200172267,1.56301277360201,0.04957535693605351,32.12334203205132,86.99566763299434,0.9961346859693637,3.438061122287931,0.3951876079876959,9.370027202078912,4
7.884052285032273,0.3146298192416341,0.3438398834733841,1.5423069021704692,0.08107301390384195,27.701951625212885,29.03586567335538,0.9961230773668714,3.512256553492695,0.6742470457130378,9.182608001792714,5
6.690610594116374,0.6596046718984552,0.02099348055156842,1.6811073143197246,0.07646913381204619,9.929283394811145,79.67043340642658,0.9976454513824845,3.3437610598795375,0.7902909467039603,10.016077758985942,5
9.603058585638472,0.5703556205456051,0.3092886327195587,2.0846972295477313,0.1654658475289494,30.626539874713774,56.44632654725071,0.9985723980444435,3.2917365003898267,0.449940385979424,10.237367309175367,3
8.278637064780646,0.6560089745403123,0.12298716440756353,1.4375215897766491,0.13138915912096538,1.7049130073524323,22.32971357949773,0.9945353555387763,3.389117825421909,0.5359838652539326,10.733063355814133,7
7.292285999846642,0.6449649564557162,0.05441171434625421,1.9364505315755614,0.0529879723179803,19.72825725457345,45.58428654638085,0.9980194749581232,2.8702411667239014,0.6488132458834756,8.864037985428704,4
8.509471353291605,0.6307243815672764,0.26405387639836336,1.2236098727322364,0.08228033329446285,10.902624478198234,15.778443334380526,0.9970100881023186,3.0228661041636697,0.6847350364246539,9.668326614996673,5
8.172013139452945,0.12296424010466817,0.494673801581923,2.7746421286039324,0.11247761333146802,16.789098458933196,19.64393633027794,0.99937894586553,3.387831616154221,0.5340158323469392,9.412304534485715,5
9.326095639689383,0.3658402454923577,0.4628496697682068,2.4686385086898195,0.11417874158330751,4.602678965004358,37.28936812803894,0.9994604419158506,3.189901746200365,0.7330166214705702,9.185438134708114,5
7.120159280401808,0.8540834233175263,0.31590345541514375,2.0757231925165254,0.03799989881617015,5.679681789403133,10.699237261437224,0.9960909697911958,3.396833059733161,0.5724989159987918,9.538834032496663,5
11.729159030549118,0.3389244690766972,0.6841186035814433,3.5878565787129566,0.07199556059576323,7.910518814647463,53.653766299894684,0.9992727093424769,3.017954040035709,0.5937922994051875,9.88147022643138,6
5.974751978666442,0.29622553753476444,0.5221385026784213,1.3260153374375951,0.05466951070040574,5.974952735222554,9.838570428571712,0.9943153864972122,3.5996780147588083,1.0336686291586563,11.180841754400303,6
6.3793466287496745,0.5243479968690165,0.19596927807211897,2.243528964857253,0.10185847616905899,32.871170350137035,62.05752798745088,0.9955297953123127,3.572142310740397,0.4153409623798624,11.730923297708127,6
6.88785899044405,0.6426594497455373,0.0561992949787147,2.1269776743857505,0.1076645043055459,25.42482725489276,65.41670149477928,0.9957407229171166,3.548841684412925,0.40005796699950724,10.250759227791953,6
5.740430135744022,0.3132746010420908,0.6880760541197063,2.5901099194516846,0.1253984240640147,5.439934370118742,7.5918311656694994,0.9931103684173006,3.3051216394389256,0.9767657306173949,11.464090115613924,7
8.311357935215845,0.3186599497078165,0.47259146516902883,1.8422864240760384,0.059664306231713066,19.83974635329011,42.49566095286819,0.9982350361937092,3.13917053861952,0.8000017525859355,12.190625039804091,6
6.3547646205116175,0.6907593573450139,0.04573541468230063,2.135544848516385,0.0351206904636975,5.2284200698231516,20.214766453590556,0.9937437225505854,3.381168333804094,0.5010805109420897,10.529386748424347,7
7.716147252309602,0.830414630827077,0.04577926022647274,3.028357674963892,0.07413119090971663,30.291991135582442,39.96921224855511,0.9966777499957726,3.344654313690396,0.5612728963012626,11.617869267117955,7
7.902116834944168,0.581237582216429,0.03681961387126453,2.0576271887659363,0.1303171895157214,10.31370618807151,47.95875454081898,0.9976463123255657,3.4237182959445693,0.6505232443656719,9.4315236100029,5
11.893138701195312,0.16289353482781904,0.5400988952401632,1.8450984922041904,0.11554908473562328,12.798561811567652,23.342824532407864,1.000185717554421,3.1397799157667166,0.908429623653949,10.169236511692604,5
9.179782842975266,0.23265805529044187,0.42479249768925464,1.5957806463495647,0.40306444522482554,14.462041961120548,57.370126870343825,0.9977940743697199,3.2437609776015273,0.6680827226682737,9.311515879194452,5
9.020778848778216,0.3365378161148508,0.5480708407365196,2.2480921799502562,0.0888026172667848,10.755985858950144,55.406126601875656,0.9970253539150097,3.026293132391978,0.9112100142430702,9.196571515430993,5
9.934760319419556,0.4482161472381344,0.36830919100354775,1.2830141564712667,0.06157312192338271,33.387640243111186,87.2608880500556,0.9964508462614386,3.2348859285488545,0.5514732198823707,9.287807387036858,6
7.689461553951104,0.692040694612196,0.08007338603185073,1.2373130312298177,0.13131932561520057,10.117198859264692,62.033419765364584,0.9958280298374169,3.210272381837199,0.6145935121988431,9.505123406089051,6
7.314709471694088,0.6068959196359915,0.06628329128728962,2.2052568855100647,0.07578304284135629,32.573846530744355,39.21649862960734,0.995817852237556,3.2054948853313268,0.3738187697023411,12.446706590314413,6
10.461527939216072,0.32226102281369745,0.4396664258215171,3.4525780030716704,0.12940791842619515,12.866575465996542,42.505258212611,0.9973753263695065,3.14576894655737,0.6535735212289469,9.686599632320075,5
6.911874566182123,0.6941155362098806,0.005286912232228855,1.4504073063238496,0.06977836720876368,27.93181469620265,85.32044314548594,0.9930482426514606,3.3453583574934775,0.4858643555828696,12.719886452046442,7
9.880153389580075,0.677438077161875,0.33880364590940876,1.4163912450337435,0.08714851013417564,40.63734519631545,127.46523143667403,0.9994436106225555,3.1660947915690354,0.6615748099148304,9.120866983424285,5
7.461357254326149,0.355431532533105,0.29592406556087025,2.373399406766903,0.12431727189641928,6.1316889462098505,14.629826492802428,0.9965908334471868,3.3573863181917933,0.5791450754293268,11.100802180513814,4
6.972679177600254,0.31409334351342466,0.236381158975848,3.361671412516369,0.06230653195474298,2.7367608453956738,16.12266705076447,0.9943681795909269,3.43402556052394,0.5234702301359212,10.579831015445496,7
9.14994011863034,0.33067373098768343,0.6108256570621684,2.1791395314622277,0.0652465718935093,25.896761078829396,105.77483285464159,0.9964459517194344,3.217854608676293,0.8455127193999324,9.434426707176366,5
13.125307946850624,0.28785481399983215,0.5156812508293849,3.024304267622305,0.12234152159772635,6.353931348966869,19.251922524986476,1.0003827527020432,3.076865714372479,0.7766667013995296,9.058892919952745,5
9.730726671804522,0.5940600790456039,0.30610001892430594,2.299570882162883,0.08853257871288778,23.75496451292345,90.6876361442436,0.9974542572981091,3.2881205670368883,0.6398144866576353,14.60592477781827,5
11.200764928053973,0.3555872615451111,0.7649972752401041,2.110296287308931,0.0870185693255219,19.2591015110712,43.652820460450556,0.9972674367375355,3.2192974063904716,0.645146442172892,9.71169212538859,6
9.302211315735796,0.44442746529610494,0.33966411448235156,1.5862400104242806,0.10711339047068175,34.71372519761097,77.07354219474044,0.9945097931578595,3.2700236670696734,0.6540881215346088,10.015400391432069,5
7.039140672870751,0.4293286205284137,0.21649386390993983,4.319928317642712,0.10168572269744147,9.790525132973398,14.631542836954702,0.9956253797427378,3.379072311208269,0.6786139637777953,9.64349265908504,5
11.140444606065008,0.38136243443033935,0.5452212860119802,2.577263988128845,0.12553245475738822,20.4680550801922,13.132094428599657,0.9975129919657372,3.2405961658863998,0.6466942044245373,11.090561529844951,6
6.802917071427196,0.5224470022425745,0.1431885324741929,1.9107002417349888,0.07277402883453334,18.49799640606718,23.357577341124145,0.9945588093519554,3.4941857440078694,0.5731269269505647,11.471272581648803,6
8.301440366348334,0.628592775088766,0.1855132708820849,2.191199113435366,0.06589131604856928,14.352549425153324,43.233864959583954,0.9922657593213428,3.2032275190257518,0.917418711227158,13.811254004148928,8
8.349911287641817,0.4265109041068758,0.38107119801964434,1.9550252410543592,0.10094607204231737,13.702757427561178,56.38055837617834,0.9954421515855698,3.5345596830957406,0.46516274970736704,12.129706211133817,6
7.489703369433422,0.4594653175362034,0.1055440294718239,1.424160581329431,0.07290753588053966,14.810860812996111,104.73989144770378,0.9942591820000731,3.4022205643213947,0.7986279293137205,11.9156127101873,6
7.6230422916477565,0.6160041464213972,0.3089600492087845,2.577426395133777,0.024702423935708408,16.152874285030702,12.277689718568102,0.9947293568942658,3.4396109903884744,0.7660022133069737,11.491585659523228,7
9.677173565214629,0.6701189163697461,0.2519042989559963,1.79425578564882,0.16817038470822016,9.04774772113896,26.219743858717543,0.9961789849788562,3.237611347873667,0.5741701363954015,9.790899705559042,5
8.894995475479297,0.7438538977416734,0.0002377880560402963,2.43077423564983,0.0319790787357952,7.185508259649572,15.150502532263939,0.9966164547721494,3.1784776130512307,0.5057080992353786,10.495289418927321,3
6.040456628274548,0.4480465168233313,0.08749459531551297,2.00988801267529,0.10963577780904622,8.904708199218721,15.08726335589315,0.9960318191090696,3.4459878916987217,0.587341169486664,9.961719363276988,6
10.538581992766423,0.37332083837693575,0.4028500793474668,1.244400529593981,0.08587895795239561,19.995554312907757,86.26409651955537,0.9976354667746284,3.2234721194943083,0.6771354477123435,9.223928199429606,5
7.453364356694195,0.651522560810389,0.03607223460838057,2.9433390656373386,0.11608598959332261,11.616282893654061,19.167003954219467,0.9979016080772234,3.2280046833873746,0.5454164440430765,10.863382971822404,6
11.33448409087633,0.7125440416855306,0.6259265264641015,2.3245266157560183,0.11288212348981716,13.743021648776985,11.9680549232422,0.9979173744316621,3.317112928606384,0.6122882187381163,12.379752543925763,5
7.720089323821944,0.28450176953404704,0.40221041054068457,3.7965899443502895,0.07570278525389976,6.251954471185116,8.628156307927146,0.9937219731633777,3.243639848184051,0.5632275693660747,11.476858017110331,7
7.147284983444886,0.7769116792630774,0.1606888717697067,1.3650033040441931,0.12190120418623251,1.5836207070047037,12.274119551043727,0.9951336871211734,3.323007474185215,1.0045309869583616,10.747444303279375,6
7.931877052973012,0.5543789054026613,0.4519431197897167,2.502727542035266,0.08061320150377183,26.347547165453392,83.1449359424455,0.9965891146011154,3.3731249175518436,0.8217020133307913,11.56056279104826,6
8.026935846158977,0.7477576750556892,0.19495171297866926,1.2532726634833475,0.1663764597392612,4.602828760976727,17.853550142626645,0.9980873766847961,3.3890135101001024,0.8932932135412343,10.467543728026001,6
10.40582336758322,0.19252108908419863,0.33238171495523994,1.8194168997813818,0.07813923764540447,16.561585072647944,115.7201714738855,0.9959931429954664,3.1711461782244705,0.6595026159449006,10.53420496169096,6
5.378534144034377,0.44044244507844316,0.02104482158617841,2.422307273370391,0.06275284180314859,8.674208249698097,58.35987054219031,0.9908927488943016,3.5286504722355545,0.8017935641729454,13.341596395914243,6
7.855122913241018,0.6191453293447344,0.03649317386622075,1.7945059933126353,0.05667772745477438,36.01843613432869,154.32690435015624,0.9951052483268976,3.369709343247235,0.6868020853797583,11.258546394389919,5
6.535275405993577,0.6111076588885963,0.3118455565895297,2.501525721754554,0.17360053306782394,4.9016148547611085,29.948791584536764,0.995237967862984,3.6647484205563408,0.653854049678888,12.777637696000795,6
6.236127356674758,0.6151737078851773,0.02037221246289261,2.182693007876732,0.012079825489462001,10.219042739198729,42.713755534188856,0.9933343947955343,3.518372204751682,0.4666805603157027,11.882437004011061,6
5.4070866605873,0.6744039427709094,0.2529640459276093,2.0432879834203472,0.1192987896930969,29.120937381603575,79.09298676857657,0.9950547795962165,3.478307102769094,0.5646656982525531,10.937214538915363,5
6.60831110630774,0.4525668669480984,0.1996540552371555,2.3537353808529486,0.08814670350845046,20.29853236502163,32.73207096924267,0.9949849094182713,3.331978665689675,0.6127230712929966,11.251102523821999,5
10.616252726786154,0.411333194775495,0.6086450935342309,1.220744914583293,0.07264394649783211,10.525146766773382,22.066914771974165,0.9981002078388349,3.251355286622278,0.5063610386448664,9.982372787769146,7
6.348819301457119,0.8549293604054687,0.03035910747578671,2.122179399159303,0.04678464485154066,14.76544818276733,32.34815764117579,0.9931469646828686,3.351080656409402,0.8067276123873591,11.185233678032647,6
7.590276677317035,0.6427851566377043,0.04783343146687442,5.8273354464759075,0.06864203055391431,9.293738497621598,55.06111250340905,0.9965532696598489,3.4327662014705784,0.5890315687761324,11.323227304066782,6
10.208697581558768,0.307923110972145,0.6065009227179342,1.2896620436135042,0.09445788176584652,12.54805630994725,79.29905283764126,0.9959481225188473,3.0958137238465526,1.3580618703315563,10.220006292396201,6
7.104148824384574,0.41670962493769365,0.30589413544473143,3.562257346301753,0.07181420517049888,8.541299425834351,13.910734360123948,0.9964597155254925,3.5766744761044156,1.277582171281217,11.432357752597378,6
6.095571938913116,0.7465299905510978,0.06967274770326946,2.212468451496301,0.06811838426887087,40.93600131256905,97.03667437234418,0.994352861400202,3.5855252203385066,0.5671073170545666,10.518374547608904,5
6.438248691605877,0.4155309618532604,0.24527982981969448,1.7483895728612455,0.12618869479857217,10.230746275736532,25.624576555725945,0.994364058973367,3.6208677478371163,0.809470057006,9.925781721948294,6
10.015193367928847,0.20316983726683285,0.4727264708474732,1.7769818109435918,0.07552928120006584,20.119237751605944,36.07255869658077,0.9988376349440564,3.0425837097606157,0.6618007078362149,9.337157129593797,5
9.705926504116468,0.367419622470621,0.5729321642006575,1.5391559714582432,0.10102298780052738,9.951066220874495,72.84295522871577,0.998218893410862,3.1343733511318272,0.6324850203732226,9.681119365910789,5
8.304128246663169,0.655382211792426,0.10991848366763493,4.98571757005927,0.07233224534399635,27.67673493716715,48.19576102689731,0.9958407444956325,3.3720312750005204,0.6264924251400249,8.683337689288097,3
13.637972946224073,0.3598738961323994,0.48951577679072383,2.054344878109956,0.11793281927794466,18.485341221244152,23.92004236419404,0.9997269047517263,3.0848008377966427,0.8276221971525665,9.065097472733832,5
6.575805082142571,1.0840624133625842,0.12326737780552899,2.4920792319782805,0.3182599967861484,41.59516548075372,59.88182938077155,0.9978497425525611,3.432919960456895,0.6133722860396108,9.158582658473758,6
9.208969371803885,0.6555468935235944,0.3069949651671105,3.5780107637347847,0.09512841927047642,30.325012166424123,52.6455074753958,0.9976419575409651,3.212033019432428,0.5627883989407376,12.29361644814769,6
7.068211394242997,0.49847383949777146,0.14338124462754195,2.2194841661524625,0.019588330328979695,12.649690858194258,7.10504753904448,0.9960101584363473,3.405886000171129,0.6745377159061546,10.399938025166932,4
4.663047690941404,0.6143301563521072,0.021594397886260826,2.4183055827650666,0.10051762252946875,7.559435022142875,27.071355368392776,0.9921545430200389,3.5562659148880873,0.4407906131266966,12.678237028909505,7
8.863710217888201,0.5416126917954143,0.3535472087384116,1.7420464572575842,0.04913326214368169,9.562791021948543,22.00802300810843,0.9958258679199807,3.2232590317895187,0.8001401626711678,10.183153404749591,4
8.192898846062725,0.3443400439444396,0.16255816458328226,2.0555968924298607,0.041396718969056626,5.265004045478857,34.17722933832723,0.996855294115888,3.3064395169825858,0.4395764674090829,9.236031020176288,5
7.894270372433164,0.7853866784611895,0.008912085714458782,1.7757721557548605,0.07863688873680769,5.498193154887502,28.832015922100947,0.995959354746198,3.3660302373591366,0.5844850937384924,10.445457364959998,5
8.720939022045748,0.3729009548659783,0.0882085230333162,1.7489698753180103,0.07927390667532114,5.514381512943193,33.11647939390747,0.9972660589165682,3.2674609605902694,0.42970299987484045,9.069841301433284,5
7.487697738271015,0.49324150302044734,0.28137327815577656,2.2344432589227914,0.11392871123023773,17.391900320689096,58.567638666476725,0.9950846987303943,2.9965396664912793,0.5846404481705915,12.21674154190244,6
7.5536455728562215,0.8047153158584617,0.0306603027932016,2.012568458287623,0.11179595250328403,4.885481446543775,23.089876144259563,0.9944118762287161,3.1256721513475183,0.6536678578505148,11.035056690300552,6
8.313288277368446,0.6407231939903342,0.04784793189418943,4.971117616398809,0.08737736097446028,23.95863818263065,110.96097045705811,0.9980060135323483,3.3166077262445333,0.7397330163254446,10.691071517753302,5
6.636814750524144,0.6323281488032186,0.004171587954216298,1.9258416552534057,0.04338875263190804,19.600410305820773,81.97264245007291,0.9941590056369733,3.512424863900456,0.6491225164349735,11.436044953663915,7
8.19958177415775,0.6703759588239557,0.18022264331146065,2.8386475595092873,0.124570884384169,3.120233472775615,13.90596474819629,0.9986082076756797,3.3476647914413826,0.44547830522359266,9.306862269012946,6
7.368090262201788,0.6818806350467885,0.004373603960615583,2.0595890332950297,0.09158217917546285,13.761774597503774,83.7201398397125,0.9974699875500157,3.3475737401525394,0.5267002069089498,9.40857900663249,5
9.231458414623457,0.37423566739997294,0.28561524783071723,1.649828698097381,0.11877690453677077,7.7953410520865285,24.98266366969094,0.996897013918784,3.422044440453198,0.5830746478810929,9.912732155384607,6
7.08075279459146,0.8725820410949506,0.05564063440080891,1.6793338206909971,0.08902643659948486,19.17020857659576,51.86773242245527,0.9978368510363171,3.4657889463201164,0.6753504712502881,10.03657582508283,6
7.712070404156357,0.40299063543977653,0.42685265122958677,1.2028930466883647,0.0983833932441815,4.863761241632245,18.50842442093088,0.9960558029001514,3.125935917409487,0.6607571302633556,11.897032247766541,6
10.80927634302619,0.46343574802939347,0.5668510123764028,1.6334529761597247,0.11653562809550472,46.58047149687748,129.66760023476823,0.9956363287078944,3.1244303128802495,0.4584835622472577,9.61043922941025,5
6.787240244864478,0.7836454136360238,0.16437960478914604,1.297973700020374,0.15338751453476862,20.327293934912923,62.37339491068194,0.9980300482558302,3.3368120285056637,0.6333367548523464,11.19948369352416,6
5.892714762775861,0.5052838972909668,0.03925650470273656,2.018469909707097,0.03114664076346956,9.426875980519005,31.95406556922721,0.9961668234428726,3.523172346154227,0.6004908324782798,9.08273293231848,5
7.939078029891492,0.6162198684687481,0.00010158228736313213,2.6006666122948556,0.02127695116184098,13.624651576029052,61.996840211986076,0.9933527191517957,3.2578564193916466,0.6564882281307611,11.381657832402482,6
5.883972180373399,0.6196008705812702,0.1299417713730793,2.5308713206267917,0.03862531588351765,12.213811026919686,33.16835843480132,0.9944465388250779,3.4985298607812454,0.5787972897436494,11.793867601735506,6
12.184228480595431,0.3962808958297648,0.5932494949111307,1.8614928936763544,0.09107340597687116,3.200036093142496,18.96391598511385,0.9961879358801335,2.9836565659687393,0.6052464038158256,11.255040211447822,5
8.94927993328672,0.6156035043788871,0.13941334230682978,2.100430928790269,0.2505224851213193,12.972444616849913,16.126741675937318,0.996020947075574,3.273699272640579,0.38755432990847094,11.2863725537414,6
7.547685704552421,0.5843983750943501,0.16075900794042977,1.4490884884968638,0.1149336033339622,8.368806431394125,21.53873011381063,0.9968876583099308,3.409482964711852,0.6766089047888557,10.224778955984617,4
8.28023531578905,0.48468742720646335,0.2981886979949142,6.077862531178395,0.04284752861666466,7.701375870615231,46.47011524044252,0.9989164244006514,3.0041351007981762,0.6231379594612971,10.400092644922816,5
11.085469597616095,0.405099951000067,0.6766364140922118,2.5810652103558995,0.06936443945600418,2.1510368813011964,31.53796025937709,1.0003330750750319,3.170230040583996,0.8593872322047916,9.429612884971794,6
11.341420694466182,0.3449932980861611,0.6653045094851373,2.388033139577915,0.1381166614766765,12.64711619633966,42.122278007159295,1.0005026327822522,3.148358543896432,1.1064388335680833,9.095625937327037,5
8.905259624642943,0.6483696941390384,0.10034414935806092,3.6146597958640503,0.03981800297832251,5.753358851541261,14.664572913932044,0.9954650733076199,3.3201636857244394,0.7372897293545964,11.2718737181675,7
6.079241116307526,0.4734051333916746,0.19014584688361108,1.6483440697406813,0.10291040484235096,6.861391601848276,8.801091375671685,0.9961440704826671,3.3761903305080576,0.5975650288544968,10.736551543503833,6
8.203000857920577,0.3771273187873247,0.32142104330640925,2.18498765996295,0.10881685886500084,2.272505492356659,30.86146050672559,0.99818106388701,3.3670908150638734,0.6055720842819626,9.356882523007847,6
7.892765583908114,0.2591415603658335,0.4440956757382233,4.95801973410514,0.12573352510479158,20.579889915757526,59.3619494166629,0.9964626159821285,3.4259908459022403,0.5721951477442181,9.913430813521039,6
7.346773926369369,0.46748496206449286,0.7050914850549299,1.9972823369396067,0.12859840739680412,24.134630256595823,39.6651584886853,0.9963744796456292,3.0895923324099797,0.7385554912476952,9.22377852184292,5
7.1636429330271385,0.5323584613539275,0.25701447080801865,1.551120570668687,0.10848934794157916,25.893092752980973,36.79194542609985,0.9962374716623374,3.140002309715256,0.6310626789578239,10.492059611145008,7
6.519988075421846,0.6156045243212038,0.07883918762057653,1.617864942677734,0.11232489573769387,9.57367594005235,32.3150150227575,0.994861202590475,3.4068966849916507,0.38502992970506067,10.802499231247232,6
7.073226227811169,0.27389536439563933,0.3957144893293435,1.983438223168906,0.043524519586161256,7.3885756532983216,32.94587536357392,0.9946518549103338,3.423929634233345,0.6229070748363239,9.891126962685739,3
6.874524259698203,0.5235646698642804,0.30696138786064275,2.1184232798848988,0.09738740606617825,1.305266654108641,29.003552125722706,0.9962333696278772,3.317410613312647,0.9586994480793081,10.705883381425448,6
7.578734069835526,0.5644829578644538,0.1689346165571042,1.2786921670763132,0.05978029227252801,60.88888482392282,101.20239577925022,0.9964913753078968,3.61531467330398,0.7078924035938325,10.055218460314064,5
7.313617827618075,0.468440102656786,0.09433741925919606,1.529639409518837,0.05342699600002325,3.810333925378445,19.232626582447722,0.9929280077742462,3.278106031327611,0.7740834395508478,11.623278351257362,3
8.192344591030578,0.47635393784511654,0.6240369135292201,3.707296737284633,0.23278710388832835,13.990075835577208,30.271446819542547,0.9990917729787357,3.280976287019036,0.5498978755427334,9.212079492948027,4
7.748750000030797,0.41727687031204064,0.0233039145436523,2.5056428810771507,0.10117570994101004,20.84307955761179,57.8033908447299,0.9964500331714375,3.5374825094433415,0.4622044723116065,11.406820739031756,6
8.189304224865737,0.6871885232525221,0.06155771275375894,2.550455695907268,0.09345291695591731,14.366919561803455,13.568615005493438,0.9977998014101,3.212375310051837,0.4516458908175923,9.801014873399332,6
8.671405921181368,0.655678520560376,0.3517140056596779,2.5959792992290254,0.12929211567894022,20.74347492604808,98.37108286411247,0.9969149016920632,3.1616713595561325,1.029740705008269,10.616115458984524,5
7.103104733944867,0.6139968987308372,0.025666912777069572,1.2498183049823606,0.09414754385093026,11.087904250632784,33.678784854734744,0.9961105869323866,3.2295243698272573,0.621509512468689,9.6995180484938,4
7.549275326169494,0.5910320881946564,0.01847040657255637,3.622982850642112,0.0940204721485874,10.623562672991696,10.100929948967593,0.9957682970574371,3.2578471729883347,0.6748751334155491,10.566665666335533,6
7.600639156839787,0.5909413930329849,0.07421358107794383,1.4543420883231852,0.12491899413519592,2.3660248222910027,25.93405452092441,0.9962399136318013,3.42635373679841,0.6236309020994845,12.73246678515753,6
6.558065205532499,0.5616048938350826,0.18144314410459192,1.761036273914883,0.12920589298655732,11.304024474790552,89.04832363500525,0.9958642130529699,3.461221593516438,0.5250191470132544,10.372726265842427,5
9.827139501459188,0.7468419452316695,0.25548811466317956,2.220460112882143,0.1194586491082246,2.6457326664881995,22.816020075066994,1.000606806765574,3.221437056960596,0.6911290718516719,10.235997642898115,5
7.202129062116047,0.6361709552560615,0.1853455588134671,6.151927399625383,0.3011413279400988,34.72645594965761,101.67893999031683,0.9982013359104746,3.297845908494858,0.6327888099162341,9.59717127171967,5
10.231307150193514,0.36936041127722524,0.33790530013980297,4.281041866842784,0.03900638690725267,18.92805499807253,96.59632729643194,0.9977218994438679,3.108793769075073,0.5440438305643667,9.824624894802863,5
7.49354090923466,0.37044982742134624,0.31714536689974526,2.045586925611472,0.04800824406820017,13.569452512629965,20.690388762312807,0.9933481463024348,3.1683329381693746,0.49713433632336507,12.831241388244003,8
9.040035688255616,0.32630166470646077,0.3893556378723412,1.416767040171931,0.10255413263281553,29.929105746409455,38.96801733866063,0.9969083599318208,3.4101330708944215,1.0348936177807582,11.32366488214884,5
7.781174926056175,0.652443249180368,0.4985998123877635,2.4983002724099066,0.08081745383846625,1.031516741128573,23.32532576639222,0.9970716471698019,3.4935217823881577,0.669290279103287,11.846594890934252,8
9.386613198103294,0.30359786784590825,0.43508571977543237,1.8699077061419178,0.08294891583927894,30.451603093457862,56.2976208364027,0.9957501070440251,3.226198318112044,0.8417457429922179,11.57539134961821,7
11.191569213165492,0.3217485868119825,0.3445457205535106,3.250718404320416,0.12039780907580333,32.79827357065975,58.268791557647084,0.9981852867854145,3.148792955601309,0.6095836363158378,9.41001849170879,5
9.322415212465797,0.27361016827026396,0.4553156987146966,3.543570382906058,0.04574286515555408,15.132629906665343,75.15025729599886,0.9978572250280949,3.16162828461146,0.8694359055425479,9.223755422085521,6
12.006274443657102,0.31614982110306733,0.5484203192985585,3.506023990735967,0.09156291877643105,30.181851829844483,43.87070054961935,0.9998949770465947,3.0429469158467635,0.661924467457603,9.845304619880283,5
11.144722469374333,0.37896642514948975,0.4838002280735046,2.1219896956171667,0.02325493007941125,15.443348268483406,11.055963428568832,0.9955987438108798,3.0817123837952436,0.5703523547950475,9.411253061000386,5
8.31674444406719,0.40311520972850834,0.27377020744527597,4.884273084026472,0.1726430307989327,8.473512428954823,21.257060621140848,0.9989507574521239,3.114915282602653,0.38976266397694065,10.796355499327303,6
5.29146310566109,0.9124118121907497,0.06857104326988457,2.616344968311489,0.03591228380694743,7.075063109187486,54.69946116816742,0.9934997554807647,3.4428932412096915,0.37210833304406765,13.228465158270804,4
8.048513731088981,0.21524711244677153,0.4392253937471022,1.520334348394184,0.08188715059803046,7.591664822863561,28.93076932811112,0.9943768810242125,3.249768499931234,0.7981038582101962,11.205789214058441,4
6.076540680355838,0.43577058646855965,0.107409993854855,3.2333517900787854,0.07667038316082603,6.061369617755349,23.080341218653484,0.9947420648569778,3.35843209162872,0.5384337212408546,12.12564975369352,6
4.642867788858706,0.5153712712738523,0.060510166855075785,2.1083090749118205,0.05840056772476521,23.400805403857987,39.19782695035448,0.9922967016291976,3.7037410748038577,0.904277901091621,12.717280372000365,6
8.968438681270868,0.6705779936313903,0.20824105323306993,2.3069784810336125,0.0778772533998332,31.2306943895917,122.64366570073679,0.9960618375696926,3.4338677247697196,0.374359459580832,9.58337408155995,5
9.80990462606587,0.3028478876747254,0.3609374421162608,6.8677966152682615,0.1086250351966838,18.408081273558118,55.55048619926059,1.0008636304545921,3.2342494087010145,0.6234415968054692,10.297166997990542,6
7.311647998177143,0.5957185510138386,0.30929222332488865,2.288428821418723,0.08182187844244419,8.801987344557789,95.28356407809288,0.9984932886048327,3.5423777606265476,0.38440800727368907,10.111981193319746,5
10.821947019697985,0.22074495348756376,0.3576022845105967,3.158707617464459,0.0784872463369201,22.967920239922435,91.69781023561231,1.0005695250105537,3.2475432953117482,0.5483567280794138,9.294816912100565,5
11.545392522570697,0.37036372134384704,0.49268938729185296,2.8895690622402648,0.04551490898484839,6.361456310874863,10.69700726622154,0.9975486132588653,3.1482267004638906,0.6680505742693245,9.115834331626022,6
8.424569521945974,0.372244156293017,0.4739349904075943,1.7276032818536622,0.025111957681112074,8.431705776714995,22.571804033838326,0.9936508832378503,3.430510342847646,0.7341462753524137,11.780245274775117,6
7.473405156756479,0.44635574218357965,0.2620995406268205,2.509100184047234,0.02218634707055146,20.751758820526682,140.82529136902633,0.9970514724793522,3.438082824669878,0.697420943097995,10.619512256823075,5
6.328980905734495,0.7002321916218066,0.078989280952181,2.296643465899358,0.04076541769362949,16.277188480586826,20.14447862177095,0.9943619378495406,3.495830521838418,0.648200487743329,9.69350308599903,6
15.237322009441671,0.4268026641584419,0.4271557761527851,3.149065089686659,0.10963445770829378,4.94320687476597,24.438168347426732,1.00350680150476,2.8873371245839397,0.7029146630396196,8.883579231805012,5
8.492811394631394,0.4575431307843999,0.18929425409026693,1.913741442597524,0.022632714211946015,9.179510536844427,6.948541782920165,0.9973783575293959,3.240528306478393,0.7897779119050186,9.133304497365708,5
7.779275182045815,0.7858285522787682,0.01931770471656324,1.3204065428137384,0.12552789555738253,20.377920988445688,53.740239934197035,0.9981289540913936,3.3709167473418815,0.6064426196130009,12.269532359745272,6
5.936113234798093,0.27646476513501556,0.08341167682573539,1.6733887643291785,0.1043151702769909,23.683796328934353,42.75839005506353,0.9957438939647248,3.445264114115034,0.43046664450154987,9.600517962124503,4
11.832707201704112,0.3370233814598554,0.47053894739191937,1.4630948714661485,0.11840665819917086,11.362817318656758,17.56985401845617,0.999074538808628,3.15587335179904,0.7508985281249084,11.345290349745726,5
9.023542161053049,0.48903805712330173,0.49380708867867856,1.8049534301399537,0.05708395635947976,1.3852714384970395,25.874472661909454,0.9976816782267517,3.2721653846628875,0.8494203223716016,12.117358953837073,7
7.87611469984684,0.321471399661725,0.3346935679367314,1.7347270444616172,0.10433253509711232,32.94752667666068,141.1968503450275,0.9969035356228682,3.38663479793293,0.8183269236607851,9.68308100739748,5
9.547239095583649,0.4864903312937213,0.4057174154142513,1.229613067380297,0.0944934661507772,7.903707644978014,82.94952935906286,0.9973758728330168,3.423501636714731,0.4025016780760037,9.494117564493202,5
8.14882687495238,0.29427961773256917,0.18759187693679796,1.588745290093652,0.5861199704384339,39.886777349082436,57.84762930998847,0.9968512371941803,3.2388792628393084,0.45743950647627596,9.797484272692829,6
7.690111550167352,0.6418788010724099,0.1332606770716307,2.529965698459229,0.02374484365734239,16.408267482590418,12.436176032262967,0.9949081059004979,3.6740304219575957,0.5701791542659,10.973666666640163,6
6.012069463180882,0.846403548823206,0.044192628551416174,1.43089869151107,0.09543797884911703,5.379069815396649,29.0330161140058,0.9962843252923989,3.652252929275875,0.4760162755683374,10.494712191971745,5
12.51399460547001,0.40730614931484466,0.5027709838132727,3.0901007440646664,0.07398973987294027,6.045980515350865,58.060729912316965,0.9994983026559923,2.979026681065918,1.0872121170668185,13.211680145365982,5
7.472493543954636,0.4821705851692745,0.35332374970900665,2.1174884233981506,0.06601758886548809,35.51657919672441,49.51117672291263,0.9979961761468447,3.3738623280787117,0.8371757796752005,12.730920104046467,7
5.7586834232198525,1.1274995475870133,0.139491118063334,2.0619464132419654,0.08484320127574826,40.76089918453298,54.36235307525595,0.9946536654646644,3.3880464787912565,0.42958682290533745,10.655830730771088,6
8.37088033414023,0.6147684752255119,0.08479722006033887,2.3611428727050114,0.04684091185601845,26.99557937869087,59.09088330899181,0.9964611128596018,3.290341939520938,0.37832109863923213,9.84154204274154,5
7.831824175197715,0.7838808986293698,0.1610266666617713,1.7428957463513597,0.09178006828768592,13.627637737798857,57.8644101658191,0.9956272099817257,3.5469263889453226,0.48203918495030496,9.28789137323109,5
6.072253537241936,0.6159136385727232,0.053874157067218105,1.6865870351901247,0.10704256757256306,10.528771330010368,30.726425006452487,0.9931829285119023,3.435546237846455,0.5603728874757556,12.857655416295568,6
9.925657073808887,0.28050237302412506,0.33910859850249386,1.679737066494952,0.04998667222671119,36.35860385012129,123.10183666301309,0.9980927645852932,3.1474868151884796,0.6226955295177989,9.508433515896808,5
6.016564280096197,0.5583253202064379,0.045292733984935836,3.483600361433137,0.0194984794483544,14.967079040184869,117.32153551418517,0.9948494509603328,3.4329953582729975,0.3867446056174378,11.46403758143047,5
10.326468649334359,0.12109344585377506,0.43517439857221657,1.5902383431872766,0.1145838526491041,23.49805572831815,70.46231525335998,0.997342695808847,3.1039957678023,0.9592622593734782,9.182434256521155,5
6.917207957092543,0.7441115749210817,0.06934909900645368,3.6086870711663384,0.036117029583209295,6.820992286316742,15.90907043469245,0.9949989614267436,3.2213752279744767,0.46110556014490334,10.870870303912058,5
13.83731978289589,1.1139358482268427,0.6519440370359593,3.10529391528407,0.11321213562794548,6.278668612255362,18.018072105590015,1.0006500544956838,3.0637286292111496,0.6316638315778448,10.449224573264914,7
8.388419902632217,0.33143360992207016,0.32450011517026267,1.7005273262442782,0.05326438255272707,28.961251453478184,48.39023567068338,0.9994620930135456,3.4027080631064424,0.4307291500119078,9.802853848678303,6
6.9544630295290695,0.33379232476982723,0.1639184875919589,1.3090238935522576,0.07095848112983345,44.51669981303629,109.07677170774167,0.996547536940695,3.321085118047366,0.9084156843666822,9.430718227528542,5
7.424076395517678,0.592905969371998,0.2226198716347245,1.2780137306021,0.10724365713262038,40.82423313144318,66.86963245948384,0.9958633481030659,3.351738479782862,0.8059106078561683,9.532957228610314,5
8.307085680729166,0.6748021010468794,0.2671060071372245,2.429248213890094,0.0956032454613967,33.06143395519592,84.92964671859704,0.9959501211789962,2.914859740269852,0.4548982655641154,9.885678639087594,5
7.535208911417785,0.390377454770666,0.3279662680365397,1.9433942270691427,0.09888278585050324,14.975109876044167,38.56522062552939,0.9967748637995965,3.220717038564868,0.8299489388524016,10.631734816290011,6
8.220940286809226,0.38767183788731646,0.1310858154632508,1.5232407461432345,0.03194545649742593,1.0042702488548128,38.17501318956018,0.9976693731877838,3.2495925827308243,0.43169628488815914,9.112687879924069,5
5.784183684681015,0.5591125165975671,0.0906282923614326,1.406132697138761,0.10802721486138274,20.902311614795803,90.85786560833765,0.9963163098828103,3.4040764559290353,0.766806440456356,10.233806063360674,5
7.791693204673402,0.5530902576524668,0.00024249810393200434,1.516471288079254,0.09414353029400371,3.6427547942584724,16.159298444996605,0.9968273787004706,3.542478605962385,0.4180104030087035,9.709448891602172,6
9.670586549885883,0.6228529359080026,0.20314202547290258,2.2569688601977402,0.08860168561136614,16.866844298881183,73.24023589882226,0.99573945095172,3.2751637212723823,0.3845900741931629,9.428921023852814,6
5.350899951186604,0.32298635747656146,0.2970016626308137,2.1346844657085557,0.03396725557934057,2.802734659625071,15.509128482634942,0.9916522568837172,3.497823757063166,0.7177859340757249,13.984700821101788,7
8.586807991250426,0.8330058998981096,0.26317278884578754,2.2767867423446106,0.09206507397841726,10.893210583848179,93.65102998758888,0.9957509407977267,3.26392787041992,0.4004100977461883,9.965904543413808,5
7.205398809377675,0.699255918197044,0.17008411446501157,1.746761536310756,0.04165477383879472,3.5165329228098345,33.61128775370683,0.9960829838058384,3.212522328247516,0.6019105728716327,10.373791675918493,5
8.43836947536265,0.5510457445157905,0.34330761203875754,1.375553798025056,0.07457644843885712,29.86168753765779,66.2951557611369,0.9970202571165576,3.3955912372244414,0.557318484107728,9.601656797115522,5
8.826877816756497,0.4590253573728563,0.30549595221048864,2.5886433837974847,0.08970186446236177,8.197887992277028,59.104613075174655,0.996881120377555,3.3346177507442203,0.6427495371521057,11.649621549454224,6
11.282462702136417,0.32036762388559437,0.4585050089395962,3.5150389313633106,0.12360274004014393,7.142455291589663,28.920550430686532,0.999754005633021,3.251952935789018,0.6122617312102229,10.696547369883636,6
11.607829641973186,0.6682062942292809,0.6406936622736542,2.5715539042087325,0.41832762110086535,6.019733019630596,18.863475291806175,0.9976532219380251,3.110103467118734,0.6524056253621158,10.14222423049814,6
6.046698635210694,0.17128886927821185,0.28278881823627045,1.3041935319040883,0.09015951409584537,22.372294894738005,92.80063883522854,0.9968270193471424,3.366184469495382,0.6695108434152726,9.271009740274847,5
7.041302267331145,0.31462751971442876,0.14236891584687755,2.0766085911216288,0.08179436241534589,41.02491238091905,133.94533380147774,0.9952453767152902,3.0980236265916425,0.7456409604108438,9.845219711537643,5
8.351716674291751,0.37236644125234514,0.2893669324660748,1.5798598386706777,0.032449893362852464,13.115440814413237,31.229275958929904,0.9942324391080832,3.291009893230917,0.39353105137252187,11.282972708902657,8
10.56439763542079,0.5158906706105748,0.5738294180170106,1.7320863792832188,0.10645838473141678,15.574358885501347,57.79479850615097,0.9973667985533192,3.107943111414204,0.6294938203108701,9.441086305291266,6
8.101545241272708,0.7636137935718499,0.03794775306967977,1.7893339078596857,0.1117471044451866,21.32710855332906,42.875652799725515,0.9955765109624595,3.255041344960741,0.757318675411842,11.763958470914455,7
6.514354428912606,1.1141709039513736,0.07362646255326531,1.3026578427074,0.07449708029418152,9.458749407962934,29.99872726055805,0.9963168932265195,3.3348411897705823,0.6147886921819797,10.608768367860957,5
8.160639323904201,0.5859542837723279,0.2858816786296577,1.6160636463836378,0.32272181821196916,29.89726713557561,93.34623554904606,0.995971394879119,3.28319713627253,0.7964121281176926,11.473112140328405,5
6.492137673257748,0.6657196246096243,0.03463842913691758,1.5698255603186007,0.05973060678205827,14.64954326447955,8.652567638843646,0.9939221822596325,3.3852793111297936,1.1244419951862827,12.917132795065536,7
8.240638240992672,0.5324823865625836,0.35632318325840173,3.659925329407004,0.12684779887471506,4.195976963154041,18.87661049127526,0.9977159719838363,3.4217189232636547,0.5696834309127428,9.415102666506575,5
6.5809577961457855,0.42077549540201614,0.04487261646973586,2.1302173810640603,0.10833978048945594,21.3048834347263,99.1956716453217,0.996450242208082,3.3957814632195213,0.6866610173392513,10.316629836090211,5
7.06126919617833,0.6966679259177493,0.2502728060459482,1.5183635647775056,0.10361897378675469,23.858207588044756,60.39622907325026,0.9957360603868466,3.3230786645947865,0.46776910039464037,12.29194944733948,6
7.899408039285059,0.43713137799228285,0.060770243195164025,2.023550404569132,0.34797152584212915,4.362718383878272,16.892079444958394,0.9967736258154368,3.5325944726127436,0.6435785851203074,10.621793249450157,5
9.704018689577973,0.2778181682788353,0.5638085081169603,1.341899164884387,0.06816043404240626,2.973480973812385,86.59258190951024,0.9963932419803203,2.8730187128251368,0.7978023723284945,9.882735972216347,6
6.8292074065815855,0.7730977800342969,0.5388696751889939,2.3836003064444977,0.10725896503585203,30.356012316939793,83.41276412196102,0.9961148416891266,3.494562391312916,0.6750004235854342,9.494982640519186,5
7.385599155937404,0.42005941256027624,0.07615238886135772,2.085831158208159,0.08360174100576992,8.32521451505713,26.80923794585563,0.9963797403842913,3.2171541522288916,0.5670351343900877,10.744365910079866,6
4.933575964016302,0.12757062208609657,0.30653880045860615,1.9046014884184332,0.0689471020424004,14.541203113078433,49.54791666443491,0.991487030881651,3.73038339527475,0.6279341127420537,11.7518419644867,4
12.447531437206608,0.3078367923609326,0.5137113778029334,1.5850532042474716,0.08769946017757616,1.2547348890753227,8.587157595034776,0.9979192842494501,3.3047782806581227,0.6507234883261476,10.779941827200492,7
10.122832568124325,0.5290533132777193,0.08920187176689454,1.4824172393918094,0.060565182388953503,5.508560960229669,23.52691292093368,0.9971567844948486,3.173771609982568,0.6014199292511033,10.241862893573135,5
7.487051259484153,0.6267366914166971,0.10301504692465241,2.353514278880401,0.12015401954421753,17.34969575584019,97.42260550405905,0.9968023895471326,3.3413760178882153,0.4263602043560654,12.76218476196581,7
10.499585614161797,0.3657614870612922,0.5231161721360841,1.3115099723444514,0.11655496217668146,25.471854734658095,125.13050886751113,0.9978846935883703,3.2629379840017254,0.7330906631172254,11.143941229023755,5
6.980119982604267,0.322271341523411,0.4602547815343962,1.9850834598616598,0.03094437247745864,1.3933943500811974,14.907165665231728,0.9941913764734834,3.274736160828115,0.7043910663733552,12.010744455519143,7
7.4243151806524255,0.5081068814100518,0.2000813676216754,2.6332974769197315,0.019383909291519574,25.26239538895096,105.25807144896358,0.9981652647443708,3.317943741852951,0.6050779674423943,9.182511349745441,5
7.20174672707739,0.7163414318893996,0.0602245215669621,1.7302926925198712,0.036924728358268565,35.70055320168066,175.13261703423385,0.9952118412486798,3.173773940712966,0.7485941702201929,9.833086853749238,5
8.278534977464025,0.6884059978304015,0.08542472933767865,5.079231279334685,0.13024837141608722,13.359666102048951,27.627000531739174,0.9979977798620719,3.235329567288418,0.44744306233292885,9.158637545541632,5
6.6979051995204575,0.8096556286511459,0.03774430119772376,1.7046546950705657,0.03716134004978139,21.62151551225338,43.72960103197096,0.9973273731912193,3.162896475977883,0.38516223747235045,11.01146862433042,7
6.137223617506778,0.32861361188853455,0.18378876163118296,6.298743604112835,0.12318521859612891,5.378771153823804,27.222220415021177,0.9950148710670789,3.47001695884207,0.5854187731224146,10.890462588374135,6
6.204569070855249,0.34900302203458444,0.4658382744810389,3.440518454617012,0.014452845561157073,4.8301551674330945,29.119911791246572,0.9939658729055199,3.37363690396108,0.4422267174948414,10.210107674476097,5
5.8293746496570975,0.4450189672331592,0.010317709707735604,2.3091271226170416,0.022586792011099956,9.424051263432176,39.296907030486814,0.9953332318741245,3.5633484814797196,0.7386963064553788,9.370379884004898,5
8.362434662193325,0.4560104281933153,0.3174107164799421,13.940473748577643,0.012048815921108518,16.765712404067756,91.42950283807271,0.9966294373823716,3.303851205335729,0.5030098898775837,9.576680899081067,5
7.153867350734601,0.5752714855535533,0.11693248053049665,1.9587782549964605,0.0727353193298885,13.320530814111718,21.267330134081114,0.9962876926770635,3.3489996694442925,0.6404363494261245,9.221901409114484,5
11.982642323249367,0.4828609688038832,0.5054217209668979,1.3277936570526165,0.08164447199594672,20.794141821079045,77.55142619502625,1.0008437376935135,3.0577669443594124,1.0064955500961634,10.161048514917928,5
9.381864165042026,0.27626023415272805,0.3772319181152355,2.3802199754962485,0.07362036685175416,3.805352056875285,10.641695664719897,0.995789545750714,3.285782012864714,0.6090422504479537,11.211262739604056,6
7.924095626867565,0.3413226466284346,0.4440284099206703,1.9410082312045576,0.10167473849646824,13.123541994336058,10.753728167843004,0.9972195840966639,3.4166948552844203,0.5298648873391849,10.320399999650736,6
6.5098027691221665,0.4007169469690758,0.15842208474872158,2.4969249073987587,0.09325202768887958,47.85430358626144,80.83574710109396,0.9948137739476591,3.553111502176526,0.5695421783793677,10.977076695293981,5
7.015643776368081,0.6163115394746224,0.04910060403182594,2.5808887758603296,0.03482471391413436,1.8588719892523993,24.35225791913537,0.9970584022442975,3.3207483191378357,0.4862916800045062,11.09428098904416,6
9.103519310414189,0.6352343821510874,0.1881894595607842,1.8649738887271141,0.07647096201112594,2.3549340645704864,29.844948420031663,0.9963868745694547,3.369275264782485,0.5552152587467164,11.40546532747555,7
7.620980525075896,0.5568145361557048,0.3053395557533446,4.987975218660138,0.029878525791826534,16.654533633424073,60.48054978732413,0.9984997007981817,3.215010414862457,0.5578752547508047,10.290076201023235,7
7.765451985313846,0.29684223005621424,0.46534049956017576,2.539121905419375,0.1026513572977599,15.825211849139416,40.934846916604045,0.9929365823637243,3.017273429478728,0.5223965993333365,11.695056344793029,6
12.002469695648632,0.3037435155722362,0.4776402407275895,2.8977715108306317,0.12341416141002946,19.21790362400514,60.70820233782975,0.9997355213996453,3.06647813822942,0.7045311380551418,11.648243977426489,7
7.574318238919439,0.8355704838945723,0.024339519140861497,1.274061183936441,0.03171635734828175,26.923787527615886,39.34202273779134,0.9966943506360665,3.1063810668954273,0.505311127654158,10.173197070125799,6
7.732369783211853,0.5646122719935309,0.005243318170320211,2.3718164381123588,0.08514582731243685,10.248753579349533,35.98866620035274,0.9956000232990981,3.3817534345283655,0.635787432115814,9.12850344065939,6
7.697228563647817,0.3548366617951238,0.29605676342862963,1.7432543006434642,0.11921146925227644,3.0972645137938657,18.544187319355686,0.9973238787907582,3.5424428665805747,0.6298089203979411,10.258479459905011,6
5.756782064313975,0.599180959544247,0.05264303575234256,6.078773778870602,0.13147771597495955,3.108679274846499,23.87307028279952,0.9980679226843967,3.4087310200027723,0.8490985236131388,11.600996813776103,5
8.97306373457221,1.0901586102630714,0.4129120494088713,3.552929510881025,0.11540499059625031,12.009868184487857,30.456488809412544,0.9971980767438443,3.334860432181595,1.010051482468287,9.606171026619021,5
7.214528071113849,0.48729216540798115,0.23841720535796398,2.007636404648256,0.09189409129519176,34.98735135869842,48.72195430425913,0.995642882946089,3.4125669938926,1.03877628624274,10.448970298576139,5
12.155259106043525,0.36533177519993976,0.627319469524374,3.7875633484237574,0.10646614833180915,14.86084006419338,115.67942152443422,0.998889371342081,3.0469434350404834,0.5662650343691491,9.161023700493773,6
8.94392234428861,0.5082092583786267,0.30874940945450546,2.576718932066732,0.13555486029780767,33.86243888814821,144.34855607776083,0.9972559430237619,3.361648862186533,0.8300668012812993,9.433882963921283,5
9.396490519956934,0.4093728439166192,0.338730595656912,1.5241078105925323,0.08022771452359176,6.903394286965317,17.36837671714725,0.9992983871827026,3.483571174424403,0.5673571377757125,9.061044382529534,6
7.278654821053209,0.6841628674841562,0.0744945357977012,1.5690938184616967,0.08806917551974325,8.140348671851514,62.32336756607289,0.9952000937926471,3.2489502623761246,0.9256169633086254,10.198674807738811,5
7.791666453673533,0.4368940740684841,0.37042098909161264,1.3063821480364202,0.12858903902119279,5.502992511989946,17.21955089631546,0.9961195941995529,3.360245212229466,0.7889696381436921,9.795795516045441,6
7.98650931201785,0.47236056409906224,0.28437630710965184,2.362807292532991,0.07020698138176497,20.848358313702875,98.08419506995554,0.9967075315869037,3.1084456495004003,0.6876464906923834,9.492365674376726,5
7.07067332933748,0.45771081541878444,0.25268246064133143,2.43702077969591,0.04270032800952099,19.02774995283899,47.01217120520819,0.9933451931059291,3.2373647525034905,0.7257287677479898,11.375310980391761,6
6.402975387162322,0.4382746858564464,0.05927342955265745,2.507680504975716,0.04426841876635369,7.843069940496138,22.32822175740632,0.9955266564884169,3.3279407571228545,0.7731936470754567,10.506303435833482,4
12.483396319012266,0.4489740929520451,0.6426854426184586,2.2600797295423307,0.12925800636874687,32.263282563185015,96.18632855292428,0.9990818848802356,3.2181165711779878,0.9328672047200077,11.232444188846534,7
10.290177229565261,0.39070084593488186,0.46898720137124394,2.5600294708799627,0.376836452618854,15.742953230273155,143.29595828540735,0.9971837046285551,3.084837164243545,0.6872279556307702,9.572611583757023,5
14.09956812476162,0.14231828207115765,0.6559604556140983,6.235558551601162,0.11509171791328116,14.803364956010084,64.5542131998277,1.001222248568463,3.0533782719381213,0.6444479382143717,9.27941223836666,5
11.303096786752121,0.2847640755963505,0.41438409548021815,1.7556734639686586,0.05335503158437027,54.56943500371014,166.12091149103782,0.9976891396274336,3.2479661871004653,0.7551425931255451,9.658539274169646,6
9.598594116287684,0.5856904784789915,0.4826797793219978,1.4717639993617988,0.10541100150724389,5.981867107702295,14.44729416176018,0.9970666753914493,3.3015934790463444,0.5352763094788873,10.857490386871584,7
7.725196224306119,0.6710414712683586,0.001612864621130499,1.2488011184234473,0.12031783513626594,13.234331334003773,29.126704324226882,0.9959114989445108,3.4139401891337595,0.6601772519287191,8.628908742980936,6
6.207720500071196,0.6884735399513151,0.12381707507761353,1.6168497111820346,0.058591310352105436,3.050379460102721,13.499524739788146,0.995055896527804,3.400880911141849,0.8166123006899946,13.378916529818001,5
10.829294421706663,0.3477513898627534,0.5514276886882995,1.7632048810660694,0.10972553887801208,18.416876514912477,28.503458436775322,0.9977158931467133,3.186892676252191,0.603049803477637,10.238612659623747,6
8.064512616801153,0.3290968345034513,0.4751380950459244,1.3515653578771802,0.12092273838754955,22.094219565265288,74.73980108107632,0.9979841127597168,3.1424659347993154,0.5949316691938836,10.155862374136511,5
11.59850406998138,0.7433290019793799,0.5643148598700928,1.2097619324949622,0.12280234045885821,18.91929602677618,40.8917233392136,0.9991785762384974,3.203283056563036,0.8251745747438396,10.355751359612933,6
7.071895936121595,0.5409619024042905,0.29565063680757114,2.156270788313411,0.11895525271689242,27.60254877170042,40.379422307979794,0.9979826541144685,3.244742192700865,0.485242108155092,9.411757518010585,5
6.862327039917734,0.16304572052500815,0.27444093786438306,1.2411433735266102,0.11414529244139714,14.27310679606293,21.531378958217296,0.9960133723217776,3.2758453285430966,0.6450744299354265,10.536184584996025,6
7.41623440844842,0.6256809853978879,0.29645656068442755,2.599133965306838,0.09888862811689342,10.637113035791511,6.101383489978966,0.9946740993064648,3.2468257028158902,0.8088572984165556,12.337565904173077,7
4.613263023536257,0.27493195086747546,0.3629134136810057,1.7284936182632262,0.07073466597203083,6.260482752777688,23.76467583709239,0.9934160973460113,3.7165006008085113,0.6846126309490421,11.765599051474931,7
9.742095937642905,0.6783180860849518,0.3334815336426138,1.586268430769321,0.08560597639381834,17.46528327182541,95.83786996102278,0.9965475173949431,3.106438285624936,0.8119978552154143,9.99162139987687,5
6.0640086450552495,0.5585943562811977,0.09571661620386812,1.9733821736734645,0.04900026872577273,27.107088277603616,136.1102745943103,0.9938310943697771,3.3689197662107824,0.6424484591373739,11.88568769060467,5
11.735093493880573,0.26869729188946967,0.6027240676238853,2.8031525578474104,0.0965517852323801,32.55566527103799,63.17946770892407,1.0008043039381889,3.150412778809635,0.9025098907761467,9.29815777864465,6
7.55051338241203,0.6364672273625317,0.140968354185586,2.301624355109463,0.029800387879653757,15.900056771187408,39.00897584861661,0.9966533083362419,3.2405754187302636,0.4680304350779215,10.634564377616629,5
8.741360928688495,0.6675436839737512,0.3124103775945817,2.0366663935068052,0.019114329959010908,1.811532166649152,14.35827852117281,0.9970389327014976,3.490998890856087,0.8401569798293663,9.067801372949557,5
8.791665774974353,0.4368102422260391,0.2352089830145352,2.7633860206611067,0.12330107801123999,24.197618379806336,43.202818441001,0.998116036533317,3.285104769134672,0.5311179795806031,9.176288123654418,5
7.702330921279771,0.3082933202602278,0.4319898746654689,1.8594328374070253,0.06471028393701175,2.3624842424434034,26.810891726818845,0.9982752893097324,3.4159976006176698,0.7797407278207557,9.511615522153498,5
13.080474332081874,0.3961536823411187,0.5136739060542436,6.342028059156178,0.12618505410220904,31.128011313073493,128.97482067302116,1.0010170955343105,3.141545923478342,0.9783172096110045,9.640622300471076,5
6.435912772576087,0.6647683922235301,0.047687553566952035,1.8879960545893621,0.06618856012778769,18.24648382008195,89.887786766444,0.9942324383641428,3.4568558898713966,0.5724908130039164,12.662221286755281,6
9.881826062059956,0.6184489204961989,0.5528726637424427,1.4874669091297996,0.07424820052946582,2.064833686864799,11.639609605458986,0.9994912891966348,3.359441462629135,0.9543977756391309,9.768504680239499,6
7.105788473836464,0.332854933551177,0.3096852404896877,3.223670231438978,0.11264322928635477,3.5320392871881334,12.137653977150315,0.9975410130206578,3.3013821416616156,0.6544231867236279,12.238750656610009,7
7.721250270866598,0.6688578165807576,0.023202268651489878,1.422550202061645,0.047599533329302626,2.09881282014212,33.03716958531094,0.9962303640654975,3.5004308832686517,0.6478230156897408,10.26996314167788,5
8.654340716066748,0.6467654402966039,0.2203531140472152,1.6806537749627144,0.10161957330488414,5.6555740129404475,8.511038178381405,0.9962794928819689,3.096097268802062,1.0064503029579372,10.456182705308267,7
8.553174835117728,0.5401282462062253,0.30216742922256123,1.4641112733370294,0.05590818022506171,5.049679648987262,18.304611897763795,0.9972091230655492,3.1506890042915616,0.8279676353683822,9.701580932880583,6
12.961920492384484,0.4441072599748843,0.49349668859519596,1.4623342130936408,0.044375191072965364,13.505833539905387,100.25732970071579,1.000558645674542,3.119770928120315,0.73993661062201,9.704214778083719,5
9.574423840851674,0.2746587338452922,0.5345093276297557,2.784701683424384,0.12586104056739764,37.10851053108242,79.02727602745998,0.9973456174386479,3.2868138924739734,0.5974534537058925,9.500718247797149,5
7.333020032522553,1.142306225091926,0.0433658204879911,1.3839521119969975,0.05170743426365901,9.016992059203883,6.737635417720816,0.9945828865859574,3.3964853704430085,0.49684355267227864,12.49071141061734,7
6.874604665390488,0.6940453339399921,0.06652397650891782,1.4858158309225482,0.08244879842466164,11.006098837122256,15.00909975382267,0.9956358901460224,3.405697186428485,0.44299713906198834,10.080762628473112,6
8.582305792822067,0.27437502532034946,0.3834626770326323,2.1507753695748253,0.0702620190068576,3.0842618822575116,22.802590445229473,0.9957178801469946,3.429048741413162,0.5574760448261058,9.952583479863149,5
8.606689953804612,0.6556546618846515,0.09252992708434465,2.9307643385326276,0.08708861574285934,28.024922059992637,58.18870837954404,0.9981965979040829,3.2684539913105217,0.4746037899261539,10.175846898626194,7
8.110960236005221,0.5279577322018695,0.38681513795771816,2.1666945493400824,0.10862535361702909,34.18024007377269,77.83531361141233,0.9995756148145009,3.203784237219364,0.6505441478636761,11.147153565058705,5
7.548919237620395,0.6553323871440125,0.011794947215017634,6.920442272791685,0.10260515129437439,1.7296106007945284,9.468347654201478,0.9971684428104663,3.345725976594661,0.5227067715057883,8.678563054685693,5
11.196672030435352,0.2800663360138885,0.48985680874855847,3.8376805024251572,0.10294332999428463,2.7766414654308282,21.463617058251415,1.0005291561149583,3.2196250320558706,0.7743127280633496,11.32858196689544,6
5.580671174719713,0.7240409621303474,0.17726460368173663,2.2562471009612164,0.06518733110249847,8.378264942204812,13.31178284295186,0.9932620273719905,3.9750580080467643,0.7167538846896548,12.467244396499135,7
8.286033018786759,0.27131057673146375,0.4523996313605803,2.04732884568939,0.11273539726796006,6.799790036247452,10.029797177523083,0.997728329631121,3.3283149630561493,0.6643265113919096,9.553658498866726,6
8.16278341000936,0.6257257536826392,0.2167714419355226,2.1165828147519195,0.016924507613653137,5.8386931748248285,16.084200766186818,0.9946429699166022,3.1910859560346223,0.44345255247268023,11.377794008538544,7
7.8611495903854,0.3019177461461739,0.5680497619653788,1.2242242212813006,0.09540723477471598,25.793970949414103,49.173470002011065,0.9953134053578915,3.434972467619239,0.7677802918542284,11.3706511719389,6
8.233081696925023,0.6261661122387053,0.15768412790461503,1.2072910910694539,0.026235537524095742,34.886052816673505,89.37541150982044,0.9968080497750688,3.2108951178117002,0.6500487997940017,9.460953176371827,5
8.626238623974878,0.5193471210551279,0.30705923186683165,1.9720022323625046,0.02060930171767504,24.663699065579074,59.72645405061422,0.995385850664177,3.409594537037046,0.4052399008754107,11.643910507873754,7
7.637790880070332,0.7583574903459765,0.2171044144892772,2.0991611558787167,0.11647250747032578,3.305664454161955,18.89301434649414,0.9975769847465401,3.2400793637322733,0.5777656509815918,9.247030278341247,6
8.189165655619876,0.36304992125826574,0.5108460052980268,7.628906779968566,0.03078904114369327,22.973769430083603,111.5798345162503,0.9974534908800781,3.297618085723241,0.7321011231365581,9.571438321539503,5
8.989837983199793,0.6883062451217083,0.11042005737619431,1.744484051664428,0.09475583016693834,22.752082528077604,53.76093052288675,0.9997597308508575,3.241560290212636,0.5138611073212084,9.541419222455463,6
9.542176739506468,0.32671666962519014,0.4802072856014108,1.858250979509161,0.1035315066483325,6.991442486945882,20.84906412590194,0.9975959747456549,3.240851257568708,0.7935244573979351,11.302301075312373,7
7.504659365520316,0.49104619520432197,0.18765623231144615,1.9853627106031333,0.15587121523907418,25.708462970335827,83.14434269448503,0.9955370547878658,3.337179169607377,0.5790322959696472,10.251480669638013,6
9.070016990495628,0.43000748132488503,0.3529075173761704,1.8840841185937451,0.07316808336199841,21.549044488880558,38.9431361802584,0.9982906411920307,3.37033871496916,0.9317547987744778,8.712127175174077,5
7.777919723009571,0.4598252285396684,0.009930206442611313,1.7057324604782433,0.12068754994245562,11.176314304435795,31.75454943180301,0.9958812556682253,3.325892008106737,0.6906502577757943,9.8687773704455,6
7.906773536656996,0.5568597149232328,0.22347839679613224,1.777769445370706,0.0746508172052282,25.18926259126781,132.11188634275723,0.9962569857057528,3.3685541724225088,0.7021807867775337,10.502372945792882,5
8.256493130921493,0.6412563543751907,0.040885456599492546,2.881977239531157,0.0878019642005775,37.10288793194137,63.80302073398041,0.9980228996040653,3.164176821970194,0.43351783477732503,9.658974794012922,5
7.862619331567176,0.6355532295525868,0.28988258564977437,2.1270614461498267,0.11795961307820932,31.062290313358773,68.47375768472506,0.9970311897919023,3.2259037056064415,0.597210849375899,9.75614696200359,6
7.2661860817077,0.45817048223415124,0.3479554227734979,1.5566103882624405,0.1081413607552385,18.023183167408206,52.95865809533425,0.9975500090692418,3.4170427814942066,0.6775646766292098,9.685921521798095,5
5.7880558999924965,0.6263302608596973,0.1325397856537812,2.4657554287396053,0.013867234375142999,5.01373215976825,19.67497578031536,0.9942935844491848,3.6466658328967765,0.6625413141761198,11.339821458440039,6
9.948012709188257,0.3634839800961427,0.5088332824489278,1.8084873411139109,0.09336037343997314,5.847630908079352,29.914557548519344,0.9974027204303108,3.230179788513015,0.664051171370648,9.351204393683881,3
5.927304070896254,0.43941663761772065,0.08933841731760493,2.2224537787432315,0.025546409415004842,12.030178502044778,46.816811279730665,0.9949837209240114,3.533930941616019,0.516147930487652,12.119639554734496,6
7.729908660186505,0.6806644243679054,0.04343784773446439,4.137667032979548,0.12552222730632398,7.67129514905916,51.500742844406524,0.9981187654441352,3.5095068625449413,0.624660964454516,9.456556442925644,6
11.118441789400762,0.40935411796532284,0.7212054166682751,1.2613664472645483,0.12989989882978414,20.039647201459697,61.48937660214817,0.9996001071296311,3.1864087932653944,0.6393965073226018,12.179137229457258,6
11.000728477236859,0.4220434177035242,0.6284316492163313,2.4215372380170197,0.1274536822760428,20.754686811714052,28.73710952181424,1.0008046061198232,3.058047557003805,0.5422839748755484,11.645664649169888,4
7.16574665822178,0.44811071033184646,0.3189188812657915,1.8191302593773675,0.11272928477210936,5.874079651726801,6.550741458866495,0.9961999071996007,3.3792369119061387,0.6244546723107529,9.089007932652311,5
9.191030564417476,0.20392376049425648,0.32361391497896724,5.843448611203396,0.08970119508443297,2.32173802863032,25.568739213580486,0.9995478451669911,3.2962277100454744,0.6327392697902945,10.767693705548837,7
7.687130167868275,0.7450295936148449,0.03924796532858912,1.906245732738776,0.1176786264634887,15.040710813378043,54.530770115157225,0.9981564816614027,3.3379331242705286,0.43598382462446295,11.763351471981055,6
10.2205664716958,0.5240147293984047,0.3616423683158094,2.09030998850838,0.01401407434407101,1.6360865858787954,29.930733130926832,0.9948704393771183,3.085763674894241,0.7102943271814393,10.784453667824891,6
10.181882914201168,0.512811363165346,0.3645034985202693,2.0342755477497856,0.108420538336742,16.581008274248454,105.54329920210971,0.9951856084819476,3.2426617230538826,0.6242730240569072,10.37797731525919,6
7.13219266274943,0.29750842857177623,0.19133451254770376,1.434195599271891,0.04424364591246442,2.0492781451915305,21.93415683121568,0.9930321522490284,3.3438564088949003,0.5487733475603186,11.883299894411754,5
6.094074739318793,0.8328244832296458,0.008209701453662878,2.13266831805445,0.03187335537776742,46.281432356508326,40.668766589063345,0.9914613806073143,3.3760225168775024,0.5287804523816817,13.5627431107228,7
7.827674482507986,0.4783969615392235,0.29065955460844034,1.7300934650699404,0.12769397243966163,17.149909401872247,37.623892668366246,0.9943500008068555,3.220574679056321,0.6158357212270931,11.63063270535995,5
7.693700840780953,0.45787618937936714,0.03238195992942016,3.123430922037305,0.1238654692705613,19.823811087759985,49.561426993512015,0.9972624324743442,3.253157550937661,0.6519289878368151,9.248480917006592,6
7.15681158107853,0.6471340734046317,0.05913882317632404,1.2279303999803397,0.08314381945726168,19.407551522705166,58.88015356134609,0.9980532864779982,3.216724929524605,0.45489304395726926,9.499864194105719,5
7.256240683366175,0.6332140501126278,0.04297540877900158,3.2333649803221696,0.12814510584166133,11.293999457531807,39.14469515652907,0.9972117591259148,3.2360822644900833,0.5496402428069226,9.350385152403426,5
7.149912140896076,0.6934834946476034,0.12444527049947664,3.0607237365177586,0.1021667722766063,19.864555675929434,66.70265375715533,0.998407074622751,3.419073620300032,0.8222457388379731,9.180373597466009,6
12.09335290145155,0.5136941886205719,0.5054690439622319,1.8563786740516557,0.16971667753340622,26.744660381034986,76.69736454593442,0.9991051693651298,3.012795503615498,0.5328611471555256,10.561192274719069,6
8.305401552862273,0.6117786084509071,0.6640761542684577,2.53247568884096,0.09191950974607589,19.574522320714344,92.04417207832901,0.9952933807082518,3.3868471306297976,0.6468287400345468,12.176029254615074,5
8.292409304271446,0.5660705205001837,0.19837322137809343,1.976978740701618,0.05096377827995721,26.55629195799148,125.17707135694818,0.9974107647040525,3.337387098702978,0.6296291344585493,9.59386998593102,5
6.322729674376863,0.7052978243611165,0.06565658693827615,2.418360746304867,0.07093803023449485,20.058908328104998,56.56535209707687,0.9930449737303024,3.3260815039432363,0.42929309388415837,11.840318635092839,6
7.387690037370435,0.5847718804360771,0.029994439343676276,2.408215756213714,0.01649998386636183,40.744906076416385,104.1972016001636,0.9971647202004057,3.278509450831576,0.49957552528760957,9.53320114061487,5
11.550130966609323,0.5346001073052769,0.5397567040232242,1.484015790972732,0.08365001539461119,14.411614499853282,69.43815539439976,0.9991066181964035,3.1732055995241883,0.5871194624421143,9.797015832575235,6
12.66248732267542,0.6294282068047161,0.5102321103542744,5.9291412593407475,0.09633569408071037,12.806484320169236,47.20379582316816,1.0012168871547429,3.1118449873645417,1.1200498016323643,9.527869201852095,6
7.829890174455576,0.4865366832500969,0.3256475758987964,1.820971821434282,0.0768352766304205,8.691245212971786,54.61738191553313,0.9952938839117751,3.3603063851737804,0.7348863880852204,10.47999470449804,5
